Language,StringOrStream,TestDataName,Repetitions,RepetitionIndex,SerializerName,SerializerVersion,TimeSer,TimeDeser,Size,TimeSerAndDeser,OpPerSecSer,OpPerSecDeser,OpPerSecSerAndDeser,MemoryPeakBytes,FidelityScore,DataTypeInstanceCount,TypeConfigHash,StreamMode,RunOrder,SchedulePosition
c,bytes,document,100,0,yyjson,0.10.0,12078,8743,460,20821,82795.164762,114377.216059,48028.432832,0,1.0,1,c4a54cdecc67,,0,0
c,bytes,document,100,0,parson,1.5.3,27944,13472,460,41416,35785.857429,74228.028504,24145.257871,0,1.0,1,c4a54cdecc67,,1,1
c,bytes,document,100,0,jansson,2.14,14019,12823,460,26842,71331.764035,77984.870935,37255.048059,0,1.0,1,c4a54cdecc67,,2,2
c,bytes,document,100,0,json-c,0.15,27720,26510,460,54230,36075.036075,37721.614485,18439.977872,0,1.0,1,c4a54cdecc67,,3,3
c,bytes,document,100,0,flatcc,0.6.1,21987,637,236,22624,45481.420840,1569858.712716,44200.848656,0,1.0,1,c4a54cdecc67,,4,4
c,bytes,document,100,0,ubj,1.0-min,817,617,244,1434,1223990.208078,1620745.542950,697350.069735,0,1.0,1,c4a54cdecc67,,5,5
c,bytes,document,100,0,mpack,1.1,2244,5520,335,7764,445632.798574,181159.420290,128799.587841,0,1.0,1,c4a54cdecc67,,6,6
c,bytes,document,100,0,avro-c,1.11.3,5172,1804,210,6976,193348.801237,554323.725055,143348.623853,0,1.0,1,c4a54cdecc67,,7,7
c,bytes,document,100,0,protobuf-c,1.5.0,1266,1123,166,2389,789889.415482,890471.950134,418585.182085,0,1.0,1,c4a54cdecc67,,8,8
c,bytes,document,100,0,cJSON,1.7.18,10955,8370,460,19325,91282.519398,119474.313023,51746.442432,0,1.0,1,c4a54cdecc67,,9,9
c,bytes,document,100,0,nanopb,0.4.9,1241,1313,166,2554,805801.772764,761614.623001,391542.678152,0,1.0,1,c4a54cdecc67,,10,10
c,bytes,document,100,0,libbson,1.27.5,14905,6474,577,21379,67091.580007,154464.009886,46774.872538,0,1.0,1,c4a54cdecc67,,11,11
c,bytes,document,100,0,zcbor,0.9,3064,13389,354,16453,326370.757180,74688.176862,60779.189206,0,1.0,1,c4a54cdecc67,,12,12
c,bytes,document,100,0,msgpack-c,6.0.1,1597,4598,335,6195,626174.076393,217485.863419,161420.500404,0,1.0,1,c4a54cdecc67,,13,13
c,bytes,document,100,0,protobuf-wire,wire-v2,1098,1195,166,2293,910746.812386,836820.083682,436109.899695,0,1.0,1,c4a54cdecc67,,14,14
c,bytes,document,100,0,custom-binary,v2-1.0,415,478,207,893,2409638.554217,2092050.209205,1119820.828667,0,1.0,1,c4a54cdecc67,,15,15
c,bytes,document,100,0,qcbor,1.5.1,4528,8806,343,13334,220848.056537,113558.937088,74996.250187,0,1.0,1,c4a54cdecc67,,16,16
c,bytes,document,100,0,tinycbor,0.6.0,1771,7778,343,9549,564652.738566,128567.755207,104723.007645,0,1.0,1,c4a54cdecc67,,17,17
c,bytes,document,100,0,cbor-encode,0.11.0,10910,8199,457,19109,91659.028414,121966.093426,52331.362185,0,1.0,1,c4a54cdecc67,,18,18
c,bytes,document,100,1,json-c,0.15,9821,14925,460,24746,101822.624987,67001.675042,40410.571405,0,1.0,1,c4a54cdecc67,,19,0
c,bytes,document,100,1,parson,1.5.3,21254,9586,460,30840,47049.967065,104318.798247,32425.421530,0,1.0,1,c4a54cdecc67,,20,1
c,bytes,document,100,1,tinycbor,0.6.0,1218,8241,343,9459,821018.062397,121344.497027,105719.420658,0,1.0,1,c4a54cdecc67,,21,2
c,bytes,document,100,1,protobuf-wire,wire-v2,506,631,166,1137,1976284.584980,1584786.053883,879507.475814,0,1.0,1,c4a54cdecc67,,22,3
c,bytes,document,100,1,flatcc,0.6.1,1040,298,236,1338,961538.461538,3355704.697987,747384.155456,0,1.0,1,c4a54cdecc67,,23,4
c,bytes,document,100,1,ubj,1.0-min,279,389,244,668,3584229.390681,2570694.087404,1497005.988024,0,1.0,1,c4a54cdecc67,,24,5
c,bytes,document,100,1,libbson,1.27.5,5092,4169,577,9261,196386.488610,239865.675222,107979.699816,0,1.0,1,c4a54cdecc67,,25,6
c,bytes,document,100,1,qcbor,1.5.1,3384,8022,343,11406,295508.274232,124657.192720,87673.154480,0,1.0,1,c4a54cdecc67,,26,7
c,bytes,document,100,1,avro-c,1.11.3,1110,985,210,2095,900900.900901,1015228.426396,477326.968974,0,1.0,1,c4a54cdecc67,,27,8
c,bytes,document,100,1,msgpack-c,6.0.1,1285,5624,335,6909,778210.116732,177809.388336,144738.746562,0,1.0,1,c4a54cdecc67,,28,9
c,bytes,document,100,1,cbor-encode,0.11.0,14189,8389,457,22578,70477.130171,119203.719156,44290.902649,0,1.0,1,c4a54cdecc67,,29,10
c,bytes,document,100,1,cJSON,1.7.18,7727,6684,460,14411,129416.332341,149611.011370,69391.437097,0,1.0,1,c4a54cdecc67,,30,11
c,bytes,document,100,1,jansson,2.14,12867,13379,460,26246,77718.193829,74744.001794,38101.043969,0,1.0,1,c4a54cdecc67,,31,12
c,bytes,document,100,1,yyjson,0.10.0,6386,2982,460,9368,156592.546195,335345.405768,106746.370623,0,1.0,1,c4a54cdecc67,,32,13
c,bytes,document,100,1,zcbor,0.9,2128,10966,354,13094,469924.812030,91190.953857,76370.856881,0,1.0,1,c4a54cdecc67,,33,14
c,bytes,document,100,1,protobuf-c,1.5.0,593,767,166,1360,1686340.640809,1303780.964798,735294.117647,0,1.0,1,c4a54cdecc67,,34,15
c,bytes,document,100,1,nanopb,0.4.9,624,719,166,1343,1602564.102564,1390820.584145,744601.638124,0,1.0,1,c4a54cdecc67,,35,16
c,bytes,document,100,1,mpack,1.1,1036,2484,335,3520,965250.965251,402576.489533,284090.909091,0,1.0,1,c4a54cdecc67,,36,17
c,bytes,document,100,1,custom-binary,v2-1.0,166,296,207,462,6024096.385542,3378378.378378,2164502.164502,0,1.0,1,c4a54cdecc67,,37,18
c,bytes,document,100,2,mpack,1.1,653,1449,335,2102,1531393.568147,690131.124914,475737.392959,0,1.0,1,c4a54cdecc67,,38,0
c,bytes,document,100,2,custom-binary,v2-1.0,119,247,207,366,8403361.344538,4048582.995951,2732240.437158,0,1.0,1,c4a54cdecc67,,39,1
c,bytes,document,100,2,avro-c,1.11.3,1138,904,210,2042,878734.622144,1106194.690265,489715.964740,0,1.0,1,c4a54cdecc67,,40,2
c,bytes,document,100,2,nanopb,0.4.9,453,516,166,969,2207505.518764,1937984.496124,1031991.744066,0,1.0,1,c4a54cdecc67,,41,3
c,bytes,document,100,2,protobuf-wire,wire-v2,517,657,166,1174,1934235.976789,1522070.015221,851788.756388,0,1.0,1,c4a54cdecc67,,42,4
c,bytes,document,100,2,protobuf-c,1.5.0,447,569,166,1016,2237136.465324,1757469.244288,984251.968504,0,1.0,1,c4a54cdecc67,,43,5
c,bytes,document,100,2,json-c,0.15,12392,14381,460,26773,80697.224015,69536.193589,37351.062638,0,1.0,1,c4a54cdecc67,,44,6
c,bytes,document,100,2,yyjson,0.10.0,3811,2303,460,6114,262398.320651,434216.239687,163559.044815,0,1.0,1,c4a54cdecc67,,45,7
c,bytes,document,100,2,zcbor,0.9,1764,10496,354,12260,566893.424036,95274.390244,81566.068515,0,1.0,1,c4a54cdecc67,,46,8
c,bytes,document,100,2,qcbor,1.5.1,3714,8350,343,12064,269251.480883,119760.479042,82891.246684,0,1.0,1,c4a54cdecc67,,47,9
c,bytes,document,100,2,tinycbor,0.6.0,1374,8006,343,9380,727802.037846,124906.320260,106609.808102,0,1.0,1,c4a54cdecc67,,48,10
c,bytes,document,100,2,libbson,1.27.5,5309,4429,577,9738,188359.389716,225784.601490,102690.490861,0,1.0,1,c4a54cdecc67,,49,11
c,bytes,document,100,2,msgpack-c,6.0.1,1462,4689,335,6151,683994.528044,213265.088505,162575.191026,0,1.0,1,c4a54cdecc67,,50,12
c,bytes,document,100,2,cJSON,1.7.18,45481,8671,460,54152,21987.203448,115326.951909,18466.538632,0,1.0,1,c4a54cdecc67,,51,13
c,bytes,document,100,2,ubj,1.0-min,938,473,244,1411,1066098.081023,2114164.904863,708717.221828,0,1.0,1,c4a54cdecc67,,52,14
c,bytes,document,100,2,flatcc,0.6.1,2951,293,236,3244,338868.180278,3412969.283276,308261.405672,0,1.0,1,c4a54cdecc67,,53,15
c,bytes,document,100,2,jansson,2.14,13892,12456,460,26348,71983.875612,80282.594733,37953.544861,0,1.0,1,c4a54cdecc67,,54,16
c,bytes,document,100,2,cbor-encode,0.11.0,8471,7647,457,16118,118049.817023,130770.236694,62042.437027,0,1.0,1,c4a54cdecc67,,55,17
c,bytes,document,100,2,parson,1.5.3,18650,9259,460,27909,53619.302949,108003.024085,35830.735605,0,1.0,1,c4a54cdecc67,,56,18
c,bytes,document,100,3,protobuf-wire,wire-v2,1150,1189,166,2339,869565.217391,841042.893188,427533.133818,0,1.0,1,c4a54cdecc67,,57,0
c,bytes,document,100,3,mpack,1.1,1573,5833,335,7406,635727.908455,171438.367907,135025.654874,0,1.0,1,c4a54cdecc67,,58,1
c,bytes,document,100,3,qcbor,1.5.1,3949,6366,343,10315,253228.665485,157084.511467,96946.194862,0,1.0,1,c4a54cdecc67,,59,2
c,bytes,document,100,3,jansson,2.14,11038,10101,460,21139,90596.122486,99000.099000,47305.927433,0,1.0,1,c4a54cdecc67,,60,3
c,bytes,document,100,3,parson,1.5.3,16357,6346,460,22703,61135.905117,157579.577687,44047.042241,0,1.0,1,c4a54cdecc67,,61,4
c,bytes,document,100,3,protobuf-c,1.5.0,1214,1229,166,2443,823723.228995,813669.650122,409332.787556,0,1.0,1,c4a54cdecc67,,62,5
c,bytes,document,100,3,yyjson,0.10.0,7900,4718,460,12618,126582.278481,211954.217889,79251.862419,0,1.0,1,c4a54cdecc67,,63,6
c,bytes,document,100,3,cbor-encode,0.11.0,7445,5967,457,13412,134318.334453,167588.402883,74560.095437,0,1.0,1,c4a54cdecc67,,64,7
c,bytes,document,100,3,tinycbor,0.6.0,1852,5678,343,7530,539956.803456,176118.351532,132802.124834,0,1.0,1,c4a54cdecc67,,65,8
c,bytes,document,100,3,ubj,1.0-min,311,234,244,545,3215434.083601,4273504.273504,1834862.385321,0,1.0,1,c4a54cdecc67,,66,9
c,bytes,document,100,3,msgpack-c,6.0.1,1326,6501,335,7827,754147.812971,153822.488848,127762.872109,0,1.0,1,c4a54cdecc67,,67,10
c,bytes,document,100,3,json-c,0.15,15399,14936,460,30335,64939.281772,66952.329941,32965.221691,0,1.0,1,c4a54cdecc67,,68,11
c,bytes,document,100,3,libbson,1.27.5,6383,4814,577,11197,156666.144446,207727.461570,89309.636510,0,1.0,1,c4a54cdecc67,,69,12
c,bytes,document,100,3,cJSON,1.7.18,7259,5677,460,12936,137760.022042,176149.374670,77303.648732,0,1.0,1,c4a54cdecc67,,70,13
c,bytes,document,100,3,avro-c,1.11.3,3717,1912,210,5629,269034.167339,523012.552301,177651.447859,0,1.0,1,c4a54cdecc67,,71,14
c,bytes,document,100,3,nanopb,0.4.9,1312,1194,166,2506,762195.121951,837520.938023,399042.298484,0,1.0,1,c4a54cdecc67,,72,15
c,bytes,document,100,3,zcbor,0.9,2640,7999,354,10639,378787.878788,125015.626953,93993.796409,0,1.0,1,c4a54cdecc67,,73,16
c,bytes,document,100,3,flatcc,0.6.1,992,205,236,1197,1008064.516129,4878048.780488,835421.888053,0,1.0,1,c4a54cdecc67,,74,17
c,bytes,document,100,3,custom-binary,v2-1.0,387,387,207,774,2583979.328165,2583979.328165,1291989.664083,0,1.0,1,c4a54cdecc67,,75,18
c,bytes,document,100,4,cJSON,1.7.18,5366,4394,460,9760,186358.553858,227583.067820,102459.016393,0,1.0,1,c4a54cdecc67,,76,0
c,bytes,document,100,4,yyjson,0.10.0,4371,2287,460,6658,228780.599405,437254.044600,150195.253830,0,1.0,1,c4a54cdecc67,,77,1
c,bytes,document,100,4,msgpack-c,6.0.1,1130,2992,335,4122,884955.752212,334224.598930,242600.679282,0,1.0,1,c4a54cdecc67,,78,2
c,bytes,document,100,4,flatcc,0.6.1,502,122,236,624,1992031.872510,8196721.311475,1602564.102564,0,1.0,1,c4a54cdecc67,,79,3
c,bytes,document,100,4,zcbor,0.9,1501,8009,354,9510,666222.518321,124859.533025,105152.471083,0,1.0,1,c4a54cdecc67,,80,4
c,bytes,document,100,4,cbor-encode,0.11.0,7628,7379,457,15007,131095.962244,135519.718119,66635.570067,0,1.0,1,c4a54cdecc67,,81,5
c,bytes,document,100,4,ubj,1.0-min,256,198,244,454,3906250.000000,5050505.050505,2202643.171806,0,1.0,1,c4a54cdecc67,,82,6
c,bytes,document,100,4,avro-c,1.11.3,575,525,210,1100,1739130.434783,1904761.904762,909090.909091,0,1.0,1,c4a54cdecc67,,83,7
c,bytes,document,100,4,json-c,0.15,8422,10724,460,19146,118736.642128,93248.787766,52230.230858,0,1.0,1,c4a54cdecc67,,84,8
c,bytes,document,100,4,parson,1.5.3,17326,9836,460,27162,57716.726307,101667.344449,36816.140196,0,1.0,1,c4a54cdecc67,,85,9
c,bytes,document,100,4,libbson,1.27.5,3972,3298,577,7270,251762.336354,303214.069133,137551.581843,0,1.0,1,c4a54cdecc67,,86,10
c,bytes,document,100,4,mpack,1.1,986,3344,335,4330,1014198.782961,299043.062201,230946.882217,0,1.0,1,c4a54cdecc67,,87,11
c,bytes,document,100,4,qcbor,1.5.1,3128,6002,343,9130,319693.094629,166611.129623,109529.025192,0,1.0,1,c4a54cdecc67,,88,12
c,bytes,document,100,4,jansson,2.14,11355,10540,460,21895,88066.930867,94876.660342,45672.527974,0,1.0,1,c4a54cdecc67,,89,13
c,bytes,document,100,4,protobuf-c,1.5.0,741,425,166,1166,1349527.665317,2352941.176471,857632.933105,0,1.0,1,c4a54cdecc67,,90,14
c,bytes,document,100,4,custom-binary,v2-1.0,199,163,207,362,5025125.628141,6134969.325153,2762430.939227,0,1.0,1,c4a54cdecc67,,91,15
c,bytes,document,100,4,nanopb,0.4.9,668,387,166,1055,1497005.988024,2583979.328165,947867.298578,0,1.0,1,c4a54cdecc67,,92,16
c,bytes,document,100,4,protobuf-wire,wire-v2,749,452,166,1201,1335113.484646,2212389.380531,832639.467111,0,1.0,1,c4a54cdecc67,,93,17
c,bytes,document,100,4,tinycbor,0.6.0,1780,6995,343,8775,561797.752809,142959.256612,113960.113960,0,1.0,1,c4a54cdecc67,,94,18
c,bytes,document,100,5,custom-binary,v2-1.0,165,86,207,251,6060606.060606,11627906.976744,3984063.745020,0,1.0,1,c4a54cdecc67,,95,0
c,bytes,document,100,5,nanopb,0.4.9,508,222,166,730,1968503.937008,4504504.504505,1369863.013699,0,1.0,1,c4a54cdecc67,,96,1
c,bytes,document,100,5,parson,1.5.3,15025,6069,460,21094,66555.740433,164771.791069,47406.845548,0,1.0,1,c4a54cdecc67,,97,2
c,bytes,document,100,5,yyjson,0.10.0,4693,1998,460,6691,213083.315576,500500.500501,149454.491107,0,1.0,1,c4a54cdecc67,,98,3
c,bytes,document,100,5,tinycbor,0.6.0,984,6141,343,7125,1016260.162602,162839.928350,140350.877193,0,1.0,1,c4a54cdecc67,,99,4
c,bytes,document,100,5,protobuf-c,1.5.0,609,288,166,897,1642036.124795,3472222.222222,1114827.201784,0,1.0,1,c4a54cdecc67,,100,5
c,bytes,document,100,5,mpack,1.1,821,1705,335,2526,1218026.796590,586510.263930,395882.818686,0,1.0,1,c4a54cdecc67,,101,6
c,bytes,document,100,5,zcbor,0.9,1606,7851,354,9457,622665.006227,127372.309260,105741.778577,0,1.0,1,c4a54cdecc67,,102,7
c,bytes,document,100,5,protobuf-wire,wire-v2,633,334,166,967,1579778.830964,2994011.976048,1034126.163392,0,1.0,1,c4a54cdecc67,,103,8
c,bytes,document,100,5,libbson,1.27.5,3801,3188,577,6989,263088.660879,313676.286073,143081.985978,0,1.0,1,c4a54cdecc67,,104,9
c,bytes,document,100,5,ubj,1.0-min,288,210,244,498,3472222.222222,4761904.761905,2008032.128514,0,1.0,1,c4a54cdecc67,,105,10
c,bytes,document,100,5,flatcc,0.6.1,666,145,236,811,1501501.501502,6896551.724138,1233045.622688,0,1.0,1,c4a54cdecc67,,106,11
c,bytes,document,100,5,cJSON,1.7.18,7407,5201,460,12608,135007.425408,192270.717170,79314.720812,0,1.0,1,c4a54cdecc67,,107,12
c,bytes,document,100,5,json-c,0.15,9692,11201,460,20893,103177.878663,89277.743059,47862.920595,0,1.0,1,c4a54cdecc67,,108,13
c,bytes,document,100,5,jansson,2.14,11634,10332,460,21966,85954.959601,96786.682153,45524.902121,0,1.0,1,c4a54cdecc67,,109,14
c,bytes,document,100,5,msgpack-c,6.0.1,1242,2447,335,3689,805152.979066,408663.669800,271076.172404,0,1.0,1,c4a54cdecc67,,110,15
c,bytes,document,100,5,qcbor,1.5.1,2983,6520,343,9503,335232.986926,153374.233129,105229.927391,0,1.0,1,c4a54cdecc67,,111,16
c,bytes,document,100,5,cbor-encode,0.11.0,7391,6235,457,13626,135299.688811,160384.923817,73389.109056,0,1.0,1,c4a54cdecc67,,112,17
c,bytes,document,100,5,avro-c,1.11.3,714,664,210,1378,1400560.224090,1506024.096386,725689.404935,0,1.0,1,c4a54cdecc67,,113,18
c,bytes,document,100,6,ubj,1.0-min,285,199,244,484,3508771.929825,5025125.628141,2066115.702479,0,1.0,1,c4a54cdecc67,,114,0
c,bytes,document,100,6,jansson,2.14,10103,18984,460,29087,98980.500841,52675.937632,34379.619761,0,1.0,1,c4a54cdecc67,,115,1
c,bytes,document,100,6,yyjson,0.10.0,4675,2103,460,6778,213903.743316,475511.174513,147536.146356,0,1.0,1,c4a54cdecc67,,116,2
c,bytes,document,100,6,custom-binary,v2-1.0,210,119,207,329,4761904.761905,8403361.344538,3039513.677812,0,1.0,1,c4a54cdecc67,,117,3
c,bytes,document,100,6,parson,1.5.3,18831,7377,460,26208,53103.924380,135556.459265,38156.288156,0,1.0,1,c4a54cdecc67,,118,4
c,bytes,document,100,6,qcbor,1.5.1,2819,6402,343,9221,354735.721887,156201.187129,108448.107581,0,1.0,1,c4a54cdecc67,,119,5
c,bytes,document,100,6,libbson,1.27.5,5281,3025,577,8306,189358.076122,330578.512397,120394.895256,0,1.0,1,c4a54cdecc67,,120,6
c,bytes,document,100,6,json-c,0.15,10444,9826,460,20270,95748.755266,101770.812131,49333.991120,0,1.0,1,c4a54cdecc67,,121,7
c,bytes,document,100,6,tinycbor,0.6.0,1072,5944,343,7016,932835.820896,168236.877524,142531.356899,0,1.0,1,c4a54cdecc67,,122,8
c,bytes,document,100,6,protobuf-wire,wire-v2,600,337,166,937,1666666.666667,2967359.050445,1067235.859125,0,1.0,1,c4a54cdecc67,,123,9
c,bytes,document,100,6,mpack,1.1,788,2037,335,2825,1269035.532995,490918.016691,353982.300885,0,1.0,1,c4a54cdecc67,,124,10
c,bytes,document,100,6,cJSON,1.7.18,6830,4869,460,11699,146412.884334,205380.981721,85477.391230,0,1.0,1,c4a54cdecc67,,125,11
c,bytes,document,100,6,avro-c,1.11.3,619,523,210,1142,1615508.885299,1912045.889101,875656.742557,0,1.0,1,c4a54cdecc67,,126,12
c,bytes,document,100,6,msgpack-c,6.0.1,1243,2232,335,3475,804505.229284,448028.673835,287769.784173,0,1.0,1,c4a54cdecc67,,127,13
c,bytes,document,100,6,protobuf-c,1.5.0,667,307,166,974,1499250.374813,3257328.990228,1026694.045175,0,1.0,1,c4a54cdecc67,,128,14
c,bytes,document,100,6,nanopb,0.4.9,620,308,166,928,1612903.225806,3246753.246753,1077586.206897,0,1.0,1,c4a54cdecc67,,129,15
c,bytes,document,100,6,zcbor,0.9,1404,7439,354,8843,712250.712251,134426.670251,113083.795092,0,1.0,1,c4a54cdecc67,,130,16
c,bytes,document,100,6,cbor-encode,0.11.0,6825,5887,457,12712,146520.146520,169865.806013,78665.827565,0,1.0,1,c4a54cdecc67,,131,17
c,bytes,document,100,6,flatcc,0.6.1,549,118,236,667,1821493.624772,8474576.271186,1499250.374813,0,1.0,1,c4a54cdecc67,,132,18
c,bytes,document,100,7,json-c,0.15,8138,10829,460,18967,122880.314574,92344.630160,52723.150735,0,1.0,1,c4a54cdecc67,,133,0
c,bytes,document,100,7,cbor-encode,0.11.0,6846,6543,457,13389,146070.698218,152835.090937,74688.176862,0,1.0,1,c4a54cdecc67,,134,1
c,bytes,document,100,7,zcbor,0.9,1356,7733,354,9089,737463.126844,129315.918790,110023.104852,0,1.0,1,c4a54cdecc67,,135,2
c,bytes,document,100,7,parson,1.5.3,16058,6597,460,22655,62274.255823,151584.053358,44140.366365,0,1.0,1,c4a54cdecc67,,136,3
c,bytes,document,100,7,avro-c,1.11.3,588,449,210,1037,1700680.272109,2227171.492205,964320.154291,0,1.0,1,c4a54cdecc67,,137,4
c,bytes,document,100,7,mpack,1.1,795,3737,335,4532,1257861.635220,267594.327000,220653.133274,0,1.0,1,c4a54cdecc67,,138,5
c,bytes,document,100,7,nanopb,0.4.9,608,249,166,857,1644736.842105,4016064.257028,1166861.143524,0,1.0,1,c4a54cdecc67,,139,6
c,bytes,document,100,7,cJSON,1.7.18,6691,5130,460,11821,149454.491107,194931.773879,84595.211911,0,1.0,1,c4a54cdecc67,,140,7
c,bytes,document,100,7,flatcc,0.6.1,472,117,236,589,2118644.067797,8547008.547009,1697792.869270,0,1.0,1,c4a54cdecc67,,141,8
c,bytes,document,100,7,msgpack-c,6.0.1,1234,2361,335,3595,810372.771475,423549.343499,278164.116829,0,1.0,1,c4a54cdecc67,,142,9
c,bytes,document,100,7,tinycbor,0.6.0,1099,7324,343,8423,909918.107370,136537.411251,118722.545411,0,1.0,1,c4a54cdecc67,,143,10
c,bytes,document,100,7,protobuf-c,1.5.0,569,305,166,874,1757469.244288,3278688.524590,1144164.759725,0,1.0,1,c4a54cdecc67,,144,11
c,bytes,document,100,7,yyjson,0.10.0,2770,1747,460,4517,361010.830325,572409.845449,221385.875581,0,1.0,1,c4a54cdecc67,,145,12
c,bytes,document,100,7,custom-binary,v2-1.0,194,105,207,299,5154639.175258,9523809.523810,3344481.605351,0,1.0,1,c4a54cdecc67,,146,13
c,bytes,document,100,7,libbson,1.27.5,3646,2912,577,6558,274273.176083,343406.593407,152485.513876,0,1.0,1,c4a54cdecc67,,147,14
c,bytes,document,100,7,protobuf-wire,wire-v2,591,294,166,885,1692047.377327,3401360.544218,1129943.502825,0,1.0,1,c4a54cdecc67,,148,15
c,bytes,document,100,7,ubj,1.0-min,244,158,244,402,4098360.655738,6329113.924051,2487562.189055,0,1.0,1,c4a54cdecc67,,149,16
c,bytes,document,100,7,jansson,2.14,10657,9617,460,20274,93835.038003,103982.530935,49324.257670,0,1.0,1,c4a54cdecc67,,150,17
c,bytes,document,100,7,qcbor,1.5.1,2712,5869,343,8581,368731.563422,170386.777986,116536.534203,0,1.0,1,c4a54cdecc67,,151,18
c,bytes,document,100,8,parson,1.5.3,14801,6049,460,20850,67563.002500,165316.581253,47961.630695,0,1.0,1,c4a54cdecc67,,152,0
c,bytes,document,100,8,cbor-encode,0.11.0,5994,6076,457,12070,166833.500167,164581.961817,82850.041425,0,1.0,1,c4a54cdecc67,,153,1
c,bytes,document,100,8,tinycbor,0.6.0,974,5765,343,6739,1026694.045175,173460.537728,148389.968838,0,1.0,1,c4a54cdecc67,,154,2
c,bytes,document,100,8,custom-binary,v2-1.0,182,106,207,288,5494505.494505,9433962.264151,3472222.222222,0,1.0,1,c4a54cdecc67,,155,3
c,bytes,document,100,8,yyjson,0.10.0,5863,1544,460,7407,170561.146171,647668.393782,135007.425408,0,1.0,1,c4a54cdecc67,,156,4
c,bytes,document,100,8,avro-c,1.11.3,569,557,210,1126,1757469.244288,1795332.136445,888099.467140,0,1.0,1,c4a54cdecc67,,157,5
c,bytes,document,100,8,qcbor,1.5.1,2493,5674,343,8167,401123.144805,176242.509693,122443.981878,0,1.0,1,c4a54cdecc67,,158,6
c,bytes,document,100,8,protobuf-wire,wire-v2,510,258,166,768,1960784.313725,3875968.992248,1302083.333333,0,1.0,1,c4a54cdecc67,,159,7
c,bytes,document,100,8,zcbor,0.9,1391,7038,354,8429,718907.260963,142085.819835,118638.035354,0,1.0,1,c4a54cdecc67,,160,8
c,bytes,document,100,8,json-c,0.15,8619,9937,460,18556,116022.740457,100633.994163,53890.924768,0,1.0,1,c4a54cdecc67,,161,9
c,bytes,document,100,8,nanopb,0.4.9,557,280,166,837,1795332.136445,3571428.571429,1194743.130227,0,1.0,1,c4a54cdecc67,,162,10
c,bytes,document,100,8,cJSON,1.7.18,6642,4220,460,10862,150557.061126,236966.824645,92064.076597,0,1.0,1,c4a54cdecc67,,163,11
c,bytes,document,100,8,ubj,1.0-min,216,164,244,380,4629629.629630,6097560.975610,2631578.947368,0,1.0,1,c4a54cdecc67,,164,12
c,bytes,document,100,8,jansson,2.14,9072,9024,460,18096,110229.276896,110815.602837,55260.831123,0,1.0,1,c4a54cdecc67,,165,13
c,bytes,document,100,8,msgpack-c,6.0.1,1159,2301,335,3460,862812.769629,434593.654933,289017.341040,0,1.0,1,c4a54cdecc67,,166,14
c,bytes,document,100,8,flatcc,0.6.1,552,84,236,636,1811594.202899,11904761.904762,1572327.044025,0,1.0,1,c4a54cdecc67,,167,15
c,bytes,document,100,8,protobuf-c,1.5.0,617,277,166,894,1620745.542950,3610108.303249,1118568.232662,0,1.0,1,c4a54cdecc67,,168,16
c,bytes,document,100,8,libbson,1.27.5,4026,2824,577,6850,248385.494287,354107.648725,145985.401460,0,1.0,1,c4a54cdecc67,,169,17
c,bytes,document,100,8,mpack,1.1,749,1458,335,2207,1335113.484646,685871.056241,453103.760761,0,1.0,1,c4a54cdecc67,,170,18
c,bytes,document,100,9,qcbor,1.5.1,2595,5976,343,8571,385356.454721,167336.010710,116672.500292,0,1.0,1,c4a54cdecc67,,171,0
c,bytes,document,100,9,avro-c,1.11.3,579,446,210,1025,1727115.716753,2242152.466368,975609.756098,0,1.0,1,c4a54cdecc67,,172,1
c,bytes,document,100,9,cJSON,1.7.18,5860,3827,460,9687,170648.464164,261301.280376,103231.134510,0,1.0,1,c4a54cdecc67,,173,2
c,bytes,document,100,9,ubj,1.0-min,178,151,244,329,5617977.528090,6622516.556291,3039513.677812,0,1.0,1,c4a54cdecc67,,174,3
c,bytes,document,100,9,nanopb,0.4.9,507,243,166,750,1972386.587771,4115226.337449,1333333.333333,0,1.0,1,c4a54cdecc67,,175,4
c,bytes,document,100,9,protobuf-c,1.5.0,489,204,166,693,2044989.775051,4901960.784314,1443001.443001,0,1.0,1,c4a54cdecc67,,176,5
c,bytes,document,100,9,libbson,1.27.5,3926,2322,577,6248,254712.175242,430663.221361,160051.216389,0,1.0,1,c4a54cdecc67,,177,6
c,bytes,document,100,9,zcbor,0.9,1392,7182,354,8574,718390.804598,139236.981342,116631.677164,0,1.0,1,c4a54cdecc67,,178,7
c,bytes,document,100,9,yyjson,0.10.0,2765,1665,460,4430,361663.652803,600600.600601,225733.634312,0,1.0,1,c4a54cdecc67,,179,8
c,bytes,document,100,9,jansson,2.14,9715,9179,460,18894,102933.607823,108944.329448,52926.855086,0,1.0,1,c4a54cdecc67,,180,9
c,bytes,document,100,9,json-c,0.15,8606,10008,460,18614,116198.001394,99920.063949,53723.004190,0,1.0,1,c4a54cdecc67,,181,10
c,bytes,document,100,9,protobuf-wire,wire-v2,669,281,166,950,1494768.310912,3558718.861210,1052631.578947,0,1.0,1,c4a54cdecc67,,182,11
c,bytes,document,100,9,flatcc,0.6.1,863,94,236,957,1158748.551564,10638297.872340,1044932.079415,0,1.0,1,c4a54cdecc67,,183,12
c,bytes,document,100,9,tinycbor,0.6.0,1175,24245,343,25420,851063.829787,41245.617653,39339.103068,0,1.0,1,c4a54cdecc67,,184,13
c,bytes,document,100,9,mpack,1.1,976,2105,335,3081,1024590.163934,475059.382423,324569.944823,0,1.0,1,c4a54cdecc67,,185,14
c,bytes,document,100,9,parson,1.5.3,17094,7372,460,24466,58500.058500,135648.399349,40873.048312,0,1.0,1,c4a54cdecc67,,186,15
c,bytes,document,100,9,cbor-encode,0.11.0,6458,6259,457,12717,154846.701765,159769.931299,78634.898168,0,1.0,1,c4a54cdecc67,,187,16
c,bytes,document,100,9,msgpack-c,6.0.1,2220,2991,335,5211,450450.450450,334336.342360,191901.746306,0,1.0,1,c4a54cdecc67,,188,17
c,bytes,document,100,9,custom-binary,v2-1.0,210,106,207,316,4761904.761905,9433962.264151,3164556.962025,0,1.0,1,c4a54cdecc67,,189,18
c,bytes,document,100,10,protobuf-wire,wire-v2,533,244,166,777,1876172.607880,4098360.655738,1287001.287001,0,1.0,1,c4a54cdecc67,,190,0
c,bytes,document,100,10,parson,1.5.3,15102,5228,460,20330,66216.395179,191277.735272,49188.391540,0,1.0,1,c4a54cdecc67,,191,1
c,bytes,document,100,10,cJSON,1.7.18,5966,4253,460,10219,167616.493463,235128.144839,97856.933164,0,1.0,1,c4a54cdecc67,,192,2
c,bytes,document,100,10,json-c,0.15,9199,10349,460,19548,108707.468203,96627.693497,51156.128504,0,1.0,1,c4a54cdecc67,,193,3
c,bytes,document,100,10,msgpack-c,6.0.1,1012,1449,335,2461,988142.292490,690131.124914,406338.886631,0,1.0,1,c4a54cdecc67,,194,4
c,bytes,document,100,10,libbson,1.27.5,4179,3075,577,7254,239291.696578,325203.252033,137854.976565,0,1.0,1,c4a54cdecc67,,195,5
c,bytes,document,100,10,tinycbor,0.6.0,1113,6210,343,7323,898472.596586,161030.595813,136556.056261,0,1.0,1,c4a54cdecc67,,196,6
c,bytes,document,100,10,flatcc,0.6.1,671,97,236,768,1490312.965723,10309278.350515,1302083.333333,0,1.0,1,c4a54cdecc67,,197,7
c,bytes,document,100,10,yyjson,0.10.0,2983,1663,460,4646,335232.986926,601322.910403,215238.915196,0,1.0,1,c4a54cdecc67,,198,8
c,bytes,document,100,10,jansson,2.14,10681,9690,460,20371,93624.192491,103199.174407,49089.391782,0,1.0,1,c4a54cdecc67,,199,9
c,bytes,document,100,10,ubj,1.0-min,280,216,244,496,3571428.571429,4629629.629630,2016129.032258,0,1.0,1,c4a54cdecc67,,200,10
c,bytes,document,100,10,protobuf-c,1.5.0,717,384,166,1101,1394700.139470,2604166.666667,908265.213442,0,1.0,1,c4a54cdecc67,,201,11
c,bytes,document,100,10,mpack,1.1,1127,2559,335,3686,887311.446318,390777.647519,271296.798698,0,1.0,1,c4a54cdecc67,,202,12
c,bytes,document,100,10,custom-binary,v2-1.0,162,105,207,267,6172839.506173,9523809.523810,3745318.352060,0,1.0,1,c4a54cdecc67,,203,13
c,bytes,document,100,10,nanopb,0.4.9,602,429,166,1031,1661129.568106,2331002.331002,969932.104753,0,1.0,1,c4a54cdecc67,,204,14
c,bytes,document,100,10,cbor-encode,0.11.0,7665,6169,457,13834,130463.144162,162100.826714,72285.672980,0,1.0,1,c4a54cdecc67,,205,15
c,bytes,document,100,10,qcbor,1.5.1,2778,5730,343,8508,359971.202304,174520.069808,117536.436295,0,1.0,1,c4a54cdecc67,,206,16
c,bytes,document,100,10,avro-c,1.11.3,954,564,210,1518,1048218.029350,1773049.645390,658761.528327,0,1.0,1,c4a54cdecc67,,207,17
c,bytes,document,100,10,zcbor,0.9,1572,7434,354,9006,636132.315522,134517.083670,111037.086387,0,1.0,1,c4a54cdecc67,,208,18
c,bytes,document,100,11,mpack,1.1,639,2803,335,3442,1564945.226917,356760.613628,290528.762347,0,1.0,1,c4a54cdecc67,,209,0
c,bytes,document,100,11,cJSON,1.7.18,7573,5085,460,12658,132048.065496,196656.833825,79001.422026,0,1.0,1,c4a54cdecc67,,210,1
c,bytes,document,100,11,protobuf-c,1.5.0,820,290,166,1110,1219512.195122,3448275.862069,900900.900901,0,1.0,1,c4a54cdecc67,,211,2
c,bytes,document,100,11,nanopb,0.4.9,570,385,166,955,1754385.964912,2597402.597403,1047120.418848,0,1.0,1,c4a54cdecc67,,212,3
c,bytes,document,100,11,msgpack-c,6.0.1,1272,6183,335,7455,786163.522013,161733.786188,134138.162307,0,1.0,1,c4a54cdecc67,,213,4
c,bytes,document,100,11,ubj,1.0-min,321,175,244,496,3115264.797508,5714285.714286,2016129.032258,0,1.0,1,c4a54cdecc67,,214,5
c,bytes,document,100,11,flatcc,0.6.1,706,100,236,806,1416430.594901,10000000.000000,1240694.789082,0,1.0,1,c4a54cdecc67,,215,6
c,bytes,document,100,11,avro-c,1.11.3,459,502,210,961,2178649.237473,1992031.872510,1040582.726327,0,1.0,1,c4a54cdecc67,,216,7
c,bytes,document,100,11,jansson,2.14,11894,10602,460,22496,84076.004708,94321.826071,44452.347084,0,1.0,1,c4a54cdecc67,,217,8
c,bytes,document,100,11,custom-binary,v2-1.0,176,110,207,286,5681818.181818,9090909.090909,3496503.496503,0,1.0,1,c4a54cdecc67,,218,9
c,bytes,document,100,11,cbor-encode,0.11.0,6636,6829,457,13465,150693.188668,146434.324206,74266.617156,0,1.0,1,c4a54cdecc67,,219,10
c,bytes,document,100,11,libbson,1.27.5,8209,7875,577,16084,121817.517359,126984.126984,62173.588660,0,1.0,1,c4a54cdecc67,,220,11
c,bytes,document,100,11,tinycbor,0.6.0,1355,6236,343,7591,738007.380074,160359.204618,131734.949282,0,1.0,1,c4a54cdecc67,,221,12
c,bytes,document,100,11,protobuf-wire,wire-v2,935,394,166,1329,1069518.716578,2538071.065990,752445.447705,0,1.0,1,c4a54cdecc67,,222,13
c,bytes,document,100,11,parson,1.5.3,18503,8429,460,26932,54045.289953,118638.035354,37130.551017,0,1.0,1,c4a54cdecc67,,223,14
c,bytes,document,100,11,yyjson,0.10.0,4871,2373,460,7244,205296.653665,421407.501054,138045.278851,0,1.0,1,c4a54cdecc67,,224,15
c,bytes,document,100,11,json-c,0.15,14364,12131,460,26495,69618.490671,82433.435001,37742.970372,0,1.0,1,c4a54cdecc67,,225,16
c,bytes,document,100,11,zcbor,0.9,1645,8175,354,9820,607902.735562,122324.159021,101832.993890,0,1.0,1,c4a54cdecc67,,226,17
c,bytes,document,100,11,qcbor,1.5.1,3005,19481,343,22486,332778.702163,51332.067142,44472.115983,0,1.0,1,c4a54cdecc67,,227,18
c,bytes,document,100,12,jansson,2.14,12775,10613,460,23388,78277.886497,94224.064826,42756.969386,0,1.0,1,c4a54cdecc67,,228,0
c,bytes,document,100,12,cbor-encode,0.11.0,10730,6440,457,17170,93196.644921,155279.503106,58241.118229,0,1.0,1,c4a54cdecc67,,229,1
c,bytes,document,100,12,protobuf-wire,wire-v2,798,304,166,1102,1253132.832080,3289473.684211,907441.016334,0,1.0,1,c4a54cdecc67,,230,2
c,bytes,document,100,12,custom-binary,v2-1.0,159,103,207,262,6289308.176101,9708737.864078,3816793.893130,0,1.0,1,c4a54cdecc67,,231,3
c,bytes,document,100,12,avro-c,1.11.3,846,589,210,1435,1182033.096927,1697792.869270,696864.111498,0,1.0,1,c4a54cdecc67,,232,4
c,bytes,document,100,12,libbson,1.27.5,5773,3365,577,9138,173220.162827,297176.820208,109433.136354,0,1.0,1,c4a54cdecc67,,233,5
c,bytes,document,100,12,msgpack-c,6.0.1,1165,1700,335,2865,858369.098712,588235.294118,349040.139616,0,1.0,1,c4a54cdecc67,,234,6
c,bytes,document,100,12,yyjson,0.10.0,3258,2020,460,5278,306936.771025,495049.504950,189465.706707,0,1.0,1,c4a54cdecc67,,235,7
c,bytes,document,100,12,json-c,0.15,9542,10667,460,20209,104799.832320,93747.070404,49482.903657,0,1.0,1,c4a54cdecc67,,236,8
c,bytes,document,100,12,protobuf-c,1.5.0,895,292,166,1187,1117318.435754,3424657.534247,842459.983151,0,1.0,1,c4a54cdecc67,,237,9
c,bytes,document,100,12,ubj,1.0-min,284,323,244,607,3521126.760563,3095975.232198,1647446.457990,0,1.0,1,c4a54cdecc67,,238,10
c,bytes,document,100,12,nanopb,0.4.9,710,440,166,1150,1408450.704225,2272727.272727,869565.217391,0,1.0,1,c4a54cdecc67,,239,11
c,bytes,document,100,12,qcbor,1.5.1,2896,7887,343,10783,345303.867403,126790.921770,92738.569971,0,1.0,1,c4a54cdecc67,,240,12
c,bytes,document,100,12,cJSON,1.7.18,8270,5231,460,13501,120918.984281,191168.036704,74068.587512,0,1.0,1,c4a54cdecc67,,241,13
c,bytes,document,100,12,flatcc,0.6.1,1079,116,236,1195,926784.059314,8620689.655172,836820.083682,0,1.0,1,c4a54cdecc67,,242,14
c,bytes,document,100,12,zcbor,0.9,1486,7217,354,8703,672947.510094,138561.729250,114902.907044,0,1.0,1,c4a54cdecc67,,243,15
c,bytes,document,100,12,tinycbor,0.6.0,1170,5684,343,6854,854700.854701,175932.441942,145900.204260,0,1.0,1,c4a54cdecc67,,244,16
c,bytes,document,100,12,parson,1.5.3,16869,7421,460,24290,59280.336712,134752.728743,41169.205434,0,1.0,1,c4a54cdecc67,,245,17
c,bytes,document,100,12,mpack,1.1,1014,3488,335,4502,986193.293886,286697.247706,222123.500666,0,1.0,1,c4a54cdecc67,,246,18
c,bytes,document,100,13,custom-binary,v2-1.0,206,184,207,390,4854368.932039,5434782.608696,2564102.564103,0,1.0,1,c4a54cdecc67,,247,0
c,bytes,document,100,13,cJSON,1.7.18,6277,4809,460,11086,159311.773140,207943.439384,90203.860725,0,1.0,1,c4a54cdecc67,,248,1
c,bytes,document,100,13,nanopb,0.4.9,523,240,166,763,1912045.889101,4166666.666667,1310615.989515,0,1.0,1,c4a54cdecc67,,249,2
c,bytes,document,100,13,protobuf-c,1.5.0,676,310,166,986,1479289.940828,3225806.451613,1014198.782961,0,1.0,1,c4a54cdecc67,,250,3
c,bytes,document,100,13,flatcc,0.6.1,410,77,236,487,2439024.390244,12987012.987013,2053388.090349,0,1.0,1,c4a54cdecc67,,251,4
c,bytes,document,100,13,ubj,1.0-min,203,233,244,436,4926108.374384,4291845.493562,2293577.981651,0,1.0,1,c4a54cdecc67,,252,5
c,bytes,document,100,13,yyjson,0.10.0,3477,1811,460,5288,287604.256543,552181.115406,189107.413011,0,1.0,1,c4a54cdecc67,,253,6
c,bytes,document,100,13,protobuf-wire,wire-v2,638,355,166,993,1567398.119122,2816901.408451,1007049.345418,0,1.0,1,c4a54cdecc67,,254,7
c,bytes,document,100,13,mpack,1.1,594,1265,335,1859,1683501.683502,790513.833992,537923.614847,0,1.0,1,c4a54cdecc67,,255,8
c,bytes,document,100,13,msgpack-c,6.0.1,1011,1274,335,2285,989119.683482,784929.356358,437636.761488,0,1.0,1,c4a54cdecc67,,256,9
c,bytes,document,100,13,qcbor,1.5.1,3717,5656,343,9373,269034.167339,176803.394625,106689.427078,0,1.0,1,c4a54cdecc67,,257,10
c,bytes,document,100,13,avro-c,1.11.3,959,421,210,1380,1042752.867570,2375296.912114,724637.681159,0,1.0,1,c4a54cdecc67,,258,11
c,bytes,document,100,13,jansson,2.14,10579,9216,460,19795,94526.892901,108506.944444,50517.807527,0,1.0,1,c4a54cdecc67,,259,12
c,bytes,document,100,13,json-c,0.15,8350,9874,460,18224,119760.479042,101276.078590,54872.695347,0,1.0,1,c4a54cdecc67,,260,13
c,bytes,document,100,13,zcbor,0.9,1493,6805,354,8298,669792.364367,146950.771492,120510.966498,0,1.0,1,c4a54cdecc67,,261,14
c,bytes,document,100,13,libbson,1.27.5,4144,3255,577,7399,241312.741313,307219.662058,135153.399108,0,1.0,1,c4a54cdecc67,,262,15
c,bytes,document,100,13,parson,1.5.3,15825,5982,460,21807,63191.153239,167168.171180,45856.834961,0,1.0,1,c4a54cdecc67,,263,16
c,bytes,document,100,13,cbor-encode,0.11.0,5894,5785,457,11679,169664.065151,172860.847018,85623.769158,0,1.0,1,c4a54cdecc67,,264,17
c,bytes,document,100,13,tinycbor,0.6.0,982,5169,343,6151,1018329.938900,193461.017605,162575.191026,0,1.0,1,c4a54cdecc67,,265,18
c,bytes,document,100,14,mpack,1.1,1138,3238,335,4376,878734.622144,308832.612724,228519.195612,0,1.0,1,c4a54cdecc67,,266,0
c,bytes,document,100,14,protobuf-wire,wire-v2,625,248,166,873,1600000.000000,4032258.064516,1145475.372279,0,1.0,1,c4a54cdecc67,,267,1
c,bytes,document,100,14,json-c,0.15,8257,8995,460,17252,121109.361754,111172.873819,57964.293995,0,1.0,1,c4a54cdecc67,,268,2
c,bytes,document,100,14,cJSON,1.7.18,6411,5382,460,11793,155981.906099,185804.533631,84796.065463,0,1.0,1,c4a54cdecc67,,269,3
c,bytes,document,100,14,tinycbor,0.6.0,854,5212,343,6066,1170960.187354,191864.927091,164853.280580,0,1.0,1,c4a54cdecc67,,270,4
c,bytes,document,100,14,custom-binary,v2-1.0,260,196,207,456,3846153.846154,5102040.816327,2192982.456140,0,1.0,1,c4a54cdecc67,,271,5
c,bytes,document,100,14,parson,1.5.3,13967,5691,460,19658,71597.336579,175716.042875,50869.874860,0,1.0,1,c4a54cdecc67,,272,6
c,bytes,document,100,14,msgpack-c,6.0.1,1103,2747,335,3850,906618.313690,364033.491081,259740.259740,0,1.0,1,c4a54cdecc67,,273,7
c,bytes,document,100,14,jansson,2.14,10051,8657,460,18708,99492.587802,115513.457318,53453.068206,0,1.0,1,c4a54cdecc67,,274,8
c,bytes,document,100,14,nanopb,0.4.9,735,337,166,1072,1360544.217687,2967359.050445,932835.820896,0,1.0,1,c4a54cdecc67,,275,9
c,bytes,document,100,14,yyjson,0.10.0,3618,1620,460,5238,276395.798784,617283.950617,190912.562047,0,1.0,1,c4a54cdecc67,,276,10
c,bytes,document,100,14,qcbor,1.5.1,2937,5598,343,8535,340483.486551,178635.226867,117164.616286,0,1.0,1,c4a54cdecc67,,277,11
c,bytes,document,100,14,protobuf-c,1.5.0,599,274,166,873,1669449.081803,3649635.036496,1145475.372279,0,1.0,1,c4a54cdecc67,,278,12
c,bytes,document,100,14,avro-c,1.11.3,696,550,210,1246,1436781.609195,1818181.818182,802568.218299,0,1.0,1,c4a54cdecc67,,279,13
c,bytes,document,100,14,ubj,1.0-min,286,287,244,573,3496503.496503,3484320.557491,1745200.698080,0,1.0,1,c4a54cdecc67,,280,14
c,bytes,document,100,14,cbor-encode,0.11.0,6629,5844,457,12473,150852.315583,171115.674196,80173.174056,0,1.0,1,c4a54cdecc67,,281,15
c,bytes,document,100,14,libbson,1.27.5,4869,3087,577,7956,205380.981721,323939.099449,125691.302162,0,1.0,1,c4a54cdecc67,,282,16
c,bytes,document,100,14,zcbor,0.9,1570,6790,354,8360,636942.675159,147275.405007,119617.224880,0,1.0,1,c4a54cdecc67,,283,17
c,bytes,document,100,14,flatcc,0.6.1,1862,181,236,2043,537056.928034,5524861.878453,489476.260401,0,1.0,1,c4a54cdecc67,,284,18
c,bytes,document,100,15,libbson,1.27.5,18259,2220,577,20479,54767.511912,450450.450450,48830.509302,0,1.0,1,c4a54cdecc67,,285,0
c,bytes,document,100,15,protobuf-wire,wire-v2,692,242,166,934,1445086.705202,4132231.404959,1070663.811563,0,1.0,1,c4a54cdecc67,,286,1
c,bytes,document,100,15,yyjson,0.10.0,2427,1412,460,3839,412031.314380,708215.297450,260484.501172,0,1.0,1,c4a54cdecc67,,287,2
c,bytes,document,100,15,cbor-encode,0.11.0,5974,5701,457,11675,167392.032139,175407.823189,85653.104925,0,1.0,1,c4a54cdecc67,,288,3
c,bytes,document,100,15,avro-c,1.11.3,606,438,210,1044,1650165.016502,2283105.022831,957854.406130,0,1.0,1,c4a54cdecc67,,289,4
c,bytes,document,100,15,msgpack-c,6.0.1,905,2233,335,3138,1104972.375691,447828.034035,318674.314850,0,1.0,1,c4a54cdecc67,,290,5
c,bytes,document,100,15,zcbor,0.9,1122,6090,354,7212,891265.597148,164203.612479,138657.792568,0,1.0,1,c4a54cdecc67,,291,6
c,bytes,document,100,15,ubj,1.0-min,288,221,244,509,3472222.222222,4524886.877828,1964636.542240,0,1.0,1,c4a54cdecc67,,292,7
c,bytes,document,100,15,parson,1.5.3,15155,5827,460,20982,65984.823491,171614.896173,47659.898961,0,1.0,1,c4a54cdecc67,,293,8
c,bytes,document,100,15,jansson,2.14,9605,16849,460,26454,104112.441437,59350.703306,37801.466697,0,1.0,1,c4a54cdecc67,,294,9
c,bytes,document,100,15,nanopb,0.4.9,577,276,166,853,1733102.253033,3623188.405797,1172332.942556,0,1.0,1,c4a54cdecc67,,295,10
c,bytes,document,100,15,custom-binary,v2-1.0,155,113,207,268,6451612.903226,8849557.522124,3731343.283582,0,1.0,1,c4a54cdecc67,,296,11
c,bytes,document,100,15,cJSON,1.7.18,5669,4340,460,10009,176397.953784,230414.746544,99910.080927,0,1.0,1,c4a54cdecc67,,297,12
c,bytes,document,100,15,qcbor,1.5.1,2817,6097,343,8914,354987.575435,164015.089388,112183.082791,0,1.0,1,c4a54cdecc67,,298,13
c,bytes,document,100,15,flatcc,0.6.1,640,96,236,736,1562500.000000,10416666.666667,1358695.652174,0,1.0,1,c4a54cdecc67,,299,14
c,bytes,document,100,15,mpack,1.1,895,3038,335,3933,1117318.435754,329163.923634,254258.835495,0,1.0,1,c4a54cdecc67,,300,15
c,bytes,document,100,15,json-c,0.15,8682,10392,460,19074,115180.833909,96227.867590,52427.388068,0,1.0,1,c4a54cdecc67,,301,16
c,bytes,document,100,15,protobuf-c,1.5.0,652,404,166,1056,1533742.331288,2475247.524752,946969.696970,0,1.0,1,c4a54cdecc67,,302,17
c,bytes,document,100,15,tinycbor,0.6.0,1210,6079,343,7289,826446.280992,164500.740253,137193.030594,0,1.0,1,c4a54cdecc67,,303,18
c,bytes,document,100,16,qcbor,1.5.1,2505,5925,343,8430,399201.596806,168776.371308,118623.962040,0,1.0,1,c4a54cdecc67,,304,0
c,bytes,document,100,16,mpack,1.1,614,1461,335,2075,1628664.495114,684462.696783,481927.710843,0,1.0,1,c4a54cdecc67,,305,1
c,bytes,document,100,16,libbson,1.27.5,3591,2756,577,6347,278473.962684,362844.702467,157554.750276,0,1.0,1,c4a54cdecc67,,306,2
c,bytes,document,100,16,yyjson,0.10.0,2596,1473,460,4069,385208.012327,678886.625933,245760.629147,0,1.0,1,c4a54cdecc67,,307,3
c,bytes,document,100,16,zcbor,0.9,1374,7815,354,9189,727802.037846,127959.053103,108825.769942,0,1.0,1,c4a54cdecc67,,308,4
c,bytes,document,100,16,custom-binary,v2-1.0,146,107,207,253,6849315.068493,9345794.392523,3952569.169960,0,1.0,1,c4a54cdecc67,,309,5
c,bytes,document,100,16,parson,1.5.3,18088,9370,460,27458,55285.272004,106723.585912,36419.258504,0,1.0,1,c4a54cdecc67,,310,6
c,bytes,document,100,16,nanopb,0.4.9,598,411,166,1009,1672240.802676,2433090.024331,991080.277502,0,1.0,1,c4a54cdecc67,,311,7
c,bytes,document,100,16,tinycbor,0.6.0,1120,6557,343,7677,892857.142857,152508.769254,130259.215840,0,1.0,1,c4a54cdecc67,,312,8
c,bytes,document,100,16,flatcc,0.6.1,545,180,236,725,1834862.385321,5555555.555556,1379310.344828,0,1.0,1,c4a54cdecc67,,313,9
c,bytes,document,100,16,msgpack-c,6.0.1,1233,2364,335,3597,811030.008110,423011.844332,278009.452321,0,1.0,1,c4a54cdecc67,,314,10
c,bytes,document,100,16,avro-c,1.11.3,611,564,210,1175,1636661.211129,1773049.645390,851063.829787,0,1.0,1,c4a54cdecc67,,315,11
c,bytes,document,100,16,json-c,0.15,8335,9761,460,18096,119976.004799,102448.519619,55260.831123,0,1.0,1,c4a54cdecc67,,316,12
c,bytes,document,100,16,ubj,1.0-min,272,203,244,475,3676470.588235,4926108.374384,2105263.157895,0,1.0,1,c4a54cdecc67,,317,13
c,bytes,document,100,16,jansson,2.14,10558,10220,460,20778,94714.908127,97847.358121,48127.827510,0,1.0,1,c4a54cdecc67,,318,14
c,bytes,document,100,16,cbor-encode,0.11.0,5994,5895,457,11889,166833.500167,169635.284139,84111.363445,0,1.0,1,c4a54cdecc67,,319,15
c,bytes,document,100,16,protobuf-c,1.5.0,552,252,166,804,1811594.202899,3968253.968254,1243781.094527,0,1.0,1,c4a54cdecc67,,320,16
c,bytes,document,100,16,cJSON,1.7.18,4929,3775,460,8704,202880.908906,264900.662252,114889.705882,0,1.0,1,c4a54cdecc67,,321,17
c,bytes,document,100,16,protobuf-wire,wire-v2,610,279,166,889,1639344.262295,3584229.390681,1124859.392576,0,1.0,1,c4a54cdecc67,,322,18
c,bytes,document,100,17,cbor-encode,0.11.0,4436,5735,457,10171,225428.313796,174367.916303,98318.749386,0,1.0,1,c4a54cdecc67,,323,0
c,bytes,document,100,17,tinycbor,0.6.0,1453,6046,343,7499,688231.245699,165398.610652,133351.113482,0,1.0,1,c4a54cdecc67,,324,1
c,bytes,document,100,17,protobuf-c,1.5.0,476,235,166,711,2100840.336134,4255319.148936,1406469.760900,0,1.0,1,c4a54cdecc67,,325,2
c,bytes,document,100,17,parson,1.5.3,13483,7489,460,20972,74167.470148,133529.176125,47682.624452,0,1.0,1,c4a54cdecc67,,326,3
c,bytes,document,100,17,msgpack-c,6.0.1,1009,5188,335,6197,991080.277502,192752.505783,161368.404066,0,1.0,1,c4a54cdecc67,,327,4
c,bytes,document,100,17,cJSON,1.7.18,6010,4373,460,10383,166389.351082,228675.966156,96311.278051,0,1.0,1,c4a54cdecc67,,328,5
c,bytes,document,100,17,zcbor,0.9,1401,6796,354,8197,713775.874375,147145.379635,121995.852141,0,1.0,1,c4a54cdecc67,,329,6
c,bytes,document,100,17,avro-c,1.11.3,578,513,210,1091,1730103.806228,1949317.738791,916590.284143,0,1.0,1,c4a54cdecc67,,330,7
c,bytes,document,100,17,ubj,1.0-min,287,150,244,437,3484320.557491,6666666.666667,2288329.519451,0,1.0,1,c4a54cdecc67,,331,8
c,bytes,document,100,17,nanopb,0.4.9,540,468,166,1008,1851851.851852,2136752.136752,992063.492063,0,1.0,1,c4a54cdecc67,,332,9
c,bytes,document,100,17,mpack,1.1,917,3702,335,4619,1090512.540894,270124.257158,216497.077289,0,1.0,1,c4a54cdecc67,,333,10
c,bytes,document,100,17,protobuf-wire,wire-v2,520,280,166,800,1923076.923077,3571428.571429,1250000.000000,0,1.0,1,c4a54cdecc67,,334,11
c,bytes,document,100,17,jansson,2.14,10446,31688,460,42134,95730.423128,31557.687453,23733.801680,0,1.0,1,c4a54cdecc67,,335,12
c,bytes,document,100,17,flatcc,0.6.1,718,178,236,896,1392757.660167,5617977.528090,1116071.428571,0,1.0,1,c4a54cdecc67,,336,13
c,bytes,document,100,17,qcbor,1.5.1,3180,6347,343,9527,314465.408805,157554.750276,104964.836780,0,1.0,1,c4a54cdecc67,,337,14
c,bytes,document,100,17,yyjson,0.10.0,4240,7374,460,11614,235849.056604,135611.608354,86102.979163,0,1.0,1,c4a54cdecc67,,338,15
c,bytes,document,100,17,custom-binary,v2-1.0,153,106,207,259,6535947.712418,9433962.264151,3861003.861004,0,1.0,1,c4a54cdecc67,,339,16
c,bytes,document,100,17,libbson,1.27.5,4373,2775,577,7148,228675.966156,360360.360360,139899.272524,0,1.0,1,c4a54cdecc67,,340,17
c,bytes,document,100,17,json-c,0.15,8309,11048,460,19357,120351.426164,90514.120203,51660.897866,0,1.0,1,c4a54cdecc67,,341,18
c,bytes,document,100,18,yyjson,0.10.0,2498,1234,460,3732,400320.256205,810372.771475,267952.840300,0,1.0,1,c4a54cdecc67,,342,0
c,bytes,document,100,18,protobuf-wire,wire-v2,501,231,166,732,1996007.984032,4329004.329004,1366120.218579,0,1.0,1,c4a54cdecc67,,343,1
c,bytes,document,100,18,ubj,1.0-min,278,153,244,431,3597122.302158,6535947.712418,2320185.614849,0,1.0,1,c4a54cdecc67,,344,2
c,bytes,document,100,18,jansson,2.14,9693,8399,460,18092,103167.234086,119061.793071,55273.048861,0,1.0,1,c4a54cdecc67,,345,3
c,bytes,document,100,18,flatcc,0.6.1,437,160,236,597,2288329.519451,6250000.000000,1675041.876047,0,1.0,1,c4a54cdecc67,,346,4
c,bytes,document,100,18,cJSON,1.7.18,4966,3583,460,8549,201369.311317,279095.729835,116972.745350,0,1.0,1,c4a54cdecc67,,347,5
c,bytes,document,100,18,custom-binary,v2-1.0,92,194,207,286,10869565.217391,5154639.175258,3496503.496503,0,1.0,1,c4a54cdecc67,,348,6
c,bytes,document,100,18,json-c,0.15,7569,8374,460,15943,132117.849121,119417.243850,62723.452299,0,1.0,1,c4a54cdecc67,,349,7
c,bytes,document,100,18,libbson,1.27.5,4003,2489,577,6492,249812.640520,401767.778224,154035.736291,0,1.0,1,c4a54cdecc67,,350,8
c,bytes,document,100,18,nanopb,0.4.9,641,255,166,896,1560062.402496,3921568.627451,1116071.428571,0,1.0,1,c4a54cdecc67,,351,9
c,bytes,document,100,18,msgpack-c,6.0.1,1298,1297,335,2595,770416.024653,771010.023130,385356.454721,0,1.0,1,c4a54cdecc67,,352,10
c,bytes,document,100,18,protobuf-c,1.5.0,681,251,166,932,1468428.781204,3984063.745020,1072961.373391,0,1.0,1,c4a54cdecc67,,353,11
c,bytes,document,100,18,qcbor,1.5.1,2706,5546,343,8252,369549.150037,180310.133429,121182.743577,0,1.0,1,c4a54cdecc67,,354,12
c,bytes,document,100,18,parson,1.5.3,15303,5997,460,21300,65346.664053,166750.041688,46948.356808,0,1.0,1,c4a54cdecc67,,355,13
c,bytes,document,100,18,cbor-encode,0.11.0,5897,5697,457,11594,169577.751399,175530.981218,86251.509401,0,1.0,1,c4a54cdecc67,,356,14
c,bytes,document,100,18,tinycbor,0.6.0,1201,5317,343,6518,832639.467111,188075.982697,153421.294876,0,1.0,1,c4a54cdecc67,,357,15
c,bytes,document,100,18,mpack,1.1,863,3640,335,4503,1158748.551564,274725.274725,222074.172774,0,1.0,1,c4a54cdecc67,,358,16
c,bytes,document,100,18,zcbor,0.9,1330,6706,354,8036,751879.699248,149120.190874,124440.019910,0,1.0,1,c4a54cdecc67,,359,17
c,bytes,document,100,18,avro-c,1.11.3,1031,664,210,1695,969932.104753,1506024.096386,589970.501475,0,1.0,1,c4a54cdecc67,,360,18
c,bytes,document,100,19,jansson,2.14,9512,9142,460,18654,105130.361648,109385.254868,53607.805296,0,1.0,1,c4a54cdecc67,,361,0
c,bytes,document,100,19,zcbor,0.9,1174,6522,354,7696,851788.756388,153327.200245,129937.629938,0,1.0,1,c4a54cdecc67,,362,1
c,bytes,document,100,19,ubj,1.0-min,216,137,244,353,4629629.629630,7299270.072993,2832861.189802,0,1.0,1,c4a54cdecc67,,363,2
c,bytes,document,100,19,avro-c,1.11.3,386,303,210,689,2590673.575130,3300330.033003,1451378.809869,0,1.0,1,c4a54cdecc67,,364,3
c,bytes,document,100,19,mpack,1.1,546,2044,335,2590,1831501.831502,489236.790607,386100.386100,0,1.0,1,c4a54cdecc67,,365,4
c,bytes,document,100,19,custom-binary,v2-1.0,133,178,207,311,7518796.992481,5617977.528090,3215434.083601,0,1.0,1,c4a54cdecc67,,366,5
c,bytes,document,100,19,yyjson,0.10.0,2855,1879,460,4734,350262.697023,532197.977648,211237.853823,0,1.0,1,c4a54cdecc67,,367,6
c,bytes,document,100,19,tinycbor,0.6.0,882,5334,343,6216,1133786.848073,187476.565429,160875.160875,0,1.0,1,c4a54cdecc67,,368,7
c,bytes,document,100,19,msgpack-c,6.0.1,943,1169,335,2112,1060445.387063,855431.993157,473484.848485,0,1.0,1,c4a54cdecc67,,369,8
c,bytes,document,100,19,flatcc,0.6.1,665,228,236,893,1503759.398496,4385964.912281,1119820.828667,0,1.0,1,c4a54cdecc67,,370,9
c,bytes,document,100,19,protobuf-c,1.5.0,533,402,166,935,1876172.607880,2487562.189055,1069518.716578,0,1.0,1,c4a54cdecc67,,371,10
c,bytes,document,100,19,parson,1.5.3,14673,6036,460,20709,68152.388741,165672.630881,48288.183881,0,1.0,1,c4a54cdecc67,,372,11
c,bytes,document,100,19,json-c,0.15,9265,9391,460,18656,107933.081489,106484.932382,53602.058319,0,1.0,1,c4a54cdecc67,,373,12
c,bytes,document,100,19,qcbor,1.5.1,2710,5535,343,8245,369003.690037,180668.473351,121285.627653,0,1.0,1,c4a54cdecc67,,374,13
c,bytes,document,100,19,nanopb,0.4.9,539,281,166,820,1855287.569573,3558718.861210,1219512.195122,0,1.0,1,c4a54cdecc67,,375,14
c,bytes,document,100,19,libbson,1.27.5,4119,2443,577,6562,242777.373149,409332.787556,152392.563243,0,1.0,1,c4a54cdecc67,,376,15
c,bytes,document,100,19,cbor-encode,0.11.0,6506,5651,457,12157,153704.272979,176959.830119,82257.135807,0,1.0,1,c4a54cdecc67,,377,16
c,bytes,document,100,19,cJSON,1.7.18,5424,3954,460,9378,184365.781711,252908.447142,106632.544253,0,1.0,1,c4a54cdecc67,,378,17
c,bytes,document,100,19,protobuf-wire,wire-v2,729,382,166,1111,1371742.112483,2617801.047120,900090.009001,0,1.0,1,c4a54cdecc67,,379,18
c,bytes,document,100,20,mpack,1.1,773,2865,335,3638,1293661.060802,349040.139616,274876.305662,0,1.0,1,c4a54cdecc67,,380,0
c,bytes,document,100,20,parson,1.5.3,14368,5520,460,19888,69599.109131,181159.420290,50281.576830,0,1.0,1,c4a54cdecc67,,381,1
c,bytes,document,100,20,yyjson,0.10.0,3746,2121,460,5867,266951.414842,471475.719000,170444.861087,0,1.0,1,c4a54cdecc67,,382,2
c,bytes,document,100,20,protobuf-wire,wire-v2,471,231,166,702,2123142.250531,4329004.329004,1424501.424501,0,1.0,1,c4a54cdecc67,,383,3
c,bytes,document,100,20,zcbor,0.9,1434,6703,354,8137,697350.069735,149186.931225,122895.416001,0,1.0,1,c4a54cdecc67,,384,4
c,bytes,document,100,20,tinycbor,0.6.0,1240,5281,343,6521,806451.612903,189358.076122,153350.713081,0,1.0,1,c4a54cdecc67,,385,5
c,bytes,document,100,20,qcbor,1.5.1,2494,5306,343,7800,400962.309543,188465.887674,128205.128205,0,1.0,1,c4a54cdecc67,,386,6
c,bytes,document,100,20,flatcc,0.6.1,656,89,236,745,1524390.243902,11235955.056180,1342281.879195,0,1.0,1,c4a54cdecc67,,387,7
c,bytes,document,100,20,libbson,1.27.5,3599,2473,577,6072,277854.959711,404367.165386,164690.382082,0,1.0,1,c4a54cdecc67,,388,8
c,bytes,document,100,20,avro-c,1.11.3,1129,614,210,1743,885739.592560,1628664.495114,573723.465290,0,1.0,1,c4a54cdecc67,,389,9
c,bytes,document,100,20,cJSON,1.7.18,5974,3914,460,9888,167392.032139,255493.101686,101132.686084,0,1.0,1,c4a54cdecc67,,390,10
c,bytes,document,100,20,jansson,2.14,8604,8704,460,17308,116225.011623,114889.705882,57776.750636,0,1.0,1,c4a54cdecc67,,391,11
c,bytes,document,100,20,nanopb,0.4.9,616,264,166,880,1623376.623377,3787878.787879,1136363.636364,0,1.0,1,c4a54cdecc67,,392,12
c,bytes,document,100,20,protobuf-c,1.5.0,539,360,166,899,1855287.569573,2777777.777778,1112347.052280,0,1.0,1,c4a54cdecc67,,393,13
c,bytes,document,100,20,cbor-encode,0.11.0,5687,5658,457,11345,175839.634254,176740.897844,88144.557074,0,1.0,1,c4a54cdecc67,,394,14
c,bytes,document,100,20,custom-binary,v2-1.0,160,175,207,335,6250000.000000,5714285.714286,2985074.626866,0,1.0,1,c4a54cdecc67,,395,15
c,bytes,document,100,20,msgpack-c,6.0.1,1070,2742,335,3812,934579.439252,364697.301240,262329.485834,0,1.0,1,c4a54cdecc67,,396,16
c,bytes,document,100,20,ubj,1.0-min,266,137,244,403,3759398.496241,7299270.072993,2481389.578164,0,1.0,1,c4a54cdecc67,,397,17
c,bytes,document,100,20,json-c,0.15,8242,9013,460,17255,121329.774327,110950.848774,57954.216169,0,1.0,1,c4a54cdecc67,,398,18
c,bytes,document,100,21,cbor-encode,0.11.0,5820,5459,457,11279,171821.305842,183183.733284,88660.342229,0,1.0,1,c4a54cdecc67,,399,0
c,bytes,document,100,21,qcbor,1.5.1,2519,5216,343,7735,396982.929734,191717.791411,129282.482224,0,1.0,1,c4a54cdecc67,,400,1
c,bytes,document,100,21,tinycbor,0.6.0,1117,5231,343,6348,895255.147717,191168.036704,157529.930687,0,1.0,1,c4a54cdecc67,,401,2
c,bytes,document,100,21,msgpack-c,6.0.1,824,2170,335,2994,1213592.233010,460829.493088,334001.336005,0,1.0,1,c4a54cdecc67,,402,3
c,bytes,document,100,21,parson,1.5.3,14811,5805,460,20616,67517.385727,172265.288544,48506.014746,0,1.0,1,c4a54cdecc67,,403,4
c,bytes,document,100,21,yyjson,0.10.0,3550,1668,460,5218,281690.140845,599520.383693,191644.308164,0,1.0,1,c4a54cdecc67,,404,5
c,bytes,document,100,21,cJSON,1.7.18,5810,3823,460,9633,172117.039587,261574.679571,103809.820409,0,1.0,1,c4a54cdecc67,,405,6
c,bytes,document,100,21,flatcc,0.6.1,546,81,236,627,1831501.831502,12345679.012346,1594896.331738,0,1.0,1,c4a54cdecc67,,406,7
c,bytes,document,100,21,nanopb,0.4.9,491,244,166,735,2036659.877800,4098360.655738,1360544.217687,0,1.0,1,c4a54cdecc67,,407,8
c,bytes,document,100,21,jansson,2.14,8304,9033,460,17337,120423.892100,110705.192074,57680.106131,0,1.0,1,c4a54cdecc67,,408,9
c,bytes,document,100,21,protobuf-c,1.5.0,569,210,166,779,1757469.244288,4761904.761905,1283697.047497,0,1.0,1,c4a54cdecc67,,409,10
c,bytes,document,100,21,json-c,0.15,8037,8909,460,16946,124424.536519,112246.043327,59010.976042,0,1.0,1,c4a54cdecc67,,410,11
c,bytes,document,100,21,libbson,1.27.5,3801,2568,577,6369,263088.660879,389408.099688,157010.519705,0,1.0,1,c4a54cdecc67,,411,12
c,bytes,document,100,21,protobuf-wire,wire-v2,556,416,166,972,1798561.151079,2403846.153846,1028806.584362,0,1.0,1,c4a54cdecc67,,412,13
c,bytes,document,100,21,zcbor,0.9,1376,7045,354,8421,726744.186047,141944.641590,118750.742192,0,1.0,1,c4a54cdecc67,,413,14
c,bytes,document,100,21,mpack,1.1,735,1558,335,2293,1360544.217687,641848.523748,436109.899695,0,1.0,1,c4a54cdecc67,,414,15
c,bytes,document,100,21,custom-binary,v2-1.0,175,108,207,283,5714285.714286,9259259.259259,3533568.904594,0,1.0,1,c4a54cdecc67,,415,16
c,bytes,document,100,21,ubj,1.0-min,283,173,244,456,3533568.904594,5780346.820809,2192982.456140,0,1.0,1,c4a54cdecc67,,416,17
c,bytes,document,100,21,avro-c,1.11.3,681,814,210,1495,1468428.781204,1228501.228501,668896.321070,0,1.0,1,c4a54cdecc67,,417,18
c,bytes,document,100,22,custom-binary,v2-1.0,120,83,207,203,8333333.333333,12048192.771084,4926108.374384,0,1.0,1,c4a54cdecc67,,418,0
c,bytes,document,100,22,qcbor,1.5.1,2632,5799,343,8431,379939.209726,172443.524746,118609.892065,0,1.0,1,c4a54cdecc67,,419,1
c,bytes,document,100,22,json-c,0.15,7650,8588,460,16238,130718.954248,116441.546344,61583.938909,0,1.0,1,c4a54cdecc67,,420,2
c,bytes,document,100,22,tinycbor,0.6.0,1218,5391,343,6609,821018.062397,185494.342423,151308.821304,0,1.0,1,c4a54cdecc67,,421,3
c,bytes,document,100,22,nanopb,0.4.9,622,231,166,853,1607717.041801,4329004.329004,1172332.942556,0,1.0,1,c4a54cdecc67,,422,4
c,bytes,document,100,22,yyjson,0.10.0,2801,1551,460,4352,357015.351660,644745.325596,229779.411765,0,1.0,1,c4a54cdecc67,,423,5
c,bytes,document,100,22,cJSON,1.7.18,5831,4133,460,9964,171497.170297,241954.996371,100361.300682,0,1.0,1,c4a54cdecc67,,424,6
c,bytes,document,100,22,mpack,1.1,774,1871,335,2645,1291989.664083,534473.543560,378071.833648,0,1.0,1,c4a54cdecc67,,425,7
c,bytes,document,100,22,protobuf-wire,wire-v2,487,282,166,769,2053388.090349,3546099.290780,1300390.117035,0,1.0,1,c4a54cdecc67,,426,8
c,bytes,document,100,22,flatcc,0.6.1,476,289,236,765,2100840.336134,3460207.612457,1307189.542484,0,1.0,1,c4a54cdecc67,,427,9
c,bytes,document,100,22,cbor-encode,0.11.0,6861,5823,457,12684,145751.348200,171732.783788,78839.482813,0,1.0,1,c4a54cdecc67,,428,10
c,bytes,document,100,22,avro-c,1.11.3,490,477,210,967,2040816.326531,2096436.058700,1034126.163392,0,1.0,1,c4a54cdecc67,,429,11
c,bytes,document,100,22,libbson,1.27.5,4214,2550,577,6764,237304.224015,392156.862745,147841.513897,0,1.0,1,c4a54cdecc67,,430,12
c,bytes,document,100,22,parson,1.5.3,15960,6556,460,22516,62656.641604,152532.031727,44412.861965,0,1.0,1,c4a54cdecc67,,431,13
c,bytes,document,100,22,protobuf-c,1.5.0,557,250,166,807,1795332.136445,4000000.000000,1239157.372986,0,1.0,1,c4a54cdecc67,,432,14
c,bytes,document,100,22,zcbor,0.9,1383,6826,354,8209,723065.798988,146498.681512,121817.517359,0,1.0,1,c4a54cdecc67,,433,15
c,bytes,document,100,22,ubj,1.0-min,210,247,244,457,4761904.761905,4048582.995951,2188183.807440,0,1.0,1,c4a54cdecc67,,434,16
c,bytes,document,100,22,msgpack-c,6.0.1,1095,2411,335,3506,913242.009132,414765.657404,285225.328009,0,1.0,1,c4a54cdecc67,,435,17
c,bytes,document,100,22,jansson,2.14,10477,9281,460,19758,95447.169991,107747.010020,50612.410163,0,1.0,1,c4a54cdecc67,,436,18
c,bytes,document,100,23,protobuf-c,1.5.0,429,192,166,621,2331002.331002,5208333.333333,1610305.958132,0,1.0,1,c4a54cdecc67,,437,0
c,bytes,document,100,23,flatcc,0.6.1,415,90,236,505,2409638.554217,11111111.111111,1980198.019802,0,1.0,1,c4a54cdecc67,,438,1
c,bytes,document,100,23,protobuf-wire,wire-v2,524,267,166,791,1908396.946565,3745318.352060,1264222.503161,0,1.0,1,c4a54cdecc67,,439,2
c,bytes,document,100,23,tinycbor,0.6.0,1199,5492,343,6691,834028.356964,182083.029862,149454.491107,0,1.0,1,c4a54cdecc67,,440,3
c,bytes,document,100,23,custom-binary,v2-1.0,173,177,207,350,5780346.820809,5649717.514124,2857142.857143,0,1.0,1,c4a54cdecc67,,441,4
c,bytes,document,100,23,qcbor,1.5.1,2529,5161,343,7690,395413.206801,193760.899051,130039.011704,0,1.0,1,c4a54cdecc67,,442,5
c,bytes,document,100,23,zcbor,0.9,1189,6683,354,7872,841042.893188,149633.398174,127032.520325,0,1.0,1,c4a54cdecc67,,443,6
c,bytes,document,100,23,mpack,1.1,664,2219,335,2883,1506024.096386,450653.447499,346860.908776,0,1.0,1,c4a54cdecc67,,444,7
c,bytes,document,100,23,nanopb,0.4.9,524,253,166,777,1908396.946565,3952569.169960,1287001.287001,0,1.0,1,c4a54cdecc67,,445,8
c,bytes,document,100,23,msgpack-c,6.0.1,1206,1206,335,2412,829187.396352,829187.396352,414593.698176,0,1.0,1,c4a54cdecc67,,446,9
c,bytes,document,100,23,parson,1.5.3,14999,6200,460,21199,66671.111407,161290.322581,47172.036417,0,1.0,1,c4a54cdecc67,,447,10
c,bytes,document,100,23,ubj,1.0-min,197,108,244,305,5076142.131980,9259259.259259,3278688.524590,0,1.0,1,c4a54cdecc67,,448,11
c,bytes,document,100,23,libbson,1.27.5,4312,2757,577,7069,231910.946197,362713.093943,141462.724572,0,1.0,1,c4a54cdecc67,,449,12
c,bytes,document,100,23,jansson,2.14,13140,8543,460,21683,76103.500761,117054.898748,46119.079463,0,1.0,1,c4a54cdecc67,,450,13
c,bytes,document,100,23,json-c,0.15,7824,9801,460,17625,127811.860941,102030.405061,56737.588652,0,1.0,1,c4a54cdecc67,,451,14
c,bytes,document,100,23,yyjson,0.10.0,24966,1656,460,26622,40054.474085,603864.734300,37562.917887,0,1.0,1,c4a54cdecc67,,452,15
c,bytes,document,100,23,avro-c,1.11.3,553,521,210,1074,1808318.264014,1919385.796545,931098.696462,0,1.0,1,c4a54cdecc67,,453,16
c,bytes,document,100,23,cJSON,1.7.18,6492,4283,460,10775,154035.736291,233481.204763,92807.424594,0,1.0,1,c4a54cdecc67,,454,17
c,bytes,document,100,23,cbor-encode,0.11.0,6299,6173,457,12472,158755.357993,161995.788110,80179.602309,0,1.0,1,c4a54cdecc67,,455,18
c,bytes,document,100,24,nanopb,0.4.9,575,291,166,866,1739130.434783,3436426.116838,1154734.411085,0,1.0,1,c4a54cdecc67,,456,0
c,bytes,document,100,24,tinycbor,0.6.0,1183,5660,343,6843,845308.537616,176678.445230,146134.736227,0,1.0,1,c4a54cdecc67,,457,1
c,bytes,document,100,24,parson,1.5.3,14191,6177,460,20368,70467.197520,161890.885543,49096.622152,0,1.0,1,c4a54cdecc67,,458,2
c,bytes,document,100,24,protobuf-wire,wire-v2,603,268,166,871,1658374.792703,3731343.283582,1148105.625718,0,1.0,1,c4a54cdecc67,,459,3
c,bytes,document,100,24,avro-c,1.11.3,398,429,210,827,2512562.814070,2331002.331002,1209189.842805,0,1.0,1,c4a54cdecc67,,460,4
c,bytes,document,100,24,protobuf-c,1.5.0,695,285,166,980,1438848.920863,3508771.929825,1020408.163265,0,1.0,1,c4a54cdecc67,,461,5
c,bytes,document,100,24,custom-binary,v2-1.0,185,117,207,302,5405405.405405,8547008.547009,3311258.278146,0,1.0,1,c4a54cdecc67,,462,6
c,bytes,document,100,24,yyjson,0.10.0,4891,1511,460,6402,204457.166224,661813.368630,156201.187129,0,1.0,1,c4a54cdecc67,,463,7
c,bytes,document,100,24,qcbor,1.5.1,3109,5783,343,8892,321646.831779,172920.629431,112460.638776,0,1.0,1,c4a54cdecc67,,464,8
c,bytes,document,100,24,zcbor,0.9,1991,7001,354,8992,502260.170768,142836.737609,111209.964413,0,1.0,1,c4a54cdecc67,,465,9
c,bytes,document,100,24,json-c,0.15,8578,9768,460,18346,116577.290744,102375.102375,54507.794615,0,1.0,1,c4a54cdecc67,,466,10
c,bytes,document,100,24,mpack,1.1,776,1695,335,2471,1288659.793814,589970.501475,404694.455686,0,1.0,1,c4a54cdecc67,,467,11
c,bytes,document,100,24,libbson,1.27.5,3678,2979,577,6657,271886.895052,335683.115139,150217.815833,0,1.0,1,c4a54cdecc67,,468,12
c,bytes,document,100,24,cbor-encode,0.11.0,7087,6041,457,13128,141103.428813,165535.507366,76173.065204,0,1.0,1,c4a54cdecc67,,469,13
c,bytes,document,100,24,ubj,1.0-min,240,180,244,420,4166666.666667,5555555.555556,2380952.380952,0,1.0,1,c4a54cdecc67,,470,14
c,bytes,document,100,24,msgpack-c,6.0.1,983,2413,335,3396,1017293.997965,414421.881475,294464.075383,0,1.0,1,c4a54cdecc67,,471,15
c,bytes,document,100,24,jansson,2.14,10122,8675,460,18797,98794.704604,115273.775216,53199.978720,0,1.0,1,c4a54cdecc67,,472,16
c,bytes,document,100,24,flatcc,0.6.1,543,102,236,645,1841620.626151,9803921.568627,1550387.596899,0,1.0,1,c4a54cdecc67,,473,17
c,bytes,document,100,24,cJSON,1.7.18,5266,3781,460,9047,189897.455374,264480.296218,110533.878634,0,1.0,1,c4a54cdecc67,,474,18
c,bytes,document,100,25,msgpack-c,6.0.1,839,1763,335,2602,1191895.113230,567214.974475,384319.754035,0,1.0,1,c4a54cdecc67,,475,0
c,bytes,document,100,25,protobuf-wire,wire-v2,555,253,166,808,1801801.801802,3952569.169960,1237623.762376,0,1.0,1,c4a54cdecc67,,476,1
c,bytes,document,100,25,jansson,2.14,8727,8467,460,17194,114586.914174,118105.586394,58159.823194,0,1.0,1,c4a54cdecc67,,477,2
c,bytes,document,100,25,libbson,1.27.5,4121,2420,577,6541,242659.548653,413223.140496,152881.822351,0,1.0,1,c4a54cdecc67,,478,3
c,bytes,document,100,25,yyjson,0.10.0,2726,1533,460,4259,366837.857667,652315.720809,234796.900681,0,1.0,1,c4a54cdecc67,,479,4
c,bytes,document,100,25,nanopb,0.4.9,544,367,166,911,1838235.294118,2724795.640327,1097694.840834,0,1.0,1,c4a54cdecc67,,480,5
c,bytes,document,100,25,cJSON,1.7.18,5540,3762,460,9302,180505.415162,265816.055290,107503.762632,0,1.0,1,c4a54cdecc67,,481,6
c,bytes,document,100,25,qcbor,1.5.1,2609,5935,343,8544,383288.616328,168491.996630,117041.198502,0,1.0,1,c4a54cdecc67,,482,7
c,bytes,document,100,25,protobuf-c,1.5.0,562,258,166,820,1779359.430605,3875968.992248,1219512.195122,0,1.0,1,c4a54cdecc67,,483,8
c,bytes,document,100,25,flatcc,0.6.1,367,77,236,444,2724795.640327,12987012.987013,2252252.252252,0,1.0,1,c4a54cdecc67,,484,9
c,bytes,document,100,25,parson,1.5.3,14579,5654,460,20233,68591.810138,176865.935621,49424.207977,0,1.0,1,c4a54cdecc67,,485,10
c,bytes,document,100,25,cbor-encode,0.11.0,5703,5797,457,11500,175346.308960,172503.018803,86956.521739,0,1.0,1,c4a54cdecc67,,486,11
c,bytes,document,100,25,json-c,0.15,7894,9446,460,17340,126678.489992,105864.916367,57670.126874,0,1.0,1,c4a54cdecc67,,487,12
c,bytes,document,100,25,ubj,1.0-min,235,168,244,403,4255319.148936,5952380.952381,2481389.578164,0,1.0,1,c4a54cdecc67,,488,13
c,bytes,document,100,25,zcbor,0.9,1332,6931,354,8263,750750.750751,144279.324773,121021.420791,0,1.0,1,c4a54cdecc67,,489,14
c,bytes,document,100,25,avro-c,1.11.3,763,474,210,1237,1310615.989515,2109704.641350,808407.437348,0,1.0,1,c4a54cdecc67,,490,15
c,bytes,document,100,25,mpack,1.1,739,1769,335,2508,1353179.972936,565291.124929,398724.082935,0,1.0,1,c4a54cdecc67,,491,16
c,bytes,document,100,25,custom-binary,v2-1.0,181,109,207,290,5524861.878453,9174311.926606,3448275.862069,0,1.0,1,c4a54cdecc67,,492,17
c,bytes,document,100,25,tinycbor,0.6.0,1178,5373,343,6551,848896.434635,186115.764005,152648.450618,0,1.0,1,c4a54cdecc67,,493,18
c,bytes,document,100,26,libbson,1.27.5,3567,2528,577,6095,280347.631063,395569.620253,164068.908942,0,1.0,1,c4a54cdecc67,,494,0
c,bytes,document,100,26,mpack,1.1,661,1215,335,1876,1512859.304085,823045.267490,533049.040512,0,1.0,1,c4a54cdecc67,,495,1
c,bytes,document,100,26,qcbor,1.5.1,2464,5450,343,7914,405844.155844,183486.238532,126358.352287,0,1.0,1,c4a54cdecc67,,496,2
c,bytes,document,100,26,yyjson,0.10.0,2458,1551,460,4009,406834.825061,644745.325596,249438.762784,0,1.0,1,c4a54cdecc67,,497,3
c,bytes,document,100,26,cbor-encode,0.11.0,6374,5514,457,11888,156887.354879,181356.546971,84118.438762,0,1.0,1,c4a54cdecc67,,498,4
c,bytes,document,100,26,nanopb,0.4.9,581,274,166,855,1721170.395869,3649635.036496,1169590.643275,0,1.0,1,c4a54cdecc67,,499,5
c,bytes,document,100,26,json-c,0.15,6887,8927,460,15814,145201.103528,112019.715470,63235.108132,0,1.0,1,c4a54cdecc67,,500,6
c,bytes,document,100,26,zcbor,0.9,1255,6688,354,7943,796812.749004,149521.531100,125897.016241,0,1.0,1,c4a54cdecc67,,501,7
c,bytes,document,100,26,jansson,2.14,11139,9027,460,20166,89774.665589,110778.774787,49588.416146,0,1.0,1,c4a54cdecc67,,502,8
c,bytes,document,100,26,ubj,1.0-min,250,138,244,388,4000000.000000,7246376.811594,2577319.587629,0,1.0,1,c4a54cdecc67,,503,9
c,bytes,document,100,26,cJSON,1.7.18,5378,4216,460,9594,185942.729639,237191.650854,104231.811549,0,1.0,1,c4a54cdecc67,,504,10
c,bytes,document,100,26,tinycbor,0.6.0,1036,5401,343,6437,965250.965251,185150.897982,155351.871990,0,1.0,1,c4a54cdecc67,,505,11
c,bytes,document,100,26,protobuf-wire,wire-v2,620,334,166,954,1612903.225806,2994011.976048,1048218.029350,0,1.0,1,c4a54cdecc67,,506,12
c,bytes,document,100,26,flatcc,0.6.1,504,126,236,630,1984126.984127,7936507.936508,1587301.587302,0,1.0,1,c4a54cdecc67,,507,13
c,bytes,document,100,26,protobuf-c,1.5.0,556,293,166,849,1798561.151079,3412969.283276,1177856.301531,0,1.0,1,c4a54cdecc67,,508,14
c,bytes,document,100,26,msgpack-c,6.0.1,1067,2069,335,3136,937207.122774,483325.277912,318877.551020,0,1.0,1,c4a54cdecc67,,509,15
c,bytes,document,100,26,avro-c,1.11.3,515,473,210,988,1941747.572816,2114164.904863,1012145.748988,0,1.0,1,c4a54cdecc67,,510,16
c,bytes,document,100,26,parson,1.5.3,16641,6521,460,23162,60092.542515,153350.713081,43174.164580,0,1.0,1,c4a54cdecc67,,511,17
c,bytes,document,100,26,custom-binary,v2-1.0,156,97,207,253,6410256.410256,10309278.350515,3952569.169960,0,1.0,1,c4a54cdecc67,,512,18
c,bytes,document,100,27,custom-binary,v2-1.0,119,59,207,178,8403361.344538,16949152.542373,5617977.528090,0,1.0,1,c4a54cdecc67,,513,0
c,bytes,document,100,27,zcbor,0.9,1323,6740,354,8063,755857.898715,148367.952522,124023.316383,0,1.0,1,c4a54cdecc67,,514,1
c,bytes,document,100,27,yyjson,0.10.0,3738,1640,460,5378,267522.739433,609756.097561,185942.729639,0,1.0,1,c4a54cdecc67,,515,2
c,bytes,document,100,27,avro-c,1.11.3,349,351,210,700,2865329.512894,2849002.849003,1428571.428571,0,1.0,1,c4a54cdecc67,,516,3
c,bytes,document,100,27,msgpack-c,6.0.1,841,1188,335,2029,1189060.642093,841750.841751,492853.622474,0,1.0,1,c4a54cdecc67,,517,4
c,bytes,document,100,27,jansson,2.14,9359,8537,460,17896,106849.022331,117137.167623,55878.408583,0,1.0,1,c4a54cdecc67,,518,5
c,bytes,document,100,27,ubj,1.0-min,196,136,244,332,5102040.816327,7352941.176471,3012048.192771,0,1.0,1,c4a54cdecc67,,519,6
c,bytes,document,100,27,protobuf-c,1.5.0,535,249,166,784,1869158.878505,4016064.257028,1275510.204082,0,1.0,1,c4a54cdecc67,,520,7
c,bytes,document,100,27,mpack,1.1,706,2099,335,2805,1416430.594901,476417.341591,356506.238859,0,1.0,1,c4a54cdecc67,,521,8
c,bytes,document,100,27,flatcc,0.6.1,462,100,236,562,2164502.164502,10000000.000000,1779359.430605,0,1.0,1,c4a54cdecc67,,522,9
c,bytes,document,100,27,parson,1.5.3,29537,6216,460,35753,33855.841826,160875.160875,27969.680866,0,1.0,1,c4a54cdecc67,,523,10
c,bytes,document,100,27,nanopb,0.4.9,577,283,166,860,1733102.253033,3533568.904594,1162790.697674,0,1.0,1,c4a54cdecc67,,524,11
c,bytes,document,100,27,cbor-encode,0.11.0,5834,5867,457,11701,171408.981831,170444.861087,85462.780959,0,1.0,1,c4a54cdecc67,,525,12
c,bytes,document,100,27,tinycbor,0.6.0,1055,5355,343,6410,947867.298578,186741.363212,156006.240250,0,1.0,1,c4a54cdecc67,,526,13
c,bytes,document,100,27,libbson,1.27.5,6160,2732,577,8892,162337.662338,366032.210835,112460.638776,0,1.0,1,c4a54cdecc67,,527,14
c,bytes,document,100,27,qcbor,1.5.1,2701,5453,343,8154,370233.246946,183385.292500,122639.195487,0,1.0,1,c4a54cdecc67,,528,15
c,bytes,document,100,27,protobuf-wire,wire-v2,597,257,166,854,1675041.876047,3891050.583658,1170960.187354,0,1.0,1,c4a54cdecc67,,529,16
c,bytes,document,100,27,json-c,0.15,8049,9660,460,17709,124239.035905,103519.668737,56468.462364,0,1.0,1,c4a54cdecc67,,530,17
c,bytes,document,100,27,cJSON,1.7.18,6320,4473,460,10793,158227.848101,223563.603845,92652.645233,0,1.0,1,c4a54cdecc67,,531,18
c,bytes,document,100,28,jansson,2.14,8511,8548,460,17059,117495.006462,116986.429574,58620.083241,0,1.0,1,c4a54cdecc67,,532,0
c,bytes,document,100,28,cbor-encode,0.11.0,5270,5511,457,10781,189753.320683,181455.271276,92755.774047,0,1.0,1,c4a54cdecc67,,533,1
c,bytes,document,100,28,avro-c,1.11.3,640,487,210,1127,1562500.000000,2053388.090349,887311.446318,0,1.0,1,c4a54cdecc67,,534,2
c,bytes,document,100,28,nanopb,0.4.9,497,237,166,734,2012072.434608,4219409.282700,1362397.820163,0,1.0,1,c4a54cdecc67,,535,3
c,bytes,document,100,28,zcbor,0.9,1353,6573,354,7926,739098.300074,152137.532329,126167.045168,0,1.0,1,c4a54cdecc67,,536,4
c,bytes,document,100,28,protobuf-c,1.5.0,577,256,166,833,1733102.253033,3906250.000000,1200480.192077,0,1.0,1,c4a54cdecc67,,537,5
c,bytes,document,100,28,libbson,1.27.5,3377,2510,577,5887,296120.817293,398406.374502,169865.806013,0,1.0,1,c4a54cdecc67,,538,6
c,bytes,document,100,28,parson,1.5.3,13796,5732,460,19528,72484.778197,174459.176553,51208.521098,0,1.0,1,c4a54cdecc67,,539,7
c,bytes,document,100,28,yyjson,0.10.0,4694,1602,460,6296,213037.920750,624219.725343,158831.003812,0,1.0,1,c4a54cdecc67,,540,8
c,bytes,document,100,28,msgpack-c,6.0.1,1009,1296,335,2305,991080.277502,771604.938272,433839.479393,0,1.0,1,c4a54cdecc67,,541,9
c,bytes,document,100,28,cJSON,1.7.18,6017,4105,460,10122,166195.778627,243605.359318,98794.704604,0,1.0,1,c4a54cdecc67,,542,10
c,bytes,document,100,28,json-c,0.15,8331,8910,460,17241,120033.609411,112233.445567,58001.276028,0,1.0,1,c4a54cdecc67,,543,11
c,bytes,document,100,28,ubj,1.0-min,247,136,244,383,4048582.995951,7352941.176471,2610966.057441,0,1.0,1,c4a54cdecc67,,544,12
c,bytes,document,100,28,qcbor,1.5.1,2600,5629,343,8229,384615.384615,177651.447859,121521.448536,0,1.0,1,c4a54cdecc67,,545,13
c,bytes,document,100,28,protobuf-wire,wire-v2,576,247,166,823,1736111.111111,4048582.995951,1215066.828676,0,1.0,1,c4a54cdecc67,,546,14
c,bytes,document,100,28,mpack,1.1,789,1697,335,2486,1267427.122940,589275.191514,402252.614642,0,1.0,1,c4a54cdecc67,,547,15
c,bytes,document,100,28,tinycbor,0.6.0,1056,5483,343,6539,946969.696970,182381.907715,152928.582352,0,1.0,1,c4a54cdecc67,,548,16
c,bytes,document,100,28,custom-binary,v2-1.0,177,101,207,278,5649717.514124,9900990.099010,3597122.302158,0,1.0,1,c4a54cdecc67,,549,17
c,bytes,document,100,28,flatcc,0.6.1,622,110,236,732,1607717.041801,9090909.090909,1366120.218579,0,1.0,1,c4a54cdecc67,,550,18
c,bytes,document,100,29,custom-binary,v2-1.0,80,65,207,145,12500000.000000,15384615.384615,6896551.724138,0,1.0,1,c4a54cdecc67,,551,0
c,bytes,document,100,29,msgpack-c,6.0.1,898,1118,335,2016,1113585.746102,894454.382826,496031.746032,0,1.0,1,c4a54cdecc67,,552,1
c,bytes,document,100,29,cbor-encode,0.11.0,6327,5642,457,11969,158052.789632,177242.112726,83549.168686,0,1.0,1,c4a54cdecc67,,553,2
c,bytes,document,100,29,cJSON,1.7.18,4952,3612,460,8564,201938.610662,276854.928018,116767.865483,0,1.0,1,c4a54cdecc67,,554,3
c,bytes,document,100,29,libbson,1.27.5,3269,2437,577,5706,305903.946161,410340.582684,175254.118472,0,1.0,1,c4a54cdecc67,,555,4
c,bytes,document,100,29,avro-c,1.11.3,519,440,210,959,1926782.273603,2272727.272727,1042752.867570,0,1.0,1,c4a54cdecc67,,556,5
c,bytes,document,100,29,qcbor,1.5.1,2497,5394,343,7891,400480.576692,185391.175380,126726.650615,0,1.0,1,c4a54cdecc67,,557,6
c,bytes,document,100,29,mpack,1.1,625,2379,335,3004,1600000.000000,420344.682640,332889.480692,0,1.0,1,c4a54cdecc67,,558,7
c,bytes,document,100,29,zcbor,0.9,1409,6558,354,7967,709723.207949,152485.513876,125517.760763,0,1.0,1,c4a54cdecc67,,559,8
c,bytes,document,100,29,jansson,2.14,11610,8719,460,20329,86132.644272,114692.051841,49190.811156,0,1.0,1,c4a54cdecc67,,560,9
c,bytes,document,100,29,protobuf-wire,wire-v2,550,278,166,828,1818181.818182,3597122.302158,1207729.468599,0,1.0,1,c4a54cdecc67,,561,10
c,bytes,document,100,29,ubj,1.0-min,214,134,244,348,4672897.196262,7462686.567164,2873563.218391,0,1.0,1,c4a54cdecc67,,562,11
c,bytes,document,100,29,json-c,0.15,7826,8976,460,16802,127779.197547,111408.199643,59516.724200,0,1.0,1,c4a54cdecc67,,563,12
c,bytes,document,100,29,protobuf-c,1.5.0,581,236,166,817,1721170.395869,4237288.135593,1223990.208078,0,1.0,1,c4a54cdecc67,,564,13
c,bytes,document,100,29,tinycbor,0.6.0,1056,5534,343,6590,946969.696970,180701.120347,151745.068285,0,1.0,1,c4a54cdecc67,,565,14
c,bytes,document,100,29,parson,1.5.3,18216,6452,460,24668,54896.794027,154990.700558,40538.349278,0,1.0,1,c4a54cdecc67,,566,15
c,bytes,document,100,29,nanopb,0.4.9,541,219,166,760,1848428.835490,4566210.045662,1315789.473684,0,1.0,1,c4a54cdecc67,,567,16
c,bytes,document,100,29,flatcc,0.6.1,462,110,236,572,2164502.164502,9090909.090909,1748251.748252,0,1.0,1,c4a54cdecc67,,568,17
c,bytes,document,100,29,yyjson,0.10.0,3470,1528,460,4998,288184.438040,654450.261780,200080.032013,0,1.0,1,c4a54cdecc67,,569,18
c,bytes,document,100,30,libbson,1.27.5,3264,2385,577,5649,306372.549020,419287.211740,177022.481855,0,1.0,1,c4a54cdecc67,,570,0
c,bytes,document,100,30,tinycbor,0.6.0,858,5740,343,6598,1165501.165501,174216.027875,151561.079115,0,1.0,1,c4a54cdecc67,,571,1
c,bytes,document,100,30,protobuf-wire,wire-v2,551,264,166,815,1814882.032668,3787878.787879,1226993.865031,0,1.0,1,c4a54cdecc67,,572,2
c,bytes,document,100,30,jansson,2.14,9186,8577,460,17763,108861.310690,116590.882593,56296.796712,0,1.0,1,c4a54cdecc67,,573,3
c,bytes,document,100,30,cJSON,1.7.18,4921,3927,460,8848,203210.729527,254647.313471,113019.891501,0,1.0,1,c4a54cdecc67,,574,4
c,bytes,document,100,30,cbor-encode,0.11.0,5819,5721,457,11540,171850.833477,174794.616326,86655.112652,0,1.0,1,c4a54cdecc67,,575,5
c,bytes,document,100,30,zcbor,0.9,1242,6438,354,7680,805152.979066,155327.741535,130208.333333,0,1.0,1,c4a54cdecc67,,576,6
c,bytes,document,100,30,custom-binary,v2-1.0,165,109,207,274,6060606.060606,9174311.926606,3649635.036496,0,1.0,1,c4a54cdecc67,,577,7
c,bytes,document,100,30,json-c,0.15,8282,9025,460,17307,120743.781695,110803.324100,57780.088981,0,1.0,1,c4a54cdecc67,,578,8
c,bytes,document,100,30,flatcc,0.6.1,419,76,236,495,2386634.844869,13157894.736842,2020202.020202,0,1.0,1,c4a54cdecc67,,579,9
c,bytes,document,100,30,yyjson,0.10.0,2733,1466,460,4199,365898.280278,682128.240109,238151.940938,0,1.0,1,c4a54cdecc67,,580,10
c,bytes,document,100,30,nanopb,0.4.9,532,219,166,751,1879699.248120,4566210.045662,1331557.922770,0,1.0,1,c4a54cdecc67,,581,11
c,bytes,document,100,30,protobuf-c,1.5.0,564,242,166,806,1773049.645390,4132231.404959,1240694.789082,0,1.0,1,c4a54cdecc67,,582,12
c,bytes,document,100,30,qcbor,1.5.1,2613,5510,343,8123,382701.875239,181488.203267,123107.226394,0,1.0,1,c4a54cdecc67,,583,13
c,bytes,document,100,30,parson,1.5.3,14807,5846,460,20653,67535.625042,171057.133082,48419.115867,0,1.0,1,c4a54cdecc67,,584,14
c,bytes,document,100,30,avro-c,1.11.3,551,420,210,971,1814882.032668,2380952.380952,1029866.117405,0,1.0,1,c4a54cdecc67,,585,15
c,bytes,document,100,30,msgpack-c,6.0.1,995,2389,335,3384,1005025.125628,418585.182085,295508.274232,0,1.0,1,c4a54cdecc67,,586,16
c,bytes,document,100,30,ubj,1.0-min,224,253,244,477,4464285.714286,3952569.169960,2096436.058700,0,1.0,1,c4a54cdecc67,,587,17
c,bytes,document,100,30,mpack,1.1,693,1408,335,2101,1443001.443001,710227.272727,475963.826749,0,1.0,1,c4a54cdecc67,,588,18
c,bytes,document,100,31,protobuf-c,1.5.0,506,229,166,735,1976284.584980,4366812.227074,1360544.217687,0,1.0,1,c4a54cdecc67,,589,0
c,bytes,document,100,31,tinycbor,0.6.0,928,6333,343,7261,1077586.206897,157903.047529,137722.076849,0,1.0,1,c4a54cdecc67,,590,1
c,bytes,document,100,31,parson,1.5.3,12994,5089,460,18083,76958.596275,196502.259776,55300.558536,0,1.0,1,c4a54cdecc67,,591,2
c,bytes,document,100,31,json-c,0.15,6364,9324,460,15688,157133.878064,107250.107250,63742.988271,0,1.0,1,c4a54cdecc67,,592,3
c,bytes,document,100,31,nanopb,0.4.9,463,214,166,677,2159827.213823,4672897.196262,1477104.874446,0,1.0,1,c4a54cdecc67,,593,4
c,bytes,document,100,31,avro-c,1.11.3,338,318,210,656,2958579.881657,3144654.088050,1524390.243902,0,1.0,1,c4a54cdecc67,,594,5
c,bytes,document,100,31,mpack,1.1,557,1412,335,1969,1795332.136445,708215.297450,507872.016252,0,1.0,1,c4a54cdecc67,,595,6
c,bytes,document,100,31,custom-binary,v2-1.0,152,92,207,244,6578947.368421,10869565.217391,4098360.655738,0,1.0,1,c4a54cdecc67,,596,7
c,bytes,document,100,31,protobuf-wire,wire-v2,495,266,166,761,2020202.020202,3759398.496241,1314060.446781,0,1.0,1,c4a54cdecc67,,597,8
c,bytes,document,100,31,flatcc,0.6.1,444,83,236,527,2252252.252252,12048192.771084,1897533.206831,0,1.0,1,c4a54cdecc67,,598,9
c,bytes,document,100,31,yyjson,0.10.0,2243,1370,460,3613,445831.475702,729927.007299,276778.300581,0,1.0,1,c4a54cdecc67,,599,10
c,bytes,document,100,31,zcbor,0.9,1180,6370,354,7550,847457.627119,156985.871272,132450.331126,0,1.0,1,c4a54cdecc67,,600,11
c,bytes,document,100,31,cbor-encode,0.11.0,5838,5021,457,10859,171291.538198,199163.513244,92089.511005,0,1.0,1,c4a54cdecc67,,601,12
c,bytes,document,100,31,msgpack-c,6.0.1,1008,2103,335,3111,992063.492063,475511.174513,321440.051430,0,1.0,1,c4a54cdecc67,,602,13
c,bytes,document,100,31,cJSON,1.7.18,6202,3873,460,10075,161238.310223,258197.779499,99255.583127,0,1.0,1,c4a54cdecc67,,603,14
c,bytes,document,100,31,qcbor,1.5.1,2595,5397,343,7992,385356.454721,185288.123031,125125.125125,0,1.0,1,c4a54cdecc67,,604,15
c,bytes,document,100,31,jansson,2.14,8466,8342,460,16808,118119.536971,119875.329657,59495.478344,0,1.0,1,c4a54cdecc67,,605,16
c,bytes,document,100,31,ubj,1.0-min,222,123,244,345,4504504.504505,8130081.300813,2898550.724638,0,1.0,1,c4a54cdecc67,,606,17
c,bytes,document,100,31,libbson,1.27.5,4224,2446,577,6670,236742.424242,408830.744072,149925.037481,0,1.0,1,c4a54cdecc67,,607,18
c,bytes,document,100,32,protobuf-c,1.5.0,562,240,166,802,1779359.430605,4166666.666667,1246882.793017,0,1.0,1,c4a54cdecc67,,608,0
c,bytes,document,100,32,zcbor,0.9,1260,6741,354,8001,793650.793651,148345.942738,124984.376953,0,1.0,1,c4a54cdecc67,,609,1
c,bytes,document,100,32,msgpack-c,6.0.1,992,1278,335,2270,1008064.516129,782472.613459,440528.634361,0,1.0,1,c4a54cdecc67,,610,2
c,bytes,document,100,32,yyjson,0.10.0,2534,1353,460,3887,394632.991318,739098.300074,257267.815796,0,1.0,1,c4a54cdecc67,,611,3
c,bytes,document,100,32,tinycbor,0.6.0,1050,5533,343,6583,952380.952381,180733.779143,151906.425642,0,1.0,1,c4a54cdecc67,,612,4
c,bytes,document,100,32,libbson,1.27.5,2933,2187,577,5120,340947.834981,457247.370828,195312.500000,0,1.0,1,c4a54cdecc67,,613,5
c,bytes,document,100,32,custom-binary,v2-1.0,154,107,207,261,6493506.493506,9345794.392523,3831417.624521,0,1.0,1,c4a54cdecc67,,614,6
c,bytes,document,100,32,cJSON,1.7.18,5525,3789,460,9314,180995.475113,263921.879124,107365.256603,0,1.0,1,c4a54cdecc67,,615,7
c,bytes,document,100,32,cbor-encode,0.11.0,5337,5589,457,10926,187371.182312,178922.884237,91524.803222,0,1.0,1,c4a54cdecc67,,616,8
c,bytes,document,100,32,avro-c,1.11.3,492,392,210,884,2032520.325203,2551020.408163,1131221.719457,0,1.0,1,c4a54cdecc67,,617,9
c,bytes,document,100,32,flatcc,0.6.1,453,73,236,526,2207505.518764,13698630.136986,1901140.684411,0,1.0,1,c4a54cdecc67,,618,10
c,bytes,document,100,32,jansson,2.14,7980,8363,460,16343,125313.283208,119574.315437,61188.276326,0,1.0,1,c4a54cdecc67,,619,11
c,bytes,document,100,32,mpack,1.1,705,2880,335,3585,1418439.716312,347222.222222,278940.027894,0,1.0,1,c4a54cdecc67,,620,12
c,bytes,document,100,32,protobuf-wire,wire-v2,549,252,166,801,1821493.624772,3968253.968254,1248439.450687,0,1.0,1,c4a54cdecc67,,621,13
c,bytes,document,100,32,nanopb,0.4.9,539,271,166,810,1855287.569573,3690036.900369,1234567.901235,0,1.0,1,c4a54cdecc67,,622,14
c,bytes,document,100,32,ubj,1.0-min,221,141,244,362,4524886.877828,7092198.581560,2762430.939227,0,1.0,1,c4a54cdecc67,,623,15
c,bytes,document,100,32,qcbor,1.5.1,2445,5519,343,7964,408997.955010,181192.244972,125565.042692,0,1.0,1,c4a54cdecc67,,624,16
c,bytes,document,100,32,json-c,0.15,7875,8926,460,16801,126984.126984,112032.265292,59520.266651,0,1.0,1,c4a54cdecc67,,625,17
c,bytes,document,100,32,parson,1.5.3,15055,6122,460,21177,66423.115244,163345.311990,47221.041696,0,1.0,1,c4a54cdecc67,,626,18
c,bytes,document,100,33,qcbor,1.5.1,2325,5589,343,7914,430107.526882,178922.884237,126358.352287,0,1.0,1,c4a54cdecc67,,627,0
c,bytes,document,100,33,cbor-encode,0.11.0,5490,5487,457,10977,182149.362477,182248.952069,91099.571832,0,1.0,1,c4a54cdecc67,,628,1
c,bytes,document,100,33,protobuf-wire,wire-v2,515,225,166,740,1941747.572816,4444444.444444,1351351.351351,0,1.0,1,c4a54cdecc67,,629,2
c,bytes,document,100,33,ubj,1.0-min,196,165,244,361,5102040.816327,6060606.060606,2770083.102493,0,1.0,1,c4a54cdecc67,,630,3
c,bytes,document,100,33,json-c,0.15,7205,8396,460,15601,138792.505205,119104.335398,64098.455227,0,1.0,1,c4a54cdecc67,,631,4
c,bytes,document,100,33,yyjson,0.10.0,2982,1644,460,4626,335345.405768,608272.506083,216169.476870,0,1.0,1,c4a54cdecc67,,632,5
c,bytes,document,100,33,zcbor,0.9,1371,7072,354,8443,729394.602480,141402.714932,118441.312330,0,1.0,1,c4a54cdecc67,,633,6
c,bytes,document,100,33,mpack,1.1,660,1511,335,2171,1515151.515152,661813.368630,460617.227084,0,1.0,1,c4a54cdecc67,,634,7
c,bytes,document,100,33,libbson,1.27.5,5044,2653,577,7697,198255.352895,376931.775349,129920.748344,0,1.0,1,c4a54cdecc67,,635,8
c,bytes,document,100,33,custom-binary,v2-1.0,178,115,207,293,5617977.528090,8695652.173913,3412969.283276,0,1.0,1,c4a54cdecc67,,636,9
c,bytes,document,100,33,avro-c,1.11.3,537,479,210,1016,1862197.392924,2087682.672234,984251.968504,0,1.0,1,c4a54cdecc67,,637,10
c,bytes,document,100,33,nanopb,0.4.9,547,351,166,898,1828153.564899,2849002.849003,1113585.746102,0,1.0,1,c4a54cdecc67,,638,11
c,bytes,document,100,33,msgpack-c,6.0.1,1136,1319,335,2455,880281.690141,758150.113723,407331.975560,0,1.0,1,c4a54cdecc67,,639,12
c,bytes,document,100,33,protobuf-c,1.5.0,575,320,166,895,1739130.434783,3125000.000000,1117318.435754,0,1.0,1,c4a54cdecc67,,640,13
c,bytes,document,100,33,tinycbor,0.6.0,1020,5381,343,6401,980392.156863,185839.063371,156225.589752,0,1.0,1,c4a54cdecc67,,641,14
c,bytes,document,100,33,flatcc,0.6.1,550,90,236,640,1818181.818182,11111111.111111,1562500.000000,0,1.0,1,c4a54cdecc67,,642,15
c,bytes,document,100,33,jansson,2.14,10511,11499,460,22010,95138.426410,86964.083833,45433.893685,0,1.0,1,c4a54cdecc67,,643,16
c,bytes,document,100,33,parson,1.5.3,15174,6287,460,21461,65902.201134,159058.374423,46596.151158,0,1.0,1,c4a54cdecc67,,644,17
c,bytes,document,100,33,cJSON,1.7.18,5666,4710,460,10376,176491.351924,212314.225053,96376.252891,0,1.0,1,c4a54cdecc67,,645,18
c,bytes,document,100,34,cbor-encode,0.11.0,5843,6076,457,11919,171144.959781,164581.961817,83899.656011,0,1.0,1,c4a54cdecc67,,646,0
c,bytes,document,100,34,protobuf-wire,wire-v2,617,396,166,1013,1620745.542950,2525252.525253,987166.831194,0,1.0,1,c4a54cdecc67,,647,1
c,bytes,document,100,34,mpack,1.1,735,3640,335,4375,1360544.217687,274725.274725,228571.428571,0,1.0,1,c4a54cdecc67,,648,2
c,bytes,document,100,34,qcbor,1.5.1,3004,5730,343,8734,332889.480692,174520.069808,114495.076712,0,1.0,1,c4a54cdecc67,,649,3
c,bytes,document,100,34,custom-binary,v2-1.0,186,123,207,309,5376344.086022,8130081.300813,3236245.954693,0,1.0,1,c4a54cdecc67,,650,4
c,bytes,document,100,34,cJSON,1.7.18,6158,4234,460,10392,162390.386489,236183.278224,96227.867590,0,1.0,1,c4a54cdecc67,,651,5
c,bytes,document,100,34,zcbor,0.9,1420,7134,354,8554,704225.352113,140173.815531,116904.372224,0,1.0,1,c4a54cdecc67,,652,6
c,bytes,document,100,34,tinycbor,0.6.0,1031,5505,343,6536,969932.104753,181653.042688,152998.776010,0,1.0,1,c4a54cdecc67,,653,7
c,bytes,document,100,34,avro-c,1.11.3,572,459,210,1031,1748251.748252,2178649.237473,969932.104753,0,1.0,1,c4a54cdecc67,,654,8
c,bytes,document,100,34,libbson,1.27.5,4492,2846,577,7338,222617.987533,351370.344343,136276.914691,0,1.0,1,c4a54cdecc67,,655,9
c,bytes,document,100,34,flatcc,0.6.1,813,110,236,923,1230012.300123,9090909.090909,1083423.618635,0,1.0,1,c4a54cdecc67,,656,10
c,bytes,document,100,34,parson,1.5.3,15793,6030,460,21823,63319.192047,165837.479270,45823.214040,0,1.0,1,c4a54cdecc67,,657,11
c,bytes,document,100,34,msgpack-c,6.0.1,1263,2476,335,3739,791765.637371,403877.221325,267451.190158,0,1.0,1,c4a54cdecc67,,658,12
c,bytes,document,100,34,protobuf-c,1.5.0,634,325,166,959,1577287.066246,3076923.076923,1042752.867570,0,1.0,1,c4a54cdecc67,,659,13
c,bytes,document,100,34,json-c,0.15,8925,10478,460,19403,112044.817927,95438.060699,51538.421894,0,1.0,1,c4a54cdecc67,,660,14
c,bytes,document,100,34,jansson,2.14,9688,8984,460,18672,103220.478943,111308.993767,53556.126821,0,1.0,1,c4a54cdecc67,,661,15
c,bytes,document,100,34,yyjson,0.10.0,3432,1605,460,5037,291375.291375,623052.959502,198530.871551,0,1.0,1,c4a54cdecc67,,662,16
c,bytes,document,100,34,nanopb,0.4.9,564,281,166,845,1773049.645390,3558718.861210,1183431.952663,0,1.0,1,c4a54cdecc67,,663,17
c,bytes,document,100,34,ubj,1.0-min,252,140,244,392,3968253.968254,7142857.142857,2551020.408163,0,1.0,1,c4a54cdecc67,,664,18
c,bytes,document,100,35,protobuf-c,1.5.0,518,227,166,745,1930501.930502,4405286.343612,1342281.879195,0,1.0,1,c4a54cdecc67,,665,0
c,bytes,document,100,35,zcbor,0.9,1397,6921,354,8318,715819.613457,144487.790782,120221.207021,0,1.0,1,c4a54cdecc67,,666,1
c,bytes,document,100,35,yyjson,0.10.0,2160,1267,460,3427,462962.962963,789265.982636,291800.408521,0,1.0,1,c4a54cdecc67,,667,2
c,bytes,document,100,35,nanopb,0.4.9,455,263,166,718,2197802.197802,3802281.368821,1392757.660167,0,1.0,1,c4a54cdecc67,,668,3
c,bytes,document,100,35,cJSON,1.7.18,6004,4033,460,10037,166555.629580,247954.376395,99631.363953,0,1.0,1,c4a54cdecc67,,669,4
c,bytes,document,100,35,libbson,1.27.5,4001,2387,577,6388,249937.515621,418935.902807,156543.519098,0,1.0,1,c4a54cdecc67,,670,5
c,bytes,document,100,35,cbor-encode,0.11.0,6675,5647,457,12322,149812.734082,177085.177971,81155.656549,0,1.0,1,c4a54cdecc67,,671,6
c,bytes,document,100,35,protobuf-wire,wire-v2,533,262,166,795,1876172.607880,3816793.893130,1257861.635220,0,1.0,1,c4a54cdecc67,,672,7
c,bytes,document,100,35,jansson,2.14,8790,8909,460,17699,113765.642776,112246.043327,56500.367252,0,1.0,1,c4a54cdecc67,,673,8
c,bytes,document,100,35,msgpack-c,6.0.1,1307,2892,335,4199,765110.941086,345781.466113,238151.940938,0,1.0,1,c4a54cdecc67,,674,9
c,bytes,document,100,35,custom-binary,v2-1.0,174,111,207,285,5747126.436782,9009009.009009,3508771.929825,0,1.0,1,c4a54cdecc67,,675,10
c,bytes,document,100,35,ubj,1.0-min,244,140,244,384,4098360.655738,7142857.142857,2604166.666667,0,1.0,1,c4a54cdecc67,,676,11
c,bytes,document,100,35,parson,1.5.3,15689,6255,460,21944,63738.925362,159872.102318,45570.543201,0,1.0,1,c4a54cdecc67,,677,12
c,bytes,document,100,35,mpack,1.1,735,2751,335,3486,1360544.217687,363504.180298,286861.732645,0,1.0,1,c4a54cdecc67,,678,13
c,bytes,document,100,35,json-c,0.15,8611,9449,460,18060,116130.530717,105831.304900,55370.985604,0,1.0,1,c4a54cdecc67,,679,14
c,bytes,document,100,35,tinycbor,0.6.0,1053,6122,343,7175,949667.616334,163345.311990,139372.822300,0,1.0,1,c4a54cdecc67,,680,15
c,bytes,document,100,35,qcbor,1.5.1,2808,6725,343,9533,356125.356125,148698.884758,104898.772684,0,1.0,1,c4a54cdecc67,,681,16
c,bytes,document,100,35,flatcc,0.6.1,614,106,236,720,1628664.495114,9433962.264151,1388888.888889,0,1.0,1,c4a54cdecc67,,682,17
c,bytes,document,100,35,avro-c,1.11.3,597,473,210,1070,1675041.876047,2114164.904863,934579.439252,0,1.0,1,c4a54cdecc67,,683,18
c,bytes,document,100,36,protobuf-wire,wire-v2,624,407,166,1031,1602564.102564,2457002.457002,969932.104753,0,1.0,1,c4a54cdecc67,,684,0
c,bytes,document,100,36,zcbor,0.9,1282,6612,354,7894,780031.201248,151240.169389,126678.489992,0,1.0,1,c4a54cdecc67,,685,1
c,bytes,document,100,36,flatcc,0.6.1,270,62,236,332,3703703.703704,16129032.258065,3012048.192771,0,1.0,1,c4a54cdecc67,,686,2
c,bytes,document,100,36,json-c,0.15,7572,8144,460,15716,132065.504490,122789.783890,63629.422245,0,1.0,1,c4a54cdecc67,,687,3
c,bytes,document,100,36,cJSON,1.7.18,6210,3973,460,10183,161030.595813,251698.968034,98202.887165,0,1.0,1,c4a54cdecc67,,688,4
c,bytes,document,100,36,parson,1.5.3,13608,5376,460,18984,73486.184597,186011.904762,52675.937632,0,1.0,1,c4a54cdecc67,,689,5
c,bytes,document,100,36,cbor-encode,0.11.0,5398,5771,457,11169,185253.797703,173280.194074,89533.530307,0,1.0,1,c4a54cdecc67,,690,6
c,bytes,document,100,36,tinycbor,0.6.0,895,5222,343,6117,1117318.435754,191497.510532,163478.829492,0,1.0,1,c4a54cdecc67,,691,7
c,bytes,document,100,36,libbson,1.27.5,5107,2776,577,7883,195809.672998,360230.547550,126855.258150,0,1.0,1,c4a54cdecc67,,692,8
c,bytes,document,100,36,ubj,1.0-min,268,144,244,412,3731343.283582,6944444.444444,2427184.466019,0,1.0,1,c4a54cdecc67,,693,9
c,bytes,document,100,36,qcbor,1.5.1,2747,5618,343,8365,364033.491081,177999.288003,119545.726240,0,1.0,1,c4a54cdecc67,,694,10
c,bytes,document,100,36,nanopb,0.4.9,714,271,166,985,1400560.224090,3690036.900369,1015228.426396,0,1.0,1,c4a54cdecc67,,695,11
c,bytes,document,100,36,jansson,2.14,19038,9285,460,28323,52526.525896,107700.592353,35306.994316,0,1.0,1,c4a54cdecc67,,696,12
c,bytes,document,100,36,yyjson,0.10.0,3740,1540,460,5280,267379.679144,649350.649351,189393.939394,0,1.0,1,c4a54cdecc67,,697,13
c,bytes,document,100,36,custom-binary,v2-1.0,161,89,207,250,6211180.124224,11235955.056180,4000000.000000,0,1.0,1,c4a54cdecc67,,698,14
c,bytes,document,100,36,avro-c,1.11.3,534,491,210,1025,1872659.176030,2036659.877800,975609.756098,0,1.0,1,c4a54cdecc67,,699,15
c,bytes,document,100,36,msgpack-c,6.0.1,1093,1273,335,2366,914913.083257,785545.954438,422654.268808,0,1.0,1,c4a54cdecc67,,700,16
c,bytes,document,100,36,mpack,1.1,852,1482,335,2334,1173708.920188,674763.832659,428449.014567,0,1.0,1,c4a54cdecc67,,701,17
c,bytes,document,100,36,protobuf-c,1.5.0,640,263,166,903,1562500.000000,3802281.368821,1107419.712071,0,1.0,1,c4a54cdecc67,,702,18
c,bytes,document,100,37,libbson,1.27.5,4444,2318,577,6762,225022.502250,431406.384814,147885.241053,0,1.0,1,c4a54cdecc67,,703,0
c,bytes,document,100,37,tinycbor,0.6.0,933,5407,343,6340,1071811.361200,184945.441095,157728.706625,0,1.0,1,c4a54cdecc67,,704,1
c,bytes,document,100,37,json-c,0.15,7821,8522,460,16343,127860.887355,117343.346632,61188.276326,0,1.0,1,c4a54cdecc67,,705,2
c,bytes,document,100,37,custom-binary,v2-1.0,96,91,207,187,10416666.666667,10989010.989011,5347593.582888,0,1.0,1,c4a54cdecc67,,706,3
c,bytes,document,100,37,zcbor,0.9,1392,6640,354,8032,718390.804598,150602.409639,124501.992032,0,1.0,1,c4a54cdecc67,,707,4
c,bytes,document,100,37,parson,1.5.3,14679,5820,460,20499,68124.531644,171821.305842,48782.867457,0,1.0,1,c4a54cdecc67,,708,5
c,bytes,document,100,37,ubj,1.0-min,216,121,244,337,4629629.629630,8264462.809917,2967359.050445,0,1.0,1,c4a54cdecc67,,709,6
c,bytes,document,100,37,jansson,2.14,8631,8374,460,17005,115861.429730,119417.243850,58806.233461,0,1.0,1,c4a54cdecc67,,710,7
c,bytes,document,100,37,cJSON,1.7.18,4832,3776,460,8608,206953.642384,264830.508475,116171.003717,0,1.0,1,c4a54cdecc67,,711,8
c,bytes,document,100,37,msgpack-c,6.0.1,960,2677,335,3637,1041666.666667,373552.484124,274951.883420,0,1.0,1,c4a54cdecc67,,712,9
c,bytes,document,100,37,qcbor,1.5.1,4157,6693,343,10850,240558.094780,149409.831167,92165.898618,0,1.0,1,c4a54cdecc67,,713,10
c,bytes,document,100,37,protobuf-c,1.5.0,540,275,166,815,1851851.851852,3636363.636364,1226993.865031,0,1.0,1,c4a54cdecc67,,714,11
c,bytes,document,100,37,mpack,1.1,698,1331,335,2029,1432664.756447,751314.800902,492853.622474,0,1.0,1,c4a54cdecc67,,715,12
c,bytes,document,100,37,protobuf-wire,wire-v2,625,259,166,884,1600000.000000,3861003.861004,1131221.719457,0,1.0,1,c4a54cdecc67,,716,13
c,bytes,document,100,37,cbor-encode,0.11.0,6374,5545,457,11919,156887.354879,180342.651037,83899.656011,0,1.0,1,c4a54cdecc67,,717,14
c,bytes,document,100,37,nanopb,0.4.9,544,235,166,779,1838235.294118,4255319.148936,1283697.047497,0,1.0,1,c4a54cdecc67,,718,15
c,bytes,document,100,37,avro-c,1.11.3,493,458,210,951,2028397.565923,2183406.113537,1051524.710831,0,1.0,1,c4a54cdecc67,,719,16
c,bytes,document,100,37,flatcc,0.6.1,489,96,236,585,2044989.775051,10416666.666667,1709401.709402,0,1.0,1,c4a54cdecc67,,720,17
c,bytes,document,100,37,yyjson,0.10.0,3489,1624,460,5113,286615.075953,615763.546798,195579.894387,0,1.0,1,c4a54cdecc67,,721,18
c,bytes,document,100,38,nanopb,0.4.9,446,200,166,646,2242152.466368,5000000.000000,1547987.616099,0,1.0,1,c4a54cdecc67,,722,0
c,bytes,document,100,38,msgpack-c,6.0.1,839,1064,335,1903,1191895.113230,939849.624060,525486.074619,0,1.0,1,c4a54cdecc67,,723,1
c,bytes,document,100,38,flatcc,0.6.1,287,61,236,348,3484320.557491,16393442.622951,2873563.218391,0,1.0,1,c4a54cdecc67,,724,2
c,bytes,document,100,38,custom-binary,v2-1.0,131,92,207,223,7633587.786260,10869565.217391,4484304.932735,0,1.0,1,c4a54cdecc67,,725,3
c,bytes,document,100,38,cbor-encode,0.11.0,5642,5616,457,11258,177242.112726,178062.678063,88825.723930,0,1.0,1,c4a54cdecc67,,726,4
c,bytes,document,100,38,mpack,1.1,606,2112,335,2718,1650165.016502,473484.848485,367917.586461,0,1.0,1,c4a54cdecc67,,727,5
c,bytes,document,100,38,tinycbor,0.6.0,999,5433,343,6432,1001001.001001,184060.371802,155472.636816,0,1.0,1,c4a54cdecc67,,728,6
c,bytes,document,100,38,parson,1.5.3,14996,5852,460,20848,66684.449186,170881.749829,47966.231773,0,1.0,1,c4a54cdecc67,,729,7
c,bytes,document,100,38,avro-c,1.11.3,524,412,210,936,1908396.946565,2427184.466019,1068376.068376,0,1.0,1,c4a54cdecc67,,730,8
c,bytes,document,100,38,ubj,1.0-min,193,185,244,378,5181347.150259,5405405.405405,2645502.645503,0,1.0,1,c4a54cdecc67,,731,9
c,bytes,document,100,38,libbson,1.27.5,4478,2503,577,6981,223313.979455,399520.575310,143245.953302,0,1.0,1,c4a54cdecc67,,732,10
c,bytes,document,100,38,zcbor,0.9,1262,6807,354,8069,792393.026941,146907.595123,123931.094312,0,1.0,1,c4a54cdecc67,,733,11
c,bytes,document,100,38,cJSON,1.7.18,5760,4036,460,9796,173611.111111,247770.069376,102082.482646,0,1.0,1,c4a54cdecc67,,734,12
c,bytes,document,100,38,jansson,2.14,9059,9999,460,19058,110387.459985,100010.001000,52471.403085,0,1.0,1,c4a54cdecc67,,735,13
c,bytes,document,100,38,yyjson,0.10.0,2950,1440,460,4390,338983.050847,694444.444444,227790.432802,0,1.0,1,c4a54cdecc67,,736,14
c,bytes,document,100,38,json-c,0.15,7645,8982,460,16627,130804.447351,111333.778668,60143.140675,0,1.0,1,c4a54cdecc67,,737,15
c,bytes,document,100,38,protobuf-wire,wire-v2,564,290,166,854,1773049.645390,3448275.862069,1170960.187354,0,1.0,1,c4a54cdecc67,,738,16
c,bytes,document,100,38,protobuf-c,1.5.0,527,242,166,769,1897533.206831,4132231.404959,1300390.117035,0,1.0,1,c4a54cdecc67,,739,17
c,bytes,document,100,38,qcbor,1.5.1,2572,5479,343,8051,388802.488336,182515.057492,124208.172898,0,1.0,1,c4a54cdecc67,,740,18
c,bytes,document,100,39,zcbor,0.9,1286,6363,354,7649,777604.976672,157158.573000,130736.043927,0,1.0,1,c4a54cdecc67,,741,0
c,bytes,document,100,39,custom-binary,v2-1.0,131,90,207,221,7633587.786260,11111111.111111,4524886.877828,0,1.0,1,c4a54cdecc67,,742,1
c,bytes,document,100,39,yyjson,0.10.0,2394,1249,460,3643,417710.944027,800640.512410,274499.039253,0,1.0,1,c4a54cdecc67,,743,2
c,bytes,document,100,39,cbor-encode,0.11.0,6250,5483,457,11733,160000.000000,182381.907715,85229.694025,0,1.0,1,c4a54cdecc67,,744,3
c,bytes,document,100,39,nanopb,0.4.9,545,326,166,871,1834862.385321,3067484.662577,1148105.625718,0,1.0,1,c4a54cdecc67,,745,4
c,bytes,document,100,39,parson,1.5.3,14149,5611,460,19760,70676.372889,178221.350918,50607.287449,0,1.0,1,c4a54cdecc67,,746,5
c,bytes,document,100,39,ubj,1.0-min,219,135,244,354,4566210.045662,7407407.407407,2824858.757062,0,1.0,1,c4a54cdecc67,,747,6
c,bytes,document,100,39,msgpack-c,6.0.1,1069,2846,335,3915,935453.695042,351370.344343,255427.841635,0,1.0,1,c4a54cdecc67,,748,7
c,bytes,document,100,39,json-c,0.15,7140,8302,460,15442,140056.022409,120452.902915,64758.450978,0,1.0,1,c4a54cdecc67,,749,8
c,bytes,document,100,39,avro-c,1.11.3,528,415,210,943,1893939.393939,2409638.554217,1060445.387063,0,1.0,1,c4a54cdecc67,,750,9
c,bytes,document,100,39,cJSON,1.7.18,5790,3747,460,9537,172711.571675,266880.170803,104854.776135,0,1.0,1,c4a54cdecc67,,751,10
c,bytes,document,100,39,mpack,1.1,816,2437,335,3253,1225490.196078,410340.582684,307408.545958,0,1.0,1,c4a54cdecc67,,752,11
c,bytes,document,100,39,tinycbor,0.6.0,984,5627,343,6611,1016260.162602,177714.590368,151263.046438,0,1.0,1,c4a54cdecc67,,753,12
c,bytes,document,100,39,flatcc,0.6.1,519,186,236,705,1926782.273603,5376344.086022,1418439.716312,0,1.0,1,c4a54cdecc67,,754,13
c,bytes,document,100,39,jansson,2.14,9525,8642,460,18167,104986.876640,115713.955103,55044.861562,0,1.0,1,c4a54cdecc67,,755,14
c,bytes,document,100,39,protobuf-c,1.5.0,518,256,166,774,1930501.930502,3906250.000000,1291989.664083,0,1.0,1,c4a54cdecc67,,756,15
c,bytes,document,100,39,protobuf-wire,wire-v2,575,274,166,849,1739130.434783,3649635.036496,1177856.301531,0,1.0,1,c4a54cdecc67,,757,16
c,bytes,document,100,39,qcbor,1.5.1,2547,5373,343,7920,392618.767177,186115.764005,126262.626263,0,1.0,1,c4a54cdecc67,,758,17
c,bytes,document,100,39,libbson,1.27.5,4385,2509,577,6894,228050.171038,398565.165405,145053.669858,0,1.0,1,c4a54cdecc67,,759,18
c,bytes,document,100,40,tinycbor,0.6.0,801,5279,343,6080,1248439.450687,189429.816253,164473.684211,0,1.0,1,c4a54cdecc67,,760,0
c,bytes,document,100,40,custom-binary,v2-1.0,200,92,207,292,5000000.000000,10869565.217391,3424657.534247,0,1.0,1,c4a54cdecc67,,761,1
c,bytes,document,100,40,protobuf-wire,wire-v2,474,225,166,699,2109704.641350,4444444.444444,1430615.164521,0,1.0,1,c4a54cdecc67,,762,2
c,bytes,document,100,40,cJSON,1.7.18,5826,3615,460,9441,171644.352901,276625.172891,105920.982947,0,1.0,1,c4a54cdecc67,,763,3
c,bytes,document,100,40,zcbor,0.9,1322,6698,354,8020,756429.652042,149298.297999,124688.279302,0,1.0,1,c4a54cdecc67,,764,4
c,bytes,document,100,40,ubj,1.0-min,239,161,244,400,4184100.418410,6211180.124224,2500000.000000,0,1.0,1,c4a54cdecc67,,765,5
c,bytes,document,100,40,json-c,0.15,25206,9532,460,34738,39673.093708,104909.777591,28786.919224,0,1.0,1,c4a54cdecc67,,766,6
c,bytes,document,100,40,protobuf-c,1.5.0,495,220,166,715,2020202.020202,4545454.545455,1398601.398601,0,1.0,1,c4a54cdecc67,,767,7
c,bytes,document,100,40,avro-c,1.11.3,554,512,210,1066,1805054.151625,1953125.000000,938086.303940,0,1.0,1,c4a54cdecc67,,768,8
c,bytes,document,100,40,cbor-encode,0.11.0,6417,5675,457,12092,155836.060464,176211.453744,82699.305326,0,1.0,1,c4a54cdecc67,,769,9
c,bytes,document,100,40,qcbor,1.5.1,2483,5198,343,7681,402738.622634,192381.685264,130191.381331,0,1.0,1,c4a54cdecc67,,770,10
c,bytes,document,100,40,libbson,1.27.5,4225,2569,577,6794,236686.390533,389256.520047,147188.695908,0,1.0,1,c4a54cdecc67,,771,11
c,bytes,document,100,40,flatcc,0.6.1,422,102,236,524,2369668.246445,9803921.568627,1908396.946565,0,1.0,1,c4a54cdecc67,,772,12
c,bytes,document,100,40,msgpack-c,6.0.1,1067,1412,335,2479,937207.122774,708215.297450,403388.463090,0,1.0,1,c4a54cdecc67,,773,13
c,bytes,document,100,40,nanopb,0.4.9,650,387,166,1037,1538461.538462,2583979.328165,964320.154291,0,1.0,1,c4a54cdecc67,,774,14
c,bytes,document,100,40,mpack,1.1,683,1386,335,2069,1464128.843338,721500.721501,483325.277912,0,1.0,1,c4a54cdecc67,,775,15
c,bytes,document,100,40,parson,1.5.3,15693,6582,460,22275,63722.678901,151929.504710,44893.378227,0,1.0,1,c4a54cdecc67,,776,16
c,bytes,document,100,40,yyjson,0.10.0,3780,1974,460,5754,264550.264550,506585.612969,173792.144595,0,1.0,1,c4a54cdecc67,,777,17
c,bytes,document,100,40,jansson,2.14,9496,8889,460,18385,105307.497894,112498.593768,54392.167528,0,1.0,1,c4a54cdecc67,,778,18
c,bytes,document,100,41,libbson,1.27.5,3993,2477,577,6470,250438.266967,403714.170367,154559.505410,0,1.0,1,c4a54cdecc67,,779,0
c,bytes,document,100,41,nanopb,0.4.9,553,290,166,843,1808318.264014,3448275.862069,1186239.620403,0,1.0,1,c4a54cdecc67,,780,1
c,bytes,document,100,41,cbor-encode,0.11.0,6373,5702,457,12075,156911.972383,175377.060680,82815.734990,0,1.0,1,c4a54cdecc67,,781,2
c,bytes,document,100,41,zcbor,0.9,1288,6779,354,8067,776397.515528,147514.382652,123961.819760,0,1.0,1,c4a54cdecc67,,782,3
c,bytes,document,100,41,avro-c,1.11.3,520,480,210,1000,1923076.923077,2083333.333333,1000000.000000,0,1.0,1,c4a54cdecc67,,783,4
c,bytes,document,100,41,protobuf-c,1.5.0,548,277,166,825,1824817.518248,3610108.303249,1212121.212121,0,1.0,1,c4a54cdecc67,,784,5
c,bytes,document,100,41,custom-binary,v2-1.0,186,109,207,295,5376344.086022,9174311.926606,3389830.508475,0,1.0,1,c4a54cdecc67,,785,6
c,bytes,document,100,41,jansson,2.14,8378,8155,460,16533,119360.229172,122624.156959,60485.090425,0,1.0,1,c4a54cdecc67,,786,7
c,bytes,document,100,41,qcbor,1.5.1,2528,5313,343,7841,395569.620253,188217.579522,127534.753220,0,1.0,1,c4a54cdecc67,,787,8
c,bytes,document,100,41,protobuf-wire,wire-v2,558,272,166,830,1792114.695341,3676470.588235,1204819.277108,0,1.0,1,c4a54cdecc67,,788,9
c,bytes,document,100,41,mpack,1.1,679,2681,335,3360,1472754.050074,372995.151063,297619.047619,0,1.0,1,c4a54cdecc67,,789,10
c,bytes,document,100,41,json-c,0.15,7853,9623,460,17476,127339.870113,103917.697184,57221.332113,0,1.0,1,c4a54cdecc67,,790,11
c,bytes,document,100,41,flatcc,0.6.1,450,95,236,545,2222222.222222,10526315.789474,1834862.385321,0,1.0,1,c4a54cdecc67,,791,12
c,bytes,document,100,41,parson,1.5.3,15906,8384,460,24290,62869.357475,119274.809160,41169.205434,0,1.0,1,c4a54cdecc67,,792,13
c,bytes,document,100,41,cJSON,1.7.18,5461,3807,460,9268,183116.645303,262674.021539,107898.144152,0,1.0,1,c4a54cdecc67,,793,14
c,bytes,document,100,41,yyjson,0.10.0,3714,1788,460,5502,269251.480883,559284.116331,181752.090149,0,1.0,1,c4a54cdecc67,,794,15
c,bytes,document,100,41,tinycbor,0.6.0,1027,5459,343,6486,973709.834469,183183.733284,154178.230034,0,1.0,1,c4a54cdecc67,,795,16
c,bytes,document,100,41,ubj,1.0-min,244,177,244,421,4098360.655738,5649717.514124,2375296.912114,0,1.0,1,c4a54cdecc67,,796,17
c,bytes,document,100,41,msgpack-c,6.0.1,1083,1264,335,2347,923361.034164,791139.240506,426075.841500,0,1.0,1,c4a54cdecc67,,797,18
c,bytes,document,100,42,msgpack-c,6.0.1,639,868,335,1507,1564945.226917,1152073.732719,663570.006636,0,1.0,1,c4a54cdecc67,,798,0
c,bytes,document,100,42,qcbor,1.5.1,2669,5251,343,7920,374672.161858,190439.916206,126262.626263,0,1.0,1,c4a54cdecc67,,799,1
c,bytes,document,100,42,libbson,1.27.5,3282,2608,577,5890,304692.260817,383435.582822,169779.286927,0,1.0,1,c4a54cdecc67,,800,2
c,bytes,document,100,42,cJSON,1.7.18,5585,3729,460,9314,179051.029543,268168.409761,107365.256603,0,1.0,1,c4a54cdecc67,,801,3
c,bytes,document,100,42,protobuf-c,1.5.0,530,232,166,762,1886792.452830,4310344.827586,1312335.958005,0,1.0,1,c4a54cdecc67,,802,4
c,bytes,document,100,42,avro-c,1.11.3,533,445,210,978,1876172.607880,2247191.011236,1022494.887526,0,1.0,1,c4a54cdecc67,,803,5
c,bytes,document,100,42,cbor-encode,0.11.0,5620,5641,457,11261,177935.943060,177273.533062,88802.060208,0,1.0,1,c4a54cdecc67,,804,6
c,bytes,document,100,42,custom-binary,v2-1.0,176,136,207,312,5681818.181818,7352941.176471,3205128.205128,0,1.0,1,c4a54cdecc67,,805,7
c,bytes,document,100,42,parson,1.5.3,13290,5795,460,19085,75244.544771,172562.553926,52397.170553,0,1.0,1,c4a54cdecc67,,806,8
c,bytes,document,100,42,flatcc,0.6.1,449,89,236,538,2227171.492205,11235955.056180,1858736.059480,0,1.0,1,c4a54cdecc67,,807,9
c,bytes,document,100,42,yyjson,0.10.0,4452,1639,460,6091,224618.149146,610128.126907,164176.654080,0,1.0,1,c4a54cdecc67,,808,10
c,bytes,document,100,42,json-c,0.15,8053,9163,460,17216,124177.325220,109134.562916,58085.501859,0,1.0,1,c4a54cdecc67,,809,11
c,bytes,document,100,42,zcbor,0.9,1290,6757,354,8047,775193.798450,147994.672192,124269.914254,0,1.0,1,c4a54cdecc67,,810,12
c,bytes,document,100,42,ubj,1.0-min,212,188,244,400,4716981.132075,5319148.936170,2500000.000000,0,1.0,1,c4a54cdecc67,,811,13
c,bytes,document,100,42,jansson,2.14,9809,10374,460,20183,101947.191355,96394.833237,49546.648169,0,1.0,1,c4a54cdecc67,,812,14
c,bytes,document,100,42,mpack,1.1,692,2150,335,2842,1445086.705202,465116.279070,351864.883885,0,1.0,1,c4a54cdecc67,,813,15
c,bytes,document,100,42,protobuf-wire,wire-v2,586,261,166,847,1706484.641638,3831417.624521,1180637.544274,0,1.0,1,c4a54cdecc67,,814,16
c,bytes,document,100,42,tinycbor,0.6.0,1000,5385,343,6385,1000000.000000,185701.021356,156617.071261,0,1.0,1,c4a54cdecc67,,815,17
c,bytes,document,100,42,nanopb,0.4.9,559,278,166,837,1788908.765653,3597122.302158,1194743.130227,0,1.0,1,c4a54cdecc67,,816,18
c,bytes,document,100,43,parson,1.5.3,34406,5494,460,39900,29064.698018,182016.745541,25062.656642,0,1.0,1,c4a54cdecc67,,817,0
c,bytes,document,100,43,flatcc,0.6.1,396,78,236,474,2525252.525253,12820512.820513,2109704.641350,0,1.0,1,c4a54cdecc67,,818,1
c,bytes,document,100,43,tinycbor,0.6.0,785,5626,343,6411,1273885.350318,177746.178457,155981.906099,0,1.0,1,c4a54cdecc67,,819,2
c,bytes,document,100,43,json-c,0.15,8355,8978,460,17333,119688.809096,111383.381599,57693.417181,0,1.0,1,c4a54cdecc67,,820,3
c,bytes,document,100,43,ubj,1.0-min,189,170,244,359,5291005.291005,5882352.941176,2785515.320334,0,1.0,1,c4a54cdecc67,,821,4
c,bytes,document,100,43,nanopb,0.4.9,558,449,166,1007,1792114.695341,2227171.492205,993048.659384,0,1.0,1,c4a54cdecc67,,822,5
c,bytes,document,100,43,yyjson,0.10.0,3723,1432,460,5155,268600.590921,698324.022346,193986.420951,0,1.0,1,c4a54cdecc67,,823,6
c,bytes,document,100,43,mpack,1.1,618,1287,335,1905,1618122.977346,777000.777001,524934.383202,0,1.0,1,c4a54cdecc67,,824,7
c,bytes,document,100,43,protobuf-wire,wire-v2,485,308,166,793,2061855.670103,3246753.246753,1261034.047919,0,1.0,1,c4a54cdecc67,,825,8
c,bytes,document,100,43,cbor-encode,0.11.0,6118,5237,457,11355,163452.108532,190949.016613,88066.930867,0,1.0,1,c4a54cdecc67,,826,9
c,bytes,document,100,43,cJSON,1.7.18,5113,3404,460,8517,195579.894387,293772.032902,117412.234355,0,1.0,1,c4a54cdecc67,,827,10
c,bytes,document,100,43,qcbor,1.5.1,2526,4947,343,7473,395882.818686,202142.712755,133815.067577,0,1.0,1,c4a54cdecc67,,828,11
c,bytes,document,100,43,avro-c,1.11.3,585,430,210,1015,1709401.709402,2325581.395349,985221.674877,0,1.0,1,c4a54cdecc67,,829,12
c,bytes,document,100,43,jansson,2.14,7584,7863,460,15447,131856.540084,127177.921913,64737.489480,0,1.0,1,c4a54cdecc67,,830,13
c,bytes,document,100,43,libbson,1.27.5,3237,2422,577,5659,308928.019771,412881.915772,176709.666019,0,1.0,1,c4a54cdecc67,,831,14
c,bytes,document,100,43,zcbor,0.9,1519,6201,354,7720,658327.847268,161264.312208,129533.678756,0,1.0,1,c4a54cdecc67,,832,15
c,bytes,document,100,43,protobuf-c,1.5.0,520,226,166,746,1923076.923077,4424778.761062,1340482.573727,0,1.0,1,c4a54cdecc67,,833,16
c,bytes,document,100,43,custom-binary,v2-1.0,257,116,207,373,3891050.583658,8620689.655172,2680965.147453,0,1.0,1,c4a54cdecc67,,834,17
c,bytes,document,100,43,msgpack-c,6.0.1,938,2672,335,3610,1066098.081023,374251.497006,277008.310249,0,1.0,1,c4a54cdecc67,,835,18
c,bytes,document,100,44,msgpack-c,6.0.1,598,803,335,1401,1672240.802676,1245330.012453,713775.874375,0,1.0,1,c4a54cdecc67,,836,0
c,bytes,document,100,44,protobuf-wire,wire-v2,506,258,166,764,1976284.584980,3875968.992248,1308900.523560,0,1.0,1,c4a54cdecc67,,837,1
c,bytes,document,100,44,libbson,1.27.5,2723,2005,577,4728,367242.012486,498753.117207,211505.922166,0,1.0,1,c4a54cdecc67,,838,2
c,bytes,document,100,44,jansson,2.14,8563,8048,460,16611,116781.501810,124254.473161,60201.071579,0,1.0,1,c4a54cdecc67,,839,3
c,bytes,document,100,44,json-c,0.15,7259,8278,460,15537,137760.022042,120802.126117,64362.489541,0,1.0,1,c4a54cdecc67,,840,4
c,bytes,document,100,44,mpack,1.1,625,1519,335,2144,1600000.000000,658327.847268,466417.910448,0,1.0,1,c4a54cdecc67,,841,5
c,bytes,document,100,44,nanopb,0.4.9,517,218,166,735,1934235.976789,4587155.963303,1360544.217687,0,1.0,1,c4a54cdecc67,,842,6
c,bytes,document,100,44,flatcc,0.6.1,616,78,236,694,1623376.623377,12820512.820513,1440922.190202,0,1.0,1,c4a54cdecc67,,843,7
c,bytes,document,100,44,tinycbor,0.6.0,985,5210,343,6195,1015228.426396,191938.579655,161420.500404,0,1.0,1,c4a54cdecc67,,844,8
c,bytes,document,100,44,protobuf-c,1.5.0,446,219,166,665,2242152.466368,4566210.045662,1503759.398496,0,1.0,1,c4a54cdecc67,,845,9
c,bytes,document,100,44,custom-binary,v2-1.0,147,96,207,243,6802721.088435,10416666.666667,4115226.337449,0,1.0,1,c4a54cdecc67,,846,10
c,bytes,document,100,44,qcbor,1.5.1,2378,4946,343,7324,420521.446594,202183.582693,136537.411251,0,1.0,1,c4a54cdecc67,,847,11
c,bytes,document,100,44,zcbor,0.9,1185,6169,354,7354,843881.856540,162100.826714,135980.418820,0,1.0,1,c4a54cdecc67,,848,12
c,bytes,document,100,44,ubj,1.0-min,182,157,244,339,5494505.494505,6369426.751592,2949852.507375,0,1.0,1,c4a54cdecc67,,849,13
c,bytes,document,100,44,cbor-encode,0.11.0,5859,5081,457,10940,170677.590032,196811.651250,91407.678245,0,1.0,1,c4a54cdecc67,,850,14
c,bytes,document,100,44,parson,1.5.3,13378,5370,460,18748,74749.588877,186219.739292,53339.022829,0,1.0,1,c4a54cdecc67,,851,15
c,bytes,document,100,44,yyjson,0.10.0,3677,1397,460,5074,271960.837639,715819.613457,197083.169097,0,1.0,1,c4a54cdecc67,,852,16
c,bytes,document,100,44,avro-c,1.11.3,483,441,210,924,2070393.374741,2267573.696145,1082251.082251,0,1.0,1,c4a54cdecc67,,853,17
c,bytes,document,100,44,cJSON,1.7.18,5587,3754,460,9341,178986.933954,266382.525306,107054.919174,0,1.0,1,c4a54cdecc67,,854,18
c,bytes,document,100,45,avro-c,1.11.3,297,243,210,540,3367003.367003,4115226.337449,1851851.851852,0,1.0,1,c4a54cdecc67,,855,0
c,bytes,document,100,45,ubj,1.0-min,154,138,244,292,6493506.493506,7246376.811594,3424657.534247,0,1.0,1,c4a54cdecc67,,856,1
c,bytes,document,100,45,protobuf-wire,wire-v2,519,241,166,760,1926782.273603,4149377.593361,1315789.473684,0,1.0,1,c4a54cdecc67,,857,2
c,bytes,document,100,45,tinycbor,0.6.0,861,5091,343,5952,1161440.185830,196425.063838,168010.752688,0,1.0,1,c4a54cdecc67,,858,3
c,bytes,document,100,45,yyjson,0.10.0,2674,1107,460,3781,373971.578160,903342.366757,264480.296218,0,1.0,1,c4a54cdecc67,,859,4
c,bytes,document,100,45,nanopb,0.4.9,477,235,166,712,2096436.058700,4255319.148936,1404494.382022,0,1.0,1,c4a54cdecc67,,860,5
c,bytes,document,100,45,flatcc,0.6.1,457,80,236,537,2188183.807440,12500000.000000,1862197.392924,0,1.0,1,c4a54cdecc67,,861,6
c,bytes,document,100,45,zcbor,0.9,1237,6320,354,7557,808407.437348,158227.848101,132327.643245,0,1.0,1,c4a54cdecc67,,862,7
c,bytes,document,100,45,mpack,1.1,629,1146,335,1775,1589825.119237,872600.349040,563380.281690,0,1.0,1,c4a54cdecc67,,863,8
c,bytes,document,100,45,protobuf-c,1.5.0,468,240,166,708,2136752.136752,4166666.666667,1412429.378531,0,1.0,1,c4a54cdecc67,,864,9
c,bytes,document,100,45,jansson,2.14,8938,8197,460,17135,111881.852763,121995.852141,58360.081704,0,1.0,1,c4a54cdecc67,,865,10
c,bytes,document,100,45,libbson,1.27.5,3789,2247,577,6036,263921.879124,445037.828215,165672.630881,0,1.0,1,c4a54cdecc67,,866,11
c,bytes,document,100,45,json-c,0.15,7242,8184,460,15426,138083.402375,122189.638319,64825.619085,0,1.0,1,c4a54cdecc67,,867,12
c,bytes,document,100,45,msgpack-c,6.0.1,939,1306,335,2245,1064962.726305,765696.784074,445434.298441,0,1.0,1,c4a54cdecc67,,868,13
c,bytes,document,100,45,qcbor,1.5.1,2399,5050,343,7449,416840.350146,198019.801980,134246.207545,0,1.0,1,c4a54cdecc67,,869,14
c,bytes,document,100,45,parson,1.5.3,14233,5506,460,19739,70259.256657,181620.050854,50661.127717,0,1.0,1,c4a54cdecc67,,870,15
c,bytes,document,100,45,custom-binary,v2-1.0,148,87,207,235,6756756.756757,11494252.873563,4255319.148936,0,1.0,1,c4a54cdecc67,,871,16
c,bytes,document,100,45,cbor-encode,0.11.0,5369,5134,457,10503,186254.423543,194779.898714,95210.892126,0,1.0,1,c4a54cdecc67,,872,17
c,bytes,document,100,45,cJSON,1.7.18,4693,3445,460,8138,213083.315576,290275.761974,122880.314574,0,1.0,1,c4a54cdecc67,,873,18
c,bytes,document,100,46,libbson,1.27.5,2919,2165,577,5084,342583.076396,461893.764434,196695.515342,0,1.0,1,c4a54cdecc67,,874,0
c,bytes,document,100,46,protobuf-c,1.5.0,520,231,166,751,1923076.923077,4329004.329004,1331557.922770,0,1.0,1,c4a54cdecc67,,875,1
c,bytes,document,100,46,tinycbor,0.6.0,901,5053,343,5954,1109877.913430,197902.236295,167954.316426,0,1.0,1,c4a54cdecc67,,876,2
c,bytes,document,100,46,ubj,1.0-min,231,156,244,387,4329004.329004,6410256.410256,2583979.328165,0,1.0,1,c4a54cdecc67,,877,3
c,bytes,document,100,46,protobuf-wire,wire-v2,514,211,166,725,1945525.291829,4739336.492891,1379310.344828,0,1.0,1,c4a54cdecc67,,878,4
c,bytes,document,100,46,zcbor,0.9,1205,6064,354,7269,829875.518672,164907.651715,137570.504884,0,1.0,1,c4a54cdecc67,,879,5
c,bytes,document,100,46,json-c,0.15,8791,9381,460,18172,113752.701627,106598.443663,55029.716047,0,1.0,1,c4a54cdecc67,,880,6
c,bytes,document,100,46,qcbor,1.5.1,2259,4941,343,7200,442673.749447,202388.180530,138888.888889,0,1.0,1,c4a54cdecc67,,881,7
c,bytes,document,100,46,cJSON,1.7.18,4650,3318,460,7968,215053.763441,301386.377336,125502.008032,0,1.0,1,c4a54cdecc67,,882,8
c,bytes,document,100,46,avro-c,1.11.3,490,395,210,885,2040816.326531,2531645.569620,1129943.502825,0,1.0,1,c4a54cdecc67,,883,9
c,bytes,document,100,46,msgpack-c,6.0.1,930,2004,335,2934,1075268.817204,499001.996008,340831.629175,0,1.0,1,c4a54cdecc67,,884,10
c,bytes,document,100,46,custom-binary,v2-1.0,133,98,207,231,7518796.992481,10204081.632653,4329004.329004,0,1.0,1,c4a54cdecc67,,885,11
c,bytes,document,100,46,jansson,2.14,9734,8058,460,17792,102732.689542,124100.273021,56205.035971,0,1.0,1,c4a54cdecc67,,886,12
c,bytes,document,100,46,mpack,1.1,658,1968,335,2626,1519756.838906,508130.081301,380807.311500,0,1.0,1,c4a54cdecc67,,887,13
c,bytes,document,100,46,nanopb,0.4.9,521,240,166,761,1919385.796545,4166666.666667,1314060.446781,0,1.0,1,c4a54cdecc67,,888,14
c,bytes,document,100,46,flatcc,0.6.1,476,90,236,566,2100840.336134,11111111.111111,1766784.452297,0,1.0,1,c4a54cdecc67,,889,15
c,bytes,document,100,46,yyjson,0.10.0,2345,1368,460,3713,426439.232409,730994.152047,269323.996768,0,1.0,1,c4a54cdecc67,,890,16
c,bytes,document,100,46,parson,1.5.3,13677,5682,460,19359,73115.449294,175994.368180,51655.560721,0,1.0,1,c4a54cdecc67,,891,17
c,bytes,document,100,46,cbor-encode,0.11.0,5171,5343,457,10514,193386.192226,187160.771102,95111.280198,0,1.0,1,c4a54cdecc67,,892,18
c,bytes,document,100,47,custom-binary,v2-1.0,160,87,207,247,6250000.000000,11494252.873563,4048582.995951,0,1.0,1,c4a54cdecc67,,893,0
c,bytes,document,100,47,tinycbor,0.6.0,976,5036,343,6012,1024590.163934,198570.293884,166333.998669,0,1.0,1,c4a54cdecc67,,894,1
c,bytes,document,100,47,mpack,1.1,562,2749,335,3311,1779359.430605,363768.643143,302023.557838,0,1.0,1,c4a54cdecc67,,895,2
c,bytes,document,100,47,cJSON,1.7.18,5252,3640,460,8892,190403.655750,274725.274725,112460.638776,0,1.0,1,c4a54cdecc67,,896,3
c,bytes,document,100,47,zcbor,0.9,1239,6350,354,7589,807102.502018,157480.314961,131769.666623,0,1.0,1,c4a54cdecc67,,897,4
c,bytes,document,100,47,parson,1.5.3,12664,4920,460,17584,78963.992419,203252.032520,56869.881711,0,1.0,1,c4a54cdecc67,,898,5
c,bytes,document,100,47,libbson,1.27.5,4510,2327,577,6837,221729.490022,429737.859905,146262.980840,0,1.0,1,c4a54cdecc67,,899,6
c,bytes,document,100,47,yyjson,0.10.0,2259,1272,460,3531,442673.749447,786163.522013,283205.890683,0,1.0,1,c4a54cdecc67,,900,7
c,bytes,document,100,47,qcbor,1.5.1,2440,5239,343,7679,409836.065574,190876.121397,130225.289751,0,1.0,1,c4a54cdecc67,,901,8
c,bytes,document,100,47,nanopb,0.4.9,497,235,166,732,2012072.434608,4255319.148936,1366120.218579,0,1.0,1,c4a54cdecc67,,902,9
c,bytes,document,100,47,json-c,0.15,6866,8154,460,15020,145645.208273,122639.195487,66577.896138,0,1.0,1,c4a54cdecc67,,903,10
c,bytes,document,100,47,jansson,2.14,8385,8025,460,16410,119260.584377,124610.591900,60938.452163,0,1.0,1,c4a54cdecc67,,904,11
c,bytes,document,100,47,ubj,1.0-min,224,148,244,372,4464285.714286,6756756.756757,2688172.043011,0,1.0,1,c4a54cdecc67,,905,12
c,bytes,document,100,47,protobuf-c,1.5.0,504,321,166,825,1984126.984127,3115264.797508,1212121.212121,0,1.0,1,c4a54cdecc67,,906,13
c,bytes,document,100,47,avro-c,1.11.3,522,387,210,909,1915708.812261,2583979.328165,1100110.011001,0,1.0,1,c4a54cdecc67,,907,14
c,bytes,document,100,47,flatcc,0.6.1,423,101,236,524,2364066.193853,9900990.099010,1908396.946565,0,1.0,1,c4a54cdecc67,,908,15
c,bytes,document,100,47,protobuf-wire,wire-v2,536,252,166,788,1865671.641791,3968253.968254,1269035.532995,0,1.0,1,c4a54cdecc67,,909,16
c,bytes,document,100,47,msgpack-c,6.0.1,940,2037,335,2977,1063829.787234,490918.016691,335908.632852,0,1.0,1,c4a54cdecc67,,910,17
c,bytes,document,100,47,cbor-encode,0.11.0,5927,5355,457,11282,168719.419605,186741.363212,88636.766531,0,1.0,1,c4a54cdecc67,,911,18
c,bytes,document,100,48,flatcc,0.6.1,15857,64,236,15921,63063.631204,15625000.000000,62810.124992,0,1.0,1,c4a54cdecc67,,912,0
c,bytes,document,100,48,protobuf-c,1.5.0,405,199,166,604,2469135.802469,5025125.628141,1655629.139073,0,1.0,1,c4a54cdecc67,,913,1
c,bytes,document,100,48,yyjson,0.10.0,3039,1211,460,4250,329055.610398,825763.831544,235294.117647,0,1.0,1,c4a54cdecc67,,914,2
c,bytes,document,100,48,zcbor,0.9,1263,6175,354,7438,791765.637371,161943.319838,134444.743211,0,1.0,1,c4a54cdecc67,,915,3
c,bytes,document,100,48,jansson,2.14,8321,7874,460,16195,120177.863238,127000.254001,61747.452918,0,1.0,1,c4a54cdecc67,,916,4
c,bytes,document,100,48,mpack,1.1,639,1927,335,2566,1564945.226917,518941.359626,389711.613406,0,1.0,1,c4a54cdecc67,,917,5
c,bytes,document,100,48,cbor-encode,0.11.0,5215,5173,457,10388,191754.554171,193311.424705,96264.921063,0,1.0,1,c4a54cdecc67,,918,6
c,bytes,document,100,48,custom-binary,v2-1.0,137,94,207,231,7299270.072993,10638297.872340,4329004.329004,0,1.0,1,c4a54cdecc67,,919,7
c,bytes,document,100,48,cJSON,1.7.18,4858,3363,460,8221,205846.027172,297353.553375,121639.703199,0,1.0,1,c4a54cdecc67,,920,8
c,bytes,document,100,48,parson,1.5.3,12742,4992,460,17734,78480.615288,200320.512821,56388.857562,0,1.0,1,c4a54cdecc67,,921,9
c,bytes,document,100,48,tinycbor,0.6.0,935,5134,343,6069,1069518.716578,194779.898714,164771.791069,0,1.0,1,c4a54cdecc67,,922,10
c,bytes,document,100,48,qcbor,1.5.1,2568,4968,343,7536,389408.099688,201288.244767,132696.390658,0,1.0,1,c4a54cdecc67,,923,11
c,bytes,document,100,48,msgpack-c,6.0.1,1023,2760,335,3783,977517.106549,362318.840580,264340.470526,0,1.0,1,c4a54cdecc67,,924,12
c,bytes,document,100,48,avro-c,1.11.3,465,432,210,897,2150537.634409,2314814.814815,1114827.201784,0,1.0,1,c4a54cdecc67,,925,13
c,bytes,document,100,48,ubj,1.0-min,181,134,244,315,5524861.878453,7462686.567164,3174603.174603,0,1.0,1,c4a54cdecc67,,926,14
c,bytes,document,100,48,nanopb,0.4.9,499,200,166,699,2004008.016032,5000000.000000,1430615.164521,0,1.0,1,c4a54cdecc67,,927,15
c,bytes,document,100,48,json-c,0.15,6924,8519,460,15443,144425.187753,117384.669562,64754.257592,0,1.0,1,c4a54cdecc67,,928,16
c,bytes,document,100,48,libbson,1.27.5,3826,2244,577,6070,261369.576581,445632.798574,164744.645799,0,1.0,1,c4a54cdecc67,,929,17
c,bytes,document,100,48,protobuf-wire,wire-v2,519,232,166,751,1926782.273603,4310344.827586,1331557.922770,0,1.0,1,c4a54cdecc67,,930,18
c,bytes,document,100,49,avro-c,1.11.3,399,293,210,692,2506265.664160,3412969.283276,1445086.705202,0,1.0,1,c4a54cdecc67,,931,0
c,bytes,document,100,49,cJSON,1.7.18,5296,3620,460,8916,188821.752266,276243.093923,112157.918349,0,1.0,1,c4a54cdecc67,,932,1
c,bytes,document,100,49,nanopb,0.4.9,466,208,166,674,2145922.746781,4807692.307692,1483679.525223,0,1.0,1,c4a54cdecc67,,933,2
c,bytes,document,100,49,json-c,0.15,6103,7954,460,14057,163853.842373,125722.906714,71138.934339,0,1.0,1,c4a54cdecc67,,934,3
c,bytes,document,100,49,parson,1.5.3,13294,5374,460,18668,75221.904619,186081.131373,53567.602314,0,1.0,1,c4a54cdecc67,,935,4
c,bytes,document,100,49,libbson,1.27.5,4353,2145,577,6498,229726.625316,466200.466200,153893.505694,0,1.0,1,c4a54cdecc67,,936,5
c,bytes,document,100,49,cbor-encode,0.11.0,5902,5262,457,11164,169434.090139,190041.809198,89573.629523,0,1.0,1,c4a54cdecc67,,937,6
c,bytes,document,100,49,zcbor,0.9,1366,6082,354,7448,732064.421669,164419.598816,134264.232009,0,1.0,1,c4a54cdecc67,,938,7
c,bytes,document,100,49,qcbor,1.5.1,2386,4997,343,7383,419111.483655,200120.072043,135446.295544,0,1.0,1,c4a54cdecc67,,939,8
c,bytes,document,100,49,msgpack-c,6.0.1,915,2020,335,2935,1092896.174863,495049.504950,340715.502555,0,1.0,1,c4a54cdecc67,,940,9
c,bytes,document,100,49,custom-binary,v2-1.0,166,89,207,255,6024096.385542,11235955.056180,3921568.627451,0,1.0,1,c4a54cdecc67,,941,10
c,bytes,document,100,49,protobuf-wire,wire-v2,476,225,166,701,2100840.336134,4444444.444444,1426533.523538,0,1.0,1,c4a54cdecc67,,942,11
c,bytes,document,100,49,jansson,2.14,16872,8077,460,24949,59269.796112,123808.344682,40081.766804,0,1.0,1,c4a54cdecc67,,943,12
c,bytes,document,100,49,flatcc,0.6.1,758,100,236,858,1319261.213720,10000000.000000,1165501.165501,0,1.0,1,c4a54cdecc67,,944,13
c,bytes,document,100,49,tinycbor,0.6.0,943,5072,343,6015,1060445.387063,197160.883281,166251.039069,0,1.0,1,c4a54cdecc67,,945,14
c,bytes,document,100,49,yyjson,0.10.0,24574,1431,460,26005,40693.415805,698812.019567,38454.143434,0,1.0,1,c4a54cdecc67,,946,15
c,bytes,document,100,49,mpack,1.1,714,1318,335,2032,1400560.224090,758725.341426,492125.984252,0,1.0,1,c4a54cdecc67,,947,16
c,bytes,document,100,49,protobuf-c,1.5.0,516,251,166,767,1937984.496124,3984063.745020,1303780.964798,0,1.0,1,c4a54cdecc67,,948,17
c,bytes,document,100,49,ubj,1.0-min,311,160,244,471,3215434.083601,6250000.000000,2123142.250531,0,1.0,1,c4a54cdecc67,,949,18
c,bytes,document,100,50,cJSON,1.7.18,5581,4155,460,9736,179179.358538,240673.886883,102711.585867,0,1.0,1,c4a54cdecc67,,950,0
c,bytes,document,100,50,ubj,1.0-min,122,120,244,242,8196721.311475,8333333.333333,4132231.404959,0,1.0,1,c4a54cdecc67,,951,1
c,bytes,document,100,50,libbson,1.27.5,4035,2298,577,6333,247831.474597,435161.009574,157903.047529,0,1.0,1,c4a54cdecc67,,952,2
c,bytes,document,100,50,cbor-encode,0.11.0,6039,5378,457,11417,165590.329525,185942.729639,87588.683542,0,1.0,1,c4a54cdecc67,,953,3
c,bytes,document,100,50,flatcc,0.6.1,340,90,236,430,2941176.470588,11111111.111111,2325581.395349,0,1.0,1,c4a54cdecc67,,954,4
c,bytes,document,100,50,nanopb,0.4.9,536,253,166,789,1865671.641791,3952569.169960,1267427.122940,0,1.0,1,c4a54cdecc67,,955,5
c,bytes,document,100,50,yyjson,0.10.0,3294,1248,460,4542,303582.270795,801282.051282,220167.327169,0,1.0,1,c4a54cdecc67,,956,6
c,bytes,document,100,50,protobuf-wire,wire-v2,542,251,166,793,1845018.450185,3984063.745020,1261034.047919,0,1.0,1,c4a54cdecc67,,957,7
c,bytes,document,100,50,msgpack-c,6.0.1,941,1198,335,2139,1062699.256111,834724.540902,467508.181393,0,1.0,1,c4a54cdecc67,,958,8
c,bytes,document,100,50,jansson,2.14,8977,8612,460,17589,111395.789239,116117.045982,56853.715390,0,1.0,1,c4a54cdecc67,,959,9
c,bytes,document,100,50,tinycbor,0.6.0,925,5378,343,6303,1081081.081081,185942.729639,158654.608916,0,1.0,1,c4a54cdecc67,,960,10
c,bytes,document,100,50,custom-binary,v2-1.0,171,96,207,267,5847953.216374,10416666.666667,3745318.352060,0,1.0,1,c4a54cdecc67,,961,11
c,bytes,document,100,50,avro-c,1.11.3,593,421,210,1014,1686340.640809,2375296.912114,986193.293886,0,1.0,1,c4a54cdecc67,,962,12
c,bytes,document,100,50,json-c,0.15,6980,9479,460,16459,143266.475645,105496.360376,60757.032627,0,1.0,1,c4a54cdecc67,,963,13
c,bytes,document,100,50,mpack,1.1,692,2320,335,3012,1445086.705202,431034.482759,332005.312085,0,1.0,1,c4a54cdecc67,,964,14
c,bytes,document,100,50,protobuf-c,1.5.0,479,230,166,709,2087682.672234,4347826.086957,1410437.235543,0,1.0,1,c4a54cdecc67,,965,15
c,bytes,document,100,50,zcbor,0.9,1204,6435,354,7639,830564.784053,155400.155400,130907.186805,0,1.0,1,c4a54cdecc67,,966,16
c,bytes,document,100,50,qcbor,1.5.1,2551,4955,343,7506,392003.136025,201816.347124,133226.751932,0,1.0,1,c4a54cdecc67,,967,17
c,bytes,document,100,50,parson,1.5.3,13679,5519,460,19198,73104.759120,181192.244972,52088.759246,0,1.0,1,c4a54cdecc67,,968,18
c,bytes,document,100,51,mpack,1.1,499,2049,335,2548,2004008.016032,488042.947779,392464.678179,0,1.0,1,c4a54cdecc67,,969,0
c,bytes,document,100,51,jansson,2.14,19652,8363,460,28015,50885.406066,119574.315437,35695.163305,0,1.0,1,c4a54cdecc67,,970,1
c,bytes,document,100,51,tinycbor,0.6.0,1038,5808,343,6846,963391.136802,172176.308540,146070.698218,0,1.0,1,c4a54cdecc67,,971,2
c,bytes,document,100,51,flatcc,0.6.1,486,116,236,602,2057613.168724,8620689.655172,1661129.568106,0,1.0,1,c4a54cdecc67,,972,3
c,bytes,document,100,51,avro-c,1.11.3,504,411,210,915,1984126.984127,2433090.024331,1092896.174863,0,1.0,1,c4a54cdecc67,,973,4
c,bytes,document,100,51,zcbor,0.9,1330,6936,354,8266,751879.699248,144175.317186,120977.498185,0,1.0,1,c4a54cdecc67,,974,5
c,bytes,document,100,51,protobuf-c,1.5.0,516,324,166,840,1937984.496124,3086419.753086,1190476.190476,0,1.0,1,c4a54cdecc67,,975,6
c,bytes,document,100,51,nanopb,0.4.9,612,398,166,1010,1633986.928105,2512562.814070,990099.009901,0,1.0,1,c4a54cdecc67,,976,7
c,bytes,document,100,51,ubj,1.0-min,226,152,244,378,4424778.761062,6578947.368421,2645502.645503,0,1.0,1,c4a54cdecc67,,977,8
c,bytes,document,100,51,cJSON,1.7.18,5531,4017,460,9548,180799.132164,248941.996515,104733.975702,0,1.0,1,c4a54cdecc67,,978,9
c,bytes,document,100,51,custom-binary,v2-1.0,178,99,207,277,5617977.528090,10101010.101010,3610108.303249,0,1.0,1,c4a54cdecc67,,979,10
c,bytes,document,100,51,qcbor,1.5.1,2681,5692,343,8373,372995.151063,175685.172171,119431.506031,0,1.0,1,c4a54cdecc67,,980,11
c,bytes,document,100,51,json-c,0.15,30438,9910,460,40348,32853.669755,100908.173562,24784.375929,0,1.0,1,c4a54cdecc67,,981,12
c,bytes,document,100,51,yyjson,0.10.0,5349,2238,460,7587,186950.831931,446827.524576,131804.402267,0,1.0,1,c4a54cdecc67,,982,13
c,bytes,document,100,51,protobuf-wire,wire-v2,635,313,166,948,1574803.149606,3194888.178914,1054852.320675,0,1.0,1,c4a54cdecc67,,983,14
c,bytes,document,100,51,libbson,1.27.5,3916,2716,577,6632,255362.614913,368188.512518,150784.077201,0,1.0,1,c4a54cdecc67,,984,15
c,bytes,document,100,51,msgpack-c,6.0.1,1095,1534,335,2629,913242.009132,651890.482399,380372.765310,0,1.0,1,c4a54cdecc67,,985,16
c,bytes,document,100,51,cbor-encode,0.11.0,6967,6400,457,13367,143533.802210,156250.000000,74811.101968,0,1.0,1,c4a54cdecc67,,986,17
c,bytes,document,100,51,parson,1.5.3,16823,6047,460,22870,59442.430007,165371.258475,43725.404460,0,1.0,1,c4a54cdecc67,,987,18
c,bytes,document,100,52,yyjson,0.10.0,4186,1338,460,5524,238891.543239,747384.155456,181028.240406,0,1.0,1,c4a54cdecc67,,988,0
c,bytes,document,100,52,msgpack-c,6.0.1,904,1151,335,2055,1106194.690265,868809.730669,486618.004866,0,1.0,1,c4a54cdecc67,,989,1
c,bytes,document,100,52,json-c,0.15,9218,8460,460,17678,108483.402039,118203.309693,56567.485010,0,1.0,1,c4a54cdecc67,,990,2
c,bytes,document,100,52,parson,1.5.3,13357,5197,460,18554,74867.110878,192418.703098,53896.733858,0,1.0,1,c4a54cdecc67,,991,3
c,bytes,document,100,52,flatcc,0.6.1,507,130,236,637,1972386.587771,7692307.692308,1569858.712716,0,1.0,1,c4a54cdecc67,,992,4
c,bytes,document,100,52,avro-c,1.11.3,544,467,210,1011,1838235.294118,2141327.623126,989119.683482,0,1.0,1,c4a54cdecc67,,993,5
c,bytes,document,100,52,zcbor,0.9,1408,7000,354,8408,710227.272727,142857.142857,118934.348240,0,1.0,1,c4a54cdecc67,,994,6
c,bytes,document,100,52,tinycbor,0.6.0,1001,5650,343,6651,999000.999001,176991.150442,150353.330326,0,1.0,1,c4a54cdecc67,,995,7
c,bytes,document,100,52,nanopb,0.4.9,548,315,166,863,1824817.518248,3174603.174603,1158748.551564,0,1.0,1,c4a54cdecc67,,996,8
c,bytes,document,100,52,protobuf-c,1.5.0,531,287,166,818,1883239.171375,3484320.557491,1222493.887531,0,1.0,1,c4a54cdecc67,,997,9
c,bytes,document,100,52,jansson,2.14,9072,8760,460,17832,110229.276896,114155.251142,56078.959175,0,1.0,1,c4a54cdecc67,,998,10
c,bytes,document,100,52,custom-binary,v2-1.0,167,104,207,271,5988023.952096,9615384.615385,3690036.900369,0,1.0,1,c4a54cdecc67,,999,11
c,bytes,document,100,52,libbson,1.27.5,3282,2429,577,5711,304692.260817,411692.054343,175100.682893,0,1.0,1,c4a54cdecc67,,1000,12
c,bytes,document,100,52,protobuf-wire,wire-v2,561,264,166,825,1782531.194296,3787878.787879,1212121.212121,0,1.0,1,c4a54cdecc67,,1001,13
c,bytes,document,100,52,qcbor,1.5.1,2677,5686,343,8363,373552.484124,175870.559268,119574.315437,0,1.0,1,c4a54cdecc67,,1002,14
c,bytes,document,100,52,cbor-encode,0.11.0,5248,5527,457,10775,190548.780488,180929.980098,92807.424594,0,1.0,1,c4a54cdecc67,,1003,15
c,bytes,document,100,52,ubj,1.0-min,251,171,244,422,3984063.745020,5847953.216374,2369668.246445,0,1.0,1,c4a54cdecc67,,1004,16
c,bytes,document,100,52,cJSON,1.7.18,5328,4143,460,9471,187687.687688,241370.987207,105585.471439,0,1.0,1,c4a54cdecc67,,1005,17
c,bytes,document,100,52,mpack,1.1,717,3450,335,4167,1394700.139470,289855.072464,239980.801536,0,1.0,1,c4a54cdecc67,,1006,18
c,bytes,document,100,53,flatcc,0.6.1,477,120,236,597,2096436.058700,8333333.333333,1675041.876047,0,1.0,1,c4a54cdecc67,,1007,0
c,bytes,document,100,53,yyjson,0.10.0,2446,1330,460,3776,408830.744072,751879.699248,264830.508475,0,1.0,1,c4a54cdecc67,,1008,1
c,bytes,document,100,53,libbson,1.27.5,3030,2200,577,5230,330033.003300,454545.454545,191204.588910,0,1.0,1,c4a54cdecc67,,1009,2
c,bytes,document,100,53,ubj,1.0-min,188,148,244,336,5319148.936170,6756756.756757,2976190.476190,0,1.0,1,c4a54cdecc67,,1010,3
c,bytes,document,100,53,nanopb,0.4.9,543,265,166,808,1841620.626151,3773584.905660,1237623.762376,0,1.0,1,c4a54cdecc67,,1011,4
c,bytes,document,100,53,custom-binary,v2-1.0,131,149,207,280,7633587.786260,6711409.395973,3571428.571429,0,1.0,1,c4a54cdecc67,,1012,5
c,bytes,document,100,53,qcbor,1.5.1,2451,5554,343,8005,407996.736026,180050.414116,124921.923798,0,1.0,1,c4a54cdecc67,,1013,6
c,bytes,document,100,53,cJSON,1.7.18,5348,3902,460,9250,186985.789080,256278.831369,108108.108108,0,1.0,1,c4a54cdecc67,,1014,7
c,bytes,document,100,53,tinycbor,0.6.0,1018,5397,343,6415,982318.271120,185288.123031,155884.645362,0,1.0,1,c4a54cdecc67,,1015,8
c,bytes,document,100,53,cbor-encode,0.11.0,5632,5412,457,11044,177556.818182,184774.575018,90546.903296,0,1.0,1,c4a54cdecc67,,1016,9
c,bytes,document,100,53,parson,1.5.3,13648,5402,460,19050,73270.808910,185116.623473,52493.438320,0,1.0,1,c4a54cdecc67,,1017,10
c,bytes,document,100,53,json-c,0.15,6074,10105,460,16179,164636.154099,98960.910440,61808.517214,0,1.0,1,c4a54cdecc67,,1018,11
c,bytes,document,100,53,avro-c,1.11.3,563,445,210,1008,1776198.934281,2247191.011236,992063.492063,0,1.0,1,c4a54cdecc67,,1019,12
c,bytes,document,100,53,protobuf-wire,wire-v2,545,242,166,787,1834862.385321,4132231.404959,1270648.030496,0,1.0,1,c4a54cdecc67,,1020,13
c,bytes,document,100,53,zcbor,0.9,1491,6848,354,8339,670690.811536,146028.037383,119918.455450,0,1.0,1,c4a54cdecc67,,1021,14
c,bytes,document,100,53,protobuf-c,1.5.0,515,269,166,784,1941747.572816,3717472.118959,1275510.204082,0,1.0,1,c4a54cdecc67,,1022,15
c,bytes,document,100,53,mpack,1.1,720,2309,335,3029,1388888.888889,433087.916847,330141.961043,0,1.0,1,c4a54cdecc67,,1023,16
c,bytes,document,100,53,jansson,2.14,9925,8989,460,18914,100755.667506,111247.079764,52870.889288,0,1.0,1,c4a54cdecc67,,1024,17
c,bytes,document,100,53,msgpack-c,6.0.1,1219,1992,335,3211,820344.544709,502008.032129,311429.461227,0,1.0,1,c4a54cdecc67,,1025,18
c,bytes,document,100,54,libbson,1.27.5,3197,2508,577,5705,312793.243666,398724.082935,175284.837862,0,1.0,1,c4a54cdecc67,,1026,0
c,bytes,document,100,54,ubj,1.0-min,206,148,244,354,4854368.932039,6756756.756757,2824858.757062,0,1.0,1,c4a54cdecc67,,1027,1
c,bytes,document,100,54,parson,1.5.3,15134,5808,460,20942,66076.384300,172176.308540,47750.931143,0,1.0,1,c4a54cdecc67,,1028,2
c,bytes,document,100,54,avro-c,1.11.3,472,395,210,867,2118644.067797,2531645.569620,1153402.537486,0,1.0,1,c4a54cdecc67,,1029,3
c,bytes,document,100,54,qcbor,1.5.1,2644,5668,343,8312,378214.826021,176429.075512,120307.988450,0,1.0,1,c4a54cdecc67,,1030,4
c,bytes,document,100,54,cbor-encode,0.11.0,5506,5418,457,10924,181620.050854,184569.952012,91541.559868,0,1.0,1,c4a54cdecc67,,1031,5
c,bytes,document,100,54,tinycbor,0.6.0,1000,5207,343,6207,1000000.000000,192049.164586,161108.425971,0,1.0,1,c4a54cdecc67,,1032,6
c,bytes,document,100,54,jansson,2.14,8551,8315,460,16866,116945.386505,120264.582081,59290.881062,0,1.0,1,c4a54cdecc67,,1033,7
c,bytes,document,100,54,protobuf-c,1.5.0,554,273,166,827,1805054.151625,3663003.663004,1209189.842805,0,1.0,1,c4a54cdecc67,,1034,8
c,bytes,document,100,54,custom-binary,v2-1.0,176,97,207,273,5681818.181818,10309278.350515,3663003.663004,0,1.0,1,c4a54cdecc67,,1035,9
c,bytes,document,100,54,msgpack-c,6.0.1,993,3493,335,4486,1007049.345418,286286.859433,222915.737851,0,1.0,1,c4a54cdecc67,,1036,10
c,bytes,document,100,54,mpack,1.1,714,1439,335,2153,1400560.224090,694927.032662,464468.183929,0,1.0,1,c4a54cdecc67,,1037,11
c,bytes,document,100,54,nanopb,0.4.9,551,271,166,822,1814882.032668,3690036.900369,1216545.012165,0,1.0,1,c4a54cdecc67,,1038,12
c,bytes,document,100,54,protobuf-wire,wire-v2,575,273,166,848,1739130.434783,3663003.663004,1179245.283019,0,1.0,1,c4a54cdecc67,,1039,13
c,bytes,document,100,54,cJSON,1.7.18,5696,4039,460,9735,175561.797753,247586.036148,102722.136620,0,1.0,1,c4a54cdecc67,,1040,14
c,bytes,document,100,54,zcbor,0.9,1340,6754,354,8094,746268.656716,148060.408647,123548.307388,0,1.0,1,c4a54cdecc67,,1041,15
c,bytes,document,100,54,yyjson,0.10.0,3081,1471,460,4552,324569.944823,679809.653297,219683.655536,0,1.0,1,c4a54cdecc67,,1042,16
c,bytes,document,100,54,json-c,0.15,7137,9429,460,16566,140114.894213,106055.785343,60364.602197,0,1.0,1,c4a54cdecc67,,1043,17
c,bytes,document,100,54,flatcc,0.6.1,615,97,236,712,1626016.260163,10309278.350515,1404494.382022,0,1.0,1,c4a54cdecc67,,1044,18
c,bytes,document,100,55,nanopb,0.4.9,466,244,166,710,2145922.746781,4098360.655738,1408450.704225,0,1.0,1,c4a54cdecc67,,1045,0
c,bytes,document,100,55,qcbor,1.5.1,2641,5576,343,8217,378644.452859,179340.028694,121698.916880,0,1.0,1,c4a54cdecc67,,1046,1
c,bytes,document,100,55,cJSON,1.7.18,5144,3448,460,8592,194401.244168,290023.201856,116387.337058,0,1.0,1,c4a54cdecc67,,1047,2
c,bytes,document,100,55,jansson,2.14,8133,8199,460,16332,122955.858847,121966.093426,61229.488121,0,1.0,1,c4a54cdecc67,,1048,3
c,bytes,document,100,55,mpack,1.1,721,2481,335,3202,1386962.552011,403063.280935,312304.809494,0,1.0,1,c4a54cdecc67,,1049,4
c,bytes,document,100,55,tinycbor,0.6.0,986,5373,343,6359,1014198.782961,186115.764005,157257.430414,0,1.0,1,c4a54cdecc67,,1050,5
c,bytes,document,100,55,parson,1.5.3,14801,6079,460,20880,67563.002500,164500.740253,47892.720307,0,1.0,1,c4a54cdecc67,,1051,6
c,bytes,document,100,55,protobuf-c,1.5.0,549,249,166,798,1821493.624772,4016064.257028,1253132.832080,0,1.0,1,c4a54cdecc67,,1052,7
c,bytes,document,100,55,msgpack-c,6.0.1,1038,2253,335,3291,963391.136802,443852.640923,303859.009420,0,1.0,1,c4a54cdecc67,,1053,8
c,bytes,document,100,55,zcbor,0.9,1271,6703,354,7974,786782.061369,149186.931225,125407.574618,0,1.0,1,c4a54cdecc67,,1054,9
c,bytes,document,100,55,avro-c,1.11.3,520,446,210,966,1923076.923077,2242152.466368,1035196.687371,0,1.0,1,c4a54cdecc67,,1055,10
c,bytes,document,100,55,ubj,1.0-min,225,140,244,365,4444444.444444,7142857.142857,2739726.027397,0,1.0,1,c4a54cdecc67,,1056,11
c,bytes,document,100,55,yyjson,0.10.0,2510,1503,460,4013,398406.374502,665335.994677,249190.132071,0,1.0,1,c4a54cdecc67,,1057,12
c,bytes,document,100,55,custom-binary,v2-1.0,151,105,207,256,6622516.556291,9523809.523810,3906250.000000,0,1.0,1,c4a54cdecc67,,1058,13
c,bytes,document,100,55,protobuf-wire,wire-v2,540,229,166,769,1851851.851852,4366812.227074,1300390.117035,0,1.0,1,c4a54cdecc67,,1059,14
c,bytes,document,100,55,libbson,1.27.5,3208,2536,577,5744,311720.698254,394321.766562,174094.707521,0,1.0,1,c4a54cdecc67,,1060,15
c,bytes,document,100,55,cbor-encode,0.11.0,6177,5723,457,11900,161890.885543,174733.531365,84033.613445,0,1.0,1,c4a54cdecc67,,1061,16
c,bytes,document,100,55,flatcc,0.6.1,656,120,236,776,1524390.243902,8333333.333333,1288659.793814,0,1.0,1,c4a54cdecc67,,1062,17
c,bytes,document,100,55,json-c,0.15,6543,12609,460,19152,152835.090937,79308.430486,52213.868003,0,1.0,1,c4a54cdecc67,,1063,18
c,bytes,document,100,56,tinycbor,0.6.0,16554,5307,343,21861,60408.360517,188430.374976,45743.561594,0,1.0,1,c4a54cdecc67,,1064,0
c,bytes,document,100,56,libbson,1.27.5,4285,2372,577,6657,233372.228705,421585.160202,150217.815833,0,1.0,1,c4a54cdecc67,,1065,1
c,bytes,document,100,56,parson,1.5.3,14490,5766,460,20256,69013.112491,173430.454388,49368.088468,0,1.0,1,c4a54cdecc67,,1066,2
c,bytes,document,100,56,protobuf-wire,wire-v2,521,233,166,754,1919385.796545,4291845.493562,1326259.946950,0,1.0,1,c4a54cdecc67,,1067,3
c,bytes,document,100,56,jansson,2.14,8684,8626,460,17310,115154.306771,115928.587990,57770.075101,0,1.0,1,c4a54cdecc67,,1068,4
c,bytes,document,100,56,msgpack-c,6.0.1,1031,2633,335,3664,969932.104753,379794.910748,272925.764192,0,1.0,1,c4a54cdecc67,,1069,5
c,bytes,document,100,56,qcbor,1.5.1,2604,5459,343,8063,384024.577573,183183.733284,124023.316383,0,1.0,1,c4a54cdecc67,,1070,6
c,bytes,document,100,56,flatcc,0.6.1,458,91,236,549,2183406.113537,10989010.989011,1821493.624772,0,1.0,1,c4a54cdecc67,,1071,7
c,bytes,document,100,56,cbor-encode,0.11.0,6319,5435,457,11754,158252.888115,183992.640294,85077.420453,0,1.0,1,c4a54cdecc67,,1072,8
c,bytes,document,100,56,yyjson,0.10.0,3617,1532,460,5149,276472.214542,652741.514360,194212.468440,0,1.0,1,c4a54cdecc67,,1073,9
c,bytes,document,100,56,cJSON,1.7.18,5874,4766,460,10640,170241.743275,209819.555183,93984.962406,0,1.0,1,c4a54cdecc67,,1074,10
c,bytes,document,100,56,ubj,1.0-min,229,169,244,398,4366812.227074,5917159.763314,2512562.814070,0,1.0,1,c4a54cdecc67,,1075,11
c,bytes,document,100,56,json-c,0.15,6959,9473,460,16432,143698.807300,105563.179563,60856.864654,0,1.0,1,c4a54cdecc67,,1076,12
c,bytes,document,100,56,mpack,1.1,900,2006,335,2906,1111111.111111,498504.486540,344115.622849,0,1.0,1,c4a54cdecc67,,1077,13
c,bytes,document,100,56,zcbor,0.9,1355,6649,354,8004,738007.380074,150398.556174,124937.531234,0,1.0,1,c4a54cdecc67,,1078,14
c,bytes,document,100,56,custom-binary,v2-1.0,170,108,207,278,5882352.941176,9259259.259259,3597122.302158,0,1.0,1,c4a54cdecc67,,1079,15
c,bytes,document,100,56,avro-c,1.11.3,585,488,210,1073,1709401.709402,2049180.327869,931966.449208,0,1.0,1,c4a54cdecc67,,1080,16
c,bytes,document,100,56,protobuf-c,1.5.0,537,304,166,841,1862197.392924,3289473.684211,1189060.642093,0,1.0,1,c4a54cdecc67,,1081,17
c,bytes,document,100,56,nanopb,0.4.9,558,277,166,835,1792114.695341,3610108.303249,1197604.790419,0,1.0,1,c4a54cdecc67,,1082,18
c,bytes,document,100,57,avro-c,1.11.3,250,741,210,991,4000000.000000,1349527.665317,1009081.735621,0,1.0,1,c4a54cdecc67,,1083,0
c,bytes,document,100,57,nanopb,0.4.9,379,182,166,561,2638522.427441,5494505.494505,1782531.194296,0,1.0,1,c4a54cdecc67,,1084,1
c,bytes,document,100,57,libbson,1.27.5,3450,2357,577,5807,289855.072464,424268.137463,172205.958326,0,1.0,1,c4a54cdecc67,,1085,2
c,bytes,document,100,57,custom-binary,v2-1.0,108,71,207,179,9259259.259259,14084507.042254,5586592.178771,0,1.0,1,c4a54cdecc67,,1086,3
c,bytes,document,100,57,zcbor,0.9,1126,6065,354,7191,888099.467140,164880.461665,139062.717285,0,1.0,1,c4a54cdecc67,,1087,4
c,bytes,document,100,57,ubj,1.0-min,136,149,244,285,7352941.176471,6711409.395973,3508771.929825,0,1.0,1,c4a54cdecc67,,1088,5
c,bytes,document,100,57,protobuf-c,1.5.0,435,184,166,619,2298850.574713,5434782.608696,1615508.885299,0,1.0,1,c4a54cdecc67,,1089,6
c,bytes,document,100,57,cJSON,1.7.18,5449,3535,460,8984,183519.911910,282885.431400,111308.993767,0,1.0,1,c4a54cdecc67,,1090,7
c,bytes,document,100,57,jansson,2.14,7943,7914,460,15857,125897.016241,126358.352287,63063.631204,0,1.0,1,c4a54cdecc67,,1091,8
c,bytes,document,100,57,msgpack-c,6.0.1,955,2140,335,3095,1047120.418848,467289.719626,323101.777060,0,1.0,1,c4a54cdecc67,,1092,9
c,bytes,document,100,57,mpack,1.1,611,1133,335,1744,1636661.211129,882612.533098,573394.495413,0,1.0,1,c4a54cdecc67,,1093,10
c,bytes,document,100,57,protobuf-wire,wire-v2,546,261,166,807,1831501.831502,3831417.624521,1239157.372986,0,1.0,1,c4a54cdecc67,,1094,11
c,bytes,document,100,57,cbor-encode,0.11.0,5603,5256,457,10859,178475.816527,190258.751903,92089.511005,0,1.0,1,c4a54cdecc67,,1095,12
c,bytes,document,100,57,tinycbor,0.6.0,995,8716,343,9711,1005025.125628,114731.528224,102976.006590,0,1.0,1,c4a54cdecc67,,1096,13
c,bytes,document,100,57,yyjson,0.10.0,3320,1650,460,4970,301204.819277,606060.606061,201207.243461,0,1.0,1,c4a54cdecc67,,1097,14
c,bytes,document,100,57,json-c,0.15,6463,9110,460,15573,154726.907009,109769.484083,64213.703204,0,1.0,1,c4a54cdecc67,,1098,15
c,bytes,document,100,57,parson,1.5.3,16334,6356,460,22690,61221.990939,157331.655129,44072.278537,0,1.0,1,c4a54cdecc67,,1099,16
c,bytes,document,100,57,flatcc,0.6.1,539,95,236,634,1855287.569573,10526315.789474,1577287.066246,0,1.0,1,c4a54cdecc67,,1100,17
c,bytes,document,100,57,qcbor,1.5.1,2842,5908,343,8750,351864.883885,169262.017603,114285.714286,0,1.0,1,c4a54cdecc67,,1101,18
c,bytes,document,100,58,ubj,1.0-min,264,153,244,417,3787878.787879,6535947.712418,2398081.534772,0,1.0,1,c4a54cdecc67,,1102,0
c,bytes,document,100,58,protobuf-c,1.5.0,567,271,166,838,1763668.430335,3690036.900369,1193317.422434,0,1.0,1,c4a54cdecc67,,1103,1
c,bytes,document,100,58,tinycbor,0.6.0,922,5723,343,6645,1084598.698482,174733.531365,150489.089541,0,1.0,1,c4a54cdecc67,,1104,2
c,bytes,document,100,58,jansson,2.14,9167,8840,460,18007,109086.942293,113122.171946,55533.959016,0,1.0,1,c4a54cdecc67,,1105,3
c,bytes,document,100,58,custom-binary,v2-1.0,154,112,207,266,6493506.493506,8928571.428571,3759398.496241,0,1.0,1,c4a54cdecc67,,1106,4
c,bytes,document,100,58,cJSON,1.7.18,4926,4028,460,8954,203004.466098,248262.164846,111681.929864,0,1.0,1,c4a54cdecc67,,1107,5
c,bytes,document,100,58,nanopb,0.4.9,582,260,166,842,1718213.058419,3846153.846154,1187648.456057,0,1.0,1,c4a54cdecc67,,1108,6
c,bytes,document,100,58,flatcc,0.6.1,457,69,236,526,2188183.807440,14492753.623188,1901140.684411,0,1.0,1,c4a54cdecc67,,1109,7
c,bytes,document,100,58,protobuf-wire,wire-v2,605,268,166,873,1652892.561983,3731343.283582,1145475.372279,0,1.0,1,c4a54cdecc67,,1110,8
c,bytes,document,100,58,cbor-encode,0.11.0,5910,5989,457,11899,169204.737733,166972.783436,84040.675687,0,1.0,1,c4a54cdecc67,,1111,9
c,bytes,document,100,58,msgpack-c,6.0.1,1097,3572,335,4669,911577.028259,279955.207167,214178.624973,0,1.0,1,c4a54cdecc67,,1112,10
c,bytes,document,100,58,parson,1.5.3,16050,6607,460,22657,62305.295950,151354.623884,44136.469965,0,1.0,1,c4a54cdecc67,,1113,11
c,bytes,document,100,58,libbson,1.27.5,5123,2667,577,7790,195198.126098,374953.130859,128369.704750,0,1.0,1,c4a54cdecc67,,1114,12
c,bytes,document,100,58,mpack,1.1,706,1516,335,2222,1416430.594901,659630.606860,450045.004500,0,1.0,1,c4a54cdecc67,,1115,13
c,bytes,document,100,58,avro-c,1.11.3,569,455,210,1024,1757469.244288,2197802.197802,976562.500000,0,1.0,1,c4a54cdecc67,,1116,14
c,bytes,document,100,58,qcbor,1.5.1,2701,5950,343,8651,370233.246946,168067.226891,115593.572997,0,1.0,1,c4a54cdecc67,,1117,15
c,bytes,document,100,58,json-c,0.15,7902,9513,460,17415,126550.240445,105119.310417,57421.762848,0,1.0,1,c4a54cdecc67,,1118,16
c,bytes,document,100,58,zcbor,0.9,1457,8155,354,9612,686341.798216,122624.156959,104036.620891,0,1.0,1,c4a54cdecc67,,1119,17
c,bytes,document,100,58,yyjson,0.10.0,3282,1581,460,4863,304692.260817,632511.068944,205634.382069,0,1.0,1,c4a54cdecc67,,1120,18
c,bytes,document,100,59,qcbor,1.5.1,2313,5435,343,7748,432338.953740,183992.640294,129065.565307,0,1.0,1,c4a54cdecc67,,1121,0
c,bytes,document,100,59,tinycbor,0.6.0,1108,6582,343,7690,902527.075812,151929.504710,130039.011704,0,1.0,1,c4a54cdecc67,,1122,1
c,bytes,document,100,59,libbson,1.27.5,3881,2188,577,6069,257665.550116,457038.391225,164771.791069,0,1.0,1,c4a54cdecc67,,1123,2
c,bytes,document,100,59,yyjson,0.10.0,2139,1198,460,3337,467508.181393,834724.540902,299670.362601,0,1.0,1,c4a54cdecc67,,1124,3
c,bytes,document,100,59,zcbor,0.9,1176,6623,354,7799,850340.136054,150988.977805,128221.566868,0,1.0,1,c4a54cdecc67,,1125,4
c,bytes,document,100,59,avro-c,1.11.3,369,327,210,696,2710027.100271,3058103.975535,1436781.609195,0,1.0,1,c4a54cdecc67,,1126,5
c,bytes,document,100,59,jansson,2.14,9795,8793,460,18588,102092.904543,113726.828159,53798.149344,0,1.0,1,c4a54cdecc67,,1127,6
c,bytes,document,100,59,protobuf-c,1.5.0,526,239,166,765,1901140.684411,4184100.418410,1307189.542484,0,1.0,1,c4a54cdecc67,,1128,7
c,bytes,document,100,59,mpack,1.1,635,1978,335,2613,1574803.149606,505561.172902,382701.875239,0,1.0,1,c4a54cdecc67,,1129,8
c,bytes,document,100,59,json-c,0.15,6674,8567,460,15241,149835.181301,116726.975604,65612.492619,0,1.0,1,c4a54cdecc67,,1130,9
c,bytes,document,100,59,cbor-encode,0.11.0,5997,5597,457,11594,166750.041688,178667.143112,86251.509401,0,1.0,1,c4a54cdecc67,,1131,10
c,bytes,document,100,59,protobuf-wire,wire-v2,568,260,166,828,1760563.380282,3846153.846154,1207729.468599,0,1.0,1,c4a54cdecc67,,1132,11
c,bytes,document,100,59,ubj,1.0-min,269,145,244,414,3717472.118959,6896551.724138,2415458.937198,0,1.0,1,c4a54cdecc67,,1133,12
c,bytes,document,100,59,nanopb,0.4.9,532,238,166,770,1879699.248120,4201680.672269,1298701.298701,0,1.0,1,c4a54cdecc67,,1134,13
c,bytes,document,100,59,flatcc,0.6.1,485,103,236,588,2061855.670103,9708737.864078,1700680.272109,0,1.0,1,c4a54cdecc67,,1135,14
c,bytes,document,100,59,cJSON,1.7.18,5193,3962,460,9155,192566.917004,252397.778900,109229.929001,0,1.0,1,c4a54cdecc67,,1136,15
c,bytes,document,100,59,custom-binary,v2-1.0,147,106,207,253,6802721.088435,9433962.264151,3952569.169960,0,1.0,1,c4a54cdecc67,,1137,16
c,bytes,document,100,59,msgpack-c,6.0.1,952,2660,335,3612,1050420.168067,375939.849624,276854.928018,0,1.0,1,c4a54cdecc67,,1138,17
c,bytes,document,100,59,parson,1.5.3,14748,5515,460,20263,67805.804177,181323.662738,49351.033904,0,1.0,1,c4a54cdecc67,,1139,18
c,bytes,document,100,60,parson,1.5.3,11608,4605,460,16213,86147.484493,217155.266015,61678.899648,0,1.0,1,c4a54cdecc67,,1140,0
c,bytes,document,100,60,nanopb,0.4.9,473,214,166,687,2114164.904863,4672897.196262,1455604.075691,0,1.0,1,c4a54cdecc67,,1141,1
c,bytes,document,100,60,qcbor,1.5.1,2478,5539,343,8017,403551.251009,180538.003250,124734.938256,0,1.0,1,c4a54cdecc67,,1142,2
c,bytes,document,100,60,mpack,1.1,783,2648,335,3431,1277139.208174,377643.504532,291460.215681,0,1.0,1,c4a54cdecc67,,1143,3
c,bytes,document,100,60,zcbor,0.9,1287,6643,354,7930,777000.777001,150534.397110,126103.404792,0,1.0,1,c4a54cdecc67,,1144,4
c,bytes,document,100,60,custom-binary,v2-1.0,133,93,207,226,7518796.992481,10752688.172043,4424778.761062,0,1.0,1,c4a54cdecc67,,1145,5
c,bytes,document,100,60,msgpack-c,6.0.1,895,1087,335,1982,1117318.435754,919963.201472,504540.867810,0,1.0,1,c4a54cdecc67,,1146,6
c,bytes,document,100,60,jansson,2.14,8931,8780,460,17711,111969.544284,113895.216401,56462.085709,0,1.0,1,c4a54cdecc67,,1147,7
c,bytes,document,100,60,avro-c,1.11.3,476,422,210,898,2100840.336134,2369668.246445,1113585.746102,0,1.0,1,c4a54cdecc67,,1148,8
c,bytes,document,100,60,cbor-encode,0.11.0,5576,5567,457,11143,179340.028694,179629.962278,89742.439199,0,1.0,1,c4a54cdecc67,,1149,9
c,bytes,document,100,60,protobuf-c,1.5.0,505,250,166,755,1980198.019802,4000000.000000,1324503.311258,0,1.0,1,c4a54cdecc67,,1150,10
c,bytes,document,100,60,protobuf-wire,wire-v2,525,231,166,756,1904761.904762,4329004.329004,1322751.322751,0,1.0,1,c4a54cdecc67,,1151,11
c,bytes,document,100,60,json-c,0.15,6539,10098,460,16637,152928.582352,99029.510794,60106.990443,0,1.0,1,c4a54cdecc67,,1152,12
c,bytes,document,100,60,ubj,1.0-min,236,135,244,371,4237288.135593,7407407.407407,2695417.789757,0,1.0,1,c4a54cdecc67,,1153,13
c,bytes,document,100,60,yyjson,0.10.0,3110,1523,460,4633,321543.408360,656598.818122,215842.866393,0,1.0,1,c4a54cdecc67,,1154,14
c,bytes,document,100,60,flatcc,0.6.1,462,94,236,556,2164502.164502,10638297.872340,1798561.151079,0,1.0,1,c4a54cdecc67,,1155,15
c,bytes,document,100,60,cJSON,1.7.18,5891,3941,460,9832,169750.466814,253742.704897,101708.706265,0,1.0,1,c4a54cdecc67,,1156,16
c,bytes,document,100,60,libbson,1.27.5,4222,2504,577,6726,236854.571293,399361.022364,148676.776687,0,1.0,1,c4a54cdecc67,,1157,17
c,bytes,document,100,60,tinycbor,0.6.0,1012,5343,343,6355,988142.292490,187160.771102,157356.412274,0,1.0,1,c4a54cdecc67,,1158,18
c,bytes,document,100,61,jansson,2.14,8911,8322,460,17233,112220.850634,120163.422254,58028.201706,0,1.0,1,c4a54cdecc67,,1159,0
c,bytes,document,100,61,cJSON,1.7.18,4475,3342,460,7817,223463.687151,299222.022741,127926.314443,0,1.0,1,c4a54cdecc67,,1160,1
c,bytes,document,100,61,zcbor,0.9,1327,6667,354,7994,753579.502638,149992.500375,125093.820365,0,1.0,1,c4a54cdecc67,,1161,2
c,bytes,document,100,61,msgpack-c,6.0.1,1181,2063,335,3244,846740.050804,484730.974309,308261.405672,0,1.0,1,c4a54cdecc67,,1162,3
c,bytes,document,100,61,mpack,1.1,691,1294,335,1985,1447178.002894,772797.527048,503778.337531,0,1.0,1,c4a54cdecc67,,1163,4
c,bytes,document,100,61,protobuf-wire,wire-v2,538,224,166,762,1858736.059480,4464285.714286,1312335.958005,0,1.0,1,c4a54cdecc67,,1164,5
c,bytes,document,100,61,parson,1.5.3,14755,5931,460,20686,67773.636056,168605.631428,48341.873731,0,1.0,1,c4a54cdecc67,,1165,6
c,bytes,document,100,61,nanopb,0.4.9,533,245,166,778,1876172.607880,4081632.653061,1285347.043702,0,1.0,1,c4a54cdecc67,,1166,7
c,bytes,document,100,61,cbor-encode,0.11.0,5295,5519,457,10814,188857.412653,181192.244972,92472.720547,0,1.0,1,c4a54cdecc67,,1167,8
c,bytes,document,100,61,avro-c,1.11.3,496,460,210,956,2016129.032258,2173913.043478,1046025.104603,0,1.0,1,c4a54cdecc67,,1168,9
c,bytes,document,100,61,tinycbor,0.6.0,963,5156,343,6119,1038421.599169,193948.797517,163425.396307,0,1.0,1,c4a54cdecc67,,1169,10
c,bytes,document,100,61,libbson,1.27.5,3219,2502,577,5721,310655.483069,399680.255795,174794.616326,0,1.0,1,c4a54cdecc67,,1170,11
c,bytes,document,100,61,flatcc,0.6.1,447,105,236,552,2237136.465324,9523809.523810,1811594.202899,0,1.0,1,c4a54cdecc67,,1171,12
c,bytes,document,100,61,qcbor,1.5.1,2568,5320,343,7888,389408.099688,187969.924812,126774.847870,0,1.0,1,c4a54cdecc67,,1172,13
c,bytes,document,100,61,yyjson,0.10.0,4197,1432,460,5629,238265.427686,698324.022346,177651.447859,0,1.0,1,c4a54cdecc67,,1173,14
c,bytes,document,100,61,json-c,0.15,6764,9075,460,15839,147841.513897,110192.837466,63135.298946,0,1.0,1,c4a54cdecc67,,1174,15
c,bytes,document,100,61,ubj,1.0-min,218,142,244,360,4587155.963303,7042253.521127,2777777.777778,0,1.0,1,c4a54cdecc67,,1175,16
c,bytes,document,100,61,custom-binary,v2-1.0,149,93,207,242,6711409.395973,10752688.172043,4132231.404959,0,1.0,1,c4a54cdecc67,,1176,17
c,bytes,document,100,61,protobuf-c,1.5.0,511,251,166,762,1956947.162427,3984063.745020,1312335.958005,0,1.0,1,c4a54cdecc67,,1177,18
c,bytes,document,100,62,protobuf-wire,wire-v2,519,206,166,725,1926782.273603,4854368.932039,1379310.344828,0,1.0,1,c4a54cdecc67,,1178,0
c,bytes,document,100,62,cbor-encode,0.11.0,5433,5514,457,10947,184060.371802,181356.546971,91349.228099,0,1.0,1,c4a54cdecc67,,1179,1
c,bytes,document,100,62,json-c,0.15,5664,8764,460,14428,176553.672316,114103.149247,69309.675631,0,1.0,1,c4a54cdecc67,,1180,2
c,bytes,document,100,62,custom-binary,v2-1.0,99,59,207,158,10101010.101010,16949152.542373,6329113.924051,0,1.0,1,c4a54cdecc67,,1181,3
c,bytes,document,100,62,flatcc,0.6.1,347,90,236,437,2881844.380403,11111111.111111,2288329.519451,0,1.0,1,c4a54cdecc67,,1182,4
c,bytes,document,100,62,parson,1.5.3,14055,5456,460,19511,71149.057275,183284.457478,51253.139255,0,1.0,1,c4a54cdecc67,,1183,5
c,bytes,document,100,62,qcbor,1.5.1,2488,5562,343,8050,401929.260450,179791.441927,124223.602484,0,1.0,1,c4a54cdecc67,,1184,6
c,bytes,document,100,62,yyjson,0.10.0,3761,1331,460,5092,265886.732252,751314.800902,196386.488610,0,1.0,1,c4a54cdecc67,,1185,7
c,bytes,document,100,62,ubj,1.0-min,184,129,244,313,5434782.608696,7751937.984496,3194888.178914,0,1.0,1,c4a54cdecc67,,1186,8
c,bytes,document,100,62,tinycbor,0.6.0,946,5333,343,6279,1057082.452431,187511.719482,159261.028826,0,1.0,1,c4a54cdecc67,,1187,9
c,bytes,document,100,62,protobuf-c,1.5.0,471,223,166,694,2123142.250531,4484304.932735,1440922.190202,0,1.0,1,c4a54cdecc67,,1188,10
c,bytes,document,100,62,jansson,2.14,9363,8807,460,18170,106803.374987,113546.042920,55035.773253,0,1.0,1,c4a54cdecc67,,1189,11
c,bytes,document,100,62,libbson,1.27.5,4134,2394,577,6528,241896.468312,417710.944027,153186.274510,0,1.0,1,c4a54cdecc67,,1190,12
c,bytes,document,100,62,msgpack-c,6.0.1,955,1206,335,2161,1047120.418848,829187.396352,462748.727441,0,1.0,1,c4a54cdecc67,,1191,13
c,bytes,document,100,62,cJSON,1.7.18,5691,3845,460,9536,175716.042875,260078.023407,104865.771812,0,1.0,1,c4a54cdecc67,,1192,14
c,bytes,document,100,62,zcbor,0.9,1792,6771,354,8563,558035.714286,147688.672279,116781.501810,0,1.0,1,c4a54cdecc67,,1193,15
c,bytes,document,100,62,avro-c,1.11.3,511,465,210,976,1956947.162427,2150537.634409,1024590.163934,0,1.0,1,c4a54cdecc67,,1194,16
c,bytes,document,100,62,nanopb,0.4.9,535,242,166,777,1869158.878505,4132231.404959,1287001.287001,0,1.0,1,c4a54cdecc67,,1195,17
c,bytes,document,100,62,mpack,1.1,721,2094,335,2815,1386962.552011,477554.918816,355239.786856,0,1.0,1,c4a54cdecc67,,1196,18
c,bytes,document,100,63,mpack,1.1,370,890,335,1260,2702702.702703,1123595.505618,793650.793651,0,1.0,1,c4a54cdecc67,,1197,0
c,bytes,document,100,63,custom-binary,v2-1.0,167,92,207,259,5988023.952096,10869565.217391,3861003.861004,0,1.0,1,c4a54cdecc67,,1198,1
c,bytes,document,100,63,zcbor,0.9,1153,6542,354,7695,867302.688638,152858.453072,129954.515919,0,1.0,1,c4a54cdecc67,,1199,2
c,bytes,document,100,63,avro-c,1.11.3,243,279,210,522,4115226.337449,3584229.390681,1915708.812261,0,1.0,1,c4a54cdecc67,,1200,3
c,bytes,document,100,63,qcbor,1.5.1,2549,5306,343,7855,392310.710082,188465.887674,127307.447486,0,1.0,1,c4a54cdecc67,,1201,4
c,bytes,document,100,63,libbson,1.27.5,2942,2162,577,5104,339904.826649,462534.690102,195924.764890,0,1.0,1,c4a54cdecc67,,1202,5
c,bytes,document,100,63,flatcc,0.6.1,450,102,236,552,2222222.222222,9803921.568627,1811594.202899,0,1.0,1,c4a54cdecc67,,1203,6
c,bytes,document,100,63,protobuf-c,1.5.0,509,970,166,1479,1964636.542240,1030927.835052,676132.521974,0,1.0,1,c4a54cdecc67,,1204,7
c,bytes,document,100,63,jansson,2.14,8423,7758,460,16181,118722.545411,128899.200825,61800.877572,0,1.0,1,c4a54cdecc67,,1205,8
c,bytes,document,100,63,ubj,1.0-min,199,126,244,325,5025125.628141,7936507.936508,3076923.076923,0,1.0,1,c4a54cdecc67,,1206,9
c,bytes,document,100,63,cJSON,1.7.18,4437,3269,460,7706,225377.507325,305903.946161,129769.011160,0,1.0,1,c4a54cdecc67,,1207,10
c,bytes,document,100,63,parson,1.5.3,12760,4955,460,17715,78369.905956,201816.347124,56449.336720,0,1.0,1,c4a54cdecc67,,1208,11
c,bytes,document,100,63,tinycbor,0.6.0,1019,5058,343,6077,981354.268891,197706.603401,164554.879052,0,1.0,1,c4a54cdecc67,,1209,12
c,bytes,document,100,63,json-c,0.15,6459,9137,460,15596,154822.727976,109445.113276,64119.004873,0,1.0,1,c4a54cdecc67,,1210,13
c,bytes,document,100,63,protobuf-wire,wire-v2,519,239,166,758,1926782.273603,4184100.418410,1319261.213720,0,1.0,1,c4a54cdecc67,,1211,14
c,bytes,document,100,63,yyjson,0.10.0,2819,1356,460,4175,354735.721887,737463.126844,239520.958084,0,1.0,1,c4a54cdecc67,,1212,15
c,bytes,document,100,63,msgpack-c,6.0.1,1044,1140,335,2184,957854.406130,877192.982456,457875.457875,0,1.0,1,c4a54cdecc67,,1213,16
c,bytes,document,100,63,nanopb,0.4.9,484,217,166,701,2066115.702479,4608294.930876,1426533.523538,0,1.0,1,c4a54cdecc67,,1214,17
c,bytes,document,100,63,cbor-encode,0.11.0,5756,5108,457,10864,173731.758165,195771.339076,92047.128130,0,1.0,1,c4a54cdecc67,,1215,18
c,bytes,document,100,64,jansson,2.14,7993,7708,460,15701,125109.470787,129735.339907,63690.210815,0,1.0,1,c4a54cdecc67,,1216,0
c,bytes,document,100,64,qcbor,1.5.1,3592,5450,343,9042,278396.436526,183486.238532,110595.001106,0,1.0,1,c4a54cdecc67,,1217,1
c,bytes,document,100,64,yyjson,0.10.0,3313,1196,460,4509,301841.231512,836120.401338,221778.664892,0,1.0,1,c4a54cdecc67,,1218,2
c,bytes,document,100,64,custom-binary,v2-1.0,148,90,207,238,6756756.756757,11111111.111111,4201680.672269,0,1.0,1,c4a54cdecc67,,1219,3
c,bytes,document,100,64,zcbor,0.9,1249,6266,354,7515,800640.512410,159591.445898,133067.198935,0,1.0,1,c4a54cdecc67,,1220,4
c,bytes,document,100,64,flatcc,0.6.1,441,91,236,532,2267573.696145,10989010.989011,1879699.248120,0,1.0,1,c4a54cdecc67,,1221,5
c,bytes,document,100,64,msgpack-c,6.0.1,918,1079,335,1997,1089324.618736,926784.059314,500751.126690,0,1.0,1,c4a54cdecc67,,1222,6
c,bytes,document,100,64,tinycbor,0.6.0,926,5012,343,5938,1079913.606911,199521.149242,168406.871000,0,1.0,1,c4a54cdecc67,,1223,7
c,bytes,document,100,64,parson,1.5.3,13703,5564,460,19267,72976.720426,179726.815241,51902.216225,0,1.0,1,c4a54cdecc67,,1224,8
c,bytes,document,100,64,protobuf-wire,wire-v2,497,243,166,740,2012072.434608,4115226.337449,1351351.351351,0,1.0,1,c4a54cdecc67,,1225,9
c,bytes,document,100,64,nanopb,0.4.9,469,238,166,707,2132196.162047,4201680.672269,1414427.157001,0,1.0,1,c4a54cdecc67,,1226,10
c,bytes,document,100,64,libbson,1.27.5,4209,2287,577,6496,237586.124970,437254.044600,153940.886700,0,1.0,1,c4a54cdecc67,,1227,11
c,bytes,document,100,64,protobuf-c,1.5.0,505,231,166,736,1980198.019802,4329004.329004,1358695.652174,0,1.0,1,c4a54cdecc67,,1228,12
c,bytes,document,100,64,json-c,0.15,6607,8416,460,15023,151354.623884,118821.292776,66564.600945,0,1.0,1,c4a54cdecc67,,1229,13
c,bytes,document,100,64,cJSON,1.7.18,5064,6998,460,12062,197472.353870,142897.970849,82904.990880,0,1.0,1,c4a54cdecc67,,1230,14
c,bytes,document,100,64,avro-c,1.11.3,1010,427,210,1437,990099.009901,2341920.374707,695894.224078,0,1.0,1,c4a54cdecc67,,1231,15
c,bytes,document,100,64,mpack,1.1,678,2266,335,2944,1474926.253687,441306.266549,339673.913043,0,1.0,1,c4a54cdecc67,,1232,16
c,bytes,document,100,64,cbor-encode,0.11.0,7905,5647,457,13552,126502.213789,177085.177971,73789.846517,0,1.0,1,c4a54cdecc67,,1233,17
c,bytes,document,100,64,ubj,1.0-min,264,171,244,435,3787878.787879,5847953.216374,2298850.574713,0,1.0,1,c4a54cdecc67,,1234,18
c,bytes,document,100,65,qcbor,1.5.1,2835,5782,343,8617,352733.686067,172950.536147,116049.669258,0,1.0,1,c4a54cdecc67,,1235,0
c,bytes,document,100,65,cbor-encode,0.11.0,4859,5606,457,10465,205803.663305,178380.306814,95556.617296,0,1.0,1,c4a54cdecc67,,1236,1
c,bytes,document,100,65,libbson,1.27.5,4407,2319,577,6726,226911.731337,431220.353601,148676.776687,0,1.0,1,c4a54cdecc67,,1237,2
c,bytes,document,100,65,zcbor,0.9,1425,6939,354,8364,701754.385965,144112.984580,119560.019130,0,1.0,1,c4a54cdecc67,,1238,3
c,bytes,document,100,65,parson,1.5.3,15787,5774,460,21561,63343.257110,173190.162799,46380.038032,0,1.0,1,c4a54cdecc67,,1239,4
c,bytes,document,100,65,json-c,0.15,7172,9748,460,16920,139431.121026,102585.145671,59101.654846,0,1.0,1,c4a54cdecc67,,1240,5
c,bytes,document,100,65,avro-c,1.11.3,561,437,210,998,1782531.194296,2288329.519451,1002004.008016,0,1.0,1,c4a54cdecc67,,1241,6
c,bytes,document,100,65,yyjson,0.10.0,3362,1678,460,5040,297441.998810,595947.556615,198412.698413,0,1.0,1,c4a54cdecc67,,1242,7
c,bytes,document,100,65,jansson,2.14,10192,9071,460,19263,98116.169545,110241.428729,51912.993822,0,1.0,1,c4a54cdecc67,,1243,8
c,bytes,document,100,65,mpack,1.1,749,2371,335,3120,1335113.484646,421762.969211,320512.820513,0,1.0,1,c4a54cdecc67,,1244,9
c,bytes,document,100,65,cJSON,1.7.18,6273,4259,460,10532,159413.358839,234796.900681,94948.727687,0,1.0,1,c4a54cdecc67,,1245,10
c,bytes,document,100,65,tinycbor,0.6.0,1129,7099,343,8228,885739.592560,140864.910551,121536.217793,0,1.0,1,c4a54cdecc67,,1246,11
c,bytes,document,100,65,protobuf-wire,wire-v2,564,274,166,838,1773049.645390,3649635.036496,1193317.422434,0,1.0,1,c4a54cdecc67,,1247,12
c,bytes,document,100,65,protobuf-c,1.5.0,552,282,166,834,1811594.202899,3546099.290780,1199040.767386,0,1.0,1,c4a54cdecc67,,1248,13
c,bytes,document,100,65,flatcc,0.6.1,520,96,236,616,1923076.923077,10416666.666667,1623376.623377,0,1.0,1,c4a54cdecc67,,1249,14
c,bytes,document,100,65,msgpack-c,6.0.1,1068,1950,335,3018,936329.588015,512820.512821,331345.261763,0,1.0,1,c4a54cdecc67,,1250,15
c,bytes,document,100,65,nanopb,0.4.9,572,277,166,849,1748251.748252,3610108.303249,1177856.301531,0,1.0,1,c4a54cdecc67,,1251,16
c,bytes,document,100,65,ubj,1.0-min,247,167,244,414,4048582.995951,5988023.952096,2415458.937198,0,1.0,1,c4a54cdecc67,,1252,17
c,bytes,document,100,65,custom-binary,v2-1.0,148,104,207,252,6756756.756757,9615384.615385,3968253.968254,0,1.0,1,c4a54cdecc67,,1253,18
c,bytes,document,100,66,protobuf-wire,wire-v2,460,208,166,668,2173913.043478,4807692.307692,1497005.988024,0,1.0,1,c4a54cdecc67,,1254,0
c,bytes,document,100,66,msgpack-c,6.0.1,663,867,335,1530,1508295.625943,1153402.537486,653594.771242,0,1.0,1,c4a54cdecc67,,1255,1
c,bytes,document,100,66,nanopb,0.4.9,432,199,166,631,2314814.814815,5025125.628141,1584786.053883,0,1.0,1,c4a54cdecc67,,1256,2
c,bytes,document,100,66,qcbor,1.5.1,2667,5368,343,8035,374953.130859,186289.120715,124455.507156,0,1.0,1,c4a54cdecc67,,1257,3
c,bytes,document,100,66,protobuf-c,1.5.0,458,243,166,701,2183406.113537,4115226.337449,1426533.523538,0,1.0,1,c4a54cdecc67,,1258,4
c,bytes,document,100,66,custom-binary,v2-1.0,125,90,207,215,8000000.000000,11111111.111111,4651162.790698,0,1.0,1,c4a54cdecc67,,1259,5
c,bytes,document,100,66,libbson,1.27.5,3474,2480,577,5954,287852.619459,403225.806452,167954.316426,0,1.0,1,c4a54cdecc67,,1260,6
c,bytes,document,100,66,jansson,2.14,8895,8642,460,17537,112422.709387,115713.955103,57022.295718,0,1.0,1,c4a54cdecc67,,1261,7
c,bytes,document,100,66,mpack,1.1,628,1949,335,2577,1592356.687898,513083.632632,388048.117967,0,1.0,1,c4a54cdecc67,,1262,8
c,bytes,document,100,66,ubj,1.0-min,168,131,244,299,5952380.952381,7633587.786260,3344481.605351,0,1.0,1,c4a54cdecc67,,1263,9
c,bytes,document,100,66,parson,1.5.3,15552,5821,460,21373,64300.411523,171791.788353,46788.003556,0,1.0,1,c4a54cdecc67,,1264,10
c,bytes,document,100,66,zcbor,0.9,1359,6996,354,8355,735835.172921,142938.822184,119688.809096,0,1.0,1,c4a54cdecc67,,1265,11
c,bytes,document,100,66,json-c,0.15,7305,10075,460,17380,136892.539357,99255.583127,57537.399310,0,1.0,1,c4a54cdecc67,,1266,12
c,bytes,document,100,66,tinycbor,0.6.0,959,5458,343,6417,1042752.867570,183217.295713,155836.060464,0,1.0,1,c4a54cdecc67,,1267,13
c,bytes,document,100,66,cJSON,1.7.18,5620,4055,460,9675,177935.943060,246609.124538,103359.173127,0,1.0,1,c4a54cdecc67,,1268,14
c,bytes,document,100,66,yyjson,0.10.0,3681,1482,460,5163,271665.308340,674763.832659,193685.841565,0,1.0,1,c4a54cdecc67,,1269,15
c,bytes,document,100,66,avro-c,1.11.3,595,488,210,1083,1680672.268908,2049180.327869,923361.034164,0,1.0,1,c4a54cdecc67,,1270,16
c,bytes,document,100,66,flatcc,0.6.1,525,90,236,615,1904761.904762,11111111.111111,1626016.260163,0,1.0,1,c4a54cdecc67,,1271,17
c,bytes,document,100,66,cbor-encode,0.11.0,6444,5677,457,12121,155183.116077,176149.374670,82501.443775,0,1.0,1,c4a54cdecc67,,1272,18
c,bytes,document,100,67,qcbor,1.5.1,2598,5178,343,7776,384911.470362,193124.758594,128600.823045,0,1.0,1,c4a54cdecc67,,1273,0
c,bytes,document,100,67,parson,1.5.3,13776,5675,460,19451,72590.011614,176211.453744,51411.238497,0,1.0,1,c4a54cdecc67,,1274,1
c,bytes,document,100,67,nanopb,0.4.9,528,240,166,768,1893939.393939,4166666.666667,1302083.333333,0,1.0,1,c4a54cdecc67,,1275,2
c,bytes,document,100,67,yyjson,0.10.0,3774,1231,460,5005,264970.853206,812347.684809,199800.199800,0,1.0,1,c4a54cdecc67,,1276,3
c,bytes,document,100,67,jansson,2.14,9553,8932,460,18485,104679.158380,111957.008509,54097.917230,0,1.0,1,c4a54cdecc67,,1277,4
c,bytes,document,100,67,tinycbor,0.6.0,1027,5445,343,6472,973709.834469,183654.729109,154511.742892,0,1.0,1,c4a54cdecc67,,1278,5
c,bytes,document,100,67,mpack,1.1,12920,2479,335,15399,77399.380805,403388.463090,64939.281772,0,1.0,1,c4a54cdecc67,,1279,6
c,bytes,document,100,67,custom-binary,v2-1.0,183,102,207,285,5464480.874317,9803921.568627,3508771.929825,0,1.0,1,c4a54cdecc67,,1280,7
c,bytes,document,100,67,flatcc,0.6.1,443,91,236,534,2257336.343115,10989010.989011,1872659.176030,0,1.0,1,c4a54cdecc67,,1281,8
c,bytes,document,100,67,protobuf-c,1.5.0,532,297,166,829,1879699.248120,3367003.367003,1206272.617612,0,1.0,1,c4a54cdecc67,,1282,9
c,bytes,document,100,67,msgpack-c,6.0.1,1005,1159,335,2164,995024.875622,862812.769629,462107.208872,0,1.0,1,c4a54cdecc67,,1283,10
c,bytes,document,100,67,protobuf-wire,wire-v2,562,254,166,816,1779359.430605,3937007.874016,1225490.196078,0,1.0,1,c4a54cdecc67,,1284,11
c,bytes,document,100,67,cbor-encode,0.11.0,6366,5631,457,11997,157084.511467,177588.350204,83354.171876,0,1.0,1,c4a54cdecc67,,1285,12
c,bytes,document,100,67,cJSON,1.7.18,5071,3991,460,9062,197199.763360,250563.768479,110350.915913,0,1.0,1,c4a54cdecc67,,1286,13
c,bytes,document,100,67,avro-c,1.11.3,565,451,210,1016,1769911.504425,2217294.900222,984251.968504,0,1.0,1,c4a54cdecc67,,1287,14
c,bytes,document,100,67,json-c,0.15,6406,10078,460,16484,156103.652825,99226.036912,60664.887163,0,1.0,1,c4a54cdecc67,,1288,15
c,bytes,document,100,67,ubj,1.0-min,210,159,244,369,4761904.761905,6289308.176101,2710027.100271,0,1.0,1,c4a54cdecc67,,1289,16
c,bytes,document,100,67,libbson,1.27.5,4114,2553,577,6667,243072.435586,391696.043870,149992.500375,0,1.0,1,c4a54cdecc67,,1290,17
c,bytes,document,100,67,zcbor,0.9,1359,6915,354,8274,735835.172921,144613.159798,120860.526952,0,1.0,1,c4a54cdecc67,,1291,18
c,bytes,document,100,68,cbor-encode,0.11.0,6023,5375,457,11398,166030.217500,186046.511628,87734.690297,0,1.0,1,c4a54cdecc67,,1292,0
c,bytes,document,100,68,tinycbor,0.6.0,937,5208,343,6145,1067235.859125,192012.288786,162733.930024,0,1.0,1,c4a54cdecc67,,1293,1
c,bytes,document,100,68,qcbor,1.5.1,2631,5122,343,7753,380083.618396,195236.235845,128982.329421,0,1.0,1,c4a54cdecc67,,1294,2
c,bytes,document,100,68,libbson,1.27.5,4025,2185,577,6210,248447.204969,457665.903890,161030.595813,0,1.0,1,c4a54cdecc67,,1295,3
c,bytes,document,100,68,jansson,2.14,9410,8794,460,18204,106269.925611,113713.895838,54932.981762,0,1.0,1,c4a54cdecc67,,1296,4
c,bytes,document,100,68,cJSON,1.7.18,4695,3636,460,8331,212992.545261,275027.502750,120033.609411,0,1.0,1,c4a54cdecc67,,1297,5
c,bytes,document,100,68,protobuf-wire,wire-v2,553,218,166,771,1808318.264014,4587155.963303,1297016.861219,0,1.0,1,c4a54cdecc67,,1298,6
c,bytes,document,100,68,yyjson,0.10.0,3317,1431,460,4748,301477.238468,698812.019567,210614.995788,0,1.0,1,c4a54cdecc67,,1299,7
c,bytes,document,100,68,ubj,1.0-min,199,143,244,342,5025125.628141,6993006.993007,2923976.608187,0,1.0,1,c4a54cdecc67,,1300,8
c,bytes,document,100,68,json-c,0.15,7509,8702,460,16211,133173.525103,114916.111239,61686.509160,0,1.0,1,c4a54cdecc67,,1301,9
c,bytes,document,100,68,avro-c,1.11.3,447,400,210,847,2237136.465324,2500000.000000,1180637.544274,0,1.0,1,c4a54cdecc67,,1302,10
c,bytes,document,100,68,flatcc,0.6.1,522,85,236,607,1915708.812261,11764705.882353,1647446.457990,0,1.0,1,c4a54cdecc67,,1303,11
c,bytes,document,100,68,zcbor,0.9,1323,6791,354,8114,755857.898715,147253.718156,123243.776189,0,1.0,1,c4a54cdecc67,,1304,12
c,bytes,document,100,68,custom-binary,v2-1.0,180,105,207,285,5555555.555556,9523809.523810,3508771.929825,0,1.0,1,c4a54cdecc67,,1305,13
c,bytes,document,100,68,protobuf-c,1.5.0,518,261,166,779,1930501.930502,3831417.624521,1283697.047497,0,1.0,1,c4a54cdecc67,,1306,14
c,bytes,document,100,68,parson,1.5.3,14440,5586,460,20026,69252.077562,179018.976011,49935.084390,0,1.0,1,c4a54cdecc67,,1307,15
c,bytes,document,100,68,mpack,1.1,685,2665,335,3350,1459854.014599,375234.521576,298507.462687,0,1.0,1,c4a54cdecc67,,1308,16
c,bytes,document,100,68,nanopb,0.4.9,523,243,166,766,1912045.889101,4115226.337449,1305483.028721,0,1.0,1,c4a54cdecc67,,1309,17
c,bytes,document,100,68,msgpack-c,6.0.1,1071,1166,335,2237,933706.816060,857632.933105,447027.268663,0,1.0,1,c4a54cdecc67,,1310,18
c,bytes,document,100,69,zcbor,0.9,1176,6549,354,7725,850340.136054,152695.067949,129449.838188,0,1.0,1,c4a54cdecc67,,1311,0
c,bytes,document,100,69,flatcc,0.6.1,416,80,236,496,2403846.153846,12500000.000000,2016129.032258,0,1.0,1,c4a54cdecc67,,1312,1
c,bytes,document,100,69,libbson,1.27.5,3390,2466,577,5856,294985.250737,405515.004055,170765.027322,0,1.0,1,c4a54cdecc67,,1313,2
c,bytes,document,100,69,cJSON,1.7.18,5857,4015,460,9872,170735.871607,249066.002491,101296.596434,0,1.0,1,c4a54cdecc67,,1314,3
c,bytes,document,100,69,protobuf-wire,wire-v2,538,244,166,782,1858736.059480,4098360.655738,1278772.378517,0,1.0,1,c4a54cdecc67,,1315,4
c,bytes,document,100,69,yyjson,0.10.0,3075,1476,460,4551,325203.252033,677506.775068,219731.927049,0,1.0,1,c4a54cdecc67,,1316,5
c,bytes,document,100,69,mpack,1.1,609,1200,335,1809,1642036.124795,833333.333333,552791.597568,0,1.0,1,c4a54cdecc67,,1317,6
c,bytes,document,100,69,ubj,1.0-min,187,138,244,325,5347593.582888,7246376.811594,3076923.076923,0,1.0,1,c4a54cdecc67,,1318,7
c,bytes,document,100,69,protobuf-c,1.5.0,501,263,166,764,1996007.984032,3802281.368821,1308900.523560,0,1.0,1,c4a54cdecc67,,1319,8
c,bytes,document,100,69,avro-c,1.11.3,489,455,210,944,2044989.775051,2197802.197802,1059322.033898,0,1.0,1,c4a54cdecc67,,1320,9
c,bytes,document,100,69,custom-binary,v2-1.0,148,94,207,242,6756756.756757,10638297.872340,4132231.404959,0,1.0,1,c4a54cdecc67,,1321,10
c,bytes,document,100,69,msgpack-c,6.0.1,891,1059,335,1950,1122334.455668,944287.063267,512820.512821,0,1.0,1,c4a54cdecc67,,1322,11
c,bytes,document,100,69,tinycbor,0.6.0,954,5597,343,6551,1048218.029350,178667.143112,152648.450618,0,1.0,1,c4a54cdecc67,,1323,12
c,bytes,document,100,69,parson,1.5.3,14692,5766,460,20458,68064.252655,173430.454388,48880.633493,0,1.0,1,c4a54cdecc67,,1324,13
c,bytes,document,100,69,nanopb,0.4.9,504,254,166,758,1984126.984127,3937007.874016,1319261.213720,0,1.0,1,c4a54cdecc67,,1325,14
c,bytes,document,100,69,jansson,2.14,9057,8392,460,17449,110411.836149,119161.105815,57309.874491,0,1.0,1,c4a54cdecc67,,1326,15
c,bytes,document,100,69,qcbor,1.5.1,2625,5490,343,8115,380952.380952,182149.362477,123228.589033,0,1.0,1,c4a54cdecc67,,1327,16
c,bytes,document,100,69,json-c,0.15,6578,9909,460,16487,152021.891152,100918.357049,60653.848487,0,1.0,1,c4a54cdecc67,,1328,17
c,bytes,document,100,69,cbor-encode,0.11.0,5878,5540,457,11418,170125.893161,180505.415162,87581.012437,0,1.0,1,c4a54cdecc67,,1329,18
c,bytes,document,100,70,msgpack-c,6.0.1,875,2408,335,3283,1142857.142857,415282.392027,304599.451721,0,1.0,1,c4a54cdecc67,,1330,0
c,bytes,document,100,70,flatcc,0.6.1,460,68,236,528,2173913.043478,14705882.352941,1893939.393939,0,1.0,1,c4a54cdecc67,,1331,1
c,bytes,document,100,70,parson,1.5.3,14781,5601,460,20382,67654.421216,178539.546510,49062.898636,0,1.0,1,c4a54cdecc67,,1332,2
c,bytes,document,100,70,nanopb,0.4.9,484,243,166,727,2066115.702479,4115226.337449,1375515.818432,0,1.0,1,c4a54cdecc67,,1333,3
c,bytes,document,100,70,zcbor,0.9,1341,6862,354,8203,745712.155108,145730.107840,121906.619529,0,1.0,1,c4a54cdecc67,,1334,4
c,bytes,document,100,70,yyjson,0.10.0,3317,1346,460,4663,301477.238468,742942.050520,214454.214025,0,1.0,1,c4a54cdecc67,,1335,5
c,bytes,document,100,70,json-c,0.15,7937,7826,460,15763,125992.188484,127779.197547,63439.700565,0,1.0,1,c4a54cdecc67,,1336,6
c,bytes,document,100,70,cJSON,1.7.18,5015,3537,460,8552,199401.794616,282725.473565,116931.711880,0,1.0,1,c4a54cdecc67,,1337,7
c,bytes,document,100,70,tinycbor,0.6.0,905,5170,343,6075,1104972.375691,193423.597679,164609.053498,0,1.0,1,c4a54cdecc67,,1338,8
c,bytes,document,100,70,custom-binary,v2-1.0,164,89,207,253,6097560.975610,11235955.056180,3952569.169960,0,1.0,1,c4a54cdecc67,,1339,9
c,bytes,document,100,70,protobuf-c,1.5.0,495,232,166,727,2020202.020202,4310344.827586,1375515.818432,0,1.0,1,c4a54cdecc67,,1340,10
c,bytes,document,100,70,mpack,1.1,678,2219,335,2897,1474926.253687,450653.447499,345184.673800,0,1.0,1,c4a54cdecc67,,1341,11
c,bytes,document,100,70,libbson,1.27.5,3153,2275,577,5428,317158.261973,439560.439560,184229.918939,0,1.0,1,c4a54cdecc67,,1342,12
c,bytes,document,100,70,ubj,1.0-min,207,157,244,364,4830917.874396,6369426.751592,2747252.747253,0,1.0,1,c4a54cdecc67,,1343,13
c,bytes,document,100,70,cbor-encode,0.11.0,5894,5152,457,11046,169664.065151,194099.378882,90530.508781,0,1.0,1,c4a54cdecc67,,1344,14
c,bytes,document,100,70,jansson,2.14,7964,7872,460,15836,125565.042692,127032.520325,63147.259409,0,1.0,1,c4a54cdecc67,,1345,15
c,bytes,document,100,70,protobuf-wire,wire-v2,562,227,166,789,1779359.430605,4405286.343612,1267427.122940,0,1.0,1,c4a54cdecc67,,1346,16
c,bytes,document,100,70,qcbor,1.5.1,2354,5026,343,7380,424808.836024,198965.380024,135501.355014,0,1.0,1,c4a54cdecc67,,1347,17
c,bytes,document,100,70,avro-c,1.11.3,487,453,210,940,2053388.090349,2207505.518764,1063829.787234,0,1.0,1,c4a54cdecc67,,1348,18
c,bytes,document,100,71,tinycbor,0.6.0,768,4781,343,5549,1302083.333333,209161.263334,180212.650928,0,1.0,1,c4a54cdecc67,,1349,0
c,bytes,document,100,71,yyjson,0.10.0,3469,1395,460,4864,288267.512251,716845.878136,205592.105263,0,1.0,1,c4a54cdecc67,,1350,1
c,bytes,document,100,71,qcbor,1.5.1,2037,4946,343,6983,490918.016691,202183.582693,143204.926249,0,1.0,1,c4a54cdecc67,,1351,2
c,bytes,document,100,71,cJSON,1.7.18,4872,3607,460,8479,205254.515599,277238.702523,117938.436136,0,1.0,1,c4a54cdecc67,,1352,3
c,bytes,document,100,71,avro-c,1.11.3,318,295,210,613,3144654.088050,3389830.508475,1631321.370310,0,1.0,1,c4a54cdecc67,,1353,4
c,bytes,document,100,71,libbson,1.27.5,3598,2113,577,5711,277932.184547,473260.766682,175100.682893,0,1.0,1,c4a54cdecc67,,1354,5
c,bytes,document,100,71,json-c,0.15,6559,8021,460,14580,152462.265589,124672.734073,68587.105624,0,1.0,1,c4a54cdecc67,,1355,6
c,bytes,document,100,71,custom-binary,v2-1.0,158,103,207,261,6329113.924051,9708737.864078,3831417.624521,0,1.0,1,c4a54cdecc67,,1356,7
c,bytes,document,100,71,protobuf-c,1.5.0,486,257,166,743,2057613.168724,3891050.583658,1345895.020188,0,1.0,1,c4a54cdecc67,,1357,8
c,bytes,document,100,71,jansson,2.14,8135,7796,460,15931,122925.629994,128270.908158,62770.698638,0,1.0,1,c4a54cdecc67,,1358,9
c,bytes,document,100,71,flatcc,0.6.1,441,73,236,514,2267573.696145,13698630.136986,1945525.291829,0,1.0,1,c4a54cdecc67,,1359,10
c,bytes,document,100,71,msgpack-c,6.0.1,956,2001,335,2957,1046025.104603,499750.124938,338180.588434,0,1.0,1,c4a54cdecc67,,1360,11
c,bytes,document,100,71,protobuf-wire,wire-v2,502,223,166,725,1992031.872510,4484304.932735,1379310.344828,0,1.0,1,c4a54cdecc67,,1361,12
c,bytes,document,100,71,mpack,1.1,638,1285,335,1923,1567398.119122,778210.116732,520020.800832,0,1.0,1,c4a54cdecc67,,1362,13
c,bytes,document,100,71,nanopb,0.4.9,505,229,166,734,1980198.019802,4366812.227074,1362397.820163,0,1.0,1,c4a54cdecc67,,1363,14
c,bytes,document,100,71,cbor-encode,0.11.0,5912,5293,457,11205,169147.496617,188928.773852,89245.872378,0,1.0,1,c4a54cdecc67,,1364,15
c,bytes,document,100,71,zcbor,0.9,1307,6064,354,7371,765110.941086,164907.651715,135666.802333,0,1.0,1,c4a54cdecc67,,1365,16
c,bytes,document,100,71,parson,1.5.3,12882,5111,460,17993,77627.697562,195656.427314,55577.168899,0,1.0,1,c4a54cdecc67,,1366,17
c,bytes,document,100,71,ubj,1.0-min,198,133,244,331,5050505.050505,7518796.992481,3021148.036254,0,1.0,1,c4a54cdecc67,,1367,18
c,bytes,document,100,72,avro-c,1.11.3,462,362,210,824,2164502.164502,2762430.939227,1213592.233010,0,1.0,1,c4a54cdecc67,,1368,0
c,bytes,document,100,72,cJSON,1.7.18,4825,3425,460,8250,207253.886010,291970.802920,121212.121212,0,1.0,1,c4a54cdecc67,,1369,1
c,bytes,document,100,72,jansson,2.14,7634,7822,460,15456,130992.926382,127844.541038,64699.792961,0,1.0,1,c4a54cdecc67,,1370,2
c,bytes,document,100,72,protobuf-c,1.5.0,495,228,166,723,2020202.020202,4385964.912281,1383125.864454,0,1.0,1,c4a54cdecc67,,1371,3
c,bytes,document,100,72,libbson,1.27.5,3037,2405,577,5442,329272.308199,415800.415800,183755.972069,0,1.0,1,c4a54cdecc67,,1372,4
c,bytes,document,100,72,ubj,1.0-min,132,112,244,244,7575757.575758,8928571.428571,4098360.655738,0,1.0,1,c4a54cdecc67,,1373,5
c,bytes,document,100,72,msgpack-c,6.0.1,929,2824,335,3753,1076426.264801,354107.648725,266453.503864,0,1.0,1,c4a54cdecc67,,1374,6
c,bytes,document,100,72,nanopb,0.4.9,500,231,166,731,2000000.000000,4329004.329004,1367989.056088,0,1.0,1,c4a54cdecc67,,1375,7
c,bytes,document,100,72,flatcc,0.6.1,439,84,236,523,2277904.328018,11904761.904762,1912045.889101,0,1.0,1,c4a54cdecc67,,1376,8
c,bytes,document,100,72,yyjson,0.10.0,2294,1328,460,3622,435919.790759,753012.048193,276090.557703,0,1.0,1,c4a54cdecc67,,1377,9
c,bytes,document,100,72,parson,1.5.3,13481,5176,460,18657,74178.473407,193199.381762,53599.185292,0,1.0,1,c4a54cdecc67,,1378,10
c,bytes,document,100,72,cbor-encode,0.11.0,5185,5379,457,10564,192864.030858,185908.161368,94661.113215,0,1.0,1,c4a54cdecc67,,1379,11
c,bytes,document,100,72,tinycbor,0.6.0,939,4886,343,5825,1064962.726305,204666.393778,171673.819742,0,1.0,1,c4a54cdecc67,,1380,12
c,bytes,document,100,72,protobuf-wire,wire-v2,518,224,166,742,1930501.930502,4464285.714286,1347708.894879,0,1.0,1,c4a54cdecc67,,1381,13
c,bytes,document,100,72,qcbor,1.5.1,2536,4971,343,7507,394321.766562,201166.767250,133209.004929,0,1.0,1,c4a54cdecc67,,1382,14
c,bytes,document,100,72,json-c,0.15,5599,9275,460,14874,178603.322022,107816.711590,67231.410515,0,1.0,1,c4a54cdecc67,,1383,15
c,bytes,document,100,72,custom-binary,v2-1.0,168,89,207,257,5952380.952381,11235955.056180,3891050.583658,0,1.0,1,c4a54cdecc67,,1384,16
c,bytes,document,100,72,zcbor,0.9,1233,6242,354,7475,811030.008110,160205.062480,133779.264214,0,1.0,1,c4a54cdecc67,,1385,17
c,bytes,document,100,72,mpack,1.1,622,1992,335,2614,1607717.041801,502008.032129,382555.470543,0,1.0,1,c4a54cdecc67,,1386,18
c,bytes,document,100,73,mpack,1.1,367,807,335,1174,2724795.640327,1239157.372986,851788.756388,0,1.0,1,c4a54cdecc67,,1387,0
c,bytes,document,100,73,avro-c,1.11.3,471,399,210,870,2123142.250531,2506265.664160,1149425.287356,0,1.0,1,c4a54cdecc67,,1388,1
c,bytes,document,100,73,qcbor,1.5.1,2200,5074,343,7274,454545.454545,197083.169097,137475.941710,0,1.0,1,c4a54cdecc67,,1389,2
c,bytes,document,100,73,ubj,1.0-min,180,137,244,317,5555555.555556,7299270.072993,3154574.132492,0,1.0,1,c4a54cdecc67,,1390,3
c,bytes,document,100,73,jansson,2.14,8497,7988,460,16485,117688.595975,125187.781673,60661.207158,0,1.0,1,c4a54cdecc67,,1391,4
c,bytes,document,100,73,libbson,1.27.5,3991,2236,577,6227,250563.768479,447227.191413,160590.974787,0,1.0,1,c4a54cdecc67,,1392,5
c,bytes,document,100,73,yyjson,0.10.0,2324,1234,460,3558,430292.598967,810372.771475,281056.773468,0,1.0,1,c4a54cdecc67,,1393,6
c,bytes,document,100,73,cJSON,1.7.18,5254,3648,460,8902,190331.176247,274122.807018,112334.306897,0,1.0,1,c4a54cdecc67,,1394,7
c,bytes,document,100,73,flatcc,0.6.1,481,87,236,568,2079002.079002,11494252.873563,1760563.380282,0,1.0,1,c4a54cdecc67,,1395,8
c,bytes,document,100,73,nanopb,0.4.9,487,230,166,717,2053388.090349,4347826.086957,1394700.139470,0,1.0,1,c4a54cdecc67,,1396,9
c,bytes,document,100,73,zcbor,0.9,1235,6344,354,7579,809716.599190,157629.255990,131943.528170,0,1.0,1,c4a54cdecc67,,1397,10
c,bytes,document,100,73,protobuf-wire,wire-v2,491,239,166,730,2036659.877800,4184100.418410,1369863.013699,0,1.0,1,c4a54cdecc67,,1398,11
c,bytes,document,100,73,protobuf-c,1.5.0,503,234,166,737,1988071.570577,4273504.273504,1356852.103121,0,1.0,1,c4a54cdecc67,,1399,12
c,bytes,document,100,73,json-c,0.15,6501,8294,460,14795,153822.488848,120569.086086,67590.402163,0,1.0,1,c4a54cdecc67,,1400,13
c,bytes,document,100,73,custom-binary,v2-1.0,159,88,207,247,6289308.176101,11363636.363636,4048582.995951,0,1.0,1,c4a54cdecc67,,1401,14
c,bytes,document,100,73,tinycbor,0.6.0,910,5114,343,6024,1098901.098901,195541.650372,166002.656042,0,1.0,1,c4a54cdecc67,,1402,15
c,bytes,document,100,73,cbor-encode,0.11.0,5720,5128,457,10848,174825.174825,195007.800312,92182.890855,0,1.0,1,c4a54cdecc67,,1403,16
c,bytes,document,100,73,parson,1.5.3,13104,5386,460,18490,76312.576313,185666.542889,54083.288264,0,1.0,1,c4a54cdecc67,,1404,17
c,bytes,document,100,73,msgpack-c,6.0.1,955,2794,335,3749,1047120.418848,357909.806729,266737.796746,0,1.0,1,c4a54cdecc67,,1405,18
c,bytes,document,100,74,qcbor,1.5.1,2381,5013,343,7394,419991.600168,199481.348494,135244.793075,0,1.0,1,c4a54cdecc67,,1406,0
c,bytes,document,100,74,libbson,1.27.5,3435,2488,577,5923,291120.815138,401929.260450,168833.361472,0,1.0,1,c4a54cdecc67,,1407,1
c,bytes,document,100,74,cbor-encode,0.11.0,5655,5260,457,10915,176834.659593,190114.068441,91617.040770,0,1.0,1,c4a54cdecc67,,1408,2
c,bytes,document,100,74,nanopb,0.4.9,500,242,166,742,2000000.000000,4132231.404959,1347708.894879,0,1.0,1,c4a54cdecc67,,1409,3
c,bytes,document,100,74,jansson,2.14,8431,8042,460,16473,118609.892065,124347.177319,60705.396710,0,1.0,1,c4a54cdecc67,,1410,4
c,bytes,document,100,74,custom-binary,v2-1.0,139,87,207,226,7194244.604317,11494252.873563,4424778.761062,0,1.0,1,c4a54cdecc67,,1411,5
c,bytes,document,100,74,json-c,0.15,5726,8817,460,14543,174641.983933,113417.262107,68761.603521,0,1.0,1,c4a54cdecc67,,1412,6
c,bytes,document,100,74,mpack,1.1,694,2078,335,2772,1440922.190202,481231.953802,360750.360750,0,1.0,1,c4a54cdecc67,,1413,7
c,bytes,document,100,74,tinycbor,0.6.0,951,5027,343,5978,1051524.710831,198925.800676,167280.026765,0,1.0,1,c4a54cdecc67,,1414,8
c,bytes,document,100,74,parson,1.5.3,14023,5479,460,19502,71311.416958,182515.057492,51276.792124,0,1.0,1,c4a54cdecc67,,1415,9
c,bytes,document,100,74,avro-c,1.11.3,599,451,210,1050,1669449.081803,2217294.900222,952380.952381,0,1.0,1,c4a54cdecc67,,1416,10
c,bytes,document,100,74,ubj,1.0-min,205,144,244,349,4878048.780488,6944444.444444,2865329.512894,0,1.0,1,c4a54cdecc67,,1417,11
c,bytes,document,100,74,protobuf-wire,wire-v2,510,244,166,754,1960784.313725,4098360.655738,1326259.946950,0,1.0,1,c4a54cdecc67,,1418,12
c,bytes,document,100,74,flatcc,0.6.1,422,99,236,521,2369668.246445,10101010.101010,1919385.796545,0,1.0,1,c4a54cdecc67,,1419,13
c,bytes,document,100,74,zcbor,0.9,1201,6489,354,7690,832639.467111,154106.950223,130039.011704,0,1.0,1,c4a54cdecc67,,1420,14
c,bytes,document,100,74,msgpack-c,6.0.1,976,2035,335,3011,1024590.163934,491400.491400,332115.576221,0,1.0,1,c4a54cdecc67,,1421,15
c,bytes,document,100,74,protobuf-c,1.5.0,514,234,166,748,1945525.291829,4273504.273504,1336898.395722,0,1.0,1,c4a54cdecc67,,1422,16
c,bytes,document,100,74,cJSON,1.7.18,5932,4317,460,10249,168577.208361,231642.344221,97570.494682,0,1.0,1,c4a54cdecc67,,1423,17
c,bytes,document,100,74,yyjson,0.10.0,3346,1793,460,5139,298864.315601,557724.484105,194590.387235,0,1.0,1,c4a54cdecc67,,1424,18
c,bytes,document,100,75,qcbor,1.5.1,2627,5487,343,8114,380662.352493,182248.952069,123243.776189,0,1.0,1,c4a54cdecc67,,1425,0
c,bytes,document,100,75,mpack,1.1,734,1349,335,2083,1362397.820163,741289.844329,480076.812290,0,1.0,1,c4a54cdecc67,,1426,1
c,bytes,document,100,75,protobuf-wire,wire-v2,475,230,166,705,2105263.157895,4347826.086957,1418439.716312,0,1.0,1,c4a54cdecc67,,1427,2
c,bytes,document,100,75,zcbor,0.9,1210,6588,354,7798,826446.280992,151791.135398,128238.009746,0,1.0,1,c4a54cdecc67,,1428,3
c,bytes,document,100,75,cJSON,1.7.18,5378,3954,460,9332,185942.729639,252908.447142,107158.165452,0,1.0,1,c4a54cdecc67,,1429,4
c,bytes,document,100,75,avro-c,1.11.3,410,417,210,827,2439024.390244,2398081.534772,1209189.842805,0,1.0,1,c4a54cdecc67,,1430,5
c,bytes,document,100,75,parson,1.5.3,14854,5821,460,20675,67321.933486,171791.788353,48367.593712,0,1.0,1,c4a54cdecc67,,1431,6
c,bytes,document,100,75,custom-binary,v2-1.0,138,95,207,233,7246376.811594,10526315.789474,4291845.493562,0,1.0,1,c4a54cdecc67,,1432,7
c,bytes,document,100,75,ubj,1.0-min,211,144,244,355,4739336.492891,6944444.444444,2816901.408451,0,1.0,1,c4a54cdecc67,,1433,8
c,bytes,document,100,75,jansson,2.14,8127,8430,460,16557,123046.634675,118623.962040,60397.414991,0,1.0,1,c4a54cdecc67,,1434,9
c,bytes,document,100,75,msgpack-c,6.0.1,966,2609,335,3575,1035196.687371,383288.616328,279720.279720,0,1.0,1,c4a54cdecc67,,1435,10
c,bytes,document,100,75,tinycbor,0.6.0,1026,5540,343,6566,974658.869396,180505.415162,152299.725860,0,1.0,1,c4a54cdecc67,,1436,11
c,bytes,document,100,75,cbor-encode,0.11.0,6234,5394,457,11628,160410.651267,185391.175380,85999.312006,0,1.0,1,c4a54cdecc67,,1437,12
c,bytes,document,100,75,yyjson,0.10.0,3604,1703,460,5307,277469.478357,587199.060482,188430.374976,0,1.0,1,c4a54cdecc67,,1438,13
c,bytes,document,100,75,libbson,1.27.5,3531,2541,577,6072,283205.890683,393545.848091,164690.382082,0,1.0,1,c4a54cdecc67,,1439,14
c,bytes,document,100,75,nanopb,0.4.9,541,234,166,775,1848428.835490,4273504.273504,1290322.580645,0,1.0,1,c4a54cdecc67,,1440,15
c,bytes,document,100,75,flatcc,0.6.1,425,105,236,530,2352941.176471,9523809.523810,1886792.452830,0,1.0,1,c4a54cdecc67,,1441,16
c,bytes,document,100,75,json-c,0.15,7428,8948,460,16376,134625.740442,111756.817166,61064.973131,0,1.0,1,c4a54cdecc67,,1442,17
c,bytes,document,100,75,protobuf-c,1.5.0,527,263,166,790,1897533.206831,3802281.368821,1265822.784810,0,1.0,1,c4a54cdecc67,,1443,18
c,bytes,document,100,76,ubj,1.0-min,206,145,244,351,4854368.932039,6896551.724138,2849002.849003,0,1.0,1,c4a54cdecc67,,1444,0
c,bytes,document,100,76,zcbor,0.9,1287,7784,354,9071,777000.777001,128468.653649,110241.428729,0,1.0,1,c4a54cdecc67,,1445,1
c,bytes,document,100,76,protobuf-wire,wire-v2,503,215,166,718,1988071.570577,4651162.790698,1392757.660167,0,1.0,1,c4a54cdecc67,,1446,2
c,bytes,document,100,76,cbor-encode,0.11.0,5203,5309,457,10512,192196.809533,188359.389716,95129.375951,0,1.0,1,c4a54cdecc67,,1447,3
c,bytes,document,100,76,msgpack-c,6.0.1,827,2078,335,2905,1209189.842805,481231.953802,344234.079174,0,1.0,1,c4a54cdecc67,,1448,4
c,bytes,document,100,76,custom-binary,v2-1.0,155,90,207,245,6451612.903226,11111111.111111,4081632.653061,0,1.0,1,c4a54cdecc67,,1449,5
c,bytes,document,100,76,qcbor,1.5.1,2532,5108,343,7640,394944.707741,195771.339076,130890.052356,0,1.0,1,c4a54cdecc67,,1450,6
c,bytes,document,100,76,flatcc,0.6.1,302,72,236,374,3311258.278146,13888888.888889,2673796.791444,0,1.0,1,c4a54cdecc67,,1451,7
c,bytes,document,100,76,nanopb,0.4.9,432,223,166,655,2314814.814815,4484304.932735,1526717.557252,0,1.0,1,c4a54cdecc67,,1452,8
c,bytes,document,100,76,cJSON,1.7.18,5722,3884,460,9606,174764.068508,257466.529351,104101.603165,0,1.0,1,c4a54cdecc67,,1453,9
c,bytes,document,100,76,mpack,1.1,736,1910,335,2646,1358695.652174,523560.209424,377928.949358,0,1.0,1,c4a54cdecc67,,1454,10
c,bytes,document,100,76,avro-c,1.11.3,497,409,210,906,2012072.434608,2444987.775061,1103752.759382,0,1.0,1,c4a54cdecc67,,1455,11
c,bytes,document,100,76,yyjson,0.10.0,2250,1481,460,3731,444444.444444,675219.446320,268024.658269,0,1.0,1,c4a54cdecc67,,1456,12
c,bytes,document,100,76,protobuf-c,1.5.0,459,231,166,690,2178649.237473,4329004.329004,1449275.362319,0,1.0,1,c4a54cdecc67,,1457,13
c,bytes,document,100,76,json-c,0.15,7223,8408,460,15631,138446.628825,118934.348240,63975.433434,0,1.0,1,c4a54cdecc67,,1458,14
c,bytes,document,100,76,parson,1.5.3,14236,5695,460,19931,70244.450688,175592.625110,50173.097185,0,1.0,1,c4a54cdecc67,,1459,15
c,bytes,document,100,76,tinycbor,0.6.0,985,5447,343,6432,1015228.426396,183587.295759,155472.636816,0,1.0,1,c4a54cdecc67,,1460,16
c,bytes,document,100,76,libbson,1.27.5,4664,2492,577,7156,214408.233276,401284.109149,139742.873113,0,1.0,1,c4a54cdecc67,,1461,17
c,bytes,document,100,76,jansson,2.14,9650,8958,460,18608,103626.943005,111632.060728,53740.326741,0,1.0,1,c4a54cdecc67,,1462,18
c,bytes,document,100,77,tinycbor,0.6.0,808,5344,343,6152,1237623.762376,187125.748503,162548.764629,0,1.0,1,c4a54cdecc67,,1463,0
c,bytes,document,100,77,cJSON,1.7.18,4969,3831,460,8800,201247.735963,261028.452101,113636.363636,0,1.0,1,c4a54cdecc67,,1464,1
c,bytes,document,100,77,zcbor,0.9,1391,6636,354,8027,718907.260963,150693.188668,124579.544039,0,1.0,1,c4a54cdecc67,,1465,2
c,bytes,document,100,77,protobuf-c,1.5.0,505,224,166,729,1980198.019802,4464285.714286,1371742.112483,0,1.0,1,c4a54cdecc67,,1466,3
c,bytes,document,100,77,flatcc,0.6.1,448,91,236,539,2232142.857143,10989010.989011,1855287.569573,0,1.0,1,c4a54cdecc67,,1467,4
c,bytes,document,100,77,msgpack-c,6.0.1,926,1972,335,2898,1079913.606911,507099.391481,345065.562457,0,1.0,1,c4a54cdecc67,,1468,5
c,bytes,document,100,77,protobuf-wire,wire-v2,542,244,166,786,1845018.450185,4098360.655738,1272264.631043,0,1.0,1,c4a54cdecc67,,1469,6
c,bytes,document,100,77,libbson,1.27.5,4274,2130,577,6404,233972.859148,469483.568075,156152.404747,0,1.0,1,c4a54cdecc67,,1470,7
c,bytes,document,100,77,qcbor,1.5.1,2381,5210,343,7591,419991.600168,191938.579655,131734.949282,0,1.0,1,c4a54cdecc67,,1471,8
c,bytes,document,100,77,yyjson,0.10.0,2159,1347,460,3506,463177.396943,742390.497402,285225.328009,0,1.0,1,c4a54cdecc67,,1472,9
c,bytes,document,100,77,mpack,1.1,639,1279,335,1918,1564945.226917,781860.828772,521376.433785,0,1.0,1,c4a54cdecc67,,1473,10
c,bytes,document,100,77,nanopb,0.4.9,532,235,166,767,1879699.248120,4255319.148936,1303780.964798,0,1.0,1,c4a54cdecc67,,1474,11
c,bytes,document,100,77,parson,1.5.3,13925,5600,460,19525,71813.285458,178571.428571,51216.389245,0,1.0,1,c4a54cdecc67,,1475,12
c,bytes,document,100,77,json-c,0.15,6593,8771,460,15364,151676.020021,114012.085281,65087.216871,0,1.0,1,c4a54cdecc67,,1476,13
c,bytes,document,100,77,avro-c,1.11.3,516,440,210,956,1937984.496124,2272727.272727,1046025.104603,0,1.0,1,c4a54cdecc67,,1477,14
c,bytes,document,100,77,ubj,1.0-min,218,146,244,364,4587155.963303,6849315.068493,2747252.747253,0,1.0,1,c4a54cdecc67,,1478,15
c,bytes,document,100,77,jansson,2.14,8444,8213,460,16657,118427.285647,121758.188238,60034.820196,0,1.0,1,c4a54cdecc67,,1479,16
c,bytes,document,100,77,cbor-encode,0.11.0,5324,5616,457,10940,187828.700225,178062.678063,91407.678245,0,1.0,1,c4a54cdecc67,,1480,17
c,bytes,document,100,77,custom-binary,v2-1.0,157,104,207,261,6369426.751592,9615384.615385,3831417.624521,0,1.0,1,c4a54cdecc67,,1481,18
c,bytes,document,100,78,qcbor,1.5.1,2584,5358,343,7942,386996.904025,186636.804778,125912.868295,0,1.0,1,c4a54cdecc67,,1482,0
c,bytes,document,100,78,mpack,1.1,647,2831,335,3478,1545595.054096,353232.073472,287521.564117,0,1.0,1,c4a54cdecc67,,1483,1
c,bytes,document,100,78,libbson,1.27.5,3254,2365,577,5619,307314.074985,422832.980973,177967.609895,0,1.0,1,c4a54cdecc67,,1484,2
c,bytes,document,100,78,parson,1.5.3,14285,5908,460,20193,70003.500175,169262.017603,49522.111623,0,1.0,1,c4a54cdecc67,,1485,3
c,bytes,document,100,78,tinycbor,0.6.0,1030,5404,343,6434,970873.786408,185048.112509,155424.308362,0,1.0,1,c4a54cdecc67,,1486,4
c,bytes,document,100,78,jansson,2.14,8288,8009,460,16297,120656.370656,124859.533025,61360.986685,0,1.0,1,c4a54cdecc67,,1487,5
c,bytes,document,100,78,flatcc,0.6.1,447,86,236,533,2237136.465324,11627906.976744,1876172.607880,0,1.0,1,c4a54cdecc67,,1488,6
c,bytes,document,100,78,msgpack-c,6.0.1,1000,2480,335,3480,1000000.000000,403225.806452,287356.321839,0,1.0,1,c4a54cdecc67,,1489,7
c,bytes,document,100,78,protobuf-c,1.5.0,482,224,166,706,2074688.796680,4464285.714286,1416430.594901,0,1.0,1,c4a54cdecc67,,1490,8
c,bytes,document,100,78,json-c,0.15,6728,7646,460,14374,148632.580262,130787.339786,69570.057047,0,1.0,1,c4a54cdecc67,,1491,9
c,bytes,document,100,78,protobuf-wire,wire-v2,511,238,166,749,1956947.162427,4201680.672269,1335113.484646,0,1.0,1,c4a54cdecc67,,1492,10
c,bytes,document,100,78,yyjson,0.10.0,2891,1374,460,4265,345901.072293,727802.037846,234466.588511,0,1.0,1,c4a54cdecc67,,1493,11
c,bytes,document,100,78,cbor-encode,0.11.0,5774,5278,457,11052,173190.162799,189465.706707,90481.360840,0,1.0,1,c4a54cdecc67,,1494,12
c,bytes,document,100,78,custom-binary,v2-1.0,143,86,207,229,6993006.993007,11627906.976744,4366812.227074,0,1.0,1,c4a54cdecc67,,1495,13
c,bytes,document,100,78,ubj,1.0-min,242,156,244,398,4132231.404959,6410256.410256,2512562.814070,0,1.0,1,c4a54cdecc67,,1496,14
c,bytes,document,100,78,zcbor,0.9,1228,6166,354,7394,814332.247557,162179.695102,135244.793075,0,1.0,1,c4a54cdecc67,,1497,15
c,bytes,document,100,78,avro-c,1.11.3,482,411,210,893,2074688.796680,2433090.024331,1119820.828667,0,1.0,1,c4a54cdecc67,,1498,16
c,bytes,document,100,78,nanopb,0.4.9,492,236,166,728,2032520.325203,4237288.135593,1373626.373626,0,1.0,1,c4a54cdecc67,,1499,17
c,bytes,document,100,78,cJSON,1.7.18,5161,3492,460,8653,193760.899051,286368.843070,115566.855426,0,1.0,1,c4a54cdecc67,,1500,18
c,bytes,document,100,79,cbor-encode,0.11.0,4189,5117,457,9306,238720.458343,195427.008013,107457.554266,0,1.0,1,c4a54cdecc67,,1501,0
c,bytes,document,100,79,jansson,2.14,9406,8010,460,17416,106315.118010,124843.945069,57418.465779,0,1.0,1,c4a54cdecc67,,1502,1
c,bytes,document,100,79,libbson,1.27.5,4778,2226,577,7004,209292.591042,449236.298293,142775.556825,0,1.0,1,c4a54cdecc67,,1503,2
c,bytes,document,100,79,json-c,0.15,5613,8630,460,14243,178157.847853,115874.855156,70209.927684,0,1.0,1,c4a54cdecc67,,1504,3
c,bytes,document,100,79,tinycbor,0.6.0,1013,5258,343,6271,987166.831194,190186.382655,159464.200287,0,1.0,1,c4a54cdecc67,,1505,4
c,bytes,document,100,79,protobuf-c,1.5.0,506,221,166,727,1976284.584980,4524886.877828,1375515.818432,0,1.0,1,c4a54cdecc67,,1506,5
c,bytes,document,100,79,zcbor,0.9,1113,6042,354,7155,898472.596586,165508.109897,139762.403913,0,1.0,1,c4a54cdecc67,,1507,6
c,bytes,document,100,79,msgpack-c,6.0.1,953,1638,335,2591,1049317.943337,610500.610501,385951.370127,0,1.0,1,c4a54cdecc67,,1508,7
c,bytes,document,100,79,ubj,1.0-min,218,168,244,386,4587155.963303,5952380.952381,2590673.575130,0,1.0,1,c4a54cdecc67,,1509,8
c,bytes,document,100,79,yyjson,0.10.0,2251,1320,460,3571,444247.001333,757575.757576,280033.604032,0,1.0,1,c4a54cdecc67,,1510,9
c,bytes,document,100,79,avro-c,1.11.3,422,403,210,825,2369668.246445,2481389.578164,1212121.212121,0,1.0,1,c4a54cdecc67,,1511,10
c,bytes,document,100,79,nanopb,0.4.9,495,231,166,726,2020202.020202,4329004.329004,1377410.468320,0,1.0,1,c4a54cdecc67,,1512,11
c,bytes,document,100,79,parson,1.5.3,13766,5590,460,19356,72642.742990,178890.876565,51663.566853,0,1.0,1,c4a54cdecc67,,1513,12
c,bytes,document,100,79,custom-binary,v2-1.0,136,94,207,230,7352941.176471,10638297.872340,4347826.086957,0,1.0,1,c4a54cdecc67,,1514,13
c,bytes,document,100,79,flatcc,0.6.1,460,91,236,551,2173913.043478,10989010.989011,1814882.032668,0,1.0,1,c4a54cdecc67,,1515,14
c,bytes,document,100,79,protobuf-wire,wire-v2,526,244,166,770,1901140.684411,4098360.655738,1298701.298701,0,1.0,1,c4a54cdecc67,,1516,15
c,bytes,document,100,79,mpack,1.1,670,2428,335,3098,1492537.313433,411861.614498,322788.896062,0,1.0,1,c4a54cdecc67,,1517,16
c,bytes,document,100,79,qcbor,1.5.1,2416,5054,343,7470,413907.284768,197863.078750,133868.808568,0,1.0,1,c4a54cdecc67,,1518,17
c,bytes,document,100,79,cJSON,1.7.18,5599,4009,460,9608,178603.322022,249438.762784,104079.933389,0,1.0,1,c4a54cdecc67,,1519,18
c,bytes,document,100,80,parson,1.5.3,12224,4755,460,16979,81806.282723,210304.942166,58896.283645,0,1.0,1,c4a54cdecc67,,1520,0
c,bytes,document,100,80,jansson,2.14,7577,7730,460,15307,131978.355550,129366.106080,65329.587770,0,1.0,1,c4a54cdecc67,,1521,1
c,bytes,document,100,80,yyjson,0.10.0,3532,1295,460,4827,283125.707814,772200.772201,207168.013259,0,1.0,1,c4a54cdecc67,,1522,2
c,bytes,document,100,80,ubj,1.0-min,209,128,244,337,4784688.995215,7812500.000000,2967359.050445,0,1.0,1,c4a54cdecc67,,1523,3
c,bytes,document,100,80,flatcc,0.6.1,401,78,236,479,2493765.586035,12820512.820513,2087682.672234,0,1.0,1,c4a54cdecc67,,1524,4
c,bytes,document,100,80,qcbor,1.5.1,2237,5082,343,7319,447027.268663,196772.924046,136630.687252,0,1.0,1,c4a54cdecc67,,1525,5
c,bytes,document,100,80,msgpack-c,6.0.1,877,1099,335,1976,1140250.855188,909918.107370,506072.874494,0,1.0,1,c4a54cdecc67,,1526,6
c,bytes,document,100,80,tinycbor,0.6.0,949,5009,343,5958,1053740.779768,199640.646836,167841.557570,0,1.0,1,c4a54cdecc67,,1527,7
c,bytes,document,100,80,json-c,0.15,6876,8088,460,14964,145433.391507,123639.960435,66827.051590,0,1.0,1,c4a54cdecc67,,1528,8
c,bytes,document,100,80,protobuf-wire,wire-v2,494,230,166,724,2024291.497976,4347826.086957,1381215.469613,0,1.0,1,c4a54cdecc67,,1529,9
c,bytes,document,100,80,libbson,1.27.5,3722,2229,577,5951,268672.756582,448631.673396,168038.985045,0,1.0,1,c4a54cdecc67,,1530,10
c,bytes,document,100,80,avro-c,1.11.3,484,397,210,881,2066115.702479,2518891.687657,1135073.779796,0,1.0,1,c4a54cdecc67,,1531,11
c,bytes,document,100,80,protobuf-c,1.5.0,492,234,166,726,2032520.325203,4273504.273504,1377410.468320,0,1.0,1,c4a54cdecc67,,1532,12
c,bytes,document,100,80,zcbor,0.9,1221,6389,354,7610,819000.819001,156519.017061,131406.044678,0,1.0,1,c4a54cdecc67,,1533,13
c,bytes,document,100,80,custom-binary,v2-1.0,136,90,207,226,7352941.176471,11111111.111111,4424778.761062,0,1.0,1,c4a54cdecc67,,1534,14
c,bytes,document,100,80,cJSON,1.7.18,5521,3619,460,9140,181126.607499,276319.425256,109409.190372,0,1.0,1,c4a54cdecc67,,1535,15
c,bytes,document,100,80,nanopb,0.4.9,491,231,166,722,2036659.877800,4329004.329004,1385041.551247,0,1.0,1,c4a54cdecc67,,1536,16
c,bytes,document,100,80,cbor-encode,0.11.0,5782,5119,457,10901,172950.536147,195350.654425,91734.703238,0,1.0,1,c4a54cdecc67,,1537,17
c,bytes,document,100,80,mpack,1.1,700,2732,335,3432,1428571.428571,366032.210835,291375.291375,0,1.0,1,c4a54cdecc67,,1538,18
c,bytes,document,100,81,json-c,0.15,6648,7713,460,14361,150421.179302,129651.238169,69633.033911,0,1.0,1,c4a54cdecc67,,1539,0
c,bytes,document,100,81,tinycbor,0.6.0,869,4993,343,5862,1150747.986191,200280.392550,170590.242238,0,1.0,1,c4a54cdecc67,,1540,1
c,bytes,document,100,81,zcbor,0.9,1136,5886,354,7022,880281.690141,169894.665308,142409.569923,0,1.0,1,c4a54cdecc67,,1541,2
c,bytes,document,100,81,qcbor,1.5.1,2384,4804,343,7188,419463.087248,208159.866778,139120.756817,0,1.0,1,c4a54cdecc67,,1542,3
c,bytes,document,100,81,flatcc,0.6.1,404,91,236,495,2475247.524752,10989010.989011,2020202.020202,0,1.0,1,c4a54cdecc67,,1543,4
c,bytes,document,100,81,avro-c,1.11.3,403,355,210,758,2481389.578164,2816901.408451,1319261.213720,0,1.0,1,c4a54cdecc67,,1544,5
c,bytes,document,100,81,ubj,1.0-min,225,133,244,358,4444444.444444,7518796.992481,2793296.089385,0,1.0,1,c4a54cdecc67,,1545,6
c,bytes,document,100,81,mpack,1.1,545,1611,335,2156,1834862.385321,620732.464308,463821.892393,0,1.0,1,c4a54cdecc67,,1546,7
c,bytes,document,100,81,protobuf-c,1.5.0,466,230,166,696,2145922.746781,4347826.086957,1436781.609195,0,1.0,1,c4a54cdecc67,,1547,8
c,bytes,document,100,81,custom-binary,v2-1.0,109,79,207,188,9174311.926606,12658227.848101,5319148.936170,0,1.0,1,c4a54cdecc67,,1548,9
c,bytes,document,100,81,cbor-encode,0.11.0,5624,5038,457,10662,177809.388336,198491.464867,93791.033577,0,1.0,1,c4a54cdecc67,,1549,10
c,bytes,document,100,81,yyjson,0.10.0,3194,1488,460,4682,313087.038197,672043.010753,213583.938488,0,1.0,1,c4a54cdecc67,,1550,11
c,bytes,document,100,81,protobuf-wire,wire-v2,496,226,166,722,2016129.032258,4424778.761062,1385041.551247,0,1.0,1,c4a54cdecc67,,1551,12
c,bytes,document,100,81,nanopb,0.4.9,444,218,166,662,2252252.252252,4587155.963303,1510574.018127,0,1.0,1,c4a54cdecc67,,1552,13
c,bytes,document,100,81,cJSON,1.7.18,5165,3543,460,8708,193610.842207,282246.683601,114836.931557,0,1.0,1,c4a54cdecc67,,1553,14
c,bytes,document,100,81,libbson,1.27.5,3665,2133,577,5798,272851.296044,468823.253633,172473.266644,0,1.0,1,c4a54cdecc67,,1554,15
c,bytes,document,100,81,msgpack-c,6.0.1,913,1164,335,2077,1095290.251917,859106.529210,481463.649494,0,1.0,1,c4a54cdecc67,,1555,16
c,bytes,document,100,81,parson,1.5.3,13873,5328,460,19201,72082.462337,187687.687688,52080.620801,0,1.0,1,c4a54cdecc67,,1556,17
c,bytes,document,100,81,jansson,2.14,7786,7753,460,15539,128435.653737,128982.329421,64354.205547,0,1.0,1,c4a54cdecc67,,1557,18
c,bytes,document,100,82,jansson,2.14,6734,7212,460,13946,148500.148500,138657.792568,71705.148430,0,1.0,1,c4a54cdecc67,,1558,0
c,bytes,document,100,82,avro-c,1.11.3,459,410,210,869,2178649.237473,2439024.390244,1150747.986191,0,1.0,1,c4a54cdecc67,,1559,1
c,bytes,document,100,82,protobuf-wire,wire-v2,475,216,166,691,2105263.157895,4629629.629630,1447178.002894,0,1.0,1,c4a54cdecc67,,1560,2
c,bytes,document,100,82,zcbor,0.9,1385,6318,354,7703,722021.660650,158277.936056,129819.550824,0,1.0,1,c4a54cdecc67,,1561,3
c,bytes,document,100,82,custom-binary,v2-1.0,132,85,207,217,7575757.575758,11764705.882353,4608294.930876,0,1.0,1,c4a54cdecc67,,1562,4
c,bytes,document,100,82,tinycbor,0.6.0,1067,4959,343,6026,937207.122774,201653.559185,165947.560571,0,1.0,1,c4a54cdecc67,,1563,5
c,bytes,document,100,82,ubj,1.0-min,186,141,244,327,5376344.086022,7092198.581560,3058103.975535,0,1.0,1,c4a54cdecc67,,1564,6
c,bytes,document,100,82,mpack,1.1,647,2552,335,3199,1545595.054096,391849.529781,312597.686777,0,1.0,1,c4a54cdecc67,,1565,7
c,bytes,document,100,82,qcbor,1.5.1,2443,5096,343,7539,409332.787556,196232.339089,132643.586683,0,1.0,1,c4a54cdecc67,,1566,8
c,bytes,document,100,82,json-c,0.15,6482,78274,460,84756,154273.372416,12775.634310,11798.574732,0,1.0,1,c4a54cdecc67,,1567,9
c,bytes,document,100,82,libbson,1.27.5,13807,2254,577,16061,72427.029768,443655.723159,62262.623747,0,1.0,1,c4a54cdecc67,,1568,10
c,bytes,document,100,82,nanopb,0.4.9,496,239,166,735,2016129.032258,4184100.418410,1360544.217687,0,1.0,1,c4a54cdecc67,,1569,11
c,bytes,document,100,82,msgpack-c,6.0.1,890,1090,335,1980,1123595.505618,917431.192661,505050.505051,0,1.0,1,c4a54cdecc67,,1570,12
c,bytes,document,100,82,parson,1.5.3,13496,5253,460,18749,74096.028453,190367.409100,53336.177929,0,1.0,1,c4a54cdecc67,,1571,13
c,bytes,document,100,82,cbor-encode,0.11.0,5448,5276,457,10724,183553.597651,189537.528431,93248.787766,0,1.0,1,c4a54cdecc67,,1572,14
c,bytes,document,100,82,flatcc,0.6.1,396,103,236,499,2525252.525253,9708737.864078,2004008.016032,0,1.0,1,c4a54cdecc67,,1573,15
c,bytes,document,100,82,cJSON,1.7.18,4678,3473,460,8151,213766.566909,287935.502447,122684.333211,0,1.0,1,c4a54cdecc67,,1574,16
c,bytes,document,100,82,protobuf-c,1.5.0,514,227,166,741,1945525.291829,4405286.343612,1349527.665317,0,1.0,1,c4a54cdecc67,,1575,17
c,bytes,document,100,82,yyjson,0.10.0,6176,1552,460,7728,161917.098446,644329.896907,129399.585921,0,1.0,1,c4a54cdecc67,,1576,18
c,bytes,document,100,83,mpack,1.1,656,1188,335,1844,1524390.243902,841750.841751,542299.349241,0,1.0,1,c4a54cdecc67,,1577,0
c,bytes,document,100,83,avro-c,1.11.3,461,426,210,887,2169197.396963,2347417.840376,1127395.715896,0,1.0,1,c4a54cdecc67,,1578,1
c,bytes,document,100,83,msgpack-c,6.0.1,828,3627,335,4455,1207729.468599,275709.953129,224466.891134,0,1.0,1,c4a54cdecc67,,1579,2
c,bytes,document,100,83,protobuf-wire,wire-v2,511,207,166,718,1956947.162427,4830917.874396,1392757.660167,0,1.0,1,c4a54cdecc67,,1580,3
c,bytes,document,100,83,libbson,1.27.5,3127,2180,577,5307,319795.330988,458715.596330,188430.374976,0,1.0,1,c4a54cdecc67,,1581,4
c,bytes,document,100,83,protobuf-c,1.5.0,459,209,166,668,2178649.237473,4784688.995215,1497005.988024,0,1.0,1,c4a54cdecc67,,1582,5
c,bytes,document,100,83,tinycbor,0.6.0,990,5446,343,6436,1010101.010101,183621.006243,155376.009944,0,1.0,1,c4a54cdecc67,,1583,6
c,bytes,document,100,83,nanopb,0.4.9,552,239,166,791,1811594.202899,4184100.418410,1264222.503161,0,1.0,1,c4a54cdecc67,,1584,7
c,bytes,document,100,83,json-c,0.15,23375,8567,460,31942,42780.748663,116726.975604,31306.743473,0,1.0,1,c4a54cdecc67,,1585,8
c,bytes,document,100,83,cJSON,1.7.18,5204,3513,460,8717,192159.877018,284656.988329,114718.366410,0,1.0,1,c4a54cdecc67,,1586,9
c,bytes,document,100,83,parson,1.5.3,13458,5381,460,18839,74305.245950,185839.063371,53081.373746,0,1.0,1,c4a54cdecc67,,1587,10
c,bytes,document,100,83,jansson,2.14,8012,8322,460,16334,124812.780829,120163.422254,61221.990939,0,1.0,1,c4a54cdecc67,,1588,11
c,bytes,document,100,83,cbor-encode,0.11.0,5498,5511,457,11009,181884.321571,181455.271276,90834.771551,0,1.0,1,c4a54cdecc67,,1589,12
c,bytes,document,100,83,ubj,1.0-min,242,158,244,400,4132231.404959,6329113.924051,2500000.000000,0,1.0,1,c4a54cdecc67,,1590,13
c,bytes,document,100,83,custom-binary,v2-1.0,165,98,207,263,6060606.060606,10204081.632653,3802281.368821,0,1.0,1,c4a54cdecc67,,1591,14
c,bytes,document,100,83,yyjson,0.10.0,4561,1379,460,5940,219250.164438,725163.161711,168350.168350,0,1.0,1,c4a54cdecc67,,1592,15
c,bytes,document,100,83,qcbor,1.5.1,2649,5347,343,7996,377500.943752,187020.759304,125062.531266,0,1.0,1,c4a54cdecc67,,1593,16
c,bytes,document,100,83,flatcc,0.6.1,553,109,236,662,1808318.264014,9174311.926606,1510574.018127,0,1.0,1,c4a54cdecc67,,1594,17
c,bytes,document,100,83,zcbor,0.9,1399,6875,354,8274,714796.283059,145454.545455,120860.526952,0,1.0,1,c4a54cdecc67,,1595,18
c,bytes,document,100,84,libbson,1.27.5,3232,2429,577,5661,309405.940594,411692.054343,176647.235471,0,1.0,1,c4a54cdecc67,,1596,0
c,bytes,document,100,84,parson,1.5.3,14821,5781,460,20602,67471.830511,172980.453209,48538.976798,0,1.0,1,c4a54cdecc67,,1597,1
c,bytes,document,100,84,cbor-encode,0.11.0,6308,16406,457,22714,158528.852251,60953.309765,44025.711015,0,1.0,1,c4a54cdecc67,,1598,2
c,bytes,document,100,84,tinycbor,0.6.0,927,4964,343,5891,1078748.651564,201450.443191,169750.466814,0,1.0,1,c4a54cdecc67,,1599,3
c,bytes,document,100,84,cJSON,1.7.18,5037,3848,460,8885,198530.871551,259875.259875,112549.240293,0,1.0,1,c4a54cdecc67,,1600,4
c,bytes,document,100,84,flatcc,0.6.1,426,81,236,507,2347417.840376,12345679.012346,1972386.587771,0,1.0,1,c4a54cdecc67,,1601,5
c,bytes,document,100,84,zcbor,0.9,1211,6162,354,7373,825763.831544,162284.972412,135630.001356,0,1.0,1,c4a54cdecc67,,1602,6
c,bytes,document,100,84,ubj,1.0-min,220,137,244,357,4545454.545455,7299270.072993,2801120.448179,0,1.0,1,c4a54cdecc67,,1603,7
c,bytes,document,100,84,qcbor,1.5.1,2366,4803,343,7169,422654.268808,208203.206329,139489.468545,0,1.0,1,c4a54cdecc67,,1604,8
c,bytes,document,100,84,nanopb,0.4.9,555,294,166,849,1801801.801802,3401360.544218,1177856.301531,0,1.0,1,c4a54cdecc67,,1605,9
c,bytes,document,100,84,jansson,2.14,8016,8168,460,16184,124750.499002,122428.991185,61789.421651,0,1.0,1,c4a54cdecc67,,1606,10
c,bytes,document,100,84,mpack,1.1,734,3388,335,4122,1362397.820163,295159.386068,242600.679282,0,1.0,1,c4a54cdecc67,,1607,11
c,bytes,document,100,84,yyjson,0.10.0,2246,1334,460,3580,445235.975067,749625.187406,279329.608939,0,1.0,1,c4a54cdecc67,,1608,12
c,bytes,document,100,84,msgpack-c,6.0.1,957,1185,335,2142,1044932.079415,843881.856540,466853.408030,0,1.0,1,c4a54cdecc67,,1609,13
c,bytes,document,100,84,protobuf-c,1.5.0,575,348,166,923,1739130.434783,2873563.218391,1083423.618635,0,1.0,1,c4a54cdecc67,,1610,14
c,bytes,document,100,84,avro-c,1.11.3,571,526,210,1097,1751313.485114,1901140.684411,911577.028259,0,1.0,1,c4a54cdecc67,,1611,15
c,bytes,document,100,84,json-c,0.15,7367,9231,460,16598,135740.464232,108330.625068,60248.222677,0,1.0,1,c4a54cdecc67,,1612,16
c,bytes,document,100,84,custom-binary,v2-1.0,127,118,207,245,7874015.748031,8474576.271186,4081632.653061,0,1.0,1,c4a54cdecc67,,1613,17
c,bytes,document,100,84,protobuf-wire,wire-v2,585,341,166,926,1709401.709402,2932551.319648,1079913.606911,0,1.0,1,c4a54cdecc67,,1614,18
c,bytes,document,100,85,msgpack-c,6.0.1,782,1601,335,2383,1278772.378517,624609.618988,419639.110365,0,1.0,1,c4a54cdecc67,,1615,0
c,bytes,document,100,85,parson,1.5.3,13814,5759,460,19573,72390.328652,173641.257163,51090.788331,0,1.0,1,c4a54cdecc67,,1616,1
c,bytes,document,100,85,ubj,1.0-min,194,137,244,331,5154639.175258,7299270.072993,3021148.036254,0,1.0,1,c4a54cdecc67,,1617,2
c,bytes,document,100,85,protobuf-wire,wire-v2,470,241,166,711,2127659.574468,4149377.593361,1406469.760900,0,1.0,1,c4a54cdecc67,,1618,3
c,bytes,document,100,85,zcbor,0.9,1222,6299,354,7521,818330.605565,158755.357993,132961.042415,0,1.0,1,c4a54cdecc67,,1619,4
c,bytes,document,100,85,nanopb,0.4.9,467,272,166,739,2141327.623126,3676470.588235,1353179.972936,0,1.0,1,c4a54cdecc67,,1620,5
c,bytes,document,100,85,jansson,2.14,8340,7813,460,16153,119904.076739,127991.808524,61908.004705,0,1.0,1,c4a54cdecc67,,1621,6
c,bytes,document,100,85,yyjson,0.10.0,3484,1290,460,4774,287026.406429,775193.798450,209467.951403,0,1.0,1,c4a54cdecc67,,1622,7
c,bytes,document,100,85,qcbor,1.5.1,3153,6137,343,9290,317158.261973,162946.064853,107642.626480,0,1.0,1,c4a54cdecc67,,1623,8
c,bytes,document,100,85,avro-c,1.11.3,755,715,210,1470,1324503.311258,1398601.398601,680272.108844,0,1.0,1,c4a54cdecc67,,1624,9
c,bytes,document,100,85,protobuf-c,1.5.0,614,314,166,928,1628664.495114,3184713.375796,1077586.206897,0,1.0,1,c4a54cdecc67,,1625,10
c,bytes,document,100,85,cJSON,1.7.18,6943,5211,460,12154,144029.958231,191901.746306,82277.439526,0,1.0,1,c4a54cdecc67,,1626,11
c,bytes,document,100,85,json-c,0.15,7871,10931,460,18802,127048.659637,91482.938432,53185.831295,0,1.0,1,c4a54cdecc67,,1627,12
c,bytes,document,100,85,flatcc,0.6.1,575,112,236,687,1739130.434783,8928571.428571,1455604.075691,0,1.0,1,c4a54cdecc67,,1628,13
c,bytes,document,100,85,libbson,1.27.5,4767,2966,577,7733,209775.540172,337154.416723,129315.918790,0,1.0,1,c4a54cdecc67,,1629,14
c,bytes,document,100,85,tinycbor,0.6.0,1158,6187,343,7345,863557.858377,161629.222563,136147.038802,0,1.0,1,c4a54cdecc67,,1630,15
c,bytes,document,100,85,cbor-encode,0.11.0,7298,6105,457,13403,137023.842149,163800.163800,74610.161904,0,1.0,1,c4a54cdecc67,,1631,16
c,bytes,document,100,85,custom-binary,v2-1.0,173,146,207,319,5780346.820809,6849315.068493,3134796.238245,0,1.0,1,c4a54cdecc67,,1632,17
c,bytes,document,100,85,mpack,1.1,870,2850,335,3720,1149425.287356,350877.192982,268817.204301,0,1.0,1,c4a54cdecc67,,1633,18
c,bytes,document,100,86,libbson,1.27.5,3410,2469,577,5879,293255.131965,405022.276225,170096.955265,0,1.0,1,c4a54cdecc67,,1634,0
c,bytes,document,100,86,mpack,1.1,520,1179,335,1699,1923076.923077,848176.420696,588581.518540,0,1.0,1,c4a54cdecc67,,1635,1
c,bytes,document,100,86,ubj,1.0-min,273,162,244,435,3663003.663004,6172839.506173,2298850.574713,0,1.0,1,c4a54cdecc67,,1636,2
c,bytes,document,100,86,custom-binary,v2-1.0,114,77,207,191,8771929.824561,12987012.987013,5235602.094241,0,1.0,1,c4a54cdecc67,,1637,3
c,bytes,document,100,86,jansson,2.14,11073,10098,460,21171,90309.762485,99029.510794,47234.424449,0,1.0,1,c4a54cdecc67,,1638,4
c,bytes,document,100,86,json-c,0.15,7620,10342,460,17962,131233.595801,96693.096113,55673.087629,0,1.0,1,c4a54cdecc67,,1639,5
c,bytes,document,100,86,zcbor,0.9,1488,7625,354,9113,672043.010753,131147.540984,109733.347964,0,1.0,1,c4a54cdecc67,,1640,6
c,bytes,document,100,86,nanopb,0.4.9,594,287,166,881,1683501.683502,3484320.557491,1135073.779796,0,1.0,1,c4a54cdecc67,,1641,7
c,bytes,document,100,86,avro-c,1.11.3,578,540,210,1118,1730103.806228,1851851.851852,894454.382826,0,1.0,1,c4a54cdecc67,,1642,8
c,bytes,document,100,86,protobuf-c,1.5.0,573,309,166,882,1745200.698080,3236245.954693,1133786.848073,0,1.0,1,c4a54cdecc67,,1643,9
c,bytes,document,100,86,yyjson,0.10.0,3492,1638,460,5130,286368.843070,610500.610501,194931.773879,0,1.0,1,c4a54cdecc67,,1644,10
c,bytes,document,100,86,protobuf-wire,wire-v2,607,295,166,902,1647446.457990,3389830.508475,1108647.450111,0,1.0,1,c4a54cdecc67,,1645,11
c,bytes,document,100,86,qcbor,1.5.1,2754,6136,343,8890,363108.206245,162972.620600,112485.939258,0,1.0,1,c4a54cdecc67,,1646,12
c,bytes,document,100,86,cJSON,1.7.18,6548,4775,460,11323,152718.387294,209424.083770,88315.817363,0,1.0,1,c4a54cdecc67,,1647,13
c,bytes,document,100,86,tinycbor,0.6.0,1169,6039,343,7208,855431.993157,165590.329525,138734.739179,0,1.0,1,c4a54cdecc67,,1648,14
c,bytes,document,100,86,flatcc,0.6.1,569,112,236,681,1757469.244288,8928571.428571,1468428.781204,0,1.0,1,c4a54cdecc67,,1649,15
c,bytes,document,100,86,msgpack-c,6.0.1,1148,2212,335,3360,871080.139373,452079.566004,297619.047619,0,1.0,1,c4a54cdecc67,,1650,16
c,bytes,document,100,86,parson,1.5.3,16517,6807,460,23324,60543.682267,146907.595123,42874.292574,0,1.0,1,c4a54cdecc67,,1651,17
c,bytes,document,100,86,cbor-encode,0.11.0,6226,6216,457,12442,160616.768391,160875.160875,80372.930397,0,1.0,1,c4a54cdecc67,,1652,18
c,bytes,document,100,87,parson,1.5.3,13740,5853,460,19593,72780.203785,170852.554246,51038.636248,0,1.0,1,c4a54cdecc67,,1653,0
c,bytes,document,100,87,mpack,1.1,748,3413,335,4161,1336898.395722,292997.363024,240326.844509,0,1.0,1,c4a54cdecc67,,1654,1
c,bytes,document,100,87,qcbor,1.5.1,2758,6121,343,8879,362581.580856,163371.998040,112625.295641,0,1.0,1,c4a54cdecc67,,1655,2
c,bytes,document,100,87,tinycbor,0.6.0,1054,5868,343,6922,948766.603416,170415.814588,144466.917076,0,1.0,1,c4a54cdecc67,,1656,3
c,bytes,document,100,87,custom-binary,v2-1.0,191,95,207,286,5235602.094241,10526315.789474,3496503.496503,0,1.0,1,c4a54cdecc67,,1657,4
c,bytes,document,100,87,yyjson,0.10.0,2618,1481,460,4099,381970.970206,675219.446320,243961.941937,0,1.0,1,c4a54cdecc67,,1658,5
c,bytes,document,100,87,cbor-encode,0.11.0,6634,6222,457,12856,150738.619234,160720.025715,77784.691973,0,1.0,1,c4a54cdecc67,,1659,6
c,bytes,document,100,87,json-c,0.15,7141,10335,460,17476,140036.409466,96758.587325,57221.332113,0,1.0,1,c4a54cdecc67,,1660,7
c,bytes,document,100,87,cJSON,1.7.18,6112,4255,460,10367,163612.565445,235017.626322,96459.920903,0,1.0,1,c4a54cdecc67,,1661,8
c,bytes,document,100,87,libbson,1.27.5,4964,2728,577,7692,201450.443191,366568.914956,130005.200208,0,1.0,1,c4a54cdecc67,,1662,9
c,bytes,document,100,87,msgpack-c,6.0.1,1096,1303,335,2399,912408.759124,767459.708365,416840.350146,0,1.0,1,c4a54cdecc67,,1663,10
c,bytes,document,100,87,protobuf-c,1.5.0,632,278,166,910,1582278.481013,3597122.302158,1098901.098901,0,1.0,1,c4a54cdecc67,,1664,11
c,bytes,document,100,87,jansson,2.14,10999,10049,460,21048,90917.356123,99512.389292,47510.452300,0,1.0,1,c4a54cdecc67,,1665,12
c,bytes,document,100,87,flatcc,0.6.1,515,101,236,616,1941747.572816,9900990.099010,1623376.623377,0,1.0,1,c4a54cdecc67,,1666,13
c,bytes,document,100,87,protobuf-wire,wire-v2,620,298,166,918,1612903.225806,3355704.697987,1089324.618736,0,1.0,1,c4a54cdecc67,,1667,14
c,bytes,document,100,87,nanopb,0.4.9,586,311,166,897,1706484.641638,3215434.083601,1114827.201784,0,1.0,1,c4a54cdecc67,,1668,15
c,bytes,document,100,87,ubj,1.0-min,250,173,244,423,4000000.000000,5780346.820809,2364066.193853,0,1.0,1,c4a54cdecc67,,1669,16
c,bytes,document,100,87,zcbor,0.9,1446,7581,354,9027,691562.932227,131908.719166,110778.774787,0,1.0,1,c4a54cdecc67,,1670,17
c,bytes,document,100,87,avro-c,1.11.3,606,528,210,1134,1650165.016502,1893939.393939,881834.215168,0,1.0,1,c4a54cdecc67,,1671,18
c,bytes,document,100,88,avro-c,1.11.3,259,278,210,537,3861003.861004,3597122.302158,1862197.392924,0,1.0,1,c4a54cdecc67,,1672,0
c,bytes,document,100,88,protobuf-wire,wire-v2,481,227,166,708,2079002.079002,4405286.343612,1412429.378531,0,1.0,1,c4a54cdecc67,,1673,1
c,bytes,document,100,88,qcbor,1.5.1,2841,5891,343,8732,351988.736360,169750.466814,114521.300962,0,1.0,1,c4a54cdecc67,,1674,2
c,bytes,document,100,88,msgpack-c,6.0.1,943,2109,335,3052,1060445.387063,474158.368895,327653.997379,0,1.0,1,c4a54cdecc67,,1675,3
c,bytes,document,100,88,cbor-encode,0.11.0,6807,6064,457,12871,146907.595123,164907.651715,77694.040867,0,1.0,1,c4a54cdecc67,,1676,4
c,bytes,document,100,88,tinycbor,0.6.0,1134,5896,343,7030,881834.215168,169606.512890,142247.510669,0,1.0,1,c4a54cdecc67,,1677,5
c,bytes,document,100,88,jansson,2.14,9408,9271,460,18679,106292.517007,107863.229425,53536.056534,0,1.0,1,c4a54cdecc67,,1678,6
c,bytes,document,100,88,libbson,1.27.5,5380,2676,577,8056,185873.605948,373692.077728,124131.082423,0,1.0,1,c4a54cdecc67,,1679,7
c,bytes,document,100,88,ubj,1.0-min,178,142,244,320,5617977.528090,7042253.521127,3125000.000000,0,1.0,1,c4a54cdecc67,,1680,8
c,bytes,document,100,88,mpack,1.1,803,1569,335,2372,1245330.012453,637348.629700,421585.160202,0,1.0,1,c4a54cdecc67,,1681,9
c,bytes,document,100,88,cJSON,1.7.18,7576,4458,460,12034,131995.776135,224315.836698,83097.889314,0,1.0,1,c4a54cdecc67,,1682,10
c,bytes,document,100,88,json-c,0.15,7318,10330,460,17648,136649.357748,96805.421104,56663.644606,0,1.0,1,c4a54cdecc67,,1683,11
c,bytes,document,100,88,parson,1.5.3,16079,6116,460,22195,62192.922445,163505.559189,45055.192611,0,1.0,1,c4a54cdecc67,,1684,12
c,bytes,document,100,88,nanopb,0.4.9,575,273,166,848,1739130.434783,3663003.663004,1179245.283019,0,1.0,1,c4a54cdecc67,,1685,13
c,bytes,document,100,88,zcbor,0.9,1528,7462,354,8990,654450.261780,134012.329134,111234.705228,0,1.0,1,c4a54cdecc67,,1686,14
c,bytes,document,100,88,protobuf-c,1.5.0,597,236,166,833,1675041.876047,4237288.135593,1200480.192077,0,1.0,1,c4a54cdecc67,,1687,15
c,bytes,document,100,88,flatcc,0.6.1,532,113,236,645,1879699.248120,8849557.522124,1550387.596899,0,1.0,1,c4a54cdecc67,,1688,16
c,bytes,document,100,88,yyjson,0.10.0,4183,1715,460,5898,239062.873536,583090.379009,169548.999661,0,1.0,1,c4a54cdecc67,,1689,17
c,bytes,document,100,88,custom-binary,v2-1.0,191,105,207,296,5235602.094241,9523809.523810,3378378.378378,0,1.0,1,c4a54cdecc67,,1690,18
c,bytes,document,100,89,protobuf-c,1.5.0,494,214,166,708,2024291.497976,4672897.196262,1412429.378531,0,1.0,1,c4a54cdecc67,,1691,0
c,bytes,document,100,89,nanopb,0.4.9,467,219,166,686,2141327.623126,4566210.045662,1457725.947522,0,1.0,1,c4a54cdecc67,,1692,1
c,bytes,document,100,89,parson,1.5.3,15643,5850,460,21493,63926.356837,170940.170940,46526.776160,0,1.0,1,c4a54cdecc67,,1693,2
c,bytes,document,100,89,libbson,1.27.5,4964,2798,577,7762,201450.443191,357398.141530,128832.775058,0,1.0,1,c4a54cdecc67,,1694,3
c,bytes,document,100,89,protobuf-wire,wire-v2,605,308,166,913,1652892.561983,3246753.246753,1095290.251917,0,1.0,1,c4a54cdecc67,,1695,4
c,bytes,document,100,89,flatcc,0.6.1,385,119,236,504,2597402.597403,8403361.344538,1984126.984127,0,1.0,1,c4a54cdecc67,,1696,5
c,bytes,document,100,89,qcbor,1.5.1,2908,6132,343,9040,343878.954608,163078.930202,110619.469027,0,1.0,1,c4a54cdecc67,,1697,6
c,bytes,document,100,89,tinycbor,0.6.0,1100,5766,343,6866,909090.909091,173430.454388,145645.208273,0,1.0,1,c4a54cdecc67,,1698,7
c,bytes,document,100,89,jansson,2.14,10875,9796,460,20671,91954.022989,102082.482646,48376.953219,0,1.0,1,c4a54cdecc67,,1699,8
c,bytes,document,100,89,custom-binary,v2-1.0,174,103,207,277,5747126.436782,9708737.864078,3610108.303249,0,1.0,1,c4a54cdecc67,,1700,9
c,bytes,document,100,89,cbor-encode,0.11.0,6427,6134,457,12561,155593.589544,163025.758070,79611.495900,0,1.0,1,c4a54cdecc67,,1701,10
c,bytes,document,100,89,ubj,1.0-min,304,154,244,458,3289473.684211,6493506.493506,2183406.113537,0,1.0,1,c4a54cdecc67,,1702,11
c,bytes,document,100,89,msgpack-c,6.0.1,1142,3056,335,4198,875656.742557,327225.130890,238208.670796,0,1.0,1,c4a54cdecc67,,1703,12
c,bytes,document,100,89,json-c,0.15,8265,10253,460,18518,120992.135511,97532.429533,54001.512042,0,1.0,1,c4a54cdecc67,,1704,13
c,bytes,document,100,89,cJSON,1.7.18,6030,4419,460,10449,165837.479270,226295.541978,95702.938080,0,1.0,1,c4a54cdecc67,,1705,14
c,bytes,document,100,89,yyjson,0.10.0,3901,1544,460,5445,256344.527044,647668.393782,183654.729109,0,1.0,1,c4a54cdecc67,,1706,15
c,bytes,document,100,89,avro-c,1.11.3,624,523,210,1147,1602564.102564,1912045.889101,871839.581517,0,1.0,1,c4a54cdecc67,,1707,16
c,bytes,document,100,89,zcbor,0.9,1474,7445,354,8919,678426.051560,134318.334453,112120.192847,0,1.0,1,c4a54cdecc67,,1708,17
c,bytes,document,100,89,mpack,1.1,795,1567,335,2362,1257861.635220,638162.093172,423370.025402,0,1.0,1,c4a54cdecc67,,1709,18
c,bytes,document,100,90,protobuf-wire,wire-v2,585,296,166,881,1709401.709402,3378378.378378,1135073.779796,0,1.0,1,c4a54cdecc67,,1710,0
c,bytes,document,100,90,jansson,2.14,10192,9789,460,19981,98116.169545,102155.480642,50047.545168,0,1.0,1,c4a54cdecc67,,1711,1
c,bytes,document,100,90,json-c,0.15,7418,9715,460,17133,134807.225667,102933.607823,58366.894298,0,1.0,1,c4a54cdecc67,,1712,2
c,bytes,document,100,90,custom-binary,v2-1.0,169,108,207,277,5917159.763314,9259259.259259,3610108.303249,0,1.0,1,c4a54cdecc67,,1713,3
c,bytes,document,100,90,zcbor,0.9,1302,7370,354,8672,768049.155146,135685.210312,115313.653137,0,1.0,1,c4a54cdecc67,,1714,4
c,bytes,document,100,90,cbor-encode,0.11.0,6374,5975,457,12349,156887.354879,167364.016736,80978.216860,0,1.0,1,c4a54cdecc67,,1715,5
c,bytes,document,100,90,msgpack-c,6.0.1,1056,2764,335,3820,946969.696970,361794.500724,261780.104712,0,1.0,1,c4a54cdecc67,,1716,6
c,bytes,document,100,90,qcbor,1.5.1,2949,5991,343,8940,339097.999322,166917.042230,111856.823266,0,1.0,1,c4a54cdecc67,,1717,7
c,bytes,document,100,90,nanopb,0.4.9,613,276,166,889,1631321.370310,3623188.405797,1124859.392576,0,1.0,1,c4a54cdecc67,,1718,8
c,bytes,document,100,90,mpack,1.1,649,1349,335,1998,1540832.049307,741289.844329,500500.500501,0,1.0,1,c4a54cdecc67,,1719,9
c,bytes,document,100,90,cJSON,1.7.18,6353,4409,460,10762,157405.949945,226808.800181,92919.531686,0,1.0,1,c4a54cdecc67,,1720,10
c,bytes,document,100,90,ubj,1.0-min,228,187,244,415,4385964.912281,5347593.582888,2409638.554217,0,1.0,1,c4a54cdecc67,,1721,11
c,bytes,document,100,90,yyjson,0.10.0,3615,1500,460,5115,276625.172891,666666.666667,195503.421310,0,1.0,1,c4a54cdecc67,,1722,12
c,bytes,document,100,90,parson,1.5.3,16218,6712,460,22930,61659.884079,148986.889154,43610.989969,0,1.0,1,c4a54cdecc67,,1723,13
c,bytes,document,100,90,libbson,1.27.5,5042,2803,577,7845,198333.994447,356760.613628,127469.725940,0,1.0,1,c4a54cdecc67,,1724,14
c,bytes,document,100,90,protobuf-c,1.5.0,629,274,166,903,1589825.119237,3649635.036496,1107419.712071,0,1.0,1,c4a54cdecc67,,1725,15
c,bytes,document,100,90,avro-c,1.11.3,610,546,210,1156,1639344.262295,1831501.831502,865051.903114,0,1.0,1,c4a54cdecc67,,1726,16
c,bytes,document,100,90,tinycbor,0.6.0,1072,6289,343,7361,932835.820896,159007.791382,135851.107187,0,1.0,1,c4a54cdecc67,,1727,17
c,bytes,document,100,90,flatcc,0.6.1,531,118,236,649,1883239.171375,8474576.271186,1540832.049307,0,1.0,1,c4a54cdecc67,,1728,18
c,bytes,document,100,91,zcbor,0.9,1399,7331,354,8730,714796.283059,136407.038603,114547.537228,0,1.0,1,c4a54cdecc67,,1729,0
c,bytes,document,100,91,jansson,2.14,10384,9797,460,20181,96302.003082,102072.062876,49551.558397,0,1.0,1,c4a54cdecc67,,1730,1
c,bytes,document,100,91,parson,1.5.3,15658,6058,460,21716,63865.116873,165070.980522,46048.996132,0,1.0,1,c4a54cdecc67,,1731,2
c,bytes,document,100,91,custom-binary,v2-1.0,164,124,207,288,6097560.975610,8064516.129032,3472222.222222,0,1.0,1,c4a54cdecc67,,1732,3
c,bytes,document,100,91,cbor-encode,0.11.0,6364,6210,457,12574,157133.878064,161030.595813,79529.187212,0,1.0,1,c4a54cdecc67,,1733,4
c,bytes,document,100,91,json-c,0.15,6414,11110,460,17524,155908.949174,90009.000900,57064.597124,0,1.0,1,c4a54cdecc67,,1734,5
c,bytes,document,100,91,libbson,1.27.5,4243,2688,577,6931,235682.300259,372023.809524,144279.324773,0,1.0,1,c4a54cdecc67,,1735,6
c,bytes,document,100,91,tinycbor,0.6.0,1019,6215,343,7234,981354.268891,160901.045857,138236.107271,0,1.0,1,c4a54cdecc67,,1736,7
c,bytes,document,100,91,avro-c,1.11.3,520,478,210,998,1923076.923077,2092050.209205,1002004.008016,0,1.0,1,c4a54cdecc67,,1737,8
c,bytes,document,100,91,protobuf-wire,wire-v2,639,286,166,925,1564945.226917,3496503.496503,1081081.081081,0,1.0,1,c4a54cdecc67,,1738,9
c,bytes,document,100,91,yyjson,0.10.0,2714,1624,460,4338,368459.837878,615763.546798,230520.977409,0,1.0,1,c4a54cdecc67,,1739,10
c,bytes,document,100,91,protobuf-c,1.5.0,596,269,166,865,1677852.348993,3717472.118959,1156069.364162,0,1.0,1,c4a54cdecc67,,1740,11
c,bytes,document,100,91,ubj,1.0-min,263,166,244,429,3802281.368821,6024096.385542,2331002.331002,0,1.0,1,c4a54cdecc67,,1741,12
c,bytes,document,100,91,flatcc,0.6.1,482,102,236,584,2074688.796680,9803921.568627,1712328.767123,0,1.0,1,c4a54cdecc67,,1742,13
c,bytes,document,100,91,cJSON,1.7.18,6431,4278,460,10709,155496.812315,233754.090697,93379.400504,0,1.0,1,c4a54cdecc67,,1743,14
c,bytes,document,100,91,nanopb,0.4.9,610,261,166,871,1639344.262295,3831417.624521,1148105.625718,0,1.0,1,c4a54cdecc67,,1744,15
c,bytes,document,100,91,mpack,1.1,785,2351,335,3136,1273885.350318,425350.914504,318877.551020,0,1.0,1,c4a54cdecc67,,1745,16
c,bytes,document,100,91,msgpack-c,6.0.1,1091,1316,335,2407,916590.284143,759878.419453,415454.923141,0,1.0,1,c4a54cdecc67,,1746,17
c,bytes,document,100,91,qcbor,1.5.1,3010,6194,343,9204,332225.913621,161446.561188,108648.413733,0,1.0,1,c4a54cdecc67,,1747,18
c,bytes,document,100,92,jansson,2.14,10023,9768,460,19791,99770.527786,102375.102375,50528.017786,0,1.0,1,c4a54cdecc67,,1748,0
c,bytes,document,100,92,cJSON,1.7.18,5020,3728,460,8748,199203.187251,268240.343348,114311.842707,0,1.0,1,c4a54cdecc67,,1749,1
c,bytes,document,100,92,yyjson,0.10.0,3456,1439,460,4895,289351.851852,694927.032662,204290.091931,0,1.0,1,c4a54cdecc67,,1750,2
c,bytes,document,100,92,nanopb,0.4.9,553,249,166,802,1808318.264014,4016064.257028,1246882.793017,0,1.0,1,c4a54cdecc67,,1751,3
c,bytes,document,100,92,protobuf-c,1.5.0,566,252,166,818,1766784.452297,3968253.968254,1222493.887531,0,1.0,1,c4a54cdecc67,,1752,4
c,bytes,document,100,92,parson,1.5.3,16583,6439,460,23022,60302.719653,155303.618574,43436.712710,0,1.0,1,c4a54cdecc67,,1753,5
c,bytes,document,100,92,ubj,1.0-min,242,158,244,400,4132231.404959,6329113.924051,2500000.000000,0,1.0,1,c4a54cdecc67,,1754,6
c,bytes,document,100,92,avro-c,1.11.3,534,481,210,1015,1872659.176030,2079002.079002,985221.674877,0,1.0,1,c4a54cdecc67,,1755,7
c,bytes,document,100,92,libbson,1.27.5,5085,2658,577,7743,196656.833825,376222.723853,129148.908692,0,1.0,1,c4a54cdecc67,,1756,8
c,bytes,document,100,92,msgpack-c,6.0.1,1098,1347,335,2445,910746.812386,742390.497402,408997.955010,0,1.0,1,c4a54cdecc67,,1757,9
c,bytes,document,100,92,mpack,1.1,701,1492,335,2193,1426533.523538,670241.286863,455996.352029,0,1.0,1,c4a54cdecc67,,1758,10
c,bytes,document,100,92,protobuf-wire,wire-v2,607,303,166,910,1647446.457990,3300330.033003,1098901.098901,0,1.0,1,c4a54cdecc67,,1759,11
c,bytes,document,100,92,cbor-encode,0.11.0,7123,6213,457,13336,140390.284992,160952.840818,74985.002999,0,1.0,1,c4a54cdecc67,,1760,12
c,bytes,document,100,92,flatcc,0.6.1,504,115,236,619,1984126.984127,8695652.173913,1615508.885299,0,1.0,1,c4a54cdecc67,,1761,13
c,bytes,document,100,92,json-c,0.15,6959,10661,460,17620,143698.807300,93799.831160,56753.688990,0,1.0,1,c4a54cdecc67,,1762,14
c,bytes,document,100,92,tinycbor,0.6.0,1117,5941,343,7058,895255.147717,168321.831342,141683.196373,0,1.0,1,c4a54cdecc67,,1763,15
c,bytes,document,100,92,qcbor,1.5.1,2772,5819,343,8591,360750.360750,171850.833477,116400.884647,0,1.0,1,c4a54cdecc67,,1764,16
c,bytes,document,100,92,custom-binary,v2-1.0,206,226,207,432,4854368.932039,4424778.761062,2314814.814815,0,1.0,1,c4a54cdecc67,,1765,17
c,bytes,document,100,92,zcbor,0.9,1463,7294,354,8757,683526.999316,137098.985468,114194.358799,0,1.0,1,c4a54cdecc67,,1766,18
c,bytes,document,100,93,tinycbor,0.6.0,875,5780,343,6655,1142857.142857,173010.380623,150262.960180,0,1.0,1,c4a54cdecc67,,1767,0
c,bytes,document,100,93,parson,1.5.3,15698,5740,460,21438,63702.382469,174216.027875,46646.142364,0,1.0,1,c4a54cdecc67,,1768,1
c,bytes,document,100,93,avro-c,1.11.3,458,457,210,915,2183406.113537,2188183.807440,1092896.174863,0,1.0,1,c4a54cdecc67,,1769,2
c,bytes,document,100,93,protobuf-c,1.5.0,586,242,166,828,1706484.641638,4132231.404959,1207729.468599,0,1.0,1,c4a54cdecc67,,1770,3
c,bytes,document,100,93,libbson,1.27.5,4970,2518,577,7488,201207.243461,397140.587768,133547.008547,0,1.0,1,c4a54cdecc67,,1771,4
c,bytes,document,100,93,mpack,1.1,698,1479,335,2177,1432664.756447,676132.521974,459347.726229,0,1.0,1,c4a54cdecc67,,1772,5
c,bytes,document,100,93,ubj,1.0-min,207,163,244,370,4830917.874396,6134969.325153,2702702.702703,0,1.0,1,c4a54cdecc67,,1773,6
c,bytes,document,100,93,custom-binary,v2-1.0,135,103,207,238,7407407.407407,9708737.864078,4201680.672269,0,1.0,1,c4a54cdecc67,,1774,7
c,bytes,document,100,93,yyjson,0.10.0,2680,1488,460,4168,373134.328358,672043.010753,239923.224568,0,1.0,1,c4a54cdecc67,,1775,8
c,bytes,document,100,93,cbor-encode,0.11.0,6862,6323,457,13185,145730.107840,158152.775581,75843.761851,0,1.0,1,c4a54cdecc67,,1776,9
c,bytes,document,100,93,json-c,0.15,6693,9336,460,16029,149409.831167,107112.253642,62386.923701,0,1.0,1,c4a54cdecc67,,1777,10
c,bytes,document,100,93,jansson,2.14,9882,9518,460,19400,101194.090265,105064.089094,51546.391753,0,1.0,1,c4a54cdecc67,,1778,11
c,bytes,document,100,93,qcbor,1.5.1,2777,6018,343,8795,360100.828232,166168.162180,113700.966458,0,1.0,1,c4a54cdecc67,,1779,12
c,bytes,document,100,93,msgpack-c,6.0.1,1158,2381,335,3539,863557.858377,419991.600168,282565.696524,0,1.0,1,c4a54cdecc67,,1780,13
c,bytes,document,100,93,flatcc,0.6.1,529,117,236,646,1890359.168242,8547008.547009,1547987.616099,0,1.0,1,c4a54cdecc67,,1781,14
c,bytes,document,100,93,nanopb,0.4.9,592,266,166,858,1689189.189189,3759398.496241,1165501.165501,0,1.0,1,c4a54cdecc67,,1782,15
c,bytes,document,100,93,cJSON,1.7.18,6490,4724,460,11214,154083.204931,211685.012701,89174.246478,0,1.0,1,c4a54cdecc67,,1783,16
c,bytes,document,100,93,zcbor,0.9,1446,8450,354,9896,691562.932227,118343.195266,101050.929669,0,1.0,1,c4a54cdecc67,,1784,17
c,bytes,document,100,93,protobuf-wire,wire-v2,538,269,166,807,1858736.059480,3717472.118959,1239157.372986,0,1.0,1,c4a54cdecc67,,1785,18
c,bytes,document,100,94,nanopb,0.4.9,448,208,166,656,2232142.857143,4807692.307692,1524390.243902,0,1.0,1,c4a54cdecc67,,1786,0
c,bytes,document,100,94,flatcc,0.6.1,360,70,236,430,2777777.777778,14285714.285714,2325581.395349,0,1.0,1,c4a54cdecc67,,1787,1
c,bytes,document,100,94,jansson,2.14,8104,8138,460,16242,123395.853899,122880.314574,61568.772319,0,1.0,1,c4a54cdecc67,,1788,2
c,bytes,document,100,94,qcbor,1.5.1,2364,5470,343,7834,423011.844332,182815.356490,127648.710748,0,1.0,1,c4a54cdecc67,,1789,3
c,bytes,document,100,94,yyjson,0.10.0,3217,1373,460,4590,310848.616724,728332.119446,217864.923747,0,1.0,1,c4a54cdecc67,,1790,4
c,bytes,document,100,94,mpack,1.1,684,1450,335,2134,1461988.304094,689655.172414,468603.561387,0,1.0,1,c4a54cdecc67,,1791,5
c,bytes,document,100,94,protobuf-wire,wire-v2,472,255,166,727,2118644.067797,3921568.627451,1375515.818432,0,1.0,1,c4a54cdecc67,,1792,6
c,bytes,document,100,94,cbor-encode,0.11.0,6169,5722,457,11891,162100.826714,174764.068508,84097.216382,0,1.0,1,c4a54cdecc67,,1793,7
c,bytes,document,100,94,cJSON,1.7.18,4926,3896,460,8822,203004.466098,256673.511294,113352.981183,0,1.0,1,c4a54cdecc67,,1794,8
c,bytes,document,100,94,custom-binary,v2-1.0,138,84,207,222,7246376.811594,11904761.904762,4504504.504505,0,1.0,1,c4a54cdecc67,,1795,9
c,bytes,document,100,94,parson,1.5.3,13808,5724,460,19532,72421.784473,174703.004892,51198.033995,0,1.0,1,c4a54cdecc67,,1796,10
c,bytes,document,100,94,protobuf-c,1.5.0,569,279,166,848,1757469.244288,3584229.390681,1179245.283019,0,1.0,1,c4a54cdecc67,,1797,11
c,bytes,document,100,94,msgpack-c,6.0.1,1008,3019,335,4027,992063.492063,331235.508447,248323.814254,0,1.0,1,c4a54cdecc67,,1798,12
c,bytes,document,100,94,tinycbor,0.6.0,1014,5490,343,6504,986193.293886,182149.362477,153751.537515,0,1.0,1,c4a54cdecc67,,1799,13
c,bytes,document,100,94,ubj,1.0-min,225,157,244,382,4444444.444444,6369426.751592,2617801.047120,0,1.0,1,c4a54cdecc67,,1800,14
c,bytes,document,100,94,zcbor,0.9,1359,6861,354,8220,735835.172921,145751.348200,121654.501217,0,1.0,1,c4a54cdecc67,,1801,15
c,bytes,document,100,94,libbson,1.27.5,3546,2590,577,6136,282007.896221,386100.386100,162972.620600,0,1.0,1,c4a54cdecc67,,1802,16
c,bytes,document,100,94,json-c,0.15,7649,9103,460,16752,130736.043927,109853.894321,59694.364852,0,1.0,1,c4a54cdecc67,,1803,17
c,bytes,document,100,94,avro-c,1.11.3,586,541,210,1127,1706484.641638,1848428.835490,887311.446318,0,1.0,1,c4a54cdecc67,,1804,18
c,bytes,document,100,95,msgpack-c,6.0.1,906,1709,335,2615,1103752.759382,585137.507314,382409.177820,0,1.0,1,c4a54cdecc67,,1805,0
c,bytes,document,100,95,libbson,1.27.5,2927,2284,577,5211,341646.737274,437828.371278,191901.746306,0,1.0,1,c4a54cdecc67,,1806,1
c,bytes,document,100,95,cbor-encode,0.11.0,7119,5685,457,12804,140469.167018,175901.495163,78100.593565,0,1.0,1,c4a54cdecc67,,1807,2
c,bytes,document,100,95,protobuf-c,1.5.0,503,252,166,755,1988071.570577,3968253.968254,1324503.311258,0,1.0,1,c4a54cdecc67,,1808,3
c,bytes,document,100,95,zcbor,0.9,1237,6792,354,8029,808407.437348,147232.037691,124548.511645,0,1.0,1,c4a54cdecc67,,1809,4
c,bytes,document,100,95,tinycbor,0.6.0,834,5283,343,6117,1199040.767386,189286.390309,163478.829492,0,1.0,1,c4a54cdecc67,,1810,5
c,bytes,document,100,95,nanopb,0.4.9,555,306,166,861,1801801.801802,3267973.856209,1161440.185830,0,1.0,1,c4a54cdecc67,,1811,6
c,bytes,document,100,95,qcbor,1.5.1,2556,5249,343,7805,391236.306729,190512.478567,128122.998078,0,1.0,1,c4a54cdecc67,,1812,7
c,bytes,document,100,95,custom-binary,v2-1.0,194,83,207,277,5154639.175258,12048192.771084,3610108.303249,0,1.0,1,c4a54cdecc67,,1813,8
c,bytes,document,100,95,protobuf-wire,wire-v2,530,256,166,786,1886792.452830,3906250.000000,1272264.631043,0,1.0,1,c4a54cdecc67,,1814,9
c,bytes,document,100,95,flatcc,0.6.1,514,101,236,615,1945525.291829,9900990.099010,1626016.260163,0,1.0,1,c4a54cdecc67,,1815,10
c,bytes,document,100,95,json-c,0.15,6177,8536,460,14713,161890.885543,117150.890347,67967.103922,0,1.0,1,c4a54cdecc67,,1816,11
c,bytes,document,100,95,parson,1.5.3,16959,5727,460,22686,58965.740905,174611.489436,44080.049370,0,1.0,1,c4a54cdecc67,,1817,12
c,bytes,document,100,95,mpack,1.1,699,2804,335,3503,1430615.164521,356633.380884,285469.597488,0,1.0,1,c4a54cdecc67,,1818,13
c,bytes,document,100,95,ubj,1.0-min,210,156,244,366,4761904.761905,6410256.410256,2732240.437158,0,1.0,1,c4a54cdecc67,,1819,14
c,bytes,document,100,95,yyjson,0.10.0,2431,1589,460,4020,411353.352530,629326.620516,248756.218905,0,1.0,1,c4a54cdecc67,,1820,15
c,bytes,document,100,95,cJSON,1.7.18,5833,4387,460,10220,171438.367907,227946.204696,97847.358121,0,1.0,1,c4a54cdecc67,,1821,16
c,bytes,document,100,95,jansson,2.14,8696,8385,460,17081,114995.400184,119260.584377,58544.581699,0,1.0,1,c4a54cdecc67,,1822,17
c,bytes,document,100,95,avro-c,1.11.3,541,544,210,1085,1848428.835490,1838235.294118,921658.986175,0,1.0,1,c4a54cdecc67,,1823,18
c,bytes,document,100,96,cJSON,1.7.18,4294,3541,460,7835,232883.092687,282406.099972,127632.418634,0,1.0,1,c4a54cdecc67,,1824,0
c,bytes,document,100,96,nanopb,0.4.9,538,253,166,791,1858736.059480,3952569.169960,1264222.503161,0,1.0,1,c4a54cdecc67,,1825,1
c,bytes,document,100,96,yyjson,0.10.0,3036,1228,460,4264,329380.764163,814332.247557,234521.575985,0,1.0,1,c4a54cdecc67,,1826,2
c,bytes,document,100,96,parson,1.5.3,13967,5564,460,19531,71597.336579,179726.815241,51200.655368,0,1.0,1,c4a54cdecc67,,1827,3
c,bytes,document,100,96,ubj,1.0-min,208,151,244,359,4807692.307692,6622516.556291,2785515.320334,0,1.0,1,c4a54cdecc67,,1828,4
c,bytes,document,100,96,jansson,2.14,8422,8003,460,16425,118736.642128,124953.142572,60882.800609,0,1.0,1,c4a54cdecc67,,1829,5
c,bytes,document,100,96,flatcc,0.6.1,500,91,236,591,2000000.000000,10989010.989011,1692047.377327,0,1.0,1,c4a54cdecc67,,1830,6
c,bytes,document,100,96,libbson,1.27.5,3301,2517,577,5818,302938.503484,397298.371077,171880.371262,0,1.0,1,c4a54cdecc67,,1831,7
c,bytes,document,100,96,avro-c,1.11.3,448,374,210,822,2232142.857143,2673796.791444,1216545.012165,0,1.0,1,c4a54cdecc67,,1832,8
c,bytes,document,100,96,custom-binary,v2-1.0,173,95,207,268,5780346.820809,10526315.789474,3731343.283582,0,1.0,1,c4a54cdecc67,,1833,9
c,bytes,document,100,96,mpack,1.1,620,2802,335,3422,1612903.225806,356887.937188,292226.767972,0,1.0,1,c4a54cdecc67,,1834,10
c,bytes,document,100,96,msgpack-c,6.0.1,1017,1192,335,2209,983284.169125,838926.174497,452693.526483,0,1.0,1,c4a54cdecc67,,1835,11
c,bytes,document,100,96,tinycbor,0.6.0,1039,5574,343,6613,962463.907603,179404.377467,151217.299259,0,1.0,1,c4a54cdecc67,,1836,12
c,bytes,document,100,96,json-c,0.15,7076,9144,460,16220,141322.781232,109361.329834,61652.281134,0,1.0,1,c4a54cdecc67,,1837,13
c,bytes,document,100,96,cbor-encode,0.11.0,5929,5563,457,11492,168662.506325,179759.122775,87017.055343,0,1.0,1,c4a54cdecc67,,1838,14
c,bytes,document,100,96,protobuf-wire,wire-v2,564,248,166,812,1773049.645390,4032258.064516,1231527.093596,0,1.0,1,c4a54cdecc67,,1839,15
c,bytes,document,100,96,qcbor,1.5.1,2606,5283,343,7889,383729.854183,189286.390309,126758.778045,0,1.0,1,c4a54cdecc67,,1840,16
c,bytes,document,100,96,zcbor,0.9,1320,6520,354,7840,757575.757576,153374.233129,127551.020408,0,1.0,1,c4a54cdecc67,,1841,17
c,bytes,document,100,96,protobuf-c,1.5.0,530,264,166,794,1886792.452830,3787878.787879,1259445.843829,0,1.0,1,c4a54cdecc67,,1842,18
c,bytes,document,100,97,ubj,1.0-min,218,139,244,357,4587155.963303,7194244.604317,2801120.448179,0,1.0,1,c4a54cdecc67,,1843,0
c,bytes,document,100,97,tinycbor,0.6.0,794,5223,343,6017,1259445.843829,191460.846257,166195.778627,0,1.0,1,c4a54cdecc67,,1844,1
c,bytes,document,100,97,flatcc,0.6.1,433,75,236,508,2309468.822171,13333333.333333,1968503.937008,0,1.0,1,c4a54cdecc67,,1845,2
c,bytes,document,100,97,protobuf-wire,wire-v2,442,212,166,654,2262443.438914,4716981.132075,1529051.987768,0,1.0,1,c4a54cdecc67,,1846,3
c,bytes,document,100,97,avro-c,1.11.3,366,329,210,695,2732240.437158,3039513.677812,1438848.920863,0,1.0,1,c4a54cdecc67,,1847,4
c,bytes,document,100,97,cbor-encode,0.11.0,4437,5396,457,9833,225377.507325,185322.461082,101698.362656,0,1.0,1,c4a54cdecc67,,1848,5
c,bytes,document,100,97,custom-binary,v2-1.0,124,92,207,216,8064516.129032,10869565.217391,4629629.629630,0,1.0,1,c4a54cdecc67,,1849,6
c,bytes,document,100,97,parson,1.5.3,13646,5781,460,19427,73281.547706,172980.453209,51474.751634,0,1.0,1,c4a54cdecc67,,1850,7
c,bytes,document,100,97,cJSON,1.7.18,19515,3786,460,23301,51242.633871,264131.008980,42916.613021,0,1.0,1,c4a54cdecc67,,1851,8
c,bytes,document,100,97,yyjson,0.10.0,4209,1449,460,5658,237586.124970,690131.124914,176740.897844,0,1.0,1,c4a54cdecc67,,1852,9
c,bytes,document,100,97,json-c,0.15,7076,8824,460,15900,141322.781232,113327.289211,62893.081761,0,1.0,1,c4a54cdecc67,,1853,10
c,bytes,document,100,97,zcbor,0.9,1309,6752,354,8061,763941.940413,148104.265403,124054.087582,0,1.0,1,c4a54cdecc67,,1854,11
c,bytes,document,100,97,protobuf-c,1.5.0,512,260,166,772,1953125.000000,3846153.846154,1295336.787565,0,1.0,1,c4a54cdecc67,,1855,12
c,bytes,document,100,97,qcbor,1.5.1,2629,5348,343,7977,380372.765310,186985.789080,125360.411182,0,1.0,1,c4a54cdecc67,,1856,13
c,bytes,document,100,97,jansson,2.14,9515,8529,460,18044,105097.214924,117247.039512,55420.084239,0,1.0,1,c4a54cdecc67,,1857,14
c,bytes,document,100,97,libbson,1.27.5,4588,2579,577,7167,217959.895379,387747.188833,139528.394028,0,1.0,1,c4a54cdecc67,,1858,15
c,bytes,document,100,97,nanopb,0.4.9,548,258,166,806,1824817.518248,3875968.992248,1240694.789082,0,1.0,1,c4a54cdecc67,,1859,16
c,bytes,document,100,97,mpack,1.1,689,1422,335,2111,1451378.809869,703234.880450,473709.142586,0,1.0,1,c4a54cdecc67,,1860,17
c,bytes,document,100,97,msgpack-c,6.0.1,1040,1230,335,2270,961538.461538,813008.130081,440528.634361,0,1.0,1,c4a54cdecc67,,1861,18
c,bytes,document,100,98,custom-binary,v2-1.0,144,96,207,240,6944444.444444,10416666.666667,4166666.666667,0,1.0,1,c4a54cdecc67,,1862,0
c,bytes,document,100,98,tinycbor,0.6.0,1071,5592,343,6663,933706.816060,178826.895565,150082.545400,0,1.0,1,c4a54cdecc67,,1863,1
c,bytes,document,100,98,jansson,2.14,9438,8462,460,17900,105954.651409,118175.372252,55865.921788,0,1.0,1,c4a54cdecc67,,1864,2
c,bytes,document,100,98,protobuf-c,1.5.0,507,247,166,754,1972386.587771,4048582.995951,1326259.946950,0,1.0,1,c4a54cdecc67,,1865,3
c,bytes,document,100,98,parson,1.5.3,13924,5590,460,19514,71818.442976,178890.876565,51245.259813,0,1.0,1,c4a54cdecc67,,1866,4
c,bytes,document,100,98,nanopb,0.4.9,466,245,166,711,2145922.746781,4081632.653061,1406469.760900,0,1.0,1,c4a54cdecc67,,1867,5
c,bytes,document,100,98,ubj,1.0-min,221,121,244,342,4524886.877828,8264462.809917,2923976.608187,0,1.0,1,c4a54cdecc67,,1868,6
c,bytes,document,100,98,json-c,0.15,6865,9391,460,16256,145666.423889,106484.932382,61515.748031,0,1.0,1,c4a54cdecc67,,1869,7
c,bytes,document,100,98,zcbor,0.9,1300,6776,354,8076,769230.769231,147579.693034,123823.675087,0,1.0,1,c4a54cdecc67,,1870,8
c,bytes,document,100,98,protobuf-wire,wire-v2,558,290,166,848,1792114.695341,3448275.862069,1179245.283019,0,1.0,1,c4a54cdecc67,,1871,9
c,bytes,document,100,98,libbson,1.27.5,3869,2459,577,6328,258464.719566,406669.377796,158027.812895,0,1.0,1,c4a54cdecc67,,1872,10
c,bytes,document,100,98,flatcc,0.6.1,612,99,236,711,1633986.928105,10101010.101010,1406469.760900,0,1.0,1,c4a54cdecc67,,1873,11
c,bytes,document,100,98,qcbor,1.5.1,2527,5646,343,8173,395726.157499,177116.542685,122354.092744,0,1.0,1,c4a54cdecc67,,1874,12
c,bytes,document,100,98,avro-c,1.11.3,562,489,210,1051,1779359.430605,2044989.775051,951474.785918,0,1.0,1,c4a54cdecc67,,1875,13
c,bytes,document,100,98,mpack,1.1,688,1362,335,2050,1453488.372093,734214.390602,487804.878049,0,1.0,1,c4a54cdecc67,,1876,14
c,bytes,document,100,98,msgpack-c,6.0.1,1082,1131,335,2213,924214.417745,884173.297966,451875.282422,0,1.0,1,c4a54cdecc67,,1877,15
c,bytes,document,100,98,cbor-encode,0.11.0,6312,5571,457,11883,158428.390368,179500.987255,84153.833207,0,1.0,1,c4a54cdecc67,,1878,16
c,bytes,document,100,98,yyjson,0.10.0,3358,1476,460,4834,297796.307326,677506.775068,206868.018204,0,1.0,1,c4a54cdecc67,,1879,17
c,bytes,document,100,98,cJSON,1.7.18,5713,4018,460,9731,175039.383861,248880.039821,102764.361319,0,1.0,1,c4a54cdecc67,,1880,18
c,bytes,document,100,99,cJSON,1.7.18,3792,3118,460,6910,263713.080169,320718.409237,144717.800289,0,1.0,1,c4a54cdecc67,,1881,0
c,bytes,document,100,99,qcbor,1.5.1,3685,5921,343,9606,271370.420624,168890.390137,104101.603165,0,1.0,1,c4a54cdecc67,,1882,1
c,bytes,document,100,99,protobuf-c,1.5.0,559,250,166,809,1788908.765653,4000000.000000,1236093.943140,0,1.0,1,c4a54cdecc67,,1883,2
c,bytes,document,100,99,custom-binary,v2-1.0,165,100,207,265,6060606.060606,10000000.000000,3773584.905660,0,1.0,1,c4a54cdecc67,,1884,3
c,bytes,document,100,99,json-c,0.15,6632,8941,460,15573,150784.077201,111844.312717,64213.703204,0,1.0,1,c4a54cdecc67,,1885,4
c,bytes,document,100,99,flatcc,0.6.1,471,85,236,556,2123142.250531,11764705.882353,1798561.151079,0,1.0,1,c4a54cdecc67,,1886,5
c,bytes,document,100,99,parson,1.5.3,14429,5654,460,20083,69304.872133,176865.935621,49793.357566,0,1.0,1,c4a54cdecc67,,1887,6
c,bytes,document,100,99,msgpack-c,6.0.1,1023,2419,335,3442,977517.106549,413393.964448,290528.762347,0,1.0,1,c4a54cdecc67,,1888,7
c,bytes,document,100,99,tinycbor,0.6.0,975,5369,343,6344,1025641.025641,186254.423543,157629.255990,0,1.0,1,c4a54cdecc67,,1889,8
c,bytes,document,100,99,mpack,1.1,640,1319,335,1959,1562500.000000,758150.113723,510464.522716,0,1.0,1,c4a54cdecc67,,1890,9
c,bytes,document,100,99,libbson,1.27.5,3574,2480,577,6054,279798.545048,403225.806452,165180.046250,0,1.0,1,c4a54cdecc67,,1891,10
c,bytes,document,100,99,protobuf-wire,wire-v2,541,267,166,808,1848428.835490,3745318.352060,1237623.762376,0,1.0,1,c4a54cdecc67,,1892,11
c,bytes,document,100,99,jansson,2.14,9594,8757,460,18351,104231.811549,114194.358799,54492.943164,0,1.0,1,c4a54cdecc67,,1893,12
c,bytes,document,100,99,nanopb,0.4.9,534,232,166,766,1872659.176030,4310344.827586,1305483.028721,0,1.0,1,c4a54cdecc67,,1894,13
c,bytes,document,100,99,cbor-encode,0.11.0,5780,5606,457,11386,173010.380623,178380.306814,87827.156157,0,1.0,1,c4a54cdecc67,,1895,14
c,bytes,document,100,99,avro-c,1.11.3,531,463,210,994,1883239.171375,2159827.213823,1006036.217304,0,1.0,1,c4a54cdecc67,,1896,15
c,bytes,document,100,99,ubj,1.0-min,221,134,244,355,4524886.877828,7462686.567164,2816901.408451,0,1.0,1,c4a54cdecc67,,1897,16
c,bytes,document,100,99,zcbor,0.9,1292,6461,354,7753,773993.808050,154774.802662,128982.329421,0,1.0,1,c4a54cdecc67,,1898,17
c,bytes,document,100,99,yyjson,0.10.0,3900,1299,460,5199,256410.256410,769822.940724,192344.681670,0,1.0,1,c4a54cdecc67,,1899,18
c,stream,document,100,0,msgpack-c,6.0.1,8637,2049,335,10686,115780.942457,488042.947779,93580.385551,0,1.0,1,c4a54cdecc67,adapted,1900,0
c,stream,document,100,0,nanopb,0.4.9,1083,595,166,1678,923361.034164,1680672.268908,595947.556615,0,1.0,1,c4a54cdecc67,adapted,1901,1
c,stream,document,100,0,qcbor,1.5.1,2842,5646,343,8488,351864.883885,177116.542685,117813.383600,0,1.0,1,c4a54cdecc67,adapted,1902,2
c,stream,document,100,0,jansson,2.14,12109,9910,460,22019,82583.202577,100908.173562,45415.323130,0,1.0,1,c4a54cdecc67,adapted,1903,3
c,stream,document,100,0,yyjson,0.10.0,3087,1443,460,4530,323939.099449,693000.693001,220750.551876,0,1.0,1,c4a54cdecc67,adapted,1904,4
c,stream,document,100,0,libbson,1.27.5,3630,2601,577,6231,275482.093664,384467.512495,160487.883165,0,1.0,1,c4a54cdecc67,adapted,1905,5
c,stream,document,100,0,cJSON,1.7.18,6839,5493,460,12332,146220.207633,182049.881668,81089.847551,0,1.0,1,c4a54cdecc67,adapted,1906,6
c,stream,document,100,0,protobuf-wire,wire-v2,1369,484,166,1853,730460.189920,2066115.702479,539665.407447,0,1.0,1,c4a54cdecc67,adapted,1907,7
c,stream,document,100,0,custom-binary,v2-1.0,380,273,207,653,2631578.947368,3663003.663004,1531393.568147,0,1.0,1,c4a54cdecc67,adapted,1908,8
c,stream,document,100,0,zcbor,0.9,1470,6987,354,8457,680272.108844,143122.942608,118245.240629,0,1.0,1,c4a54cdecc67,adapted,1909,9
c,stream,document,100,0,json-c,0.15,8169,8714,460,16883,122414.004162,114757.860913,59231.179293,0,1.0,1,c4a54cdecc67,adapted,1910,10
c,stream,document,100,0,parson,1.5.3,15780,8673,460,24453,63371.356147,115300.357431,40894.777737,0,1.0,1,c4a54cdecc67,adapted,1911,11
c,stream,document,100,0,mpack,1.1,1792,1535,335,3327,558035.714286,651465.798046,300571.085062,0,1.0,1,c4a54cdecc67,adapted,1912,12
c,stream,document,100,0,protobuf-c,1.5.0,826,436,166,1262,1210653.753027,2293577.981651,792393.026941,0,1.0,1,c4a54cdecc67,adapted,1913,13
c,stream,document,100,0,tinycbor,0.6.0,1231,5576,343,6807,812347.684809,179340.028694,146907.595123,0,1.0,1,c4a54cdecc67,adapted,1914,14
c,stream,document,100,0,avro-c,1.11.3,746,672,210,1418,1340482.573727,1488095.238095,705218.617772,0,1.0,1,c4a54cdecc67,adapted,1915,15
c,stream,document,100,0,cbor-encode,0.11.0,7354,5589,457,12943,135980.418820,178922.884237,77261.840377,0,1.0,1,c4a54cdecc67,adapted,1916,16
c,stream,document,100,0,flatcc,0.6.1,686,288,236,974,1457725.947522,3472222.222222,1026694.045175,0,1.0,1,c4a54cdecc67,adapted,1917,17
c,stream,document,100,0,ubj,1.0-min,428,336,244,764,2336448.598131,2976190.476190,1308900.523560,0,1.0,1,c4a54cdecc67,adapted,1918,18
c,stream,document,100,1,cJSON,1.7.18,6455,5157,460,11612,154918.667699,193911.188676,86117.809163,0,1.0,1,c4a54cdecc67,adapted,1919,0
c,stream,document,100,1,zcbor,0.9,2055,6776,354,8831,486618.004866,147579.693034,113237.458951,0,1.0,1,c4a54cdecc67,adapted,1920,1
c,stream,document,100,1,jansson,2.14,9984,9985,460,19969,100160.256410,100150.225338,50077.620311,0,1.0,1,c4a54cdecc67,adapted,1921,2
c,stream,document,100,1,avro-c,1.11.3,1171,558,210,1729,853970.964987,1792114.695341,578368.999422,0,1.0,1,c4a54cdecc67,adapted,1922,3
c,stream,document,100,1,ubj,1.0-min,370,301,244,671,2702702.702703,3322259.136213,1490312.965723,0,1.0,1,c4a54cdecc67,adapted,1923,4
c,stream,document,100,1,parson,1.5.3,15628,7903,460,23531,63987.714359,126534.227509,42497.131444,0,1.0,1,c4a54cdecc67,adapted,1924,5
c,stream,document,100,1,protobuf-c,1.5.0,1543,402,166,1945,648088.139987,2487562.189055,514138.817481,0,1.0,1,c4a54cdecc67,adapted,1925,6
c,stream,document,100,1,qcbor,1.5.1,2770,5639,343,8409,361010.830325,177336.407164,118920.204543,0,1.0,1,c4a54cdecc67,adapted,1926,7
c,stream,document,100,1,yyjson,0.10.0,2705,1727,460,4432,369685.767098,579038.795599,225631.768953,0,1.0,1,c4a54cdecc67,adapted,1927,8
c,stream,document,100,1,cbor-encode,0.11.0,7141,5660,457,12801,140036.409466,176678.445230,78118.896961,0,1.0,1,c4a54cdecc67,adapted,1928,9
c,stream,document,100,1,msgpack-c,6.0.1,1350,1416,335,2766,740740.740741,706214.689266,361532.899494,0,1.0,1,c4a54cdecc67,adapted,1929,10
c,stream,document,100,1,flatcc,0.6.1,676,274,236,950,1479289.940828,3649635.036496,1052631.578947,0,1.0,1,c4a54cdecc67,adapted,1930,11
c,stream,document,100,1,nanopb,0.4.9,759,449,166,1208,1317523.056653,2227171.492205,827814.569536,0,1.0,1,c4a54cdecc67,adapted,1931,12
c,stream,document,100,1,tinycbor,0.6.0,1168,5450,343,6618,856164.383562,183486.238532,151103.052282,0,1.0,1,c4a54cdecc67,adapted,1932,13
c,stream,document,100,1,mpack,1.1,892,1596,335,2488,1121076.233184,626566.416040,401929.260450,0,1.0,1,c4a54cdecc67,adapted,1933,14
c,stream,document,100,1,libbson,1.27.5,4533,5551,577,10084,220604.456210,180147.721131,99166.997223,0,1.0,1,c4a54cdecc67,adapted,1934,15
c,stream,document,100,1,custom-binary,v2-1.0,432,270,207,702,2314814.814815,3703703.703704,1424501.424501,0,1.0,1,c4a54cdecc67,adapted,1935,16
c,stream,document,100,1,protobuf-wire,wire-v2,785,552,166,1337,1273885.350318,1811594.202899,747943.156320,0,1.0,1,c4a54cdecc67,adapted,1936,17
c,stream,document,100,1,json-c,0.15,8287,9109,460,17396,120670.930373,109781.534746,57484.479191,0,1.0,1,c4a54cdecc67,adapted,1937,18
c,stream,document,100,2,avro-c,1.11.3,1471,593,210,2064,679809.653297,1686340.640809,484496.124031,0,1.0,1,c4a54cdecc67,adapted,1938,0
c,stream,document,100,2,jansson,2.14,11309,11041,460,22350,88425.148112,90571.506204,44742.729306,0,1.0,1,c4a54cdecc67,adapted,1939,1
c,stream,document,100,2,cJSON,1.7.18,6651,7167,460,13818,150353.330326,139528.394028,72369.373281,0,1.0,1,c4a54cdecc67,adapted,1940,2
c,stream,document,100,2,nanopb,0.4.9,1421,406,166,1827,703729.767769,2463054.187192,547345.374932,0,1.0,1,c4a54cdecc67,adapted,1941,3
c,stream,document,100,2,flatcc,0.6.1,717,263,236,980,1394700.139470,3802281.368821,1020408.163265,0,1.0,1,c4a54cdecc67,adapted,1942,4
c,stream,document,100,2,libbson,1.27.5,3467,2557,577,6024,288433.804442,391083.300743,166002.656042,0,1.0,1,c4a54cdecc67,adapted,1943,5
c,stream,document,100,2,qcbor,1.5.1,2849,5703,343,8552,351000.351000,175346.308960,116931.711880,0,1.0,1,c4a54cdecc67,adapted,1944,6
c,stream,document,100,2,json-c,0.15,10496,8140,460,18636,95274.390244,122850.122850,53659.583602,0,1.0,1,c4a54cdecc67,adapted,1945,7
c,stream,document,100,2,zcbor,0.9,2291,7361,354,9652,436490.615452,135851.107187,103605.470369,0,1.0,1,c4a54cdecc67,adapted,1946,8
c,stream,document,100,2,cbor-encode,0.11.0,7306,5525,457,12831,136873.802354,180995.475113,77936.248149,0,1.0,1,c4a54cdecc67,adapted,1947,9
c,stream,document,100,2,tinycbor,0.6.0,1202,5311,343,6513,831946.755408,188288.457918,153539.075695,0,1.0,1,c4a54cdecc67,adapted,1948,10
c,stream,document,100,2,mpack,1.1,856,1522,335,2378,1168224.299065,657030.223390,420521.446594,0,1.0,1,c4a54cdecc67,adapted,1949,11
c,stream,document,100,2,protobuf-wire,wire-v2,731,460,166,1191,1367989.056088,2173913.043478,839630.562552,0,1.0,1,c4a54cdecc67,adapted,1950,12
c,stream,document,100,2,protobuf-c,1.5.0,726,387,166,1113,1377410.468320,2583979.328165,898472.596586,0,1.0,1,c4a54cdecc67,adapted,1951,13
c,stream,document,100,2,msgpack-c,6.0.1,1204,1388,335,2592,830564.784053,720461.095101,385802.469136,0,1.0,1,c4a54cdecc67,adapted,1952,14
c,stream,document,100,2,custom-binary,v2-1.0,365,267,207,632,2739726.027397,3745318.352060,1582278.481013,0,1.0,1,c4a54cdecc67,adapted,1953,15
c,stream,document,100,2,yyjson,0.10.0,2933,1674,460,4607,340947.834981,597371.565114,217060.994139,0,1.0,1,c4a54cdecc67,adapted,1954,16
c,stream,document,100,2,ubj,1.0-min,435,339,244,774,2298850.574713,2949852.507375,1291989.664083,0,1.0,1,c4a54cdecc67,adapted,1955,17
c,stream,document,100,2,parson,1.5.3,16906,8601,460,25507,59150.597421,116265.550517,39204.924138,0,1.0,1,c4a54cdecc67,adapted,1956,18
c,stream,document,100,3,parson,1.5.3,13894,7394,460,21288,71973.513747,135244.793075,46974.821496,0,1.0,1,c4a54cdecc67,adapted,1957,0
c,stream,document,100,3,flatcc,0.6.1,1579,265,236,1844,633312.222926,3773584.905660,542299.349241,0,1.0,1,c4a54cdecc67,adapted,1958,1
c,stream,document,100,3,protobuf-wire,wire-v2,704,427,166,1131,1420454.545455,2341920.374707,884173.297966,0,1.0,1,c4a54cdecc67,adapted,1959,2
c,stream,document,100,3,libbson,1.27.5,3647,2681,577,6328,274197.970935,372995.151063,158027.812895,0,1.0,1,c4a54cdecc67,adapted,1960,3
c,stream,document,100,3,custom-binary,v2-1.0,372,262,207,634,2688172.043011,3816793.893130,1577287.066246,0,1.0,1,c4a54cdecc67,adapted,1961,4
c,stream,document,100,3,msgpack-c,6.0.1,1137,1240,335,2377,879507.475814,806451.612903,420698.359276,0,1.0,1,c4a54cdecc67,adapted,1962,5
c,stream,document,100,3,cJSON,1.7.18,7010,5651,460,12661,142653.352354,176959.830119,78982.702788,0,1.0,1,c4a54cdecc67,adapted,1963,6
c,stream,document,100,3,mpack,1.1,1568,1445,335,3013,637755.102041,692041.522491,331895.121142,0,1.0,1,c4a54cdecc67,adapted,1964,7
c,stream,document,100,3,zcbor,0.9,1545,6948,354,8493,647249.190939,143926.309729,117744.024491,0,1.0,1,c4a54cdecc67,adapted,1965,8
c,stream,document,100,3,ubj,1.0-min,434,330,244,764,2304147.465438,3030303.030303,1308900.523560,0,1.0,1,c4a54cdecc67,adapted,1966,9
c,stream,document,100,3,jansson,2.14,10113,10199,460,20312,98882.626323,98048.828317,49231.981095,0,1.0,1,c4a54cdecc67,adapted,1967,10
c,stream,document,100,3,yyjson,0.10.0,3338,1733,460,5071,299580.587178,577034.045009,197199.763360,0,1.0,1,c4a54cdecc67,adapted,1968,11
c,stream,document,100,3,nanopb,0.4.9,760,423,166,1183,1315789.473684,2364066.193853,845308.537616,0,1.0,1,c4a54cdecc67,adapted,1969,12
c,stream,document,100,3,tinycbor,0.6.0,1357,5651,343,7008,736919.675755,176959.830119,142694.063927,0,1.0,1,c4a54cdecc67,adapted,1970,13
c,stream,document,100,3,avro-c,1.11.3,852,695,210,1547,1173708.920188,1438848.920863,646412.411118,0,1.0,1,c4a54cdecc67,adapted,1971,14
c,stream,document,100,3,qcbor,1.5.1,2742,7280,343,10022,364697.301240,137362.637363,99780.482938,0,1.0,1,c4a54cdecc67,adapted,1972,15
c,stream,document,100,3,protobuf-c,1.5.0,734,413,166,1147,1362397.820163,2421307.506053,871839.581517,0,1.0,1,c4a54cdecc67,adapted,1973,16
c,stream,document,100,3,json-c,0.15,7967,8638,460,16605,125517.760763,115767.538782,60222.824450,0,1.0,1,c4a54cdecc67,adapted,1974,17
c,stream,document,100,3,cbor-encode,0.11.0,7215,5678,457,12893,138600.138600,176118.351532,77561.467463,0,1.0,1,c4a54cdecc67,adapted,1975,18
c,stream,document,100,4,protobuf-wire,wire-v2,786,425,166,1211,1272264.631043,2352941.176471,825763.831544,0,1.0,1,c4a54cdecc67,adapted,1976,0
c,stream,document,100,4,libbson,1.27.5,3525,2709,577,6234,283687.943262,369139.904024,160410.651267,0,1.0,1,c4a54cdecc67,adapted,1977,1
c,stream,document,100,4,zcbor,0.9,1511,6832,354,8343,661813.368630,146370.023419,119860.961285,0,1.0,1,c4a54cdecc67,adapted,1978,2
c,stream,document,100,4,cbor-encode,0.11.0,6709,5540,457,12249,149053.510210,180505.415162,81639.317495,0,1.0,1,c4a54cdecc67,adapted,1979,3
c,stream,document,100,4,avro-c,1.11.3,682,518,210,1200,1466275.659824,1930501.930502,833333.333333,0,1.0,1,c4a54cdecc67,adapted,1980,4
c,stream,document,100,4,nanopb,0.4.9,698,402,166,1100,1432664.756447,2487562.189055,909090.909091,0,1.0,1,c4a54cdecc67,adapted,1981,5
c,stream,document,100,4,yyjson,0.10.0,2579,1573,460,4152,387747.188833,635727.908455,240847.784200,0,1.0,1,c4a54cdecc67,adapted,1982,6
c,stream,document,100,4,json-c,0.15,7329,7535,460,14864,136444.262519,132714.001327,67276.641550,0,1.0,1,c4a54cdecc67,adapted,1983,7
c,stream,document,100,4,msgpack-c,6.0.1,1814,1402,335,3216,551267.916207,713266.761769,310945.273632,0,1.0,1,c4a54cdecc67,adapted,1984,8
c,stream,document,100,4,protobuf-c,1.5.0,709,370,166,1079,1410437.235543,2702702.702703,926784.059314,0,1.0,1,c4a54cdecc67,adapted,1985,9
c,stream,document,100,4,parson,1.5.3,16040,8059,460,24099,62344.139651,124084.874054,41495.497738,0,1.0,1,c4a54cdecc67,adapted,1986,10
c,stream,document,100,4,qcbor,1.5.1,3685,5684,343,9369,271370.420624,175932.441942,106734.977052,0,1.0,1,c4a54cdecc67,adapted,1987,11
c,stream,document,100,4,cJSON,1.7.18,6898,5461,460,12359,144969.556393,183116.645303,80912.695202,0,1.0,1,c4a54cdecc67,adapted,1988,12
c,stream,document,100,4,jansson,2.14,9648,10090,460,19738,103648.424544,99108.027750,50663.694397,0,1.0,1,c4a54cdecc67,adapted,1989,13
c,stream,document,100,4,custom-binary,v2-1.0,939,287,207,1226,1064962.726305,3484320.557491,815660.685155,0,1.0,1,c4a54cdecc67,adapted,1990,14
c,stream,document,100,4,mpack,1.1,1001,1525,335,2526,999000.999001,655737.704918,395882.818686,0,1.0,1,c4a54cdecc67,adapted,1991,15
c,stream,document,100,4,tinycbor,0.6.0,1200,5645,343,6845,833333.333333,177147.918512,146092.037984,0,1.0,1,c4a54cdecc67,adapted,1992,16
c,stream,document,100,4,ubj,1.0-min,452,321,244,773,2212389.380531,3115264.797508,1293661.060802,0,1.0,1,c4a54cdecc67,adapted,1993,17
c,stream,document,100,4,flatcc,0.6.1,723,257,236,980,1383125.864454,3891050.583658,1020408.163265,0,1.0,1,c4a54cdecc67,adapted,1994,18
c,stream,document,100,5,cJSON,1.7.18,5965,4910,460,10875,167644.593462,203665.987780,91954.022989,0,1.0,1,c4a54cdecc67,adapted,1995,0
c,stream,document,100,5,jansson,2.14,9085,9377,460,18462,110071.546505,106643.915965,54165.312534,0,1.0,1,c4a54cdecc67,adapted,1996,1
c,stream,document,100,5,nanopb,0.4.9,1334,407,166,1741,749625.187406,2457002.457002,574382.538771,0,1.0,1,c4a54cdecc67,adapted,1997,2
c,stream,document,100,5,msgpack-c,6.0.1,1126,1420,335,2546,888099.467140,704225.352113,392772.977219,0,1.0,1,c4a54cdecc67,adapted,1998,3
c,stream,document,100,5,custom-binary,v2-1.0,321,255,207,576,3115264.797508,3921568.627451,1736111.111111,0,1.0,1,c4a54cdecc67,adapted,1999,4
c,stream,document,100,5,parson,1.5.3,15721,7560,460,23281,63609.185166,132275.132275,42953.481380,0,1.0,1,c4a54cdecc67,adapted,2000,5
c,stream,document,100,5,avro-c,1.11.3,1613,611,210,2224,619962.802232,1636661.211129,449640.287770,0,1.0,1,c4a54cdecc67,adapted,2001,6
c,stream,document,100,5,libbson,1.27.5,3585,2672,577,6257,278940.027894,374251.497006,159821.000479,0,1.0,1,c4a54cdecc67,adapted,2002,7
c,stream,document,100,5,mpack,1.1,930,1580,335,2510,1075268.817204,632911.392405,398406.374502,0,1.0,1,c4a54cdecc67,adapted,2003,8
c,stream,document,100,5,flatcc,0.6.1,619,254,236,873,1615508.885299,3937007.874016,1145475.372279,0,1.0,1,c4a54cdecc67,adapted,2004,9
c,stream,document,100,5,protobuf-c,1.5.0,766,420,166,1186,1305483.028721,2380952.380952,843170.320405,0,1.0,1,c4a54cdecc67,adapted,2005,10
c,stream,document,100,5,qcbor,1.5.1,2863,5962,343,8825,349283.967866,167728.950017,113314.447592,0,1.0,1,c4a54cdecc67,adapted,2006,11
c,stream,document,100,5,cbor-encode,0.11.0,7287,5746,457,13033,137230.684781,174034.110686,76728.305072,0,1.0,1,c4a54cdecc67,adapted,2007,12
c,stream,document,100,5,yyjson,0.10.0,2763,1635,460,4398,361925.443359,611620.795107,227376.080036,0,1.0,1,c4a54cdecc67,adapted,2008,13
c,stream,document,100,5,tinycbor,0.6.0,1174,5519,343,6693,851788.756388,181192.244972,149409.831167,0,1.0,1,c4a54cdecc67,adapted,2009,14
c,stream,document,100,5,ubj,1.0-min,434,342,244,776,2304147.465438,2923976.608187,1288659.793814,0,1.0,1,c4a54cdecc67,adapted,2010,15
c,stream,document,100,5,zcbor,0.9,1619,6974,354,8593,617665.225448,143389.733295,116373.792622,0,1.0,1,c4a54cdecc67,adapted,2011,16
c,stream,document,100,5,json-c,0.15,8274,9957,460,18231,120860.526952,100431.856985,54851.626351,0,1.0,1,c4a54cdecc67,adapted,2012,17
c,stream,document,100,5,protobuf-wire,wire-v2,1495,473,166,1968,668896.321070,2114164.904863,508130.081301,0,1.0,1,c4a54cdecc67,adapted,2013,18
c,stream,document,100,6,yyjson,0.10.0,2372,1359,460,3731,421585.160202,735835.172921,268024.658269,0,1.0,1,c4a54cdecc67,adapted,2014,0
c,stream,document,100,6,parson,1.5.3,16434,8522,460,24956,60849.458440,117343.346632,40070.524122,0,1.0,1,c4a54cdecc67,adapted,2015,1
c,stream,document,100,6,cbor-encode,0.11.0,8173,6309,457,14482,122354.092744,158503.724838,69051.236017,0,1.0,1,c4a54cdecc67,adapted,2016,2
c,stream,document,100,6,cJSON,1.7.18,6852,5585,460,12437,145942.790426,179051.029543,80405.242422,0,1.0,1,c4a54cdecc67,adapted,2017,3
c,stream,document,100,6,msgpack-c,6.0.1,1887,1463,335,3350,529941.706412,683526.999316,298507.462687,0,1.0,1,c4a54cdecc67,adapted,2018,4
c,stream,document,100,6,protobuf-wire,wire-v2,758,408,166,1166,1319261.213720,2450980.392157,857632.933105,0,1.0,1,c4a54cdecc67,adapted,2019,5
c,stream,document,100,6,libbson,1.27.5,3802,2901,577,6703,263019.463440,344708.721131,149186.931225,0,1.0,1,c4a54cdecc67,adapted,2020,6
c,stream,document,100,6,jansson,2.14,11414,10774,460,22188,87611.704924,92816.038611,45069.406887,0,1.0,1,c4a54cdecc67,adapted,2021,7
c,stream,document,100,6,avro-c,1.11.3,1538,663,210,2201,650195.058518,1508295.625943,454338.936847,0,1.0,1,c4a54cdecc67,adapted,2022,8
c,stream,document,100,6,mpack,1.1,989,1630,335,2619,1011122.345804,613496.932515,381825.124093,0,1.0,1,c4a54cdecc67,adapted,2023,9
c,stream,document,100,6,nanopb,0.4.9,809,433,166,1242,1236093.943140,2309468.822171,805152.979066,0,1.0,1,c4a54cdecc67,adapted,2024,10
c,stream,document,100,6,tinycbor,0.6.0,1257,6232,343,7489,795544.948290,160462.130937,133529.176125,0,1.0,1,c4a54cdecc67,adapted,2025,11
c,stream,document,100,6,qcbor,1.5.1,2963,5824,343,8787,337495.781303,171703.296703,113804.483897,0,1.0,1,c4a54cdecc67,adapted,2026,12
c,stream,document,100,6,ubj,1.0-min,448,330,244,778,2232142.857143,3030303.030303,1285347.043702,0,1.0,1,c4a54cdecc67,adapted,2027,13
c,stream,document,100,6,custom-binary,v2-1.0,371,296,207,667,2695417.789757,3378378.378378,1499250.374813,0,1.0,1,c4a54cdecc67,adapted,2028,14
c,stream,document,100,6,json-c,0.15,8570,9258,460,17828,116686.114352,108014.689998,56091.541396,0,1.0,1,c4a54cdecc67,adapted,2029,15
c,stream,document,100,6,flatcc,0.6.1,1435,354,236,1789,696864.111498,2824858.757062,558971.492454,0,1.0,1,c4a54cdecc67,adapted,2030,16
c,stream,document,100,6,protobuf-c,1.5.0,803,428,166,1231,1245330.012453,2336448.598131,812347.684809,0,1.0,1,c4a54cdecc67,adapted,2031,17
c,stream,document,100,6,zcbor,0.9,1665,7388,354,9053,600600.600601,135354.629128,110460.620789,0,1.0,1,c4a54cdecc67,adapted,2032,18
c,stream,document,100,7,protobuf-wire,wire-v2,765,433,166,1198,1307189.542484,2309468.822171,834724.540902,0,1.0,1,c4a54cdecc67,adapted,2033,0
c,stream,document,100,7,avro-c,1.11.3,608,557,210,1165,1644736.842105,1795332.136445,858369.098712,0,1.0,1,c4a54cdecc67,adapted,2034,1
c,stream,document,100,7,libbson,1.27.5,3670,2824,577,6494,272479.564033,354107.648725,153988.296889,0,1.0,1,c4a54cdecc67,adapted,2035,2
c,stream,document,100,7,ubj,1.0-min,427,335,244,762,2341920.374707,2985074.626866,1312335.958005,0,1.0,1,c4a54cdecc67,adapted,2036,3
c,stream,document,100,7,tinycbor,0.6.0,1087,5882,343,6969,919963.201472,170010.200612,143492.610131,0,1.0,1,c4a54cdecc67,adapted,2037,4
c,stream,document,100,7,custom-binary,v2-1.0,318,279,207,597,3144654.088050,3584229.390681,1675041.876047,0,1.0,1,c4a54cdecc67,adapted,2038,5
c,stream,document,100,7,zcbor,0.9,1438,6927,354,8365,695410.292072,144362.638949,119545.726240,0,1.0,1,c4a54cdecc67,adapted,2039,6
c,stream,document,100,7,qcbor,1.5.1,2769,5818,343,8587,361141.206212,171880.371262,116455.106556,0,1.0,1,c4a54cdecc67,adapted,2040,7
c,stream,document,100,7,flatcc,0.6.1,587,261,236,848,1703577.512777,3831417.624521,1179245.283019,0,1.0,1,c4a54cdecc67,adapted,2041,8
c,stream,document,100,7,mpack,1.1,915,1534,335,2449,1092896.174863,651890.482399,408329.930584,0,1.0,1,c4a54cdecc67,adapted,2042,9
c,stream,document,100,7,yyjson,0.10.0,2892,1778,460,4670,345781.466113,562429.696288,214132.762313,0,1.0,1,c4a54cdecc67,adapted,2043,10
c,stream,document,100,7,nanopb,0.4.9,756,425,166,1181,1322751.322751,2352941.176471,846740.050804,0,1.0,1,c4a54cdecc67,adapted,2044,11
c,stream,document,100,7,json-c,0.15,8088,8476,460,16564,123639.960435,117980.179330,60371.890848,0,1.0,1,c4a54cdecc67,adapted,2045,12
c,stream,document,100,7,protobuf-c,1.5.0,1459,413,166,1872,685400.959561,2421307.506053,534188.034188,0,1.0,1,c4a54cdecc67,adapted,2046,13
c,stream,document,100,7,cbor-encode,0.11.0,8070,6002,457,14072,123915.737299,166611.129623,71063.104036,0,1.0,1,c4a54cdecc67,adapted,2047,14
c,stream,document,100,7,parson,1.5.3,17137,8259,460,25396,58353.270701,121080.033902,39376.279729,0,1.0,1,c4a54cdecc67,adapted,2048,15
c,stream,document,100,7,cJSON,1.7.18,7447,5712,460,13159,134282.261313,175070.028011,75993.616536,0,1.0,1,c4a54cdecc67,adapted,2049,16
c,stream,document,100,7,msgpack-c,6.0.1,2038,1626,335,3664,490677.134446,615006.150062,272925.764192,0,1.0,1,c4a54cdecc67,adapted,2050,17
c,stream,document,100,7,jansson,2.14,10947,10966,460,21913,91349.228099,91190.953857,45635.011181,0,1.0,1,c4a54cdecc67,adapted,2051,18
c,stream,document,100,8,json-c,0.15,8677,8761,460,17438,115247.205255,114142.221208,57346.025920,0,1.0,1,c4a54cdecc67,adapted,2052,0
c,stream,document,100,8,parson,1.5.3,16136,8234,460,24370,61973.227566,121447.656060,41034.058268,0,1.0,1,c4a54cdecc67,adapted,2053,1
c,stream,document,100,8,yyjson,0.10.0,3843,1642,460,5485,260213.374967,609013.398295,182315.405652,0,1.0,1,c4a54cdecc67,adapted,2054,2
c,stream,document,100,8,mpack,1.1,973,1747,335,2720,1027749.229188,572409.845449,367647.058824,0,1.0,1,c4a54cdecc67,adapted,2055,3
c,stream,document,100,8,flatcc,0.6.1,818,278,236,1096,1222493.887531,3597122.302158,912408.759124,0,1.0,1,c4a54cdecc67,adapted,2056,4
c,stream,document,100,8,protobuf-wire,wire-v2,890,434,166,1324,1123595.505618,2304147.465438,755287.009063,0,1.0,1,c4a54cdecc67,adapted,2057,5
c,stream,document,100,8,nanopb,0.4.9,875,432,166,1307,1142857.142857,2314814.814815,765110.941086,0,1.0,1,c4a54cdecc67,adapted,2058,6
c,stream,document,100,8,custom-binary,v2-1.0,359,283,207,642,2785515.320334,3533568.904594,1557632.398754,0,1.0,1,c4a54cdecc67,adapted,2059,7
c,stream,document,100,8,protobuf-c,1.5.0,790,427,166,1217,1265822.784810,2341920.374707,821692.686935,0,1.0,1,c4a54cdecc67,adapted,2060,8
c,stream,document,100,8,msgpack-c,6.0.1,1347,1435,335,2782,742390.497402,696864.111498,359453.630482,0,1.0,1,c4a54cdecc67,adapted,2061,9
c,stream,document,100,8,jansson,2.14,10940,10619,460,21559,91407.678245,94170.825878,46384.340647,0,1.0,1,c4a54cdecc67,adapted,2062,10
c,stream,document,100,8,cbor-encode,0.11.0,7806,6462,457,14268,128106.584678,154750.851130,70086.907766,0,1.0,1,c4a54cdecc67,adapted,2063,11
c,stream,document,100,8,cJSON,1.7.18,6904,5591,460,12495,144843.568946,178858.880343,80032.012805,0,1.0,1,c4a54cdecc67,adapted,2064,12
c,stream,document,100,8,libbson,1.27.5,4662,2971,577,7633,214500.214500,336587.007742,131010.087777,0,1.0,1,c4a54cdecc67,adapted,2065,13
c,stream,document,100,8,tinycbor,0.6.0,1255,6111,343,7366,796812.749004,163639.338897,135758.892207,0,1.0,1,c4a54cdecc67,adapted,2066,14
c,stream,document,100,8,qcbor,1.5.1,2992,5768,343,8760,334224.598930,173370.319001,114155.251142,0,1.0,1,c4a54cdecc67,adapted,2067,15
c,stream,document,100,8,zcbor,0.9,1744,7464,354,9208,573394.495413,133976.420150,108601.216334,0,1.0,1,c4a54cdecc67,adapted,2068,16
c,stream,document,100,8,ubj,1.0-min,520,347,244,867,1923076.923077,2881844.380403,1153402.537486,0,1.0,1,c4a54cdecc67,adapted,2069,17
c,stream,document,100,8,avro-c,1.11.3,880,789,210,1669,1136363.636364,1267427.122940,599161.174356,0,1.0,1,c4a54cdecc67,adapted,2070,18
c,stream,document,100,9,avro-c,1.11.3,485,488,210,973,2061855.670103,2049180.327869,1027749.229188,0,1.0,1,c4a54cdecc67,adapted,2071,0
c,stream,document,100,9,mpack,1.1,1062,1601,335,2663,941619.585687,624609.618988,375516.334961,0,1.0,1,c4a54cdecc67,adapted,2072,1
c,stream,document,100,9,ubj,1.0-min,339,305,244,644,2949852.507375,3278688.524590,1552795.031056,0,1.0,1,c4a54cdecc67,adapted,2073,2
c,stream,document,100,9,msgpack-c,6.0.1,1302,1427,335,2729,768049.155146,700770.847933,366434.591425,0,1.0,1,c4a54cdecc67,adapted,2074,3
c,stream,document,100,9,protobuf-c,1.5.0,742,421,166,1163,1347708.894879,2375296.912114,859845.227859,0,1.0,1,c4a54cdecc67,adapted,2075,4
c,stream,document,100,9,json-c,0.15,8404,9235,460,17639,118990.956687,108283.703303,56692.556267,0,1.0,1,c4a54cdecc67,adapted,2076,5
c,stream,document,100,9,protobuf-wire,wire-v2,1516,475,166,1991,659630.606860,2105263.157895,502260.170768,0,1.0,1,c4a54cdecc67,adapted,2077,6
c,stream,document,100,9,flatcc,0.6.1,744,316,236,1060,1344086.021505,3164556.962025,943396.226415,0,1.0,1,c4a54cdecc67,adapted,2078,7
c,stream,document,100,9,cJSON,1.7.18,6663,5542,460,12205,150082.545400,180440.274269,81933.633757,0,1.0,1,c4a54cdecc67,adapted,2079,8
c,stream,document,100,9,qcbor,1.5.1,3406,6118,343,9524,293599.530241,163452.108532,104997.900042,0,1.0,1,c4a54cdecc67,adapted,2080,9
c,stream,document,100,9,custom-binary,v2-1.0,500,269,207,769,2000000.000000,3717472.118959,1300390.117035,0,1.0,1,c4a54cdecc67,adapted,2081,10
c,stream,document,100,9,libbson,1.27.5,4128,2949,577,7077,242248.062016,339097.999322,141302.811926,0,1.0,1,c4a54cdecc67,adapted,2082,11
c,stream,document,100,9,parson,1.5.3,16549,8742,460,25291,60426.611880,114390.299703,39539.757226,0,1.0,1,c4a54cdecc67,adapted,2083,12
c,stream,document,100,9,nanopb,0.4.9,1640,484,166,2124,609756.097561,2066115.702479,470809.792844,0,1.0,1,c4a54cdecc67,adapted,2084,13
c,stream,document,100,9,cbor-encode,0.11.0,7816,6122,457,13938,127942.681679,163345.311990,71746.305065,0,1.0,1,c4a54cdecc67,adapted,2085,14
c,stream,document,100,9,zcbor,0.9,1667,7187,354,8854,599880.023995,139140.114095,112943.302462,0,1.0,1,c4a54cdecc67,adapted,2086,15
c,stream,document,100,9,tinycbor,0.6.0,1188,5580,343,6768,841750.841751,179211.469534,147754.137116,0,1.0,1,c4a54cdecc67,adapted,2087,16
c,stream,document,100,9,jansson,2.14,11192,11499,460,22691,89349.535382,86964.083833,44070.336257,0,1.0,1,c4a54cdecc67,adapted,2088,17
c,stream,document,100,9,yyjson,0.10.0,4057,2008,460,6065,246487.552379,498007.968127,164880.461665,0,1.0,1,c4a54cdecc67,adapted,2089,18
c,stream,document,100,10,avro-c,1.11.3,985,730,210,1715,1015228.426396,1369863.013699,583090.379009,0,1.0,1,c4a54cdecc67,adapted,2090,0
c,stream,document,100,10,custom-binary,v2-1.0,381,275,207,656,2624671.916010,3636363.636364,1524390.243902,0,1.0,1,c4a54cdecc67,adapted,2091,1
c,stream,document,100,10,ubj,1.0-min,426,465,244,891,2347417.840376,2150537.634409,1122334.455668,0,1.0,1,c4a54cdecc67,adapted,2092,2
c,stream,document,100,10,libbson,1.27.5,3592,2951,577,6543,278396.436526,338868.180278,152835.090937,0,1.0,1,c4a54cdecc67,adapted,2093,3
c,stream,document,100,10,protobuf-c,1.5.0,780,432,166,1212,1282051.282051,2314814.814815,825082.508251,0,1.0,1,c4a54cdecc67,adapted,2094,4
c,stream,document,100,10,msgpack-c,6.0.1,1398,1550,335,2948,715307.582260,645161.290323,339213.025780,0,1.0,1,c4a54cdecc67,adapted,2095,5
c,stream,document,100,10,parson,1.5.3,16918,9546,460,26464,59108.641683,104755.918709,37787.182588,0,1.0,1,c4a54cdecc67,adapted,2096,6
c,stream,document,100,10,protobuf-wire,wire-v2,1768,410,166,2178,565610.859729,2439024.390244,459136.822773,0,1.0,1,c4a54cdecc67,adapted,2097,7
c,stream,document,100,10,qcbor,1.5.1,2878,5720,343,8598,347463.516331,174825.174825,116306.117702,0,1.0,1,c4a54cdecc67,adapted,2098,8
c,stream,document,100,10,mpack,1.1,900,1914,335,2814,1111111.111111,522466.039707,355366.027008,0,1.0,1,c4a54cdecc67,adapted,2099,9
c,stream,document,100,10,zcbor,0.9,1723,7007,354,8730,580383.052815,142714.428429,114547.537228,0,1.0,1,c4a54cdecc67,adapted,2100,10
c,stream,document,100,10,flatcc,0.6.1,933,345,236,1278,1071811.361200,2898550.724638,782472.613459,0,1.0,1,c4a54cdecc67,adapted,2101,11
c,stream,document,100,10,json-c,0.15,8482,9169,460,17651,117896.722471,109063.147562,56654.013937,0,1.0,1,c4a54cdecc67,adapted,2102,12
c,stream,document,100,10,jansson,2.14,10389,10547,460,20936,96255.655020,94813.691097,47764.615972,0,1.0,1,c4a54cdecc67,adapted,2103,13
c,stream,document,100,10,cJSON,1.7.18,6458,5497,460,11955,154846.701765,181917.409496,83647.009619,0,1.0,1,c4a54cdecc67,adapted,2104,14
c,stream,document,100,10,nanopb,0.4.9,1494,449,166,1943,669344.042838,2227171.492205,514668.039115,0,1.0,1,c4a54cdecc67,adapted,2105,15
c,stream,document,100,10,tinycbor,0.6.0,1305,5734,343,7039,766283.524904,174398.325776,142065.634323,0,1.0,1,c4a54cdecc67,adapted,2106,16
c,stream,document,100,10,yyjson,0.10.0,3089,1947,460,5036,323729.362253,513610.683102,198570.293884,0,1.0,1,c4a54cdecc67,adapted,2107,17
c,stream,document,100,10,cbor-encode,0.11.0,7835,5787,457,13622,127632.418634,172801.105927,73410.659228,0,1.0,1,c4a54cdecc67,adapted,2108,18
c,stream,document,100,11,msgpack-c,6.0.1,1363,1398,335,2761,733675.715334,715307.582260,362187.613184,0,1.0,1,c4a54cdecc67,adapted,2109,0
c,stream,document,100,11,custom-binary,v2-1.0,392,263,207,655,2551020.408163,3802281.368821,1526717.557252,0,1.0,1,c4a54cdecc67,adapted,2110,1
c,stream,document,100,11,nanopb,0.4.9,663,441,166,1104,1508295.625943,2267573.696145,905797.101449,0,1.0,1,c4a54cdecc67,adapted,2111,2
c,stream,document,100,11,libbson,1.27.5,3999,2949,577,6948,250062.515629,339097.999322,143926.309729,0,1.0,1,c4a54cdecc67,adapted,2112,3
c,stream,document,100,11,ubj,1.0-min,466,332,244,798,2145922.746781,3012048.192771,1253132.832080,0,1.0,1,c4a54cdecc67,adapted,2113,4
c,stream,document,100,11,jansson,2.14,10738,9910,460,20648,93127.211771,100908.173562,48430.840759,0,1.0,1,c4a54cdecc67,adapted,2114,5
c,stream,document,100,11,protobuf-c,1.5.0,1454,419,166,1873,687757.909216,2386634.844869,533902.829685,0,1.0,1,c4a54cdecc67,adapted,2115,6
c,stream,document,100,11,mpack,1.1,867,1490,335,2357,1153402.537486,671140.939597,424268.137463,0,1.0,1,c4a54cdecc67,adapted,2116,7
c,stream,document,100,11,yyjson,0.10.0,2757,1612,460,4369,362713.093943,620347.394541,228885.328450,0,1.0,1,c4a54cdecc67,adapted,2117,8
c,stream,document,100,11,qcbor,1.5.1,2876,5871,343,8747,347705.146036,170328.734458,114324.911398,0,1.0,1,c4a54cdecc67,adapted,2118,9
c,stream,document,100,11,json-c,0.15,10694,8303,460,18997,93510.379652,120438.395761,52639.890509,0,1.0,1,c4a54cdecc67,adapted,2119,10
c,stream,document,100,11,flatcc,0.6.1,1319,276,236,1595,758150.113723,3623188.405797,626959.247649,0,1.0,1,c4a54cdecc67,adapted,2120,11
c,stream,document,100,11,zcbor,0.9,1642,7004,354,8646,609013.398295,142775.556825,115660.421004,0,1.0,1,c4a54cdecc67,adapted,2121,12
c,stream,document,100,11,avro-c,1.11.3,1022,956,210,1978,978473.581213,1046025.104603,505561.172902,0,1.0,1,c4a54cdecc67,adapted,2122,13
c,stream,document,100,11,protobuf-wire,wire-v2,765,451,166,1216,1307189.542484,2217294.900222,822368.421053,0,1.0,1,c4a54cdecc67,adapted,2123,14
c,stream,document,100,11,cJSON,1.7.18,6826,5361,460,12187,146498.681512,186532.363365,82054.648396,0,1.0,1,c4a54cdecc67,adapted,2124,15
c,stream,document,100,11,cbor-encode,0.11.0,7787,6133,457,13920,128419.160139,163052.339801,71839.080460,0,1.0,1,c4a54cdecc67,adapted,2125,16
c,stream,document,100,11,tinycbor,0.6.0,1230,5561,343,6791,813008.130081,179823.772703,147253.718156,0,1.0,1,c4a54cdecc67,adapted,2126,17
c,stream,document,100,11,parson,1.5.3,16718,8610,460,25328,59815.767436,116144.018583,39481.996210,0,1.0,1,c4a54cdecc67,adapted,2127,18
c,stream,document,100,12,custom-binary,v2-1.0,1331,282,207,1613,751314.800902,3546099.290780,619962.802232,0,1.0,1,c4a54cdecc67,adapted,2128,0
c,stream,document,100,12,zcbor,0.9,1416,7001,354,8417,706214.689266,142836.737609,118807.175953,0,1.0,1,c4a54cdecc67,adapted,2129,1
c,stream,document,100,12,json-c,0.15,7922,8567,460,16489,126230.749811,116726.975604,60646.491600,0,1.0,1,c4a54cdecc67,adapted,2130,2
c,stream,document,100,12,ubj,1.0-min,1171,331,244,1502,853970.964987,3021148.036254,665778.961385,0,1.0,1,c4a54cdecc67,adapted,2131,3
c,stream,document,100,12,mpack,1.1,878,1640,335,2518,1138952.164009,609756.097561,397140.587768,0,1.0,1,c4a54cdecc67,adapted,2132,4
c,stream,document,100,12,parson,1.5.3,15816,7785,460,23601,63227.111786,128452.151574,42371.085971,0,1.0,1,c4a54cdecc67,adapted,2133,5
c,stream,document,100,12,cbor-encode,0.11.0,8179,6047,457,14226,122264.335493,165371.258475,70293.828202,0,1.0,1,c4a54cdecc67,adapted,2134,6
c,stream,document,100,12,cJSON,1.7.18,6455,5527,460,11982,154918.667699,180929.980098,83458.521115,0,1.0,1,c4a54cdecc67,adapted,2135,7
c,stream,document,100,12,libbson,1.27.5,4380,2892,577,7272,228310.502283,345781.466113,137513.751375,0,1.0,1,c4a54cdecc67,adapted,2136,8
c,stream,document,100,12,flatcc,0.6.1,745,268,236,1013,1342281.879195,3731343.283582,987166.831194,0,1.0,1,c4a54cdecc67,adapted,2137,9
c,stream,document,100,12,jansson,2.14,11889,10392,460,22281,84111.363445,96227.867590,44881.288991,0,1.0,1,c4a54cdecc67,adapted,2138,10
c,stream,document,100,12,tinycbor,0.6.0,1981,5942,343,7923,504795.557799,168293.503871,126214.817620,0,1.0,1,c4a54cdecc67,adapted,2139,11
c,stream,document,100,12,nanopb,0.4.9,901,442,166,1343,1109877.913430,2262443.438914,744601.638124,0,1.0,1,c4a54cdecc67,adapted,2140,12
c,stream,document,100,12,protobuf-c,1.5.0,738,421,166,1159,1355013.550136,2375296.912114,862812.769629,0,1.0,1,c4a54cdecc67,adapted,2141,13
c,stream,document,100,12,avro-c,1.11.3,772,679,210,1451,1295336.787565,1472754.050074,689179.875948,0,1.0,1,c4a54cdecc67,adapted,2142,14
c,stream,document,100,12,qcbor,1.5.1,3025,5583,343,8608,330578.512397,179115.171055,116171.003717,0,1.0,1,c4a54cdecc67,adapted,2143,15
c,stream,document,100,12,protobuf-wire,wire-v2,753,404,166,1157,1328021.248340,2475247.524752,864304.235091,0,1.0,1,c4a54cdecc67,adapted,2144,16
c,stream,document,100,12,msgpack-c,6.0.1,1229,1406,335,2635,813669.650122,711237.553343,379506.641366,0,1.0,1,c4a54cdecc67,adapted,2145,17
c,stream,document,100,12,yyjson,0.10.0,2948,1799,460,4747,339213.025780,555864.369094,210659.363809,0,1.0,1,c4a54cdecc67,adapted,2146,18
c,stream,document,100,13,parson,1.5.3,16136,7750,460,23886,61973.227566,129032.258065,41865.527924,0,1.0,1,c4a54cdecc67,adapted,2147,0
c,stream,document,100,13,protobuf-c,1.5.0,1747,463,166,2210,572409.845449,2159827.213823,452488.687783,0,1.0,1,c4a54cdecc67,adapted,2148,1
c,stream,document,100,13,cbor-encode,0.11.0,7382,5986,457,13368,135464.643728,167056.465085,74805.505685,0,1.0,1,c4a54cdecc67,adapted,2149,2
c,stream,document,100,13,yyjson,0.10.0,2691,1471,460,4162,371609.067261,679809.653297,240269.101394,0,1.0,1,c4a54cdecc67,adapted,2150,3
c,stream,document,100,13,ubj,1.0-min,460,316,244,776,2173913.043478,3164556.962025,1288659.793814,0,1.0,1,c4a54cdecc67,adapted,2151,4
c,stream,document,100,13,msgpack-c,6.0.1,1262,1349,335,2611,792393.026941,741289.844329,382995.021065,0,1.0,1,c4a54cdecc67,adapted,2152,5
c,stream,document,100,13,nanopb,0.4.9,716,385,166,1101,1396648.044693,2597402.597403,908265.213442,0,1.0,1,c4a54cdecc67,adapted,2153,6
c,stream,document,100,13,cJSON,1.7.18,6570,5293,460,11863,152207.001522,188928.773852,84295.709348,0,1.0,1,c4a54cdecc67,adapted,2154,7
c,stream,document,100,13,json-c,0.15,8971,14018,460,22989,111470.293167,71336.852618,43499.064770,0,1.0,1,c4a54cdecc67,adapted,2155,8
c,stream,document,100,13,zcbor,0.9,2446,7295,354,9741,408830.744072,137080.191912,102658.864593,0,1.0,1,c4a54cdecc67,adapted,2156,9
c,stream,document,100,13,libbson,1.27.5,3971,2896,577,6867,251825.736590,345303.867403,145623.998835,0,1.0,1,c4a54cdecc67,adapted,2157,10
c,stream,document,100,13,jansson,2.14,10659,10429,460,21088,93817.431279,95886.470419,47420.333839,0,1.0,1,c4a54cdecc67,adapted,2158,11
c,stream,document,100,13,tinycbor,0.6.0,2076,5909,343,7985,481695.568401,169233.372821,125234.815279,0,1.0,1,c4a54cdecc67,adapted,2159,12
c,stream,document,100,13,flatcc,0.6.1,767,257,236,1024,1303780.964798,3891050.583658,976562.500000,0,1.0,1,c4a54cdecc67,adapted,2160,13
c,stream,document,100,13,mpack,1.1,1047,1662,335,2709,955109.837631,601684.717208,369139.904024,0,1.0,1,c4a54cdecc67,adapted,2161,14
c,stream,document,100,13,qcbor,1.5.1,2835,5632,343,8467,352733.686067,177556.818182,118105.586394,0,1.0,1,c4a54cdecc67,adapted,2162,15
c,stream,document,100,13,custom-binary,v2-1.0,371,285,207,656,2695417.789757,3508771.929825,1524390.243902,0,1.0,1,c4a54cdecc67,adapted,2163,16
c,stream,document,100,13,avro-c,1.11.3,1005,675,210,1680,995024.875622,1481481.481481,595238.095238,0,1.0,1,c4a54cdecc67,adapted,2164,17
c,stream,document,100,13,protobuf-wire,wire-v2,813,562,166,1375,1230012.300123,1779359.430605,727272.727273,0,1.0,1,c4a54cdecc67,adapted,2165,18
c,stream,document,100,14,avro-c,1.11.3,562,463,210,1025,1779359.430605,2159827.213823,975609.756098,0,1.0,1,c4a54cdecc67,adapted,2166,0
c,stream,document,100,14,protobuf-c,1.5.0,745,406,166,1151,1342281.879195,2463054.187192,868809.730669,0,1.0,1,c4a54cdecc67,adapted,2167,1
c,stream,document,100,14,qcbor,1.5.1,2416,5617,343,8033,413907.284768,178030.977390,124486.493215,0,1.0,1,c4a54cdecc67,adapted,2168,2
c,stream,document,100,14,msgpack-c,6.0.1,1150,1364,335,2514,869565.217391,733137.829912,397772.474145,0,1.0,1,c4a54cdecc67,adapted,2169,3
c,stream,document,100,14,ubj,1.0-min,546,345,244,891,1831501.831502,2898550.724638,1122334.455668,0,1.0,1,c4a54cdecc67,adapted,2170,4
c,stream,document,100,14,nanopb,0.4.9,749,397,166,1146,1335113.484646,2518891.687657,872600.349040,0,1.0,1,c4a54cdecc67,adapted,2171,5
c,stream,document,100,14,flatcc,0.6.1,534,248,236,782,1872659.176030,4032258.064516,1278772.378517,0,1.0,1,c4a54cdecc67,adapted,2172,6
c,stream,document,100,14,json-c,0.15,7999,8586,460,16585,125015.626953,116468.669928,60295.447694,0,1.0,1,c4a54cdecc67,adapted,2173,7
c,stream,document,100,14,jansson,2.14,10018,10236,460,20254,99820.323418,97694.411880,49372.963365,0,1.0,1,c4a54cdecc67,adapted,2174,8
c,stream,document,100,14,yyjson,0.10.0,3514,1616,460,5130,284575.981787,618811.881188,194931.773879,0,1.0,1,c4a54cdecc67,adapted,2175,9
c,stream,document,100,14,parson,1.5.3,15944,8014,460,23958,62719.518314,124781.632144,41739.711161,0,1.0,1,c4a54cdecc67,adapted,2176,10
c,stream,document,100,14,custom-binary,v2-1.0,1207,291,207,1498,828500.414250,3436426.116838,667556.742323,0,1.0,1,c4a54cdecc67,adapted,2177,11
c,stream,document,100,14,zcbor,0.9,1869,7258,354,9127,535045.478866,137779.002480,109565.026843,0,1.0,1,c4a54cdecc67,adapted,2178,12
c,stream,document,100,14,mpack,1.1,995,1532,335,2527,1005025.125628,652741.514360,395726.157499,0,1.0,1,c4a54cdecc67,adapted,2179,13
c,stream,document,100,14,libbson,1.27.5,3691,2875,577,6566,270929.287456,347826.086957,152299.725860,0,1.0,1,c4a54cdecc67,adapted,2180,14
c,stream,document,100,14,cJSON,1.7.18,6421,5263,460,11684,155738.981467,190005.700171,85587.127696,0,1.0,1,c4a54cdecc67,adapted,2181,15
c,stream,document,100,14,protobuf-wire,wire-v2,1436,397,166,1833,696378.830084,2518891.687657,545553.737043,0,1.0,1,c4a54cdecc67,adapted,2182,16
c,stream,document,100,14,tinycbor,0.6.0,1342,6022,343,7364,745156.482861,166057.788110,135795.763172,0,1.0,1,c4a54cdecc67,adapted,2183,17
c,stream,document,100,14,cbor-encode,0.11.0,7532,5887,457,13419,132766.861391,169865.806013,74521.201282,0,1.0,1,c4a54cdecc67,adapted,2184,18
c,stream,document,100,15,msgpack-c,6.0.1,1179,1434,335,2613,848176.420696,697350.069735,382701.875239,0,1.0,1,c4a54cdecc67,adapted,2185,0
c,stream,document,100,15,cJSON,1.7.18,6043,4761,460,10804,165480.721496,210039.907582,92558.311736,0,1.0,1,c4a54cdecc67,adapted,2186,1
c,stream,document,100,15,tinycbor,0.6.0,1784,5673,343,7457,560538.116592,176273.576591,134102.185866,0,1.0,1,c4a54cdecc67,adapted,2187,2
c,stream,document,100,15,qcbor,1.5.1,3062,5406,343,8468,326583.932071,184979.652238,118091.639112,0,1.0,1,c4a54cdecc67,adapted,2188,3
c,stream,document,100,15,cbor-encode,0.11.0,7368,5750,457,13118,135722.041260,173913.043478,76231.132795,0,1.0,1,c4a54cdecc67,adapted,2189,4
c,stream,document,100,15,protobuf-wire,wire-v2,689,357,166,1046,1451378.809869,2801120.448179,956022.944551,0,1.0,1,c4a54cdecc67,adapted,2190,5
c,stream,document,100,15,ubj,1.0-min,452,331,244,783,2212389.380531,3021148.036254,1277139.208174,0,1.0,1,c4a54cdecc67,adapted,2191,6
c,stream,document,100,15,parson,1.5.3,15904,7853,460,23757,62877.263581,127339.870113,42092.856842,0,1.0,1,c4a54cdecc67,adapted,2192,7
c,stream,document,100,15,mpack,1.1,2037,1546,335,3583,490918.016691,646830.530401,279095.729835,0,1.0,1,c4a54cdecc67,adapted,2193,8
c,stream,document,100,15,flatcc,0.6.1,682,257,236,939,1466275.659824,3891050.583658,1064962.726305,0,1.0,1,c4a54cdecc67,adapted,2194,9
c,stream,document,100,15,libbson,1.27.5,3810,2628,577,6438,262467.191601,380517.503805,155327.741535,0,1.0,1,c4a54cdecc67,adapted,2195,10
c,stream,document,100,15,nanopb,0.4.9,774,411,166,1185,1291989.664083,2433090.024331,843881.856540,0,1.0,1,c4a54cdecc67,adapted,2196,11
c,stream,document,100,15,zcbor,0.9,1530,7031,354,8561,653594.771242,142227.279192,116808.784021,0,1.0,1,c4a54cdecc67,adapted,2197,12
c,stream,document,100,15,custom-binary,v2-1.0,362,262,207,624,2762430.939227,3816793.893130,1602564.102564,0,1.0,1,c4a54cdecc67,adapted,2198,13
c,stream,document,100,15,json-c,0.15,7923,8376,460,16299,126214.817620,119388.729704,61353.457267,0,1.0,1,c4a54cdecc67,adapted,2199,14
c,stream,document,100,15,avro-c,1.11.3,1327,798,210,2125,753579.502638,1253132.832080,470588.235294,0,1.0,1,c4a54cdecc67,adapted,2200,15
c,stream,document,100,15,jansson,2.14,10506,10203,460,20709,95183.704550,98010.389101,48288.183881,0,1.0,1,c4a54cdecc67,adapted,2201,16
c,stream,document,100,15,yyjson,0.10.0,3436,1594,460,5030,291036.088475,627352.572146,198807.157058,0,1.0,1,c4a54cdecc67,adapted,2202,17
c,stream,document,100,15,protobuf-c,1.5.0,737,435,166,1172,1356852.103121,2298850.574713,853242.320819,0,1.0,1,c4a54cdecc67,adapted,2203,18
c,stream,document,100,16,json-c,0.15,7533,7604,460,15137,132749.236692,131509.731720,66063.288631,0,1.0,1,c4a54cdecc67,adapted,2204,0
c,stream,document,100,16,qcbor,1.5.1,3518,5823,343,9341,284252.416146,171732.783788,107054.919174,0,1.0,1,c4a54cdecc67,adapted,2205,1
c,stream,document,100,16,cbor-encode,0.11.0,7241,5621,457,12862,138102.472034,177904.287493,77748.406158,0,1.0,1,c4a54cdecc67,adapted,2206,2
c,stream,document,100,16,protobuf-wire,wire-v2,763,424,166,1187,1310615.989515,2358490.566038,842459.983151,0,1.0,1,c4a54cdecc67,adapted,2207,3
c,stream,document,100,16,nanopb,0.4.9,727,419,166,1146,1375515.818432,2386634.844869,872600.349040,0,1.0,1,c4a54cdecc67,adapted,2208,4
c,stream,document,100,16,avro-c,1.11.3,593,580,210,1173,1686340.640809,1724137.931034,852514.919011,0,1.0,1,c4a54cdecc67,adapted,2209,5
c,stream,document,100,16,flatcc,0.6.1,641,257,236,898,1560062.402496,3891050.583658,1113585.746102,0,1.0,1,c4a54cdecc67,adapted,2210,6
c,stream,document,100,16,libbson,1.27.5,3550,2803,577,6353,281690.140845,356760.613628,157405.949945,0,1.0,1,c4a54cdecc67,adapted,2211,7
c,stream,document,100,16,msgpack-c,6.0.1,1223,1412,335,2635,817661.488144,708215.297450,379506.641366,0,1.0,1,c4a54cdecc67,adapted,2212,8
c,stream,document,100,16,tinycbor,0.6.0,1247,5691,343,6938,801924.619086,175716.042875,144133.756126,0,1.0,1,c4a54cdecc67,adapted,2213,9
c,stream,document,100,16,mpack,1.1,1076,1567,335,2643,929368.029740,638162.093172,378357.926599,0,1.0,1,c4a54cdecc67,adapted,2214,10
c,stream,document,100,16,parson,1.5.3,16335,8028,460,24363,61218.243036,124564.025909,41045.848212,0,1.0,1,c4a54cdecc67,adapted,2215,11
c,stream,document,100,16,protobuf-c,1.5.0,1689,438,166,2127,592066.311427,2283105.022831,470145.745181,0,1.0,1,c4a54cdecc67,adapted,2216,12
c,stream,document,100,16,custom-binary,v2-1.0,361,260,207,621,2770083.102493,3846153.846154,1610305.958132,0,1.0,1,c4a54cdecc67,adapted,2217,13
c,stream,document,100,16,zcbor,0.9,1522,7198,354,8720,657030.223390,138927.479856,114678.899083,0,1.0,1,c4a54cdecc67,adapted,2218,14
c,stream,document,100,16,jansson,2.14,10443,10286,460,20729,95757.923968,97219.521680,48241.593902,0,1.0,1,c4a54cdecc67,adapted,2219,15
c,stream,document,100,16,ubj,1.0-min,1034,319,244,1353,967117.988395,3134796.238245,739098.300074,0,1.0,1,c4a54cdecc67,adapted,2220,16
c,stream,document,100,16,yyjson,0.10.0,2904,1782,460,4686,344352.617080,561167.227834,213401.621852,0,1.0,1,c4a54cdecc67,adapted,2221,17
c,stream,document,100,16,cJSON,1.7.18,6894,5380,460,12274,145053.669858,185873.605948,81473.032426,0,1.0,1,c4a54cdecc67,adapted,2222,18
c,stream,document,100,17,yyjson,0.10.0,3143,1402,460,4545,318167.356029,713266.761769,220022.002200,0,1.0,1,c4a54cdecc67,adapted,2223,0
c,stream,document,100,17,protobuf-wire,wire-v2,787,521,166,1308,1270648.030496,1919385.796545,764525.993884,0,1.0,1,c4a54cdecc67,adapted,2224,1
c,stream,document,100,17,zcbor,0.9,1471,7085,354,8556,679809.653297,141143.260409,116877.045348,0,1.0,1,c4a54cdecc67,adapted,2225,2
c,stream,document,100,17,flatcc,0.6.1,755,259,236,1014,1324503.311258,3861003.861004,986193.293886,0,1.0,1,c4a54cdecc67,adapted,2226,3
c,stream,document,100,17,cJSON,1.7.18,6130,4623,460,10753,163132.137031,216309.755570,92997.303078,0,1.0,1,c4a54cdecc67,adapted,2227,4
c,stream,document,100,17,nanopb,0.4.9,1475,480,166,1955,677966.101695,2083333.333333,511508.951407,0,1.0,1,c4a54cdecc67,adapted,2228,5
c,stream,document,100,17,custom-binary,v2-1.0,335,276,207,611,2985074.626866,3623188.405797,1636661.211129,0,1.0,1,c4a54cdecc67,adapted,2229,6
c,stream,document,100,17,json-c,0.15,8349,8933,460,17282,119774.823332,111944.475540,57863.673186,0,1.0,1,c4a54cdecc67,adapted,2230,7
c,stream,document,100,17,mpack,1.1,1682,1795,335,3477,594530.321046,557103.064067,287604.256543,0,1.0,1,c4a54cdecc67,adapted,2231,8
c,stream,document,100,17,parson,1.5.3,16854,8040,460,24894,59333.096001,124378.109453,40170.322166,0,1.0,1,c4a54cdecc67,adapted,2232,9
c,stream,document,100,17,msgpack-c,6.0.1,2303,1545,335,3848,434216.239687,647249.190939,259875.259875,0,1.0,1,c4a54cdecc67,adapted,2233,10
c,stream,document,100,17,jansson,2.14,10490,10127,460,20617,95328.884652,98745.926731,48503.662026,0,1.0,1,c4a54cdecc67,adapted,2234,11
c,stream,document,100,17,tinycbor,0.6.0,1968,6419,343,8387,508130.081301,155787.505842,119232.144986,0,1.0,1,c4a54cdecc67,adapted,2235,12
c,stream,document,100,17,avro-c,1.11.3,780,699,210,1479,1282051.282051,1430615.164521,676132.521974,0,1.0,1,c4a54cdecc67,adapted,2236,13
c,stream,document,100,17,cbor-encode,0.11.0,7861,5779,457,13640,127210.278591,173040.318394,73313.782991,0,1.0,1,c4a54cdecc67,adapted,2237,14
c,stream,document,100,17,protobuf-c,1.5.0,752,425,166,1177,1329787.234043,2352941.176471,849617.672048,0,1.0,1,c4a54cdecc67,adapted,2238,15
c,stream,document,100,17,ubj,1.0-min,465,326,244,791,2150537.634409,3067484.662577,1264222.503161,0,1.0,1,c4a54cdecc67,adapted,2239,16
c,stream,document,100,17,qcbor,1.5.1,3081,5747,343,8828,324569.944823,174003.828084,113275.940190,0,1.0,1,c4a54cdecc67,adapted,2240,17
c,stream,document,100,17,libbson,1.27.5,4107,3310,577,7417,243486.729973,302114.803625,134825.401106,0,1.0,1,c4a54cdecc67,adapted,2241,18
c,stream,document,100,18,parson,1.5.3,16717,7463,460,24180,59819.345576,133994.372236,41356.492969,0,1.0,1,c4a54cdecc67,adapted,2242,0
c,stream,document,100,18,libbson,1.27.5,4362,2676,577,7038,229252.636405,373692.077728,142085.819835,0,1.0,1,c4a54cdecc67,adapted,2243,1
c,stream,document,100,18,json-c,0.15,8296,8888,460,17184,120540.019286,112511.251125,58193.668529,0,1.0,1,c4a54cdecc67,adapted,2244,2
c,stream,document,100,18,qcbor,1.5.1,3416,5821,343,9237,292740.046838,171791.788353,108260.257659,0,1.0,1,c4a54cdecc67,adapted,2245,3
c,stream,document,100,18,cJSON,1.7.18,7079,5313,460,12392,141262.890239,188217.579522,80697.224015,0,1.0,1,c4a54cdecc67,adapted,2246,4
c,stream,document,100,18,mpack,1.1,1552,1600,335,3152,644329.896907,625000.000000,317258.883249,0,1.0,1,c4a54cdecc67,adapted,2247,5
c,stream,document,100,18,tinycbor,0.6.0,1205,5720,343,6925,829875.518672,174825.174825,144404.332130,0,1.0,1,c4a54cdecc67,adapted,2248,6
c,stream,document,100,18,msgpack-c,6.0.1,1194,1437,335,2631,837520.938023,695894.224078,380083.618396,0,1.0,1,c4a54cdecc67,adapted,2249,7
c,stream,document,100,18,yyjson,0.10.0,2754,1817,460,4571,363108.206245,550357.732526,218770.509735,0,1.0,1,c4a54cdecc67,adapted,2250,8
c,stream,document,100,18,nanopb,0.4.9,784,441,166,1225,1275510.204082,2267573.696145,816326.530612,0,1.0,1,c4a54cdecc67,adapted,2251,9
c,stream,document,100,18,custom-binary,v2-1.0,343,295,207,638,2915451.895044,3389830.508475,1567398.119122,0,1.0,1,c4a54cdecc67,adapted,2252,10
c,stream,document,100,18,flatcc,0.6.1,875,267,236,1142,1142857.142857,3745318.352060,875656.742557,0,1.0,1,c4a54cdecc67,adapted,2253,11
c,stream,document,100,18,ubj,1.0-min,485,337,244,822,2061855.670103,2967359.050445,1216545.012165,0,1.0,1,c4a54cdecc67,adapted,2254,12
c,stream,document,100,18,zcbor,0.9,1552,7186,354,8738,644329.896907,139159.476760,114442.664225,0,1.0,1,c4a54cdecc67,adapted,2255,13
c,stream,document,100,18,avro-c,1.11.3,909,670,210,1579,1100110.011001,1492537.313433,633312.222926,0,1.0,1,c4a54cdecc67,adapted,2256,14
c,stream,document,100,18,cbor-encode,0.11.0,7860,5921,457,13781,127226.463104,168890.390137,72563.674624,0,1.0,1,c4a54cdecc67,adapted,2257,15
c,stream,document,100,18,protobuf-wire,wire-v2,805,503,166,1308,1242236.024845,1988071.570577,764525.993884,0,1.0,1,c4a54cdecc67,adapted,2258,16
c,stream,document,100,18,protobuf-c,1.5.0,723,424,166,1147,1383125.864454,2358490.566038,871839.581517,0,1.0,1,c4a54cdecc67,adapted,2259,17
c,stream,document,100,18,jansson,2.14,10504,10168,460,20672,95201.827875,98347.757671,48374.613003,0,1.0,1,c4a54cdecc67,adapted,2260,18
c,stream,document,100,19,protobuf-wire,wire-v2,1290,448,166,1738,775193.798450,2232142.857143,575373.993096,0,1.0,1,c4a54cdecc67,adapted,2261,0
c,stream,document,100,19,yyjson,0.10.0,2697,1445,460,4142,370782.350760,692041.522491,241429.261226,0,1.0,1,c4a54cdecc67,adapted,2262,1
c,stream,document,100,19,avro-c,1.11.3,537,572,210,1109,1862197.392924,1748251.748252,901713.255185,0,1.0,1,c4a54cdecc67,adapted,2263,2
c,stream,document,100,19,libbson,1.27.5,3620,2975,577,6595,276243.093923,336134.453782,151630.022745,0,1.0,1,c4a54cdecc67,adapted,2264,3
c,stream,document,100,19,jansson,2.14,9903,9608,460,19511,100979.501161,104079.933389,51253.139255,0,1.0,1,c4a54cdecc67,adapted,2265,4
c,stream,document,100,19,flatcc,0.6.1,1268,275,236,1543,788643.533123,3636363.636364,648088.139987,0,1.0,1,c4a54cdecc67,adapted,2266,5
c,stream,document,100,19,tinycbor,0.6.0,1222,5729,343,6951,818330.605565,174550.532379,143864.192203,0,1.0,1,c4a54cdecc67,adapted,2267,6
c,stream,document,100,19,cJSON,1.7.18,6755,5510,460,12265,148038.490007,181488.203267,81532.816959,0,1.0,1,c4a54cdecc67,adapted,2268,7
c,stream,document,100,19,mpack,1.1,1696,1564,335,3260,589622.641509,639386.189258,306748.466258,0,1.0,1,c4a54cdecc67,adapted,2269,8
c,stream,document,100,19,protobuf-c,1.5.0,718,392,166,1110,1392757.660167,2551020.408163,900900.900901,0,1.0,1,c4a54cdecc67,adapted,2270,9
c,stream,document,100,19,json-c,0.15,11465,8793,460,20258,87221.979939,113726.828159,49363.214533,0,1.0,1,c4a54cdecc67,adapted,2271,10
c,stream,document,100,19,zcbor,0.9,2325,7221,354,9546,430107.526882,138484.974380,104755.918709,0,1.0,1,c4a54cdecc67,adapted,2272,11
c,stream,document,100,19,ubj,1.0-min,449,323,244,772,2227171.492205,3095975.232198,1295336.787565,0,1.0,1,c4a54cdecc67,adapted,2273,12
c,stream,document,100,19,custom-binary,v2-1.0,378,262,207,640,2645502.645503,3816793.893130,1562500.000000,0,1.0,1,c4a54cdecc67,adapted,2274,13
c,stream,document,100,19,parson,1.5.3,16496,8094,460,24590,60620.756547,123548.307388,40666.937780,0,1.0,1,c4a54cdecc67,adapted,2275,14
c,stream,document,100,19,cbor-encode,0.11.0,8003,5934,457,13937,124953.142572,168520.390967,71751.452967,0,1.0,1,c4a54cdecc67,adapted,2276,15
c,stream,document,100,19,qcbor,1.5.1,2885,5859,343,8744,346620.450607,170677.590032,114364.135407,0,1.0,1,c4a54cdecc67,adapted,2277,16
c,stream,document,100,19,msgpack-c,6.0.1,1628,1729,335,3357,614250.614251,578368.999422,297885.016384,0,1.0,1,c4a54cdecc67,adapted,2278,17
c,stream,document,100,19,nanopb,0.4.9,717,431,166,1148,1394700.139470,2320185.614849,871080.139373,0,1.0,1,c4a54cdecc67,adapted,2279,18
c,stream,document,100,20,protobuf-wire,wire-v2,756,442,166,1198,1322751.322751,2262443.438914,834724.540902,0,1.0,1,c4a54cdecc67,adapted,2280,0
c,stream,document,100,20,tinycbor,0.6.0,1183,5699,343,6882,845308.537616,175469.380593,145306.596920,0,1.0,1,c4a54cdecc67,adapted,2281,1
c,stream,document,100,20,qcbor,1.5.1,2528,5647,343,8175,395569.620253,177085.177971,122324.159021,0,1.0,1,c4a54cdecc67,adapted,2282,2
c,stream,document,100,20,cbor-encode,0.11.0,6984,5861,457,12845,143184.421535,170619.348234,77851.304009,0,1.0,1,c4a54cdecc67,adapted,2283,3
c,stream,document,100,20,parson,1.5.3,15442,7834,460,23276,64758.450978,127648.710748,42962.708369,0,1.0,1,c4a54cdecc67,adapted,2284,4
c,stream,document,100,20,libbson,1.27.5,5036,2817,577,7853,198570.293884,354987.575435,127339.870113,0,1.0,1,c4a54cdecc67,adapted,2285,5
c,stream,document,100,20,mpack,1.1,903,1639,335,2542,1107419.712071,610128.126907,393391.030685,0,1.0,1,c4a54cdecc67,adapted,2286,6
c,stream,document,100,20,flatcc,0.6.1,1165,282,236,1447,858369.098712,3546099.290780,691085.003455,0,1.0,1,c4a54cdecc67,adapted,2287,7
c,stream,document,100,20,cJSON,1.7.18,6670,5240,460,11910,149925.037481,190839.694656,83963.056255,0,1.0,1,c4a54cdecc67,adapted,2288,8
c,stream,document,100,20,nanopb,0.4.9,1363,426,166,1789,733675.715334,2347417.840376,558971.492454,0,1.0,1,c4a54cdecc67,adapted,2289,9
c,stream,document,100,20,avro-c,1.11.3,1071,670,210,1741,933706.816060,1492537.313433,574382.538771,0,1.0,1,c4a54cdecc67,adapted,2290,10
c,stream,document,100,20,zcbor,0.9,1569,7220,354,8789,637348.629700,138504.155125,113778.586870,0,1.0,1,c4a54cdecc67,adapted,2291,11
c,stream,document,100,20,ubj,1.0-min,424,314,244,738,2358490.566038,3184713.375796,1355013.550136,0,1.0,1,c4a54cdecc67,adapted,2292,12
c,stream,document,100,20,msgpack-c,6.0.1,1165,1379,335,2544,858369.098712,725163.161711,393081.761006,0,1.0,1,c4a54cdecc67,adapted,2293,13
c,stream,document,100,20,custom-binary,v2-1.0,363,256,207,619,2754820.936639,3906250.000000,1615508.885299,0,1.0,1,c4a54cdecc67,adapted,2294,14
c,stream,document,100,20,protobuf-c,1.5.0,765,389,166,1154,1307189.542484,2570694.087404,866551.126516,0,1.0,1,c4a54cdecc67,adapted,2295,15
c,stream,document,100,20,json-c,0.15,8040,8958,460,16998,124378.109453,111632.060728,58830.450641,0,1.0,1,c4a54cdecc67,adapted,2296,16
c,stream,document,100,20,jansson,2.14,11370,10236,460,21606,87950.747581,97694.411880,46283.439785,0,1.0,1,c4a54cdecc67,adapted,2297,17
c,stream,document,100,20,yyjson,0.10.0,3550,1829,460,5379,281690.140845,546746.856206,185908.161368,0,1.0,1,c4a54cdecc67,adapted,2298,18
c,stream,document,100,21,qcbor,1.5.1,2741,5867,343,8608,364830.353885,170444.861087,116171.003717,0,1.0,1,c4a54cdecc67,adapted,2299,0
c,stream,document,100,21,protobuf-wire,wire-v2,763,425,166,1188,1310615.989515,2352941.176471,841750.841751,0,1.0,1,c4a54cdecc67,adapted,2300,1
c,stream,document,100,21,nanopb,0.4.9,695,408,166,1103,1438848.920863,2450980.392157,906618.313690,0,1.0,1,c4a54cdecc67,adapted,2301,2
c,stream,document,100,21,libbson,1.27.5,3534,2680,577,6214,282965.478212,373134.328358,160926.939170,0,1.0,1,c4a54cdecc67,adapted,2302,3
c,stream,document,100,21,flatcc,0.6.1,659,254,236,913,1517450.682853,3937007.874016,1095290.251917,0,1.0,1,c4a54cdecc67,adapted,2303,4
c,stream,document,100,21,msgpack-c,6.0.1,1227,1377,335,2604,814995.925020,726216.412491,384024.577573,0,1.0,1,c4a54cdecc67,adapted,2304,5
c,stream,document,100,21,custom-binary,v2-1.0,330,275,207,605,3030303.030303,3636363.636364,1652892.561983,0,1.0,1,c4a54cdecc67,adapted,2305,6
c,stream,document,100,21,avro-c,1.11.3,1094,587,210,1681,914076.782450,1703577.512777,594883.997620,0,1.0,1,c4a54cdecc67,adapted,2306,7
c,stream,document,100,21,ubj,1.0-min,435,311,244,746,2298850.574713,3215434.083601,1340482.573727,0,1.0,1,c4a54cdecc67,adapted,2307,8
c,stream,document,100,21,protobuf-c,1.5.0,737,498,166,1235,1356852.103121,2008032.128514,809716.599190,0,1.0,1,c4a54cdecc67,adapted,2308,9
c,stream,document,100,21,json-c,0.15,7999,8424,460,16423,125015.626953,118708.452042,60890.214942,0,1.0,1,c4a54cdecc67,adapted,2309,10
c,stream,document,100,21,mpack,1.1,1584,1642,335,3226,631313.131313,609013.398295,309981.401116,0,1.0,1,c4a54cdecc67,adapted,2310,11
c,stream,document,100,21,cbor-encode,0.11.0,7544,5856,457,13400,132555.673383,170765.027322,74626.865672,0,1.0,1,c4a54cdecc67,adapted,2311,12
c,stream,document,100,21,yyjson,0.10.0,2545,1469,460,4014,392927.308448,680735.194010,249128.051819,0,1.0,1,c4a54cdecc67,adapted,2312,13
c,stream,document,100,21,tinycbor,0.6.0,1208,5614,343,6822,827814.569536,178126.113288,146584.579302,0,1.0,1,c4a54cdecc67,adapted,2313,14
c,stream,document,100,21,cJSON,1.7.18,6455,5649,460,12104,154918.667699,177022.481855,82617.316590,0,1.0,1,c4a54cdecc67,adapted,2314,15
c,stream,document,100,21,zcbor,0.9,2301,6980,354,9281,434593.654933,143266.475645,107747.010020,0,1.0,1,c4a54cdecc67,adapted,2315,16
c,stream,document,100,21,jansson,2.14,10569,10157,460,20726,94616.330779,98454.267993,48248.576667,0,1.0,1,c4a54cdecc67,adapted,2316,17
c,stream,document,100,21,parson,1.5.3,15815,8104,460,23919,63231.109706,123395.853899,41807.767883,0,1.0,1,c4a54cdecc67,adapted,2317,18
c,stream,document,100,22,cbor-encode,0.11.0,7584,5908,457,13492,131856.540084,169262.017603,74117.995849,0,1.0,1,c4a54cdecc67,adapted,2318,0
c,stream,document,100,22,mpack,1.1,894,1539,335,2433,1118568.232662,649772.579597,411015.207563,0,1.0,1,c4a54cdecc67,adapted,2319,1
c,stream,document,100,22,flatcc,0.6.1,689,263,236,952,1451378.809869,3802281.368821,1050420.168067,0,1.0,1,c4a54cdecc67,adapted,2320,2
c,stream,document,100,22,json-c,0.15,8302,8614,460,16916,120452.902915,116090.085907,59115.630173,0,1.0,1,c4a54cdecc67,adapted,2321,3
c,stream,document,100,22,custom-binary,v2-1.0,1045,277,207,1322,956937.799043,3610108.303249,756429.652042,0,1.0,1,c4a54cdecc67,adapted,2322,4
c,stream,document,100,22,protobuf-c,1.5.0,781,560,166,1341,1280409.731114,1785714.285714,745712.155108,0,1.0,1,c4a54cdecc67,adapted,2323,5
c,stream,document,100,22,ubj,1.0-min,711,319,244,1030,1406469.760900,3134796.238245,970873.786408,0,1.0,1,c4a54cdecc67,adapted,2324,6
c,stream,document,100,22,protobuf-wire,wire-v2,767,408,166,1175,1303780.964798,2450980.392157,851063.829787,0,1.0,1,c4a54cdecc67,adapted,2325,7
c,stream,document,100,22,libbson,1.27.5,3495,2774,577,6269,286123.032904,360490.266763,159515.074175,0,1.0,1,c4a54cdecc67,adapted,2326,8
c,stream,document,100,22,cJSON,1.7.18,6440,5100,460,11540,155279.503106,196078.431373,86655.112652,0,1.0,1,c4a54cdecc67,adapted,2327,9
c,stream,document,100,22,avro-c,1.11.3,1537,613,210,2150,650618.087183,1631321.370310,465116.279070,0,1.0,1,c4a54cdecc67,adapted,2328,10
c,stream,document,100,22,jansson,2.14,9976,10132,460,20108,100240.577386,98697.197000,49731.450169,0,1.0,1,c4a54cdecc67,adapted,2329,11
c,stream,document,100,22,parson,1.5.3,15674,7387,460,23061,63799.923440,135372.952484,43363.253979,0,1.0,1,c4a54cdecc67,adapted,2330,12
c,stream,document,100,22,yyjson,0.10.0,3644,1559,460,5203,274423.710209,641436.818473,192196.809533,0,1.0,1,c4a54cdecc67,adapted,2331,13
c,stream,document,100,22,tinycbor,0.6.0,1189,5760,343,6949,841042.893188,173611.111111,143905.597928,0,1.0,1,c4a54cdecc67,adapted,2332,14
c,stream,document,100,22,zcbor,0.9,1630,6703,354,8333,613496.932515,149186.931225,120004.800192,0,1.0,1,c4a54cdecc67,adapted,2333,15
c,stream,document,100,22,qcbor,1.5.1,3078,5618,343,8696,324886.289799,177999.288003,114995.400184,0,1.0,1,c4a54cdecc67,adapted,2334,16
c,stream,document,100,22,nanopb,0.4.9,780,416,166,1196,1282051.282051,2403846.153846,836120.401338,0,1.0,1,c4a54cdecc67,adapted,2335,17
c,stream,document,100,22,msgpack-c,6.0.1,1228,1457,335,2685,814332.247557,686341.798216,372439.478585,0,1.0,1,c4a54cdecc67,adapted,2336,18
c,stream,document,100,23,tinycbor,0.6.0,946,5688,343,6634,1057082.452431,175808.720113,150738.619234,0,1.0,1,c4a54cdecc67,adapted,2337,0
c,stream,document,100,23,cJSON,1.7.18,6654,5065,460,11719,150285.542531,197433.366239,85331.512928,0,1.0,1,c4a54cdecc67,adapted,2338,1
c,stream,document,100,23,jansson,2.14,9539,9695,460,19234,104832.791697,103145.951521,51991.265467,0,1.0,1,c4a54cdecc67,adapted,2339,2
c,stream,document,100,23,nanopb,0.4.9,1293,393,166,1686,773395.204950,2544529.262087,593119.810202,0,1.0,1,c4a54cdecc67,adapted,2340,3
c,stream,document,100,23,qcbor,1.5.1,2672,5762,343,8434,374251.497006,173550.850399,118567.702158,0,1.0,1,c4a54cdecc67,adapted,2341,4
c,stream,document,100,23,flatcc,0.6.1,732,262,236,994,1366120.218579,3816793.893130,1006036.217304,0,1.0,1,c4a54cdecc67,adapted,2342,5
c,stream,document,100,23,ubj,1.0-min,432,314,244,746,2314814.814815,3184713.375796,1340482.573727,0,1.0,1,c4a54cdecc67,adapted,2343,6
c,stream,document,100,23,json-c,0.15,8286,8871,460,17157,120685.493604,112726.862811,58285.248004,0,1.0,1,c4a54cdecc67,adapted,2344,7
c,stream,document,100,23,mpack,1.1,1615,1614,335,3229,619195.046440,619578.686493,309693.403531,0,1.0,1,c4a54cdecc67,adapted,2345,8
c,stream,document,100,23,cbor-encode,0.11.0,9843,5903,457,15746,101595.042162,169405.387091,63508.192557,0,1.0,1,c4a54cdecc67,adapted,2346,9
c,stream,document,100,23,zcbor,0.9,1507,7098,354,8605,663570.006636,140884.756269,116211.504939,0,1.0,1,c4a54cdecc67,adapted,2347,10
c,stream,document,100,23,avro-c,1.11.3,729,633,210,1362,1371742.112483,1579778.830964,734214.390602,0,1.0,1,c4a54cdecc67,adapted,2348,11
c,stream,document,100,23,protobuf-c,1.5.0,758,428,166,1186,1319261.213720,2336448.598131,843170.320405,0,1.0,1,c4a54cdecc67,adapted,2349,12
c,stream,document,100,23,protobuf-wire,wire-v2,738,415,166,1153,1355013.550136,2409638.554217,867302.688638,0,1.0,1,c4a54cdecc67,adapted,2350,13
c,stream,document,100,23,custom-binary,v2-1.0,340,280,207,620,2941176.470588,3571428.571429,1612903.225806,0,1.0,1,c4a54cdecc67,adapted,2351,14
c,stream,document,100,23,msgpack-c,6.0.1,1211,1350,335,2561,825763.831544,740740.740741,390472.471691,0,1.0,1,c4a54cdecc67,adapted,2352,15
c,stream,document,100,23,libbson,1.27.5,3914,2947,577,6861,255493.101686,339328.130302,145751.348200,0,1.0,1,c4a54cdecc67,adapted,2353,16
c,stream,document,100,23,yyjson,0.10.0,2711,1601,460,4312,368867.576540,624609.618988,231910.946197,0,1.0,1,c4a54cdecc67,adapted,2354,17
c,stream,document,100,23,parson,1.5.3,15993,7657,460,23650,62527.355718,130599.451482,42283.298097,0,1.0,1,c4a54cdecc67,adapted,2355,18
c,stream,document,100,24,json-c,0.15,8640,9093,460,17733,115740.740741,109974.705818,56392.037444,0,1.0,1,c4a54cdecc67,adapted,2356,0
c,stream,document,100,24,jansson,2.14,10447,10017,460,20464,95721.259692,99830.288510,48866.301798,0,1.0,1,c4a54cdecc67,adapted,2357,1
c,stream,document,100,24,zcbor,0.9,2287,7482,354,9769,437254.044600,133654.103181,102364.622786,0,1.0,1,c4a54cdecc67,adapted,2358,2
c,stream,document,100,24,libbson,1.27.5,3765,2822,577,6587,265604.249668,354358.610914,151814.179444,0,1.0,1,c4a54cdecc67,adapted,2359,3
c,stream,document,100,24,tinycbor,0.6.0,1313,5895,343,7208,761614.623001,169635.284139,138734.739179,0,1.0,1,c4a54cdecc67,adapted,2360,4
c,stream,document,100,24,ubj,1.0-min,411,356,244,767,2433090.024331,2808988.764045,1303780.964798,0,1.0,1,c4a54cdecc67,adapted,2361,5
c,stream,document,100,24,avro-c,1.11.3,748,642,210,1390,1336898.395722,1557632.398754,719424.460432,0,1.0,1,c4a54cdecc67,adapted,2362,6
c,stream,document,100,24,protobuf-wire,wire-v2,797,468,166,1265,1254705.144291,2136752.136752,790513.833992,0,1.0,1,c4a54cdecc67,adapted,2363,7
c,stream,document,100,24,nanopb,0.4.9,803,439,166,1242,1245330.012453,2277904.328018,805152.979066,0,1.0,1,c4a54cdecc67,adapted,2364,8
c,stream,document,100,24,qcbor,1.5.1,23669,5798,343,29467,42249.355697,172473.266644,33936.267689,0,1.0,1,c4a54cdecc67,adapted,2365,9
c,stream,document,100,24,cbor-encode,0.11.0,7846,5863,457,13709,127453.479480,170561.146171,72944.780801,0,1.0,1,c4a54cdecc67,adapted,2366,10
c,stream,document,100,24,flatcc,0.6.1,797,300,236,1097,1254705.144291,3333333.333333,911577.028259,0,1.0,1,c4a54cdecc67,adapted,2367,11
c,stream,document,100,24,yyjson,0.10.0,3142,1860,460,5002,318268.618714,537634.408602,199920.031987,0,1.0,1,c4a54cdecc67,adapted,2368,12
c,stream,document,100,24,custom-binary,v2-1.0,403,287,207,690,2481389.578164,3484320.557491,1449275.362319,0,1.0,1,c4a54cdecc67,adapted,2369,13
c,stream,document,100,24,protobuf-c,1.5.0,789,458,166,1247,1267427.122940,2183406.113537,801924.619086,0,1.0,1,c4a54cdecc67,adapted,2370,14
c,stream,document,100,24,mpack,1.1,1017,1752,335,2769,983284.169125,570776.255708,361141.206212,0,1.0,1,c4a54cdecc67,adapted,2371,15
c,stream,document,100,24,parson,1.5.3,17670,8798,460,26468,56593.095642,113662.195954,37781.471966,0,1.0,1,c4a54cdecc67,adapted,2372,16
c,stream,document,100,24,msgpack-c,6.0.1,2309,1540,335,3849,433087.916847,649350.649351,259807.742271,0,1.0,1,c4a54cdecc67,adapted,2373,17
c,stream,document,100,24,cJSON,1.7.18,7400,6118,460,13518,135135.135135,163452.108532,73975.440154,0,1.0,1,c4a54cdecc67,adapted,2374,18
c,stream,document,100,25,custom-binary,v2-1.0,1039,271,207,1310,962463.907603,3690036.900369,763358.778626,0,1.0,1,c4a54cdecc67,adapted,2375,0
c,stream,document,100,25,ubj,1.0-min,520,332,244,852,1923076.923077,3012048.192771,1173708.920188,0,1.0,1,c4a54cdecc67,adapted,2376,1
c,stream,document,100,25,tinycbor,0.6.0,1226,5906,343,7132,815660.685155,169319.336268,140213.123948,0,1.0,1,c4a54cdecc67,adapted,2377,2
c,stream,document,100,25,parson,1.5.3,16060,16988,460,33048,62266.500623,58865.081234,30259.017187,0,1.0,1,c4a54cdecc67,adapted,2378,3
c,stream,document,100,25,flatcc,0.6.1,1829,295,236,2124,546746.856206,3389830.508475,470809.792844,0,1.0,1,c4a54cdecc67,adapted,2379,4
c,stream,document,100,25,mpack,1.1,942,1660,335,2602,1061571.125265,602409.638554,384319.754035,0,1.0,1,c4a54cdecc67,adapted,2380,5
c,stream,document,100,25,json-c,0.15,8746,9159,460,17905,114337.983078,109182.225134,55850.321139,0,1.0,1,c4a54cdecc67,adapted,2381,6
c,stream,document,100,25,protobuf-c,1.5.0,1517,489,166,2006,659195.781147,2044989.775051,498504.486540,0,1.0,1,c4a54cdecc67,adapted,2382,7
c,stream,document,100,25,avro-c,1.11.3,817,660,210,1477,1223990.208078,1515151.515152,677048.070413,0,1.0,1,c4a54cdecc67,adapted,2383,8
c,stream,document,100,25,jansson,2.14,11174,10664,460,21838,89493.466977,93773.443361,45791.739170,0,1.0,1,c4a54cdecc67,adapted,2384,9
c,stream,document,100,25,cJSON,1.7.18,6461,5781,460,12242,154774.802662,172980.453209,81685.999020,0,1.0,1,c4a54cdecc67,adapted,2385,10
c,stream,document,100,25,zcbor,0.9,2288,7427,354,9715,437062.937063,134643.866972,102933.607823,0,1.0,1,c4a54cdecc67,adapted,2386,11
c,stream,document,100,25,qcbor,1.5.1,3096,5761,343,8857,322997.416021,173580.975525,112905.046856,0,1.0,1,c4a54cdecc67,adapted,2387,12
c,stream,document,100,25,msgpack-c,6.0.1,1326,1469,335,2795,754147.812971,680735.194010,357781.753131,0,1.0,1,c4a54cdecc67,adapted,2388,13
c,stream,document,100,25,libbson,1.27.5,3771,3141,577,6912,265181.649430,318369.945877,144675.925926,0,1.0,1,c4a54cdecc67,adapted,2389,14
c,stream,document,100,25,cbor-encode,0.11.0,8044,5977,457,14021,124316.260567,167308.014054,71321.589045,0,1.0,1,c4a54cdecc67,adapted,2390,15
c,stream,document,100,25,protobuf-wire,wire-v2,832,490,166,1322,1201923.076923,2040816.326531,756429.652042,0,1.0,1,c4a54cdecc67,adapted,2391,16
c,stream,document,100,25,nanopb,0.4.9,802,442,166,1244,1246882.793017,2262443.438914,803858.520900,0,1.0,1,c4a54cdecc67,adapted,2392,17
c,stream,document,100,25,yyjson,0.10.0,2997,1955,460,4952,333667.000334,511508.951407,201938.610662,0,1.0,1,c4a54cdecc67,adapted,2393,18
c,stream,document,100,26,zcbor,0.9,1558,7315,354,8873,641848.523748,136705.399863,112701.453849,0,1.0,1,c4a54cdecc67,adapted,2394,0
c,stream,document,100,26,cJSON,1.7.18,6883,5692,460,12575,145285.485980,175685.172171,79522.862823,0,1.0,1,c4a54cdecc67,adapted,2395,1
c,stream,document,100,26,flatcc,0.6.1,1482,297,236,1779,674763.832659,3367003.367003,562113.546936,0,1.0,1,c4a54cdecc67,adapted,2396,2
c,stream,document,100,26,parson,1.5.3,16683,8661,460,25344,59941.257568,115460.108533,39457.070707,0,1.0,1,c4a54cdecc67,adapted,2397,3
c,stream,document,100,26,nanopb,0.4.9,1664,415,166,2079,600961.538462,2409638.554217,481000.481000,0,1.0,1,c4a54cdecc67,adapted,2398,4
c,stream,document,100,26,yyjson,0.10.0,2723,1551,460,4274,367242.012486,644745.325596,233972.859148,0,1.0,1,c4a54cdecc67,adapted,2399,5
c,stream,document,100,26,msgpack-c,6.0.1,1227,1404,335,2631,814995.925020,712250.712251,380083.618396,0,1.0,1,c4a54cdecc67,adapted,2400,6
c,stream,document,100,26,qcbor,1.5.1,2852,6087,343,8939,350631.136045,164284.540825,111869.336615,0,1.0,1,c4a54cdecc67,adapted,2401,7
c,stream,document,100,26,protobuf-wire,wire-v2,778,456,166,1234,1285347.043702,2192982.456140,810372.771475,0,1.0,1,c4a54cdecc67,adapted,2402,8
c,stream,document,100,26,avro-c,1.11.3,778,634,210,1412,1285347.043702,1577287.066246,708215.297450,0,1.0,1,c4a54cdecc67,adapted,2403,9
c,stream,document,100,26,jansson,2.14,10962,10441,460,21403,91224.229155,95776.266641,46722.422090,0,1.0,1,c4a54cdecc67,adapted,2404,10
c,stream,document,100,26,json-c,0.15,9422,8950,460,18372,106134.578646,111731.843575,54430.655345,0,1.0,1,c4a54cdecc67,adapted,2405,11
c,stream,document,100,26,custom-binary,v2-1.0,993,274,207,1267,1007049.345418,3649635.036496,789265.982636,0,1.0,1,c4a54cdecc67,adapted,2406,12
c,stream,document,100,26,mpack,1.1,976,1642,335,2618,1024590.163934,609013.398295,381970.970206,0,1.0,1,c4a54cdecc67,adapted,2407,13
c,stream,document,100,26,protobuf-c,1.5.0,775,464,166,1239,1290322.580645,2155172.413793,807102.502018,0,1.0,1,c4a54cdecc67,adapted,2408,14
c,stream,document,100,26,cbor-encode,0.11.0,7786,6205,457,13991,128435.653737,161160.354553,71474.519334,0,1.0,1,c4a54cdecc67,adapted,2409,15
c,stream,document,100,26,ubj,1.0-min,485,314,244,799,2061855.670103,3184713.375796,1251564.455569,0,1.0,1,c4a54cdecc67,adapted,2410,16
c,stream,document,100,26,tinycbor,0.6.0,1267,5755,343,7022,789265.982636,173761.946134,142409.569923,0,1.0,1,c4a54cdecc67,adapted,2411,17
c,stream,document,100,26,libbson,1.27.5,3651,2962,577,6613,273897.562312,337609.723160,151217.299259,0,1.0,1,c4a54cdecc67,adapted,2412,18
c,stream,document,100,27,cbor-encode,0.11.0,6781,5933,457,12714,147470.874502,168548.794876,78653.452887,0,1.0,1,c4a54cdecc67,adapted,2413,0
c,stream,document,100,27,protobuf-c,1.5.0,656,435,166,1091,1524390.243902,2298850.574713,916590.284143,0,1.0,1,c4a54cdecc67,adapted,2414,1
c,stream,document,100,27,yyjson,0.10.0,2623,1653,460,4276,381242.851697,604960.677556,233863.423761,0,1.0,1,c4a54cdecc67,adapted,2415,2
c,stream,document,100,27,jansson,2.14,10225,10095,460,20320,97799.511002,99058.940069,49212.598425,0,1.0,1,c4a54cdecc67,adapted,2416,3
c,stream,document,100,27,json-c,0.15,8387,8419,460,16806,119232.144986,118778.952370,59502.558610,0,1.0,1,c4a54cdecc67,adapted,2417,4
c,stream,document,100,27,flatcc,0.6.1,1330,281,236,1611,751879.699248,3558718.861210,620732.464308,0,1.0,1,c4a54cdecc67,adapted,2418,5
c,stream,document,100,27,tinycbor,0.6.0,1191,5855,343,7046,839630.562552,170794.192997,141924.496168,0,1.0,1,c4a54cdecc67,adapted,2419,6
c,stream,document,100,27,custom-binary,v2-1.0,361,271,207,632,2770083.102493,3690036.900369,1582278.481013,0,1.0,1,c4a54cdecc67,adapted,2420,7
c,stream,document,100,27,qcbor,1.5.1,2859,5721,343,8580,349772.647779,174794.616326,116550.116550,0,1.0,1,c4a54cdecc67,adapted,2421,8
c,stream,document,100,27,parson,1.5.3,16659,8108,460,24767,60027.612702,123334.977800,40376.307183,0,1.0,1,c4a54cdecc67,adapted,2422,9
c,stream,document,100,27,cJSON,1.7.18,7237,5617,460,12854,138178.803372,178030.977390,77796.794772,0,1.0,1,c4a54cdecc67,adapted,2423,10
c,stream,document,100,27,ubj,1.0-min,1085,340,244,1425,921658.986175,2941176.470588,701754.385965,0,1.0,1,c4a54cdecc67,adapted,2424,11
c,stream,document,100,27,msgpack-c,6.0.1,1295,1431,335,2726,772200.772201,698812.019567,366837.857667,0,1.0,1,c4a54cdecc67,adapted,2425,12
c,stream,document,100,27,avro-c,1.11.3,790,651,210,1441,1265822.784810,1536098.310292,693962.526024,0,1.0,1,c4a54cdecc67,adapted,2426,13
c,stream,document,100,27,zcbor,0.9,1674,7302,354,8976,597371.565114,136948.781156,111408.199643,0,1.0,1,c4a54cdecc67,adapted,2427,14
c,stream,document,100,27,libbson,1.27.5,3623,2999,577,6622,276014.352746,333444.481494,151011.778919,0,1.0,1,c4a54cdecc67,adapted,2428,15
c,stream,document,100,27,nanopb,0.4.9,776,411,166,1187,1288659.793814,2433090.024331,842459.983151,0,1.0,1,c4a54cdecc67,adapted,2429,16
c,stream,document,100,27,protobuf-wire,wire-v2,808,408,166,1216,1237623.762376,2450980.392157,822368.421053,0,1.0,1,c4a54cdecc67,adapted,2430,17
c,stream,document,100,27,mpack,1.1,991,1662,335,2653,1009081.735621,601684.717208,376931.775349,0,1.0,1,c4a54cdecc67,adapted,2431,18
c,stream,document,100,28,cJSON,1.7.18,6401,5200,460,11601,156225.589752,192307.692308,86199.465563,0,1.0,1,c4a54cdecc67,adapted,2432,0
c,stream,document,100,28,libbson,1.27.5,3863,2556,577,6419,258866.166192,391236.306729,155787.505842,0,1.0,1,c4a54cdecc67,adapted,2433,1
c,stream,document,100,28,protobuf-wire,wire-v2,672,360,166,1032,1488095.238095,2777777.777778,968992.248062,0,1.0,1,c4a54cdecc67,adapted,2434,2
c,stream,document,100,28,mpack,1.1,732,1280,335,2012,1366120.218579,781250.000000,497017.892644,0,1.0,1,c4a54cdecc67,adapted,2435,3
c,stream,document,100,28,zcbor,0.9,1424,7088,354,8512,702247.191011,141083.521445,117481.203008,0,1.0,1,c4a54cdecc67,adapted,2436,4
c,stream,document,100,28,json-c,0.15,8369,8635,460,17004,119488.588840,115807.759120,58809.691837,0,1.0,1,c4a54cdecc67,adapted,2437,5
c,stream,document,100,28,avro-c,1.11.3,1410,579,210,1989,709219.858156,1727115.716753,502765.208648,0,1.0,1,c4a54cdecc67,adapted,2438,6
c,stream,document,100,28,msgpack-c,6.0.1,1209,1361,335,2570,827129.859388,734753.857458,389105.058366,0,1.0,1,c4a54cdecc67,adapted,2439,7
c,stream,document,100,28,ubj,1.0-min,401,335,244,736,2493765.586035,2985074.626866,1358695.652174,0,1.0,1,c4a54cdecc67,adapted,2440,8
c,stream,document,100,28,custom-binary,v2-1.0,375,256,207,631,2666666.666667,3906250.000000,1584786.053883,0,1.0,1,c4a54cdecc67,adapted,2441,9
c,stream,document,100,28,tinycbor,0.6.0,1232,6096,343,7328,811688.311688,164041.994751,136462.882096,0,1.0,1,c4a54cdecc67,adapted,2442,10
c,stream,document,100,28,jansson,2.14,11944,10200,460,22144,83724.045546,98039.215686,45158.959538,0,1.0,1,c4a54cdecc67,adapted,2443,11
c,stream,document,100,28,nanopb,0.4.9,1355,412,166,1767,738007.380074,2427184.466019,565930.956423,0,1.0,1,c4a54cdecc67,adapted,2444,12
c,stream,document,100,28,parson,1.5.3,16220,7967,460,24187,61652.281134,125517.760763,41344.523918,0,1.0,1,c4a54cdecc67,adapted,2445,13
c,stream,document,100,28,flatcc,0.6.1,1730,278,236,2008,578034.682081,3597122.302158,498007.968127,0,1.0,1,c4a54cdecc67,adapted,2446,14
c,stream,document,100,28,cbor-encode,0.11.0,7534,6132,457,13666,132731.616671,163078.930202,73174.301185,0,1.0,1,c4a54cdecc67,adapted,2447,15
c,stream,document,100,28,protobuf-c,1.5.0,783,429,166,1212,1277139.208174,2331002.331002,825082.508251,0,1.0,1,c4a54cdecc67,adapted,2448,16
c,stream,document,100,28,qcbor,1.5.1,2950,5691,343,8641,338983.050847,175716.042875,115727.346372,0,1.0,1,c4a54cdecc67,adapted,2449,17
c,stream,document,100,28,yyjson,0.10.0,2828,1647,460,4475,353606.789250,607164.541591,223463.687151,0,1.0,1,c4a54cdecc67,adapted,2450,18
c,stream,document,100,29,libbson,1.27.5,3625,2813,577,6438,275862.068966,355492.356914,155327.741535,0,1.0,1,c4a54cdecc67,adapted,2451,0
c,stream,document,100,29,cJSON,1.7.18,6959,5543,460,12502,143698.807300,180407.721450,79987.202048,0,1.0,1,c4a54cdecc67,adapted,2452,1
c,stream,document,100,29,flatcc,0.6.1,1222,298,236,1520,818330.605565,3355704.697987,657894.736842,0,1.0,1,c4a54cdecc67,adapted,2453,2
c,stream,document,100,29,protobuf-wire,wire-v2,809,462,166,1271,1236093.943140,2164502.164502,786782.061369,0,1.0,1,c4a54cdecc67,adapted,2454,3
c,stream,document,100,29,ubj,1.0-min,413,319,244,732,2421307.506053,3134796.238245,1366120.218579,0,1.0,1,c4a54cdecc67,adapted,2455,4
c,stream,document,100,29,mpack,1.1,957,1676,335,2633,1044932.079415,596658.711217,379794.910748,0,1.0,1,c4a54cdecc67,adapted,2456,5
c,stream,document,100,29,parson,1.5.3,16010,7633,460,23643,62460.961899,131010.087777,42295.816944,0,1.0,1,c4a54cdecc67,adapted,2457,6
c,stream,document,100,29,jansson,2.14,11213,10283,460,21496,89182.199233,97247.884859,46520.282843,0,1.0,1,c4a54cdecc67,adapted,2458,7
c,stream,document,100,29,custom-binary,v2-1.0,1121,283,207,1404,892060.660125,3533568.904594,712250.712251,0,1.0,1,c4a54cdecc67,adapted,2459,8
c,stream,document,100,29,yyjson,0.10.0,2702,1635,460,4337,370096.225019,611620.795107,230574.129583,0,1.0,1,c4a54cdecc67,adapted,2460,9
c,stream,document,100,29,zcbor,0.9,1637,7420,354,9057,610873.549175,134770.889488,110411.836149,0,1.0,1,c4a54cdecc67,adapted,2461,10
c,stream,document,100,29,cbor-encode,0.11.0,7426,6032,457,13458,134661.998384,165782.493369,74305.245950,0,1.0,1,c4a54cdecc67,adapted,2462,11
c,stream,document,100,29,json-c,0.15,8591,8752,460,17343,116400.884647,114259.597806,57660.151070,0,1.0,1,c4a54cdecc67,adapted,2463,12
c,stream,document,100,29,tinycbor,0.6.0,1899,6036,343,7935,526592.943655,165672.630881,126023.944549,0,1.0,1,c4a54cdecc67,adapted,2464,13
c,stream,document,100,29,msgpack-c,6.0.1,1307,1432,335,2739,765110.941086,698324.022346,365096.750639,0,1.0,1,c4a54cdecc67,adapted,2465,14
c,stream,document,100,29,protobuf-c,1.5.0,768,543,166,1311,1302083.333333,1841620.626151,762776.506484,0,1.0,1,c4a54cdecc67,adapted,2466,15
c,stream,document,100,29,avro-c,1.11.3,1038,820,210,1858,963391.136802,1219512.195122,538213.132400,0,1.0,1,c4a54cdecc67,adapted,2467,16
c,stream,document,100,29,qcbor,1.5.1,2977,5909,343,8886,335908.632852,169233.372821,112536.574387,0,1.0,1,c4a54cdecc67,adapted,2468,17
c,stream,document,100,29,nanopb,0.4.9,789,444,166,1233,1267427.122940,2252252.252252,811030.008110,0,1.0,1,c4a54cdecc67,adapted,2469,18
c,stream,document,100,30,nanopb,0.4.9,643,368,166,1011,1555209.953344,2717391.304348,989119.683482,0,1.0,1,c4a54cdecc67,adapted,2470,0
c,stream,document,100,30,custom-binary,v2-1.0,339,263,207,602,2949852.507375,3802281.368821,1661129.568106,0,1.0,1,c4a54cdecc67,adapted,2471,1
c,stream,document,100,30,flatcc,0.6.1,685,267,236,952,1459854.014599,3745318.352060,1050420.168067,0,1.0,1,c4a54cdecc67,adapted,2472,2
c,stream,document,100,30,parson,1.5.3,16500,7763,460,24263,60606.060606,128816.179312,41215.018753,0,1.0,1,c4a54cdecc67,adapted,2473,3
c,stream,document,100,30,zcbor,0.9,2631,7150,354,9781,380083.618396,139860.139860,102239.034864,0,1.0,1,c4a54cdecc67,adapted,2474,4
c,stream,document,100,30,jansson,2.14,10837,10308,460,21145,92276.460275,97012.029492,47292.504138,0,1.0,1,c4a54cdecc67,adapted,2475,5
c,stream,document,100,30,cJSON,1.7.18,6322,5503,460,11825,158177.791838,181719.062330,84566.596195,0,1.0,1,c4a54cdecc67,adapted,2476,6
c,stream,document,100,30,yyjson,0.10.0,3322,1622,460,4944,301023.479831,616522.811344,202265.372168,0,1.0,1,c4a54cdecc67,adapted,2477,7
c,stream,document,100,30,qcbor,1.5.1,2703,5976,343,8679,369959.304477,167336.010710,115220.647540,0,1.0,1,c4a54cdecc67,adapted,2478,8
c,stream,document,100,30,mpack,1.1,925,1600,335,2525,1081081.081081,625000.000000,396039.603960,0,1.0,1,c4a54cdecc67,adapted,2479,9
c,stream,document,100,30,protobuf-wire,wire-v2,780,438,166,1218,1282051.282051,2283105.022831,821018.062397,0,1.0,1,c4a54cdecc67,adapted,2480,10
c,stream,document,100,30,cbor-encode,0.11.0,7542,6136,457,13678,132590.824715,162972.620600,73110.103816,0,1.0,1,c4a54cdecc67,adapted,2481,11
c,stream,document,100,30,msgpack-c,6.0.1,1266,1404,335,2670,789889.415482,712250.712251,374531.835206,0,1.0,1,c4a54cdecc67,adapted,2482,12
c,stream,document,100,30,tinycbor,0.6.0,1345,5825,343,7170,743494.423792,171673.819742,139470.013947,0,1.0,1,c4a54cdecc67,adapted,2483,13
c,stream,document,100,30,libbson,1.27.5,3836,3003,577,6839,260688.216893,333000.333000,146220.207633,0,1.0,1,c4a54cdecc67,adapted,2484,14
c,stream,document,100,30,avro-c,1.11.3,846,660,210,1506,1182033.096927,1515151.515152,664010.624170,0,1.0,1,c4a54cdecc67,adapted,2485,15
c,stream,document,100,30,json-c,0.15,8149,11105,460,19254,122714.443490,90049.527240,51937.259790,0,1.0,1,c4a54cdecc67,adapted,2486,16
c,stream,document,100,30,ubj,1.0-min,1083,306,244,1389,923361.034164,3267973.856209,719942.404608,0,1.0,1,c4a54cdecc67,adapted,2487,17
c,stream,document,100,30,protobuf-c,1.5.0,766,408,166,1174,1305483.028721,2450980.392157,851788.756388,0,1.0,1,c4a54cdecc67,adapted,2488,18
c,stream,document,100,31,protobuf-wire,wire-v2,880,495,166,1375,1136363.636364,2020202.020202,727272.727273,0,1.0,1,c4a54cdecc67,adapted,2489,0
c,stream,document,100,31,jansson,2.14,11144,9938,460,21082,89734.386217,100623.867981,47433.829807,0,1.0,1,c4a54cdecc67,adapted,2490,1
c,stream,document,100,31,mpack,1.1,1609,1531,335,3140,621504.039776,653167.864141,318471.337580,0,1.0,1,c4a54cdecc67,adapted,2491,2
c,stream,document,100,31,zcbor,0.9,1553,7402,354,8955,643915.003220,135098.621994,111669.458403,0,1.0,1,c4a54cdecc67,adapted,2492,3
c,stream,document,100,31,yyjson,0.10.0,2802,1594,460,4396,356887.937188,627352.572146,227479.526843,0,1.0,1,c4a54cdecc67,adapted,2493,4
c,stream,document,100,31,qcbor,1.5.1,2804,5930,343,8734,356633.380884,168634.064081,114495.076712,0,1.0,1,c4a54cdecc67,adapted,2494,5
c,stream,document,100,31,protobuf-c,1.5.0,675,395,166,1070,1481481.481481,2531645.569620,934579.439252,0,1.0,1,c4a54cdecc67,adapted,2495,6
c,stream,document,100,31,ubj,1.0-min,347,305,244,652,2881844.380403,3278688.524590,1533742.331288,0,1.0,1,c4a54cdecc67,adapted,2496,7
c,stream,document,100,31,parson,1.5.3,16498,8125,460,24623,60613.407686,123076.923077,40612.435528,0,1.0,1,c4a54cdecc67,adapted,2497,8
c,stream,document,100,31,flatcc,0.6.1,1644,287,236,1931,608272.506083,3484320.557491,517866.390471,0,1.0,1,c4a54cdecc67,adapted,2498,9
c,stream,document,100,31,msgpack-c,6.0.1,1325,1450,335,2775,754716.981132,689655.172414,360360.360360,0,1.0,1,c4a54cdecc67,adapted,2499,10
c,stream,document,100,31,nanopb,0.4.9,769,434,166,1203,1300390.117035,2304147.465438,831255.195345,0,1.0,1,c4a54cdecc67,adapted,2500,11
c,stream,document,100,31,cJSON,1.7.18,6857,5305,460,12162,145836.371591,188501.413761,82223.318533,0,1.0,1,c4a54cdecc67,adapted,2501,12
c,stream,document,100,31,tinycbor,0.6.0,1913,6092,343,8005,522739.153163,164149.704531,124921.923798,0,1.0,1,c4a54cdecc67,adapted,2502,13
c,stream,document,100,31,avro-c,1.11.3,766,625,210,1391,1305483.028721,1600000.000000,718907.260963,0,1.0,1,c4a54cdecc67,adapted,2503,14
c,stream,document,100,31,json-c,0.15,9215,8907,460,18122,108518.719479,112271.247334,55181.547291,0,1.0,1,c4a54cdecc67,adapted,2504,15
c,stream,document,100,31,custom-binary,v2-1.0,1033,272,207,1305,968054.211036,3676470.588235,766283.524904,0,1.0,1,c4a54cdecc67,adapted,2505,16
c,stream,document,100,31,cbor-encode,0.11.0,9436,6263,457,15699,105977.108944,159667.890787,63698.324734,0,1.0,1,c4a54cdecc67,adapted,2506,17
c,stream,document,100,31,libbson,1.27.5,3886,2913,577,6799,257334.019557,343288.705802,147080.453008,0,1.0,1,c4a54cdecc67,adapted,2507,18
c,stream,document,100,32,nanopb,0.4.9,752,409,166,1161,1329787.234043,2444987.775061,861326.442722,0,1.0,1,c4a54cdecc67,adapted,2508,0
c,stream,document,100,32,yyjson,0.10.0,3005,1617,460,4622,332778.702163,618429.189858,216356.555604,0,1.0,1,c4a54cdecc67,adapted,2509,1
c,stream,document,100,32,flatcc,0.6.1,712,282,236,994,1404494.382022,3546099.290780,1006036.217304,0,1.0,1,c4a54cdecc67,adapted,2510,2
c,stream,document,100,32,custom-binary,v2-1.0,353,254,207,607,2832861.189802,3937007.874016,1647446.457990,0,1.0,1,c4a54cdecc67,adapted,2511,3
c,stream,document,100,32,zcbor,0.9,1562,7502,354,9064,640204.865557,133297.787257,110326.566637,0,1.0,1,c4a54cdecc67,adapted,2512,4
c,stream,document,100,32,protobuf-wire,wire-v2,819,446,166,1265,1221001.221001,2242152.466368,790513.833992,0,1.0,1,c4a54cdecc67,adapted,2513,5
c,stream,document,100,32,cbor-encode,0.11.0,6999,5865,457,12864,142877.553936,170502.983802,77736.318408,0,1.0,1,c4a54cdecc67,adapted,2514,6
c,stream,document,100,32,jansson,2.14,11367,10577,460,21944,87973.959708,94544.766947,45570.543201,0,1.0,1,c4a54cdecc67,adapted,2515,7
c,stream,document,100,32,libbson,1.27.5,4173,2581,577,6754,239635.753654,387446.726075,148060.408647,0,1.0,1,c4a54cdecc67,adapted,2516,8
c,stream,document,100,32,qcbor,1.5.1,2870,5940,343,8810,348432.055749,168350.168350,113507.377980,0,1.0,1,c4a54cdecc67,adapted,2517,9
c,stream,document,100,32,mpack,1.1,982,1714,335,2696,1018329.938900,583430.571762,370919.881306,0,1.0,1,c4a54cdecc67,adapted,2518,10
c,stream,document,100,32,json-c,0.15,8219,8244,460,16463,121669.302835,121300.339641,60742.270546,0,1.0,1,c4a54cdecc67,adapted,2519,11
c,stream,document,100,32,msgpack-c,6.0.1,2021,1500,335,3521,494804.552202,666666.666667,284010.224368,0,1.0,1,c4a54cdecc67,adapted,2520,12
c,stream,document,100,32,ubj,1.0-min,449,349,244,798,2227171.492205,2865329.512894,1253132.832080,0,1.0,1,c4a54cdecc67,adapted,2521,13
c,stream,document,100,32,parson,1.5.3,17643,8923,460,26566,56679.702998,112069.931637,37642.098923,0,1.0,1,c4a54cdecc67,adapted,2522,14
c,stream,document,100,32,tinycbor,0.6.0,2274,5714,343,7988,439753.737907,175008.750438,125187.781673,0,1.0,1,c4a54cdecc67,adapted,2523,15
c,stream,document,100,32,avro-c,1.11.3,792,664,210,1456,1262626.262626,1506024.096386,686813.186813,0,1.0,1,c4a54cdecc67,adapted,2524,16
c,stream,document,100,32,cJSON,1.7.18,7194,5749,460,12943,139004.726161,173943.294486,77261.840377,0,1.0,1,c4a54cdecc67,adapted,2525,17
c,stream,document,100,32,protobuf-c,1.5.0,1628,503,166,2131,614250.614251,1988071.570577,469263.256687,0,1.0,1,c4a54cdecc67,adapted,2526,18
c,stream,document,100,33,ubj,1.0-min,395,321,244,716,2531645.569620,3115264.797508,1396648.044693,0,1.0,1,c4a54cdecc67,adapted,2527,0
c,stream,document,100,33,cbor-encode,0.11.0,7403,6008,457,13411,135080.372822,166444.740346,74565.655059,0,1.0,1,c4a54cdecc67,adapted,2528,1
c,stream,document,100,33,libbson,1.27.5,3516,2863,577,6379,284414.106940,349283.967866,156764.383132,0,1.0,1,c4a54cdecc67,adapted,2529,2
c,stream,document,100,33,flatcc,0.6.1,746,275,236,1021,1340482.573727,3636363.636364,979431.929481,0,1.0,1,c4a54cdecc67,adapted,2530,3
c,stream,document,100,33,protobuf-wire,wire-v2,791,432,166,1223,1264222.503161,2314814.814815,817661.488144,0,1.0,1,c4a54cdecc67,adapted,2531,4
c,stream,document,100,33,jansson,2.14,10972,10292,460,21264,91141.086402,97162.844928,47027.840482,0,1.0,1,c4a54cdecc67,adapted,2532,5
c,stream,document,100,33,protobuf-c,1.5.0,1403,436,166,1839,712758.374911,2293577.981651,543773.790103,0,1.0,1,c4a54cdecc67,adapted,2533,6
c,stream,document,100,33,qcbor,1.5.1,2904,5691,343,8595,344352.617080,175716.042875,116346.713205,0,1.0,1,c4a54cdecc67,adapted,2534,7
c,stream,document,100,33,msgpack-c,6.0.1,1276,1455,335,2731,783699.059561,687285.223368,366166.239473,0,1.0,1,c4a54cdecc67,adapted,2535,8
c,stream,document,100,33,custom-binary,v2-1.0,403,264,207,667,2481389.578164,3787878.787879,1499250.374813,0,1.0,1,c4a54cdecc67,adapted,2536,9
c,stream,document,100,33,nanopb,0.4.9,818,433,166,1251,1222493.887531,2309468.822171,799360.511591,0,1.0,1,c4a54cdecc67,adapted,2537,10
c,stream,document,100,33,avro-c,1.11.3,678,611,210,1289,1474926.253687,1636661.211129,775795.190070,0,1.0,1,c4a54cdecc67,adapted,2538,11
c,stream,document,100,33,mpack,1.1,923,1635,335,2558,1083423.618635,611620.795107,390930.414386,0,1.0,1,c4a54cdecc67,adapted,2539,12
c,stream,document,100,33,json-c,0.15,8062,8755,460,16817,124038.700074,114220.445460,59463.637985,0,1.0,1,c4a54cdecc67,adapted,2540,13
c,stream,document,100,33,tinycbor,0.6.0,1869,5672,343,7541,535045.478866,176304.654443,132608.407373,0,1.0,1,c4a54cdecc67,adapted,2541,14
c,stream,document,100,33,zcbor,0.9,1642,7024,354,8666,609013.398295,142369.020501,115393.491807,0,1.0,1,c4a54cdecc67,adapted,2542,15
c,stream,document,100,33,parson,1.5.3,16850,8332,460,25182,59347.181009,120019.203072,39710.904614,0,1.0,1,c4a54cdecc67,adapted,2543,16
c,stream,document,100,33,cJSON,1.7.18,7411,5615,460,13026,134934.556740,178094.390027,76769.537847,0,1.0,1,c4a54cdecc67,adapted,2544,17
c,stream,document,100,33,yyjson,0.10.0,3447,1851,460,5298,290107.339716,540248.514317,188750.471876,0,1.0,1,c4a54cdecc67,adapted,2545,18
c,stream,document,100,34,qcbor,1.5.1,2915,5866,343,8781,343053.173242,170473.917491,113882.245758,0,1.0,1,c4a54cdecc67,adapted,2546,0
c,stream,document,100,34,cJSON,1.7.18,6774,5183,460,11957,147623.265427,192938.452634,83633.018316,0,1.0,1,c4a54cdecc67,adapted,2547,1
c,stream,document,100,34,zcbor,0.9,2088,7047,354,9135,478927.203065,141904.356464,109469.074986,0,1.0,1,c4a54cdecc67,adapted,2548,2
c,stream,document,100,34,parson,1.5.3,15702,7749,460,23451,63686.154630,129048.909537,42642.104814,0,1.0,1,c4a54cdecc67,adapted,2549,3
c,stream,document,100,34,libbson,1.27.5,4624,2857,577,7481,216262.975779,350017.500875,133671.968988,0,1.0,1,c4a54cdecc67,adapted,2550,4
c,stream,document,100,34,mpack,1.1,1018,1612,335,2630,982318.271120,620347.394541,380228.136882,0,1.0,1,c4a54cdecc67,adapted,2551,5
c,stream,document,100,34,custom-binary,v2-1.0,339,289,207,628,2949852.507375,3460207.612457,1592356.687898,0,1.0,1,c4a54cdecc67,adapted,2552,6
c,stream,document,100,34,msgpack-c,6.0.1,1190,1408,335,2598,840336.134454,710227.272727,384911.470362,0,1.0,1,c4a54cdecc67,adapted,2553,7
c,stream,document,100,34,avro-c,1.11.3,728,641,210,1369,1373626.373626,1560062.402496,730460.189920,0,1.0,1,c4a54cdecc67,adapted,2554,8
c,stream,document,100,34,ubj,1.0-min,415,331,244,746,2409638.554217,3021148.036254,1340482.573727,0,1.0,1,c4a54cdecc67,adapted,2555,9
c,stream,document,100,34,cbor-encode,0.11.0,7700,6215,457,13915,129870.129870,160901.045857,71864.893999,0,1.0,1,c4a54cdecc67,adapted,2556,10
c,stream,document,100,34,flatcc,0.6.1,741,290,236,1031,1349527.665317,3448275.862069,969932.104753,0,1.0,1,c4a54cdecc67,adapted,2557,11
c,stream,document,100,34,tinycbor,0.6.0,1153,5755,343,6908,867302.688638,173761.946134,144759.698900,0,1.0,1,c4a54cdecc67,adapted,2558,12
c,stream,document,100,34,protobuf-wire,wire-v2,787,410,166,1197,1270648.030496,2439024.390244,835421.888053,0,1.0,1,c4a54cdecc67,adapted,2559,13
c,stream,document,100,34,protobuf-c,1.5.0,784,447,166,1231,1275510.204082,2237136.465324,812347.684809,0,1.0,1,c4a54cdecc67,adapted,2560,14
c,stream,document,100,34,json-c,0.15,8295,8656,460,16951,120554.550934,115526.802218,58993.569701,0,1.0,1,c4a54cdecc67,adapted,2561,15
c,stream,document,100,34,jansson,2.14,10645,10590,460,21235,93940.817285,94428.706327,47092.064987,0,1.0,1,c4a54cdecc67,adapted,2562,16
c,stream,document,100,34,nanopb,0.4.9,1411,437,166,1848,708717.221828,2288329.519451,541125.541126,0,1.0,1,c4a54cdecc67,adapted,2563,17
c,stream,document,100,34,yyjson,0.10.0,2935,1807,460,4742,340715.502555,553403.431101,210881.484606,0,1.0,1,c4a54cdecc67,adapted,2564,18
c,stream,document,100,35,nanopb,0.4.9,694,402,166,1096,1440922.190202,2487562.189055,912408.759124,0,1.0,1,c4a54cdecc67,adapted,2565,0
c,stream,document,100,35,avro-c,1.11.3,738,622,210,1360,1355013.550136,1607717.041801,735294.117647,0,1.0,1,c4a54cdecc67,adapted,2566,1
c,stream,document,100,35,cbor-encode,0.11.0,6767,6015,457,12782,147775.971627,166251.039069,78235.017994,0,1.0,1,c4a54cdecc67,adapted,2567,2
c,stream,document,100,35,protobuf-c,1.5.0,702,397,166,1099,1424501.424501,2518891.687657,909918.107370,0,1.0,1,c4a54cdecc67,adapted,2568,3
c,stream,document,100,35,zcbor,0.9,1643,6944,354,8587,608642.726719,144009.216590,116455.106556,0,1.0,1,c4a54cdecc67,adapted,2569,4
c,stream,document,100,35,cJSON,1.7.18,6624,5285,460,11909,150966.183575,189214.758751,83970.106642,0,1.0,1,c4a54cdecc67,adapted,2570,5
c,stream,document,100,35,mpack,1.1,1846,1531,335,3377,541711.809317,653167.864141,296120.817293,0,1.0,1,c4a54cdecc67,adapted,2571,6
c,stream,document,100,35,msgpack-c,6.0.1,1185,1363,335,2548,843881.856540,733675.715334,392464.678179,0,1.0,1,c4a54cdecc67,adapted,2572,7
c,stream,document,100,35,parson,1.5.3,16410,8318,460,24728,60938.452163,120221.207021,40439.987059,0,1.0,1,c4a54cdecc67,adapted,2573,8
c,stream,document,100,35,flatcc,0.6.1,1903,268,236,2171,525486.074619,3731343.283582,460617.227084,0,1.0,1,c4a54cdecc67,adapted,2574,9
c,stream,document,100,35,json-c,0.15,7950,8483,460,16433,125786.163522,117882.824472,60853.161322,0,1.0,1,c4a54cdecc67,adapted,2575,10
c,stream,document,100,35,yyjson,0.10.0,3300,1622,460,4922,303030.303030,616522.811344,203169.443316,0,1.0,1,c4a54cdecc67,adapted,2576,11
c,stream,document,100,35,tinycbor,0.6.0,1255,5881,343,7136,796812.749004,170039.108995,140134.529148,0,1.0,1,c4a54cdecc67,adapted,2577,12
c,stream,document,100,35,protobuf-wire,wire-v2,793,421,166,1214,1261034.047919,2375296.912114,823723.228995,0,1.0,1,c4a54cdecc67,adapted,2578,13
c,stream,document,100,35,qcbor,1.5.1,2762,5603,343,8365,362056.480811,178475.816527,119545.726240,0,1.0,1,c4a54cdecc67,adapted,2579,14
c,stream,document,100,35,ubj,1.0-min,429,296,244,725,2331002.331002,3378378.378378,1379310.344828,0,1.0,1,c4a54cdecc67,adapted,2580,15
c,stream,document,100,35,jansson,2.14,10450,10271,460,20721,95693.779904,97361.503262,48260.219101,0,1.0,1,c4a54cdecc67,adapted,2581,16
c,stream,document,100,35,libbson,1.27.5,4366,2742,577,7108,229042.601924,364697.301240,140686.550366,0,1.0,1,c4a54cdecc67,adapted,2582,17
c,stream,document,100,35,custom-binary,v2-1.0,385,289,207,674,2597402.597403,3460207.612457,1483679.525223,0,1.0,1,c4a54cdecc67,adapted,2583,18
c,stream,document,100,36,ubj,1.0-min,347,273,244,620,2881844.380403,3663003.663004,1612903.225806,0,1.0,1,c4a54cdecc67,adapted,2584,0
c,stream,document,100,36,protobuf-wire,wire-v2,678,394,166,1072,1474926.253687,2538071.065990,932835.820896,0,1.0,1,c4a54cdecc67,adapted,2585,1
c,stream,document,100,36,mpack,1.1,905,1597,335,2502,1104972.375691,626174.076393,399680.255795,0,1.0,1,c4a54cdecc67,adapted,2586,2
c,stream,document,100,36,cbor-encode,0.11.0,7412,5859,457,13271,134916.351862,170677.590032,75352.271871,0,1.0,1,c4a54cdecc67,adapted,2587,3
c,stream,document,100,36,json-c,0.15,7930,7924,460,15854,126103.404792,126198.889450,63075.564526,0,1.0,1,c4a54cdecc67,adapted,2588,4
c,stream,document,100,36,jansson,2.14,9875,9848,460,19723,101265.822785,101543.460601,50702.225828,0,1.0,1,c4a54cdecc67,adapted,2589,5
c,stream,document,100,36,libbson,1.27.5,4051,2442,577,6493,246852.628980,409500.409500,154012.012937,0,1.0,1,c4a54cdecc67,adapted,2590,6
c,stream,document,100,36,cJSON,1.7.18,6689,5093,460,11782,149499.177755,196347.928529,84875.233407,0,1.0,1,c4a54cdecc67,adapted,2591,7
c,stream,document,100,36,qcbor,1.5.1,3529,5808,343,9337,283366.392746,172176.308540,107100.781836,0,1.0,1,c4a54cdecc67,adapted,2592,8
c,stream,document,100,36,nanopb,0.4.9,753,410,166,1163,1328021.248340,2439024.390244,859845.227859,0,1.0,1,c4a54cdecc67,adapted,2593,9
c,stream,document,100,36,protobuf-c,1.5.0,761,432,166,1193,1314060.446781,2314814.814815,838222.967309,0,1.0,1,c4a54cdecc67,adapted,2594,10
c,stream,document,100,36,avro-c,1.11.3,766,625,210,1391,1305483.028721,1600000.000000,718907.260963,0,1.0,1,c4a54cdecc67,adapted,2595,11
c,stream,document,100,36,zcbor,0.9,1657,7010,354,8667,603500.301750,142653.352354,115380.177685,0,1.0,1,c4a54cdecc67,adapted,2596,12
c,stream,document,100,36,parson,1.5.3,15674,11117,460,26791,63799.923440,89952.325268,37325.967676,0,1.0,1,c4a54cdecc67,adapted,2597,13
c,stream,document,100,36,flatcc,0.6.1,1562,274,236,1836,640204.865557,3649635.036496,544662.309368,0,1.0,1,c4a54cdecc67,adapted,2598,14
c,stream,document,100,36,custom-binary,v2-1.0,358,276,207,634,2793296.089385,3623188.405797,1577287.066246,0,1.0,1,c4a54cdecc67,adapted,2599,15
c,stream,document,100,36,tinycbor,0.6.0,1191,5823,343,7014,839630.562552,171732.783788,142571.998859,0,1.0,1,c4a54cdecc67,adapted,2600,16
c,stream,document,100,36,yyjson,0.10.0,2756,1713,460,4469,362844.702467,583771.161705,223763.705527,0,1.0,1,c4a54cdecc67,adapted,2601,17
c,stream,document,100,36,msgpack-c,6.0.1,1394,1389,335,2783,717360.114778,719942.404608,359324.469996,0,1.0,1,c4a54cdecc67,adapted,2602,18
c,stream,document,100,37,json-c,0.15,8179,18005,460,26184,122264.335493,55540.127742,38191.261839,0,1.0,1,c4a54cdecc67,adapted,2603,0
c,stream,document,100,37,protobuf-c,1.5.0,1564,427,166,1991,639386.189258,2341920.374707,502260.170768,0,1.0,1,c4a54cdecc67,adapted,2604,1
c,stream,document,100,37,jansson,2.14,10468,9999,460,20467,95529.231945,100010.001000,48859.139102,0,1.0,1,c4a54cdecc67,adapted,2605,2
c,stream,document,100,37,tinycbor,0.6.0,1668,5712,343,7380,599520.383693,175070.028011,135501.355014,0,1.0,1,c4a54cdecc67,adapted,2606,3
c,stream,document,100,37,ubj,1.0-min,437,306,244,743,2288329.519451,3267973.856209,1345895.020188,0,1.0,1,c4a54cdecc67,adapted,2607,4
c,stream,document,100,37,libbson,1.27.5,3580,2640,577,6220,279329.608939,378787.878788,160771.704180,0,1.0,1,c4a54cdecc67,adapted,2608,5
c,stream,document,100,37,cJSON,1.7.18,6656,5305,460,11961,150240.384615,188501.413761,83605.049745,0,1.0,1,c4a54cdecc67,adapted,2609,6
c,stream,document,100,37,protobuf-wire,wire-v2,1475,411,166,1886,677966.101695,2433090.024331,530222.693531,0,1.0,1,c4a54cdecc67,adapted,2610,7
c,stream,document,100,37,msgpack-c,6.0.1,1177,1424,335,2601,849617.672048,702247.191011,384467.512495,0,1.0,1,c4a54cdecc67,adapted,2611,8
c,stream,document,100,37,yyjson,0.10.0,2687,1574,460,4261,372162.262747,635324.015248,234686.693264,0,1.0,1,c4a54cdecc67,adapted,2612,9
c,stream,document,100,37,parson,1.5.3,16372,7723,460,24095,61079.892499,129483.361388,41502.386387,0,1.0,1,c4a54cdecc67,adapted,2613,10
c,stream,document,100,37,qcbor,1.5.1,3781,5625,343,9406,264480.296218,177777.777778,106315.118010,0,1.0,1,c4a54cdecc67,adapted,2614,11
c,stream,document,100,37,nanopb,0.4.9,755,405,166,1160,1324503.311258,2469135.802469,862068.965517,0,1.0,1,c4a54cdecc67,adapted,2615,12
c,stream,document,100,37,custom-binary,v2-1.0,341,263,207,604,2932551.319648,3802281.368821,1655629.139073,0,1.0,1,c4a54cdecc67,adapted,2616,13
c,stream,document,100,37,cbor-encode,0.11.0,7039,5766,457,12805,142065.634323,173430.454388,78094.494338,0,1.0,1,c4a54cdecc67,adapted,2617,14
c,stream,document,100,37,mpack,1.1,960,1650,335,2610,1041666.666667,606060.606061,383141.762452,0,1.0,1,c4a54cdecc67,adapted,2618,15
c,stream,document,100,37,zcbor,0.9,1497,6870,354,8367,668002.672011,145560.407569,119517.150711,0,1.0,1,c4a54cdecc67,adapted,2619,16
c,stream,document,100,37,flatcc,0.6.1,674,277,236,951,1483679.525223,3610108.303249,1051524.710831,0,1.0,1,c4a54cdecc67,adapted,2620,17
c,stream,document,100,37,avro-c,1.11.3,769,663,210,1432,1300390.117035,1508295.625943,698324.022346,0,1.0,1,c4a54cdecc67,adapted,2621,18
c,stream,document,100,38,flatcc,0.6.1,497,250,236,747,2012072.434608,4000000.000000,1338688.085676,0,1.0,1,c4a54cdecc67,adapted,2622,0
c,stream,document,100,38,msgpack-c,6.0.1,1239,1375,335,2614,807102.502018,727272.727273,382555.470543,0,1.0,1,c4a54cdecc67,adapted,2623,1
c,stream,document,100,38,libbson,1.27.5,3557,2628,577,6185,281135.788586,380517.503805,161681.487470,0,1.0,1,c4a54cdecc67,adapted,2624,2
c,stream,document,100,38,cJSON,1.7.18,6339,5103,460,11442,157753.588894,195963.158926,87397.308163,0,1.0,1,c4a54cdecc67,adapted,2625,3
c,stream,document,100,38,mpack,1.1,1431,1430,335,2861,698812.019567,699300.699301,349528.137015,0,1.0,1,c4a54cdecc67,adapted,2626,4
c,stream,document,100,38,cbor-encode,0.11.0,7170,5804,457,12974,139470.013947,172294.968987,77077.231386,0,1.0,1,c4a54cdecc67,adapted,2627,5
c,stream,document,100,38,parson,1.5.3,15937,8004,460,23941,62747.066575,124937.531234,41769.349651,0,1.0,1,c4a54cdecc67,adapted,2628,6
c,stream,document,100,38,protobuf-c,1.5.0,1660,446,166,2106,602409.638554,2242152.466368,474833.808167,0,1.0,1,c4a54cdecc67,adapted,2629,7
c,stream,document,100,38,tinycbor,0.6.0,1200,5812,343,7012,833333.333333,172057.811425,142612.664005,0,1.0,1,c4a54cdecc67,adapted,2630,8
c,stream,document,100,38,ubj,1.0-min,465,311,244,776,2150537.634409,3215434.083601,1288659.793814,0,1.0,1,c4a54cdecc67,adapted,2631,9
c,stream,document,100,38,zcbor,0.9,1496,6742,354,8238,668449.197861,148323.939484,121388.686574,0,1.0,1,c4a54cdecc67,adapted,2632,10
c,stream,document,100,38,json-c,0.15,8330,8907,460,17237,120048.019208,112271.247334,58014.735743,0,1.0,1,c4a54cdecc67,adapted,2633,11
c,stream,document,100,38,yyjson,0.10.0,3563,1762,460,5325,280662.363177,567536.889898,187793.427230,0,1.0,1,c4a54cdecc67,adapted,2634,12
c,stream,document,100,38,custom-binary,v2-1.0,409,264,207,673,2444987.775061,3787878.787879,1485884.101040,0,1.0,1,c4a54cdecc67,adapted,2635,13
c,stream,document,100,38,jansson,2.14,10843,10454,460,21297,92225.398875,95657.164722,46954.970184,0,1.0,1,c4a54cdecc67,adapted,2636,14
c,stream,document,100,38,protobuf-wire,wire-v2,1409,475,166,1884,709723.207949,2105263.157895,530785.562633,0,1.0,1,c4a54cdecc67,adapted,2637,15
c,stream,document,100,38,avro-c,1.11.3,743,599,210,1342,1345895.020188,1669449.081803,745156.482861,0,1.0,1,c4a54cdecc67,adapted,2638,16
c,stream,document,100,38,nanopb,0.4.9,775,453,166,1228,1290322.580645,2207505.518764,814332.247557,0,1.0,1,c4a54cdecc67,adapted,2639,17
c,stream,document,100,38,qcbor,1.5.1,2941,5742,343,8683,340020.401224,174155.346569,115167.568813,0,1.0,1,c4a54cdecc67,adapted,2640,18
c,stream,document,100,39,qcbor,1.5.1,2411,5549,343,7960,414765.657404,180212.650928,125628.140704,0,1.0,1,c4a54cdecc67,adapted,2641,0
c,stream,document,100,39,ubj,1.0-min,440,286,244,726,2272727.272727,3496503.496503,1377410.468320,0,1.0,1,c4a54cdecc67,adapted,2642,1
c,stream,document,100,39,protobuf-c,1.5.0,749,415,166,1164,1335113.484646,2409638.554217,859106.529210,0,1.0,1,c4a54cdecc67,adapted,2643,2
c,stream,document,100,39,libbson,1.27.5,3597,2761,577,6358,278009.452321,362187.613184,157282.164203,0,1.0,1,c4a54cdecc67,adapted,2644,3
c,stream,document,100,39,protobuf-wire,wire-v2,700,375,166,1075,1428571.428571,2666666.666667,930232.558140,0,1.0,1,c4a54cdecc67,adapted,2645,4
c,stream,document,100,39,msgpack-c,6.0.1,1304,1413,335,2717,766871.165644,707714.083510,368052.999632,0,1.0,1,c4a54cdecc67,adapted,2646,5
c,stream,document,100,39,nanopb,0.4.9,653,423,166,1076,1531393.568147,2364066.193853,929368.029740,0,1.0,1,c4a54cdecc67,adapted,2647,6
c,stream,document,100,39,parson,1.5.3,16067,7903,460,23970,62239.372627,126534.227509,41718.815186,0,1.0,1,c4a54cdecc67,adapted,2648,7
c,stream,document,100,39,tinycbor,0.6.0,2109,5702,343,7811,474158.368895,175377.060680,128024.580719,0,1.0,1,c4a54cdecc67,adapted,2649,8
c,stream,document,100,39,yyjson,0.10.0,2805,1669,460,4474,356506.238859,599161.174356,223513.634332,0,1.0,1,c4a54cdecc67,adapted,2650,9
c,stream,document,100,39,avro-c,1.11.3,684,580,210,1264,1461988.304094,1724137.931034,791139.240506,0,1.0,1,c4a54cdecc67,adapted,2651,10
c,stream,document,100,39,cbor-encode,0.11.0,7609,5674,457,13283,131423.314496,176242.509693,75284.197847,0,1.0,1,c4a54cdecc67,adapted,2652,11
c,stream,document,100,39,jansson,2.14,10365,10383,460,20748,96478.533526,96311.278051,48197.416618,0,1.0,1,c4a54cdecc67,adapted,2653,12
c,stream,document,100,39,mpack,1.1,1531,1592,335,3123,653167.864141,628140.703518,320204.931156,0,1.0,1,c4a54cdecc67,adapted,2654,13
c,stream,document,100,39,cJSON,1.7.18,6739,5438,460,12177,148389.968838,183891.136447,82122.033342,0,1.0,1,c4a54cdecc67,adapted,2655,14
c,stream,document,100,39,custom-binary,v2-1.0,982,274,207,1256,1018329.938900,3649635.036496,796178.343949,0,1.0,1,c4a54cdecc67,adapted,2656,15
c,stream,document,100,39,json-c,0.15,8210,8853,460,17063,121802.679659,112956.060093,58606.341206,0,1.0,1,c4a54cdecc67,adapted,2657,16
c,stream,document,100,39,zcbor,0.9,2234,7011,354,9245,447627.573859,142633.005277,108166.576528,0,1.0,1,c4a54cdecc67,adapted,2658,17
c,stream,document,100,39,flatcc,0.6.1,755,255,236,1010,1324503.311258,3921568.627451,990099.009901,0,1.0,1,c4a54cdecc67,adapted,2659,18
c,stream,document,100,40,flatcc,0.6.1,496,228,236,724,2016129.032258,4385964.912281,1381215.469613,0,1.0,1,c4a54cdecc67,adapted,2660,0
c,stream,document,100,40,cJSON,1.7.18,6024,5084,460,11108,166002.656042,196695.515342,90025.207058,0,1.0,1,c4a54cdecc67,adapted,2661,1
c,stream,document,100,40,json-c,0.15,7863,7841,460,15704,127177.921913,127534.753220,63678.043810,0,1.0,1,c4a54cdecc67,adapted,2662,2
c,stream,document,100,40,zcbor,0.9,2049,6816,354,8865,488042.947779,146713.615023,112803.158488,0,1.0,1,c4a54cdecc67,adapted,2663,3
c,stream,document,100,40,nanopb,0.4.9,812,431,166,1243,1231527.093596,2320185.614849,804505.229284,0,1.0,1,c4a54cdecc67,adapted,2664,4
c,stream,document,100,40,jansson,2.14,10044,9817,460,19861,99561.927519,101864.113273,50349.932028,0,1.0,1,c4a54cdecc67,adapted,2665,5
c,stream,document,100,40,qcbor,1.5.1,3554,5837,343,9391,281373.100732,171320.884016,106484.932382,0,1.0,1,c4a54cdecc67,adapted,2666,6
c,stream,document,100,40,ubj,1.0-min,461,301,244,762,2169197.396963,3322259.136213,1312335.958005,0,1.0,1,c4a54cdecc67,adapted,2667,7
c,stream,document,100,40,mpack,1.1,889,1444,335,2333,1124859.392576,692520.775623,428632.661809,0,1.0,1,c4a54cdecc67,adapted,2668,8
c,stream,document,100,40,msgpack-c,6.0.1,1252,1379,335,2631,798722.044728,725163.161711,380083.618396,0,1.0,1,c4a54cdecc67,adapted,2669,9
c,stream,document,100,40,tinycbor,0.6.0,1322,5646,343,6968,756429.652042,177116.542685,143513.203215,0,1.0,1,c4a54cdecc67,adapted,2670,10
c,stream,document,100,40,protobuf-wire,wire-v2,811,413,166,1224,1233045.622688,2421307.506053,816993.464052,0,1.0,1,c4a54cdecc67,adapted,2671,11
c,stream,document,100,40,protobuf-c,1.5.0,737,450,166,1187,1356852.103121,2222222.222222,842459.983151,0,1.0,1,c4a54cdecc67,adapted,2672,12
c,stream,document,100,40,libbson,1.27.5,3696,2768,577,6464,270562.770563,361271.676301,154702.970297,0,1.0,1,c4a54cdecc67,adapted,2673,13
c,stream,document,100,40,parson,1.5.3,16193,7758,460,23951,61755.079355,128899.200825,41751.910150,0,1.0,1,c4a54cdecc67,adapted,2674,14
c,stream,document,100,40,custom-binary,v2-1.0,1419,259,207,1678,704721.634954,3861003.861004,595947.556615,0,1.0,1,c4a54cdecc67,adapted,2675,15
c,stream,document,100,40,avro-c,1.11.3,770,604,210,1374,1298701.298701,1655629.139073,727802.037846,0,1.0,1,c4a54cdecc67,adapted,2676,16
c,stream,document,100,40,yyjson,0.10.0,2784,1751,460,4535,359195.402299,571102.227299,220507.166483,0,1.0,1,c4a54cdecc67,adapted,2677,17
c,stream,document,100,40,cbor-encode,0.11.0,7275,5946,457,13221,137457.044674,168180.289270,75637.243779,0,1.0,1,c4a54cdecc67,adapted,2678,18
c,stream,document,100,41,custom-binary,v2-1.0,434,302,207,736,2304147.465438,3311258.278146,1358695.652174,0,1.0,1,c4a54cdecc67,adapted,2679,0
c,stream,document,100,41,protobuf-c,1.5.0,718,414,166,1132,1392757.660167,2415458.937198,883392.226148,0,1.0,1,c4a54cdecc67,adapted,2680,1
c,stream,document,100,41,msgpack-c,6.0.1,1184,1364,335,2548,844594.594595,733137.829912,392464.678179,0,1.0,1,c4a54cdecc67,adapted,2681,2
c,stream,document,100,41,cJSON,1.7.18,6847,5395,460,12242,146049.364685,185356.811863,81685.999020,0,1.0,1,c4a54cdecc67,adapted,2682,3
c,stream,document,100,41,json-c,0.15,10520,9310,460,19830,95057.034221,107411.385607,50428.643469,0,1.0,1,c4a54cdecc67,adapted,2683,4
c,stream,document,100,41,nanopb,0.4.9,1442,442,166,1884,693481.276006,2262443.438914,530785.562633,0,1.0,1,c4a54cdecc67,adapted,2684,5
c,stream,document,100,41,cbor-encode,0.11.0,7137,6015,457,13152,140114.894213,166251.039069,76034.063260,0,1.0,1,c4a54cdecc67,adapted,2685,6
c,stream,document,100,41,libbson,1.27.5,3957,2689,577,6646,252716.704574,371885.459279,150466.445983,0,1.0,1,c4a54cdecc67,adapted,2686,7
c,stream,document,100,41,tinycbor,0.6.0,1316,5869,343,7185,759878.419453,170386.777986,139178.844816,0,1.0,1,c4a54cdecc67,adapted,2687,8
c,stream,document,100,41,zcbor,0.9,1555,6978,354,8533,643086.816720,143307.537976,117192.077816,0,1.0,1,c4a54cdecc67,adapted,2688,9
c,stream,document,100,41,mpack,1.1,967,1709,335,2676,1034126.163392,585137.507314,373692.077728,0,1.0,1,c4a54cdecc67,adapted,2689,10
c,stream,document,100,41,ubj,1.0-min,496,325,244,821,2016129.032258,3076923.076923,1218026.796590,0,1.0,1,c4a54cdecc67,adapted,2690,11
c,stream,document,100,41,avro-c,1.11.3,773,598,210,1371,1293661.060802,1672240.802676,729394.602480,0,1.0,1,c4a54cdecc67,adapted,2691,12
c,stream,document,100,41,parson,1.5.3,16466,7987,460,24453,60731.203692,125203.455615,40894.777737,0,1.0,1,c4a54cdecc67,adapted,2692,13
c,stream,document,100,41,jansson,2.14,11118,10474,460,21592,89944.234575,95474.508306,46313.449426,0,1.0,1,c4a54cdecc67,adapted,2693,14
c,stream,document,100,41,flatcc,0.6.1,1306,270,236,1576,765696.784074,3703703.703704,634517.766497,0,1.0,1,c4a54cdecc67,adapted,2694,15
c,stream,document,100,41,protobuf-wire,wire-v2,850,433,166,1283,1176470.588235,2309468.822171,779423.226812,0,1.0,1,c4a54cdecc67,adapted,2695,16
c,stream,document,100,41,yyjson,0.10.0,2934,1819,460,4753,340831.629175,549752.611325,210393.435725,0,1.0,1,c4a54cdecc67,adapted,2696,17
c,stream,document,100,41,qcbor,1.5.1,2815,5999,343,8814,355239.786856,166694.449075,113455.865668,0,1.0,1,c4a54cdecc67,adapted,2697,18
c,stream,document,100,42,avro-c,1.11.3,650,522,210,1172,1538461.538462,1915708.812261,853242.320819,0,1.0,1,c4a54cdecc67,adapted,2698,0
c,stream,document,100,42,flatcc,0.6.1,677,324,236,1001,1477104.874446,3086419.753086,999000.999001,0,1.0,1,c4a54cdecc67,adapted,2699,1
c,stream,document,100,42,cJSON,1.7.18,6741,5388,460,12129,148345.942738,185597.624350,82447.027785,0,1.0,1,c4a54cdecc67,adapted,2700,2
c,stream,document,100,42,protobuf-c,1.5.0,1418,465,166,1883,705218.617772,2150537.634409,531067.445566,0,1.0,1,c4a54cdecc67,adapted,2701,3
c,stream,document,100,42,custom-binary,v2-1.0,367,257,207,624,2724795.640327,3891050.583658,1602564.102564,0,1.0,1,c4a54cdecc67,adapted,2702,4
c,stream,document,100,42,protobuf-wire,wire-v2,701,401,166,1102,1426533.523538,2493765.586035,907441.016334,0,1.0,1,c4a54cdecc67,adapted,2703,5
c,stream,document,100,42,cbor-encode,0.11.0,7629,5963,457,13592,131078.778346,167700.821734,73572.689818,0,1.0,1,c4a54cdecc67,adapted,2704,6
c,stream,document,100,42,yyjson,0.10.0,2578,1509,460,4087,387897.595035,662690.523526,244678.248104,0,1.0,1,c4a54cdecc67,adapted,2705,7
c,stream,document,100,42,mpack,1.1,950,1628,335,2578,1052631.578947,614250.614251,387897.595035,0,1.0,1,c4a54cdecc67,adapted,2706,8
c,stream,document,100,42,qcbor,1.5.1,2829,5784,343,8613,353481.795688,172890.733057,116103.564379,0,1.0,1,c4a54cdecc67,adapted,2707,9
c,stream,document,100,42,tinycbor,0.6.0,1189,5622,343,6811,841042.893188,177872.643187,146821.318455,0,1.0,1,c4a54cdecc67,adapted,2708,10
c,stream,document,100,42,parson,1.5.3,16165,7802,460,23967,61862.047634,128172.263522,41724.037218,0,1.0,1,c4a54cdecc67,adapted,2709,11
c,stream,document,100,42,jansson,2.14,10351,10312,460,20663,96609.023283,96974.398759,48395.683105,0,1.0,1,c4a54cdecc67,adapted,2710,12
c,stream,document,100,42,nanopb,0.4.9,1393,426,166,1819,717875.089734,2347417.840376,549752.611325,0,1.0,1,c4a54cdecc67,adapted,2711,13
c,stream,document,100,42,zcbor,0.9,1570,10703,354,12273,636942.675159,93431.748108,81479.670822,0,1.0,1,c4a54cdecc67,adapted,2712,14
c,stream,document,100,42,libbson,1.27.5,3817,2772,577,6589,261985.852764,360750.360750,151768.098346,0,1.0,1,c4a54cdecc67,adapted,2713,15
c,stream,document,100,42,ubj,1.0-min,501,308,244,809,1996007.984032,3246753.246753,1236093.943140,0,1.0,1,c4a54cdecc67,adapted,2714,16
c,stream,document,100,42,msgpack-c,6.0.1,1279,1439,335,2718,781860.828772,694927.032662,367917.586461,0,1.0,1,c4a54cdecc67,adapted,2715,17
c,stream,document,100,42,json-c,0.15,9855,8767,460,18622,101471.334348,114064.104026,53699.924820,0,1.0,1,c4a54cdecc67,adapted,2716,18
c,stream,document,100,43,custom-binary,v2-1.0,1104,260,207,1364,905797.101449,3846153.846154,733137.829912,0,1.0,1,c4a54cdecc67,adapted,2717,0
c,stream,document,100,43,yyjson,0.10.0,2688,1739,460,4427,372023.809524,575043.128235,225886.604924,0,1.0,1,c4a54cdecc67,adapted,2718,1
c,stream,document,100,43,json-c,0.15,7569,7645,460,15214,132117.849121,130804.447351,65728.933877,0,1.0,1,c4a54cdecc67,adapted,2719,2
c,stream,document,100,43,flatcc,0.6.1,1330,279,236,1609,751879.699248,3584229.390681,621504.039776,0,1.0,1,c4a54cdecc67,adapted,2720,3
c,stream,document,100,43,cbor-encode,0.11.0,7513,6045,457,13558,133102.622122,165425.971878,73757.191326,0,1.0,1,c4a54cdecc67,adapted,2721,4
c,stream,document,100,43,mpack,1.1,988,1681,335,2669,1012145.748988,594883.997620,374672.161858,0,1.0,1,c4a54cdecc67,adapted,2722,5
c,stream,document,100,43,tinycbor,0.6.0,1203,5739,343,6942,831255.195345,174246.384388,144050.705848,0,1.0,1,c4a54cdecc67,adapted,2723,6
c,stream,document,100,43,jansson,2.14,10510,10263,460,20773,95147.478592,97437.396473,48139.411736,0,1.0,1,c4a54cdecc67,adapted,2724,7
c,stream,document,100,43,qcbor,1.5.1,3457,5615,343,9072,289268.151577,178094.390027,110229.276896,0,1.0,1,c4a54cdecc67,adapted,2725,8
c,stream,document,100,43,avro-c,1.11.3,827,669,210,1496,1209189.842805,1494768.310912,668449.197861,0,1.0,1,c4a54cdecc67,adapted,2726,9
c,stream,document,100,43,msgpack-c,6.0.1,1285,1427,335,2712,778210.116732,700770.847933,368731.563422,0,1.0,1,c4a54cdecc67,adapted,2727,10
c,stream,document,100,43,zcbor,0.9,1488,7123,354,8611,672043.010753,140390.284992,116130.530717,0,1.0,1,c4a54cdecc67,adapted,2728,11
c,stream,document,100,43,cJSON,1.7.18,7151,5488,460,12639,139840.581737,182215.743440,79120.183559,0,1.0,1,c4a54cdecc67,adapted,2729,12
c,stream,document,100,43,nanopb,0.4.9,1427,431,166,1858,700770.847933,2320185.614849,538213.132400,0,1.0,1,c4a54cdecc67,adapted,2730,13
c,stream,document,100,43,libbson,1.27.5,3737,2818,577,6555,267594.327000,354861.603974,152555.301297,0,1.0,1,c4a54cdecc67,adapted,2731,14
c,stream,document,100,43,protobuf-c,1.5.0,767,434,166,1201,1303780.964798,2304147.465438,832639.467111,0,1.0,1,c4a54cdecc67,adapted,2732,15
c,stream,document,100,43,parson,1.5.3,16677,7977,460,24654,59962.823050,125360.411182,40561.369352,0,1.0,1,c4a54cdecc67,adapted,2733,16
c,stream,document,100,43,ubj,1.0-min,1466,323,244,1789,682128.240109,3095975.232198,558971.492454,0,1.0,1,c4a54cdecc67,adapted,2734,17
c,stream,document,100,43,protobuf-wire,wire-v2,801,425,166,1226,1248439.450687,2352941.176471,815660.685155,0,1.0,1,c4a54cdecc67,adapted,2735,18
c,stream,document,100,44,protobuf-c,1.5.0,689,409,166,1098,1451378.809869,2444987.775061,910746.812386,0,1.0,1,c4a54cdecc67,adapted,2736,0
c,stream,document,100,44,msgpack-c,6.0.1,1229,1408,335,2637,813669.650122,710227.272727,379218.809253,0,1.0,1,c4a54cdecc67,adapted,2737,1
c,stream,document,100,44,qcbor,1.5.1,2946,5934,343,8880,339443.312967,168520.390967,112612.612613,0,1.0,1,c4a54cdecc67,adapted,2738,2
c,stream,document,100,44,tinycbor,0.6.0,1214,5605,343,6819,823723.228995,178412.132025,146649.068778,0,1.0,1,c4a54cdecc67,adapted,2739,3
c,stream,document,100,44,cbor-encode,0.11.0,7498,5735,457,13233,133368.898373,174367.916303,75568.654122,0,1.0,1,c4a54cdecc67,adapted,2740,4
c,stream,document,100,44,libbson,1.27.5,3459,2543,577,6002,289100.896213,393236.335037,166611.129623,0,1.0,1,c4a54cdecc67,adapted,2741,5
c,stream,document,100,44,avro-c,1.11.3,811,661,210,1472,1233045.622688,1512859.304085,679347.826087,0,1.0,1,c4a54cdecc67,adapted,2742,6
c,stream,document,100,44,zcbor,0.9,1632,7101,354,8733,612745.098039,140825.235882,114508.187335,0,1.0,1,c4a54cdecc67,adapted,2743,7
c,stream,document,100,44,json-c,0.15,8116,8303,460,16419,123213.405619,120438.395761,60905.049029,0,1.0,1,c4a54cdecc67,adapted,2744,8
c,stream,document,100,44,parson,1.5.3,16262,8091,460,24353,61493.051285,123594.116920,41062.702747,0,1.0,1,c4a54cdecc67,adapted,2745,9
c,stream,document,100,44,yyjson,0.10.0,3691,1759,460,5450,270929.287456,568504.832291,183486.238532,0,1.0,1,c4a54cdecc67,adapted,2746,10
c,stream,document,100,44,flatcc,0.6.1,745,268,236,1013,1342281.879195,3731343.283582,987166.831194,0,1.0,1,c4a54cdecc67,adapted,2747,11
c,stream,document,100,44,nanopb,0.4.9,768,428,166,1196,1302083.333333,2336448.598131,836120.401338,0,1.0,1,c4a54cdecc67,adapted,2748,12
c,stream,document,100,44,custom-binary,v2-1.0,376,267,207,643,2659574.468085,3745318.352060,1555209.953344,0,1.0,1,c4a54cdecc67,adapted,2749,13
c,stream,document,100,44,ubj,1.0-min,420,307,244,727,2380952.380952,3257328.990228,1375515.818432,0,1.0,1,c4a54cdecc67,adapted,2750,14
c,stream,document,100,44,protobuf-wire,wire-v2,767,466,166,1233,1303780.964798,2145922.746781,811030.008110,0,1.0,1,c4a54cdecc67,adapted,2751,15
c,stream,document,100,44,jansson,2.14,11206,10504,460,21710,89237.908263,95201.827875,46061.722708,0,1.0,1,c4a54cdecc67,adapted,2752,16
c,stream,document,100,44,mpack,1.1,1666,1687,335,3353,600240.096038,592768.227623,298240.381748,0,1.0,1,c4a54cdecc67,adapted,2753,17
c,stream,document,100,44,cJSON,1.7.18,7214,5777,460,12991,138619.351261,173100.225030,76976.368255,0,1.0,1,c4a54cdecc67,adapted,2754,18
c,stream,document,100,45,cJSON,1.7.18,5535,5139,460,10674,180668.473351,194590.387235,93685.591156,0,1.0,1,c4a54cdecc67,adapted,2755,0
c,stream,document,100,45,nanopb,0.4.9,1392,461,166,1853,718390.804598,2169197.396963,539665.407447,0,1.0,1,c4a54cdecc67,adapted,2756,1
c,stream,document,100,45,custom-binary,v2-1.0,324,254,207,578,3086419.753086,3937007.874016,1730103.806228,0,1.0,1,c4a54cdecc67,adapted,2757,2
c,stream,document,100,45,qcbor,1.5.1,3217,6254,343,9471,310848.616724,159897.665494,105585.471439,0,1.0,1,c4a54cdecc67,adapted,2758,3
c,stream,document,100,45,yyjson,0.10.0,2690,1472,460,4162,371747.211896,679347.826087,240269.101394,0,1.0,1,c4a54cdecc67,adapted,2759,4
c,stream,document,100,45,mpack,1.1,795,1423,335,2218,1257861.635220,702740.688686,450856.627592,0,1.0,1,c4a54cdecc67,adapted,2760,5
c,stream,document,100,45,msgpack-c,6.0.1,1276,1455,335,2731,783699.059561,687285.223368,366166.239473,0,1.0,1,c4a54cdecc67,adapted,2761,6
c,stream,document,100,45,json-c,0.15,8534,8663,460,17197,117178.345442,115433.452615,58149.677269,0,1.0,1,c4a54cdecc67,adapted,2762,7
c,stream,document,100,45,parson,1.5.3,16128,8305,460,24433,62003.968254,120409.391933,40928.252773,0,1.0,1,c4a54cdecc67,adapted,2763,8
c,stream,document,100,45,zcbor,0.9,2749,7735,354,10484,363768.643143,129282.482224,95383.441435,0,1.0,1,c4a54cdecc67,adapted,2764,9
c,stream,document,100,45,protobuf-wire,wire-v2,795,445,166,1240,1257861.635220,2247191.011236,806451.612903,0,1.0,1,c4a54cdecc67,adapted,2765,10
c,stream,document,100,45,jansson,2.14,11097,10176,460,21273,90114.445346,98270.440252,47007.944343,0,1.0,1,c4a54cdecc67,adapted,2766,11
c,stream,document,100,45,cbor-encode,0.11.0,7932,6129,457,14061,126071.608674,163158.753467,71118.697105,0,1.0,1,c4a54cdecc67,adapted,2767,12
c,stream,document,100,45,avro-c,1.11.3,835,726,210,1561,1197604.790419,1377410.468320,640614.990391,0,1.0,1,c4a54cdecc67,adapted,2768,13
c,stream,document,100,45,protobuf-c,1.5.0,793,530,166,1323,1261034.047919,1886792.452830,755857.898715,0,1.0,1,c4a54cdecc67,adapted,2769,14
c,stream,document,100,45,flatcc,0.6.1,699,262,236,961,1430615.164521,3816793.893130,1040582.726327,0,1.0,1,c4a54cdecc67,adapted,2770,15
c,stream,document,100,45,libbson,1.27.5,4210,3433,577,7643,237529.691211,291290.416545,130838.675913,0,1.0,1,c4a54cdecc67,adapted,2771,16
c,stream,document,100,45,ubj,1.0-min,490,322,244,812,2040816.326531,3105590.062112,1231527.093596,0,1.0,1,c4a54cdecc67,adapted,2772,17
c,stream,document,100,45,tinycbor,0.6.0,1413,5980,343,7393,707714.083510,167224.080268,135263.086704,0,1.0,1,c4a54cdecc67,adapted,2773,18
c,stream,document,100,46,parson,1.5.3,15977,7729,460,23706,62589.973086,129382.843835,42183.413482,0,1.0,1,c4a54cdecc67,adapted,2774,0
c,stream,document,100,46,json-c,0.15,8665,8574,460,17239,115406.809002,116631.677164,58008.005105,0,1.0,1,c4a54cdecc67,adapted,2775,1
c,stream,document,100,46,cJSON,1.7.18,6891,5508,460,12399,145116.819039,181554.103123,80651.665457,0,1.0,1,c4a54cdecc67,adapted,2776,2
c,stream,document,100,46,jansson,2.14,10149,10369,460,20518,98531.875062,96441.315460,48737.693732,0,1.0,1,c4a54cdecc67,adapted,2777,3
c,stream,document,100,46,msgpack-c,6.0.1,1922,1542,335,3464,520291.363163,648508.430610,288683.602771,0,1.0,1,c4a54cdecc67,adapted,2778,4
c,stream,document,100,46,ubj,1.0-min,401,311,244,712,2493765.586035,3215434.083601,1404494.382022,0,1.0,1,c4a54cdecc67,adapted,2779,5
c,stream,document,100,46,yyjson,0.10.0,2892,1696,460,4588,345781.466113,589622.641509,217959.895379,0,1.0,1,c4a54cdecc67,adapted,2780,6
c,stream,document,100,46,libbson,1.27.5,3784,3063,577,6847,264270.613108,326477.309827,146049.364685,0,1.0,1,c4a54cdecc67,adapted,2781,7
c,stream,document,100,46,zcbor,0.9,1681,7413,354,9094,594883.997620,134898.151895,109962.612712,0,1.0,1,c4a54cdecc67,adapted,2782,8
c,stream,document,100,46,qcbor,1.5.1,3160,5932,343,9092,316455.696203,168577.208361,109986.801584,0,1.0,1,c4a54cdecc67,adapted,2783,9
c,stream,document,100,46,mpack,1.1,940,1639,335,2579,1063829.787234,610128.126907,387747.188833,0,1.0,1,c4a54cdecc67,adapted,2784,10
c,stream,document,100,46,flatcc,0.6.1,711,260,236,971,1406469.760900,3846153.846154,1029866.117405,0,1.0,1,c4a54cdecc67,adapted,2785,11
c,stream,document,100,46,protobuf-wire,wire-v2,792,448,166,1240,1262626.262626,2232142.857143,806451.612903,0,1.0,1,c4a54cdecc67,adapted,2786,12
c,stream,document,100,46,cbor-encode,0.11.0,10046,6015,457,16061,99542.106311,166251.039069,62262.623747,0,1.0,1,c4a54cdecc67,adapted,2787,13
c,stream,document,100,46,nanopb,0.4.9,789,443,166,1232,1267427.122940,2257336.343115,811688.311688,0,1.0,1,c4a54cdecc67,adapted,2788,14
c,stream,document,100,46,custom-binary,v2-1.0,366,266,207,632,2732240.437158,3759398.496241,1582278.481013,0,1.0,1,c4a54cdecc67,adapted,2789,15
c,stream,document,100,46,avro-c,1.11.3,827,704,210,1531,1209189.842805,1420454.545455,653167.864141,0,1.0,1,c4a54cdecc67,adapted,2790,16
c,stream,document,100,46,tinycbor,0.6.0,1708,6508,343,8216,585480.093677,153657.037492,121713.729309,0,1.0,1,c4a54cdecc67,adapted,2791,17
c,stream,document,100,46,protobuf-c,1.5.0,847,553,166,1400,1180637.544274,1808318.264014,714285.714286,0,1.0,1,c4a54cdecc67,adapted,2792,18
c,stream,document,100,47,jansson,2.14,10565,10338,460,20903,94652.153336,96730.508802,47840.022963,0,1.0,1,c4a54cdecc67,adapted,2793,0
c,stream,document,100,47,protobuf-wire,wire-v2,1362,434,166,1796,734214.390602,2304147.465438,556792.873051,0,1.0,1,c4a54cdecc67,adapted,2794,1
c,stream,document,100,47,tinycbor,0.6.0,1186,6021,343,7207,843170.320405,166085.367879,138753.989177,0,1.0,1,c4a54cdecc67,adapted,2795,2
c,stream,document,100,47,qcbor,1.5.1,2866,5916,343,8782,348918.353105,169033.130494,113869.278069,0,1.0,1,c4a54cdecc67,adapted,2796,3
c,stream,document,100,47,yyjson,0.10.0,3788,1673,460,5461,263991.552270,597728.631201,183116.645303,0,1.0,1,c4a54cdecc67,adapted,2797,4
c,stream,document,100,47,avro-c,1.11.3,722,592,210,1314,1385041.551247,1689189.189189,761035.007610,0,1.0,1,c4a54cdecc67,adapted,2798,5
c,stream,document,100,47,libbson,1.27.5,3730,2804,577,6534,268096.514745,356633.380884,153045.607591,0,1.0,1,c4a54cdecc67,adapted,2799,6
c,stream,document,100,47,mpack,1.1,968,1533,335,2501,1033057.851240,652315.720809,399840.063974,0,1.0,1,c4a54cdecc67,adapted,2800,7
c,stream,document,100,47,flatcc,0.6.1,640,271,236,911,1562500.000000,3690036.900369,1097694.840834,0,1.0,1,c4a54cdecc67,adapted,2801,8
c,stream,document,100,47,cbor-encode,0.11.0,7749,6175,457,13924,129048.909537,161943.319838,71818.442976,0,1.0,1,c4a54cdecc67,adapted,2802,9
c,stream,document,100,47,zcbor,0.9,1629,7496,354,9125,613873.542050,133404.482391,109589.041096,0,1.0,1,c4a54cdecc67,adapted,2803,10
c,stream,document,100,47,parson,1.5.3,17221,8220,460,25441,58068.637129,121654.501217,39306.631029,0,1.0,1,c4a54cdecc67,adapted,2804,11
c,stream,document,100,47,custom-binary,v2-1.0,1374,280,207,1654,727802.037846,3571428.571429,604594.921403,0,1.0,1,c4a54cdecc67,adapted,2805,12
c,stream,document,100,47,ubj,1.0-min,429,313,244,742,2331002.331002,3194888.178914,1347708.894879,0,1.0,1,c4a54cdecc67,adapted,2806,13
c,stream,document,100,47,cJSON,1.7.18,7210,5703,460,12913,138696.255201,175346.308960,77441.338186,0,1.0,1,c4a54cdecc67,adapted,2807,14
c,stream,document,100,47,protobuf-c,1.5.0,1502,485,166,1987,665778.961385,2061855.670103,503271.263211,0,1.0,1,c4a54cdecc67,adapted,2808,15
c,stream,document,100,47,msgpack-c,6.0.1,1344,1485,335,2829,744047.619048,673400.673401,353481.795688,0,1.0,1,c4a54cdecc67,adapted,2809,16
c,stream,document,100,47,nanopb,0.4.9,763,419,166,1182,1310615.989515,2386634.844869,846023.688663,0,1.0,1,c4a54cdecc67,adapted,2810,17
c,stream,document,100,47,json-c,0.15,8743,19640,460,28383,114377.216059,50916.496945,35232.357397,0,1.0,1,c4a54cdecc67,adapted,2811,18
c,stream,document,100,48,yyjson,0.10.0,3682,1775,460,5457,271591.526344,563380.281690,183250.870442,0,1.0,1,c4a54cdecc67,adapted,2812,0
c,stream,document,100,48,protobuf-c,1.5.0,743,439,166,1182,1345895.020188,2277904.328018,846023.688663,0,1.0,1,c4a54cdecc67,adapted,2813,1
c,stream,document,100,48,flatcc,0.6.1,738,273,236,1011,1355013.550136,3663003.663004,989119.683482,0,1.0,1,c4a54cdecc67,adapted,2814,2
c,stream,document,100,48,ubj,1.0-min,417,310,244,727,2398081.534772,3225806.451613,1375515.818432,0,1.0,1,c4a54cdecc67,adapted,2815,3
c,stream,document,100,48,mpack,1.1,1056,1648,335,2704,946969.696970,606796.116505,369822.485207,0,1.0,1,c4a54cdecc67,adapted,2816,4
c,stream,document,100,48,tinycbor,0.6.0,1297,6259,343,7556,771010.023130,159769.931299,132345.156167,0,1.0,1,c4a54cdecc67,adapted,2817,5
c,stream,document,100,48,custom-binary,v2-1.0,370,266,207,636,2702702.702703,3759398.496241,1572327.044025,0,1.0,1,c4a54cdecc67,adapted,2818,6
c,stream,document,100,48,zcbor,0.9,1701,7351,354,9052,587889.476778,136035.913481,110472.823685,0,1.0,1,c4a54cdecc67,adapted,2819,7
c,stream,document,100,48,qcbor,1.5.1,2993,6141,343,9134,334112.930170,162839.928350,109481.059777,0,1.0,1,c4a54cdecc67,adapted,2820,8
c,stream,document,100,48,msgpack-c,6.0.1,1118,1395,335,2513,894454.382826,716845.878136,397930.760048,0,1.0,1,c4a54cdecc67,adapted,2821,9
c,stream,document,100,48,cJSON,1.7.18,7146,5395,460,12541,139938.427092,185356.811863,79738.457858,0,1.0,1,c4a54cdecc67,adapted,2822,10
c,stream,document,100,48,nanopb,0.4.9,1494,419,166,1913,669344.042838,2386634.844869,522739.153163,0,1.0,1,c4a54cdecc67,adapted,2823,11
c,stream,document,100,48,parson,1.5.3,17041,11405,460,28446,58682.002230,87680.841736,35154.327498,0,1.0,1,c4a54cdecc67,adapted,2824,12
c,stream,document,100,48,protobuf-wire,wire-v2,1836,563,166,2399,544662.309368,1776198.934281,416840.350146,0,1.0,1,c4a54cdecc67,adapted,2825,13
c,stream,document,100,48,libbson,1.27.5,3900,3040,577,6940,256410.256410,328947.368421,144092.219020,0,1.0,1,c4a54cdecc67,adapted,2826,14
c,stream,document,100,48,json-c,0.15,10033,8793,460,18826,99671.085418,113726.828159,53118.028259,0,1.0,1,c4a54cdecc67,adapted,2827,15
c,stream,document,100,48,avro-c,1.11.3,1576,725,210,2301,634517.766497,1379310.344828,434593.654933,0,1.0,1,c4a54cdecc67,adapted,2828,16
c,stream,document,100,48,jansson,2.14,10985,10894,460,21879,91033.227128,91793.647880,45705.928059,0,1.0,1,c4a54cdecc67,adapted,2829,17
c,stream,document,100,48,cbor-encode,0.11.0,8096,6367,457,14463,123517.786561,157059.839799,69141.948420,0,1.0,1,c4a54cdecc67,adapted,2830,18
c,stream,document,100,49,cbor-encode,0.11.0,6882,6053,457,12935,145306.596920,165207.335206,77309.625048,0,1.0,1,c4a54cdecc67,adapted,2831,0
c,stream,document,100,49,zcbor,0.9,1671,7110,354,8781,598444.045482,140646.976090,113882.245758,0,1.0,1,c4a54cdecc67,adapted,2832,1
c,stream,document,100,49,ubj,1.0-min,481,329,244,810,2079002.079002,3039513.677812,1234567.901235,0,1.0,1,c4a54cdecc67,adapted,2833,2
c,stream,document,100,49,cJSON,1.7.18,6893,5370,460,12263,145074.713477,186219.739292,81546.114328,0,1.0,1,c4a54cdecc67,adapted,2834,3
c,stream,document,100,49,mpack,1.1,1618,1646,335,3264,618046.971570,607533.414338,306372.549020,0,1.0,1,c4a54cdecc67,adapted,2835,4
c,stream,document,100,49,flatcc,0.6.1,1007,522,236,1529,993048.659384,1915708.812261,654022.236756,0,1.0,1,c4a54cdecc67,adapted,2836,5
c,stream,document,100,49,msgpack-c,6.0.1,1454,1468,335,2922,687757.909216,681198.910082,342231.348392,0,1.0,1,c4a54cdecc67,adapted,2837,6
c,stream,document,100,49,yyjson,0.10.0,2907,1803,460,4710,343997.248022,554631.170272,212314.225053,0,1.0,1,c4a54cdecc67,adapted,2838,7
c,stream,document,100,49,tinycbor,0.6.0,1387,5982,343,7369,720980.533526,167168.171180,135703.623287,0,1.0,1,c4a54cdecc67,adapted,2839,8
c,stream,document,100,49,custom-binary,v2-1.0,451,307,207,758,2217294.900222,3257328.990228,1319261.213720,0,1.0,1,c4a54cdecc67,adapted,2840,9
c,stream,document,100,49,protobuf-c,1.5.0,810,469,166,1279,1234567.901235,2132196.162047,781860.828772,0,1.0,1,c4a54cdecc67,adapted,2841,10
c,stream,document,100,49,nanopb,0.4.9,781,451,166,1232,1280409.731114,2217294.900222,811688.311688,0,1.0,1,c4a54cdecc67,adapted,2842,11
c,stream,document,100,49,qcbor,1.5.1,3099,5957,343,9056,322684.737012,167869.733087,110424.028269,0,1.0,1,c4a54cdecc67,adapted,2843,12
c,stream,document,100,49,json-c,0.15,8581,8652,460,17233,116536.534203,115580.212668,58028.201706,0,1.0,1,c4a54cdecc67,adapted,2844,13
c,stream,document,100,49,jansson,2.14,11004,10393,460,21397,90876.045075,96218.608679,46735.523672,0,1.0,1,c4a54cdecc67,adapted,2845,14
c,stream,document,100,49,protobuf-wire,wire-v2,1391,473,166,1864,718907.260963,2114164.904863,536480.686695,0,1.0,1,c4a54cdecc67,adapted,2846,15
c,stream,document,100,49,avro-c,1.11.3,834,664,210,1498,1199040.767386,1506024.096386,667556.742323,0,1.0,1,c4a54cdecc67,adapted,2847,16
c,stream,document,100,49,libbson,1.27.5,4097,2914,577,7011,244081.034904,343170.899108,142633.005277,0,1.0,1,c4a54cdecc67,adapted,2848,17
c,stream,document,100,49,parson,1.5.3,17257,8456,460,25713,57947.499565,118259.224219,38890.833431,0,1.0,1,c4a54cdecc67,adapted,2849,18
c,stream,document,100,50,qcbor,1.5.1,3735,6139,343,9874,267737.617135,162892.979313,101276.078590,0,1.0,1,c4a54cdecc67,adapted,2850,0
c,stream,document,100,50,mpack,1.1,1209,1853,335,3062,827129.859388,539665.407447,326583.932071,0,1.0,1,c4a54cdecc67,adapted,2851,1
c,stream,document,100,50,protobuf-wire,wire-v2,867,471,166,1338,1153402.537486,2123142.250531,747384.155456,0,1.0,1,c4a54cdecc67,adapted,2852,2
c,stream,document,100,50,custom-binary,v2-1.0,385,273,207,658,2597402.597403,3663003.663004,1519756.838906,0,1.0,1,c4a54cdecc67,adapted,2853,3
c,stream,document,100,50,flatcc,0.6.1,758,278,236,1036,1319261.213720,3597122.302158,965250.965251,0,1.0,1,c4a54cdecc67,adapted,2854,4
c,stream,document,100,50,parson,1.5.3,15506,7376,460,22882,64491.164710,135574.837310,43702.473560,0,1.0,1,c4a54cdecc67,adapted,2855,5
c,stream,document,100,50,avro-c,1.11.3,1564,651,210,2215,639386.189258,1536098.310292,451467.268623,0,1.0,1,c4a54cdecc67,adapted,2856,6
c,stream,document,100,50,zcbor,0.9,1606,7398,354,9004,622665.006227,135171.668018,111061.750333,0,1.0,1,c4a54cdecc67,adapted,2857,7
c,stream,document,100,50,json-c,0.15,8390,8796,460,17186,119189.511323,113688.040018,58186.896311,0,1.0,1,c4a54cdecc67,adapted,2858,8
c,stream,document,100,50,cJSON,1.7.18,6683,5600,460,12283,149633.398174,178571.428571,81413.335504,0,1.0,1,c4a54cdecc67,adapted,2859,9
c,stream,document,100,50,jansson,2.14,10850,10321,460,21171,92165.898618,96889.836256,47234.424449,0,1.0,1,c4a54cdecc67,adapted,2860,10
c,stream,document,100,50,tinycbor,0.6.0,1962,6189,343,8151,509683.995923,161576.991436,122684.333211,0,1.0,1,c4a54cdecc67,adapted,2861,11
c,stream,document,100,50,ubj,1.0-min,482,319,244,801,2074688.796680,3134796.238245,1248439.450687,0,1.0,1,c4a54cdecc67,adapted,2862,12
c,stream,document,100,50,libbson,1.27.5,3855,2818,577,6673,259403.372244,354861.603974,149857.635247,0,1.0,1,c4a54cdecc67,adapted,2863,13
c,stream,document,100,50,cbor-encode,0.11.0,7854,6151,457,14005,127323.656735,162575.191026,71403.070332,0,1.0,1,c4a54cdecc67,adapted,2864,14
c,stream,document,100,50,msgpack-c,6.0.1,1254,1452,335,2706,797448.165869,688705.234160,369549.150037,0,1.0,1,c4a54cdecc67,adapted,2865,15
c,stream,document,100,50,protobuf-c,1.5.0,776,442,166,1218,1288659.793814,2262443.438914,821018.062397,0,1.0,1,c4a54cdecc67,adapted,2866,16
c,stream,document,100,50,yyjson,0.10.0,2855,1654,460,4509,350262.697023,604594.921403,221778.664892,0,1.0,1,c4a54cdecc67,adapted,2867,17
c,stream,document,100,50,nanopb,0.4.9,798,432,166,1230,1253132.832080,2314814.814815,813008.130081,0,1.0,1,c4a54cdecc67,adapted,2868,18
c,stream,document,100,51,parson,1.5.3,16926,7997,460,24923,59080.704242,125046.892585,40123.580628,0,1.0,1,c4a54cdecc67,adapted,2869,0
c,stream,document,100,51,cJSON,1.7.18,7277,5499,460,12776,137419.266181,181851.245681,78271.759549,0,1.0,1,c4a54cdecc67,adapted,2870,1
c,stream,document,100,51,avro-c,1.11.3,1483,635,210,2118,674308.833446,1574803.149606,472143.531634,0,1.0,1,c4a54cdecc67,adapted,2871,2
c,stream,document,100,51,tinycbor,0.6.0,1231,5976,343,7207,812347.684809,167336.010710,138753.989177,0,1.0,1,c4a54cdecc67,adapted,2872,3
c,stream,document,100,51,qcbor,1.5.1,3169,5827,343,8996,315556.958031,171614.896173,111160.515785,0,1.0,1,c4a54cdecc67,adapted,2873,4
c,stream,document,100,51,msgpack-c,6.0.1,1155,1389,335,2544,865800.865801,719942.404608,393081.761006,0,1.0,1,c4a54cdecc67,adapted,2874,5
c,stream,document,100,51,mpack,1.1,954,1677,335,2631,1048218.029350,596302.921884,380083.618396,0,1.0,1,c4a54cdecc67,adapted,2875,6
c,stream,document,100,51,json-c,0.15,8348,8846,460,17194,119789.171059,113045.444269,58159.823194,0,1.0,1,c4a54cdecc67,adapted,2876,7
c,stream,document,100,51,protobuf-wire,wire-v2,1467,423,166,1890,681663.258350,2364066.193853,529100.529101,0,1.0,1,c4a54cdecc67,adapted,2877,8
c,stream,document,100,51,custom-binary,v2-1.0,373,302,207,675,2680965.147453,3311258.278146,1481481.481481,0,1.0,1,c4a54cdecc67,adapted,2878,9
c,stream,document,100,51,protobuf-c,1.5.0,786,444,166,1230,1272264.631043,2252252.252252,813008.130081,0,1.0,1,c4a54cdecc67,adapted,2879,10
c,stream,document,100,51,jansson,2.14,10946,10370,460,21316,91357.573543,96432.015429,46913.116907,0,1.0,1,c4a54cdecc67,adapted,2880,11
c,stream,document,100,51,flatcc,0.6.1,1509,283,236,1792,662690.523526,3533568.904594,558035.714286,0,1.0,1,c4a54cdecc67,adapted,2881,12
c,stream,document,100,51,ubj,1.0-min,444,315,244,759,2252252.252252,3174603.174603,1317523.056653,0,1.0,1,c4a54cdecc67,adapted,2882,13
c,stream,document,100,51,nanopb,0.4.9,771,428,166,1199,1297016.861219,2336448.598131,834028.356964,0,1.0,1,c4a54cdecc67,adapted,2883,14
c,stream,document,100,51,cbor-encode,0.11.0,7663,6266,457,13929,130497.194310,159591.445898,71792.662790,0,1.0,1,c4a54cdecc67,adapted,2884,15
c,stream,document,100,51,yyjson,0.10.0,2834,1741,460,4575,352858.151023,574382.538771,218579.234973,0,1.0,1,c4a54cdecc67,adapted,2885,16
c,stream,document,100,51,zcbor,0.9,1778,7362,354,9140,562429.696288,135832.654170,109409.190372,0,1.0,1,c4a54cdecc67,adapted,2886,17
c,stream,document,100,51,libbson,1.27.5,3969,2798,577,6767,251952.632905,357398.141530,147775.971627,0,1.0,1,c4a54cdecc67,adapted,2887,18
c,stream,document,100,52,flatcc,0.6.1,596,268,236,864,1677852.348993,3731343.283582,1157407.407407,0,1.0,1,c4a54cdecc67,adapted,2888,0
c,stream,document,100,52,qcbor,1.5.1,3165,14927,343,18092,315955.766193,66992.697796,55273.048861,0,1.0,1,c4a54cdecc67,adapted,2889,1
c,stream,document,100,52,yyjson,0.10.0,2580,1379,460,3959,387596.899225,725163.161711,252589.037636,0,1.0,1,c4a54cdecc67,adapted,2890,2
c,stream,document,100,52,zcbor,0.9,1435,7394,354,8829,696864.111498,135244.793075,113263.110205,0,1.0,1,c4a54cdecc67,adapted,2891,3
c,stream,document,100,52,avro-c,1.11.3,858,620,210,1478,1165501.165501,1612903.225806,676589.986468,0,1.0,1,c4a54cdecc67,adapted,2892,4
c,stream,document,100,52,custom-binary,v2-1.0,341,270,207,611,2932551.319648,3703703.703704,1636661.211129,0,1.0,1,c4a54cdecc67,adapted,2893,5
c,stream,document,100,52,libbson,1.27.5,3469,2510,577,5979,288267.512251,398406.374502,167252.048838,0,1.0,1,c4a54cdecc67,adapted,2894,6
c,stream,document,100,52,protobuf-c,1.5.0,833,452,166,1285,1200480.192077,2212389.380531,778210.116732,0,1.0,1,c4a54cdecc67,adapted,2895,7
c,stream,document,100,52,msgpack-c,6.0.1,1270,1457,335,2727,787401.574803,686341.798216,366703.337000,0,1.0,1,c4a54cdecc67,adapted,2896,8
c,stream,document,100,52,mpack,1.1,934,1888,335,2822,1070663.811563,529661.016949,354358.610914,0,1.0,1,c4a54cdecc67,adapted,2897,9
c,stream,document,100,52,json-c,0.15,8554,8661,460,17215,116904.372224,115460.108533,58088.875980,0,1.0,1,c4a54cdecc67,adapted,2898,10
c,stream,document,100,52,cbor-encode,0.11.0,7645,6342,457,13987,130804.447351,157678.965626,71494.959605,0,1.0,1,c4a54cdecc67,adapted,2899,11
c,stream,document,100,52,jansson,2.14,11230,10744,460,21974,89047.195013,93075.204765,45508.328024,0,1.0,1,c4a54cdecc67,adapted,2900,12
c,stream,document,100,52,tinycbor,0.6.0,3105,5964,343,9069,322061.191626,167672.702884,110265.740434,0,1.0,1,c4a54cdecc67,adapted,2901,13
c,stream,document,100,52,protobuf-wire,wire-v2,837,463,166,1300,1194743.130227,2159827.213823,769230.769231,0,1.0,1,c4a54cdecc67,adapted,2902,14
c,stream,document,100,52,parson,1.5.3,17013,8880,460,25893,58778.581085,112612.612613,38620.476577,0,1.0,1,c4a54cdecc67,adapted,2903,15
c,stream,document,100,52,ubj,1.0-min,1321,338,244,1659,757002.271007,2958579.881657,602772.754671,0,1.0,1,c4a54cdecc67,adapted,2904,16
c,stream,document,100,52,cJSON,1.7.18,7509,6004,460,13513,133173.525103,166555.629580,74002.812107,0,1.0,1,c4a54cdecc67,adapted,2905,17
c,stream,document,100,52,nanopb,0.4.9,1384,471,166,1855,722543.352601,2123142.250531,539083.557951,0,1.0,1,c4a54cdecc67,adapted,2906,18
c,stream,document,100,53,parson,1.5.3,15571,7581,460,23152,64221.951063,131908.719166,43192.812716,0,1.0,1,c4a54cdecc67,adapted,2907,0
c,stream,document,100,53,libbson,1.27.5,4772,2875,577,7647,209555.741827,347826.086957,130770.236694,0,1.0,1,c4a54cdecc67,adapted,2908,1
c,stream,document,100,53,cJSON,1.7.18,6792,5312,460,12104,147232.037691,188253.012048,82617.316590,0,1.0,1,c4a54cdecc67,adapted,2909,2
c,stream,document,100,53,json-c,0.15,8433,9213,460,17646,118581.762125,108542.277217,56670.066871,0,1.0,1,c4a54cdecc67,adapted,2910,3
c,stream,document,100,53,nanopb,0.4.9,1322,417,166,1739,756429.652042,2398081.534772,575043.128235,0,1.0,1,c4a54cdecc67,adapted,2911,4
c,stream,document,100,53,tinycbor,0.6.0,1302,6076,343,7378,768049.155146,164581.961817,135538.086202,0,1.0,1,c4a54cdecc67,adapted,2912,5
c,stream,document,100,53,jansson,2.14,10682,10160,460,20842,93615.427823,98425.196850,47980.040303,0,1.0,1,c4a54cdecc67,adapted,2913,6
c,stream,document,100,53,qcbor,1.5.1,3692,5785,343,9477,270855.904659,172860.847018,105518.624037,0,1.0,1,c4a54cdecc67,adapted,2914,7
c,stream,document,100,53,custom-binary,v2-1.0,387,268,207,655,2583979.328165,3731343.283582,1526717.557252,0,1.0,1,c4a54cdecc67,adapted,2915,8
c,stream,document,100,53,zcbor,0.9,1623,7024,354,8647,616142.945163,142369.020501,115647.045218,0,1.0,1,c4a54cdecc67,adapted,2916,9
c,stream,document,100,53,mpack,1.1,899,1585,335,2484,1112347.052280,630914.826498,402576.489533,0,1.0,1,c4a54cdecc67,adapted,2917,10
c,stream,document,100,53,flatcc,0.6.1,795,314,236,1109,1257861.635220,3184713.375796,901713.255185,0,1.0,1,c4a54cdecc67,adapted,2918,11
c,stream,document,100,53,msgpack-c,6.0.1,1334,1399,335,2733,749625.187406,714796.283059,365898.280278,0,1.0,1,c4a54cdecc67,adapted,2919,12
c,stream,document,100,53,yyjson,0.10.0,2915,1793,460,4708,343053.173242,557724.484105,212404.418012,0,1.0,1,c4a54cdecc67,adapted,2920,13
c,stream,document,100,53,protobuf-wire,wire-v2,805,451,166,1256,1242236.024845,2217294.900222,796178.343949,0,1.0,1,c4a54cdecc67,adapted,2921,14
c,stream,document,100,53,protobuf-c,1.5.0,814,498,166,1312,1228501.228501,2008032.128514,762195.121951,0,1.0,1,c4a54cdecc67,adapted,2922,15
c,stream,document,100,53,avro-c,1.11.3,762,633,210,1395,1312335.958005,1579778.830964,716845.878136,0,1.0,1,c4a54cdecc67,adapted,2923,16
c,stream,document,100,53,cbor-encode,0.11.0,7929,6074,457,14003,126119.308866,164636.154099,71413.268585,0,1.0,1,c4a54cdecc67,adapted,2924,17
c,stream,document,100,53,ubj,1.0-min,500,347,244,847,2000000.000000,2881844.380403,1180637.544274,0,1.0,1,c4a54cdecc67,adapted,2925,18
c,stream,document,100,54,ubj,1.0-min,357,281,244,638,2801120.448179,3558718.861210,1567398.119122,0,1.0,1,c4a54cdecc67,adapted,2926,0
c,stream,document,100,54,avro-c,1.11.3,530,525,210,1055,1886792.452830,1904761.904762,947867.298578,0,1.0,1,c4a54cdecc67,adapted,2927,1
c,stream,document,100,54,jansson,2.14,10032,10289,460,20321,99681.020734,97191.175041,49210.176665,0,1.0,1,c4a54cdecc67,adapted,2928,2
c,stream,document,100,54,qcbor,1.5.1,3382,5725,343,9107,295683.027794,174672.489083,109805.644010,0,1.0,1,c4a54cdecc67,adapted,2929,3
c,stream,document,100,54,json-c,0.15,10676,8814,460,19490,93668.040465,113455.865668,51308.363263,0,1.0,1,c4a54cdecc67,adapted,2930,4
c,stream,document,100,54,cbor-encode,0.11.0,6998,5874,457,12872,142897.970849,170241.743275,77688.004972,0,1.0,1,c4a54cdecc67,adapted,2931,5
c,stream,document,100,54,nanopb,0.4.9,814,443,166,1257,1228501.228501,2257336.343115,795544.948290,0,1.0,1,c4a54cdecc67,adapted,2932,6
c,stream,document,100,54,zcbor,0.9,1595,7137,354,8732,626959.247649,140114.894213,114521.300962,0,1.0,1,c4a54cdecc67,adapted,2933,7
c,stream,document,100,54,tinycbor,0.6.0,1329,5853,343,7182,752445.447705,170852.554246,139236.981342,0,1.0,1,c4a54cdecc67,adapted,2934,8
c,stream,document,100,54,libbson,1.27.5,3880,2962,577,6842,257731.958763,337609.723160,146156.094709,0,1.0,1,c4a54cdecc67,adapted,2935,9
c,stream,document,100,54,parson,1.5.3,16400,8400,460,24800,60975.609756,119047.619048,40322.580645,0,1.0,1,c4a54cdecc67,adapted,2936,10
c,stream,document,100,54,msgpack-c,6.0.1,2382,1476,335,3858,419815.281276,677506.775068,259201.658891,0,1.0,1,c4a54cdecc67,adapted,2937,11
c,stream,document,100,54,custom-binary,v2-1.0,340,270,207,610,2941176.470588,3703703.703704,1639344.262295,0,1.0,1,c4a54cdecc67,adapted,2938,12
c,stream,document,100,54,flatcc,0.6.1,769,298,236,1067,1300390.117035,3355704.697987,937207.122774,0,1.0,1,c4a54cdecc67,adapted,2939,13
c,stream,document,100,54,mpack,1.1,938,1635,335,2573,1066098.081023,611620.795107,388651.379712,0,1.0,1,c4a54cdecc67,adapted,2940,14
c,stream,document,100,54,cJSON,1.7.18,9917,5762,460,15679,100836.946657,173550.850399,63779.577779,0,1.0,1,c4a54cdecc67,adapted,2941,15
c,stream,document,100,54,yyjson,0.10.0,3361,1820,460,5181,297530.496876,549450.549451,193012.931866,0,1.0,1,c4a54cdecc67,adapted,2942,16
c,stream,document,100,54,protobuf-wire,wire-v2,810,461,166,1271,1234567.901235,2169197.396963,786782.061369,0,1.0,1,c4a54cdecc67,adapted,2943,17
c,stream,document,100,54,protobuf-c,1.5.0,811,476,166,1287,1233045.622688,2100840.336134,777000.777001,0,1.0,1,c4a54cdecc67,adapted,2944,18
c,stream,document,100,55,yyjson,0.10.0,2263,1281,460,3544,441891.294741,780640.124902,282167.042889,0,1.0,1,c4a54cdecc67,adapted,2945,0
c,stream,document,100,55,json-c,0.15,8346,9131,460,17477,119817.876827,109517.029898,57218.058019,0,1.0,1,c4a54cdecc67,adapted,2946,1
c,stream,document,100,55,libbson,1.27.5,4085,2685,577,6770,244798.041616,372439.478585,147710.487445,0,1.0,1,c4a54cdecc67,adapted,2947,2
c,stream,document,100,55,qcbor,1.5.1,2930,6159,343,9089,341296.928328,162364.020133,110023.104852,0,1.0,1,c4a54cdecc67,adapted,2948,3
c,stream,document,100,55,msgpack-c,6.0.1,1177,1361,335,2538,849617.672048,734753.857458,394011.032309,0,1.0,1,c4a54cdecc67,adapted,2949,4
c,stream,document,100,55,mpack,1.1,891,1477,335,2368,1122334.455668,677048.070413,422297.297297,0,1.0,1,c4a54cdecc67,adapted,2950,5
c,stream,document,100,55,avro-c,1.11.3,746,667,210,1413,1340482.573727,1499250.374813,707714.083510,0,1.0,1,c4a54cdecc67,adapted,2951,6
c,stream,document,100,55,jansson,2.14,10846,10373,460,21219,92199.889360,96404.126097,47127.574344,0,1.0,1,c4a54cdecc67,adapted,2952,7
c,stream,document,100,55,parson,1.5.3,16420,8244,460,24664,60901.339829,121300.339641,40544.923776,0,1.0,1,c4a54cdecc67,adapted,2953,8
c,stream,document,100,55,nanopb,0.4.9,1740,418,166,2158,574712.643678,2392344.497608,463392.029657,0,1.0,1,c4a54cdecc67,adapted,2954,9
c,stream,document,100,55,custom-binary,v2-1.0,371,283,207,654,2695417.789757,3533568.904594,1529051.987768,0,1.0,1,c4a54cdecc67,adapted,2955,10
c,stream,document,100,55,cbor-encode,0.11.0,7456,6180,457,13636,134120.171674,161812.297735,73335.288941,0,1.0,1,c4a54cdecc67,adapted,2956,11
c,stream,document,100,55,protobuf-c,1.5.0,785,442,166,1227,1273885.350318,2262443.438914,814995.925020,0,1.0,1,c4a54cdecc67,adapted,2957,12
c,stream,document,100,55,zcbor,0.9,1582,7214,354,8796,632111.251580,138619.351261,113688.040018,0,1.0,1,c4a54cdecc67,adapted,2958,13
c,stream,document,100,55,cJSON,1.7.18,6831,5428,460,12259,146391.450739,184229.918939,81572.722082,0,1.0,1,c4a54cdecc67,adapted,2959,14
c,stream,document,100,55,flatcc,0.6.1,1457,278,236,1735,686341.798216,3597122.302158,576368.876081,0,1.0,1,c4a54cdecc67,adapted,2960,15
c,stream,document,100,55,ubj,1.0-min,436,315,244,751,2293577.981651,3174603.174603,1331557.922770,0,1.0,1,c4a54cdecc67,adapted,2961,16
c,stream,document,100,55,tinycbor,0.6.0,1326,5991,343,7317,754147.812971,166917.042230,136668.033347,0,1.0,1,c4a54cdecc67,adapted,2962,17
c,stream,document,100,55,protobuf-wire,wire-v2,857,455,166,1312,1166861.143524,2197802.197802,762195.121951,0,1.0,1,c4a54cdecc67,adapted,2963,18
c,stream,document,100,56,protobuf-c,1.5.0,720,426,166,1146,1388888.888889,2347417.840376,872600.349040,0,1.0,1,c4a54cdecc67,adapted,2964,0
c,stream,document,100,56,libbson,1.27.5,3662,2700,577,6362,273074.822501,370370.370370,157183.275699,0,1.0,1,c4a54cdecc67,adapted,2965,1
c,stream,document,100,56,tinycbor,0.6.0,984,5703,343,6687,1016260.162602,175346.308960,149543.891132,0,1.0,1,c4a54cdecc67,adapted,2966,2
c,stream,document,100,56,cJSON,1.7.18,6199,4843,460,11042,161316.341345,206483.584555,90563.303749,0,1.0,1,c4a54cdecc67,adapted,2967,3
c,stream,document,100,56,mpack,1.1,1502,1588,335,3090,665778.961385,629722.921914,323624.595469,0,1.0,1,c4a54cdecc67,adapted,2968,4
c,stream,document,100,56,cbor-encode,0.11.0,7303,5789,457,13092,136930.028755,172741.406115,76382.523679,0,1.0,1,c4a54cdecc67,adapted,2969,5
c,stream,document,100,56,jansson,2.14,12728,10269,460,22997,78566.939032,97380.465479,43483.932687,0,1.0,1,c4a54cdecc67,adapted,2970,6
c,stream,document,100,56,msgpack-c,6.0.1,1920,1420,335,3340,520833.333333,704225.352113,299401.197605,0,1.0,1,c4a54cdecc67,adapted,2971,7
c,stream,document,100,56,protobuf-wire,wire-v2,731,406,166,1137,1367989.056088,2463054.187192,879507.475814,0,1.0,1,c4a54cdecc67,adapted,2972,8
c,stream,document,100,56,flatcc,0.6.1,647,290,236,937,1545595.054096,3448275.862069,1067235.859125,0,1.0,1,c4a54cdecc67,adapted,2973,9
c,stream,document,100,56,avro-c,1.11.3,705,676,210,1381,1418439.716312,1479289.940828,724112.961622,0,1.0,1,c4a54cdecc67,adapted,2974,10
c,stream,document,100,56,parson,1.5.3,16300,8195,460,24495,61349.693252,122025.625381,40824.658093,0,1.0,1,c4a54cdecc67,adapted,2975,11
c,stream,document,100,56,zcbor,0.9,2469,7289,354,9758,405022.276225,137193.030594,102480.016397,0,1.0,1,c4a54cdecc67,adapted,2976,12
c,stream,document,100,56,custom-binary,v2-1.0,392,284,207,676,2551020.408163,3521126.760563,1479289.940828,0,1.0,1,c4a54cdecc67,adapted,2977,13
c,stream,document,100,56,ubj,1.0-min,488,302,244,790,2049180.327869,3311258.278146,1265822.784810,0,1.0,1,c4a54cdecc67,adapted,2978,14
c,stream,document,100,56,qcbor,1.5.1,2956,5729,343,8685,338294.993234,174550.532379,115141.047784,0,1.0,1,c4a54cdecc67,adapted,2979,15
c,stream,document,100,56,yyjson,0.10.0,2695,1685,460,4380,371057.513915,593471.810089,228310.502283,0,1.0,1,c4a54cdecc67,adapted,2980,16
c,stream,document,100,56,nanopb,0.4.9,806,432,166,1238,1240694.789082,2314814.814815,807754.442649,0,1.0,1,c4a54cdecc67,adapted,2981,17
c,stream,document,100,56,json-c,0.15,8289,8640,460,16929,120641.814453,115740.740741,59070.234509,0,1.0,1,c4a54cdecc67,adapted,2982,18
c,stream,document,100,57,mpack,1.1,1648,1735,335,3383,606796.116505,576368.876081,295595.625185,0,1.0,1,c4a54cdecc67,adapted,2983,0
c,stream,document,100,57,msgpack-c,6.0.1,1510,1646,335,3156,662251.655629,607533.414338,316856.780735,0,1.0,1,c4a54cdecc67,adapted,2984,1
c,stream,document,100,57,cJSON,1.7.18,6697,5440,460,12137,149320.591310,183823.529412,82392.683530,0,1.0,1,c4a54cdecc67,adapted,2985,2
c,stream,document,100,57,parson,1.5.3,18460,8399,460,26859,54171.180932,119061.793071,37231.468037,0,1.0,1,c4a54cdecc67,adapted,2986,3
c,stream,document,100,57,jansson,2.14,10886,10215,460,21101,91861.106008,97895.252080,47391.118904,0,1.0,1,c4a54cdecc67,adapted,2987,4
c,stream,document,100,57,custom-binary,v2-1.0,1030,302,207,1332,970873.786408,3311258.278146,750750.750751,0,1.0,1,c4a54cdecc67,adapted,2988,5
c,stream,document,100,57,protobuf-c,1.5.0,775,451,166,1226,1290322.580645,2217294.900222,815660.685155,0,1.0,1,c4a54cdecc67,adapted,2989,6
c,stream,document,100,57,cbor-encode,0.11.0,7541,6170,457,13711,132608.407373,162074.554295,72934.140471,0,1.0,1,c4a54cdecc67,adapted,2990,7
c,stream,document,100,57,avro-c,1.11.3,726,666,210,1392,1377410.468320,1501501.501502,718390.804598,0,1.0,1,c4a54cdecc67,adapted,2991,8
c,stream,document,100,57,nanopb,0.4.9,759,421,166,1180,1317523.056653,2375296.912114,847457.627119,0,1.0,1,c4a54cdecc67,adapted,2992,9
c,stream,document,100,57,zcbor,0.9,1627,7173,354,8800,614628.149969,139411.682699,113636.363636,0,1.0,1,c4a54cdecc67,adapted,2993,10
c,stream,document,100,57,flatcc,0.6.1,715,266,236,981,1398601.398601,3759398.496241,1019367.991845,0,1.0,1,c4a54cdecc67,adapted,2994,11
c,stream,document,100,57,protobuf-wire,wire-v2,770,450,166,1220,1298701.298701,2222222.222222,819672.131148,0,1.0,1,c4a54cdecc67,adapted,2995,12
c,stream,document,100,57,json-c,0.15,7974,8096,460,16070,125407.574618,123517.786561,62227.753578,0,1.0,1,c4a54cdecc67,adapted,2996,13
c,stream,document,100,57,ubj,1.0-min,1190,311,244,1501,840336.134454,3215434.083601,666222.518321,0,1.0,1,c4a54cdecc67,adapted,2997,14
c,stream,document,100,57,tinycbor,0.6.0,1262,6064,343,7326,792393.026941,164907.651715,136500.136500,0,1.0,1,c4a54cdecc67,adapted,2998,15
c,stream,document,100,57,libbson,1.27.5,3577,2798,577,6375,279563.880347,357398.141530,156862.745098,0,1.0,1,c4a54cdecc67,adapted,2999,16
c,stream,document,100,57,qcbor,1.5.1,2993,5792,343,8785,334112.930170,172651.933702,113830.392715,0,1.0,1,c4a54cdecc67,adapted,3000,17
c,stream,document,100,57,yyjson,0.10.0,2734,1625,460,4359,365764.447696,615384.615385,229410.415233,0,1.0,1,c4a54cdecc67,adapted,3001,18
c,stream,document,100,58,ubj,1.0-min,373,301,244,674,2680965.147453,3322259.136213,1483679.525223,0,1.0,1,c4a54cdecc67,adapted,3002,0
c,stream,document,100,58,yyjson,0.10.0,2096,1189,460,3285,477099.236641,841042.893188,304414.003044,0,1.0,1,c4a54cdecc67,adapted,3003,1
c,stream,document,100,58,protobuf-c,1.5.0,709,444,166,1153,1410437.235543,2252252.252252,867302.688638,0,1.0,1,c4a54cdecc67,adapted,3004,2
c,stream,document,100,58,protobuf-wire,wire-v2,697,394,166,1091,1434720.229555,2538071.065990,916590.284143,0,1.0,1,c4a54cdecc67,adapted,3005,3
c,stream,document,100,58,qcbor,1.5.1,2635,5746,343,8381,379506.641366,174034.110686,119317.503878,0,1.0,1,c4a54cdecc67,adapted,3006,4
c,stream,document,100,58,msgpack-c,6.0.1,1208,1383,335,2591,827814.569536,723065.798988,385951.370127,0,1.0,1,c4a54cdecc67,adapted,3007,5
c,stream,document,100,58,zcbor,0.9,1540,7220,354,8760,649350.649351,138504.155125,114155.251142,0,1.0,1,c4a54cdecc67,adapted,3008,6
c,stream,document,100,58,jansson,2.14,10743,10299,460,21042,93083.868566,97096.805515,47523.999620,0,1.0,1,c4a54cdecc67,adapted,3009,7
c,stream,document,100,58,avro-c,1.11.3,1383,647,210,2030,723065.798988,1545595.054096,492610.837438,0,1.0,1,c4a54cdecc67,adapted,3010,8
c,stream,document,100,58,mpack,1.1,961,1694,335,2655,1040582.726327,590318.772137,376647.834275,0,1.0,1,c4a54cdecc67,adapted,3011,9
c,stream,document,100,58,custom-binary,v2-1.0,343,295,207,638,2915451.895044,3389830.508475,1567398.119122,0,1.0,1,c4a54cdecc67,adapted,3012,10
c,stream,document,100,58,flatcc,0.6.1,676,271,236,947,1479289.940828,3690036.900369,1055966.209081,0,1.0,1,c4a54cdecc67,adapted,3013,11
c,stream,document,100,58,cbor-encode,0.11.0,7202,6103,457,13305,138850.319356,163853.842373,75159.714393,0,1.0,1,c4a54cdecc67,adapted,3014,12
c,stream,document,100,58,nanopb,0.4.9,813,407,166,1220,1230012.300123,2457002.457002,819672.131148,0,1.0,1,c4a54cdecc67,adapted,3015,13
c,stream,document,100,58,libbson,1.27.5,3666,2699,577,6365,272776.868522,370507.595406,157109.190888,0,1.0,1,c4a54cdecc67,adapted,3016,14
c,stream,document,100,58,parson,1.5.3,16605,8057,460,24662,60222.824450,124115.675810,40548.211824,0,1.0,1,c4a54cdecc67,adapted,3017,15
c,stream,document,100,58,cJSON,1.7.18,7123,5358,460,12481,140390.284992,186636.804778,80121.785113,0,1.0,1,c4a54cdecc67,adapted,3018,16
c,stream,document,100,58,json-c,0.15,8838,8673,460,17511,113147.770989,115300.357431,57106.961339,0,1.0,1,c4a54cdecc67,adapted,3019,17
c,stream,document,100,58,tinycbor,0.6.0,2091,6145,343,8236,478240.076518,162733.930024,121418.164157,0,1.0,1,c4a54cdecc67,adapted,3020,18
c,stream,document,100,59,tinycbor,0.6.0,899,5831,343,6730,1112347.052280,171497.170297,148588.410104,0,1.0,1,c4a54cdecc67,adapted,3021,0
c,stream,document,100,59,qcbor,1.5.1,4414,5922,343,10336,226551.880381,168861.870990,96749.226006,0,1.0,1,c4a54cdecc67,adapted,3022,1
c,stream,document,100,59,yyjson,0.10.0,2885,1823,460,4708,346620.450607,548546.352167,212404.418012,0,1.0,1,c4a54cdecc67,adapted,3023,2
c,stream,document,100,59,libbson,1.27.5,3659,2806,577,6465,273298.715496,356379.187455,154679.040990,0,1.0,1,c4a54cdecc67,adapted,3024,3
c,stream,document,100,59,parson,1.5.3,16527,8080,460,24607,60507.049071,123762.376238,40638.842606,0,1.0,1,c4a54cdecc67,adapted,3025,4
c,stream,document,100,59,avro-c,1.11.3,1674,668,210,2342,597371.565114,1497005.988024,426985.482494,0,1.0,1,c4a54cdecc67,adapted,3026,5
c,stream,document,100,59,cJSON,1.7.18,6558,5388,460,11946,152485.513876,185597.624350,83710.028461,0,1.0,1,c4a54cdecc67,adapted,3027,6
c,stream,document,100,59,protobuf-wire,wire-v2,1458,465,166,1923,685871.056241,2150537.634409,520020.800832,0,1.0,1,c4a54cdecc67,adapted,3028,7
c,stream,document,100,59,flatcc,0.6.1,721,256,236,977,1386962.552011,3906250.000000,1023541.453429,0,1.0,1,c4a54cdecc67,adapted,3029,8
c,stream,document,100,59,cbor-encode,0.11.0,7815,6194,457,14009,127959.053103,161446.561188,71382.682561,0,1.0,1,c4a54cdecc67,adapted,3030,9
c,stream,document,100,59,msgpack-c,6.0.1,1330,1506,335,2836,751879.699248,664010.624170,352609.308886,0,1.0,1,c4a54cdecc67,adapted,3031,10
c,stream,document,100,59,zcbor,0.9,1612,7590,354,9202,620347.394541,131752.305665,108672.027820,0,1.0,1,c4a54cdecc67,adapted,3032,11
c,stream,document,100,59,protobuf-c,1.5.0,821,458,166,1279,1218026.796590,2183406.113537,781860.828772,0,1.0,1,c4a54cdecc67,adapted,3033,12
c,stream,document,100,59,nanopb,0.4.9,827,511,166,1338,1209189.842805,1956947.162427,747384.155456,0,1.0,1,c4a54cdecc67,adapted,3034,13
c,stream,document,100,59,ubj,1.0-min,487,328,244,815,2053388.090349,3048780.487805,1226993.865031,0,1.0,1,c4a54cdecc67,adapted,3035,14
c,stream,document,100,59,mpack,1.1,1029,1668,335,2697,971817.298348,599520.383693,370782.350760,0,1.0,1,c4a54cdecc67,adapted,3036,15
c,stream,document,100,59,jansson,2.14,10938,10892,460,21830,91424.392028,91810.503122,45808.520385,0,1.0,1,c4a54cdecc67,adapted,3037,16
c,stream,document,100,59,json-c,0.15,8433,8855,460,17288,118581.762125,112930.547713,57843.590930,0,1.0,1,c4a54cdecc67,adapted,3038,17
c,stream,document,100,59,custom-binary,v2-1.0,1066,318,207,1384,938086.303940,3144654.088050,722543.352601,0,1.0,1,c4a54cdecc67,adapted,3039,18
c,stream,document,100,60,libbson,1.27.5,3689,2814,577,6503,271076.172404,355366.027008,153775.180686,0,1.0,1,c4a54cdecc67,adapted,3040,0
c,stream,document,100,60,cJSON,1.7.18,9774,7834,460,17608,102312.257008,127648.710748,56792.367106,0,1.0,1,c4a54cdecc67,adapted,3041,1
c,stream,document,100,60,ubj,1.0-min,1004,307,244,1311,996015.936255,3257328.990228,762776.506484,0,1.0,1,c4a54cdecc67,adapted,3042,2
c,stream,document,100,60,parson,1.5.3,16657,8445,460,25102,60034.820196,118413.262285,39837.463150,0,1.0,1,c4a54cdecc67,adapted,3043,3
c,stream,document,100,60,mpack,1.1,1855,1578,335,3433,539083.557951,633713.561470,291290.416545,0,1.0,1,c4a54cdecc67,adapted,3044,4
c,stream,document,100,60,cbor-encode,0.11.0,7862,6211,457,14073,127194.098194,161004.669135,71058.054430,0,1.0,1,c4a54cdecc67,adapted,3045,5
c,stream,document,100,60,zcbor,0.9,1568,7269,354,8837,637755.102041,137570.504884,113160.574856,0,1.0,1,c4a54cdecc67,adapted,3046,6
c,stream,document,100,60,qcbor,1.5.1,3174,5819,343,8993,315059.861374,171850.833477,111197.598132,0,1.0,1,c4a54cdecc67,adapted,3047,7
c,stream,document,100,60,nanopb,0.4.9,801,449,166,1250,1248439.450687,2227171.492205,800000.000000,0,1.0,1,c4a54cdecc67,adapted,3048,8
c,stream,document,100,60,protobuf-c,1.5.0,819,434,166,1253,1221001.221001,2304147.465438,798084.596967,0,1.0,1,c4a54cdecc67,adapted,3049,9
c,stream,document,100,60,flatcc,0.6.1,723,268,236,991,1383125.864454,3731343.283582,1009081.735621,0,1.0,1,c4a54cdecc67,adapted,3050,10
c,stream,document,100,60,jansson,2.14,10682,10728,460,21410,93615.427823,93214.019389,46707.146193,0,1.0,1,c4a54cdecc67,adapted,3051,11
c,stream,document,100,60,protobuf-wire,wire-v2,1355,463,166,1818,738007.380074,2159827.213823,550055.005501,0,1.0,1,c4a54cdecc67,adapted,3052,12
c,stream,document,100,60,tinycbor,0.6.0,1343,5837,343,7180,744601.638124,171320.884016,139275.766017,0,1.0,1,c4a54cdecc67,adapted,3053,13
c,stream,document,100,60,custom-binary,v2-1.0,391,282,207,673,2557544.757033,3546099.290780,1485884.101040,0,1.0,1,c4a54cdecc67,adapted,3054,14
c,stream,document,100,60,yyjson,0.10.0,3072,1835,460,4907,325520.833333,544959.128065,203790.503363,0,1.0,1,c4a54cdecc67,adapted,3055,15
c,stream,document,100,60,avro-c,1.11.3,803,731,210,1534,1245330.012453,1367989.056088,651890.482399,0,1.0,1,c4a54cdecc67,adapted,3056,16
c,stream,document,100,60,json-c,0.15,8547,8774,460,17321,117000.117000,113973.102348,57733.387218,0,1.0,1,c4a54cdecc67,adapted,3057,17
c,stream,document,100,60,msgpack-c,6.0.1,1953,1454,335,3407,512032.770097,687757.909216,293513.354858,0,1.0,1,c4a54cdecc67,adapted,3058,18
c,stream,document,100,61,avro-c,1.11.3,568,508,210,1076,1760563.380282,1968503.937008,929368.029740,0,1.0,1,c4a54cdecc67,adapted,3059,0
c,stream,document,100,61,parson,1.5.3,16664,8137,460,24801,60009.601536,122895.416001,40320.954800,0,1.0,1,c4a54cdecc67,adapted,3060,1
c,stream,document,100,61,jansson,2.14,10407,10499,460,20906,96089.170750,95247.166397,47833.157945,0,1.0,1,c4a54cdecc67,adapted,3061,2
c,stream,document,100,61,ubj,1.0-min,1104,359,244,1463,905797.101449,2785515.320334,683526.999316,0,1.0,1,c4a54cdecc67,adapted,3062,3
c,stream,document,100,61,cbor-encode,0.11.0,7631,6098,457,13729,131044.424060,163988.192850,72838.517008,0,1.0,1,c4a54cdecc67,adapted,3063,4
c,stream,document,100,61,mpack,1.1,1013,1652,335,2665,987166.831194,605326.876513,375234.521576,0,1.0,1,c4a54cdecc67,adapted,3064,5
c,stream,document,100,61,json-c,0.15,7996,8389,460,16385,125062.531266,119203.719156,61031.431187,0,1.0,1,c4a54cdecc67,adapted,3065,6
c,stream,document,100,61,zcbor,0.9,2221,7214,354,9435,450247.636200,138619.351261,105988.341282,0,1.0,1,c4a54cdecc67,adapted,3066,7
c,stream,document,100,61,flatcc,0.6.1,905,342,236,1247,1104972.375691,2923976.608187,801924.619086,0,1.0,1,c4a54cdecc67,adapted,3067,8
c,stream,document,100,61,protobuf-wire,wire-v2,794,444,166,1238,1259445.843829,2252252.252252,807754.442649,0,1.0,1,c4a54cdecc67,adapted,3068,9
c,stream,document,100,61,qcbor,1.5.1,3117,5772,343,8889,320821.302534,173250.173250,112498.593768,0,1.0,1,c4a54cdecc67,adapted,3069,10
c,stream,document,100,61,tinycbor,0.6.0,1289,5624,343,6913,775795.190070,177809.388336,144654.997830,0,1.0,1,c4a54cdecc67,adapted,3070,11
c,stream,document,100,61,protobuf-c,1.5.0,794,463,166,1257,1259445.843829,2159827.213823,795544.948290,0,1.0,1,c4a54cdecc67,adapted,3071,12
c,stream,document,100,61,libbson,1.27.5,17785,2953,577,20738,56227.157717,338638.672536,48220.657730,0,1.0,1,c4a54cdecc67,adapted,3072,13
c,stream,document,100,61,custom-binary,v2-1.0,373,296,207,669,2680965.147453,3378378.378378,1494768.310912,0,1.0,1,c4a54cdecc67,adapted,3073,14
c,stream,document,100,61,cJSON,1.7.18,7304,5478,460,12782,136911.281490,182548.375319,78235.017994,0,1.0,1,c4a54cdecc67,adapted,3074,15
c,stream,document,100,61,yyjson,0.10.0,3576,1837,460,5413,279642.058166,544365.813827,184740.439682,0,1.0,1,c4a54cdecc67,adapted,3075,16
c,stream,document,100,61,msgpack-c,6.0.1,1298,1454,335,2752,770416.024653,687757.909216,363372.093023,0,1.0,1,c4a54cdecc67,adapted,3076,17
c,stream,document,100,61,nanopb,0.4.9,802,464,166,1266,1246882.793017,2155172.413793,789889.415482,0,1.0,1,c4a54cdecc67,adapted,3077,18
c,stream,document,100,62,avro-c,1.11.3,766,669,210,1435,1305483.028721,1494768.310912,696864.111498,0,1.0,1,c4a54cdecc67,adapted,3078,0
c,stream,document,100,62,protobuf-c,1.5.0,772,424,166,1196,1295336.787565,2358490.566038,836120.401338,0,1.0,1,c4a54cdecc67,adapted,3079,1
c,stream,document,100,62,libbson,1.27.5,3352,2553,577,5905,298329.355609,391696.043870,169348.010161,0,1.0,1,c4a54cdecc67,adapted,3080,2
c,stream,document,100,62,custom-binary,v2-1.0,367,260,207,627,2724795.640327,3846153.846154,1594896.331738,0,1.0,1,c4a54cdecc67,adapted,3081,3
c,stream,document,100,62,json-c,0.15,7977,8097,460,16074,125360.411182,123502.531802,62212.268259,0,1.0,1,c4a54cdecc67,adapted,3082,4
c,stream,document,100,62,flatcc,0.6.1,1402,268,236,1670,713266.761769,3731343.283582,598802.395210,0,1.0,1,c4a54cdecc67,adapted,3083,5
c,stream,document,100,62,nanopb,0.4.9,685,419,166,1104,1459854.014599,2386634.844869,905797.101449,0,1.0,1,c4a54cdecc67,adapted,3084,6
c,stream,document,100,62,qcbor,1.5.1,2881,6246,343,9127,347101.700798,160102.465578,109565.026843,0,1.0,1,c4a54cdecc67,adapted,3085,7
c,stream,document,100,62,yyjson,0.10.0,2617,1526,460,4143,382116.927780,655307.994758,241370.987207,0,1.0,1,c4a54cdecc67,adapted,3086,8
c,stream,document,100,62,jansson,2.14,11408,10659,460,22067,87657.784011,93817.431279,45316.536004,0,1.0,1,c4a54cdecc67,adapted,3087,9
c,stream,document,100,62,tinycbor,0.6.0,1852,6035,343,7887,539956.803456,165700.082850,126790.921770,0,1.0,1,c4a54cdecc67,adapted,3088,10
c,stream,document,100,62,mpack,1.1,1003,1692,335,2695,997008.973081,591016.548463,371057.513915,0,1.0,1,c4a54cdecc67,adapted,3089,11
c,stream,document,100,62,cbor-encode,0.11.0,7414,6029,457,13443,134879.956838,165864.985901,74388.157405,0,1.0,1,c4a54cdecc67,adapted,3090,12
c,stream,document,100,62,ubj,1.0-min,507,332,244,839,1972386.587771,3012048.192771,1191895.113230,0,1.0,1,c4a54cdecc67,adapted,3091,13
c,stream,document,100,62,zcbor,0.9,1588,7019,354,8607,629722.921914,142470.437384,116184.500988,0,1.0,1,c4a54cdecc67,adapted,3092,14
c,stream,document,100,62,protobuf-wire,wire-v2,837,451,166,1288,1194743.130227,2217294.900222,776397.515528,0,1.0,1,c4a54cdecc67,adapted,3093,15
c,stream,document,100,62,parson,1.5.3,16623,8582,460,25205,60157.612946,116522.955022,39674.667725,0,1.0,1,c4a54cdecc67,adapted,3094,16
c,stream,document,100,62,cJSON,1.7.18,9015,5583,460,14598,110926.234054,179115.171055,68502.534594,0,1.0,1,c4a54cdecc67,adapted,3095,17
c,stream,document,100,62,msgpack-c,6.0.1,1932,1399,335,3331,517598.343685,714796.283059,300210.147103,0,1.0,1,c4a54cdecc67,adapted,3096,18
c,stream,document,100,63,protobuf-c,1.5.0,782,442,166,1224,1278772.378517,2262443.438914,816993.464052,0,1.0,1,c4a54cdecc67,adapted,3097,0
c,stream,document,100,63,protobuf-wire,wire-v2,787,452,166,1239,1270648.030496,2212389.380531,807102.502018,0,1.0,1,c4a54cdecc67,adapted,3098,1
c,stream,document,100,63,tinycbor,0.6.0,1172,6178,343,7350,853242.320819,161864.681127,136054.421769,0,1.0,1,c4a54cdecc67,adapted,3099,2
c,stream,document,100,63,ubj,1.0-min,422,296,244,718,2369668.246445,3378378.378378,1392757.660167,0,1.0,1,c4a54cdecc67,adapted,3100,3
c,stream,document,100,63,parson,1.5.3,16191,7509,460,23700,61762.707677,133173.525103,42194.092827,0,1.0,1,c4a54cdecc67,adapted,3101,4
c,stream,document,100,63,cJSON,1.7.18,6414,5117,460,11531,155908.949174,195427.008013,86722.747377,0,1.0,1,c4a54cdecc67,adapted,3102,5
c,stream,document,100,63,cbor-encode,0.11.0,7446,6194,457,13640,134300.295461,161446.561188,73313.782991,0,1.0,1,c4a54cdecc67,adapted,3103,6
c,stream,document,100,63,yyjson,0.10.0,2675,1657,460,4332,373831.775701,603500.301750,230840.258541,0,1.0,1,c4a54cdecc67,adapted,3104,7
c,stream,document,100,63,libbson,1.27.5,3681,2817,577,6498,271665.308340,354987.575435,153893.505694,0,1.0,1,c4a54cdecc67,adapted,3105,8
c,stream,document,100,63,custom-binary,v2-1.0,377,298,207,675,2652519.893899,3355704.697987,1481481.481481,0,1.0,1,c4a54cdecc67,adapted,3106,9
c,stream,document,100,63,msgpack-c,6.0.1,1158,1349,335,2507,863557.858377,741289.844329,398883.127244,0,1.0,1,c4a54cdecc67,adapted,3107,10
c,stream,document,100,63,qcbor,1.5.1,2995,5934,343,8929,333889.816361,168520.390967,111994.624258,0,1.0,1,c4a54cdecc67,adapted,3108,11
c,stream,document,100,63,nanopb,0.4.9,807,416,166,1223,1239157.372986,2403846.153846,817661.488144,0,1.0,1,c4a54cdecc67,adapted,3109,12
c,stream,document,100,63,avro-c,1.11.3,767,678,210,1445,1303780.964798,1474926.253687,692041.522491,0,1.0,1,c4a54cdecc67,adapted,3110,13
c,stream,document,100,63,jansson,2.14,10797,10481,460,21278,92618.319904,95410.743250,46996.898205,0,1.0,1,c4a54cdecc67,adapted,3111,14
c,stream,document,100,63,json-c,0.15,8543,8922,460,17465,117054.898748,112082.492715,57257.371887,0,1.0,1,c4a54cdecc67,adapted,3112,15
c,stream,document,100,63,zcbor,0.9,2256,7454,354,9710,443262.411348,134156.157768,102986.611740,0,1.0,1,c4a54cdecc67,adapted,3113,16
c,stream,document,100,63,mpack,1.1,952,1683,335,2635,1050420.168067,594177.064765,379506.641366,0,1.0,1,c4a54cdecc67,adapted,3114,17
c,stream,document,100,63,flatcc,0.6.1,746,414,236,1160,1340482.573727,2415458.937198,862068.965517,0,1.0,1,c4a54cdecc67,adapted,3115,18
c,stream,document,100,64,cbor-encode,0.11.0,7598,6131,457,13729,131613.582522,163105.529277,72838.517008,0,1.0,1,c4a54cdecc67,adapted,3116,0
c,stream,document,100,64,libbson,1.27.5,3695,2720,577,6415,270635.994587,367647.058824,155884.645362,0,1.0,1,c4a54cdecc67,adapted,3117,1
c,stream,document,100,64,protobuf-c,1.5.0,784,454,166,1238,1275510.204082,2202643.171806,807754.442649,0,1.0,1,c4a54cdecc67,adapted,3118,2
c,stream,document,100,64,avro-c,1.11.3,677,613,210,1290,1477104.874446,1631321.370310,775193.798450,0,1.0,1,c4a54cdecc67,adapted,3119,3
c,stream,document,100,64,protobuf-wire,wire-v2,787,450,166,1237,1270648.030496,2222222.222222,808407.437348,0,1.0,1,c4a54cdecc67,adapted,3120,4
c,stream,document,100,64,qcbor,1.5.1,2863,5854,343,8717,349283.967866,170823.368637,114718.366410,0,1.0,1,c4a54cdecc67,adapted,3121,5
c,stream,document,100,64,cJSON,1.7.18,6991,5397,460,12388,143041.052782,185288.123031,80723.280594,0,1.0,1,c4a54cdecc67,adapted,3122,6
c,stream,document,100,64,parson,1.5.3,16370,8100,460,24470,61087.354918,123456.790123,40866.366980,0,1.0,1,c4a54cdecc67,adapted,3123,7
c,stream,document,100,64,json-c,0.15,8512,8364,460,16876,117481.203008,119560.019130,59255.747808,0,1.0,1,c4a54cdecc67,adapted,3124,8
c,stream,document,100,64,custom-binary,v2-1.0,1040,271,207,1311,961538.461538,3690036.900369,762776.506484,0,1.0,1,c4a54cdecc67,adapted,3125,9
c,stream,document,100,64,zcbor,0.9,1574,7307,354,8881,635324.015248,136855.070480,112599.932440,0,1.0,1,c4a54cdecc67,adapted,3126,10
c,stream,document,100,64,msgpack-c,6.0.1,1338,1434,335,2772,747384.155456,697350.069735,360750.360750,0,1.0,1,c4a54cdecc67,adapted,3127,11
c,stream,document,100,64,flatcc,0.6.1,666,283,236,949,1501501.501502,3533568.904594,1053740.779768,0,1.0,1,c4a54cdecc67,adapted,3128,12
c,stream,document,100,64,ubj,1.0-min,440,333,244,773,2272727.272727,3003003.003003,1293661.060802,0,1.0,1,c4a54cdecc67,adapted,3129,13
c,stream,document,100,64,tinycbor,0.6.0,1272,5915,343,7187,786163.522013,169061.707523,139140.114095,0,1.0,1,c4a54cdecc67,adapted,3130,14
c,stream,document,100,64,mpack,1.1,934,1592,335,2526,1070663.811563,628140.703518,395882.818686,0,1.0,1,c4a54cdecc67,adapted,3131,15
c,stream,document,100,64,jansson,2.14,10648,10188,460,20836,93914.350113,98154.691794,47993.856786,0,1.0,1,c4a54cdecc67,adapted,3132,16
c,stream,document,100,64,nanopb,0.4.9,1397,439,166,1836,715819.613457,2277904.328018,544662.309368,0,1.0,1,c4a54cdecc67,adapted,3133,17
c,stream,document,100,64,yyjson,0.10.0,2812,1692,460,4504,355618.776671,591016.548463,222024.866785,0,1.0,1,c4a54cdecc67,adapted,3134,18
c,stream,document,100,65,qcbor,1.5.1,2838,5880,343,8718,352360.817477,170068.027211,114705.207616,0,1.0,1,c4a54cdecc67,adapted,3135,0
c,stream,document,100,65,mpack,1.1,810,1289,335,2099,1234567.901235,775795.190070,476417.341591,0,1.0,1,c4a54cdecc67,adapted,3136,1
c,stream,document,100,65,avro-c,1.11.3,719,615,210,1334,1390820.584145,1626016.260163,749625.187406,0,1.0,1,c4a54cdecc67,adapted,3137,2
c,stream,document,100,65,nanopb,0.4.9,696,407,166,1103,1436781.609195,2457002.457002,906618.313690,0,1.0,1,c4a54cdecc67,adapted,3138,3
c,stream,document,100,65,zcbor,0.9,1667,7173,354,8840,599880.023995,139411.682699,113122.171946,0,1.0,1,c4a54cdecc67,adapted,3139,4
c,stream,document,100,65,tinycbor,0.6.0,1150,5685,343,6835,869565.217391,175901.495163,146305.779078,0,1.0,1,c4a54cdecc67,adapted,3140,5
c,stream,document,100,65,custom-binary,v2-1.0,384,264,207,648,2604166.666667,3787878.787879,1543209.876543,0,1.0,1,c4a54cdecc67,adapted,3141,6
c,stream,document,100,65,msgpack-c,6.0.1,1360,1397,335,2757,735294.117647,715819.613457,362713.093943,0,1.0,1,c4a54cdecc67,adapted,3142,7
c,stream,document,100,65,protobuf-wire,wire-v2,752,434,166,1186,1329787.234043,2304147.465438,843170.320405,0,1.0,1,c4a54cdecc67,adapted,3143,8
c,stream,document,100,65,ubj,1.0-min,540,299,244,839,1851851.851852,3344481.605351,1191895.113230,0,1.0,1,c4a54cdecc67,adapted,3144,9
c,stream,document,100,65,libbson,1.27.5,3899,2848,577,6747,256476.019492,351123.595506,148214.021046,0,1.0,1,c4a54cdecc67,adapted,3145,10
c,stream,document,100,65,parson,1.5.3,16353,8222,460,24575,61150.859170,121624.908781,40691.759919,0,1.0,1,c4a54cdecc67,adapted,3146,11
c,stream,document,100,65,json-c,0.15,8324,8938,460,17262,120134.550697,111881.852763,57930.714865,0,1.0,1,c4a54cdecc67,adapted,3147,12
c,stream,document,100,65,flatcc,0.6.1,1475,306,236,1781,677966.101695,3267973.856209,561482.313307,0,1.0,1,c4a54cdecc67,adapted,3148,13
c,stream,document,100,65,cbor-encode,0.11.0,7930,6186,457,14116,126103.404792,161655.350792,70841.598186,0,1.0,1,c4a54cdecc67,adapted,3149,14
c,stream,document,100,65,cJSON,1.7.18,7178,5493,460,12671,139314.572304,182049.881668,78920.369347,0,1.0,1,c4a54cdecc67,adapted,3150,15
c,stream,document,100,65,protobuf-c,1.5.0,1362,451,166,1813,734214.390602,2217294.900222,551571.980143,0,1.0,1,c4a54cdecc67,adapted,3151,16
c,stream,document,100,65,jansson,2.14,13321,10486,460,23807,75069.439231,95365.248903,42004.452472,0,1.0,1,c4a54cdecc67,adapted,3152,17
c,stream,document,100,65,yyjson,0.10.0,3507,1786,460,5293,285143.997719,559910.414334,188928.773852,0,1.0,1,c4a54cdecc67,adapted,3153,18
c,stream,document,100,66,ubj,1.0-min,513,308,244,821,1949317.738791,3246753.246753,1218026.796590,0,1.0,1,c4a54cdecc67,adapted,3154,0
c,stream,document,100,66,parson,1.5.3,17075,8530,460,25605,58565.153734,117233.294256,39054.872095,0,1.0,1,c4a54cdecc67,adapted,3155,1
c,stream,document,100,66,json-c,0.15,8145,8568,460,16713,122774.708410,116713.352007,59833.662418,0,1.0,1,c4a54cdecc67,adapted,3156,2
c,stream,document,100,66,jansson,2.14,12432,10161,460,22593,80437.580438,98415.510284,44261.496924,0,1.0,1,c4a54cdecc67,adapted,3157,3
c,stream,document,100,66,nanopb,0.4.9,1470,495,166,1965,680272.108844,2020202.020202,508905.852417,0,1.0,1,c4a54cdecc67,adapted,3158,4
c,stream,document,100,66,mpack,1.1,1014,1869,335,2883,986193.293886,535045.478866,346860.908776,0,1.0,1,c4a54cdecc67,adapted,3159,5
c,stream,document,100,66,cJSON,1.7.18,7173,5439,460,12612,139411.682699,183857.326714,79289.565493,0,1.0,1,c4a54cdecc67,adapted,3160,6
c,stream,document,100,66,protobuf-c,1.5.0,1460,434,166,1894,684931.506849,2304147.465438,527983.104541,0,1.0,1,c4a54cdecc67,adapted,3161,7
c,stream,document,100,66,msgpack-c,6.0.1,1325,1540,335,2865,754716.981132,649350.649351,349040.139616,0,1.0,1,c4a54cdecc67,adapted,3162,8
c,stream,document,100,66,yyjson,0.10.0,2725,1689,460,4414,366972.477064,592066.311427,226551.880381,0,1.0,1,c4a54cdecc67,adapted,3163,9
c,stream,document,100,66,libbson,1.27.5,4064,3438,577,7502,246062.992126,290866.783013,133297.787257,0,1.0,1,c4a54cdecc67,adapted,3164,10
c,stream,document,100,66,custom-binary,v2-1.0,410,304,207,714,2439024.390244,3289473.684211,1400560.224090,0,1.0,1,c4a54cdecc67,adapted,3165,11
c,stream,document,100,66,protobuf-wire,wire-v2,839,497,166,1336,1191895.113230,2012072.434608,748502.994012,0,1.0,1,c4a54cdecc67,adapted,3166,12
c,stream,document,100,66,qcbor,1.5.1,3129,6394,343,9523,319590.923618,156396.621833,105008.925759,0,1.0,1,c4a54cdecc67,adapted,3167,13
c,stream,document,100,66,cbor-encode,0.11.0,7842,5761,457,13603,127518.490181,173580.975525,73513.195619,0,1.0,1,c4a54cdecc67,adapted,3168,14
c,stream,document,100,66,flatcc,0.6.1,756,277,236,1033,1322751.322751,3610108.303249,968054.211036,0,1.0,1,c4a54cdecc67,adapted,3169,15
c,stream,document,100,66,tinycbor,0.6.0,1280,5714,343,6994,781250.000000,175008.750438,142979.696883,0,1.0,1,c4a54cdecc67,adapted,3170,16
c,stream,document,100,66,avro-c,1.11.3,836,756,210,1592,1196172.248804,1322751.322751,628140.703518,0,1.0,1,c4a54cdecc67,adapted,3171,17
c,stream,document,100,66,zcbor,0.9,1843,7620,354,9463,542593.597396,131233.595801,105674.733171,0,1.0,1,c4a54cdecc67,adapted,3172,18
c,stream,document,100,67,parson,1.5.3,17322,8349,460,25671,57730.054266,119774.823332,38954.462234,0,1.0,1,c4a54cdecc67,adapted,3173,0
c,stream,document,100,67,jansson,2.14,10719,10331,460,21050,93292.284728,96796.050721,47505.938242,0,1.0,1,c4a54cdecc67,adapted,3174,1
c,stream,document,100,67,mpack,1.1,1646,1763,335,3409,607533.414338,567214.974475,293341.155764,0,1.0,1,c4a54cdecc67,adapted,3175,2
c,stream,document,100,67,qcbor,1.5.1,2882,5910,343,8792,346981.263012,169204.737733,113739.763421,0,1.0,1,c4a54cdecc67,adapted,3176,3
c,stream,document,100,67,nanopb,0.4.9,924,520,166,1444,1082251.082251,1923076.923077,692520.775623,0,1.0,1,c4a54cdecc67,adapted,3177,4
c,stream,document,100,67,cbor-encode,0.11.0,7719,5889,457,13608,129550.459904,169808.116828,73486.184597,0,1.0,1,c4a54cdecc67,adapted,3178,5
c,stream,document,100,67,custom-binary,v2-1.0,416,288,207,704,2403846.153846,3472222.222222,1420454.545455,0,1.0,1,c4a54cdecc67,adapted,3179,6
c,stream,document,100,67,yyjson,0.10.0,2952,1741,460,4693,338753.387534,574382.538771,213083.315576,0,1.0,1,c4a54cdecc67,adapted,3180,7
c,stream,document,100,67,zcbor,0.9,1714,7268,354,8982,583430.571762,137589.433132,111333.778668,0,1.0,1,c4a54cdecc67,adapted,3181,8
c,stream,document,100,67,ubj,1.0-min,462,312,244,774,2164502.164502,3205128.205128,1291989.664083,0,1.0,1,c4a54cdecc67,adapted,3182,9
c,stream,document,100,67,protobuf-wire,wire-v2,815,487,166,1302,1226993.865031,2053388.090349,768049.155146,0,1.0,1,c4a54cdecc67,adapted,3183,10
c,stream,document,100,67,json-c,0.15,8673,8994,460,17667,115300.357431,111185.234601,56602.705609,0,1.0,1,c4a54cdecc67,adapted,3184,11
c,stream,document,100,67,tinycbor,0.6.0,1945,6013,343,7958,514138.817481,166306.336271,125659.713496,0,1.0,1,c4a54cdecc67,adapted,3185,12
c,stream,document,100,67,protobuf-c,1.5.0,790,431,166,1221,1265822.784810,2320185.614849,819000.819001,0,1.0,1,c4a54cdecc67,adapted,3186,13
c,stream,document,100,67,flatcc,0.6.1,718,280,236,998,1392757.660167,3571428.571429,1002004.008016,0,1.0,1,c4a54cdecc67,adapted,3187,14
c,stream,document,100,67,libbson,1.27.5,3969,3077,577,7046,251952.632905,324991.875203,141924.496168,0,1.0,1,c4a54cdecc67,adapted,3188,15
c,stream,document,100,67,avro-c,1.11.3,811,681,210,1492,1233045.622688,1468428.781204,670241.286863,0,1.0,1,c4a54cdecc67,adapted,3189,16
c,stream,document,100,67,msgpack-c,6.0.1,1337,1498,335,2835,747943.156320,667556.742323,352733.686067,0,1.0,1,c4a54cdecc67,adapted,3190,17
c,stream,document,100,67,cJSON,1.7.18,7788,5738,460,13526,128402.670776,174276.751481,73931.687121,0,1.0,1,c4a54cdecc67,adapted,3191,18
c,stream,document,100,68,cbor-encode,0.11.0,7476,5964,457,13440,133761.369716,167672.702884,74404.761905,0,1.0,1,c4a54cdecc67,adapted,3192,0
c,stream,document,100,68,yyjson,0.10.0,2640,1566,460,4206,378787.878788,638569.604087,237755.587256,0,1.0,1,c4a54cdecc67,adapted,3193,1
c,stream,document,100,68,mpack,1.1,959,1657,335,2616,1042752.867570,603500.301750,382262.996942,0,1.0,1,c4a54cdecc67,adapted,3194,2
c,stream,document,100,68,libbson,1.27.5,3459,2772,577,6231,289100.896213,360750.360750,160487.883165,0,1.0,1,c4a54cdecc67,adapted,3195,3
c,stream,document,100,68,msgpack-c,6.0.1,1195,1397,335,2592,836820.083682,715819.613457,385802.469136,0,1.0,1,c4a54cdecc67,adapted,3196,4
c,stream,document,100,68,ubj,1.0-min,383,332,244,715,2610966.057441,3012048.192771,1398601.398601,0,1.0,1,c4a54cdecc67,adapted,3197,5
c,stream,document,100,68,qcbor,1.5.1,2939,5879,343,8818,340251.786322,170096.955265,113404.400091,0,1.0,1,c4a54cdecc67,adapted,3198,6
c,stream,document,100,68,zcbor,0.9,1562,6951,354,8513,640204.865557,143864.192203,117467.402796,0,1.0,1,c4a54cdecc67,adapted,3199,7
c,stream,document,100,68,json-c,0.15,8355,8603,460,16958,119688.809096,116238.521446,58969.218068,0,1.0,1,c4a54cdecc67,adapted,3200,8
c,stream,document,100,68,protobuf-c,1.5.0,1408,448,166,1856,710227.272727,2232142.857143,538793.103448,0,1.0,1,c4a54cdecc67,adapted,3201,9
c,stream,document,100,68,nanopb,0.4.9,827,462,166,1289,1209189.842805,2164502.164502,775795.190070,0,1.0,1,c4a54cdecc67,adapted,3202,10
c,stream,document,100,68,tinycbor,0.6.0,1294,5782,343,7076,772797.527048,172950.536147,141322.781232,0,1.0,1,c4a54cdecc67,adapted,3203,11
c,stream,document,100,68,parson,1.5.3,16722,8342,460,25064,59801.459156,119875.329657,39897.861475,0,1.0,1,c4a54cdecc67,adapted,3204,12
c,stream,document,100,68,avro-c,1.11.3,1851,623,210,2474,540248.514317,1605136.436597,404203.718674,0,1.0,1,c4a54cdecc67,adapted,3205,13
c,stream,document,100,68,custom-binary,v2-1.0,451,267,207,718,2217294.900222,3745318.352060,1392757.660167,0,1.0,1,c4a54cdecc67,adapted,3206,14
c,stream,document,100,68,flatcc,0.6.1,673,279,236,952,1485884.101040,3584229.390681,1050420.168067,0,1.0,1,c4a54cdecc67,adapted,3207,15
c,stream,document,100,68,cJSON,1.7.18,6821,5418,460,12239,146606.069491,184569.952012,81706.021734,0,1.0,1,c4a54cdecc67,adapted,3208,16
c,stream,document,100,68,protobuf-wire,wire-v2,1443,471,166,1914,693000.693001,2123142.250531,522466.039707,0,1.0,1,c4a54cdecc67,adapted,3209,17
c,stream,document,100,68,jansson,2.14,10879,10285,460,21164,91920.213255,97228.974234,47250.047250,0,1.0,1,c4a54cdecc67,adapted,3210,18
c,stream,document,100,69,msgpack-c,6.0.1,1925,1389,335,3314,519480.519481,719942.404608,301750.150875,0,1.0,1,c4a54cdecc67,adapted,3211,0
c,stream,document,100,69,cbor-encode,0.11.0,7498,6077,457,13575,133368.898373,164554.879052,73664.825046,0,1.0,1,c4a54cdecc67,adapted,3212,1
c,stream,document,100,69,jansson,2.14,12298,9813,460,22111,81314.034802,101905.635382,45226.357921,0,1.0,1,c4a54cdecc67,adapted,3213,2
c,stream,document,100,69,libbson,1.27.5,4614,2966,577,7580,216731.686173,337154.416723,131926.121372,0,1.0,1,c4a54cdecc67,adapted,3214,3
c,stream,document,100,69,zcbor,0.9,1687,7257,354,8944,592768.227623,137797.988149,111806.797853,0,1.0,1,c4a54cdecc67,adapted,3215,4
c,stream,document,100,69,qcbor,1.5.1,3067,5685,343,8752,326051.516140,175901.495163,114259.597806,0,1.0,1,c4a54cdecc67,adapted,3216,5
c,stream,document,100,69,json-c,0.15,8747,8683,460,17430,114324.911398,115167.568813,57372.346529,0,1.0,1,c4a54cdecc67,adapted,3217,6
c,stream,document,100,69,nanopb,0.4.9,1379,436,166,1815,725163.161711,2293577.981651,550964.187328,0,1.0,1,c4a54cdecc67,adapted,3218,7
c,stream,document,100,69,protobuf-wire,wire-v2,742,448,166,1190,1347708.894879,2232142.857143,840336.134454,0,1.0,1,c4a54cdecc67,adapted,3219,8
c,stream,document,100,69,flatcc,0.6.1,628,285,236,913,1592356.687898,3508771.929825,1095290.251917,0,1.0,1,c4a54cdecc67,adapted,3220,9
c,stream,document,100,69,avro-c,1.11.3,732,577,210,1309,1366120.218579,1733102.253033,763941.940413,0,1.0,1,c4a54cdecc67,adapted,3221,10
c,stream,document,100,69,cJSON,1.7.18,7175,5456,460,12631,139372.822300,183284.457478,79170.295305,0,1.0,1,c4a54cdecc67,adapted,3222,11
c,stream,document,100,69,protobuf-c,1.5.0,1322,456,166,1778,756429.652042,2192982.456140,562429.696288,0,1.0,1,c4a54cdecc67,adapted,3223,12
c,stream,document,100,69,parson,1.5.3,16868,8117,460,24985,59283.851079,123198.225946,40024.014409,0,1.0,1,c4a54cdecc67,adapted,3224,13
c,stream,document,100,69,mpack,1.1,1903,1741,335,3644,525486.074619,574382.538771,274423.710209,0,1.0,1,c4a54cdecc67,adapted,3225,14
c,stream,document,100,69,yyjson,0.10.0,2755,1794,460,4549,362976.406534,557413.600892,219828.533744,0,1.0,1,c4a54cdecc67,adapted,3226,15
c,stream,document,100,69,tinycbor,0.6.0,1263,5970,343,7233,791765.637371,167504.187605,138255.219135,0,1.0,1,c4a54cdecc67,adapted,3227,16
c,stream,document,100,69,custom-binary,v2-1.0,425,281,207,706,2352941.176471,3558718.861210,1416430.594901,0,1.0,1,c4a54cdecc67,adapted,3228,17
c,stream,document,100,69,ubj,1.0-min,423,319,244,742,2364066.193853,3134796.238245,1347708.894879,0,1.0,1,c4a54cdecc67,adapted,3229,18
c,stream,document,100,70,yyjson,0.10.0,2366,1354,460,3720,422654.268808,738552.437223,268817.204301,0,1.0,1,c4a54cdecc67,adapted,3230,0
c,stream,document,100,70,ubj,1.0-min,416,321,244,737,2403846.153846,3115264.797508,1356852.103121,0,1.0,1,c4a54cdecc67,adapted,3231,1
c,stream,document,100,70,mpack,1.1,856,1470,335,2326,1168224.299065,680272.108844,429922.613929,0,1.0,1,c4a54cdecc67,adapted,3232,2
c,stream,document,100,70,json-c,0.15,8087,8479,460,16566,123655.249165,117938.436136,60364.602197,0,1.0,1,c4a54cdecc67,adapted,3233,3
c,stream,document,100,70,cJSON,1.7.18,6720,5422,460,12142,148809.523810,184433.788270,82358.754736,0,1.0,1,c4a54cdecc67,adapted,3234,4
c,stream,document,100,70,qcbor,1.5.1,5056,5912,343,10968,197784.810127,169147.496617,91174.325310,0,1.0,1,c4a54cdecc67,adapted,3235,5
c,stream,document,100,70,cbor-encode,0.11.0,7258,5831,457,13089,137779.002480,171497.170297,76400.030560,0,1.0,1,c4a54cdecc67,adapted,3236,6
c,stream,document,100,70,tinycbor,0.6.0,1172,5562,343,6734,853242.320819,179791.441927,148500.148500,0,1.0,1,c4a54cdecc67,adapted,3237,7
c,stream,document,100,70,jansson,2.14,10580,10233,460,20813,94517.958412,97723.052868,48046.893768,0,1.0,1,c4a54cdecc67,adapted,3238,8
c,stream,document,100,70,libbson,1.27.5,4471,2890,577,7361,223663.609931,346020.761246,135851.107187,0,1.0,1,c4a54cdecc67,adapted,3239,9
c,stream,document,100,70,zcbor,0.9,1621,7059,354,8680,616903.146206,141663.125089,115207.373272,0,1.0,1,c4a54cdecc67,adapted,3240,10
c,stream,document,100,70,protobuf-wire,wire-v2,784,449,166,1233,1275510.204082,2227171.492205,811030.008110,0,1.0,1,c4a54cdecc67,adapted,3241,11
c,stream,document,100,70,parson,1.5.3,16367,7974,460,24341,61098.551964,125407.574618,41082.946469,0,1.0,1,c4a54cdecc67,adapted,3242,12
c,stream,document,100,70,flatcc,0.6.1,1676,282,236,1958,596658.711217,3546099.290780,510725.229826,0,1.0,1,c4a54cdecc67,adapted,3243,13
c,stream,document,100,70,avro-c,1.11.3,769,647,210,1416,1300390.117035,1545595.054096,706214.689266,0,1.0,1,c4a54cdecc67,adapted,3244,14
c,stream,document,100,70,msgpack-c,6.0.1,1281,1445,335,2726,780640.124902,692041.522491,366837.857667,0,1.0,1,c4a54cdecc67,adapted,3245,15
c,stream,document,100,70,nanopb,0.4.9,771,464,166,1235,1297016.861219,2155172.413793,809716.599190,0,1.0,1,c4a54cdecc67,adapted,3246,16
c,stream,document,100,70,custom-binary,v2-1.0,383,266,207,649,2610966.057441,3759398.496241,1540832.049307,0,1.0,1,c4a54cdecc67,adapted,3247,17
c,stream,document,100,70,protobuf-c,1.5.0,788,444,166,1232,1269035.532995,2252252.252252,811688.311688,0,1.0,1,c4a54cdecc67,adapted,3248,18
c,stream,document,100,71,qcbor,1.5.1,2790,5971,343,8761,358422.939068,167476.134651,114142.221208,0,1.0,1,c4a54cdecc67,adapted,3249,0
c,stream,document,100,71,cJSON,1.7.18,6701,5344,460,12045,149231.457991,187125.748503,83022.000830,0,1.0,1,c4a54cdecc67,adapted,3250,1
c,stream,document,100,71,protobuf-c,1.5.0,1373,373,166,1746,728332.119446,2680965.147453,572737.686140,0,1.0,1,c4a54cdecc67,adapted,3251,2
c,stream,document,100,71,json-c,0.15,8020,8512,460,16532,124688.279302,117481.203008,60488.749093,0,1.0,1,c4a54cdecc67,adapted,3252,3
c,stream,document,100,71,jansson,2.14,10142,10038,460,20180,98599.881680,99621.438534,49554.013875,0,1.0,1,c4a54cdecc67,adapted,3253,4
c,stream,document,100,71,nanopb,0.4.9,1281,414,166,1695,780640.124902,2415458.937198,589970.501475,0,1.0,1,c4a54cdecc67,adapted,3254,5
c,stream,document,100,71,protobuf-wire,wire-v2,798,417,166,1215,1253132.832080,2398081.534772,823045.267490,0,1.0,1,c4a54cdecc67,adapted,3255,6
c,stream,document,100,71,yyjson,0.10.0,2717,1633,460,4350,368052.999632,612369.871402,229885.057471,0,1.0,1,c4a54cdecc67,adapted,3256,7
c,stream,document,100,71,parson,1.5.3,15839,7976,460,23815,63135.298946,125376.128385,41990.342221,0,1.0,1,c4a54cdecc67,adapted,3257,8
c,stream,document,100,71,custom-binary,v2-1.0,1319,262,207,1581,758150.113723,3816793.893130,632511.068944,0,1.0,1,c4a54cdecc67,adapted,3258,9
c,stream,document,100,71,flatcc,0.6.1,671,273,236,944,1490312.965723,3663003.663004,1059322.033898,0,1.0,1,c4a54cdecc67,adapted,3259,10
c,stream,document,100,71,ubj,1.0-min,436,320,244,756,2293577.981651,3125000.000000,1322751.322751,0,1.0,1,c4a54cdecc67,adapted,3260,11
c,stream,document,100,71,mpack,1.1,957,1671,335,2628,1044932.079415,598444.045482,380517.503805,0,1.0,1,c4a54cdecc67,adapted,3261,12
c,stream,document,100,71,avro-c,1.11.3,800,645,210,1445,1250000.000000,1550387.596899,692041.522491,0,1.0,1,c4a54cdecc67,adapted,3262,13
c,stream,document,100,71,tinycbor,0.6.0,1286,10812,343,12098,777604.976672,92489.826119,82658.290627,0,1.0,1,c4a54cdecc67,adapted,3263,14
c,stream,document,100,71,cbor-encode,0.11.0,7752,5970,457,13722,128998.968008,167504.187605,72875.674100,0,1.0,1,c4a54cdecc67,adapted,3264,15
c,stream,document,100,71,msgpack-c,6.0.1,1314,1455,335,2769,761035.007610,687285.223368,361141.206212,0,1.0,1,c4a54cdecc67,adapted,3265,16
c,stream,document,100,71,zcbor,0.9,1625,7139,354,8764,615384.615385,140075.640846,114103.149247,0,1.0,1,c4a54cdecc67,adapted,3266,17
c,stream,document,100,71,libbson,1.27.5,3925,3160,577,7085,254777.070064,316455.696203,141143.260409,0,1.0,1,c4a54cdecc67,adapted,3267,18
c,stream,document,100,72,jansson,2.14,11234,19954,460,31188,89015.488695,50115.265110,32063.614211,0,1.0,1,c4a54cdecc67,adapted,3268,0
c,stream,document,100,72,tinycbor,0.6.0,1730,5940,343,7670,578034.682081,168350.168350,130378.096480,0,1.0,1,c4a54cdecc67,adapted,3269,1
c,stream,document,100,72,custom-binary,v2-1.0,497,269,207,766,2012072.434608,3717472.118959,1305483.028721,0,1.0,1,c4a54cdecc67,adapted,3270,2
c,stream,document,100,72,nanopb,0.4.9,836,437,166,1273,1196172.248804,2288329.519451,785545.954438,0,1.0,1,c4a54cdecc67,adapted,3271,3
c,stream,document,100,72,libbson,1.27.5,3501,2613,577,6114,285632.676378,382701.875239,163559.044815,0,1.0,1,c4a54cdecc67,adapted,3272,4
c,stream,document,100,72,cJSON,1.7.18,7099,5422,460,12521,140864.910551,184433.788270,79865.825413,0,1.0,1,c4a54cdecc67,adapted,3273,5
c,stream,document,100,72,parson,1.5.3,16207,8233,460,24440,61701.733819,121462.407385,40916.530278,0,1.0,1,c4a54cdecc67,adapted,3274,6
c,stream,document,100,72,ubj,1.0-min,1542,318,244,1860,648508.430610,3144654.088050,537634.408602,0,1.0,1,c4a54cdecc67,adapted,3275,7
c,stream,document,100,72,qcbor,1.5.1,3035,6037,343,9072,329489.291598,165645.188007,110229.276896,0,1.0,1,c4a54cdecc67,adapted,3276,8
c,stream,document,100,72,protobuf-wire,wire-v2,806,421,166,1227,1240694.789082,2375296.912114,814995.925020,0,1.0,1,c4a54cdecc67,adapted,3277,9
c,stream,document,100,72,flatcc,0.6.1,759,278,236,1037,1317523.056653,3597122.302158,964320.154291,0,1.0,1,c4a54cdecc67,adapted,3278,10
c,stream,document,100,72,json-c,0.15,8390,8872,460,17262,119189.511323,112714.156898,57930.714865,0,1.0,1,c4a54cdecc67,adapted,3279,11
c,stream,document,100,72,msgpack-c,6.0.1,2126,1432,335,3558,470366.886171,698324.022346,281056.773468,0,1.0,1,c4a54cdecc67,adapted,3280,12
c,stream,document,100,72,protobuf-c,1.5.0,800,458,166,1258,1250000.000000,2183406.113537,794912.559618,0,1.0,1,c4a54cdecc67,adapted,3281,13
c,stream,document,100,72,mpack,1.1,996,1780,335,2776,1004016.064257,561797.752809,360230.547550,0,1.0,1,c4a54cdecc67,adapted,3282,14
c,stream,document,100,72,avro-c,1.11.3,768,653,210,1421,1302083.333333,1531393.568147,703729.767769,0,1.0,1,c4a54cdecc67,adapted,3283,15
c,stream,document,100,72,cbor-encode,0.11.0,17847,6174,457,24021,56031.826077,161969.549725,41630.240206,0,1.0,1,c4a54cdecc67,adapted,3284,16
c,stream,document,100,72,zcbor,0.9,1651,8194,354,9845,605693.519079,122040.517452,101574.403250,0,1.0,1,c4a54cdecc67,adapted,3285,17
c,stream,document,100,72,yyjson,0.10.0,2994,1817,460,4811,334001.336005,550357.732526,207856.994388,0,1.0,1,c4a54cdecc67,adapted,3286,18
c,stream,document,100,73,yyjson,0.10.0,2139,1271,460,3410,467508.181393,786782.061369,293255.131965,0,1.0,1,c4a54cdecc67,adapted,3287,0
c,stream,document,100,73,cJSON,1.7.18,6836,5174,460,12010,146284.376829,193274.062621,83263.946711,0,1.0,1,c4a54cdecc67,adapted,3288,1
c,stream,document,100,73,custom-binary,v2-1.0,966,289,207,1255,1035196.687371,3460207.612457,796812.749004,0,1.0,1,c4a54cdecc67,adapted,3289,2
c,stream,document,100,73,avro-c,1.11.3,622,502,210,1124,1607717.041801,1992031.872510,889679.715302,0,1.0,1,c4a54cdecc67,adapted,3290,3
c,stream,document,100,73,nanopb,0.4.9,784,415,166,1199,1275510.204082,2409638.554217,834028.356964,0,1.0,1,c4a54cdecc67,adapted,3291,4
c,stream,document,100,73,mpack,1.1,3209,1379,335,4588,311623.558741,725163.161711,217959.895379,0,1.0,1,c4a54cdecc67,adapted,3292,5
c,stream,document,100,73,jansson,2.14,10733,10385,460,21118,93170.595360,96292.729899,47352.969031,0,1.0,1,c4a54cdecc67,adapted,3293,6
c,stream,document,100,73,parson,1.5.3,16452,8484,460,24936,60782.883540,117868.929750,40102.662817,0,1.0,1,c4a54cdecc67,adapted,3294,7
c,stream,document,100,73,json-c,0.15,8441,9093,460,17534,118469.375666,109974.705818,57032.052013,0,1.0,1,c4a54cdecc67,adapted,3295,8
c,stream,document,100,73,flatcc,0.6.1,1309,286,236,1595,763941.940413,3496503.496503,626959.247649,0,1.0,1,c4a54cdecc67,adapted,3296,9
c,stream,document,100,73,qcbor,1.5.1,4554,8296,343,12850,219587.176109,120540.019286,77821.011673,0,1.0,1,c4a54cdecc67,adapted,3297,10
c,stream,document,100,73,protobuf-c,1.5.0,796,453,166,1249,1256281.407035,2207505.518764,800640.512410,0,1.0,1,c4a54cdecc67,adapted,3298,11
c,stream,document,100,73,cbor-encode,0.11.0,7645,5788,457,13433,130804.447351,172771.250864,74443.534579,0,1.0,1,c4a54cdecc67,adapted,3299,12
c,stream,document,100,73,protobuf-wire,wire-v2,834,478,166,1312,1199040.767386,2092050.209205,762195.121951,0,1.0,1,c4a54cdecc67,adapted,3300,13
c,stream,document,100,73,msgpack-c,6.0.1,1394,1435,335,2829,717360.114778,696864.111498,353481.795688,0,1.0,1,c4a54cdecc67,adapted,3301,14
c,stream,document,100,73,libbson,1.27.5,3960,2932,577,6892,252525.252525,341064.120055,145095.763204,0,1.0,1,c4a54cdecc67,adapted,3302,15
c,stream,document,100,73,ubj,1.0-min,438,319,244,757,2283105.022831,3134796.238245,1321003.963012,0,1.0,1,c4a54cdecc67,adapted,3303,16
c,stream,document,100,73,zcbor,0.9,1615,7294,354,8909,619195.046440,137098.985468,112246.043327,0,1.0,1,c4a54cdecc67,adapted,3304,17
c,stream,document,100,73,tinycbor,0.6.0,1341,5717,343,7058,745712.155108,174916.914466,141683.196373,0,1.0,1,c4a54cdecc67,adapted,3305,18
c,stream,document,100,74,mpack,1.1,984,1646,335,2630,1016260.162602,607533.414338,380228.136882,0,1.0,1,c4a54cdecc67,adapted,3306,0
c,stream,document,100,74,zcbor,0.9,1385,6880,354,8265,722021.660650,145348.837209,120992.135511,0,1.0,1,c4a54cdecc67,adapted,3307,1
c,stream,document,100,74,parson,1.5.3,17416,8217,460,25633,57418.465779,121698.916880,39012.210822,0,1.0,1,c4a54cdecc67,adapted,3308,2
c,stream,document,100,74,cbor-encode,0.11.0,7744,5836,457,13580,129132.231405,171350.239890,73637.702504,0,1.0,1,c4a54cdecc67,adapted,3309,3
c,stream,document,100,74,qcbor,1.5.1,2824,5610,343,8434,354107.648725,178253.119430,118567.702158,0,1.0,1,c4a54cdecc67,adapted,3310,4
c,stream,document,100,74,json-c,0.15,8539,8847,460,17386,117109.731819,113032.666441,57517.542851,0,1.0,1,c4a54cdecc67,adapted,3311,5
c,stream,document,100,74,protobuf-c,1.5.0,1391,451,166,1842,718907.260963,2217294.900222,542888.165038,0,1.0,1,c4a54cdecc67,adapted,3312,6
c,stream,document,100,74,yyjson,0.10.0,4306,2520,460,6826,232234.091965,396825.396825,146498.681512,0,1.0,1,c4a54cdecc67,adapted,3313,7
c,stream,document,100,74,protobuf-wire,wire-v2,810,470,166,1280,1234567.901235,2127659.574468,781250.000000,0,1.0,1,c4a54cdecc67,adapted,3314,8
c,stream,document,100,74,jansson,2.14,11136,11313,460,22449,89798.850575,88393.883143,44545.414050,0,1.0,1,c4a54cdecc67,adapted,3315,9
c,stream,document,100,74,libbson,1.27.5,4404,2833,577,7237,227066.303361,352982.703848,138178.803372,0,1.0,1,c4a54cdecc67,adapted,3316,10
c,stream,document,100,74,cJSON,1.7.18,7261,6057,460,13318,137722.076849,165098.233449,75086.349302,0,1.0,1,c4a54cdecc67,adapted,3317,11
c,stream,document,100,74,msgpack-c,6.0.1,2037,1473,335,3510,490918.016691,678886.625933,284900.284900,0,1.0,1,c4a54cdecc67,adapted,3318,12
c,stream,document,100,74,ubj,1.0-min,438,317,244,755,2283105.022831,3154574.132492,1324503.311258,0,1.0,1,c4a54cdecc67,adapted,3319,13
c,stream,document,100,74,nanopb,0.4.9,820,517,166,1337,1219512.195122,1934235.976789,747943.156320,0,1.0,1,c4a54cdecc67,adapted,3320,14
c,stream,document,100,74,custom-binary,v2-1.0,433,308,207,741,2309468.822171,3246753.246753,1349527.665317,0,1.0,1,c4a54cdecc67,adapted,3321,15
c,stream,document,100,74,avro-c,1.11.3,899,658,210,1557,1112347.052280,1519756.838906,642260.757868,0,1.0,1,c4a54cdecc67,adapted,3322,16
c,stream,document,100,74,flatcc,0.6.1,769,289,236,1058,1300390.117035,3460207.612457,945179.584121,0,1.0,1,c4a54cdecc67,adapted,3323,17
c,stream,document,100,74,tinycbor,0.6.0,1356,6128,343,7484,737463.126844,163185.378590,133618.385890,0,1.0,1,c4a54cdecc67,adapted,3324,18
c,stream,document,100,75,yyjson,0.10.0,2852,1729,460,4581,350631.136045,578368.999422,218292.949138,0,1.0,1,c4a54cdecc67,adapted,3325,0
c,stream,document,100,75,parson,1.5.3,17560,8033,460,25593,56947.608200,124486.493215,39073.184074,0,1.0,1,c4a54cdecc67,adapted,3326,1
c,stream,document,100,75,libbson,1.27.5,4615,2811,577,7426,216684.723727,355745.286375,134661.998384,0,1.0,1,c4a54cdecc67,adapted,3327,2
c,stream,document,100,75,protobuf-wire,wire-v2,799,463,166,1262,1251564.455569,2159827.213823,792393.026941,0,1.0,1,c4a54cdecc67,adapted,3328,3
c,stream,document,100,75,protobuf-c,1.5.0,785,443,166,1228,1273885.350318,2257336.343115,814332.247557,0,1.0,1,c4a54cdecc67,adapted,3329,4
c,stream,document,100,75,jansson,2.14,10955,10623,460,21578,91282.519398,94135.366657,46343.498007,0,1.0,1,c4a54cdecc67,adapted,3330,5
c,stream,document,100,75,json-c,0.15,8838,8876,460,17714,113147.770989,112663.361875,56452.523428,0,1.0,1,c4a54cdecc67,adapted,3331,6
c,stream,document,100,75,qcbor,1.5.1,3511,6027,343,9538,284819.139846,165920.026547,104843.782764,0,1.0,1,c4a54cdecc67,adapted,3332,7
c,stream,document,100,75,cJSON,1.7.18,6996,5825,460,12821,142938.822184,171673.819742,77997.036113,0,1.0,1,c4a54cdecc67,adapted,3333,8
c,stream,document,100,75,avro-c,1.11.3,1376,631,210,2007,726744.186047,1584786.053883,498256.103637,0,1.0,1,c4a54cdecc67,adapted,3334,9
c,stream,document,100,75,cbor-encode,0.11.0,7933,5984,457,13917,126055.716627,167112.299465,71854.566358,0,1.0,1,c4a54cdecc67,adapted,3335,10
c,stream,document,100,75,nanopb,0.4.9,819,447,166,1266,1221001.221001,2237136.465324,789889.415482,0,1.0,1,c4a54cdecc67,adapted,3336,11
c,stream,document,100,75,tinycbor,0.6.0,1286,5651,343,6937,777604.976672,176959.830119,144154.533660,0,1.0,1,c4a54cdecc67,adapted,3337,12
c,stream,document,100,75,ubj,1.0-min,422,297,244,719,2369668.246445,3367003.367003,1390820.584145,0,1.0,1,c4a54cdecc67,adapted,3338,13
c,stream,document,100,75,mpack,1.1,1070,1731,335,2801,934579.439252,577700.751011,357015.351660,0,1.0,1,c4a54cdecc67,adapted,3339,14
c,stream,document,100,75,zcbor,0.9,1574,7371,354,8945,635324.015248,135666.802333,111794.298491,0,1.0,1,c4a54cdecc67,adapted,3340,15
c,stream,document,100,75,flatcc,0.6.1,671,284,236,955,1490312.965723,3521126.760563,1047120.418848,0,1.0,1,c4a54cdecc67,adapted,3341,16
c,stream,document,100,75,custom-binary,v2-1.0,402,319,207,721,2487562.189055,3134796.238245,1386962.552011,0,1.0,1,c4a54cdecc67,adapted,3342,17
c,stream,document,100,75,msgpack-c,6.0.1,1315,1421,335,2736,760456.273764,703729.767769,365497.076023,0,1.0,1,c4a54cdecc67,adapted,3343,18
c,stream,document,100,76,json-c,0.15,7956,8118,460,16074,125691.302162,123183.050012,62212.268259,0,1.0,1,c4a54cdecc67,adapted,3344,0
c,stream,document,100,76,qcbor,1.5.1,3424,5914,343,9338,292056.074766,169090.294217,107089.312487,0,1.0,1,c4a54cdecc67,adapted,3345,1
c,stream,document,100,76,avro-c,1.11.3,658,566,210,1224,1519756.838906,1766784.452297,816993.464052,0,1.0,1,c4a54cdecc67,adapted,3346,2
c,stream,document,100,76,nanopb,0.4.9,767,387,166,1154,1303780.964798,2583979.328165,866551.126516,0,1.0,1,c4a54cdecc67,adapted,3347,3
c,stream,document,100,76,libbson,1.27.5,3899,2752,577,6651,256476.019492,363372.093023,150353.330326,0,1.0,1,c4a54cdecc67,adapted,3348,4
c,stream,document,100,76,mpack,1.1,939,1380,335,2319,1064962.726305,724637.681159,431220.353601,0,1.0,1,c4a54cdecc67,adapted,3349,5
c,stream,document,100,76,zcbor,0.9,2408,7359,354,9767,415282.392027,135888.028265,102385.584110,0,1.0,1,c4a54cdecc67,adapted,3350,6
c,stream,document,100,76,protobuf-c,1.5.0,734,473,166,1207,1362397.820163,2114164.904863,828500.414250,0,1.0,1,c4a54cdecc67,adapted,3351,7
c,stream,document,100,76,ubj,1.0-min,448,297,244,745,2232142.857143,3367003.367003,1342281.879195,0,1.0,1,c4a54cdecc67,adapted,3352,8
c,stream,document,100,76,custom-binary,v2-1.0,362,249,207,611,2762430.939227,4016064.257028,1636661.211129,0,1.0,1,c4a54cdecc67,adapted,3353,9
c,stream,document,100,76,flatcc,0.6.1,623,270,236,893,1605136.436597,3703703.703704,1119820.828667,0,1.0,1,c4a54cdecc67,adapted,3354,10
c,stream,document,100,76,cJSON,1.7.18,6930,5402,460,12332,144300.144300,185116.623473,81089.847551,0,1.0,1,c4a54cdecc67,adapted,3355,11
c,stream,document,100,76,jansson,2.14,10173,10371,460,20544,98299.420033,96422.717192,48676.012461,0,1.0,1,c4a54cdecc67,adapted,3356,12
c,stream,document,100,76,msgpack-c,6.0.1,1891,1368,335,3259,528820.729773,730994.152047,306842.589751,0,1.0,1,c4a54cdecc67,adapted,3357,13
c,stream,document,100,76,parson,1.5.3,17291,8192,460,25483,57833.555029,122070.312500,39241.847506,0,1.0,1,c4a54cdecc67,adapted,3358,14
c,stream,document,100,76,protobuf-wire,wire-v2,1649,485,166,2134,606428.138266,2061855.670103,468603.561387,0,1.0,1,c4a54cdecc67,adapted,3359,15
c,stream,document,100,76,tinycbor,0.6.0,1238,6010,343,7248,807754.442649,166389.351082,137969.094923,0,1.0,1,c4a54cdecc67,adapted,3360,16
c,stream,document,100,76,yyjson,0.10.0,2916,1780,460,4696,342935.528121,561797.752809,212947.189097,0,1.0,1,c4a54cdecc67,adapted,3361,17
c,stream,document,100,76,cbor-encode,0.11.0,7623,5895,457,13518,131181.949364,169635.284139,73975.440154,0,1.0,1,c4a54cdecc67,adapted,3362,18
c,stream,document,100,77,nanopb,0.4.9,774,407,166,1181,1291989.664083,2457002.457002,846740.050804,0,1.0,1,c4a54cdecc67,adapted,3363,0
c,stream,document,100,77,protobuf-wire,wire-v2,687,424,166,1111,1455604.075691,2358490.566038,900090.009001,0,1.0,1,c4a54cdecc67,adapted,3364,1
c,stream,document,100,77,custom-binary,v2-1.0,366,280,207,646,2732240.437158,3571428.571429,1547987.616099,0,1.0,1,c4a54cdecc67,adapted,3365,2
c,stream,document,100,77,avro-c,1.11.3,763,656,210,1419,1310615.989515,1524390.243902,704721.634954,0,1.0,1,c4a54cdecc67,adapted,3366,3
c,stream,document,100,77,yyjson,0.10.0,2537,1469,460,4006,394166.338195,680735.194010,249625.561658,0,1.0,1,c4a54cdecc67,adapted,3367,4
c,stream,document,100,77,jansson,2.14,10472,10553,460,21025,95492.742552,94759.783948,47562.425684,0,1.0,1,c4a54cdecc67,adapted,3368,5
c,stream,document,100,77,ubj,1.0-min,1103,320,244,1423,906618.313690,3125000.000000,702740.688686,0,1.0,1,c4a54cdecc67,adapted,3369,6
c,stream,document,100,77,zcbor,0.9,1568,7158,354,8726,637755.102041,139703.827885,114600.045840,0,1.0,1,c4a54cdecc67,adapted,3370,7
c,stream,document,100,77,protobuf-c,1.5.0,755,446,166,1201,1324503.311258,2242152.466368,832639.467111,0,1.0,1,c4a54cdecc67,adapted,3371,8
c,stream,document,100,77,flatcc,0.6.1,682,291,236,973,1466275.659824,3436426.116838,1027749.229188,0,1.0,1,c4a54cdecc67,adapted,3372,9
c,stream,document,100,77,msgpack-c,6.0.1,1259,1481,335,2740,794281.175536,675219.446320,364963.503650,0,1.0,1,c4a54cdecc67,adapted,3373,10
c,stream,document,100,77,cbor-encode,0.11.0,7310,6139,457,13449,136798.905609,162892.979313,74354.970630,0,1.0,1,c4a54cdecc67,adapted,3374,11
c,stream,document,100,77,mpack,1.1,1026,1605,335,2631,974658.869396,623052.959502,380083.618396,0,1.0,1,c4a54cdecc67,adapted,3375,12
c,stream,document,100,77,json-c,0.15,8480,13224,460,21704,117924.528302,75620.084694,46074.456321,0,1.0,1,c4a54cdecc67,adapted,3376,13
c,stream,document,100,77,tinycbor,0.6.0,2058,5856,343,7914,485908.649174,170765.027322,126358.352287,0,1.0,1,c4a54cdecc67,adapted,3377,14
c,stream,document,100,77,qcbor,1.5.1,3096,5568,343,8664,322997.416021,179597.701149,115420.129271,0,1.0,1,c4a54cdecc67,adapted,3378,15
c,stream,document,100,77,parson,1.5.3,16709,8051,460,24760,59847.986115,124208.172898,40387.722132,0,1.0,1,c4a54cdecc67,adapted,3379,16
c,stream,document,100,77,libbson,1.27.5,4861,2867,577,7728,205718.987863,348796.651552,129399.585921,0,1.0,1,c4a54cdecc67,adapted,3380,17
c,stream,document,100,77,cJSON,1.7.18,7266,11692,460,18958,137627.305257,85528.566541,52748.180188,0,1.0,1,c4a54cdecc67,adapted,3381,18
c,stream,document,100,78,libbson,1.27.5,4090,2497,577,6587,244498.777506,400480.576692,151814.179444,0,1.0,1,c4a54cdecc67,adapted,3382,0
c,stream,document,100,78,nanopb,0.4.9,822,445,166,1267,1216545.012165,2247191.011236,789265.982636,0,1.0,1,c4a54cdecc67,adapted,3383,1
c,stream,document,100,78,json-c,0.15,8123,8392,460,16515,123107.226394,119161.105815,60551.014229,0,1.0,1,c4a54cdecc67,adapted,3384,2
c,stream,document,100,78,parson,1.5.3,16455,7735,460,24190,60771.801884,129282.482224,41339.396445,0,1.0,1,c4a54cdecc67,adapted,3385,3
c,stream,document,100,78,protobuf-c,1.5.0,1808,434,166,2242,553097.345133,2304147.465438,446030.330062,0,1.0,1,c4a54cdecc67,adapted,3386,4
c,stream,document,100,78,qcbor,1.5.1,2953,5980,343,8933,338638.672536,167224.080268,111944.475540,0,1.0,1,c4a54cdecc67,adapted,3387,5
c,stream,document,100,78,jansson,2.14,10859,10754,460,21613,92089.511005,92988.655384,46268.449544,0,1.0,1,c4a54cdecc67,adapted,3388,6
c,stream,document,100,78,protobuf-wire,wire-v2,1516,495,166,2011,659630.606860,2020202.020202,497265.042268,0,1.0,1,c4a54cdecc67,adapted,3389,7
c,stream,document,100,78,avro-c,1.11.3,771,736,210,1507,1297016.861219,1358695.652174,663570.006636,0,1.0,1,c4a54cdecc67,adapted,3390,8
c,stream,document,100,78,tinycbor,0.6.0,1312,5898,343,7210,762195.121951,169548.999661,138696.255201,0,1.0,1,c4a54cdecc67,adapted,3391,9
c,stream,document,100,78,mpack,1.1,955,1558,335,2513,1047120.418848,641848.523748,397930.760048,0,1.0,1,c4a54cdecc67,adapted,3392,10
c,stream,document,100,78,ubj,1.0-min,455,329,244,784,2197802.197802,3039513.677812,1275510.204082,0,1.0,1,c4a54cdecc67,adapted,3393,11
c,stream,document,100,78,zcbor,0.9,1602,7510,354,9112,624219.725343,133155.792277,109745.390694,0,1.0,1,c4a54cdecc67,adapted,3394,12
c,stream,document,100,78,custom-binary,v2-1.0,390,300,207,690,2564102.564103,3333333.333333,1449275.362319,0,1.0,1,c4a54cdecc67,adapted,3395,13
c,stream,document,100,78,flatcc,0.6.1,756,294,236,1050,1322751.322751,3401360.544218,952380.952381,0,1.0,1,c4a54cdecc67,adapted,3396,14
c,stream,document,100,78,yyjson,0.10.0,2885,1713,460,4598,346620.450607,583771.161705,217485.863419,0,1.0,1,c4a54cdecc67,adapted,3397,15
c,stream,document,100,78,cJSON,1.7.18,7297,5733,460,13030,137042.620255,174428.745857,76745.970837,0,1.0,1,c4a54cdecc67,adapted,3398,16
c,stream,document,100,78,msgpack-c,6.0.1,1885,1417,335,3302,530503.978780,705716.302047,302846.759540,0,1.0,1,c4a54cdecc67,adapted,3399,17
c,stream,document,100,78,cbor-encode,0.11.0,7600,6023,457,13623,131578.947368,166030.217500,73405.270498,0,1.0,1,c4a54cdecc67,adapted,3400,18
c,stream,document,100,79,msgpack-c,6.0.1,1007,1211,335,2218,993048.659384,825763.831544,450856.627592,0,1.0,1,c4a54cdecc67,adapted,3401,0
c,stream,document,100,79,ubj,1.0-min,395,333,244,728,2531645.569620,3003003.003003,1373626.373626,0,1.0,1,c4a54cdecc67,adapted,3402,1
c,stream,document,100,79,protobuf-wire,wire-v2,743,429,166,1172,1345895.020188,2331002.331002,853242.320819,0,1.0,1,c4a54cdecc67,adapted,3403,2
c,stream,document,100,79,qcbor,1.5.1,2827,5686,343,8513,353731.871242,175870.559268,117467.402796,0,1.0,1,c4a54cdecc67,adapted,3404,3
c,stream,document,100,79,tinycbor,0.6.0,1244,5558,343,6802,803858.520900,179920.834833,147015.583652,0,1.0,1,c4a54cdecc67,adapted,3405,4
c,stream,document,100,79,cJSON,1.7.18,6503,5153,460,11656,153775.180686,194061.711624,85792.724777,0,1.0,1,c4a54cdecc67,adapted,3406,5
c,stream,document,100,79,zcbor,0.9,2130,7004,354,9134,469483.568075,142775.556825,109481.059777,0,1.0,1,c4a54cdecc67,adapted,3407,6
c,stream,document,100,79,yyjson,0.10.0,2736,1523,460,4259,365497.076023,656598.818122,234796.900681,0,1.0,1,c4a54cdecc67,adapted,3408,7
c,stream,document,100,79,custom-binary,v2-1.0,377,252,207,629,2652519.893899,3968253.968254,1589825.119237,0,1.0,1,c4a54cdecc67,adapted,3409,8
c,stream,document,100,79,jansson,2.14,10589,10183,460,20772,94437.623949,98202.887165,48141.729251,0,1.0,1,c4a54cdecc67,adapted,3410,9
c,stream,document,100,79,protobuf-c,1.5.0,1393,412,166,1805,717875.089734,2427184.466019,554016.620499,0,1.0,1,c4a54cdecc67,adapted,3411,10
c,stream,document,100,79,mpack,1.1,959,1547,335,2506,1042752.867570,646412.411118,399042.298484,0,1.0,1,c4a54cdecc67,adapted,3412,11
c,stream,document,100,79,avro-c,1.11.3,715,674,210,1389,1398601.398601,1483679.525223,719942.404608,0,1.0,1,c4a54cdecc67,adapted,3413,12
c,stream,document,100,79,parson,1.5.3,16860,8557,460,25417,59311.981020,116863.386701,39343.746312,0,1.0,1,c4a54cdecc67,adapted,3414,13
c,stream,document,100,79,nanopb,0.4.9,1835,443,166,2278,544959.128065,2257336.343115,438981.562774,0,1.0,1,c4a54cdecc67,adapted,3415,14
c,stream,document,100,79,flatcc,0.6.1,738,278,236,1016,1355013.550136,3597122.302158,984251.968504,0,1.0,1,c4a54cdecc67,adapted,3416,15
c,stream,document,100,79,json-c,0.15,8048,8767,460,16815,124254.473161,114064.104026,59470.710675,0,1.0,1,c4a54cdecc67,adapted,3417,16
c,stream,document,100,79,cbor-encode,0.11.0,9494,6069,457,15563,105329.681904,164771.791069,64254.963696,0,1.0,1,c4a54cdecc67,adapted,3418,17
c,stream,document,100,79,libbson,1.27.5,3806,2716,577,6522,262743.037310,368188.512518,153327.200245,0,1.0,1,c4a54cdecc67,adapted,3419,18
c,stream,document,100,80,flatcc,0.6.1,625,274,236,899,1600000.000000,3649635.036496,1112347.052280,0,1.0,1,c4a54cdecc67,adapted,3420,0
c,stream,document,100,80,protobuf-wire,wire-v2,777,423,166,1200,1287001.287001,2364066.193853,833333.333333,0,1.0,1,c4a54cdecc67,adapted,3421,1
c,stream,document,100,80,cJSON,1.7.18,7206,5423,460,12629,138773.244518,184399.778720,79182.833162,0,1.0,1,c4a54cdecc67,adapted,3422,2
c,stream,document,100,80,yyjson,0.10.0,4074,1591,460,5665,245459.008346,628535.512256,176522.506620,0,1.0,1,c4a54cdecc67,adapted,3423,3
c,stream,document,100,80,zcbor,0.9,1591,7182,354,8773,628535.512256,139236.981342,113986.093697,0,1.0,1,c4a54cdecc67,adapted,3424,4
c,stream,document,100,80,qcbor,1.5.1,2994,5845,343,8839,334001.336005,171086.398631,113134.970019,0,1.0,1,c4a54cdecc67,adapted,3425,5
c,stream,document,100,80,mpack,1.1,928,1555,335,2483,1077586.206897,643086.816720,402738.622634,0,1.0,1,c4a54cdecc67,adapted,3426,6
c,stream,document,100,80,msgpack-c,6.0.1,1221,1417,335,2638,819000.819001,705716.302047,379075.056861,0,1.0,1,c4a54cdecc67,adapted,3427,7
c,stream,document,100,80,ubj,1.0-min,513,328,244,841,1949317.738791,3048780.487805,1189060.642093,0,1.0,1,c4a54cdecc67,adapted,3428,8
c,stream,document,100,80,jansson,2.14,10323,10398,460,20721,96871.064613,96172.340835,48260.219101,0,1.0,1,c4a54cdecc67,adapted,3429,9
c,stream,document,100,80,libbson,1.27.5,4472,2638,577,7110,223613.595707,379075.056861,140646.976090,0,1.0,1,c4a54cdecc67,adapted,3430,10
c,stream,document,100,80,custom-binary,v2-1.0,394,281,207,675,2538071.065990,3558718.861210,1481481.481481,0,1.0,1,c4a54cdecc67,adapted,3431,11
c,stream,document,100,80,protobuf-c,1.5.0,759,455,166,1214,1317523.056653,2197802.197802,823723.228995,0,1.0,1,c4a54cdecc67,adapted,3432,12
c,stream,document,100,80,json-c,0.15,8177,8734,460,16911,122294.239941,114495.076712,59133.108628,0,1.0,1,c4a54cdecc67,adapted,3433,13
c,stream,document,100,80,tinycbor,0.6.0,1877,5905,343,7782,532765.050613,169348.010161,128501.670522,0,1.0,1,c4a54cdecc67,adapted,3434,14
c,stream,document,100,80,avro-c,1.11.3,757,632,210,1389,1321003.963012,1582278.481013,719942.404608,0,1.0,1,c4a54cdecc67,adapted,3435,15
c,stream,document,100,80,nanopb,0.4.9,797,413,166,1210,1254705.144291,2421307.506053,826446.280992,0,1.0,1,c4a54cdecc67,adapted,3436,16
c,stream,document,100,80,parson,1.5.3,17140,8187,460,25327,58343.057176,122144.863808,39483.555099,0,1.0,1,c4a54cdecc67,adapted,3437,17
c,stream,document,100,80,cbor-encode,0.11.0,8025,6086,457,14111,124610.591900,164311.534670,70866.699738,0,1.0,1,c4a54cdecc67,adapted,3438,18
c,stream,document,100,81,ubj,1.0-min,514,311,244,825,1945525.291829,3215434.083601,1212121.212121,0,1.0,1,c4a54cdecc67,adapted,3439,0
c,stream,document,100,81,custom-binary,v2-1.0,371,283,207,654,2695417.789757,3533568.904594,1529051.987768,0,1.0,1,c4a54cdecc67,adapted,3440,1
c,stream,document,100,81,cJSON,1.7.18,6876,5359,460,12235,145433.391507,186601.977981,81732.733960,0,1.0,1,c4a54cdecc67,adapted,3441,2
c,stream,document,100,81,libbson,1.27.5,4304,2716,577,7020,232342.007435,368188.512518,142450.142450,0,1.0,1,c4a54cdecc67,adapted,3442,3
c,stream,document,100,81,jansson,2.14,12601,10303,460,22904,79358.781049,97059.108997,43660.495983,0,1.0,1,c4a54cdecc67,adapted,3443,4
c,stream,document,100,81,flatcc,0.6.1,1257,300,236,1557,795544.948290,3333333.333333,642260.757868,0,1.0,1,c4a54cdecc67,adapted,3444,5
c,stream,document,100,81,protobuf-c,1.5.0,773,446,166,1219,1293661.060802,2242152.466368,820344.544709,0,1.0,1,c4a54cdecc67,adapted,3445,6
c,stream,document,100,81,msgpack-c,6.0.1,1300,1417,335,2717,769230.769231,705716.302047,368052.999632,0,1.0,1,c4a54cdecc67,adapted,3446,7
c,stream,document,100,81,zcbor,0.9,1566,7165,354,8731,638569.604087,139567.341242,114534.417592,0,1.0,1,c4a54cdecc67,adapted,3447,8
c,stream,document,100,81,qcbor,1.5.1,2965,5820,343,8785,337268.128162,171821.305842,113830.392715,0,1.0,1,c4a54cdecc67,adapted,3448,9
c,stream,document,100,81,mpack,1.1,968,1541,335,2509,1033057.851240,648929.266710,398565.165405,0,1.0,1,c4a54cdecc67,adapted,3449,10
c,stream,document,100,81,cbor-encode,0.11.0,7594,6074,457,13668,131682.907559,164636.154099,73163.593796,0,1.0,1,c4a54cdecc67,adapted,3450,11
c,stream,document,100,81,avro-c,1.11.3,725,660,210,1385,1379310.344828,1515151.515152,722021.660650,0,1.0,1,c4a54cdecc67,adapted,3451,12
c,stream,document,100,81,yyjson,0.10.0,2736,1676,460,4412,365497.076023,596658.711217,226654.578422,0,1.0,1,c4a54cdecc67,adapted,3452,13
c,stream,document,100,81,tinycbor,0.6.0,1252,5918,343,7170,798722.044728,168976.005407,139470.013947,0,1.0,1,c4a54cdecc67,adapted,3453,14
c,stream,document,100,81,nanopb,0.4.9,775,415,166,1190,1290322.580645,2409638.554217,840336.134454,0,1.0,1,c4a54cdecc67,adapted,3454,15
c,stream,document,100,81,parson,1.5.3,16243,8276,460,24519,61564.981838,120831.319478,40784.697581,0,1.0,1,c4a54cdecc67,adapted,3455,16
c,stream,document,100,81,protobuf-wire,wire-v2,1664,438,166,2102,600961.538462,2283105.022831,475737.392959,0,1.0,1,c4a54cdecc67,adapted,3456,17
c,stream,document,100,81,json-c,0.15,8048,8701,460,16749,124254.473161,114929.318469,59705.057018,0,1.0,1,c4a54cdecc67,adapted,3457,18
c,stream,document,100,82,msgpack-c,6.0.1,1837,1388,335,3225,544365.813827,720461.095101,310077.519380,0,1.0,1,c4a54cdecc67,adapted,3458,0
c,stream,document,100,82,tinycbor,0.6.0,1017,5997,343,7014,983284.169125,166750.041688,142571.998859,0,1.0,1,c4a54cdecc67,adapted,3459,1
c,stream,document,100,82,yyjson,0.10.0,2633,1473,460,4106,379794.910748,678886.625933,243546.030200,0,1.0,1,c4a54cdecc67,adapted,3460,2
c,stream,document,100,82,custom-binary,v2-1.0,402,283,207,685,2487562.189055,3533568.904594,1459854.014599,0,1.0,1,c4a54cdecc67,adapted,3461,3
c,stream,document,100,82,mpack,1.1,1001,1600,335,2601,999000.999001,625000.000000,384467.512495,0,1.0,1,c4a54cdecc67,adapted,3462,4
c,stream,document,100,82,libbson,1.27.5,4803,2883,577,7686,208203.206329,346860.908776,130106.687484,0,1.0,1,c4a54cdecc67,adapted,3463,5
c,stream,document,100,82,ubj,1.0-min,464,318,244,782,2155172.413793,3144654.088050,1278772.378517,0,1.0,1,c4a54cdecc67,adapted,3464,6
c,stream,document,100,82,cbor-encode,0.11.0,7536,6017,457,13553,132696.390658,166195.778627,73784.401977,0,1.0,1,c4a54cdecc67,adapted,3465,7
c,stream,document,100,82,protobuf-wire,wire-v2,843,528,166,1371,1186239.620403,1893939.393939,729394.602480,0,1.0,1,c4a54cdecc67,adapted,3466,8
c,stream,document,100,82,avro-c,1.11.3,695,593,210,1288,1438848.920863,1686340.640809,776397.515528,0,1.0,1,c4a54cdecc67,adapted,3467,9
c,stream,document,100,82,nanopb,0.4.9,786,417,166,1203,1272264.631043,2398081.534772,831255.195345,0,1.0,1,c4a54cdecc67,adapted,3468,10
c,stream,document,100,82,qcbor,1.5.1,3165,5798,343,8963,315955.766193,172473.266644,111569.786902,0,1.0,1,c4a54cdecc67,adapted,3469,11
c,stream,document,100,82,zcbor,0.9,1615,7018,354,8633,619195.046440,142490.738102,115834.588208,0,1.0,1,c4a54cdecc67,adapted,3470,12
c,stream,document,100,82,cJSON,1.7.18,7162,5505,460,12667,139625.802848,181653.042688,78945.290913,0,1.0,1,c4a54cdecc67,adapted,3471,13
c,stream,document,100,82,parson,1.5.3,16809,8506,460,25315,59491.938842,117564.072419,39502.271381,0,1.0,1,c4a54cdecc67,adapted,3472,14
c,stream,document,100,82,json-c,0.15,8258,8375,460,16633,121094.696052,119402.985075,60121.445320,0,1.0,1,c4a54cdecc67,adapted,3473,15
c,stream,document,100,82,flatcc,0.6.1,1413,302,236,1715,707714.083510,3311258.278146,583090.379009,0,1.0,1,c4a54cdecc67,adapted,3474,16
c,stream,document,100,82,jansson,2.14,11095,10573,460,21668,90130.689500,94580.535326,46151.006092,0,1.0,1,c4a54cdecc67,adapted,3475,17
c,stream,document,100,82,protobuf-c,1.5.0,1438,511,166,1949,695410.292072,1956947.162427,513083.632632,0,1.0,1,c4a54cdecc67,adapted,3476,18
c,stream,document,100,83,cJSON,1.7.18,6871,5422,460,12293,145539.222821,184433.788270,81347.108110,0,1.0,1,c4a54cdecc67,adapted,3477,0
c,stream,document,100,83,tinycbor,0.6.0,1915,17211,343,19126,522193.211488,58102.376387,52284.847851,0,1.0,1,c4a54cdecc67,adapted,3478,1
c,stream,document,100,83,cbor-encode,0.11.0,7705,5890,457,13595,129785.853342,169779.286927,73556.454579,0,1.0,1,c4a54cdecc67,adapted,3479,2
c,stream,document,100,83,nanopb,0.4.9,835,471,166,1306,1197604.790419,2123142.250531,765696.784074,0,1.0,1,c4a54cdecc67,adapted,3480,3
c,stream,document,100,83,avro-c,1.11.3,766,645,210,1411,1305483.028721,1550387.596899,708717.221828,0,1.0,1,c4a54cdecc67,adapted,3481,4
c,stream,document,100,83,protobuf-wire,wire-v2,823,430,166,1253,1215066.828676,2325581.395349,798084.596967,0,1.0,1,c4a54cdecc67,adapted,3482,5
c,stream,document,100,83,zcbor,0.9,1648,7067,354,8715,606796.116505,141502.759304,114744.693058,0,1.0,1,c4a54cdecc67,adapted,3483,6
c,stream,document,100,83,custom-binary,v2-1.0,409,282,207,691,2444987.775061,3546099.290780,1447178.002894,0,1.0,1,c4a54cdecc67,adapted,3484,7
c,stream,document,100,83,parson,1.5.3,16709,8863,460,25572,59847.986115,112828.613336,39105.271391,0,1.0,1,c4a54cdecc67,adapted,3485,8
c,stream,document,100,83,mpack,1.1,1988,1681,335,3669,503018.108652,594883.997620,272553.829381,0,1.0,1,c4a54cdecc67,adapted,3486,9
c,stream,document,100,83,qcbor,1.5.1,2984,5900,343,8884,335120.643432,169491.525424,112561.909050,0,1.0,1,c4a54cdecc67,adapted,3487,10
c,stream,document,100,83,jansson,2.14,10682,10564,460,21246,93615.427823,94661.113215,47067.683329,0,1.0,1,c4a54cdecc67,adapted,3488,11
c,stream,document,100,83,flatcc,0.6.1,1463,286,236,1749,683526.999316,3496503.496503,571755.288736,0,1.0,1,c4a54cdecc67,adapted,3489,12
c,stream,document,100,83,json-c,0.15,8191,8594,460,16785,122085.215480,116360.251338,59577.003277,0,1.0,1,c4a54cdecc67,adapted,3490,13
c,stream,document,100,83,protobuf-c,1.5.0,1435,488,166,1923,696864.111498,2049180.327869,520020.800832,0,1.0,1,c4a54cdecc67,adapted,3491,14
c,stream,document,100,83,yyjson,0.10.0,2881,1820,460,4701,347101.700798,549450.549451,212720.697724,0,1.0,1,c4a54cdecc67,adapted,3492,15
c,stream,document,100,83,libbson,1.27.5,3680,2972,577,6652,271739.130435,336473.755047,150330.727601,0,1.0,1,c4a54cdecc67,adapted,3493,16
c,stream,document,100,83,msgpack-c,6.0.1,1276,1457,335,2733,783699.059561,686341.798216,365898.280278,0,1.0,1,c4a54cdecc67,adapted,3494,17
c,stream,document,100,83,ubj,1.0-min,417,337,244,754,2398081.534772,2967359.050445,1326259.946950,0,1.0,1,c4a54cdecc67,adapted,3495,18
c,stream,document,100,84,avro-c,1.11.3,744,602,210,1346,1344086.021505,1661129.568106,742942.050520,0,1.0,1,c4a54cdecc67,adapted,3496,0
c,stream,document,100,84,tinycbor,0.6.0,1222,5887,343,7109,818330.605565,169865.806013,140666.760445,0,1.0,1,c4a54cdecc67,adapted,3497,1
c,stream,document,100,84,protobuf-wire,wire-v2,764,434,166,1198,1308900.523560,2304147.465438,834724.540902,0,1.0,1,c4a54cdecc67,adapted,3498,2
c,stream,document,100,84,ubj,1.0-min,298,282,244,580,3355704.697987,3546099.290780,1724137.931034,0,1.0,1,c4a54cdecc67,adapted,3499,3
c,stream,document,100,84,mpack,1.1,911,1521,335,2432,1097694.840834,657462.195924,411184.210526,0,1.0,1,c4a54cdecc67,adapted,3500,4
c,stream,document,100,84,parson,1.5.3,16891,8628,460,25519,59203.125925,115901.715345,39186.488499,0,1.0,1,c4a54cdecc67,adapted,3501,5
c,stream,document,100,84,qcbor,1.5.1,3955,5909,343,9864,252844.500632,169233.372821,101378.751014,0,1.0,1,c4a54cdecc67,adapted,3502,6
c,stream,document,100,84,flatcc,0.6.1,670,280,236,950,1492537.313433,3571428.571429,1052631.578947,0,1.0,1,c4a54cdecc67,adapted,3503,7
c,stream,document,100,84,protobuf-c,1.5.0,748,453,166,1201,1336898.395722,2207505.518764,832639.467111,0,1.0,1,c4a54cdecc67,adapted,3504,8
c,stream,document,100,84,json-c,0.15,7979,8202,460,16181,125328.988595,121921.482565,61800.877572,0,1.0,1,c4a54cdecc67,adapted,3505,9
c,stream,document,100,84,zcbor,0.9,2234,7220,354,9454,447627.573859,138504.155125,105775.333192,0,1.0,1,c4a54cdecc67,adapted,3506,10
c,stream,document,100,84,libbson,1.27.5,3571,2667,577,6238,280033.604032,374953.130859,160307.790959,0,1.0,1,c4a54cdecc67,adapted,3507,11
c,stream,document,100,84,nanopb,0.4.9,802,442,166,1244,1246882.793017,2262443.438914,803858.520900,0,1.0,1,c4a54cdecc67,adapted,3508,12
c,stream,document,100,84,cbor-encode,0.11.0,7565,6179,457,13744,132187.706543,161838.485192,72759.022119,0,1.0,1,c4a54cdecc67,adapted,3509,13
c,stream,document,100,84,custom-binary,v2-1.0,417,282,207,699,2398081.534772,3546099.290780,1430615.164521,0,1.0,1,c4a54cdecc67,adapted,3510,14
c,stream,document,100,84,jansson,2.14,10746,10554,460,21300,93057.882003,94750.805382,46948.356808,0,1.0,1,c4a54cdecc67,adapted,3511,15
c,stream,document,100,84,msgpack-c,6.0.1,1957,1421,335,3378,510986.203373,703729.767769,296033.155713,0,1.0,1,c4a54cdecc67,adapted,3512,16
c,stream,document,100,84,cJSON,1.7.18,6853,5492,460,12345,145921.494236,182083.029862,81004.455245,0,1.0,1,c4a54cdecc67,adapted,3513,17
c,stream,document,100,84,yyjson,0.10.0,3606,1707,460,5313,277315.585136,585823.081429,188217.579522,0,1.0,1,c4a54cdecc67,adapted,3514,18
c,stream,document,100,85,nanopb,0.4.9,717,427,166,1144,1394700.139470,2341920.374707,874125.874126,0,1.0,1,c4a54cdecc67,adapted,3515,0
c,stream,document,100,85,avro-c,1.11.3,735,633,210,1368,1360544.217687,1579778.830964,730994.152047,0,1.0,1,c4a54cdecc67,adapted,3516,1
c,stream,document,100,85,parson,1.5.3,16636,8259,460,24895,60110.603510,121080.033902,40168.708576,0,1.0,1,c4a54cdecc67,adapted,3517,2
c,stream,document,100,85,jansson,2.14,10493,10221,460,20714,95301.629658,97837.784953,48276.527952,0,1.0,1,c4a54cdecc67,adapted,3518,3
c,stream,document,100,85,cJSON,1.7.18,5915,5022,460,10937,169061.707523,199123.855038,91432.751211,0,1.0,1,c4a54cdecc67,adapted,3519,4
c,stream,document,100,85,libbson,1.27.5,4243,2736,577,6979,235682.300259,365497.076023,143287.003869,0,1.0,1,c4a54cdecc67,adapted,3520,5
c,stream,document,100,85,json-c,0.15,8033,8352,460,16385,124486.493215,119731.800766,61031.431187,0,1.0,1,c4a54cdecc67,adapted,3521,6
c,stream,document,100,85,mpack,1.1,1598,1577,335,3175,625782.227785,634115.409004,314960.629921,0,1.0,1,c4a54cdecc67,adapted,3522,7
c,stream,document,100,85,msgpack-c,6.0.1,1215,1378,335,2593,823045.267490,725689.404935,385653.682993,0,1.0,1,c4a54cdecc67,adapted,3523,8
c,stream,document,100,85,tinycbor,0.6.0,1210,6124,343,7334,826446.280992,163291.966035,136351.240796,0,1.0,1,c4a54cdecc67,adapted,3524,9
c,stream,document,100,85,flatcc,0.6.1,714,285,236,999,1400560.224090,3508771.929825,1001001.001001,0,1.0,1,c4a54cdecc67,adapted,3525,10
c,stream,document,100,85,protobuf-wire,wire-v2,782,451,166,1233,1278772.378517,2217294.900222,811030.008110,0,1.0,1,c4a54cdecc67,adapted,3526,11
c,stream,document,100,85,qcbor,1.5.1,2918,5787,343,8705,342700.479781,172801.105927,114876.507754,0,1.0,1,c4a54cdecc67,adapted,3527,12
c,stream,document,100,85,ubj,1.0-min,451,323,244,774,2217294.900222,3095975.232198,1291989.664083,0,1.0,1,c4a54cdecc67,adapted,3528,13
c,stream,document,100,85,zcbor,0.9,1575,6981,354,8556,634920.634921,143245.953302,116877.045348,0,1.0,1,c4a54cdecc67,adapted,3529,14
c,stream,document,100,85,yyjson,0.10.0,2731,1654,460,4385,366166.239473,604594.921403,228050.171038,0,1.0,1,c4a54cdecc67,adapted,3530,15
c,stream,document,100,85,custom-binary,v2-1.0,417,298,207,715,2398081.534772,3355704.697987,1398601.398601,0,1.0,1,c4a54cdecc67,adapted,3531,16
c,stream,document,100,85,protobuf-c,1.5.0,768,442,166,1210,1302083.333333,2262443.438914,826446.280992,0,1.0,1,c4a54cdecc67,adapted,3532,17
c,stream,document,100,85,cbor-encode,0.11.0,7695,6017,457,13712,129954.515919,166195.778627,72928.821470,0,1.0,1,c4a54cdecc67,adapted,3533,18
c,stream,document,100,86,parson,1.5.3,16763,8205,460,24968,59655.192985,121876.904327,40051.265620,0,1.0,1,c4a54cdecc67,adapted,3534,0
c,stream,document,100,86,jansson,2.14,10879,10134,460,21013,91920.213255,98677.718571,47589.587398,0,1.0,1,c4a54cdecc67,adapted,3535,1
c,stream,document,100,86,yyjson,0.10.0,3341,1493,460,4834,299311.583358,669792.364367,206868.018204,0,1.0,1,c4a54cdecc67,adapted,3536,2
c,stream,document,100,86,protobuf-wire,wire-v2,762,444,166,1206,1312335.958005,2252252.252252,829187.396352,0,1.0,1,c4a54cdecc67,adapted,3537,3
c,stream,document,100,86,flatcc,0.6.1,666,277,236,943,1501501.501502,3610108.303249,1060445.387063,0,1.0,1,c4a54cdecc67,adapted,3538,4
c,stream,document,100,86,zcbor,0.9,1614,7279,354,8893,619578.686493,137381.508449,112447.992803,0,1.0,1,c4a54cdecc67,adapted,3539,5
c,stream,document,100,86,cJSON,1.7.18,7093,5603,460,12696,140984.068800,178475.816527,78764.965343,0,1.0,1,c4a54cdecc67,adapted,3540,6
c,stream,document,100,86,tinycbor,0.6.0,1818,5996,343,7814,550055.005501,166777.851901,127975.428718,0,1.0,1,c4a54cdecc67,adapted,3541,7
c,stream,document,100,86,cbor-encode,0.11.0,7519,6030,457,13549,132996.409097,165837.479270,73806.184958,0,1.0,1,c4a54cdecc67,adapted,3542,8
c,stream,document,100,86,avro-c,1.11.3,761,630,210,1391,1314060.446781,1587301.587302,718907.260963,0,1.0,1,c4a54cdecc67,adapted,3543,9
c,stream,document,100,86,ubj,1.0-min,441,301,244,742,2267573.696145,3322259.136213,1347708.894879,0,1.0,1,c4a54cdecc67,adapted,3544,10
c,stream,document,100,86,nanopb,0.4.9,774,466,166,1240,1291989.664083,2145922.746781,806451.612903,0,1.0,1,c4a54cdecc67,adapted,3545,11
c,stream,document,100,86,msgpack-c,6.0.1,1227,1481,335,2708,814995.925020,675219.446320,369276.218612,0,1.0,1,c4a54cdecc67,adapted,3546,12
c,stream,document,100,86,protobuf-c,1.5.0,763,438,166,1201,1310615.989515,2283105.022831,832639.467111,0,1.0,1,c4a54cdecc67,adapted,3547,13
c,stream,document,100,86,mpack,1.1,953,1561,335,2514,1049317.943337,640614.990391,397772.474145,0,1.0,1,c4a54cdecc67,adapted,3548,14
c,stream,document,100,86,json-c,0.15,8459,8586,460,17045,118217.283367,116468.669928,58668.231153,0,1.0,1,c4a54cdecc67,adapted,3549,15
c,stream,document,100,86,custom-binary,v2-1.0,1036,293,207,1329,965250.965251,3412969.283276,752445.447705,0,1.0,1,c4a54cdecc67,adapted,3550,16
c,stream,document,100,86,libbson,1.27.5,3770,2772,577,6542,265251.989390,360750.360750,152858.453072,0,1.0,1,c4a54cdecc67,adapted,3551,17
c,stream,document,100,86,qcbor,1.5.1,2972,6016,343,8988,336473.755047,166223.404255,111259.457054,0,1.0,1,c4a54cdecc67,adapted,3552,18
c,stream,document,100,87,qcbor,1.5.1,2390,5765,343,8155,418410.041841,173460.537728,122624.156959,0,1.0,1,c4a54cdecc67,adapted,3553,0
c,stream,document,100,87,json-c,0.15,7813,7760,460,15573,127991.808524,128865.979381,64213.703204,0,1.0,1,c4a54cdecc67,adapted,3554,1
c,stream,document,100,87,mpack,1.1,1456,1511,335,2967,686813.186813,661813.368630,337040.781935,0,1.0,1,c4a54cdecc67,adapted,3555,2
c,stream,document,100,87,cbor-encode,0.11.0,7155,6066,457,13221,139762.403913,164853.280580,75637.243779,0,1.0,1,c4a54cdecc67,adapted,3556,3
c,stream,document,100,87,custom-binary,v2-1.0,342,253,207,595,2923976.608187,3952569.169960,1680672.268908,0,1.0,1,c4a54cdecc67,adapted,3557,4
c,stream,document,100,87,jansson,2.14,10858,10123,460,20981,92097.992264,98784.945174,47662.170535,0,1.0,1,c4a54cdecc67,adapted,3558,5
c,stream,document,100,87,avro-c,1.11.3,1405,606,210,2011,711743.772242,1650165.016502,497265.042268,0,1.0,1,c4a54cdecc67,adapted,3559,6
c,stream,document,100,87,tinycbor,0.6.0,1340,5929,343,7269,746268.656716,168662.506325,137570.504884,0,1.0,1,c4a54cdecc67,adapted,3560,7
c,stream,document,100,87,cJSON,1.7.18,6859,5365,460,12224,145793.847500,186393.289842,81806.282723,0,1.0,1,c4a54cdecc67,adapted,3561,8
c,stream,document,100,87,parson,1.5.3,16538,8371,460,24909,60466.803725,119460.040616,40146.131920,0,1.0,1,c4a54cdecc67,adapted,3562,9
c,stream,document,100,87,protobuf-c,1.5.0,1834,447,166,2281,545256.270447,2237136.465324,438404.208680,0,1.0,1,c4a54cdecc67,adapted,3563,10
c,stream,document,100,87,libbson,1.27.5,3617,2752,577,6369,276472.214542,363372.093023,157010.519705,0,1.0,1,c4a54cdecc67,adapted,3564,11
c,stream,document,100,87,nanopb,0.4.9,778,450,166,1228,1285347.043702,2222222.222222,814332.247557,0,1.0,1,c4a54cdecc67,adapted,3565,12
c,stream,document,100,87,flatcc,0.6.1,674,274,236,948,1483679.525223,3649635.036496,1054852.320675,0,1.0,1,c4a54cdecc67,adapted,3566,13
c,stream,document,100,87,ubj,1.0-min,461,340,244,801,2169197.396963,2941176.470588,1248439.450687,0,1.0,1,c4a54cdecc67,adapted,3567,14
c,stream,document,100,87,yyjson,0.10.0,2665,1640,460,4305,375234.521576,609756.097561,232288.037166,0,1.0,1,c4a54cdecc67,adapted,3568,15
c,stream,document,100,87,zcbor,0.9,1571,7335,354,8906,636537.237428,136332.651670,112283.853582,0,1.0,1,c4a54cdecc67,adapted,3569,16
c,stream,document,100,87,protobuf-wire,wire-v2,815,433,166,1248,1226993.865031,2309468.822171,801282.051282,0,1.0,1,c4a54cdecc67,adapted,3570,17
c,stream,document,100,87,msgpack-c,6.0.1,1275,1440,335,2715,784313.725490,694444.444444,368324.125230,0,1.0,1,c4a54cdecc67,adapted,3571,18
c,stream,document,100,88,protobuf-wire,wire-v2,676,366,166,1042,1479289.940828,2732240.437158,959692.898273,0,1.0,1,c4a54cdecc67,adapted,3572,0
c,stream,document,100,88,msgpack-c,6.0.1,920,1119,335,2039,1086956.521739,893655.049151,490436.488475,0,1.0,1,c4a54cdecc67,adapted,3573,1
c,stream,document,100,88,nanopb,0.4.9,657,411,166,1068,1522070.015221,2433090.024331,936329.588015,0,1.0,1,c4a54cdecc67,adapted,3574,2
c,stream,document,100,88,flatcc,0.6.1,506,248,236,754,1976284.584980,4032258.064516,1326259.946950,0,1.0,1,c4a54cdecc67,adapted,3575,3
c,stream,document,100,88,tinycbor,0.6.0,1217,5987,343,7204,821692.686935,167028.561884,138811.771238,0,1.0,1,c4a54cdecc67,adapted,3576,4
c,stream,document,100,88,yyjson,0.10.0,2298,1400,460,3698,435161.009574,714285.714286,270416.441320,0,1.0,1,c4a54cdecc67,adapted,3577,5
c,stream,document,100,88,qcbor,1.5.1,2916,5874,343,8790,342935.528121,170241.743275,113765.642776,0,1.0,1,c4a54cdecc67,adapted,3578,6
c,stream,document,100,88,zcbor,0.9,1487,6876,354,8363,672494.956288,145433.391507,119574.315437,0,1.0,1,c4a54cdecc67,adapted,3579,7
c,stream,document,100,88,custom-binary,v2-1.0,383,278,207,661,2610966.057441,3597122.302158,1512859.304085,0,1.0,1,c4a54cdecc67,adapted,3580,8
c,stream,document,100,88,parson,1.5.3,16477,7661,460,24138,60690.659707,130531.262237,41428.453062,0,1.0,1,c4a54cdecc67,adapted,3581,9
c,stream,document,100,88,mpack,1.1,1895,1633,335,3528,527704.485488,612369.871402,283446.712018,0,1.0,1,c4a54cdecc67,adapted,3582,10
c,stream,document,100,88,cJSON,1.7.18,6972,5390,460,12362,143430.866322,185528.756957,80893.059376,0,1.0,1,c4a54cdecc67,adapted,3583,11
c,stream,document,100,88,libbson,1.27.5,4127,2654,577,6781,242306.760359,376789.751319,147470.874502,0,1.0,1,c4a54cdecc67,adapted,3584,12
c,stream,document,100,88,cbor-encode,0.11.0,7495,6129,457,13624,133422.281521,163158.753467,73399.882560,0,1.0,1,c4a54cdecc67,adapted,3585,13
c,stream,document,100,88,jansson,2.14,10942,10123,460,21065,91390.970572,98784.945174,47472.110135,0,1.0,1,c4a54cdecc67,adapted,3586,14
c,stream,document,100,88,avro-c,1.11.3,1416,652,210,2068,706214.689266,1533742.331288,483558.994197,0,1.0,1,c4a54cdecc67,adapted,3587,15
c,stream,document,100,88,ubj,1.0-min,483,313,244,796,2070393.374741,3194888.178914,1256281.407035,0,1.0,1,c4a54cdecc67,adapted,3588,16
c,stream,document,100,88,protobuf-c,1.5.0,768,441,166,1209,1302083.333333,2267573.696145,827129.859388,0,1.0,1,c4a54cdecc67,adapted,3589,17
c,stream,document,100,88,json-c,0.15,8190,14199,460,22389,122100.122100,70427.494894,44664.790745,0,1.0,1,c4a54cdecc67,adapted,3590,18
c,stream,document,100,89,protobuf-wire,wire-v2,1553,415,166,1968,643915.003220,2409638.554217,508130.081301,0,1.0,1,c4a54cdecc67,adapted,3591,0
c,stream,document,100,89,ubj,1.0-min,363,275,244,638,2754820.936639,3636363.636364,1567398.119122,0,1.0,1,c4a54cdecc67,adapted,3592,1
c,stream,document,100,89,jansson,2.14,10120,9980,460,20100,98814.229249,100200.400802,49751.243781,0,1.0,1,c4a54cdecc67,adapted,3593,2
c,stream,document,100,89,cbor-encode,0.11.0,7378,6018,457,13396,135538.086202,166168.162180,74649.149000,0,1.0,1,c4a54cdecc67,adapted,3594,3
c,stream,document,100,89,zcbor,0.9,1690,7022,354,8712,591715.976331,142409.569923,114784.205693,0,1.0,1,c4a54cdecc67,adapted,3595,4
c,stream,document,100,89,msgpack-c,6.0.1,1619,1429,335,3048,617665.225448,699790.062981,328083.989501,0,1.0,1,c4a54cdecc67,adapted,3596,5
c,stream,document,100,89,tinycbor,0.6.0,1208,5917,343,7125,827814.569536,169004.563123,140350.877193,0,1.0,1,c4a54cdecc67,adapted,3597,6
c,stream,document,100,89,nanopb,0.4.9,788,418,166,1206,1269035.532995,2392344.497608,829187.396352,0,1.0,1,c4a54cdecc67,adapted,3598,7
c,stream,document,100,89,yyjson,0.10.0,2656,1597,460,4253,376506.024096,626174.076393,235128.144839,0,1.0,1,c4a54cdecc67,adapted,3599,8
c,stream,document,100,89,parson,1.5.3,16184,8105,460,24289,61789.421651,123380.629241,41170.900408,0,1.0,1,c4a54cdecc67,adapted,3600,9
c,stream,document,100,89,json-c,0.15,8655,8497,460,17152,115540.150202,117688.595975,58302.238806,0,1.0,1,c4a54cdecc67,adapted,3601,10
c,stream,document,100,89,mpack,1.1,1676,1834,335,3510,596658.711217,545256.270447,284900.284900,0,1.0,1,c4a54cdecc67,adapted,3602,11
c,stream,document,100,89,protobuf-c,1.5.0,821,434,166,1255,1218026.796590,2304147.465438,796812.749004,0,1.0,1,c4a54cdecc67,adapted,3603,12
c,stream,document,100,89,custom-binary,v2-1.0,378,276,207,654,2645502.645503,3623188.405797,1529051.987768,0,1.0,1,c4a54cdecc67,adapted,3604,13
c,stream,document,100,89,avro-c,1.11.3,750,708,210,1458,1333333.333333,1412429.378531,685871.056241,0,1.0,1,c4a54cdecc67,adapted,3605,14
c,stream,document,100,89,libbson,1.27.5,3942,2967,577,6909,253678.335870,337040.781935,144738.746562,0,1.0,1,c4a54cdecc67,adapted,3606,15
c,stream,document,100,89,cJSON,1.7.18,6891,5620,460,12511,145116.819039,177935.943060,79929.661898,0,1.0,1,c4a54cdecc67,adapted,3607,16
c,stream,document,100,89,flatcc,0.6.1,1360,319,236,1679,735294.117647,3134796.238245,595592.614652,0,1.0,1,c4a54cdecc67,adapted,3608,17
c,stream,document,100,89,qcbor,1.5.1,3134,6315,343,9449,319081.046586,158353.127474,105831.304900,0,1.0,1,c4a54cdecc67,adapted,3609,18
c,stream,document,100,90,cJSON,1.7.18,6172,4952,460,11124,162022.034997,201938.610662,89895.720964,0,1.0,1,c4a54cdecc67,adapted,3610,0
c,stream,document,100,90,qcbor,1.5.1,3317,5799,343,9116,301477.238468,172443.524746,109697.235630,0,1.0,1,c4a54cdecc67,adapted,3611,1
c,stream,document,100,90,parson,1.5.3,16336,7867,460,24203,61214.495593,127113.257913,41317.192084,0,1.0,1,c4a54cdecc67,adapted,3612,2
c,stream,document,100,90,json-c,0.15,8341,8500,460,16841,119889.701475,117647.058824,59378.896740,0,1.0,1,c4a54cdecc67,adapted,3613,3
c,stream,document,100,90,cbor-encode,0.11.0,7704,6133,457,13837,129802.699896,163052.339801,72270.000723,0,1.0,1,c4a54cdecc67,adapted,3614,4
c,stream,document,100,90,custom-binary,v2-1.0,397,300,207,697,2518891.687657,3333333.333333,1434720.229555,0,1.0,1,c4a54cdecc67,adapted,3615,5
c,stream,document,100,90,protobuf-wire,wire-v2,883,488,166,1371,1132502.831257,2049180.327869,729394.602480,0,1.0,1,c4a54cdecc67,adapted,3616,6
c,stream,document,100,90,yyjson,0.10.0,3110,1863,460,4973,321543.408360,536768.652711,201085.863664,0,1.0,1,c4a54cdecc67,adapted,3617,7
c,stream,document,100,90,avro-c,1.11.3,721,618,210,1339,1386962.552011,1618122.977346,746825.989544,0,1.0,1,c4a54cdecc67,adapted,3618,8
c,stream,document,100,90,mpack,1.1,928,1690,335,2618,1077586.206897,591715.976331,381970.970206,0,1.0,1,c4a54cdecc67,adapted,3619,9
c,stream,document,100,90,jansson,2.14,13826,10860,460,24686,72327.498915,92081.031308,40508.790408,0,1.0,1,c4a54cdecc67,adapted,3620,10
c,stream,document,100,90,flatcc,0.6.1,1409,276,236,1685,709723.207949,3623188.405797,593471.810089,0,1.0,1,c4a54cdecc67,adapted,3621,11
c,stream,document,100,90,ubj,1.0-min,502,337,244,839,1992031.872510,2967359.050445,1191895.113230,0,1.0,1,c4a54cdecc67,adapted,3622,12
c,stream,document,100,90,nanopb,0.4.9,809,487,166,1296,1236093.943140,2053388.090349,771604.938272,0,1.0,1,c4a54cdecc67,adapted,3623,13
c,stream,document,100,90,msgpack-c,6.0.1,1322,1513,335,2835,756429.652042,660938.532716,352733.686067,0,1.0,1,c4a54cdecc67,adapted,3624,14
c,stream,document,100,90,tinycbor,0.6.0,1354,5893,343,7247,738552.437223,169692.855931,137988.133021,0,1.0,1,c4a54cdecc67,adapted,3625,15
c,stream,document,100,90,protobuf-c,1.5.0,792,498,166,1290,1262626.262626,2008032.128514,775193.798450,0,1.0,1,c4a54cdecc67,adapted,3626,16
c,stream,document,100,90,zcbor,0.9,1845,7431,354,9276,542005.420054,134571.390122,107805.088400,0,1.0,1,c4a54cdecc67,adapted,3627,17
c,stream,document,100,90,libbson,1.27.5,3769,2999,577,6768,265322.366676,333444.481494,147754.137116,0,1.0,1,c4a54cdecc67,adapted,3628,18
c,stream,document,100,91,custom-binary,v2-1.0,364,281,207,645,2747252.747253,3558718.861210,1550387.596899,0,1.0,1,c4a54cdecc67,adapted,3629,0
c,stream,document,100,91,protobuf-c,1.5.0,646,415,166,1061,1547987.616099,2409638.554217,942507.068803,0,1.0,1,c4a54cdecc67,adapted,3630,1
c,stream,document,100,91,yyjson,0.10.0,2922,1771,460,4693,342231.348392,564652.738566,213083.315576,0,1.0,1,c4a54cdecc67,adapted,3631,2
c,stream,document,100,91,zcbor,0.9,1483,7032,354,8515,674308.833446,142207.053470,117439.812096,0,1.0,1,c4a54cdecc67,adapted,3632,3
c,stream,document,100,91,libbson,1.27.5,3207,2506,577,5713,311817.898347,399042.298484,175039.383861,0,1.0,1,c4a54cdecc67,adapted,3633,4
c,stream,document,100,91,avro-c,1.11.3,745,609,210,1354,1342281.879195,1642036.124795,738552.437223,0,1.0,1,c4a54cdecc67,adapted,3634,5
c,stream,document,100,91,ubj,1.0-min,471,325,244,796,2123142.250531,3076923.076923,1256281.407035,0,1.0,1,c4a54cdecc67,adapted,3635,6
c,stream,document,100,91,protobuf-wire,wire-v2,849,488,166,1337,1177856.301531,2049180.327869,747943.156320,0,1.0,1,c4a54cdecc67,adapted,3636,7
c,stream,document,100,91,jansson,2.14,10331,10208,460,20539,96796.050721,97962.382445,48687.862116,0,1.0,1,c4a54cdecc67,adapted,3637,8
c,stream,document,100,91,tinycbor,0.6.0,1849,5972,343,7821,540832.882639,167448.091092,127860.887355,0,1.0,1,c4a54cdecc67,adapted,3638,9
c,stream,document,100,91,nanopb,0.4.9,768,420,166,1188,1302083.333333,2380952.380952,841750.841751,0,1.0,1,c4a54cdecc67,adapted,3639,10
c,stream,document,100,91,mpack,1.1,938,1629,335,2567,1066098.081023,613873.542050,389559.797429,0,1.0,1,c4a54cdecc67,adapted,3640,11
c,stream,document,100,91,cJSON,1.7.18,6831,5473,460,12304,146391.450739,182715.147086,81274.382315,0,1.0,1,c4a54cdecc67,adapted,3641,12
c,stream,document,100,91,json-c,0.15,8423,9103,460,17526,118722.545411,109853.894321,57058.085131,0,1.0,1,c4a54cdecc67,adapted,3642,13
c,stream,document,100,91,flatcc,0.6.1,1493,266,236,1759,669792.364367,3759398.496241,568504.832291,0,1.0,1,c4a54cdecc67,adapted,3643,14
c,stream,document,100,91,cbor-encode,0.11.0,7731,6004,457,13735,129349.372656,166555.629580,72806.698216,0,1.0,1,c4a54cdecc67,adapted,3644,15
c,stream,document,100,91,parson,1.5.3,16775,7872,460,24647,59612.518629,127032.520325,40572.889195,0,1.0,1,c4a54cdecc67,adapted,3645,16
c,stream,document,100,91,qcbor,1.5.1,3846,5808,343,9654,260010.400416,172176.308540,103584.006629,0,1.0,1,c4a54cdecc67,adapted,3646,17
c,stream,document,100,91,msgpack-c,6.0.1,1363,1498,335,2861,733675.715334,667556.742323,349528.137015,0,1.0,1,c4a54cdecc67,adapted,3647,18
c,stream,document,100,92,libbson,1.27.5,3825,2891,577,6716,261437.908497,345901.072293,148898.153663,0,1.0,1,c4a54cdecc67,adapted,3648,0
c,stream,document,100,92,qcbor,1.5.1,2581,5758,343,8339,387446.726075,173671.413685,119918.455450,0,1.0,1,c4a54cdecc67,adapted,3649,1
c,stream,document,100,92,msgpack-c,6.0.1,1039,1254,335,2293,962463.907603,797448.165869,436109.899695,0,1.0,1,c4a54cdecc67,adapted,3650,2
c,stream,document,100,92,parson,1.5.3,15737,7324,460,23061,63544.512931,136537.411251,43363.253979,0,1.0,1,c4a54cdecc67,adapted,3651,3
c,stream,document,100,92,custom-binary,v2-1.0,1421,271,207,1692,703729.767769,3690036.900369,591016.548463,0,1.0,1,c4a54cdecc67,adapted,3652,4
c,stream,document,100,92,protobuf-c,1.5.0,759,446,166,1205,1317523.056653,2242152.466368,829875.518672,0,1.0,1,c4a54cdecc67,adapted,3653,5
c,stream,document,100,92,yyjson,0.10.0,2785,1780,460,4565,359066.427289,561797.752809,219058.050383,0,1.0,1,c4a54cdecc67,adapted,3654,6
c,stream,document,100,92,cbor-encode,0.11.0,7545,5990,457,13535,132538.104705,166944.908180,73882.526782,0,1.0,1,c4a54cdecc67,adapted,3655,7
c,stream,document,100,92,json-c,0.15,9468,8314,460,17782,105618.926912,120279.047390,56236.643797,0,1.0,1,c4a54cdecc67,adapted,3656,8
c,stream,document,100,92,tinycbor,0.6.0,2012,5780,343,7792,497017.892644,173010.380623,128336.755647,0,1.0,1,c4a54cdecc67,adapted,3657,9
c,stream,document,100,92,avro-c,1.11.3,805,656,210,1461,1242236.024845,1524390.243902,684462.696783,0,1.0,1,c4a54cdecc67,adapted,3658,10
c,stream,document,100,92,ubj,1.0-min,495,328,244,823,2020202.020202,3048780.487805,1215066.828676,0,1.0,1,c4a54cdecc67,adapted,3659,11
c,stream,document,100,92,mpack,1.1,985,1750,335,2735,1015228.426396,571428.571429,365630.712980,0,1.0,1,c4a54cdecc67,adapted,3660,12
c,stream,document,100,92,jansson,2.14,11236,10358,460,21594,88999.644001,96543.734312,46309.159952,0,1.0,1,c4a54cdecc67,adapted,3661,13
c,stream,document,100,92,protobuf-wire,wire-v2,1393,474,166,1867,717875.089734,2109704.641350,535618.639529,0,1.0,1,c4a54cdecc67,adapted,3662,14
c,stream,document,100,92,flatcc,0.6.1,721,310,236,1031,1386962.552011,3225806.451613,969932.104753,0,1.0,1,c4a54cdecc67,adapted,3663,15
c,stream,document,100,92,zcbor,0.9,1588,7575,354,9163,629722.921914,132013.201320,109134.562916,0,1.0,1,c4a54cdecc67,adapted,3664,16
c,stream,document,100,92,nanopb,0.4.9,817,455,166,1272,1223990.208078,2197802.197802,786163.522013,0,1.0,1,c4a54cdecc67,adapted,3665,17
c,stream,document,100,92,cJSON,1.7.18,6797,5376,460,12173,147123.731058,186011.904762,82149.018319,0,1.0,1,c4a54cdecc67,adapted,3666,18
c,stream,document,100,93,parson,1.5.3,16409,8043,460,24452,60942.165885,124331.717021,40896.450188,0,1.0,1,c4a54cdecc67,adapted,3667,0
c,stream,document,100,93,avro-c,1.11.3,1678,589,210,2267,595947.556615,1697792.869270,441111.601235,0,1.0,1,c4a54cdecc67,adapted,3668,1
c,stream,document,100,93,qcbor,1.5.1,3012,5911,343,8923,332005.312085,169176.112333,112069.931637,0,1.0,1,c4a54cdecc67,adapted,3669,2
c,stream,document,100,93,jansson,2.14,10659,10000,460,20659,93817.431279,100000.000000,48405.053488,0,1.0,1,c4a54cdecc67,adapted,3670,3
c,stream,document,100,93,protobuf-wire,wire-v2,1280,454,166,1734,781250.000000,2202643.171806,576701.268743,0,1.0,1,c4a54cdecc67,adapted,3671,4
c,stream,document,100,93,mpack,1.1,891,1622,335,2513,1122334.455668,616522.811344,397930.760048,0,1.0,1,c4a54cdecc67,adapted,3672,5
c,stream,document,100,93,custom-binary,v2-1.0,487,346,207,833,2053388.090349,2890173.410405,1200480.192077,0,1.0,1,c4a54cdecc67,adapted,3673,6
c,stream,document,100,93,ubj,1.0-min,470,306,244,776,2127659.574468,3267973.856209,1288659.793814,0,1.0,1,c4a54cdecc67,adapted,3674,7
c,stream,document,100,93,cbor-encode,0.11.0,7598,5953,457,13551,131613.582522,167982.529817,73795.291860,0,1.0,1,c4a54cdecc67,adapted,3675,8
c,stream,document,100,93,cJSON,1.7.18,6790,5201,460,11991,147275.405007,192270.717170,83395.880244,0,1.0,1,c4a54cdecc67,adapted,3676,9
c,stream,document,100,93,yyjson,0.10.0,3480,1698,460,5178,287356.321839,588928.150766,193124.758594,0,1.0,1,c4a54cdecc67,adapted,3677,10
c,stream,document,100,93,libbson,1.27.5,3724,2789,577,6513,268528.464017,358551.452133,153539.075695,0,1.0,1,c4a54cdecc67,adapted,3678,11
c,stream,document,100,93,tinycbor,0.6.0,1285,5832,343,7117,778210.116732,171467.764060,140508.641281,0,1.0,1,c4a54cdecc67,adapted,3679,12
c,stream,document,100,93,flatcc,0.6.1,731,274,236,1005,1367989.056088,3649635.036496,995024.875622,0,1.0,1,c4a54cdecc67,adapted,3680,13
c,stream,document,100,93,protobuf-c,1.5.0,806,431,166,1237,1240694.789082,2320185.614849,808407.437348,0,1.0,1,c4a54cdecc67,adapted,3681,14
c,stream,document,100,93,json-c,0.15,8294,8727,460,17021,120569.086086,114586.914174,58750.954703,0,1.0,1,c4a54cdecc67,adapted,3682,15
c,stream,document,100,93,msgpack-c,6.0.1,1911,1433,335,3344,523286.237572,697836.706211,299043.062201,0,1.0,1,c4a54cdecc67,adapted,3683,16
c,stream,document,100,93,nanopb,0.4.9,786,399,166,1185,1272264.631043,2506265.664160,843881.856540,0,1.0,1,c4a54cdecc67,adapted,3684,17
c,stream,document,100,93,zcbor,0.9,1646,7395,354,9041,607533.414338,135226.504395,110607.233713,0,1.0,1,c4a54cdecc67,adapted,3685,18
c,stream,document,100,94,nanopb,0.4.9,670,367,166,1037,1492537.313433,2724795.640327,964320.154291,0,1.0,1,c4a54cdecc67,adapted,3686,0
c,stream,document,100,94,parson,1.5.3,16432,7823,460,24255,60856.864654,127828.198901,41228.612657,0,1.0,1,c4a54cdecc67,adapted,3687,1
c,stream,document,100,94,cbor-encode,0.11.0,7922,6042,457,13964,126230.749811,165508.109897,71612.718419,0,1.0,1,c4a54cdecc67,adapted,3688,2
c,stream,document,100,94,ubj,1.0-min,473,329,244,802,2114164.904863,3039513.677812,1246882.793017,0,1.0,1,c4a54cdecc67,adapted,3689,3
c,stream,document,100,94,tinycbor,0.6.0,1152,5720,343,6872,868055.555556,174825.174825,145518.044237,0,1.0,1,c4a54cdecc67,adapted,3690,4
c,stream,document,100,94,libbson,1.27.5,3502,2862,577,6364,285551.113649,349406.009783,157133.878064,0,1.0,1,c4a54cdecc67,adapted,3691,5
c,stream,document,100,94,custom-binary,v2-1.0,388,275,207,663,2577319.587629,3636363.636364,1508295.625943,0,1.0,1,c4a54cdecc67,adapted,3692,6
c,stream,document,100,94,yyjson,0.10.0,2546,1652,460,4198,392772.977219,605326.876513,238208.670796,0,1.0,1,c4a54cdecc67,adapted,3693,7
c,stream,document,100,94,jansson,2.14,10779,10283,460,21062,92772.984507,97247.884859,47478.871902,0,1.0,1,c4a54cdecc67,adapted,3694,8
c,stream,document,100,94,msgpack-c,6.0.1,1863,1417,335,3280,536768.652711,705716.302047,304878.048780,0,1.0,1,c4a54cdecc67,adapted,3695,9
c,stream,document,100,94,flatcc,0.6.1,659,280,236,939,1517450.682853,3571428.571429,1064962.726305,0,1.0,1,c4a54cdecc67,adapted,3696,10
c,stream,document,100,94,avro-c,1.11.3,725,652,210,1377,1379310.344828,1533742.331288,726216.412491,0,1.0,1,c4a54cdecc67,adapted,3697,11
c,stream,document,100,94,zcbor,0.9,1594,7272,354,8866,627352.572146,137513.751375,112790.435371,0,1.0,1,c4a54cdecc67,adapted,3698,12
c,stream,document,100,94,cJSON,1.7.18,6813,5327,460,12140,146778.218112,187722.920969,82372.322900,0,1.0,1,c4a54cdecc67,adapted,3699,13
c,stream,document,100,94,protobuf-c,1.5.0,1424,435,166,1859,702247.191011,2298850.574713,537923.614847,0,1.0,1,c4a54cdecc67,adapted,3700,14
c,stream,document,100,94,json-c,0.15,22044,8368,460,30412,45363.817819,119502.868069,32881.757201,0,1.0,1,c4a54cdecc67,adapted,3701,15
c,stream,document,100,94,mpack,1.1,1785,1701,335,3486,560224.089636,587889.476778,286861.732645,0,1.0,1,c4a54cdecc67,adapted,3702,16
c,stream,document,100,94,protobuf-wire,wire-v2,809,479,166,1288,1236093.943140,2087682.672234,776397.515528,0,1.0,1,c4a54cdecc67,adapted,3703,17
c,stream,document,100,94,qcbor,1.5.1,3127,5912,343,9039,319795.330988,169147.496617,110631.707047,0,1.0,1,c4a54cdecc67,adapted,3704,18
c,stream,document,100,95,zcbor,0.9,1483,6960,354,8443,674308.833446,143678.160920,118441.312330,0,1.0,1,c4a54cdecc67,adapted,3705,0
c,stream,document,100,95,mpack,1.1,748,1164,335,1912,1336898.395722,859106.529210,523012.552301,0,1.0,1,c4a54cdecc67,adapted,3706,1
c,stream,document,100,95,protobuf-c,1.5.0,716,383,166,1099,1396648.044693,2610966.057441,909918.107370,0,1.0,1,c4a54cdecc67,adapted,3707,2
c,stream,document,100,95,parson,1.5.3,16181,8113,460,24294,61800.877572,123258.967090,41162.426937,0,1.0,1,c4a54cdecc67,adapted,3708,3
c,stream,document,100,95,custom-binary,v2-1.0,1291,274,207,1565,774593.338497,3649635.036496,638977.635783,0,1.0,1,c4a54cdecc67,adapted,3709,4
c,stream,document,100,95,qcbor,1.5.1,2617,5847,343,8464,382116.927780,171027.877544,118147.448015,0,1.0,1,c4a54cdecc67,adapted,3710,5
c,stream,document,100,95,avro-c,1.11.3,765,670,210,1435,1307189.542484,1492537.313433,696864.111498,0,1.0,1,c4a54cdecc67,adapted,3711,6
c,stream,document,100,95,nanopb,0.4.9,839,429,166,1268,1191895.113230,2331002.331002,788643.533123,0,1.0,1,c4a54cdecc67,adapted,3712,7
c,stream,document,100,95,protobuf-wire,wire-v2,691,424,166,1115,1447178.002894,2358490.566038,896860.986547,0,1.0,1,c4a54cdecc67,adapted,3713,8
c,stream,document,100,95,tinycbor,0.6.0,1475,5745,343,7220,677966.101695,174064.403829,138504.155125,0,1.0,1,c4a54cdecc67,adapted,3714,9
c,stream,document,100,95,ubj,1.0-min,426,336,244,762,2347417.840376,2976190.476190,1312335.958005,0,1.0,1,c4a54cdecc67,adapted,3715,10
c,stream,document,100,95,libbson,1.27.5,3839,2768,577,6607,260484.501172,361271.676301,151354.623884,0,1.0,1,c4a54cdecc67,adapted,3716,11
c,stream,document,100,95,msgpack-c,6.0.1,1249,1403,335,2652,800640.512410,712758.374911,377073.906486,0,1.0,1,c4a54cdecc67,adapted,3717,12
c,stream,document,100,95,cbor-encode,0.11.0,7888,5882,457,13770,126774.847870,170010.200612,72621.641249,0,1.0,1,c4a54cdecc67,adapted,3718,13
c,stream,document,100,95,flatcc,0.6.1,751,294,236,1045,1331557.922770,3401360.544218,956937.799043,0,1.0,1,c4a54cdecc67,adapted,3719,14
c,stream,document,100,95,jansson,2.14,10559,10544,460,21103,94705.938062,94840.667678,47386.627494,0,1.0,1,c4a54cdecc67,adapted,3720,15
c,stream,document,100,95,yyjson,0.10.0,3500,1690,460,5190,285714.285714,591715.976331,192678.227360,0,1.0,1,c4a54cdecc67,adapted,3721,16
c,stream,document,100,95,json-c,0.15,8080,8516,460,16596,123762.376238,117426.021606,60255.483249,0,1.0,1,c4a54cdecc67,adapted,3722,17
c,stream,document,100,95,cJSON,1.7.18,6854,5493,460,12347,145900.204260,182049.881668,80991.333927,0,1.0,1,c4a54cdecc67,adapted,3723,18
c,stream,document,100,96,flatcc,0.6.1,1336,273,236,1609,748502.994012,3663003.663004,621504.039776,0,1.0,1,c4a54cdecc67,adapted,3724,0
c,stream,document,100,96,protobuf-wire,wire-v2,809,417,166,1226,1236093.943140,2398081.534772,815660.685155,0,1.0,1,c4a54cdecc67,adapted,3725,1
c,stream,document,100,96,parson,1.5.3,16217,7745,460,23962,61663.686255,129115.558425,41732.743511,0,1.0,1,c4a54cdecc67,adapted,3726,2
c,stream,document,100,96,avro-c,1.11.3,1819,602,210,2421,549752.611325,1661129.568106,413052.457662,0,1.0,1,c4a54cdecc67,adapted,3727,3
c,stream,document,100,96,ubj,1.0-min,466,323,244,789,2145922.746781,3095975.232198,1267427.122940,0,1.0,1,c4a54cdecc67,adapted,3728,4
c,stream,document,100,96,cJSON,1.7.18,6008,4923,460,10931,166444.740346,203128.173878,91482.938432,0,1.0,1,c4a54cdecc67,adapted,3729,5
c,stream,document,100,96,yyjson,0.10.0,3255,1801,460,5056,307219.662058,555247.084953,197784.810127,0,1.0,1,c4a54cdecc67,adapted,3730,6
c,stream,document,100,96,mpack,1.1,937,1635,335,2572,1067235.859125,611620.795107,388802.488336,0,1.0,1,c4a54cdecc67,adapted,3731,7
c,stream,document,100,96,libbson,1.27.5,3515,2885,577,6400,284495.021337,346620.450607,156250.000000,0,1.0,1,c4a54cdecc67,adapted,3732,8
c,stream,document,100,96,cbor-encode,0.11.0,7474,6094,457,13568,133797.163500,164095.831966,73702.830189,0,1.0,1,c4a54cdecc67,adapted,3733,9
c,stream,document,100,96,custom-binary,v2-1.0,379,275,207,654,2638522.427441,3636363.636364,1529051.987768,0,1.0,1,c4a54cdecc67,adapted,3734,10
c,stream,document,100,96,msgpack-c,6.0.1,1247,1483,335,2730,801924.619086,674308.833446,366300.366300,0,1.0,1,c4a54cdecc67,adapted,3735,11
c,stream,document,100,96,nanopb,0.4.9,752,429,166,1181,1329787.234043,2331002.331002,846740.050804,0,1.0,1,c4a54cdecc67,adapted,3736,12
c,stream,document,100,96,json-c,0.15,8035,8414,460,16449,124455.507156,118849.536487,60793.969238,0,1.0,1,c4a54cdecc67,adapted,3737,13
c,stream,document,100,96,zcbor,0.9,2228,7365,354,9593,448833.034111,135777.325187,104242.676952,0,1.0,1,c4a54cdecc67,adapted,3738,14
c,stream,document,100,96,protobuf-c,1.5.0,792,448,166,1240,1262626.262626,2232142.857143,806451.612903,0,1.0,1,c4a54cdecc67,adapted,3739,15
c,stream,document,100,96,tinycbor,0.6.0,1274,5645,343,6919,784929.356358,177147.918512,144529.556294,0,1.0,1,c4a54cdecc67,adapted,3740,16
c,stream,document,100,96,jansson,2.14,10806,10553,460,21359,92541.180825,94759.783948,46818.671286,0,1.0,1,c4a54cdecc67,adapted,3741,17
c,stream,document,100,96,qcbor,1.5.1,3601,5808,343,9409,277700.638711,172176.308540,106281.220108,0,1.0,1,c4a54cdecc67,adapted,3742,18
c,stream,document,100,97,avro-c,1.11.3,676,618,210,1294,1479289.940828,1618122.977346,772797.527048,0,1.0,1,c4a54cdecc67,adapted,3743,0
c,stream,document,100,97,flatcc,0.6.1,674,265,236,939,1483679.525223,3773584.905660,1064962.726305,0,1.0,1,c4a54cdecc67,adapted,3744,1
c,stream,document,100,97,cbor-encode,0.11.0,11652,5900,457,17552,85822.176450,169491.525424,56973.564266,0,1.0,1,c4a54cdecc67,adapted,3745,2
c,stream,document,100,97,cJSON,1.7.18,7074,5867,460,12941,141362.736783,170444.861087,77273.781006,0,1.0,1,c4a54cdecc67,adapted,3746,3
c,stream,document,100,97,protobuf-c,1.5.0,1364,452,166,1816,733137.829912,2212389.380531,550660.792952,0,1.0,1,c4a54cdecc67,adapted,3747,4
c,stream,document,100,97,custom-binary,v2-1.0,379,288,207,667,2638522.427441,3472222.222222,1499250.374813,0,1.0,1,c4a54cdecc67,adapted,3748,5
c,stream,document,100,97,nanopb,0.4.9,798,472,166,1270,1253132.832080,2118644.067797,787401.574803,0,1.0,1,c4a54cdecc67,adapted,3749,6
c,stream,document,100,97,json-c,0.15,8169,8392,460,16561,122414.004162,119161.105815,60382.827124,0,1.0,1,c4a54cdecc67,adapted,3750,7
c,stream,document,100,97,ubj,1.0-min,1123,378,244,1501,890471.950134,2645502.645503,666222.518321,0,1.0,1,c4a54cdecc67,adapted,3751,8
c,stream,document,100,97,libbson,1.27.5,3945,3250,577,7195,253485.424588,307692.307692,138985.406532,0,1.0,1,c4a54cdecc67,adapted,3752,9
c,stream,document,100,97,mpack,1.1,1131,1729,335,2860,884173.297966,578368.999422,349650.349650,0,1.0,1,c4a54cdecc67,adapted,3753,10
c,stream,document,100,97,protobuf-wire,wire-v2,819,466,166,1285,1221001.221001,2145922.746781,778210.116732,0,1.0,1,c4a54cdecc67,adapted,3754,11
c,stream,document,100,97,tinycbor,0.6.0,20453,5979,343,26432,48892.582995,167252.048838,37832.929782,0,1.0,1,c4a54cdecc67,adapted,3755,12
c,stream,document,100,97,yyjson,0.10.0,2948,1941,460,4889,339213.025780,515198.351365,204540.805891,0,1.0,1,c4a54cdecc67,adapted,3756,13
c,stream,document,100,97,parson,1.5.3,19148,9010,460,28158,52224.775433,110987.791343,35513.885929,0,1.0,1,c4a54cdecc67,adapted,3757,14
c,stream,document,100,97,msgpack-c,6.0.1,2321,1458,335,3779,430848.772081,685871.056241,264620.269913,0,1.0,1,c4a54cdecc67,adapted,3758,15
c,stream,document,100,97,zcbor,0.9,1588,7479,354,9067,629722.921914,133707.714935,110290.062865,0,1.0,1,c4a54cdecc67,adapted,3759,16
c,stream,document,100,97,jansson,2.14,10741,10731,460,21472,93101.201005,93187.960116,46572.280179,0,1.0,1,c4a54cdecc67,adapted,3760,17
c,stream,document,100,97,qcbor,1.5.1,3771,5965,343,9736,265181.649430,167644.593462,102711.585867,0,1.0,1,c4a54cdecc67,adapted,3761,18
c,stream,document,100,98,cbor-encode,0.11.0,7437,5883,457,13320,134462.821030,169981.302057,75075.075075,0,1.0,1,c4a54cdecc67,adapted,3762,0
c,stream,document,100,98,tinycbor,0.6.0,1223,5597,343,6820,817661.488144,178667.143112,146627.565982,0,1.0,1,c4a54cdecc67,adapted,3763,1
c,stream,document,100,98,ubj,1.0-min,468,316,244,784,2136752.136752,3164556.962025,1275510.204082,0,1.0,1,c4a54cdecc67,adapted,3764,2
c,stream,document,100,98,libbson,1.27.5,3663,2899,577,6562,273000.273000,344946.533287,152392.563243,0,1.0,1,c4a54cdecc67,adapted,3765,3
c,stream,document,100,98,protobuf-wire,wire-v2,809,433,166,1242,1236093.943140,2309468.822171,805152.979066,0,1.0,1,c4a54cdecc67,adapted,3766,4
c,stream,document,100,98,zcbor,0.9,1746,7049,354,8795,572737.686140,141864.094198,113700.966458,0,1.0,1,c4a54cdecc67,adapted,3767,5
c,stream,document,100,98,json-c,0.15,8034,8595,460,16629,124470.998257,116346.713205,60135.907150,0,1.0,1,c4a54cdecc67,adapted,3768,6
c,stream,document,100,98,msgpack-c,6.0.1,1877,1381,335,3258,532765.050613,724112.961622,306936.771025,0,1.0,1,c4a54cdecc67,adapted,3769,7
c,stream,document,100,98,protobuf-c,1.5.0,845,495,166,1340,1183431.952663,2020202.020202,746268.656716,0,1.0,1,c4a54cdecc67,adapted,3770,8
c,stream,document,100,98,qcbor,1.5.1,2830,5948,343,8778,353356.890459,168123.739072,113921.166553,0,1.0,1,c4a54cdecc67,adapted,3771,9
c,stream,document,100,98,custom-binary,v2-1.0,421,287,207,708,2375296.912114,3484320.557491,1412429.378531,0,1.0,1,c4a54cdecc67,adapted,3772,10
c,stream,document,100,98,cJSON,1.7.18,7211,5621,460,12832,138677.021218,177904.287493,77930.174564,0,1.0,1,c4a54cdecc67,adapted,3773,11
c,stream,document,100,98,avro-c,1.11.3,1423,650,210,2073,702740.688686,1538461.538462,482392.667631,0,1.0,1,c4a54cdecc67,adapted,3774,12
c,stream,document,100,98,mpack,1.1,1035,1593,335,2628,966183.574879,627746.390458,380517.503805,0,1.0,1,c4a54cdecc67,adapted,3775,13
c,stream,document,100,98,nanopb,0.4.9,772,422,166,1194,1295336.787565,2369668.246445,837520.938023,0,1.0,1,c4a54cdecc67,adapted,3776,14
c,stream,document,100,98,parson,1.5.3,17384,8690,460,26074,57524.160147,115074.798619,38352.381683,0,1.0,1,c4a54cdecc67,adapted,3777,15
c,stream,document,100,98,flatcc,0.6.1,1900,310,236,2210,526315.789474,3225806.451613,452488.687783,0,1.0,1,c4a54cdecc67,adapted,3778,16
c,stream,document,100,98,yyjson,0.10.0,2902,1999,460,4901,344589.937974,500250.125063,204039.991838,0,1.0,1,c4a54cdecc67,adapted,3779,17
c,stream,document,100,98,jansson,2.14,10801,10507,460,21308,92584.019998,95174.645474,46930.730242,0,1.0,1,c4a54cdecc67,adapted,3780,18
c,stream,document,100,99,cbor-encode,0.11.0,7986,6108,457,14094,125219.133484,163719.711853,70952.178232,0,1.0,1,c4a54cdecc67,adapted,3781,0
c,stream,document,100,99,protobuf-c,1.5.0,775,431,166,1206,1290322.580645,2320185.614849,829187.396352,0,1.0,1,c4a54cdecc67,adapted,3782,1
c,stream,document,100,99,json-c,0.15,8175,8628,460,16803,122324.159021,115901.715345,59513.182170,0,1.0,1,c4a54cdecc67,adapted,3783,2
c,stream,document,100,99,cJSON,1.7.18,7120,5672,460,12792,140449.438202,176304.654443,78173.858662,0,1.0,1,c4a54cdecc67,adapted,3784,3
c,stream,document,100,99,custom-binary,v2-1.0,1042,291,207,1333,959692.898273,3436426.116838,750187.546887,0,1.0,1,c4a54cdecc67,adapted,3785,4
c,stream,document,100,99,qcbor,1.5.1,3049,5839,343,8888,327976.385700,171262.202432,112511.251125,0,1.0,1,c4a54cdecc67,adapted,3786,5
c,stream,document,100,99,msgpack-c,6.0.1,1260,1450,335,2710,793650.793651,689655.172414,369003.690037,0,1.0,1,c4a54cdecc67,adapted,3787,6
c,stream,document,100,99,protobuf-wire,wire-v2,794,423,166,1217,1259445.843829,2364066.193853,821692.686935,0,1.0,1,c4a54cdecc67,adapted,3788,7
c,stream,document,100,99,tinycbor,0.6.0,1284,5757,343,7041,778816.199377,173701.580684,142025.280500,0,1.0,1,c4a54cdecc67,adapted,3789,8
c,stream,document,100,99,mpack,1.1,937,1608,335,2545,1067235.859125,621890.547264,392927.308448,0,1.0,1,c4a54cdecc67,adapted,3790,9
c,stream,document,100,99,nanopb,0.4.9,757,415,166,1172,1321003.963012,2409638.554217,853242.320819,0,1.0,1,c4a54cdecc67,adapted,3791,10
c,stream,document,100,99,flatcc,0.6.1,717,277,236,994,1394700.139470,3610108.303249,1006036.217304,0,1.0,1,c4a54cdecc67,adapted,3792,11
c,stream,document,100,99,avro-c,1.11.3,760,633,210,1393,1315789.473684,1579778.830964,717875.089734,0,1.0,1,c4a54cdecc67,adapted,3793,12
c,stream,document,100,99,parson,1.5.3,17005,8523,460,25528,58806.233461,117329.578787,39172.673143,0,1.0,1,c4a54cdecc67,adapted,3794,13
c,stream,document,100,99,zcbor,0.9,2744,7216,354,9960,364431.486880,138580.931264,100401.606426,0,1.0,1,c4a54cdecc67,adapted,3795,14
c,stream,document,100,99,ubj,1.0-min,448,318,244,766,2232142.857143,3144654.088050,1305483.028721,0,1.0,1,c4a54cdecc67,adapted,3796,15
c,stream,document,100,99,libbson,1.27.5,3754,3085,577,6839,266382.525306,324149.108590,146220.207633,0,1.0,1,c4a54cdecc67,adapted,3797,16
c,stream,document,100,99,yyjson,0.10.0,2765,1844,460,4609,361663.652803,542299.349241,216966.804079,0,1.0,1,c4a54cdecc67,adapted,3798,17
c,stream,document,100,99,jansson,2.14,10668,10229,460,20897,93738.282715,97761.266986,47853.758913,0,1.0,1,c4a54cdecc67,adapted,3799,18
