Language,StringOrStream,TestDataName,Repetitions,RepetitionIndex,SerializerName,SerializerVersion,TimeSer,TimeDeser,Size,TimeSerAndDeser,OpPerSecSer,OpPerSecDeser,OpPerSecSerAndDeser,MemoryPeakBytes,FidelityScore,NativeKind,StreamMode,DataTypeInstanceCount,TypeConfigHash,RunOrder,SchedulePosition
swift,bytes,document,100,0,SwiftAvroCore,2.3.0,112407,61407,114,173814,8896.243117,16284.788379,5753.276491,0,1.00,schema,adapted,1,c4a54cdecc67,0,0
swift,bytes,document,100,0,IkigaJSON,2.5.3,47895,101854,448,149749,20879.006159,9817.974748,6677.840920,0,1.00,codable,adapted,1,c4a54cdecc67,1,1
swift,bytes,document,100,0,BinaryCodable,4.0.0,232944,235450,337,468394,4292.877258,4247.186239,2134.954760,0,1.00,codable,adapted,1,c4a54cdecc67,2,2
swift,bytes,document,100,0,SwiftProtobuf,1.38.1,36825,13591,155,50416,27155.465037,73578.103157,19834.973024,0,1.00,message,adapted,1,c4a54cdecc67,3,3
swift,bytes,document,100,0,FlatBuffers,24.3.25,8320,7428,440,15748,120192.307692,134625.740442,63500.127000,0,1.00,archive,adapted,1,c4a54cdecc67,4,4
swift,bytes,document,100,0,CapnProto,capnproto-1.0.2,22007,376563,376,398570,45440.087245,2655.598134,2508.969566,0,1.00,message,adapted,1,c4a54cdecc67,5,5
swift,bytes,document,100,0,XMLCoder,0.18.2,938531,613506,729,1552037,1065.494906,1629.975909,644.314536,0,1.00,codable,adapted,1,c4a54cdecc67,6,6
swift,bytes,document,100,0,SwiftCbor,0.0.4,260750,288975,332,549725,3835.091083,3460.506964,1819.091364,0,1.00,codable,adapted,1,c4a54cdecc67,7,7
swift,bytes,document,100,0,Yams,5.4.0,1633467,414246,429,2047713,612.194798,2414.024517,488.349686,0,1.00,codable,adapted,1,c4a54cdecc67,8,8
swift,bytes,document,100,0,Foundation.PropertyListEncoder,Foundation,220922,215172,399,436094,4526.484461,4647.444835,2293.083601,0,1.00,codable,adapted,1,c4a54cdecc67,9,9
swift,bytes,document,100,0,TOML,2.0.0,365478,64590,508,430068,2736.142805,15482.272798,2325.213687,0,1.00,codable,adapted,1,c4a54cdecc67,10,10
swift,bytes,document,100,0,SwiftBSON,3.1.0,164692,126319,525,291011,6071.940349,7916.465457,3436.296222,0,1.00,document,adapted,1,c4a54cdecc67,11,11
swift,bytes,document,100,0,SwiftMsgpack,1.2.1,213593,212428,329,426021,4681.801370,4707.477357,2347.302128,0,1.00,codable,adapted,1,c4a54cdecc67,12,12
swift,bytes,document,100,0,Foundation.JSONEncoder,Foundation,96177,48025,448,144202,10397.496283,20822.488287,6934.716578,0,1.00,codable,adapted,1,c4a54cdecc67,13,13
swift,bytes,document,100,1,Foundation.JSONEncoder,Foundation,17921,23612,448,41533,55800.457564,42351.346773,24077.239785,0,1.00,codable,adapted,1,c4a54cdecc67,14,0
swift,bytes,document,100,1,Foundation.PropertyListEncoder,Foundation,38454,51681,399,90135,26005.096999,19349.470792,11094.469407,0,1.00,codable,adapted,1,c4a54cdecc67,15,1
swift,bytes,document,100,1,TOML,2.0.0,136776,39261,508,176037,7311.224191,25470.568758,5680.623960,0,1.00,codable,adapted,1,c4a54cdecc67,16,2
swift,bytes,document,100,1,SwiftProtobuf,1.38.1,8007,5691,155,13698,124890.720619,175716.042875,73003.358154,0,1.00,message,adapted,1,c4a54cdecc67,17,3
swift,bytes,document,100,1,SwiftBSON,3.1.0,43246,59484,525,102730,23123.525875,16811.243360,9734.254843,0,1.00,document,adapted,1,c4a54cdecc67,18,4
swift,bytes,document,100,1,SwiftMsgpack,1.2.1,44362,29830,329,74192,22541.815067,33523.298693,13478.542161,0,1.00,codable,adapted,1,c4a54cdecc67,19,5
swift,bytes,document,100,1,IkigaJSON,2.5.3,23868,33379,448,57247,41897.100721,29958.956230,17468.164271,0,1.00,codable,adapted,1,c4a54cdecc67,20,6
swift,bytes,document,100,1,CapnProto,capnproto-1.0.2,27861,15320,376,43181,35892.466171,65274.151436,23158.333526,0,1.00,message,adapted,1,c4a54cdecc67,21,7
swift,bytes,document,100,1,SwiftAvroCore,2.3.0,105773,27846,114,133619,9454.208541,35911.800618,7483.965604,0,1.00,schema,adapted,1,c4a54cdecc67,22,8
swift,bytes,document,100,1,FlatBuffers,24.3.25,5730,4034,440,9764,174520.069808,247892.910263,102417.042196,0,1.00,archive,adapted,1,c4a54cdecc67,23,9
swift,bytes,document,100,1,BinaryCodable,4.0.0,45548,33163,337,78711,21954.860806,30154.087387,12704.704552,0,1.00,codable,adapted,1,c4a54cdecc67,24,10
swift,bytes,document,100,1,Yams,5.4.0,223146,175240,429,398386,4481.370941,5706.459712,2510.128368,0,1.00,codable,adapted,1,c4a54cdecc67,25,11
swift,bytes,document,100,1,SwiftCbor,0.0.4,56970,40047,332,97017,17553.098122,24970.659475,10307.471886,0,1.00,codable,adapted,1,c4a54cdecc67,26,12
swift,bytes,document,100,1,XMLCoder,0.18.2,180888,240131,729,421019,5528.282694,4164.393602,2375.189718,0,1.00,codable,adapted,1,c4a54cdecc67,27,13
swift,bytes,document,100,2,SwiftProtobuf,1.38.1,7004,6512,155,13516,142775.556825,153562.653563,73986.386505,0,1.00,message,adapted,1,c4a54cdecc67,28,0
swift,bytes,document,100,2,BinaryCodable,4.0.0,41854,30428,337,72282,23892.578965,32864.466938,13834.702969,0,1.00,codable,adapted,1,c4a54cdecc67,29,1
swift,bytes,document,100,2,CapnProto,capnproto-1.0.2,23895,12901,376,36796,41849.759364,77513.371057,27176.867051,0,1.00,message,adapted,1,c4a54cdecc67,30,2
swift,bytes,document,100,2,FlatBuffers,24.3.25,4572,4379,440,8951,218722.659668,228362.639872,111719.360965,0,1.00,archive,adapted,1,c4a54cdecc67,31,3
swift,bytes,document,100,2,SwiftMsgpack,1.2.1,47457,35908,329,83365,21071.707019,27848.947310,11995.441732,0,1.00,codable,adapted,1,c4a54cdecc67,32,4
swift,bytes,document,100,2,XMLCoder,0.18.2,242583,234335,729,476918,4122.300409,4267.394969,2096.796514,0,1.00,codable,adapted,1,c4a54cdecc67,33,5
swift,bytes,document,100,2,Yams,5.4.0,252596,186677,429,439273,3958.890877,5356.846317,2276.488653,0,1.00,codable,adapted,1,c4a54cdecc67,34,6
swift,bytes,document,100,2,Foundation.PropertyListEncoder,Foundation,43491,64517,399,108008,22993.262974,15499.790753,9258.573439,0,1.00,codable,adapted,1,c4a54cdecc67,35,7
swift,bytes,document,100,2,TOML,2.0.0,163087,47733,508,210820,6131.696579,20949.866968,4743.382981,0,1.00,codable,adapted,1,c4a54cdecc67,36,8
swift,bytes,document,100,2,SwiftAvroCore,2.3.0,118320,32356,114,150676,8451.656525,30906.168871,6636.757015,0,1.00,schema,adapted,1,c4a54cdecc67,37,9
swift,bytes,document,100,2,SwiftBSON,3.1.0,51604,66849,525,118453,19378.342764,14959.086897,8442.166935,0,1.00,document,adapted,1,c4a54cdecc67,38,10
swift,bytes,document,100,2,IkigaJSON,2.5.3,21666,37475,448,59141,46155.266316,26684.456304,16908.743511,0,1.00,codable,adapted,1,c4a54cdecc67,39,11
swift,bytes,document,100,2,Foundation.JSONEncoder,Foundation,26670,33973,448,60643,37495.313086,29435.139670,16489.949376,0,1.00,codable,adapted,1,c4a54cdecc67,40,12
swift,bytes,document,100,2,SwiftCbor,0.0.4,55638,48373,332,104011,17973.327582,20672.689310,9614.367711,0,1.00,codable,adapted,1,c4a54cdecc67,41,13
swift,bytes,document,100,3,SwiftMsgpack,1.2.1,53210,41560,329,94770,18793.459876,24061.597690,10551.862404,0,1.00,codable,adapted,1,c4a54cdecc67,42,0
swift,bytes,document,100,3,XMLCoder,0.18.2,226031,268909,729,494940,4424.171906,3718.730128,2020.446923,0,1.00,codable,adapted,1,c4a54cdecc67,43,1
swift,bytes,document,100,3,CapnProto,capnproto-1.0.2,25340,14546,376,39886,39463.299132,68747.421972,25071.453643,0,1.00,message,adapted,1,c4a54cdecc67,44,2
swift,bytes,document,100,3,SwiftBSON,3.1.0,52217,73090,525,125307,19150.851255,13681.762211,7980.400137,0,1.00,document,adapted,1,c4a54cdecc67,45,3
swift,bytes,document,100,3,IkigaJSON,2.5.3,21420,36828,448,58248,46685.340803,27153.252960,17167.971432,0,1.00,codable,adapted,1,c4a54cdecc67,46,4
swift,bytes,document,100,3,SwiftAvroCore,2.3.0,133389,34041,114,167430,7496.870057,29376.340296,5972.645285,0,1.00,schema,adapted,1,c4a54cdecc67,47,5
swift,bytes,document,100,3,SwiftProtobuf,1.38.1,7357,6169,155,13526,135924.969417,162100.826714,73931.687121,0,1.00,message,adapted,1,c4a54cdecc67,48,6
swift,bytes,document,100,3,BinaryCodable,4.0.0,48279,34770,337,83049,20712.939373,28760.425654,12041.084179,0,1.00,codable,adapted,1,c4a54cdecc67,49,7
swift,bytes,document,100,3,Foundation.PropertyListEncoder,Foundation,38449,57562,399,96011,26008.478764,17372.572183,10415.473227,0,1.00,codable,adapted,1,c4a54cdecc67,50,8
swift,bytes,document,100,3,Yams,5.4.0,237182,189051,429,426233,4216.171548,5289.577945,2346.134626,0,1.00,codable,adapted,1,c4a54cdecc67,51,9
swift,bytes,document,100,3,Foundation.JSONEncoder,Foundation,23166,31743,448,54909,43166.709833,31503.008537,18211.950682,0,1.00,codable,adapted,1,c4a54cdecc67,52,10
swift,bytes,document,100,3,SwiftCbor,0.0.4,55667,38122,332,93789,17963.964288,26231.572320,10662.231178,0,1.00,codable,adapted,1,c4a54cdecc67,53,11
swift,bytes,document,100,3,FlatBuffers,24.3.25,5176,4681,440,9857,193199.381762,213629.566332,101450.745663,0,1.00,archive,adapted,1,c4a54cdecc67,54,12
swift,bytes,document,100,3,TOML,2.0.0,164290,46138,508,210428,6086.797736,21674.108110,4752.219286,0,1.00,codable,adapted,1,c4a54cdecc67,55,13
swift,bytes,document,100,4,Foundation.PropertyListEncoder,Foundation,38272,54559,399,92831,26128.762542,18328.781686,10772.263576,0,1.00,codable,adapted,1,c4a54cdecc67,56,0
swift,bytes,document,100,4,TOML,2.0.0,144175,37416,508,181591,6936.015259,26726.534103,5506.880848,0,1.00,codable,adapted,1,c4a54cdecc67,57,1
swift,bytes,document,100,4,SwiftBSON,3.1.0,50527,65862,525,116389,19791.398658,15183.261972,8591.877239,0,1.00,document,adapted,1,c4a54cdecc67,58,2
swift,bytes,document,100,4,Foundation.JSONEncoder,Foundation,21551,29587,448,51138,46401.559092,33798.627776,19554.929798,0,1.00,codable,adapted,1,c4a54cdecc67,59,3
swift,bytes,document,100,4,BinaryCodable,4.0.0,47586,33845,337,81431,21014.584121,29546.461811,12280.335499,0,1.00,codable,adapted,1,c4a54cdecc67,60,4
swift,bytes,document,100,4,Yams,5.4.0,246935,201615,429,448550,4049.648693,4959.948417,2229.405863,0,1.00,codable,adapted,1,c4a54cdecc67,61,5
swift,bytes,document,100,4,IkigaJSON,2.5.3,22952,38296,448,61248,43569.187870,26112.387717,16327.063741,0,1.00,codable,adapted,1,c4a54cdecc67,62,6
swift,bytes,document,100,4,XMLCoder,0.18.2,191200,241071,729,432271,5230.125523,4148.155523,2313.363608,0,1.00,codable,adapted,1,c4a54cdecc67,63,7
swift,bytes,document,100,4,SwiftProtobuf,1.38.1,8330,6118,155,14448,120048.019208,163452.108532,69213.732004,0,1.00,message,adapted,1,c4a54cdecc67,64,8
swift,bytes,document,100,4,FlatBuffers,24.3.25,4207,4516,440,8723,237699.072974,221434.898140,114639.458902,0,1.00,archive,adapted,1,c4a54cdecc67,65,9
swift,bytes,document,100,4,CapnProto,capnproto-1.0.2,31810,17525,376,49335,31436.655140,57061.340942,20269.585487,0,1.00,message,adapted,1,c4a54cdecc67,66,10
swift,bytes,document,100,4,SwiftMsgpack,1.2.1,55937,43895,329,99832,17877.254769,22781.638000,10016.828271,0,1.00,codable,adapted,1,c4a54cdecc67,67,11
swift,bytes,document,100,4,SwiftAvroCore,2.3.0,123815,31126,114,154941,8076.565844,32127.481848,6454.069614,0,1.00,schema,adapted,1,c4a54cdecc67,68,12
swift,bytes,document,100,4,SwiftCbor,0.0.4,51460,36675,332,88135,19432.568986,27266.530334,11346.230215,0,1.00,codable,adapted,1,c4a54cdecc67,69,13
swift,bytes,document,100,5,BinaryCodable,4.0.0,44301,32840,337,77141,22572.853886,30450.669915,12963.275042,0,1.00,codable,adapted,1,c4a54cdecc67,70,0
swift,bytes,document,100,5,IkigaJSON,2.5.3,25400,32150,448,57550,39370.078740,31104.199067,17376.194613,0,1.00,codable,adapted,1,c4a54cdecc67,71,1
swift,bytes,document,100,5,Yams,5.4.0,231340,175468,429,406808,4322.641999,5699.044840,2458.162081,0,1.00,codable,adapted,1,c4a54cdecc67,72,2
swift,bytes,document,100,5,SwiftProtobuf,1.38.1,4539,4245,155,8784,220312.844239,235571.260306,113843.351548,0,1.00,message,adapted,1,c4a54cdecc67,73,3
swift,bytes,document,100,5,SwiftMsgpack,1.2.1,46240,38301,329,84541,21626.297578,26108.978878,11828.580216,0,1.00,codable,adapted,1,c4a54cdecc67,74,4
swift,bytes,document,100,5,TOML,2.0.0,154478,45924,508,200402,6473.413690,21775.106698,4989.970160,0,1.00,codable,adapted,1,c4a54cdecc67,75,5
swift,bytes,document,100,5,Foundation.JSONEncoder,Foundation,26808,37337,448,64145,37302.297822,26783.083804,15589.679632,0,1.00,codable,adapted,1,c4a54cdecc67,76,6
swift,bytes,document,100,5,FlatBuffers,24.3.25,3880,4822,440,8702,257731.958763,207382.828702,114916.111239,0,1.00,archive,adapted,1,c4a54cdecc67,77,7
swift,bytes,document,100,5,SwiftCbor,0.0.4,52261,36884,332,89145,19134.727617,27112.026895,11217.679062,0,1.00,codable,adapted,1,c4a54cdecc67,78,8
swift,bytes,document,100,5,Foundation.PropertyListEncoder,Foundation,39129,58776,399,97905,25556.492627,17013.747108,10213.982943,0,1.00,codable,adapted,1,c4a54cdecc67,79,9
swift,bytes,document,100,5,CapnProto,capnproto-1.0.2,22732,12571,376,35303,43990.849903,79548.166415,28326.204572,0,1.00,message,adapted,1,c4a54cdecc67,80,10
swift,bytes,document,100,5,XMLCoder,0.18.2,191191,267638,729,458829,5230.371723,3736.390199,2179.461194,0,1.00,codable,adapted,1,c4a54cdecc67,81,11
swift,bytes,document,100,5,SwiftBSON,3.1.0,51131,65277,525,116408,19557.606931,15319.331464,8590.474881,0,1.00,document,adapted,1,c4a54cdecc67,82,12
swift,bytes,document,100,5,SwiftAvroCore,2.3.0,117015,30694,114,147709,8545.912917,32579.657262,6770.068175,0,1.00,schema,adapted,1,c4a54cdecc67,83,13
swift,bytes,document,100,6,CapnProto,capnproto-1.0.2,11869,8699,376,20568,84253.096301,114955.742039,48619.214313,0,1.00,message,adapted,1,c4a54cdecc67,84,0
swift,bytes,document,100,6,SwiftMsgpack,1.2.1,48397,35154,329,83551,20662.437754,28446.265005,11968.737657,0,1.00,codable,adapted,1,c4a54cdecc67,85,1
swift,bytes,document,100,6,Yams,5.4.0,240515,189544,429,430059,4157.744839,5275.819862,2325.262348,0,1.00,codable,adapted,1,c4a54cdecc67,86,2
swift,bytes,document,100,6,SwiftProtobuf,1.38.1,4687,4624,155,9311,213356.091316,216262.975779,107399.849640,0,1.00,message,adapted,1,c4a54cdecc67,87,3
swift,bytes,document,100,6,SwiftCbor,0.0.4,54217,37017,332,91234,18444.399358,27014.614907,10960.826008,0,1.00,codable,adapted,1,c4a54cdecc67,88,4
swift,bytes,document,100,6,IkigaJSON,2.5.3,20893,33477,448,54370,47862.920595,29871.254891,18392.495862,0,1.00,codable,adapted,1,c4a54cdecc67,89,5
swift,bytes,document,100,6,FlatBuffers,24.3.25,3911,4078,440,7989,255689.082076,245218.244237,125172.111654,0,1.00,archive,adapted,1,c4a54cdecc67,90,6
swift,bytes,document,100,6,SwiftBSON,3.1.0,42901,61490,525,104391,23309.479966,16262.806960,9579.369869,0,1.00,document,adapted,1,c4a54cdecc67,91,7
swift,bytes,document,100,6,Foundation.PropertyListEncoder,Foundation,37763,55842,399,93605,26480.946959,17907.668063,10683.190001,0,1.00,codable,adapted,1,c4a54cdecc67,92,8
swift,bytes,document,100,6,TOML,2.0.0,154690,43842,508,198532,6464.541987,22809.178413,5036.971370,0,1.00,codable,adapted,1,c4a54cdecc67,93,9
swift,bytes,document,100,6,BinaryCodable,4.0.0,45868,33706,337,79574,21801.691811,29668.308313,12566.918843,0,1.00,codable,adapted,1,c4a54cdecc67,94,10
swift,bytes,document,100,6,SwiftAvroCore,2.3.0,109823,34193,114,144016,9105.560766,29245.752055,6943.672925,0,1.00,schema,adapted,1,c4a54cdecc67,95,11
swift,bytes,document,100,6,XMLCoder,0.18.2,188788,249255,729,438043,5296.946840,4011.955628,2282.880904,0,1.00,codable,adapted,1,c4a54cdecc67,96,12
swift,bytes,document,100,6,Foundation.JSONEncoder,Foundation,22500,32845,448,55345,44444.444444,30446.034404,18068.479537,0,1.00,codable,adapted,1,c4a54cdecc67,97,13
swift,bytes,document,100,7,SwiftMsgpack,1.2.1,48725,35466,329,84191,20523.345305,28196.018722,11877.754154,0,1.00,codable,adapted,1,c4a54cdecc67,98,0
swift,bytes,document,100,7,Foundation.PropertyListEncoder,Foundation,37748,54861,399,92609,26491.469747,18227.885019,10798.086579,0,1.00,codable,adapted,1,c4a54cdecc67,99,1
swift,bytes,document,100,7,FlatBuffers,24.3.25,3862,3826,440,7688,258933.195236,261369.576581,130072.840791,0,1.00,archive,adapted,1,c4a54cdecc67,100,2
swift,bytes,document,100,7,Yams,5.4.0,239245,182669,429,421914,4179.815670,5474.382626,2370.151263,0,1.00,codable,adapted,1,c4a54cdecc67,101,3
swift,bytes,document,100,7,SwiftAvroCore,2.3.0,113407,29215,114,142622,8817.797843,34228.991956,7011.540996,0,1.00,schema,adapted,1,c4a54cdecc67,102,4
swift,bytes,document,100,7,BinaryCodable,4.0.0,45330,32941,337,78271,22060.445621,30357.305486,12776.123980,0,1.00,codable,adapted,1,c4a54cdecc67,103,5
swift,bytes,document,100,7,XMLCoder,0.18.2,185139,223934,729,409073,5401.347096,4465.601472,2444.551461,0,1.00,codable,adapted,1,c4a54cdecc67,104,6
swift,bytes,document,100,7,CapnProto,capnproto-1.0.2,17338,10714,376,28052,57676.779329,93335.822289,35648.082133,0,1.00,message,adapted,1,c4a54cdecc67,105,7
swift,bytes,document,100,7,TOML,2.0.0,157414,43295,508,200709,6352.675111,23097.355353,4982.337613,0,1.00,codable,adapted,1,c4a54cdecc67,106,8
swift,bytes,document,100,7,SwiftProtobuf,1.38.1,4673,4822,155,9495,213995.292104,207382.828702,105318.588731,0,1.00,message,adapted,1,c4a54cdecc67,107,9
swift,bytes,document,100,7,SwiftBSON,3.1.0,47505,63504,525,111009,21050.415746,15747.039557,9008.278608,0,1.00,document,adapted,1,c4a54cdecc67,108,10
swift,bytes,document,100,7,Foundation.JSONEncoder,Foundation,22495,31030,448,53525,44454.323183,32226.877216,18682.858477,0,1.00,codable,adapted,1,c4a54cdecc67,109,11
swift,bytes,document,100,7,IkigaJSON,2.5.3,23981,33004,448,56985,41699.678912,30299.357654,17548.477670,0,1.00,codable,adapted,1,c4a54cdecc67,110,12
swift,bytes,document,100,7,SwiftCbor,0.0.4,52567,36821,332,89388,19023.341640,27158.415035,11187.183962,0,1.00,codable,adapted,1,c4a54cdecc67,111,13
swift,bytes,document,100,8,Foundation.JSONEncoder,Foundation,18579,28282,448,46861,53824.210130,35358.178347,21339.706792,0,1.00,codable,adapted,1,c4a54cdecc67,112,0
swift,bytes,document,100,8,Foundation.PropertyListEncoder,Foundation,36614,54586,399,91200,27311.957175,18319.715678,10964.912281,0,1.00,codable,adapted,1,c4a54cdecc67,113,1
swift,bytes,document,100,8,BinaryCodable,4.0.0,45867,33576,337,79443,21802.167135,29783.178461,12587.641454,0,1.00,codable,adapted,1,c4a54cdecc67,114,2
swift,bytes,document,100,8,IkigaJSON,2.5.3,17752,28884,448,46636,56331.680937,34621.243595,21442.662321,0,1.00,codable,adapted,1,c4a54cdecc67,115,3
swift,bytes,document,100,8,SwiftMsgpack,1.2.1,50913,34501,329,85414,19641.348968,28984.667111,11707.682581,0,1.00,codable,adapted,1,c4a54cdecc67,116,4
swift,bytes,document,100,8,XMLCoder,0.18.2,188280,227008,729,415288,5311.238581,4405.131097,2407.967483,0,1.00,codable,adapted,1,c4a54cdecc67,117,5
swift,bytes,document,100,8,SwiftCbor,0.0.4,50537,35551,332,86088,19787.482439,28128.603977,11616.020816,0,1.00,codable,adapted,1,c4a54cdecc67,118,6
swift,bytes,document,100,8,SwiftProtobuf,1.38.1,4240,4231,155,8471,235849.056604,236350.744505,118049.817023,0,1.00,message,adapted,1,c4a54cdecc67,119,7
swift,bytes,document,100,8,TOML,2.0.0,154552,41892,508,196444,6470.314198,23870.906140,5090.509255,0,1.00,codable,adapted,1,c4a54cdecc67,120,8
swift,bytes,document,100,8,CapnProto,capnproto-1.0.2,18122,10309,376,28431,55181.547291,97002.619071,35172.874679,0,1.00,message,adapted,1,c4a54cdecc67,121,9
swift,bytes,document,100,8,Yams,5.4.0,234323,180163,429,414486,4267.613508,5550.529243,2412.626723,0,1.00,codable,adapted,1,c4a54cdecc67,122,10
swift,bytes,document,100,8,SwiftAvroCore,2.3.0,111928,30002,114,141930,8934.314917,33331.111259,7045.726767,0,1.00,schema,adapted,1,c4a54cdecc67,123,11
swift,bytes,document,100,8,SwiftBSON,3.1.0,44531,62202,525,106733,22456.266421,16076.653484,9369.173545,0,1.00,document,adapted,1,c4a54cdecc67,124,12
swift,bytes,document,100,8,FlatBuffers,24.3.25,3809,3662,440,7471,262536.098714,273074.822501,133850.890108,0,1.00,archive,adapted,1,c4a54cdecc67,125,13
swift,bytes,document,100,9,FlatBuffers,24.3.25,1786,2284,440,4070,559910.414334,437828.371278,245700.245700,0,1.00,archive,adapted,1,c4a54cdecc67,126,0
swift,bytes,document,100,9,IkigaJSON,2.5.3,19449,32157,448,51606,51416.525271,31097.428243,19377.591753,0,1.00,codable,adapted,1,c4a54cdecc67,127,1
swift,bytes,document,100,9,SwiftProtobuf,1.38.1,4200,4119,155,8319,238095.238095,242777.373149,120206.755620,0,1.00,message,adapted,1,c4a54cdecc67,128,2
swift,bytes,document,100,9,CapnProto,capnproto-1.0.2,11743,9072,376,20815,85157.114877,110229.276896,48042.277204,0,1.00,message,adapted,1,c4a54cdecc67,129,3
swift,bytes,document,100,9,Foundation.PropertyListEncoder,Foundation,37295,56971,399,94266,26813.245743,17552.790016,10608.278701,0,1.00,codable,adapted,1,c4a54cdecc67,130,4
swift,bytes,document,100,9,Yams,5.4.0,230645,176052,429,406697,4335.667368,5680.139959,2458.832989,0,1.00,codable,adapted,1,c4a54cdecc67,131,5
swift,bytes,document,100,9,SwiftMsgpack,1.2.1,48553,35564,329,84117,20596.049678,28118.321899,11888.203336,0,1.00,codable,adapted,1,c4a54cdecc67,132,6
swift,bytes,document,100,9,SwiftAvroCore,2.3.0,111500,29197,114,140697,8968.609865,34250.094188,7107.472085,0,1.00,schema,adapted,1,c4a54cdecc67,133,7
swift,bytes,document,100,9,SwiftCbor,0.0.4,51086,36618,332,87704,19574.834593,27308.973729,11401.988507,0,1.00,codable,adapted,1,c4a54cdecc67,134,8
swift,bytes,document,100,9,Foundation.JSONEncoder,Foundation,22387,32735,448,55122,44668.780989,30548.342752,18141.576866,0,1.00,codable,adapted,1,c4a54cdecc67,135,9
swift,bytes,document,100,9,BinaryCodable,4.0.0,45550,33739,337,79289,21953.896817,29639.289843,12612.089949,0,1.00,codable,adapted,1,c4a54cdecc67,136,10
swift,bytes,document,100,9,XMLCoder,0.18.2,190496,234610,729,425106,5249.454057,4262.392907,2352.354472,0,1.00,codable,adapted,1,c4a54cdecc67,137,11
swift,bytes,document,100,9,TOML,2.0.0,153563,42126,508,195689,6511.985309,23738.308883,5110.149267,0,1.00,codable,adapted,1,c4a54cdecc67,138,12
swift,bytes,document,100,9,SwiftBSON,3.1.0,46622,63764,525,110386,21449.101283,15682.830437,9059.119816,0,1.00,document,adapted,1,c4a54cdecc67,139,13
swift,bytes,document,100,10,SwiftBSON,3.1.0,37283,55111,525,92394,26821.875922,18145.197873,10823.213629,0,1.00,document,adapted,1,c4a54cdecc67,140,0
swift,bytes,document,100,10,Foundation.JSONEncoder,Foundation,21295,30103,448,51398,46959.380136,33219.280470,19456.009961,0,1.00,codable,adapted,1,c4a54cdecc67,141,1
swift,bytes,document,100,10,CapnProto,capnproto-1.0.2,14087,10437,376,24524,70987.435224,95812.973077,40776.382319,0,1.00,message,adapted,1,c4a54cdecc67,142,2
swift,bytes,document,100,10,TOML,2.0.0,168029,39631,508,207660,5951.353635,25232.772325,4815.563903,0,1.00,codable,adapted,1,c4a54cdecc67,143,3
swift,bytes,document,100,10,Foundation.PropertyListEncoder,Foundation,40621,71086,399,111707,24617.808523,14067.467574,8951.990475,0,1.00,codable,adapted,1,c4a54cdecc67,144,4
swift,bytes,document,100,10,SwiftProtobuf,1.38.1,4504,4431,155,8935,222024.866785,225682.690138,111919.418019,0,1.00,message,adapted,1,c4a54cdecc67,145,5
swift,bytes,document,100,10,SwiftCbor,0.0.4,53566,36155,332,89721,18668.558414,27658.691744,11145.662665,0,1.00,codable,adapted,1,c4a54cdecc67,146,6
swift,bytes,document,100,10,IkigaJSON,2.5.3,19942,33468,448,53410,50145.421723,29879.287678,18723.085565,0,1.00,codable,adapted,1,c4a54cdecc67,147,7
swift,bytes,document,100,10,SwiftMsgpack,1.2.1,46889,35245,329,82134,21326.963680,28372.818840,12175.225850,0,1.00,codable,adapted,1,c4a54cdecc67,148,8
swift,bytes,document,100,10,XMLCoder,0.18.2,189581,235988,729,425569,5274.790195,4237.503602,2349.795215,0,1.00,codable,adapted,1,c4a54cdecc67,149,9
swift,bytes,document,100,10,BinaryCodable,4.0.0,45902,34085,337,79987,21785.543114,29338.418659,12502.031580,0,1.00,codable,adapted,1,c4a54cdecc67,150,10
swift,bytes,document,100,10,SwiftAvroCore,2.3.0,112781,43145,114,155926,8866.741738,23177.656739,6413.298616,0,1.00,schema,adapted,1,c4a54cdecc67,151,11
swift,bytes,document,100,10,FlatBuffers,24.3.25,3983,3630,440,7613,251067.034898,275482.093664,131354.262446,0,1.00,archive,adapted,1,c4a54cdecc67,152,12
swift,bytes,document,100,10,Yams,5.4.0,234852,181473,429,416325,4258.000783,5510.461611,2401.969615,0,1.00,codable,adapted,1,c4a54cdecc67,153,13
swift,bytes,document,100,11,SwiftBSON,3.1.0,44024,62041,525,106065,22714.882791,16118.373334,9428.180833,0,1.00,document,adapted,1,c4a54cdecc67,154,0
swift,bytes,document,100,11,Yams,5.4.0,236030,178989,429,415019,4236.749566,5586.935510,2409.528238,0,1.00,codable,adapted,1,c4a54cdecc67,155,1
swift,bytes,document,100,11,IkigaJSON,2.5.3,19520,33176,448,52696,51229.508197,30142.271522,18976.772431,0,1.00,codable,adapted,1,c4a54cdecc67,156,2
swift,bytes,document,100,11,FlatBuffers,24.3.25,3558,3726,440,7284,281056.773468,268384.326355,137287.204833,0,1.00,archive,adapted,1,c4a54cdecc67,157,3
swift,bytes,document,100,11,SwiftAvroCore,2.3.0,110672,28934,114,139606,9035.709122,34561.415636,7163.015916,0,1.00,schema,adapted,1,c4a54cdecc67,158,4
swift,bytes,document,100,11,SwiftProtobuf,1.38.1,4457,4320,155,8777,224366.165582,231481.481481,113934.146064,0,1.00,message,adapted,1,c4a54cdecc67,159,5
swift,bytes,document,100,11,BinaryCodable,4.0.0,46308,34085,337,80393,21594.540900,29338.418659,12438.893934,0,1.00,codable,adapted,1,c4a54cdecc67,160,6
swift,bytes,document,100,11,Foundation.JSONEncoder,Foundation,23110,32362,448,55472,43271.311121,30900.438786,18027.112778,0,1.00,codable,adapted,1,c4a54cdecc67,161,7
swift,bytes,document,100,11,SwiftCbor,0.0.4,54468,38100,332,92568,18359.403687,26246.719160,10802.869242,0,1.00,codable,adapted,1,c4a54cdecc67,162,8
swift,bytes,document,100,11,XMLCoder,0.18.2,197845,234466,729,432311,5054.461826,4265.010705,2313.149561,0,1.00,codable,adapted,1,c4a54cdecc67,163,9
swift,bytes,document,100,11,Foundation.PropertyListEncoder,Foundation,38965,57072,399,96037,25664.057487,17521.726941,10412.653456,0,1.00,codable,adapted,1,c4a54cdecc67,164,10
swift,bytes,document,100,11,CapnProto,capnproto-1.0.2,15944,10747,376,26691,62719.518314,93049.223039,37465.812446,0,1.00,message,adapted,1,c4a54cdecc67,165,11
swift,bytes,document,100,11,TOML,2.0.0,159763,43117,508,202880,6259.271546,23192.708213,4929.022082,0,1.00,codable,adapted,1,c4a54cdecc67,166,12
swift,bytes,document,100,11,SwiftMsgpack,1.2.1,47531,34179,329,81710,21038.900928,29257.731356,12238.404112,0,1.00,codable,adapted,1,c4a54cdecc67,167,13
swift,bytes,document,100,12,SwiftBSON,3.1.0,46098,69116,525,115214,21692.915094,14468.429886,8679.500755,0,1.00,document,adapted,1,c4a54cdecc67,168,0
swift,bytes,document,100,12,SwiftCbor,0.0.4,52109,37462,332,89571,19190.542900,26693.716299,11164.327740,0,1.00,codable,adapted,1,c4a54cdecc67,169,1
swift,bytes,document,100,12,SwiftMsgpack,1.2.1,42117,31823,329,73940,23743.381532,31423.812965,13524.479308,0,1.00,codable,adapted,1,c4a54cdecc67,170,2
swift,bytes,document,100,12,Foundation.JSONEncoder,Foundation,22244,32551,448,54795,44955.943176,30721.022396,18249.840314,0,1.00,codable,adapted,1,c4a54cdecc67,171,3
swift,bytes,document,100,12,Foundation.PropertyListEncoder,Foundation,35272,51967,399,87239,28351.100023,19242.981123,11462.763214,0,1.00,codable,adapted,1,c4a54cdecc67,172,4
swift,bytes,document,100,12,CapnProto,capnproto-1.0.2,12869,9607,376,22476,77706.115471,104090.767149,44491.902474,0,1.00,message,adapted,1,c4a54cdecc67,173,5
swift,bytes,document,100,12,SwiftAvroCore,2.3.0,113109,29386,114,142495,8841.029449,34029.810114,7017.790098,0,1.00,schema,adapted,1,c4a54cdecc67,174,6
swift,bytes,document,100,12,FlatBuffers,24.3.25,3749,3552,440,7301,266737.796746,281531.531532,136967.538693,0,1.00,archive,adapted,1,c4a54cdecc67,175,7
swift,bytes,document,100,12,XMLCoder,0.18.2,191759,240279,729,432038,5214.879093,4161.828541,2314.611215,0,1.00,codable,adapted,1,c4a54cdecc67,176,8
swift,bytes,document,100,12,Yams,5.4.0,247290,187586,429,434876,4043.835173,5330.888233,2299.506066,0,1.00,codable,adapted,1,c4a54cdecc67,177,9
swift,bytes,document,100,12,BinaryCodable,4.0.0,48217,34882,337,83099,20739.573180,28668.080959,12033.839156,0,1.00,codable,adapted,1,c4a54cdecc67,178,10
swift,bytes,document,100,12,SwiftProtobuf,1.38.1,5832,4841,155,10673,171467.764060,206568.890725,93694.368968,0,1.00,message,adapted,1,c4a54cdecc67,179,11
swift,bytes,document,100,12,TOML,2.0.0,156306,44096,508,200402,6397.707062,22677.793904,4989.970160,0,1.00,codable,adapted,1,c4a54cdecc67,180,12
swift,bytes,document,100,12,IkigaJSON,2.5.3,21450,36058,448,57508,46620.046620,27733.096678,17388.885025,0,1.00,codable,adapted,1,c4a54cdecc67,181,13
swift,bytes,document,100,13,SwiftMsgpack,1.2.1,53661,36554,329,90215,18635.508097,27356.787219,11084.631159,0,1.00,codable,adapted,1,c4a54cdecc67,182,0
swift,bytes,document,100,13,XMLCoder,0.18.2,191431,230973,729,422404,5223.814325,4329.510376,2367.401824,0,1.00,codable,adapted,1,c4a54cdecc67,183,1
swift,bytes,document,100,13,TOML,2.0.0,152609,41307,508,193916,6552.693485,24208.971845,5156.872048,0,1.00,codable,adapted,1,c4a54cdecc67,184,2
swift,bytes,document,100,13,SwiftProtobuf,1.38.1,4174,4138,155,8312,239578.342118,241662.638956,120307.988450,0,1.00,message,adapted,1,c4a54cdecc67,185,3
swift,bytes,document,100,13,Yams,5.4.0,251770,183595,429,435365,3971.879096,5446.771426,2296.923271,0,1.00,codable,adapted,1,c4a54cdecc67,186,4
swift,bytes,document,100,13,FlatBuffers,24.3.25,4257,4259,440,8516,234907.211651,234796.900681,117426.021606,0,1.00,archive,adapted,1,c4a54cdecc67,187,5
swift,bytes,document,100,13,SwiftCbor,0.0.4,57697,39529,332,97226,17331.923670,25297.882567,10285.314628,0,1.00,codable,adapted,1,c4a54cdecc67,188,6
swift,bytes,document,100,13,IkigaJSON,2.5.3,20486,32619,448,53105,48813.824075,30656.979061,18830.618586,0,1.00,codable,adapted,1,c4a54cdecc67,189,7
swift,bytes,document,100,13,BinaryCodable,4.0.0,46276,32882,337,79158,21609.473593,30411.775439,12632.961924,0,1.00,codable,adapted,1,c4a54cdecc67,190,8
swift,bytes,document,100,13,Foundation.PropertyListEncoder,Foundation,40456,59914,399,100370,24718.212379,16690.589845,9963.136395,0,1.00,codable,adapted,1,c4a54cdecc67,191,9
swift,bytes,document,100,13,SwiftBSON,3.1.0,49424,66430,525,115854,20233.085141,15053.439711,8631.553507,0,1.00,document,adapted,1,c4a54cdecc67,192,10
swift,bytes,document,100,13,Foundation.JSONEncoder,Foundation,25273,34383,448,59656,39567.918332,29084.140418,16762.773233,0,1.00,codable,adapted,1,c4a54cdecc67,193,11
swift,bytes,document,100,13,CapnProto,capnproto-1.0.2,22189,13359,376,35548,45067.375727,74855.902388,28130.977833,0,1.00,message,adapted,1,c4a54cdecc67,194,12
swift,bytes,document,100,13,SwiftAvroCore,2.3.0,131052,31530,114,162582,7630.558862,31715.826197,6150.742395,0,1.00,schema,adapted,1,c4a54cdecc67,195,13
swift,bytes,document,100,14,BinaryCodable,4.0.0,45799,32455,337,78254,21834.537872,30811.893391,12778.899481,0,1.00,codable,adapted,1,c4a54cdecc67,196,0
swift,bytes,document,100,14,SwiftCbor,0.0.4,54492,38113,332,92605,18351.317625,26237.766641,10798.552994,0,1.00,codable,adapted,1,c4a54cdecc67,197,1
swift,bytes,document,100,14,SwiftProtobuf,1.38.1,4514,4259,155,8773,221533.008418,234796.900681,113986.093697,0,1.00,message,adapted,1,c4a54cdecc67,198,2
swift,bytes,document,100,14,SwiftAvroCore,2.3.0,104366,27447,114,131813,9581.664527,36433.854337,7586.505125,0,1.00,schema,adapted,1,c4a54cdecc67,199,3
swift,bytes,document,100,14,SwiftMsgpack,1.2.1,46517,36188,329,82705,21497.517037,27633.469658,12091.167402,0,1.00,codable,adapted,1,c4a54cdecc67,200,4
swift,bytes,document,100,14,XMLCoder,0.18.2,195458,242403,729,437861,5116.188644,4125.361485,2283.829800,0,1.00,codable,adapted,1,c4a54cdecc67,201,5
swift,bytes,document,100,14,IkigaJSON,2.5.3,20953,33479,448,54432,47725.862645,29869.470414,18371.546149,0,1.00,codable,adapted,1,c4a54cdecc67,202,6
swift,bytes,document,100,14,TOML,2.0.0,157460,50379,508,207839,6350.819256,19849.540483,4811.416529,0,1.00,codable,adapted,1,c4a54cdecc67,203,7
swift,bytes,document,100,14,SwiftBSON,3.1.0,46795,66297,525,113092,21369.804466,15083.638777,8842.358434,0,1.00,document,adapted,1,c4a54cdecc67,204,8
swift,bytes,document,100,14,Foundation.JSONEncoder,Foundation,23646,32490,448,56136,42290.450816,30778.701139,17813.880576,0,1.00,codable,adapted,1,c4a54cdecc67,205,9
swift,bytes,document,100,14,CapnProto,capnproto-1.0.2,17055,10973,376,28028,58633.831721,91132.780461,35678.607107,0,1.00,message,adapted,1,c4a54cdecc67,206,10
swift,bytes,document,100,14,Foundation.PropertyListEncoder,Foundation,38490,57855,399,96345,25980.774227,17284.590787,10379.365821,0,1.00,codable,adapted,1,c4a54cdecc67,207,11
swift,bytes,document,100,14,FlatBuffers,24.3.25,4009,3932,440,7941,249438.762784,254323.499491,125928.724342,0,1.00,archive,adapted,1,c4a54cdecc67,208,12
swift,bytes,document,100,14,Yams,5.4.0,247225,186560,429,433785,4044.898372,5360.205832,2305.289487,0,1.00,codable,adapted,1,c4a54cdecc67,209,13
swift,bytes,document,100,15,CapnProto,capnproto-1.0.2,10903,8697,376,19600,91717.875814,114982.177762,51020.408163,0,1.00,message,adapted,1,c4a54cdecc67,210,0
swift,bytes,document,100,15,XMLCoder,0.18.2,188936,230736,729,419672,5292.797561,4333.957423,2382.813245,0,1.00,codable,adapted,1,c4a54cdecc67,211,1
swift,bytes,document,100,15,TOML,2.0.0,157251,44858,508,202109,6359.260037,22292.567658,4947.825183,0,1.00,codable,adapted,1,c4a54cdecc67,212,2
swift,bytes,document,100,15,BinaryCodable,4.0.0,53010,34690,337,87700,18864.365214,28826.751225,11402.508552,0,1.00,codable,adapted,1,c4a54cdecc67,213,3
swift,bytes,document,100,15,Foundation.PropertyListEncoder,Foundation,38655,57122,399,95777,25869.874531,17506.389832,10440.920054,0,1.00,codable,adapted,1,c4a54cdecc67,214,4
swift,bytes,document,100,15,IkigaJSON,2.5.3,19761,33858,448,53619,50604.726481,29535.117254,18650.105373,0,1.00,codable,adapted,1,c4a54cdecc67,215,5
swift,bytes,document,100,15,Yams,5.4.0,246691,187692,429,434383,4053.654167,5327.877587,2302.115875,0,1.00,codable,adapted,1,c4a54cdecc67,216,6
swift,bytes,document,100,15,SwiftAvroCore,2.3.0,118458,30323,114,148781,8441.810600,32978.267322,6721.288337,0,1.00,schema,adapted,1,c4a54cdecc67,217,7
swift,bytes,document,100,15,SwiftBSON,3.1.0,46631,68370,525,115001,21444.961506,14626.298084,8695.576560,0,1.00,document,adapted,1,c4a54cdecc67,218,8
swift,bytes,document,100,15,SwiftMsgpack,1.2.1,51022,36500,329,87522,19599.388499,27397.260274,11425.698681,0,1.00,codable,adapted,1,c4a54cdecc67,219,9
swift,bytes,document,100,15,SwiftCbor,0.0.4,52589,38165,332,90754,19015.383445,26202.017555,11018.798070,0,1.00,codable,adapted,1,c4a54cdecc67,220,10
swift,bytes,document,100,15,SwiftProtobuf,1.38.1,5255,4789,155,10044,190294.957184,208811.860514,99561.927519,0,1.00,message,adapted,1,c4a54cdecc67,221,11
swift,bytes,document,100,15,FlatBuffers,24.3.25,4039,3878,440,7917,247586.036148,257864.878804,126310.471138,0,1.00,archive,adapted,1,c4a54cdecc67,222,12
swift,bytes,document,100,15,Foundation.JSONEncoder,Foundation,23503,34409,448,57912,42547.759860,29062.163969,17267.578395,0,1.00,codable,adapted,1,c4a54cdecc67,223,13
swift,bytes,document,100,16,Yams,5.4.0,242558,185151,429,427709,4122.725286,5400.997024,2338.038246,0,1.00,codable,adapted,1,c4a54cdecc67,224,0
swift,bytes,document,100,16,XMLCoder,0.18.2,198173,233402,729,431575,5046.096088,4284.453432,2317.094364,0,1.00,codable,adapted,1,c4a54cdecc67,225,1
swift,bytes,document,100,16,Foundation.JSONEncoder,Foundation,21079,32375,448,53454,47440.580673,30888.030888,18707.673888,0,1.00,codable,adapted,1,c4a54cdecc67,226,2
swift,bytes,document,100,16,SwiftCbor,0.0.4,54104,37280,332,91384,18482.921780,26824.034335,10942.834632,0,1.00,codable,adapted,1,c4a54cdecc67,227,3
swift,bytes,document,100,16,TOML,2.0.0,158255,43818,508,202073,6318.915674,22821.671459,4948.706656,0,1.00,codable,adapted,1,c4a54cdecc67,228,4
swift,bytes,document,100,16,SwiftAvroCore,2.3.0,113549,30266,114,143815,8806.770645,33040.375339,6953.377603,0,1.00,schema,adapted,1,c4a54cdecc67,229,5
swift,bytes,document,100,16,CapnProto,capnproto-1.0.2,17281,10690,376,27971,57867.021584,93545.369504,35751.313861,0,1.00,message,adapted,1,c4a54cdecc67,230,6
swift,bytes,document,100,16,BinaryCodable,4.0.0,47389,34415,337,81804,21101.943489,29057.097196,12224.341108,0,1.00,codable,adapted,1,c4a54cdecc67,231,7
swift,bytes,document,100,16,SwiftProtobuf,1.38.1,4742,4354,155,9096,210881.484606,229673.863114,109938.434477,0,1.00,message,adapted,1,c4a54cdecc67,232,8
swift,bytes,document,100,16,Foundation.PropertyListEncoder,Foundation,39385,58099,399,97484,25390.377047,17212.000207,10258.093636,0,1.00,codable,adapted,1,c4a54cdecc67,233,9
swift,bytes,document,100,16,SwiftMsgpack,1.2.1,49025,36537,329,85562,20397.756247,27369.515833,11687.431336,0,1.00,codable,adapted,1,c4a54cdecc67,234,10
swift,bytes,document,100,16,FlatBuffers,24.3.25,3865,3919,440,7784,258732.212160,255167.134473,128468.653649,0,1.00,archive,adapted,1,c4a54cdecc67,235,11
swift,bytes,document,100,16,SwiftBSON,3.1.0,47928,64651,525,112579,20864.630279,15467.664847,8882.651294,0,1.00,document,adapted,1,c4a54cdecc67,236,12
swift,bytes,document,100,16,IkigaJSON,2.5.3,19243,33084,448,52327,51966.949020,30226.091162,19110.593002,0,1.00,codable,adapted,1,c4a54cdecc67,237,13
swift,bytes,document,100,17,SwiftBSON,3.1.0,38783,57327,525,96110,25784.493206,17443.787395,10404.744564,0,1.00,document,adapted,1,c4a54cdecc67,238,0
swift,bytes,document,100,17,BinaryCodable,4.0.0,44151,32308,337,76459,22649.543612,30952.086171,13078.905034,0,1.00,codable,adapted,1,c4a54cdecc67,239,1
swift,bytes,document,100,17,IkigaJSON,2.5.3,17533,29085,448,46618,57035.304854,34381.983840,21450.941696,0,1.00,codable,adapted,1,c4a54cdecc67,240,2
swift,bytes,document,100,17,XMLCoder,0.18.2,190077,238110,729,428187,5261.025795,4199.739616,2335.428212,0,1.00,codable,adapted,1,c4a54cdecc67,241,3
swift,bytes,document,100,17,Foundation.PropertyListEncoder,Foundation,38695,56113,399,94808,25843.132188,17821.182257,10547.633111,0,1.00,codable,adapted,1,c4a54cdecc67,242,4
swift,bytes,document,100,17,SwiftCbor,0.0.4,53764,37558,332,91322,18599.806562,26625.485915,10950.263901,0,1.00,codable,adapted,1,c4a54cdecc67,243,5
swift,bytes,document,100,17,SwiftAvroCore,2.3.0,116339,30214,114,146553,8595.569843,33097.239690,6823.470007,0,1.00,schema,adapted,1,c4a54cdecc67,244,6
swift,bytes,document,100,17,FlatBuffers,24.3.25,3853,3632,440,7485,259538.022320,275330.396476,133600.534402,0,1.00,archive,adapted,1,c4a54cdecc67,245,7
swift,bytes,document,100,17,SwiftMsgpack,1.2.1,46785,34404,329,81189,21374.372128,29066.387629,12316.939487,0,1.00,codable,adapted,1,c4a54cdecc67,246,8
swift,bytes,document,100,17,TOML,2.0.0,154213,43997,508,198210,6484.537620,22728.822420,5045.154129,0,1.00,codable,adapted,1,c4a54cdecc67,247,9
swift,bytes,document,100,17,Yams,5.4.0,254418,185923,429,440341,3930.539506,5378.570699,2270.967273,0,1.00,codable,adapted,1,c4a54cdecc67,248,10
swift,bytes,document,100,17,CapnProto,capnproto-1.0.2,15200,10842,376,26042,65789.473684,92233.905184,38399.508486,0,1.00,message,adapted,1,c4a54cdecc67,249,11
swift,bytes,document,100,17,Foundation.JSONEncoder,Foundation,23437,31409,448,54846,42667.576908,31838.008214,18232.870218,0,1.00,codable,adapted,1,c4a54cdecc67,250,12
swift,bytes,document,100,17,SwiftProtobuf,1.38.1,5049,4534,155,9583,198059.021588,220555.800618,104351.455703,0,1.00,message,adapted,1,c4a54cdecc67,251,13
swift,bytes,document,100,18,Yams,5.4.0,228932,184460,429,413392,4368.109308,5421.229535,2419.011495,0,1.00,codable,adapted,1,c4a54cdecc67,252,0
swift,bytes,document,100,18,SwiftMsgpack,1.2.1,48897,36867,329,85764,20451.152422,27124.528711,11659.903922,0,1.00,codable,adapted,1,c4a54cdecc67,253,1
swift,bytes,document,100,18,FlatBuffers,24.3.25,3778,3962,440,7740,264690.312335,252397.778900,129198.966408,0,1.00,archive,adapted,1,c4a54cdecc67,254,2
swift,bytes,document,100,18,SwiftProtobuf,1.38.1,3497,3502,155,6999,285959.393766,285551.113649,142877.553936,0,1.00,message,adapted,1,c4a54cdecc67,255,3
swift,bytes,document,100,18,SwiftBSON,3.1.0,47393,63878,525,111271,21100.162471,15654.842043,8987.067610,0,1.00,document,adapted,1,c4a54cdecc67,256,4
swift,bytes,document,100,18,TOML,2.0.0,160519,43587,508,204106,6229.792112,22942.620506,4899.415010,0,1.00,codable,adapted,1,c4a54cdecc67,257,5
swift,bytes,document,100,18,CapnProto,capnproto-1.0.2,14099,9736,376,23835,70927.016100,102711.585867,41955.108034,0,1.00,message,adapted,1,c4a54cdecc67,258,6
swift,bytes,document,100,18,IkigaJSON,2.5.3,19122,32780,448,51902,52295.784960,30506.406345,19267.080267,0,1.00,codable,adapted,1,c4a54cdecc67,259,7
swift,bytes,document,100,18,BinaryCodable,4.0.0,45887,34591,337,80478,21792.664589,28909.253852,12425.756107,0,1.00,codable,adapted,1,c4a54cdecc67,260,8
swift,bytes,document,100,18,XMLCoder,0.18.2,191963,242277,729,434240,5209.337216,4127.506945,2302.873987,0,1.00,codable,adapted,1,c4a54cdecc67,261,9
swift,bytes,document,100,18,Foundation.JSONEncoder,Foundation,23019,33270,448,56289,43442.373691,30057.108506,17765.460392,0,1.00,codable,adapted,1,c4a54cdecc67,262,10
swift,bytes,document,100,18,Foundation.PropertyListEncoder,Foundation,36894,57362,399,94256,27104.678267,17433.143893,10609.404176,0,1.00,codable,adapted,1,c4a54cdecc67,263,11
swift,bytes,document,100,18,SwiftCbor,0.0.4,54982,38082,332,93064,18187.770543,26259.125046,10745.293561,0,1.00,codable,adapted,1,c4a54cdecc67,264,12
swift,bytes,document,100,18,SwiftAvroCore,2.3.0,116975,30698,114,147673,8548.835221,32575.412079,6771.718594,0,1.00,schema,adapted,1,c4a54cdecc67,265,13
swift,bytes,document,100,19,CapnProto,capnproto-1.0.2,16137,10315,376,26452,61969.387123,96946.194862,37804.324815,0,1.00,message,adapted,1,c4a54cdecc67,266,0
swift,bytes,document,100,19,FlatBuffers,24.3.25,3899,3794,440,7693,256476.019492,263574.064312,129988.301053,0,1.00,archive,adapted,1,c4a54cdecc67,267,1
swift,bytes,document,100,19,Yams,5.4.0,244545,183196,429,427741,4089.226932,5458.634468,2337.863333,0,1.00,codable,adapted,1,c4a54cdecc67,268,2
swift,bytes,document,100,19,IkigaJSON,2.5.3,19212,34085,448,53297,52050.801582,29338.418659,18762.782145,0,1.00,codable,adapted,1,c4a54cdecc67,269,3
swift,bytes,document,100,19,TOML,2.0.0,155684,44310,508,199994,6423.267645,22568.269014,5000.150005,0,1.00,codable,adapted,1,c4a54cdecc67,270,4
swift,bytes,document,100,19,SwiftProtobuf,1.38.1,4665,4528,155,9193,214362.272240,220848.056537,108778.418362,0,1.00,message,adapted,1,c4a54cdecc67,271,5
swift,bytes,document,100,19,SwiftMsgpack,1.2.1,48791,35738,329,84529,20495.583202,27981.420337,11830.259438,0,1.00,codable,adapted,1,c4a54cdecc67,272,6
swift,bytes,document,100,19,Foundation.PropertyListEncoder,Foundation,39331,57227,399,96558,25425.237090,17474.269139,10356.469687,0,1.00,codable,adapted,1,c4a54cdecc67,273,7
swift,bytes,document,100,19,SwiftBSON,3.1.0,46867,65490,525,112357,21336.974844,15269.506795,8900.202035,0,1.00,document,adapted,1,c4a54cdecc67,274,8
swift,bytes,document,100,19,SwiftAvroCore,2.3.0,115362,29595,114,144957,8668.365666,33789.491468,6898.597515,0,1.00,schema,adapted,1,c4a54cdecc67,275,9
swift,bytes,document,100,19,Foundation.JSONEncoder,Foundation,22553,31523,448,54076,44339.999113,31722.869016,18492.492048,0,1.00,codable,adapted,1,c4a54cdecc67,276,10
swift,bytes,document,100,19,SwiftCbor,0.0.4,54266,38308,332,92574,18427.744813,26104.207998,10802.169076,0,1.00,codable,adapted,1,c4a54cdecc67,277,11
swift,bytes,document,100,19,BinaryCodable,4.0.0,46925,33620,337,80545,21310.602025,29744.199881,12415.419952,0,1.00,codable,adapted,1,c4a54cdecc67,278,12
swift,bytes,document,100,19,XMLCoder,0.18.2,195580,234971,729,430551,5112.997239,4255.844338,2322.605220,0,1.00,codable,adapted,1,c4a54cdecc67,279,13
swift,bytes,document,100,20,CapnProto,capnproto-1.0.2,16679,10645,376,27324,59955.632832,93940.817285,36597.862685,0,1.00,message,adapted,1,c4a54cdecc67,280,0
swift,bytes,document,100,20,SwiftCbor,0.0.4,52913,36664,332,89577,18898.947329,27274.710888,11163.579937,0,1.00,codable,adapted,1,c4a54cdecc67,281,1
swift,bytes,document,100,20,SwiftAvroCore,2.3.0,117491,29879,114,147370,8511.290226,33468.322233,6785.641582,0,1.00,schema,adapted,1,c4a54cdecc67,282,2
swift,bytes,document,100,20,Yams,5.4.0,238269,183453,429,421722,4196.937075,5450.987446,2371.230337,0,1.00,codable,adapted,1,c4a54cdecc67,283,3
swift,bytes,document,100,20,Foundation.JSONEncoder,Foundation,22678,31116,448,53794,44095.599259,32137.806916,18589.433766,0,1.00,codable,adapted,1,c4a54cdecc67,284,4
swift,bytes,document,100,20,SwiftBSON,3.1.0,45020,63799,525,108819,22212.350067,15674.226869,9189.571674,0,1.00,document,adapted,1,c4a54cdecc67,285,5
swift,bytes,document,100,20,IkigaJSON,2.5.3,18941,33372,448,52313,52795.522940,29965.240321,19115.707377,0,1.00,codable,adapted,1,c4a54cdecc67,286,6
swift,bytes,document,100,20,SwiftProtobuf,1.38.1,4463,4370,155,8833,224064.530585,228832.951945,113211.819314,0,1.00,message,adapted,1,c4a54cdecc67,287,7
swift,bytes,document,100,20,SwiftMsgpack,1.2.1,48510,36134,329,84644,20614.306329,27674.766148,11814.186475,0,1.00,codable,adapted,1,c4a54cdecc67,288,8
swift,bytes,document,100,20,BinaryCodable,4.0.0,49869,33572,337,83441,20052.537649,29786.727034,11984.516005,0,1.00,codable,adapted,1,c4a54cdecc67,289,9
swift,bytes,document,100,20,TOML,2.0.0,156752,43573,508,200325,6379.503930,22949.991968,4991.888182,0,1.00,codable,adapted,1,c4a54cdecc67,290,10
swift,bytes,document,100,20,FlatBuffers,24.3.25,4013,4224,440,8237,249190.132071,236742.424242,121403.423577,0,1.00,archive,adapted,1,c4a54cdecc67,291,11
swift,bytes,document,100,20,Foundation.PropertyListEncoder,Foundation,39637,57327,399,96964,25228.952746,17443.787395,10313.105895,0,1.00,codable,adapted,1,c4a54cdecc67,292,12
swift,bytes,document,100,20,XMLCoder,0.18.2,193110,237517,729,430627,5178.395733,4210.224952,2322.195311,0,1.00,codable,adapted,1,c4a54cdecc67,293,13
swift,bytes,document,100,21,Foundation.JSONEncoder,Foundation,22095,33182,448,55277,45259.108396,30136.821168,18090.706804,0,1.00,codable,adapted,1,c4a54cdecc67,294,0
swift,bytes,document,100,21,TOML,2.0.0,156794,41625,508,198419,6377.795069,24024.024024,5039.839935,0,1.00,codable,adapted,1,c4a54cdecc67,295,1
swift,bytes,document,100,21,SwiftBSON,3.1.0,45460,63948,525,109408,21997.360317,15637.705636,9140.099444,0,1.00,document,adapted,1,c4a54cdecc67,296,2
swift,bytes,document,100,21,IkigaJSON,2.5.3,19123,32626,448,51749,52293.050254,30650.401520,19324.044909,0,1.00,codable,adapted,1,c4a54cdecc67,297,3
swift,bytes,document,100,21,XMLCoder,0.18.2,186440,226186,729,412626,5363.655868,4421.140124,2423.502154,0,1.00,codable,adapted,1,c4a54cdecc67,298,4
swift,bytes,document,100,21,SwiftAvroCore,2.3.0,113655,29903,114,143558,8798.557037,33441.460723,6965.825659,0,1.00,schema,adapted,1,c4a54cdecc67,299,5
swift,bytes,document,100,21,SwiftMsgpack,1.2.1,52779,35599,329,88378,18946.929650,28090.676704,11315.033153,0,1.00,codable,adapted,1,c4a54cdecc67,300,6
swift,bytes,document,100,21,FlatBuffers,24.3.25,3961,3698,440,7659,252461.499621,270416.441320,130565.347957,0,1.00,archive,adapted,1,c4a54cdecc67,301,7
swift,bytes,document,100,21,Foundation.PropertyListEncoder,Foundation,39468,56843,399,96311,25336.981859,17592.315677,10383.029976,0,1.00,codable,adapted,1,c4a54cdecc67,302,8
swift,bytes,document,100,21,SwiftCbor,0.0.4,52391,36767,332,89158,19087.247810,27198.302826,11216.043429,0,1.00,codable,adapted,1,c4a54cdecc67,303,9
swift,bytes,document,100,21,Yams,5.4.0,238195,184774,429,422969,4198.240937,5412.016842,2364.239460,0,1.00,codable,adapted,1,c4a54cdecc67,304,10
swift,bytes,document,100,21,SwiftProtobuf,1.38.1,4632,4387,155,9019,215889.464594,227946.204696,110877.037366,0,1.00,message,adapted,1,c4a54cdecc67,305,11
swift,bytes,document,100,21,CapnProto,capnproto-1.0.2,15307,10638,376,25945,65329.587770,94002.632074,38543.071883,0,1.00,message,adapted,1,c4a54cdecc67,306,12
swift,bytes,document,100,21,BinaryCodable,4.0.0,46977,33391,337,80368,21287.012793,29948.189632,12442.763289,0,1.00,codable,adapted,1,c4a54cdecc67,307,13
swift,bytes,document,100,22,Foundation.JSONEncoder,Foundation,26771,32536,448,59307,37353.853050,30735.185641,16861.416022,0,1.00,codable,adapted,1,c4a54cdecc67,308,0
swift,bytes,document,100,22,SwiftCbor,0.0.4,51745,36740,332,88485,19325.538699,27218.290691,11301.350511,0,1.00,codable,adapted,1,c4a54cdecc67,309,1
swift,bytes,document,100,22,IkigaJSON,2.5.3,20288,33488,448,53776,49290.220820,29861.442905,18595.656055,0,1.00,codable,adapted,1,c4a54cdecc67,310,2
swift,bytes,document,100,22,SwiftProtobuf,1.38.1,3475,3635,155,7110,287769.784173,275103.163686,140646.976090,0,1.00,message,adapted,1,c4a54cdecc67,311,3
swift,bytes,document,100,22,BinaryCodable,4.0.0,42018,30305,337,72323,23799.324099,32997.855139,13826.860058,0,1.00,codable,adapted,1,c4a54cdecc67,312,4
swift,bytes,document,100,22,Foundation.PropertyListEncoder,Foundation,36127,54360,399,90487,27680.128436,18395.879323,11051.311238,0,1.00,codable,adapted,1,c4a54cdecc67,313,5
swift,bytes,document,100,22,CapnProto,capnproto-1.0.2,11506,8792,376,20298,86911.176777,113739.763421,49265.937531,0,1.00,message,adapted,1,c4a54cdecc67,314,6
swift,bytes,document,100,22,SwiftAvroCore,2.3.0,117051,31035,114,148086,8543.284551,32221.685194,6752.832813,0,1.00,schema,adapted,1,c4a54cdecc67,315,7
swift,bytes,document,100,22,SwiftBSON,3.1.0,45687,64375,525,110062,21888.064438,15533.980583,9085.788010,0,1.00,document,adapted,1,c4a54cdecc67,316,8
swift,bytes,document,100,22,FlatBuffers,24.3.25,3741,3628,440,7369,267308.206362,275633.958104,135703.623287,0,1.00,archive,adapted,1,c4a54cdecc67,317,9
swift,bytes,document,100,22,Yams,5.4.0,245689,181742,429,427431,4070.186292,5502.305466,2339.558900,0,1.00,codable,adapted,1,c4a54cdecc67,318,10
swift,bytes,document,100,22,SwiftMsgpack,1.2.1,48275,35613,329,83888,20714.655619,28079.633842,11920.656113,0,1.00,codable,adapted,1,c4a54cdecc67,319,11
swift,bytes,document,100,22,XMLCoder,0.18.2,193199,236548,729,429747,5176.010228,4227.471803,2326.950508,0,1.00,codable,adapted,1,c4a54cdecc67,320,12
swift,bytes,document,100,22,TOML,2.0.0,158085,47753,508,205838,6325.710852,20941.092706,4858.189450,0,1.00,codable,adapted,1,c4a54cdecc67,321,13
swift,bytes,document,100,23,Foundation.PropertyListEncoder,Foundation,39217,57394,399,96611,25499.145779,17423.424051,10350.788213,0,1.00,codable,adapted,1,c4a54cdecc67,322,0
swift,bytes,document,100,23,SwiftAvroCore,2.3.0,112373,30811,114,143184,8898.934798,32455.941060,6984.020561,0,1.00,schema,adapted,1,c4a54cdecc67,323,1
swift,bytes,document,100,23,BinaryCodable,4.0.0,46214,39585,337,85799,21638.464535,25262.094228,11655.147496,0,1.00,codable,adapted,1,c4a54cdecc67,324,2
swift,bytes,document,100,23,SwiftBSON,3.1.0,45950,63988,525,109938,21762.785637,15627.930237,9096.035948,0,1.00,document,adapted,1,c4a54cdecc67,325,3
swift,bytes,document,100,23,Yams,5.4.0,238769,188606,429,427375,4188.148378,5302.058259,2339.865458,0,1.00,codable,adapted,1,c4a54cdecc67,326,4
swift,bytes,document,100,23,IkigaJSON,2.5.3,19424,33602,448,53026,51482.701812,29760.133325,18858.673104,0,1.00,codable,adapted,1,c4a54cdecc67,327,5
swift,bytes,document,100,23,TOML,2.0.0,153351,42285,508,195636,6520.987799,23649.048126,5111.533665,0,1.00,codable,adapted,1,c4a54cdecc67,328,6
swift,bytes,document,100,23,FlatBuffers,24.3.25,3921,4060,440,7981,255036.980362,246305.418719,125297.581757,0,1.00,archive,adapted,1,c4a54cdecc67,329,7
swift,bytes,document,100,23,SwiftCbor,0.0.4,54401,36927,332,91328,18382.015036,27080.456035,10949.544499,0,1.00,codable,adapted,1,c4a54cdecc67,330,8
swift,bytes,document,100,23,SwiftMsgpack,1.2.1,46528,35195,329,81723,21492.434663,28413.126865,12236.457301,0,1.00,codable,adapted,1,c4a54cdecc67,331,9
swift,bytes,document,100,23,XMLCoder,0.18.2,193723,238560,729,432283,5162.009674,4191.817572,2313.299390,0,1.00,codable,adapted,1,c4a54cdecc67,332,10
swift,bytes,document,100,23,SwiftProtobuf,1.38.1,4754,4507,155,9261,210349.179638,221877.080098,107979.699816,0,1.00,message,adapted,1,c4a54cdecc67,333,11
swift,bytes,document,100,23,CapnProto,capnproto-1.0.2,17170,10584,376,27754,58241.118229,94482.237339,36030.842401,0,1.00,message,adapted,1,c4a54cdecc67,334,12
swift,bytes,document,100,23,Foundation.JSONEncoder,Foundation,23632,31950,448,55582,42315.504401,31298.904538,17991.436076,0,1.00,codable,adapted,1,c4a54cdecc67,335,13
swift,bytes,document,100,24,SwiftBSON,3.1.0,44999,64849,525,109848,22222.716060,15420.438249,9103.488457,0,1.00,document,adapted,1,c4a54cdecc67,336,0
swift,bytes,document,100,24,XMLCoder,0.18.2,185890,223812,729,409702,5379.525526,4468.035673,2440.798434,0,1.00,codable,adapted,1,c4a54cdecc67,337,1
swift,bytes,document,100,24,IkigaJSON,2.5.3,20247,33229,448,53476,49390.033091,30094.194830,18699.977560,0,1.00,codable,adapted,1,c4a54cdecc67,338,2
swift,bytes,document,100,24,BinaryCodable,4.0.0,46533,33572,337,80105,21490.125287,29786.727034,12483.615255,0,1.00,codable,adapted,1,c4a54cdecc67,339,3
swift,bytes,document,100,24,SwiftProtobuf,1.38.1,3923,4088,155,8011,254906.958960,244618.395303,124828.361004,0,1.00,message,adapted,1,c4a54cdecc67,340,4
swift,bytes,document,100,24,Foundation.JSONEncoder,Foundation,20622,30168,448,50790,48491.901852,33147.706179,19688.915141,0,1.00,codable,adapted,1,c4a54cdecc67,341,5
swift,bytes,document,100,24,FlatBuffers,24.3.25,3927,4079,440,8006,254647.313471,245158.126992,124906.320260,0,1.00,archive,adapted,1,c4a54cdecc67,342,6
swift,bytes,document,100,24,SwiftAvroCore,2.3.0,119470,30604,114,150074,8370.302168,32675.467259,6663.379399,0,1.00,schema,adapted,1,c4a54cdecc67,343,7
swift,bytes,document,100,24,SwiftMsgpack,1.2.1,47947,36251,329,84198,20856.362233,27585.445919,11876.766669,0,1.00,codable,adapted,1,c4a54cdecc67,344,8
swift,bytes,document,100,24,SwiftCbor,0.0.4,51804,37729,332,89533,19303.528685,26504.810623,11169.066154,0,1.00,codable,adapted,1,c4a54cdecc67,345,9
swift,bytes,document,100,24,Yams,5.4.0,242821,195669,429,438490,4118.259953,5110.671593,2280.553718,0,1.00,codable,adapted,1,c4a54cdecc67,346,10
swift,bytes,document,100,24,Foundation.PropertyListEncoder,Foundation,39347,59671,399,99018,25414.898213,16758.559434,10099.173888,0,1.00,codable,adapted,1,c4a54cdecc67,347,11
swift,bytes,document,100,24,TOML,2.0.0,160929,45195,508,206124,6213.920425,22126.341409,4851.448643,0,1.00,codable,adapted,1,c4a54cdecc67,348,12
swift,bytes,document,100,24,CapnProto,capnproto-1.0.2,16671,10941,376,27612,59984.404055,91399.323645,36216.137911,0,1.00,message,adapted,1,c4a54cdecc67,349,13
swift,bytes,document,100,25,SwiftMsgpack,1.2.1,49820,36936,329,86756,20072.260136,27073.857483,11526.580294,0,1.00,codable,adapted,1,c4a54cdecc67,350,0
swift,bytes,document,100,25,SwiftBSON,3.1.0,48604,65972,525,114576,20574.438318,15157.945795,8727.831308,0,1.00,document,adapted,1,c4a54cdecc67,351,1
swift,bytes,document,100,25,SwiftAvroCore,2.3.0,115296,30224,114,145520,8673.327782,33086.289042,6871.907642,0,1.00,schema,adapted,1,c4a54cdecc67,352,2
swift,bytes,document,100,25,XMLCoder,0.18.2,197588,246811,729,444399,5061.036095,4051.683272,2250.230086,0,1.00,codable,adapted,1,c4a54cdecc67,353,3
swift,bytes,document,100,25,Foundation.JSONEncoder,Foundation,23591,34670,448,58261,42389.046670,28843.380444,17164.140677,0,1.00,codable,adapted,1,c4a54cdecc67,354,4
swift,bytes,document,100,25,BinaryCodable,4.0.0,48847,34363,337,83210,20472.086310,29101.068009,12017.786324,0,1.00,codable,adapted,1,c4a54cdecc67,355,5
swift,bytes,document,100,25,SwiftCbor,0.0.4,56746,38456,332,95202,17622.387481,26003.744539,10503.981009,0,1.00,codable,adapted,1,c4a54cdecc67,356,6
swift,bytes,document,100,25,Yams,5.4.0,245188,188930,429,434118,4078.503026,5292.965649,2303.521162,0,1.00,codable,adapted,1,c4a54cdecc67,357,7
swift,bytes,document,100,25,TOML,2.0.0,164819,43404,508,208223,6067.261663,23039.351212,4802.543427,0,1.00,codable,adapted,1,c4a54cdecc67,358,8
swift,bytes,document,100,25,Foundation.PropertyListEncoder,Foundation,39522,59062,399,98584,25302.363241,16931.360265,10143.633855,0,1.00,codable,adapted,1,c4a54cdecc67,359,9
swift,bytes,document,100,25,SwiftProtobuf,1.38.1,4651,4667,155,9318,215007.525263,214270.409256,107319.167203,0,1.00,message,adapted,1,c4a54cdecc67,360,10
swift,bytes,document,100,25,IkigaJSON,2.5.3,25348,34630,448,59978,39450.844248,28876.696506,16672.780019,0,1.00,codable,adapted,1,c4a54cdecc67,361,11
swift,bytes,document,100,25,FlatBuffers,24.3.25,4191,4408,440,8599,238606.537819,226860.254083,116292.592162,0,1.00,archive,adapted,1,c4a54cdecc67,362,12
swift,bytes,document,100,25,CapnProto,capnproto-1.0.2,14989,10770,376,25759,66715.591434,92850.510678,38821.382818,0,1.00,message,adapted,1,c4a54cdecc67,363,13
swift,bytes,document,100,26,TOML,2.0.0,153258,40911,508,194169,6524.944864,24443.303757,5150.152702,0,1.00,codable,adapted,1,c4a54cdecc67,364,0
swift,bytes,document,100,26,BinaryCodable,4.0.0,47201,34119,337,81320,21185.991822,29309.182567,12297.097885,0,1.00,codable,adapted,1,c4a54cdecc67,365,1
swift,bytes,document,100,26,CapnProto,capnproto-1.0.2,9010,7294,376,16304,110987.791343,137098.985468,61334.641806,0,1.00,message,adapted,1,c4a54cdecc67,366,2
swift,bytes,document,100,26,Foundation.PropertyListEncoder,Foundation,35538,53940,399,89478,28138.893579,18539.117538,11175.931514,0,1.00,codable,adapted,1,c4a54cdecc67,367,3
swift,bytes,document,100,26,FlatBuffers,24.3.25,3312,3670,440,6982,301932.367150,272479.564033,143225.436838,0,1.00,archive,adapted,1,c4a54cdecc67,368,4
swift,bytes,document,100,26,SwiftCbor,0.0.4,60024,37140,332,97164,16660.002666,26925.148088,10291.877650,0,1.00,codable,adapted,1,c4a54cdecc67,369,5
swift,bytes,document,100,26,XMLCoder,0.18.2,197908,248330,729,446238,5052.852841,4026.899690,2240.956620,0,1.00,codable,adapted,1,c4a54cdecc67,370,6
swift,bytes,document,100,26,SwiftProtobuf,1.38.1,4520,4550,155,9070,221238.938053,219780.219780,110253.583241,0,1.00,message,adapted,1,c4a54cdecc67,371,7
swift,bytes,document,100,26,Foundation.JSONEncoder,Foundation,23460,34122,448,57582,42625.745951,29306.605709,17366.538154,0,1.00,codable,adapted,1,c4a54cdecc67,372,8
swift,bytes,document,100,26,SwiftAvroCore,2.3.0,120726,31366,114,152092,8283.219853,31881.655296,6574.967783,0,1.00,schema,adapted,1,c4a54cdecc67,373,9
swift,bytes,document,100,26,SwiftBSON,3.1.0,47048,65837,525,112885,21254.888624,15189.027447,8858.572884,0,1.00,document,adapted,1,c4a54cdecc67,374,10
swift,bytes,document,100,26,Yams,5.4.0,249906,189642,429,439548,4001.504566,5273.093513,2275.064384,0,1.00,codable,adapted,1,c4a54cdecc67,375,11
swift,bytes,document,100,26,SwiftMsgpack,1.2.1,50088,37359,329,87447,19964.861843,26767.311759,11435.498073,0,1.00,codable,adapted,1,c4a54cdecc67,376,12
swift,bytes,document,100,26,IkigaJSON,2.5.3,20771,33655,448,54426,48144.046989,29713.266974,18373.571455,0,1.00,codable,adapted,1,c4a54cdecc67,377,13
swift,bytes,document,100,27,CapnProto,capnproto-1.0.2,14245,10515,376,24760,70200.070200,95102.234903,40387.722132,0,1.00,message,adapted,1,c4a54cdecc67,378,0
swift,bytes,document,100,27,Foundation.PropertyListEncoder,Foundation,37080,57609,399,94689,26968.716289,17358.398861,10560.888804,0,1.00,codable,adapted,1,c4a54cdecc67,379,1
swift,bytes,document,100,27,SwiftProtobuf,1.38.1,4463,4450,155,8913,224064.530585,224719.101124,112195.669247,0,1.00,message,adapted,1,c4a54cdecc67,380,2
swift,bytes,document,100,27,IkigaJSON,2.5.3,18089,29332,448,47421,55282.215711,34092.458748,21087.703760,0,1.00,codable,adapted,1,c4a54cdecc67,381,3
swift,bytes,document,100,27,SwiftMsgpack,1.2.1,45074,35063,329,80137,22185.739007,28520.092405,12478.630346,0,1.00,codable,adapted,1,c4a54cdecc67,382,4
swift,bytes,document,100,27,BinaryCodable,4.0.0,52161,34273,337,86434,19171.411591,29177.486651,11569.521253,0,1.00,codable,adapted,1,c4a54cdecc67,383,5
swift,bytes,document,100,27,SwiftCbor,0.0.4,52443,38445,332,90888,19068.321797,26011.184809,11002.552592,0,1.00,codable,adapted,1,c4a54cdecc67,384,6
swift,bytes,document,100,27,FlatBuffers,24.3.25,4166,4230,440,8396,240038.406145,236406.619385,119104.335398,0,1.00,archive,adapted,1,c4a54cdecc67,385,7
swift,bytes,document,100,27,XMLCoder,0.18.2,193629,235926,729,429555,5164.515646,4238.617194,2327.990595,0,1.00,codable,adapted,1,c4a54cdecc67,386,8
swift,bytes,document,100,27,SwiftBSON,3.1.0,47395,65102,525,112497,21099.272075,15360.511198,8889.125932,0,1.00,document,adapted,1,c4a54cdecc67,387,9
swift,bytes,document,100,27,SwiftAvroCore,2.3.0,117500,30028,114,147528,8510.638298,33302.251232,6778.374275,0,1.00,schema,adapted,1,c4a54cdecc67,388,10
swift,bytes,document,100,27,TOML,2.0.0,160172,44793,508,204965,6243.288465,22324.916840,4878.881760,0,1.00,codable,adapted,1,c4a54cdecc67,389,11
swift,bytes,document,100,27,Foundation.JSONEncoder,Foundation,23246,33995,448,57241,43018.153661,29416.090602,17469.995283,0,1.00,codable,adapted,1,c4a54cdecc67,390,12
swift,bytes,document,100,27,Yams,5.4.0,246559,191923,429,438482,4055.824367,5210.422930,2280.595327,0,1.00,codable,adapted,1,c4a54cdecc67,391,13
swift,bytes,document,100,28,SwiftMsgpack,1.2.1,49138,36391,329,85529,20350.848630,27479.321810,11691.940745,0,1.00,codable,adapted,1,c4a54cdecc67,392,0
swift,bytes,document,100,28,FlatBuffers,24.3.25,3920,3994,440,7914,255102.040816,250375.563345,126358.352287,0,1.00,archive,adapted,1,c4a54cdecc67,393,1
swift,bytes,document,100,28,BinaryCodable,4.0.0,45849,33771,337,79620,21810.726515,29611.204880,12559.658377,0,1.00,codable,adapted,1,c4a54cdecc67,394,2
swift,bytes,document,100,28,SwiftBSON,3.1.0,51077,64162,525,115239,19578.283768,15585.549079,8677.617820,0,1.00,document,adapted,1,c4a54cdecc67,395,3
swift,bytes,document,100,28,IkigaJSON,2.5.3,19407,33652,448,53059,51527.799248,29715.915845,18846.943968,0,1.00,codable,adapted,1,c4a54cdecc67,396,4
swift,bytes,document,100,28,Yams,5.4.0,230916,178083,429,408999,4330.579085,5615.359130,2444.993753,0,1.00,codable,adapted,1,c4a54cdecc67,397,5
swift,bytes,document,100,28,TOML,2.0.0,157017,42864,508,199881,6368.737143,23329.600597,5002.976771,0,1.00,codable,adapted,1,c4a54cdecc67,398,6
swift,bytes,document,100,28,Foundation.PropertyListEncoder,Foundation,38230,57467,399,95697,26157.467957,17401.291176,10449.648369,0,1.00,codable,adapted,1,c4a54cdecc67,399,7
swift,bytes,document,100,28,SwiftAvroCore,2.3.0,117095,30674,114,147769,8540.074299,32600.899785,6767.319262,0,1.00,schema,adapted,1,c4a54cdecc67,400,8
swift,bytes,document,100,28,SwiftCbor,0.0.4,54687,37325,332,92012,18285.881471,26791.694575,10868.147633,0,1.00,codable,adapted,1,c4a54cdecc67,401,9
swift,bytes,document,100,28,CapnProto,capnproto-1.0.2,17715,10989,376,28704,56449.336720,91000.091000,34838.350056,0,1.00,message,adapted,1,c4a54cdecc67,402,10
swift,bytes,document,100,28,SwiftProtobuf,1.38.1,5075,4629,155,9704,197044.334975,216029.379996,103050.288541,0,1.00,message,adapted,1,c4a54cdecc67,403,11
swift,bytes,document,100,28,Foundation.JSONEncoder,Foundation,22364,30326,448,52690,44714.720086,32975.004946,18978.933384,0,1.00,codable,adapted,1,c4a54cdecc67,404,12
swift,bytes,document,100,28,XMLCoder,0.18.2,191121,234563,729,425684,5232.287399,4263.246974,2349.160410,0,1.00,codable,adapted,1,c4a54cdecc67,405,13
swift,bytes,document,100,29,SwiftBSON,3.1.0,45779,63960,525,109739,21844.076979,15634.771732,9112.530641,0,1.00,document,adapted,1,c4a54cdecc67,406,0
swift,bytes,document,100,29,SwiftAvroCore,2.3.0,118451,29461,114,147912,8442.309478,33943.179118,6760.776678,0,1.00,schema,adapted,1,c4a54cdecc67,407,1
swift,bytes,document,100,29,XMLCoder,0.18.2,187381,221725,729,409106,5336.720372,4510.091329,2444.354275,0,1.00,codable,adapted,1,c4a54cdecc67,408,2
swift,bytes,document,100,29,SwiftCbor,0.0.4,55488,38155,332,93643,18021.914648,26208.884812,10678.854800,0,1.00,codable,adapted,1,c4a54cdecc67,409,3
swift,bytes,document,100,29,Yams,5.4.0,243855,195337,429,439192,4100.797605,5119.357828,2276.908505,0,1.00,codable,adapted,1,c4a54cdecc67,410,4
swift,bytes,document,100,29,IkigaJSON,2.5.3,19678,34739,448,54417,50818.172579,28786.090561,18376.610250,0,1.00,codable,adapted,1,c4a54cdecc67,411,5
swift,bytes,document,100,29,Foundation.JSONEncoder,Foundation,23035,31612,448,54647,43412.198828,31633.556877,18299.266199,0,1.00,codable,adapted,1,c4a54cdecc67,412,6
swift,bytes,document,100,29,TOML,2.0.0,161224,44193,508,205417,6202.550489,22628.018012,4868.146259,0,1.00,codable,adapted,1,c4a54cdecc67,413,7
swift,bytes,document,100,29,BinaryCodable,4.0.0,47678,34485,337,82163,20974.034146,28998.115123,12170.928520,0,1.00,codable,adapted,1,c4a54cdecc67,414,8
swift,bytes,document,100,29,CapnProto,capnproto-1.0.2,17208,11326,376,28534,58112.505811,88292.424510,35045.910142,0,1.00,message,adapted,1,c4a54cdecc67,415,9
swift,bytes,document,100,29,Foundation.PropertyListEncoder,Foundation,39449,60546,399,99995,25349.185024,16516.367720,10000.500025,0,1.00,codable,adapted,1,c4a54cdecc67,416,10
swift,bytes,document,100,29,SwiftMsgpack,1.2.1,51998,37498,329,89496,19231.508904,26668.088965,11173.683740,0,1.00,codable,adapted,1,c4a54cdecc67,417,11
swift,bytes,document,100,29,FlatBuffers,24.3.25,4150,4397,440,8547,240963.855422,227427.791676,117000.117000,0,1.00,archive,adapted,1,c4a54cdecc67,418,12
swift,bytes,document,100,29,SwiftProtobuf,1.38.1,4832,4770,155,9602,206953.642384,209643.605870,104144.969798,0,1.00,message,adapted,1,c4a54cdecc67,419,13
swift,bytes,document,100,30,SwiftAvroCore,2.3.0,125097,30509,114,155606,7993.796814,32777.213281,6426.487411,0,1.00,schema,adapted,1,c4a54cdecc67,420,0
swift,bytes,document,100,30,SwiftMsgpack,1.2.1,45584,33676,329,79260,21937.521938,29694.738092,12616.704517,0,1.00,codable,adapted,1,c4a54cdecc67,421,1
swift,bytes,document,100,30,Foundation.PropertyListEncoder,Foundation,37868,55471,399,93339,26407.520862,18027.437760,10713.635244,0,1.00,codable,adapted,1,c4a54cdecc67,422,2
swift,bytes,document,100,30,BinaryCodable,4.0.0,47655,35326,337,82981,20984.156961,28307.761988,12050.951423,0,1.00,codable,adapted,1,c4a54cdecc67,423,3
swift,bytes,document,100,30,Yams,5.4.0,249361,188845,429,438206,4010.250200,5295.348037,2282.031738,0,1.00,codable,adapted,1,c4a54cdecc67,424,4
swift,bytes,document,100,30,TOML,2.0.0,161946,44587,508,206533,6174.897805,22428.061991,4841.841255,0,1.00,codable,adapted,1,c4a54cdecc67,425,5
swift,bytes,document,100,30,SwiftCbor,0.0.4,55972,38363,332,94335,17866.075895,26066.783098,10600.519425,0,1.00,codable,adapted,1,c4a54cdecc67,426,6
swift,bytes,document,100,30,FlatBuffers,24.3.25,3961,4107,440,8068,252461.499621,243486.729973,123946.455131,0,1.00,archive,adapted,1,c4a54cdecc67,427,7
swift,bytes,document,100,30,SwiftProtobuf,1.38.1,4519,4182,155,8701,221287.895552,239120.038259,114929.318469,0,1.00,message,adapted,1,c4a54cdecc67,428,8
swift,bytes,document,100,30,XMLCoder,0.18.2,196535,242333,729,438868,5088.152238,4126.553131,2278.589462,0,1.00,codable,adapted,1,c4a54cdecc67,429,9
swift,bytes,document,100,30,CapnProto,capnproto-1.0.2,17186,10554,376,27740,58186.896311,94750.805382,36049.026676,0,1.00,message,adapted,1,c4a54cdecc67,430,10
swift,bytes,document,100,30,SwiftBSON,3.1.0,47317,66225,525,113542,21134.053300,15100.037750,8807.313593,0,1.00,document,adapted,1,c4a54cdecc67,431,11
swift,bytes,document,100,30,Foundation.JSONEncoder,Foundation,23813,37342,448,61155,41993.868895,26779.497617,16351.892732,0,1.00,codable,adapted,1,c4a54cdecc67,432,12
swift,bytes,document,100,30,IkigaJSON,2.5.3,19748,34182,448,53930,50638.039295,29255.163536,18542.555164,0,1.00,codable,adapted,1,c4a54cdecc67,433,13
swift,bytes,document,100,31,CapnProto,capnproto-1.0.2,9120,8237,376,17357,109649.122807,121403.423577,57613.642911,0,1.00,message,adapted,1,c4a54cdecc67,434,0
swift,bytes,document,100,31,SwiftBSON,3.1.0,41914,61436,525,103350,23858.376676,16277.101374,9675.858732,0,1.00,document,adapted,1,c4a54cdecc67,435,1
swift,bytes,document,100,31,Yams,5.4.0,247192,187364,429,434556,4045.438364,5337.204586,2301.199385,0,1.00,codable,adapted,1,c4a54cdecc67,436,2
swift,bytes,document,100,31,TOML,2.0.0,160728,44087,508,204815,6221.691305,22682.423390,4882.454898,0,1.00,codable,adapted,1,c4a54cdecc67,437,3
swift,bytes,document,100,31,Foundation.PropertyListEncoder,Foundation,39454,63306,399,102760,25345.972525,15796.291031,9731.413001,0,1.00,codable,adapted,1,c4a54cdecc67,438,4
swift,bytes,document,100,31,SwiftMsgpack,1.2.1,49980,36435,329,86415,20008.003201,27446.136956,11572.065035,0,1.00,codable,adapted,1,c4a54cdecc67,439,5
swift,bytes,document,100,31,IkigaJSON,2.5.3,21700,33184,448,54884,46082.949309,30135.004822,18220.246338,0,1.00,codable,adapted,1,c4a54cdecc67,440,6
swift,bytes,document,100,31,XMLCoder,0.18.2,194761,241068,729,435829,5134.498180,4148.207145,2294.477880,0,1.00,codable,adapted,1,c4a54cdecc67,441,7
swift,bytes,document,100,31,BinaryCodable,4.0.0,47995,34940,337,82935,20835.503698,28620.492272,12057.635498,0,1.00,codable,adapted,1,c4a54cdecc67,442,8
swift,bytes,document,100,31,SwiftAvroCore,2.3.0,118784,31196,114,149980,8418.642241,32055.391717,6667.555674,0,1.00,schema,adapted,1,c4a54cdecc67,443,9
swift,bytes,document,100,31,SwiftProtobuf,1.38.1,4642,4551,155,9193,215424.386040,219731.927049,108778.418362,0,1.00,message,adapted,1,c4a54cdecc67,444,10
swift,bytes,document,100,31,SwiftCbor,0.0.4,57098,38212,332,95310,17513.748292,26169.789595,10492.078481,0,1.00,codable,adapted,1,c4a54cdecc67,445,11
swift,bytes,document,100,31,Foundation.JSONEncoder,Foundation,23263,35300,448,58563,42986.717104,28328.611898,17075.627956,0,1.00,codable,adapted,1,c4a54cdecc67,446,12
swift,bytes,document,100,31,FlatBuffers,24.3.25,4083,3973,440,8056,244917.952486,251698.968034,124131.082423,0,1.00,archive,adapted,1,c4a54cdecc67,447,13
swift,bytes,document,100,32,TOML,2.0.0,159438,44278,508,203716,6272.030507,22584.579249,4908.794596,0,1.00,codable,adapted,1,c4a54cdecc67,448,0
swift,bytes,document,100,32,BinaryCodable,4.0.0,44866,33414,337,78280,22288.592698,29927.575268,12774.655084,0,1.00,codable,adapted,1,c4a54cdecc67,449,1
swift,bytes,document,100,32,SwiftBSON,3.1.0,48383,65902,525,114285,20668.416593,15174.046311,8750.054688,0,1.00,document,adapted,1,c4a54cdecc67,450,2
swift,bytes,document,100,32,IkigaJSON,2.5.3,19896,33688,448,53584,50261.359067,29684.160532,18662.287250,0,1.00,codable,adapted,1,c4a54cdecc67,451,3
swift,bytes,document,100,32,SwiftMsgpack,1.2.1,49642,36874,329,86516,20144.232706,27119.379509,11558.555643,0,1.00,codable,adapted,1,c4a54cdecc67,452,4
swift,bytes,document,100,32,CapnProto,capnproto-1.0.2,17482,10988,376,28470,57201.693170,91008.372770,35124.692659,0,1.00,message,adapted,1,c4a54cdecc67,453,5
swift,bytes,document,100,32,Foundation.JSONEncoder,Foundation,21648,30892,448,52540,46193.643755,32370.840347,19033.117625,0,1.00,codable,adapted,1,c4a54cdecc67,454,6
swift,bytes,document,100,32,FlatBuffers,24.3.25,3719,4040,440,7759,268889.486421,247524.752475,128882.587962,0,1.00,archive,adapted,1,c4a54cdecc67,455,7
swift,bytes,document,100,32,SwiftProtobuf,1.38.1,4624,4353,155,8977,216262.975779,229726.625316,111395.789239,0,1.00,message,adapted,1,c4a54cdecc67,456,8
swift,bytes,document,100,32,XMLCoder,0.18.2,204232,242124,729,446356,4896.392338,4130.115148,2240.364194,0,1.00,codable,adapted,1,c4a54cdecc67,457,9
swift,bytes,document,100,32,SwiftCbor,0.0.4,54061,37999,332,92060,18497.623055,26316.482013,10862.480991,0,1.00,codable,adapted,1,c4a54cdecc67,458,10
swift,bytes,document,100,32,Yams,5.4.0,247211,197929,429,445140,4045.127442,5052.316740,2246.484252,0,1.00,codable,adapted,1,c4a54cdecc67,459,11
swift,bytes,document,100,32,Foundation.PropertyListEncoder,Foundation,38804,59326,399,98130,25770.539120,16856.015912,10190.563538,0,1.00,codable,adapted,1,c4a54cdecc67,460,12
swift,bytes,document,100,32,SwiftAvroCore,2.3.0,119976,31178,114,151154,8335.000333,32073.898262,6615.769348,0,1.00,schema,adapted,1,c4a54cdecc67,461,13
swift,bytes,document,100,33,FlatBuffers,24.3.25,3871,3863,440,7734,258331.180573,258866.166192,129299.198345,0,1.00,archive,adapted,1,c4a54cdecc67,462,0
swift,bytes,document,100,33,XMLCoder,0.18.2,195177,235957,729,431134,5123.554517,4238.060325,2319.464482,0,1.00,codable,adapted,1,c4a54cdecc67,463,1
swift,bytes,document,100,33,BinaryCodable,4.0.0,49598,35646,337,85244,20162.103311,28053.638557,11731.030923,0,1.00,codable,adapted,1,c4a54cdecc67,464,2
swift,bytes,document,100,33,SwiftMsgpack,1.2.1,53875,37227,329,91102,18561.484919,26862.223655,10976.707427,0,1.00,codable,adapted,1,c4a54cdecc67,465,3
swift,bytes,document,100,33,CapnProto,capnproto-1.0.2,17169,11017,376,28186,58244.510455,90768.811836,35478.606400,0,1.00,message,adapted,1,c4a54cdecc67,466,4
swift,bytes,document,100,33,Foundation.JSONEncoder,Foundation,23424,32216,448,55640,42691.256831,31040.476782,17972.681524,0,1.00,codable,adapted,1,c4a54cdecc67,467,5
swift,bytes,document,100,33,SwiftProtobuf,1.38.1,4841,4601,155,9442,206568.890725,217344.055640,105909.764880,0,1.00,message,adapted,1,c4a54cdecc67,468,6
swift,bytes,document,100,33,Yams,5.4.0,247681,189629,429,437310,4037.451399,5273.455010,2286.707370,0,1.00,codable,adapted,1,c4a54cdecc67,469,7
swift,bytes,document,100,33,SwiftBSON,3.1.0,47137,66112,525,113249,21214.756985,15125.847047,8830.100045,0,1.00,document,adapted,1,c4a54cdecc67,470,8
swift,bytes,document,100,33,Foundation.PropertyListEncoder,Foundation,37336,57230,399,94566,26783.801157,17473.353136,10574.625130,0,1.00,codable,adapted,1,c4a54cdecc67,471,9
swift,bytes,document,100,33,SwiftAvroCore,2.3.0,123464,30662,114,154126,8099.526988,32613.658600,6488.197968,0,1.00,schema,adapted,1,c4a54cdecc67,472,10
swift,bytes,document,100,33,TOML,2.0.0,158186,52356,508,210542,6321.671956,19100.007640,4749.646151,0,1.00,codable,adapted,1,c4a54cdecc67,473,11
swift,bytes,document,100,33,SwiftCbor,0.0.4,55111,37881,332,92992,18145.197873,26398.458330,10753.613214,0,1.00,codable,adapted,1,c4a54cdecc67,474,12
swift,bytes,document,100,33,IkigaJSON,2.5.3,21436,33943,448,55379,46650.494495,29461.155467,18057.386374,0,1.00,codable,adapted,1,c4a54cdecc67,475,13
swift,bytes,document,100,34,IkigaJSON,2.5.3,15507,25998,448,41505,64487.005868,38464.497269,24093.482713,0,1.00,codable,adapted,1,c4a54cdecc67,476,0
swift,bytes,document,100,34,SwiftCbor,0.0.4,49087,34808,332,83895,20371.992585,28729.027810,11919.661482,0,1.00,codable,adapted,1,c4a54cdecc67,477,1
swift,bytes,document,100,34,Foundation.JSONEncoder,Foundation,22528,33220,448,55748,44389.204545,30102.347983,17937.863242,0,1.00,codable,adapted,1,c4a54cdecc67,478,2
swift,bytes,document,100,34,SwiftAvroCore,2.3.0,112302,30457,114,142759,8904.560916,32833.174640,7004.812306,0,1.00,schema,adapted,1,c4a54cdecc67,479,3
swift,bytes,document,100,34,Yams,5.4.0,247623,194219,429,441842,4038.397079,5148.826840,2263.252475,0,1.00,codable,adapted,1,c4a54cdecc67,480,4
swift,bytes,document,100,34,SwiftBSON,3.1.0,47145,65878,525,113023,21211.157069,15179.574365,8847.756651,0,1.00,document,adapted,1,c4a54cdecc67,481,5
swift,bytes,document,100,34,CapnProto,capnproto-1.0.2,15265,11107,376,26372,65509.335080,90033.312326,37919.005005,0,1.00,message,adapted,1,c4a54cdecc67,482,6
swift,bytes,document,100,34,FlatBuffers,24.3.25,4006,3820,440,7826,249625.561658,261780.104712,127779.197547,0,1.00,archive,adapted,1,c4a54cdecc67,483,7
swift,bytes,document,100,34,XMLCoder,0.18.2,195382,245047,729,440429,5118.178747,4080.849796,2270.513522,0,1.00,codable,adapted,1,c4a54cdecc67,484,8
swift,bytes,document,100,34,SwiftMsgpack,1.2.1,49579,36553,329,86132,20169.829968,27357.535633,11610.086843,0,1.00,codable,adapted,1,c4a54cdecc67,485,9
swift,bytes,document,100,34,Foundation.PropertyListEncoder,Foundation,48355,59306,399,107661,20680.384655,16861.700334,9288.414561,0,1.00,codable,adapted,1,c4a54cdecc67,486,10
swift,bytes,document,100,34,BinaryCodable,4.0.0,47083,35137,337,82220,21239.088418,28460.027891,12162.490878,0,1.00,codable,adapted,1,c4a54cdecc67,487,11
swift,bytes,document,100,34,SwiftProtobuf,1.38.1,4697,4577,155,9274,212901.852246,218483.722963,107828.337287,0,1.00,message,adapted,1,c4a54cdecc67,488,12
swift,bytes,document,100,34,TOML,2.0.0,161672,44611,508,206283,6185.362957,22415.996055,4847.709215,0,1.00,codable,adapted,1,c4a54cdecc67,489,13
swift,bytes,document,100,35,SwiftAvroCore,2.3.0,114296,30798,114,145094,8749.212571,32469.640886,6892.083753,0,1.00,schema,adapted,1,c4a54cdecc67,490,0
swift,bytes,document,100,35,FlatBuffers,24.3.25,3842,3763,440,7605,260281.103592,265745.415892,131492.439185,0,1.00,archive,adapted,1,c4a54cdecc67,491,1
swift,bytes,document,100,35,SwiftBSON,3.1.0,47763,69750,525,117513,20936.708331,14336.917563,8509.696800,0,1.00,document,adapted,1,c4a54cdecc67,492,2
swift,bytes,document,100,35,Yams,5.4.0,248017,186747,429,434764,4031.981679,5354.838364,2300.098444,0,1.00,codable,adapted,1,c4a54cdecc67,493,3
swift,bytes,document,100,35,XMLCoder,0.18.2,200795,237690,729,438485,4980.203690,4207.160587,2280.579723,0,1.00,codable,adapted,1,c4a54cdecc67,494,4
swift,bytes,document,100,35,IkigaJSON,2.5.3,21282,38519,448,59801,46988.065031,25961.213946,16722.128393,0,1.00,codable,adapted,1,c4a54cdecc67,495,5
swift,bytes,document,100,35,SwiftMsgpack,1.2.1,49631,37281,329,86912,20148.697387,26823.314825,11505.891016,0,1.00,codable,adapted,1,c4a54cdecc67,496,6
swift,bytes,document,100,35,SwiftProtobuf,1.38.1,4753,4542,155,9295,210393.435725,220167.327169,107584.722969,0,1.00,message,adapted,1,c4a54cdecc67,497,7
swift,bytes,document,100,35,CapnProto,capnproto-1.0.2,17533,11080,376,28613,57035.304854,90252.707581,34949.148988,0,1.00,message,adapted,1,c4a54cdecc67,498,8
swift,bytes,document,100,35,TOML,2.0.0,162221,42914,508,205135,6164.430006,23302.418791,4874.838521,0,1.00,codable,adapted,1,c4a54cdecc67,499,9
swift,bytes,document,100,35,Foundation.PropertyListEncoder,Foundation,40002,66597,399,106599,24998.750062,15015.691398,9380.951041,0,1.00,codable,adapted,1,c4a54cdecc67,500,10
swift,bytes,document,100,35,Foundation.JSONEncoder,Foundation,22770,32645,448,55415,43917.435222,30632.562414,18045.655508,0,1.00,codable,adapted,1,c4a54cdecc67,501,11
swift,bytes,document,100,35,BinaryCodable,4.0.0,47655,34723,337,82378,20984.156961,28799.354894,12139.163369,0,1.00,codable,adapted,1,c4a54cdecc67,502,12
swift,bytes,document,100,35,SwiftCbor,0.0.4,56611,38626,332,95237,17664.411510,25889.297364,10500.120751,0,1.00,codable,adapted,1,c4a54cdecc67,503,13
swift,bytes,document,100,36,Foundation.PropertyListEncoder,Foundation,36529,52996,399,89525,27375.509869,18869.348630,11170.064228,0,1.00,codable,adapted,1,c4a54cdecc67,504,0
swift,bytes,document,100,36,SwiftBSON,3.1.0,51748,64895,525,116643,19324.418335,15409.507666,8573.167700,0,1.00,document,adapted,1,c4a54cdecc67,505,1
swift,bytes,document,100,36,CapnProto,capnproto-1.0.2,14297,10260,376,24557,69944.743653,97465.886940,40721.586513,0,1.00,message,adapted,1,c4a54cdecc67,506,2
swift,bytes,document,100,36,SwiftAvroCore,2.3.0,117701,31174,114,148875,8496.104536,32078.013729,6717.044500,0,1.00,schema,adapted,1,c4a54cdecc67,507,3
swift,bytes,document,100,36,TOML,2.0.0,153286,42786,508,196072,6523.752985,23372.131071,5100.167285,0,1.00,codable,adapted,1,c4a54cdecc67,508,4
swift,bytes,document,100,36,SwiftCbor,0.0.4,53865,37893,332,91758,18564.930846,26390.098435,10898.232307,0,1.00,codable,adapted,1,c4a54cdecc67,509,5
swift,bytes,document,100,36,XMLCoder,0.18.2,199850,249198,729,449048,5003.752815,4012.873298,2226.933424,0,1.00,codable,adapted,1,c4a54cdecc67,510,6
swift,bytes,document,100,36,FlatBuffers,24.3.25,4263,4387,440,8650,234576.589256,227946.204696,115606.936416,0,1.00,archive,adapted,1,c4a54cdecc67,511,7
swift,bytes,document,100,36,SwiftProtobuf,1.38.1,5067,4887,155,9954,197355.437142,204624.514017,100462.125779,0,1.00,message,adapted,1,c4a54cdecc67,512,8
swift,bytes,document,100,36,Yams,5.4.0,245516,193236,429,438752,4073.054302,5175.019148,2279.191890,0,1.00,codable,adapted,1,c4a54cdecc67,513,9
swift,bytes,document,100,36,BinaryCodable,4.0.0,47757,34842,337,82599,20939.338736,28700.993054,12106.684100,0,1.00,codable,adapted,1,c4a54cdecc67,514,10
swift,bytes,document,100,36,SwiftMsgpack,1.2.1,50744,37163,329,87907,19706.763361,26908.484245,11375.658366,0,1.00,codable,adapted,1,c4a54cdecc67,515,11
swift,bytes,document,100,36,Foundation.JSONEncoder,Foundation,24081,35621,448,59702,41526.514680,28073.327532,16749.857626,0,1.00,codable,adapted,1,c4a54cdecc67,516,12
swift,bytes,document,100,36,IkigaJSON,2.5.3,19789,40542,448,60331,50533.124463,24665.778699,16575.226666,0,1.00,codable,adapted,1,c4a54cdecc67,517,13
swift,bytes,document,100,37,CapnProto,capnproto-1.0.2,15155,10705,376,25860,65984.823491,93414.292387,38669.760247,0,1.00,message,adapted,1,c4a54cdecc67,518,0
swift,bytes,document,100,37,Yams,5.4.0,238569,192455,429,431024,4191.659436,5196.019849,2320.056424,0,1.00,codable,adapted,1,c4a54cdecc67,519,1
swift,bytes,document,100,37,SwiftMsgpack,1.2.1,47907,35402,329,83309,20873.776275,28246.991695,12003.505023,0,1.00,codable,adapted,1,c4a54cdecc67,520,2
swift,bytes,document,100,37,TOML,2.0.0,163741,43980,508,207721,6107.205892,22737.608004,4814.149749,0,1.00,codable,adapted,1,c4a54cdecc67,521,3
swift,bytes,document,100,37,SwiftCbor,0.0.4,54034,38343,332,92377,18506.866047,26080.379730,10825.205408,0,1.00,codable,adapted,1,c4a54cdecc67,522,4
swift,bytes,document,100,37,SwiftBSON,3.1.0,55279,66693,525,121972,18090.052280,14994.077339,8198.602958,0,1.00,document,adapted,1,c4a54cdecc67,523,5
swift,bytes,document,100,37,IkigaJSON,2.5.3,19689,32868,448,52557,50789.781096,30424.729220,19026.961204,0,1.00,codable,adapted,1,c4a54cdecc67,524,6
swift,bytes,document,100,37,Foundation.PropertyListEncoder,Foundation,39345,60492,399,99837,25416.190113,16531.111552,10016.326612,0,1.00,codable,adapted,1,c4a54cdecc67,525,7
swift,bytes,document,100,37,SwiftAvroCore,2.3.0,124404,30694,114,155098,8038.326742,32579.657262,6447.536396,0,1.00,schema,adapted,1,c4a54cdecc67,526,8
swift,bytes,document,100,37,BinaryCodable,4.0.0,45232,32765,337,77997,22108.241953,30520.372349,12821.005936,0,1.00,codable,adapted,1,c4a54cdecc67,527,9
swift,bytes,document,100,37,FlatBuffers,24.3.25,3926,3900,440,7826,254712.175242,256410.256410,127779.197547,0,1.00,archive,adapted,1,c4a54cdecc67,528,10
swift,bytes,document,100,37,SwiftProtobuf,1.38.1,4702,4396,155,9098,212675.457252,227479.526843,109914.266872,0,1.00,message,adapted,1,c4a54cdecc67,529,11
swift,bytes,document,100,37,XMLCoder,0.18.2,194080,244256,729,438336,5152.514427,4094.065243,2281.354942,0,1.00,codable,adapted,1,c4a54cdecc67,530,12
swift,bytes,document,100,37,Foundation.JSONEncoder,Foundation,23103,33591,448,56694,43284.421937,29769.878837,17638.550817,0,1.00,codable,adapted,1,c4a54cdecc67,531,13
swift,bytes,document,100,38,TOML,2.0.0,156817,43527,508,200344,6376.859652,22974.245870,4991.414767,0,1.00,codable,adapted,1,c4a54cdecc67,532,0
swift,bytes,document,100,38,Yams,5.4.0,236866,184365,429,421231,4221.796290,5424.022998,2373.994317,0,1.00,codable,adapted,1,c4a54cdecc67,533,1
swift,bytes,document,100,38,Foundation.PropertyListEncoder,Foundation,36659,57067,399,93726,27278.430945,17523.262130,10669.398033,0,1.00,codable,adapted,1,c4a54cdecc67,534,2
swift,bytes,document,100,38,XMLCoder,0.18.2,194607,228949,729,423556,5138.561306,4367.784965,2360.962895,0,1.00,codable,adapted,1,c4a54cdecc67,535,3
swift,bytes,document,100,38,SwiftCbor,0.0.4,54538,37589,332,92127,18335.839231,26603.527628,10854.581176,0,1.00,codable,adapted,1,c4a54cdecc67,536,4
swift,bytes,document,100,38,CapnProto,capnproto-1.0.2,21889,11860,376,33749,45685.047284,84317.032040,29630.507571,0,1.00,message,adapted,1,c4a54cdecc67,537,5
swift,bytes,document,100,38,SwiftAvroCore,2.3.0,116875,30319,114,147194,8556.149733,32982.618160,6793.755180,0,1.00,schema,adapted,1,c4a54cdecc67,538,6
swift,bytes,document,100,38,BinaryCodable,4.0.0,47123,34304,337,81427,21221.059780,29151.119403,12280.938755,0,1.00,codable,adapted,1,c4a54cdecc67,539,7
swift,bytes,document,100,38,Foundation.JSONEncoder,Foundation,22546,31245,448,53791,44353.765635,32005.120819,18590.470525,0,1.00,codable,adapted,1,c4a54cdecc67,540,8
swift,bytes,document,100,38,SwiftProtobuf,1.38.1,4781,4461,155,9242,209161.263334,224164.985429,108201.687946,0,1.00,message,adapted,1,c4a54cdecc67,541,9
swift,bytes,document,100,38,FlatBuffers,24.3.25,4171,3873,440,8044,239750.659314,258197.779499,124316.260567,0,1.00,archive,adapted,1,c4a54cdecc67,542,10
swift,bytes,document,100,38,IkigaJSON,2.5.3,23609,34895,448,58504,42356.728366,28657.400774,17092.848352,0,1.00,codable,adapted,1,c4a54cdecc67,543,11
swift,bytes,document,100,38,SwiftBSON,3.1.0,46466,66915,525,113381,21521.112211,14944.332362,8819.819899,0,1.00,document,adapted,1,c4a54cdecc67,544,12
swift,bytes,document,100,38,SwiftMsgpack,1.2.1,50125,37530,329,87655,19950.124688,26645.350386,11408.362330,0,1.00,codable,adapted,1,c4a54cdecc67,545,13
swift,bytes,document,100,39,BinaryCodable,4.0.0,44222,32092,337,76314,22613.178961,31160.413810,13103.755536,0,1.00,codable,adapted,1,c4a54cdecc67,546,0
swift,bytes,document,100,39,FlatBuffers,24.3.25,3358,3483,440,6841,297796.307326,287108.814241,146177.459436,0,1.00,archive,adapted,1,c4a54cdecc67,547,1
swift,bytes,document,100,39,SwiftBSON,3.1.0,43318,59103,525,102421,23085.091648,16919.614910,9763.622695,0,1.00,document,adapted,1,c4a54cdecc67,548,2
swift,bytes,document,100,39,TOML,2.0.0,158415,43585,508,202000,6312.533535,22943.673282,4950.495050,0,1.00,codable,adapted,1,c4a54cdecc67,549,3
swift,bytes,document,100,39,SwiftMsgpack,1.2.1,44246,33260,329,77506,22600.913077,30066.145520,12902.226924,0,1.00,codable,adapted,1,c4a54cdecc67,550,4
swift,bytes,document,100,39,SwiftCbor,0.0.4,51226,36296,332,87522,19521.336821,27551.245316,11425.698681,0,1.00,codable,adapted,1,c4a54cdecc67,551,5
swift,bytes,document,100,39,IkigaJSON,2.5.3,25320,31926,448,57246,39494.470774,31322.433127,17468.469413,0,1.00,codable,adapted,1,c4a54cdecc67,552,6
swift,bytes,document,100,39,SwiftAvroCore,2.3.0,112295,30349,114,142644,8905.115989,32950.014828,7010.459606,0,1.00,schema,adapted,1,c4a54cdecc67,553,7
swift,bytes,document,100,39,CapnProto,capnproto-1.0.2,14761,10434,376,25195,67746.087663,95840.521372,39690.414765,0,1.00,message,adapted,1,c4a54cdecc67,554,8
swift,bytes,document,100,39,Yams,5.4.0,247902,191430,429,439332,4033.852087,5223.841613,2276.182932,0,1.00,codable,adapted,1,c4a54cdecc67,555,9
swift,bytes,document,100,39,Foundation.PropertyListEncoder,Foundation,39448,59601,399,99049,25349.827621,16778.241976,10096.013084,0,1.00,codable,adapted,1,c4a54cdecc67,556,10
swift,bytes,document,100,39,Foundation.JSONEncoder,Foundation,22625,32095,448,54720,44198.895028,31157.501168,18274.853801,0,1.00,codable,adapted,1,c4a54cdecc67,557,11
swift,bytes,document,100,39,SwiftProtobuf,1.38.1,4866,4534,155,9400,205507.603781,220555.800618,106382.978723,0,1.00,message,adapted,1,c4a54cdecc67,558,12
swift,bytes,document,100,39,XMLCoder,0.18.2,201397,241945,729,443342,4965.317259,4133.170762,2255.595003,0,1.00,codable,adapted,1,c4a54cdecc67,559,13
swift,bytes,document,100,40,SwiftProtobuf,1.38.1,3355,3673,155,7028,298062.593145,272257.010618,142287.990894,0,1.00,message,adapted,1,c4a54cdecc67,560,0
swift,bytes,document,100,40,Yams,5.4.0,241184,185377,429,426561,4146.212021,5394.412468,2344.330588,0,1.00,codable,adapted,1,c4a54cdecc67,561,1
swift,bytes,document,100,40,IkigaJSON,2.5.3,25850,34369,448,60219,38684.719536,29095.987663,16606.054567,0,1.00,codable,adapted,1,c4a54cdecc67,562,2
swift,bytes,document,100,40,Foundation.PropertyListEncoder,Foundation,41266,57232,399,98498,24233.024766,17472.742522,10152.490406,0,1.00,codable,adapted,1,c4a54cdecc67,563,3
swift,bytes,document,100,40,BinaryCodable,4.0.0,48581,34568,337,83149,20584.179000,28928.488776,12026.602845,0,1.00,codable,adapted,1,c4a54cdecc67,564,4
swift,bytes,document,100,40,FlatBuffers,24.3.25,4257,4253,440,8510,234907.211651,235128.144839,117508.813161,0,1.00,archive,adapted,1,c4a54cdecc67,565,5
swift,bytes,document,100,40,SwiftCbor,0.0.4,55932,38358,332,94290,17878.852893,26070.180927,10605.578534,0,1.00,codable,adapted,1,c4a54cdecc67,566,6
swift,bytes,document,100,40,SwiftBSON,3.1.0,48136,65757,525,113893,20774.472328,15207.506425,8780.170862,0,1.00,document,adapted,1,c4a54cdecc67,567,7
swift,bytes,document,100,40,Foundation.JSONEncoder,Foundation,22832,32189,448,55021,43798.177996,31066.513405,18174.878683,0,1.00,codable,adapted,1,c4a54cdecc67,568,8
swift,bytes,document,100,40,XMLCoder,0.18.2,194321,237221,729,431542,5146.124197,4215.478394,2317.271552,0,1.00,codable,adapted,1,c4a54cdecc67,569,9
swift,bytes,document,100,40,CapnProto,capnproto-1.0.2,17944,11402,376,29346,55728.934463,87703.911594,34076.194371,0,1.00,message,adapted,1,c4a54cdecc67,570,10
swift,bytes,document,100,40,TOML,2.0.0,164347,44227,508,208574,6084.686669,22610.622470,4794.461438,0,1.00,codable,adapted,1,c4a54cdecc67,571,11
swift,bytes,document,100,40,SwiftAvroCore,2.3.0,115622,31896,114,147518,8648.873052,31351.893654,6778.833769,0,1.00,schema,adapted,1,c4a54cdecc67,572,12
swift,bytes,document,100,40,SwiftMsgpack,1.2.1,51091,36842,329,87933,19572.918909,27142.934694,11372.294815,0,1.00,codable,adapted,1,c4a54cdecc67,573,13
swift,bytes,document,100,41,SwiftBSON,3.1.0,47935,64924,525,112859,20861.583394,15402.624607,8860.613686,0,1.00,document,adapted,1,c4a54cdecc67,574,0
swift,bytes,document,100,41,SwiftMsgpack,1.2.1,44261,33788,329,78049,22593.253654,29596.306381,12812.463965,0,1.00,codable,adapted,1,c4a54cdecc67,575,1
swift,bytes,document,100,41,FlatBuffers,24.3.25,3839,3864,440,7703,260484.501172,258799.171843,129819.550824,0,1.00,archive,adapted,1,c4a54cdecc67,576,2
swift,bytes,document,100,41,SwiftAvroCore,2.3.0,108868,29216,114,138084,9185.435573,34227.820372,7241.968657,0,1.00,schema,adapted,1,c4a54cdecc67,577,3
swift,bytes,document,100,41,XMLCoder,0.18.2,202907,237918,729,440825,4928.366197,4203.128809,2268.473884,0,1.00,codable,adapted,1,c4a54cdecc67,578,4
swift,bytes,document,100,41,Foundation.PropertyListEncoder,Foundation,40750,58491,399,99241,24539.877301,17096.647347,10076.480487,0,1.00,codable,adapted,1,c4a54cdecc67,579,5
swift,bytes,document,100,41,TOML,2.0.0,159006,44237,508,203243,6289.070853,22605.511224,4920.218655,0,1.00,codable,adapted,1,c4a54cdecc67,580,6
swift,bytes,document,100,41,Yams,5.4.0,245710,195235,429,440945,4069.838427,5122.032422,2267.856535,0,1.00,codable,adapted,1,c4a54cdecc67,581,7
swift,bytes,document,100,41,IkigaJSON,2.5.3,20358,34332,448,54690,49120.738776,29127.344751,18284.878406,0,1.00,codable,adapted,1,c4a54cdecc67,582,8
swift,bytes,document,100,41,SwiftCbor,0.0.4,56548,38534,332,95082,17684.091391,25951.108112,10517.237753,0,1.00,codable,adapted,1,c4a54cdecc67,583,9
swift,bytes,document,100,41,SwiftProtobuf,1.38.1,4837,4495,155,9332,206739.714699,222469.410456,107158.165452,0,1.00,message,adapted,1,c4a54cdecc67,584,10
swift,bytes,document,100,41,BinaryCodable,4.0.0,48558,34684,337,83242,20593.928910,28831.737977,12013.166430,0,1.00,codable,adapted,1,c4a54cdecc67,585,11
swift,bytes,document,100,41,CapnProto,capnproto-1.0.2,17455,10824,376,28279,57290.174735,92387.287509,35361.929347,0,1.00,message,adapted,1,c4a54cdecc67,586,12
swift,bytes,document,100,41,Foundation.JSONEncoder,Foundation,23424,32697,448,56121,42691.256831,30583.845613,17818.641863,0,1.00,codable,adapted,1,c4a54cdecc67,587,13
swift,bytes,document,100,42,SwiftCbor,0.0.4,51974,37071,332,89045,19240.389425,26975.263683,11230.276826,0,1.00,codable,adapted,1,c4a54cdecc67,588,0
swift,bytes,document,100,42,TOML,2.0.0,160504,48877,508,209381,6230.374321,20459.520838,4775.982539,0,1.00,codable,adapted,1,c4a54cdecc67,589,1
swift,bytes,document,100,42,SwiftBSON,3.1.0,49034,67549,525,116583,20394.012318,14804.068158,8577.579922,0,1.00,document,adapted,1,c4a54cdecc67,590,2
swift,bytes,document,100,42,IkigaJSON,2.5.3,19636,33510,448,53146,50926.869016,29841.838257,18816.091521,0,1.00,codable,adapted,1,c4a54cdecc67,591,3
swift,bytes,document,100,42,Foundation.JSONEncoder,Foundation,20493,29310,448,49803,48797.150246,34118.048448,20079.111700,0,1.00,codable,adapted,1,c4a54cdecc67,592,4
swift,bytes,document,100,42,BinaryCodable,4.0.0,45752,33867,337,79619,21856.968001,29527.268432,12559.816124,0,1.00,codable,adapted,1,c4a54cdecc67,593,5
swift,bytes,document,100,42,XMLCoder,0.18.2,195379,240273,729,435652,5118.257336,4161.932468,2295.410098,0,1.00,codable,adapted,1,c4a54cdecc67,594,6
swift,bytes,document,100,42,Foundation.PropertyListEncoder,Foundation,40505,58912,399,99417,24688.310085,16974.470397,10058.641882,0,1.00,codable,adapted,1,c4a54cdecc67,595,7
swift,bytes,document,100,42,SwiftProtobuf,1.38.1,4750,4529,155,9279,210526.315789,220799.293442,107770.233861,0,1.00,message,adapted,1,c4a54cdecc67,596,8
swift,bytes,document,100,42,SwiftAvroCore,2.3.0,119840,31535,114,151375,8344.459279,31710.797527,6606.110652,0,1.00,schema,adapted,1,c4a54cdecc67,597,9
swift,bytes,document,100,42,CapnProto,capnproto-1.0.2,16376,10596,376,26972,61064.973131,94375.235938,37075.485689,0,1.00,message,adapted,1,c4a54cdecc67,598,10
swift,bytes,document,100,42,Yams,5.4.0,245775,190459,429,436234,4068.762079,5250.473855,2292.347685,0,1.00,codable,adapted,1,c4a54cdecc67,599,11
swift,bytes,document,100,42,FlatBuffers,24.3.25,4198,3929,440,8127,238208.670796,254517.688979,123046.634675,0,1.00,archive,adapted,1,c4a54cdecc67,600,12
swift,bytes,document,100,42,SwiftMsgpack,1.2.1,50721,46934,329,97655,19715.699612,21306.515532,10240.131074,0,1.00,codable,adapted,1,c4a54cdecc67,601,13
swift,bytes,document,100,43,TOML,2.0.0,166436,44811,508,211247,6008.315509,22315.949209,4733.795036,0,1.00,codable,adapted,1,c4a54cdecc67,602,0
swift,bytes,document,100,43,CapnProto,capnproto-1.0.2,15396,9414,376,24810,64951.935568,106224.771617,40306.328094,0,1.00,message,adapted,1,c4a54cdecc67,603,1
swift,bytes,document,100,43,XMLCoder,0.18.2,195550,238268,729,433818,5113.781642,4196.954690,2305.114126,0,1.00,codable,adapted,1,c4a54cdecc67,604,2
swift,bytes,document,100,43,Foundation.PropertyListEncoder,Foundation,39787,59634,399,99421,25133.837686,16768.957306,10058.237193,0,1.00,codable,adapted,1,c4a54cdecc67,605,3
swift,bytes,document,100,43,BinaryCodable,4.0.0,48425,35659,337,84084,20650.490449,28043.411201,11892.869036,0,1.00,codable,adapted,1,c4a54cdecc67,606,4
swift,bytes,document,100,43,SwiftAvroCore,2.3.0,118688,30873,114,149561,8425.451604,32390.762155,6686.235048,0,1.00,schema,adapted,1,c4a54cdecc67,607,5
swift,bytes,document,100,43,Yams,5.4.0,244438,185272,429,429710,4091.016945,5397.469666,2327.150869,0,1.00,codable,adapted,1,c4a54cdecc67,608,6
swift,bytes,document,100,43,FlatBuffers,24.3.25,3905,3919,440,7824,256081.946223,255167.134473,127811.860941,0,1.00,archive,adapted,1,c4a54cdecc67,609,7
swift,bytes,document,100,43,SwiftCbor,0.0.4,56614,40037,332,96651,17663.475465,24976.896371,10346.504433,0,1.00,codable,adapted,1,c4a54cdecc67,610,8
swift,bytes,document,100,43,SwiftProtobuf,1.38.1,5052,4547,155,9599,197941.409343,219925.225423,104177.518492,0,1.00,message,adapted,1,c4a54cdecc67,611,9
swift,bytes,document,100,43,SwiftBSON,3.1.0,49522,66448,525,115970,20193.045515,15049.361907,8622.919721,0,1.00,document,adapted,1,c4a54cdecc67,612,10
swift,bytes,document,100,43,IkigaJSON,2.5.3,20631,34513,448,55144,48470.747904,28974.589285,18134.339185,0,1.00,codable,adapted,1,c4a54cdecc67,613,11
swift,bytes,document,100,43,SwiftMsgpack,1.2.1,49606,36633,329,86239,20158.851752,27297.791609,11595.681768,0,1.00,codable,adapted,1,c4a54cdecc67,614,12
swift,bytes,document,100,43,Foundation.JSONEncoder,Foundation,23845,39170,448,63015,41937.513105,25529.742150,15869.237483,0,1.00,codable,adapted,1,c4a54cdecc67,615,13
swift,bytes,document,100,44,FlatBuffers,24.3.25,3555,3944,440,7499,281293.952180,253549.695740,133351.113482,0,1.00,archive,adapted,1,c4a54cdecc67,616,0
swift,bytes,document,100,44,XMLCoder,0.18.2,195437,241652,729,437089,5116.738386,4138.182179,2287.863570,0,1.00,codable,adapted,1,c4a54cdecc67,617,1
swift,bytes,document,100,44,SwiftAvroCore,2.3.0,125650,30377,114,156027,7958.615201,32919.643151,6409.147135,0,1.00,schema,adapted,1,c4a54cdecc67,618,2
swift,bytes,document,100,44,CapnProto,capnproto-1.0.2,17510,11021,376,28531,57110.222730,90735.867889,35049.595177,0,1.00,message,adapted,1,c4a54cdecc67,619,3
swift,bytes,document,100,44,TOML,2.0.0,160461,45097,508,205558,6232.043923,22174.424019,4864.807013,0,1.00,codable,adapted,1,c4a54cdecc67,620,4
swift,bytes,document,100,44,IkigaJSON,2.5.3,24447,33984,448,58431,40904.814497,29425.612053,17114.203077,0,1.00,codable,adapted,1,c4a54cdecc67,621,5
swift,bytes,document,100,44,SwiftBSON,3.1.0,46241,64340,525,110581,21625.829891,15542.430836,9043.144844,0,1.00,document,adapted,1,c4a54cdecc67,622,6
swift,bytes,document,100,44,Foundation.PropertyListEncoder,Foundation,39969,59837,399,99806,25019.390027,16712.067784,10019.437709,0,1.00,codable,adapted,1,c4a54cdecc67,623,7
swift,bytes,document,100,44,Foundation.JSONEncoder,Foundation,22161,31454,448,53615,45124.317495,31792.458829,18651.496783,0,1.00,codable,adapted,1,c4a54cdecc67,624,8
swift,bytes,document,100,44,BinaryCodable,4.0.0,47703,35003,337,82706,20963.042157,28568.979802,12091.021208,0,1.00,codable,adapted,1,c4a54cdecc67,625,9
swift,bytes,document,100,44,SwiftCbor,0.0.4,56547,39544,332,96091,17684.404124,25288.286466,10406.801886,0,1.00,codable,adapted,1,c4a54cdecc67,626,10
swift,bytes,document,100,44,SwiftProtobuf,1.38.1,4743,4426,155,9169,210837.022981,225937.641211,109063.147562,0,1.00,message,adapted,1,c4a54cdecc67,627,11
swift,bytes,document,100,44,Yams,5.4.0,253357,191443,429,444800,3946.999688,5223.486886,2248.201439,0,1.00,codable,adapted,1,c4a54cdecc67,628,12
swift,bytes,document,100,44,SwiftMsgpack,1.2.1,50413,36640,329,87053,19836.153373,27292.576419,11487.254891,0,1.00,codable,adapted,1,c4a54cdecc67,629,13
swift,bytes,document,100,45,BinaryCodable,4.0.0,45421,33395,337,78816,22016.247991,29944.602485,12687.779131,0,1.00,codable,adapted,1,c4a54cdecc67,630,0
swift,bytes,document,100,45,SwiftProtobuf,1.38.1,3871,3953,155,7824,258331.180573,252972.426006,127811.860941,0,1.00,message,adapted,1,c4a54cdecc67,631,1
swift,bytes,document,100,45,Foundation.JSONEncoder,Foundation,22042,33957,448,55999,45367.933944,29449.009041,17857.461740,0,1.00,codable,adapted,1,c4a54cdecc67,632,2
swift,bytes,document,100,45,XMLCoder,0.18.2,195001,242500,729,437501,5128.178830,4123.711340,2285.709061,0,1.00,codable,adapted,1,c4a54cdecc67,633,3
swift,bytes,document,100,45,SwiftMsgpack,1.2.1,46901,35693,329,82594,21321.507004,28016.697952,12107.417004,0,1.00,codable,adapted,1,c4a54cdecc67,634,4
swift,bytes,document,100,45,IkigaJSON,2.5.3,26898,34554,448,61452,37177.485315,28940.209527,16272.863373,0,1.00,codable,adapted,1,c4a54cdecc67,635,5
swift,bytes,document,100,45,SwiftBSON,3.1.0,45393,65664,525,111057,22029.828388,15229.044834,9004.385136,0,1.00,document,adapted,1,c4a54cdecc67,636,6
swift,bytes,document,100,45,CapnProto,capnproto-1.0.2,15709,10764,376,26473,63657.775797,92902.266815,37774.336116,0,1.00,message,adapted,1,c4a54cdecc67,637,7
swift,bytes,document,100,45,Yams,5.4.0,241876,191933,429,433809,4134.349832,5210.151459,2305.161949,0,1.00,codable,adapted,1,c4a54cdecc67,638,8
swift,bytes,document,100,45,TOML,2.0.0,164050,46070,508,210120,6095.702530,21706.099414,4759.185227,0,1.00,codable,adapted,1,c4a54cdecc67,639,9
swift,bytes,document,100,45,SwiftAvroCore,2.3.0,122053,31813,114,153866,8193.161987,31433.690630,6499.161608,0,1.00,schema,adapted,1,c4a54cdecc67,640,10
swift,bytes,document,100,45,FlatBuffers,24.3.25,4077,3953,440,8030,245278.390974,252972.426006,124533.001245,0,1.00,archive,adapted,1,c4a54cdecc67,641,11
swift,bytes,document,100,45,SwiftCbor,0.0.4,57707,38299,332,96006,17328.920235,26110.342307,10416.015666,0,1.00,codable,adapted,1,c4a54cdecc67,642,12
swift,bytes,document,100,45,Foundation.PropertyListEncoder,Foundation,40962,59451,399,100413,24412.870465,16820.574927,9958.869867,0,1.00,codable,adapted,1,c4a54cdecc67,643,13
swift,bytes,document,100,46,SwiftMsgpack,1.2.1,47874,35968,329,83842,20888.164766,27802.491103,11927.196393,0,1.00,codable,adapted,1,c4a54cdecc67,644,0
swift,bytes,document,100,46,IkigaJSON,2.5.3,21776,34224,448,56000,45922.116091,29219.261337,17857.142857,0,1.00,codable,adapted,1,c4a54cdecc67,645,1
swift,bytes,document,100,46,Yams,5.4.0,240752,190574,429,431326,4153.651891,5247.305509,2318.431998,0,1.00,codable,adapted,1,c4a54cdecc67,646,2
swift,bytes,document,100,46,Foundation.PropertyListEncoder,Foundation,36122,53288,399,89410,27683.959914,18765.951058,11184.431272,0,1.00,codable,adapted,1,c4a54cdecc67,647,3
swift,bytes,document,100,46,CapnProto,capnproto-1.0.2,15719,10607,376,26326,63617.278453,94277.364005,37985.261718,0,1.00,message,adapted,1,c4a54cdecc67,648,4
swift,bytes,document,100,46,FlatBuffers,24.3.25,3850,4103,440,7953,259740.259740,243724.104314,125738.714950,0,1.00,archive,adapted,1,c4a54cdecc67,649,5
swift,bytes,document,100,46,SwiftBSON,3.1.0,46646,65925,525,112571,21438.065429,15168.752370,8883.282551,0,1.00,document,adapted,1,c4a54cdecc67,650,6
swift,bytes,document,100,46,XMLCoder,0.18.2,195909,240113,729,436022,5104.410721,4164.705784,2293.462256,0,1.00,codable,adapted,1,c4a54cdecc67,651,7
swift,bytes,document,100,46,SwiftAvroCore,2.3.0,116790,30281,114,147071,8562.376916,33024.008454,6799.437007,0,1.00,schema,adapted,1,c4a54cdecc67,652,8
swift,bytes,document,100,46,BinaryCodable,4.0.0,52284,34251,337,86535,19126.310152,29196.227847,11556.017796,0,1.00,codable,adapted,1,c4a54cdecc67,653,9
swift,bytes,document,100,46,SwiftProtobuf,1.38.1,4586,4469,155,9055,218054.949847,223763.705527,110436.223081,0,1.00,message,adapted,1,c4a54cdecc67,654,10
swift,bytes,document,100,46,SwiftCbor,0.0.4,54576,37503,332,92079,18323.072413,26664.533504,10860.239577,0,1.00,codable,adapted,1,c4a54cdecc67,655,11
swift,bytes,document,100,46,Foundation.JSONEncoder,Foundation,23190,34281,448,57471,43122.035360,29170.677635,17400.080040,0,1.00,codable,adapted,1,c4a54cdecc67,656,12
swift,bytes,document,100,46,TOML,2.0.0,156316,43251,508,199567,6397.297781,23120.852697,5010.848487,0,1.00,codable,adapted,1,c4a54cdecc67,657,13
swift,bytes,document,100,47,SwiftMsgpack,1.2.1,47754,35306,329,83060,20940.654186,28323.797655,12039.489526,0,1.00,codable,adapted,1,c4a54cdecc67,658,0
swift,bytes,document,100,47,Foundation.JSONEncoder,Foundation,19663,30663,448,50326,50856.939429,32612.594984,19870.444701,0,1.00,codable,adapted,1,c4a54cdecc67,659,1
swift,bytes,document,100,47,TOML,2.0.0,147119,37985,508,185104,6797.218578,26326.181387,5402.368398,0,1.00,codable,adapted,1,c4a54cdecc67,660,2
swift,bytes,document,100,47,CapnProto,capnproto-1.0.2,15627,10926,376,26553,63991.809048,91524.803222,37660.528001,0,1.00,message,adapted,1,c4a54cdecc67,661,3
swift,bytes,document,100,47,Yams,5.4.0,242221,182001,429,424222,4128.461199,5494.475305,2357.256342,0,1.00,codable,adapted,1,c4a54cdecc67,662,4
swift,bytes,document,100,47,Foundation.PropertyListEncoder,Foundation,37860,57470,399,95330,26413.100898,17400.382808,10489.877268,0,1.00,codable,adapted,1,c4a54cdecc67,663,5
swift,bytes,document,100,47,SwiftCbor,0.0.4,54819,36911,332,91730,18241.850453,27092.194739,10901.558923,0,1.00,codable,adapted,1,c4a54cdecc67,664,6
swift,bytes,document,100,47,FlatBuffers,24.3.25,4059,4045,440,8104,246366.100025,247218.788628,123395.853899,0,1.00,archive,adapted,1,c4a54cdecc67,665,7
swift,bytes,document,100,47,SwiftProtobuf,1.38.1,4518,4360,155,8878,221336.874723,229357.798165,112637.981527,0,1.00,message,adapted,1,c4a54cdecc67,666,8
swift,bytes,document,100,47,SwiftBSON,3.1.0,47305,64606,525,111911,21139.414438,15478.438535,8935.672097,0,1.00,document,adapted,1,c4a54cdecc67,667,9
swift,bytes,document,100,47,IkigaJSON,2.5.3,19432,32834,448,52266,51461.506793,30456.234391,19132.897103,0,1.00,codable,adapted,1,c4a54cdecc67,668,10
swift,bytes,document,100,47,SwiftAvroCore,2.3.0,120232,29785,114,150017,8317.253310,33573.946617,6665.911197,0,1.00,schema,adapted,1,c4a54cdecc67,669,11
swift,bytes,document,100,47,XMLCoder,0.18.2,191594,237116,729,428710,5219.370126,4217.345097,2332.579133,0,1.00,codable,adapted,1,c4a54cdecc67,670,12
swift,bytes,document,100,47,BinaryCodable,4.0.0,46822,34282,337,81104,21357.481526,29169.826731,12329.848096,0,1.00,codable,adapted,1,c4a54cdecc67,671,13
swift,bytes,document,100,48,SwiftMsgpack,1.2.1,47985,35409,329,83394,20839.845785,28241.407552,11991.270355,0,1.00,codable,adapted,1,c4a54cdecc67,672,0
swift,bytes,document,100,48,SwiftAvroCore,2.3.0,111386,29310,114,140696,8977.788950,34118.048448,7107.522602,0,1.00,schema,adapted,1,c4a54cdecc67,673,1
swift,bytes,document,100,48,IkigaJSON,2.5.3,21885,32989,448,54874,45693.397304,30313.134681,18223.566716,0,1.00,codable,adapted,1,c4a54cdecc67,674,2
swift,bytes,document,100,48,Foundation.JSONEncoder,Foundation,23042,36164,448,59206,43399.010503,27651.808428,16890.180049,0,1.00,codable,adapted,1,c4a54cdecc67,675,3
swift,bytes,document,100,48,XMLCoder,0.18.2,189129,226721,729,415850,5287.396433,4410.707433,2404.713238,0,1.00,codable,adapted,1,c4a54cdecc67,676,4
swift,bytes,document,100,48,BinaryCodable,4.0.0,44238,33150,337,77388,22605.000226,30165.912519,12921.900036,0,1.00,codable,adapted,1,c4a54cdecc67,677,5
swift,bytes,document,100,48,FlatBuffers,24.3.25,3894,4070,440,7964,256805.341551,245700.245700,125565.042692,0,1.00,archive,adapted,1,c4a54cdecc67,678,6
swift,bytes,document,100,48,Yams,5.4.0,239674,190565,429,430239,4172.334087,5247.553328,2324.289523,0,1.00,codable,adapted,1,c4a54cdecc67,679,7
swift,bytes,document,100,48,TOML,2.0.0,157438,43843,508,201281,6351.706704,22808.658167,4968.178815,0,1.00,codable,adapted,1,c4a54cdecc67,680,8
swift,bytes,document,100,48,SwiftCbor,0.0.4,55043,37241,332,92284,18167.614411,26852.125346,10836.114603,0,1.00,codable,adapted,1,c4a54cdecc67,681,9
swift,bytes,document,100,48,Foundation.PropertyListEncoder,Foundation,39515,57481,399,96996,25306.845502,17397.052939,10309.703493,0,1.00,codable,adapted,1,c4a54cdecc67,682,10
swift,bytes,document,100,48,SwiftBSON,3.1.0,46798,64300,525,111098,21368.434548,15552.099533,9001.062125,0,1.00,document,adapted,1,c4a54cdecc67,683,11
swift,bytes,document,100,48,SwiftProtobuf,1.38.1,4727,4426,155,9153,211550.666385,225937.641211,109253.796569,0,1.00,message,adapted,1,c4a54cdecc67,684,12
swift,bytes,document,100,48,CapnProto,capnproto-1.0.2,15986,11114,376,27100,62554.735393,89976.606082,36900.369004,0,1.00,message,adapted,1,c4a54cdecc67,685,13
swift,bytes,document,100,49,SwiftAvroCore,2.3.0,116590,30076,114,146666,8577.064928,33249.102274,6818.212810,0,1.00,schema,adapted,1,c4a54cdecc67,686,0
swift,bytes,document,100,49,SwiftCbor,0.0.4,51909,37715,332,89624,19264.482074,26514.649344,11157.725609,0,1.00,codable,adapted,1,c4a54cdecc67,687,1
swift,bytes,document,100,49,Foundation.JSONEncoder,Foundation,26837,32543,448,59380,37261.989045,30728.574501,16840.687100,0,1.00,codable,adapted,1,c4a54cdecc67,688,2
swift,bytes,document,100,49,BinaryCodable,4.0.0,46156,34376,337,80532,21665.655603,29090.062835,12417.424130,0,1.00,codable,adapted,1,c4a54cdecc67,689,3
swift,bytes,document,100,49,TOML,2.0.0,155689,43692,508,199381,6423.061360,22887.485123,5015.523044,0,1.00,codable,adapted,1,c4a54cdecc67,690,4
swift,bytes,document,100,49,SwiftMsgpack,1.2.1,48813,35692,329,84505,20486.345850,28017.482909,11833.619312,0,1.00,codable,adapted,1,c4a54cdecc67,691,5
swift,bytes,document,100,49,FlatBuffers,24.3.25,4120,4284,440,8404,242718.446602,233426.704015,118990.956687,0,1.00,archive,adapted,1,c4a54cdecc67,692,6
swift,bytes,document,100,49,SwiftProtobuf,1.38.1,4361,4405,155,8766,229305.205228,227014.755959,114077.116131,0,1.00,message,adapted,1,c4a54cdecc67,693,7
swift,bytes,document,100,49,IkigaJSON,2.5.3,22718,34356,448,57074,44017.959327,29106.997322,17521.112941,0,1.00,codable,adapted,1,c4a54cdecc67,694,8
swift,bytes,document,100,49,Yams,5.4.0,243155,195132,429,438287,4112.603072,5124.736076,2281.609995,0,1.00,codable,adapted,1,c4a54cdecc67,695,9
swift,bytes,document,100,49,SwiftBSON,3.1.0,47333,66655,525,113988,21126.909344,15002.625459,8772.853283,0,1.00,document,adapted,1,c4a54cdecc67,696,10
swift,bytes,document,100,49,XMLCoder,0.18.2,195398,245245,729,440643,5117.759650,4077.555098,2269.410838,0,1.00,codable,adapted,1,c4a54cdecc67,697,11
swift,bytes,document,100,49,Foundation.PropertyListEncoder,Foundation,42317,62010,399,104327,23631.164780,16126.431221,9585.246389,0,1.00,codable,adapted,1,c4a54cdecc67,698,12
swift,bytes,document,100,49,CapnProto,capnproto-1.0.2,20051,12570,376,32621,49872.824298,79554.494829,30655.099476,0,1.00,message,adapted,1,c4a54cdecc67,699,13
swift,bytes,document,100,50,IkigaJSON,2.5.3,20088,34638,448,54726,49780.963759,28870.027138,18272.850199,0,1.00,codable,adapted,1,c4a54cdecc67,700,0
swift,bytes,document,100,50,SwiftBSON,3.1.0,44599,70351,525,114950,22422.027400,14214.439027,8699.434537,0,1.00,document,adapted,1,c4a54cdecc67,701,1
swift,bytes,document,100,50,Yams,5.4.0,243479,191458,429,434937,4107.130389,5223.077646,2299.183560,0,1.00,codable,adapted,1,c4a54cdecc67,702,2
swift,bytes,document,100,50,TOML,2.0.0,167467,48354,508,215821,5971.325694,20680.812342,4633.469403,0,1.00,codable,adapted,1,c4a54cdecc67,703,3
swift,bytes,document,100,50,SwiftProtobuf,1.38.1,6190,5993,155,12183,161550.888530,166861.338228,82081.589100,0,1.00,message,adapted,1,c4a54cdecc67,704,4
swift,bytes,document,100,50,XMLCoder,0.18.2,203319,247525,729,450844,4918.379492,4039.995960,2218.062123,0,1.00,codable,adapted,1,c4a54cdecc67,705,5
swift,bytes,document,100,50,Foundation.JSONEncoder,Foundation,28711,39797,448,68508,34829.856153,25127.522175,14596.835406,0,1.00,codable,adapted,1,c4a54cdecc67,706,6
swift,bytes,document,100,50,BinaryCodable,4.0.0,51736,38921,337,90657,19328.900572,25693.070579,11030.587820,0,1.00,codable,adapted,1,c4a54cdecc67,707,7
swift,bytes,document,100,50,FlatBuffers,24.3.25,7299,7767,440,15066,137005.069188,128749.839063,66374.618346,0,1.00,archive,adapted,1,c4a54cdecc67,708,8
swift,bytes,document,100,50,SwiftCbor,0.0.4,63539,46736,332,110275,15738.365413,21396.781924,9068.238495,0,1.00,codable,adapted,1,c4a54cdecc67,709,9
swift,bytes,document,100,50,Foundation.PropertyListEncoder,Foundation,44477,63017,399,107494,22483.530814,15868.733834,9302.844810,0,1.00,codable,adapted,1,c4a54cdecc67,710,10
swift,bytes,document,100,50,SwiftAvroCore,2.3.0,141123,34974,114,176097,7086.017162,28592.668840,5678.688450,0,1.00,schema,adapted,1,c4a54cdecc67,711,11
swift,bytes,document,100,50,CapnProto,capnproto-1.0.2,40488,16407,376,56895,24698.676151,60949.594685,17576.236928,0,1.00,message,adapted,1,c4a54cdecc67,712,12
swift,bytes,document,100,50,SwiftMsgpack,1.2.1,57329,40583,329,97912,17443.178845,24640.859473,10213.252717,0,1.00,codable,adapted,1,c4a54cdecc67,713,13
swift,bytes,document,100,51,TOML,2.0.0,165675,60240,508,225915,6035.913686,16600.265604,4426.443574,0,1.00,codable,adapted,1,c4a54cdecc67,714,0
swift,bytes,document,100,51,IkigaJSON,2.5.3,36054,42491,448,78545,27736.173518,23534.395519,12731.555159,0,1.00,codable,adapted,1,c4a54cdecc67,715,1
swift,bytes,document,100,51,SwiftCbor,0.0.4,55715,39558,332,95273,17948.487840,25279.336670,10496.153160,0,1.00,codable,adapted,1,c4a54cdecc67,716,2
swift,bytes,document,100,51,SwiftMsgpack,1.2.1,46117,35383,329,81500,21683.977709,28262.159794,12269.938650,0,1.00,codable,adapted,1,c4a54cdecc67,717,3
swift,bytes,document,100,51,Foundation.JSONEncoder,Foundation,26995,37217,448,64212,37043.897018,26869.441384,15573.413069,0,1.00,codable,adapted,1,c4a54cdecc67,718,4
swift,bytes,document,100,51,SwiftProtobuf,1.38.1,8602,6092,155,14694,116252.034411,164149.704531,68054.988431,0,1.00,message,adapted,1,c4a54cdecc67,719,5
swift,bytes,document,100,51,XMLCoder,0.18.2,208122,256217,729,464339,4804.874064,3902.941647,2153.598987,0,1.00,codable,adapted,1,c4a54cdecc67,720,6
swift,bytes,document,100,51,Foundation.PropertyListEncoder,Foundation,45104,71608,399,116712,22170.982618,13964.920121,8568.099253,0,1.00,codable,adapted,1,c4a54cdecc67,721,7
swift,bytes,document,100,51,Yams,5.4.0,261605,192412,429,454017,3822.556908,5197.181049,2202.560697,0,1.00,codable,adapted,1,c4a54cdecc67,722,8
swift,bytes,document,100,51,FlatBuffers,24.3.25,5900,5023,440,10923,169491.525424,199084.212622,91549.940493,0,1.00,archive,adapted,1,c4a54cdecc67,723,9
swift,bytes,document,100,51,SwiftAvroCore,2.3.0,125115,32285,114,157400,7992.646765,30974.136596,6353.240152,0,1.00,schema,adapted,1,c4a54cdecc67,724,10
swift,bytes,document,100,51,CapnProto,capnproto-1.0.2,23972,13155,376,37127,41715.334557,76016.723679,26934.575915,0,1.00,message,adapted,1,c4a54cdecc67,725,11
swift,bytes,document,100,51,BinaryCodable,4.0.0,51361,37810,337,89171,19470.025895,26448.029622,11214.408272,0,1.00,codable,adapted,1,c4a54cdecc67,726,12
swift,bytes,document,100,51,SwiftBSON,3.1.0,53647,68971,525,122618,18640.371316,14498.847342,8155.409483,0,1.00,document,adapted,1,c4a54cdecc67,727,13
swift,bytes,document,100,52,Yams,5.4.0,239068,188470,429,427538,4182.910302,5305.884226,2338.973378,0,1.00,codable,adapted,1,c4a54cdecc67,728,0
swift,bytes,document,100,52,Foundation.JSONEncoder,Foundation,25091,40457,448,65548,39854.928062,24717.601404,15255.995606,0,1.00,codable,adapted,1,c4a54cdecc67,729,1
swift,bytes,document,100,52,XMLCoder,0.18.2,195938,245870,729,441808,5103.655238,4067.189978,2263.426647,0,1.00,codable,adapted,1,c4a54cdecc67,730,2
swift,bytes,document,100,52,BinaryCodable,4.0.0,48628,37761,337,86389,20564.283952,26482.349514,11575.547813,0,1.00,codable,adapted,1,c4a54cdecc67,731,3
swift,bytes,document,100,52,TOML,2.0.0,172600,51105,508,223705,5793.742758,19567.556991,4470.172772,0,1.00,codable,adapted,1,c4a54cdecc67,732,4
swift,bytes,document,100,52,SwiftBSON,3.1.0,52115,68878,525,120993,19188.333493,14518.423880,8264.940947,0,1.00,document,adapted,1,c4a54cdecc67,733,5
swift,bytes,document,100,52,IkigaJSON,2.5.3,23785,39515,448,63300,42043.304604,25306.845502,15797.788310,0,1.00,codable,adapted,1,c4a54cdecc67,734,6
swift,bytes,document,100,52,SwiftAvroCore,2.3.0,126427,34168,114,160595,7909.702832,29267.150550,6226.843924,0,1.00,schema,adapted,1,c4a54cdecc67,735,7
swift,bytes,document,100,52,SwiftCbor,0.0.4,60129,42229,332,102358,16630.910210,23680.409197,9769.632076,0,1.00,codable,adapted,1,c4a54cdecc67,736,8
swift,bytes,document,100,52,SwiftProtobuf,1.38.1,7213,5991,155,13204,138638.569250,166917.042230,75734.625871,0,1.00,message,adapted,1,c4a54cdecc67,737,9
swift,bytes,document,100,52,FlatBuffers,24.3.25,6133,4776,440,10909,163052.339801,209380.234506,91667.430562,0,1.00,archive,adapted,1,c4a54cdecc67,738,10
swift,bytes,document,100,52,SwiftMsgpack,1.2.1,50392,39335,329,89727,19844.419749,25422.651583,11144.917360,0,1.00,codable,adapted,1,c4a54cdecc67,739,11
swift,bytes,document,100,52,CapnProto,capnproto-1.0.2,27446,13772,376,41218,36435.181812,72611.094975,24261.245087,0,1.00,message,adapted,1,c4a54cdecc67,740,12
swift,bytes,document,100,52,Foundation.PropertyListEncoder,Foundation,43738,64715,399,108453,22863.413965,15452.368075,9220.584032,0,1.00,codable,adapted,1,c4a54cdecc67,741,13
swift,bytes,document,100,53,SwiftMsgpack,1.2.1,46386,34895,329,81281,21558.228776,28657.400774,12302.998241,0,1.00,codable,adapted,1,c4a54cdecc67,742,0
swift,bytes,document,100,53,SwiftAvroCore,2.3.0,113741,35309,114,149050,8791.904414,28321.391147,6709.158001,0,1.00,schema,adapted,1,c4a54cdecc67,743,1
swift,bytes,document,100,53,TOML,2.0.0,158724,45238,508,203962,6300.244449,22105.309695,4902.874065,0,1.00,codable,adapted,1,c4a54cdecc67,744,2
swift,bytes,document,100,53,Foundation.PropertyListEncoder,Foundation,38869,55095,399,93964,25727.443464,18150.467375,10642.373675,0,1.00,codable,adapted,1,c4a54cdecc67,745,3
swift,bytes,document,100,53,BinaryCodable,4.0.0,48693,34492,337,83185,20536.832810,28992.230082,12021.398089,0,1.00,codable,adapted,1,c4a54cdecc67,746,4
swift,bytes,document,100,53,XMLCoder,0.18.2,199646,242853,729,442499,5008.865692,4117.717302,2259.892113,0,1.00,codable,adapted,1,c4a54cdecc67,747,5
swift,bytes,document,100,53,SwiftCbor,0.0.4,61215,38418,332,99633,16335.865392,26029.465355,10036.835185,0,1.00,codable,adapted,1,c4a54cdecc67,748,6
swift,bytes,document,100,53,Yams,5.4.0,250257,193265,429,443522,3995.892223,5174.242620,2254.679587,0,1.00,codable,adapted,1,c4a54cdecc67,749,7
swift,bytes,document,100,53,SwiftBSON,3.1.0,50832,69155,525,119987,19672.647151,14460.270407,8334.236209,0,1.00,document,adapted,1,c4a54cdecc67,750,8
swift,bytes,document,100,53,SwiftProtobuf,1.38.1,8275,6114,155,14389,120845.921450,163559.044815,69497.532838,0,1.00,message,adapted,1,c4a54cdecc67,751,9
swift,bytes,document,100,53,IkigaJSON,2.5.3,25205,41266,448,66471,39674.667725,24233.024766,15044.154594,0,1.00,codable,adapted,1,c4a54cdecc67,752,10
swift,bytes,document,100,53,Foundation.JSONEncoder,Foundation,30169,37524,448,67693,33146.607445,26649.610916,14772.576190,0,1.00,codable,adapted,1,c4a54cdecc67,753,11
swift,bytes,document,100,53,FlatBuffers,24.3.25,6113,5528,440,11641,163585.800752,180897.250362,85903.272915,0,1.00,archive,adapted,1,c4a54cdecc67,754,12
swift,bytes,document,100,53,CapnProto,capnproto-1.0.2,28328,16069,376,44397,35300.762496,62231.626112,22524.044417,0,1.00,message,adapted,1,c4a54cdecc67,755,13
swift,bytes,document,100,54,SwiftProtobuf,1.38.1,3633,3614,155,7247,275254.610515,276701.715551,137988.133021,0,1.00,message,adapted,1,c4a54cdecc67,756,0
swift,bytes,document,100,54,Foundation.JSONEncoder,Foundation,18732,26283,448,45015,53384.582533,38047.407069,22214.817283,0,1.00,codable,adapted,1,c4a54cdecc67,757,1
swift,bytes,document,100,54,CapnProto,capnproto-1.0.2,6683,6327,376,13010,149633.398174,158052.789632,76863.950807,0,1.00,message,adapted,1,c4a54cdecc67,758,2
swift,bytes,document,100,54,TOML,2.0.0,165219,47720,508,212939,6052.572646,20955.574183,4696.180596,0,1.00,codable,adapted,1,c4a54cdecc67,759,3
swift,bytes,document,100,54,IkigaJSON,2.5.3,19686,32923,448,52609,50797.521081,30373.902743,19008.154498,0,1.00,codable,adapted,1,c4a54cdecc67,760,4
swift,bytes,document,100,54,XMLCoder,0.18.2,198071,241028,729,439099,5048.694660,4148.895564,2277.390748,0,1.00,codable,adapted,1,c4a54cdecc67,761,5
swift,bytes,document,100,54,FlatBuffers,24.3.25,3770,4072,440,7842,265251.989390,245579.567780,127518.490181,0,1.00,archive,adapted,1,c4a54cdecc67,762,6
swift,bytes,document,100,54,SwiftMsgpack,1.2.1,51917,43787,329,95704,19261.513570,22837.828579,10448.884059,0,1.00,codable,adapted,1,c4a54cdecc67,763,7
swift,bytes,document,100,54,SwiftAvroCore,2.3.0,124140,32566,114,156706,8055.421299,30706.872198,6381.376591,0,1.00,schema,adapted,1,c4a54cdecc67,764,8
swift,bytes,document,100,54,SwiftCbor,0.0.4,54949,37915,332,92864,18198.693334,26374.785705,10768.435562,0,1.00,codable,adapted,1,c4a54cdecc67,765,9
swift,bytes,document,100,54,SwiftBSON,3.1.0,49115,65339,525,114454,20360.378703,15304.794992,8737.134569,0,1.00,document,adapted,1,c4a54cdecc67,766,10
swift,bytes,document,100,54,BinaryCodable,4.0.0,50690,37437,337,88127,19727.756954,26711.542057,11347.260204,0,1.00,codable,adapted,1,c4a54cdecc67,767,11
swift,bytes,document,100,54,Foundation.PropertyListEncoder,Foundation,43747,64910,399,108657,22858.710312,15405.946695,9203.272684,0,1.00,codable,adapted,1,c4a54cdecc67,768,12
swift,bytes,document,100,54,Yams,5.4.0,246000,197688,429,443688,4065.040650,5058.475982,2253.836029,0,1.00,codable,adapted,1,c4a54cdecc67,769,13
swift,bytes,document,100,55,FlatBuffers,24.3.25,4119,3844,440,7963,242777.373149,260145.681582,125580.811252,0,1.00,archive,adapted,1,c4a54cdecc67,770,0
swift,bytes,document,100,55,SwiftAvroCore,2.3.0,117399,30659,114,148058,8517.960119,32616.849865,6754.109876,0,1.00,schema,adapted,1,c4a54cdecc67,771,1
swift,bytes,document,100,55,Foundation.PropertyListEncoder,Foundation,44820,55617,399,100437,22311.468095,17980.113994,9956.490138,0,1.00,codable,adapted,1,c4a54cdecc67,772,2
swift,bytes,document,100,55,TOML,2.0.0,158685,45904,508,204589,6301.792860,21784.593935,4887.848320,0,1.00,codable,adapted,1,c4a54cdecc67,773,3
swift,bytes,document,100,55,SwiftMsgpack,1.2.1,50096,37567,329,87663,19961.673587,26619.107195,11407.321219,0,1.00,codable,adapted,1,c4a54cdecc67,774,4
swift,bytes,document,100,55,Foundation.JSONEncoder,Foundation,23882,36144,448,60026,41872.539988,27667.109340,16659.447573,0,1.00,codable,adapted,1,c4a54cdecc67,775,5
swift,bytes,document,100,55,SwiftBSON,3.1.0,46637,71863,525,118500,21442.202543,13915.366739,8438.818565,0,1.00,document,adapted,1,c4a54cdecc67,776,6
swift,bytes,document,100,55,SwiftProtobuf,1.38.1,6105,4614,155,10719,163800.163800,216731.686173,93292.284728,0,1.00,message,adapted,1,c4a54cdecc67,777,7
swift,bytes,document,100,55,BinaryCodable,4.0.0,47863,35235,337,83098,20892.965339,28380.871293,12033.983971,0,1.00,codable,adapted,1,c4a54cdecc67,778,8
swift,bytes,document,100,55,IkigaJSON,2.5.3,20454,34263,448,54717,48890.192627,29186.002393,18275.855767,0,1.00,codable,adapted,1,c4a54cdecc67,779,9
swift,bytes,document,100,55,CapnProto,capnproto-1.0.2,18948,12215,376,31163,52776.018577,81866.557511,32089.336713,0,1.00,message,adapted,1,c4a54cdecc67,780,10
swift,bytes,document,100,55,Yams,5.4.0,244872,187676,429,432548,4083.766213,5328.331806,2311.882149,0,1.00,codable,adapted,1,c4a54cdecc67,781,11
swift,bytes,document,100,55,SwiftCbor,0.0.4,55771,37928,332,93699,17930.465654,26365.745623,10672.472492,0,1.00,codable,adapted,1,c4a54cdecc67,782,12
swift,bytes,document,100,55,XMLCoder,0.18.2,201834,250371,729,452205,4954.566624,3994.072796,2211.386429,0,1.00,codable,adapted,1,c4a54cdecc67,783,13
swift,bytes,document,100,56,SwiftProtobuf,1.38.1,4680,4318,155,8998,213675.213675,231588.698472,111135.807957,0,1.00,message,adapted,1,c4a54cdecc67,784,0
swift,bytes,document,100,56,Yams,5.4.0,236258,179062,429,415320,4232.660905,5584.657828,2407.781951,0,1.00,codable,adapted,1,c4a54cdecc67,785,1
swift,bytes,document,100,56,Foundation.PropertyListEncoder,Foundation,37114,57339,399,94453,26944.010346,17440.136731,10587.276211,0,1.00,codable,adapted,1,c4a54cdecc67,786,2
swift,bytes,document,100,56,SwiftAvroCore,2.3.0,120650,30416,114,151066,8288.437630,32877.432930,6619.623211,0,1.00,schema,adapted,1,c4a54cdecc67,787,3
swift,bytes,document,100,56,IkigaJSON,2.5.3,19794,33322,448,53116,50520.359705,30010.203469,18826.718879,0,1.00,codable,adapted,1,c4a54cdecc67,788,4
swift,bytes,document,100,56,Foundation.JSONEncoder,Foundation,21905,30800,448,52705,45651.677699,32467.532468,18973.531923,0,1.00,codable,adapted,1,c4a54cdecc67,789,5
swift,bytes,document,100,56,SwiftCbor,0.0.4,53311,37279,332,90590,18757.854852,26824.753883,11038.745998,0,1.00,codable,adapted,1,c4a54cdecc67,790,6
swift,bytes,document,100,56,TOML,2.0.0,158041,46004,508,204045,6327.471985,21737.240240,4900.879708,0,1.00,codable,adapted,1,c4a54cdecc67,791,7
swift,bytes,document,100,56,CapnProto,capnproto-1.0.2,21283,10787,376,32070,46985.857257,92704.180959,31181.789835,0,1.00,message,adapted,1,c4a54cdecc67,792,8
swift,bytes,document,100,56,BinaryCodable,4.0.0,47139,34159,337,81298,21213.856891,29274.861676,12300.425595,0,1.00,codable,adapted,1,c4a54cdecc67,793,9
swift,bytes,document,100,56,FlatBuffers,24.3.25,3951,4251,440,8202,253100.480891,235238.767349,121921.482565,0,1.00,archive,adapted,1,c4a54cdecc67,794,10
swift,bytes,document,100,56,SwiftMsgpack,1.2.1,47306,35644,329,82950,21138.967573,28055.212659,12055.455093,0,1.00,codable,adapted,1,c4a54cdecc67,795,11
swift,bytes,document,100,56,XMLCoder,0.18.2,199387,242207,729,441594,5015.372116,4128.699831,2264.523522,0,1.00,codable,adapted,1,c4a54cdecc67,796,12
swift,bytes,document,100,56,SwiftBSON,3.1.0,47155,64112,525,111267,21206.658891,15597.704018,8987.390691,0,1.00,document,adapted,1,c4a54cdecc67,797,13
swift,bytes,document,100,57,TOML,2.0.0,155053,41792,508,196845,6449.407622,23928.024502,5080.139196,0,1.00,codable,adapted,1,c4a54cdecc67,798,0
swift,bytes,document,100,57,SwiftAvroCore,2.3.0,112063,29999,114,142062,8923.551931,33334.444481,7039.180076,0,1.00,schema,adapted,1,c4a54cdecc67,799,1
swift,bytes,document,100,57,Foundation.JSONEncoder,Foundation,23050,33049,448,56099,43383.947939,30258.101607,17825.629690,0,1.00,codable,adapted,1,c4a54cdecc67,800,2
swift,bytes,document,100,57,CapnProto,capnproto-1.0.2,13883,10107,376,23990,72030.540949,98941.327793,41684.035015,0,1.00,message,adapted,1,c4a54cdecc67,801,3
swift,bytes,document,100,57,IkigaJSON,2.5.3,23956,33866,448,57822,41743.195859,29528.140318,17294.455398,0,1.00,codable,adapted,1,c4a54cdecc67,802,4
swift,bytes,document,100,57,SwiftMsgpack,1.2.1,47910,35536,329,83446,20872.469213,28140.477262,11983.797905,0,1.00,codable,adapted,1,c4a54cdecc67,803,5
swift,bytes,document,100,57,SwiftProtobuf,1.38.1,4878,4448,155,9326,205002.050021,224820.143885,107227.107013,0,1.00,message,adapted,1,c4a54cdecc67,804,6
swift,bytes,document,100,57,BinaryCodable,4.0.0,46786,34257,337,81043,21373.915274,29191.114225,12339.128611,0,1.00,codable,adapted,1,c4a54cdecc67,805,7
swift,bytes,document,100,57,XMLCoder,0.18.2,194007,233029,729,427036,5154.453190,4291.311382,2341.722946,0,1.00,codable,adapted,1,c4a54cdecc67,806,8
swift,bytes,document,100,57,SwiftBSON,3.1.0,45149,63455,525,108604,22148.884804,15759.199433,9207.763987,0,1.00,document,adapted,1,c4a54cdecc67,807,9
swift,bytes,document,100,57,Yams,5.4.0,241668,185343,429,427011,4137.908205,5395.402038,2341.860046,0,1.00,codable,adapted,1,c4a54cdecc67,808,10
swift,bytes,document,100,57,FlatBuffers,24.3.25,3975,3852,440,7827,251572.327044,259605.399792,127762.872109,0,1.00,archive,adapted,1,c4a54cdecc67,809,11
swift,bytes,document,100,57,SwiftCbor,0.0.4,55506,37530,332,93036,18016.070335,26645.350386,10748.527452,0,1.00,codable,adapted,1,c4a54cdecc67,810,12
swift,bytes,document,100,57,Foundation.PropertyListEncoder,Foundation,39452,60089,399,99541,25347.257427,16641.981061,10046.111652,0,1.00,codable,adapted,1,c4a54cdecc67,811,13
swift,bytes,document,100,58,SwiftProtobuf,1.38.1,4184,4315,155,8499,239005.736138,231749.710313,117660.901283,0,1.00,message,adapted,1,c4a54cdecc67,812,0
swift,bytes,document,100,58,SwiftMsgpack,1.2.1,47278,35546,329,82824,21151.486950,28132.560626,12073.795035,0,1.00,codable,adapted,1,c4a54cdecc67,813,1
swift,bytes,document,100,58,SwiftCbor,0.0.4,48226,34407,332,82633,20735.702733,29063.853286,12101.702710,0,1.00,codable,adapted,1,c4a54cdecc67,814,2
swift,bytes,document,100,58,FlatBuffers,24.3.25,3332,3388,440,6720,300120.048019,295159.386068,148809.523810,0,1.00,archive,adapted,1,c4a54cdecc67,815,3
swift,bytes,document,100,58,XMLCoder,0.18.2,195751,232265,729,428016,5108.530735,4305.426991,2336.361258,0,1.00,codable,adapted,1,c4a54cdecc67,816,4
swift,bytes,document,100,58,TOML,2.0.0,158054,43280,508,201334,6326.951548,23105.360444,4966.870971,0,1.00,codable,adapted,1,c4a54cdecc67,817,5
swift,bytes,document,100,58,Foundation.JSONEncoder,Foundation,23233,34260,448,57493,43042.224422,29188.558085,17393.421808,0,1.00,codable,adapted,1,c4a54cdecc67,818,6
swift,bytes,document,100,58,Yams,5.4.0,232458,187432,429,419890,4301.852378,5335.268257,2381.576127,0,1.00,codable,adapted,1,c4a54cdecc67,819,7
swift,bytes,document,100,58,BinaryCodable,4.0.0,46712,34950,337,81662,21407.775304,28612.303290,12245.597708,0,1.00,codable,adapted,1,c4a54cdecc67,820,8
swift,bytes,document,100,58,SwiftBSON,3.1.0,45783,64297,525,110080,21842.168490,15552.825171,9084.302326,0,1.00,document,adapted,1,c4a54cdecc67,821,9
swift,bytes,document,100,58,CapnProto,capnproto-1.0.2,15553,11075,376,26628,64296.277246,90293.453725,37554.453958,0,1.00,message,adapted,1,c4a54cdecc67,822,10
swift,bytes,document,100,58,IkigaJSON,2.5.3,19432,33405,448,52837,51461.506793,29935.638377,18926.131309,0,1.00,codable,adapted,1,c4a54cdecc67,823,11
swift,bytes,document,100,58,SwiftAvroCore,2.3.0,116564,30244,114,146808,8578.978072,33064.409470,6811.617895,0,1.00,schema,adapted,1,c4a54cdecc67,824,12
swift,bytes,document,100,58,Foundation.PropertyListEncoder,Foundation,37803,58108,399,95911,26452.927016,17209.334343,10426.332746,0,1.00,codable,adapted,1,c4a54cdecc67,825,13
swift,bytes,document,100,59,CapnProto,capnproto-1.0.2,10502,8123,376,18625,95219.958103,123107.226394,53691.275168,0,1.00,message,adapted,1,c4a54cdecc67,826,0
swift,bytes,document,100,59,SwiftAvroCore,2.3.0,106076,27797,114,133873,9427.203137,35975.105227,7469.766122,0,1.00,schema,adapted,1,c4a54cdecc67,827,1
swift,bytes,document,100,59,SwiftBSON,3.1.0,43776,61570,525,105346,22843.567251,16241.676141,9492.529379,0,1.00,document,adapted,1,c4a54cdecc67,828,2
swift,bytes,document,100,59,IkigaJSON,2.5.3,23315,31521,448,54836,42890.842805,31724.881825,18236.195200,0,1.00,codable,adapted,1,c4a54cdecc67,829,3
swift,bytes,document,100,59,SwiftMsgpack,1.2.1,49019,36107,329,85126,20400.252963,27695.460714,11747.292249,0,1.00,codable,adapted,1,c4a54cdecc67,830,4
swift,bytes,document,100,59,Foundation.JSONEncoder,Foundation,21962,35640,448,57602,45533.193698,28058.361392,17360.508316,0,1.00,codable,adapted,1,c4a54cdecc67,831,5
swift,bytes,document,100,59,Foundation.PropertyListEncoder,Foundation,35027,54676,399,89703,28549.404745,18289.560319,11147.899178,0,1.00,codable,adapted,1,c4a54cdecc67,832,6
swift,bytes,document,100,59,XMLCoder,0.18.2,195542,236124,729,431666,5113.990856,4235.062933,2316.605894,0,1.00,codable,adapted,1,c4a54cdecc67,833,7
swift,bytes,document,100,59,SwiftCbor,0.0.4,55869,38163,332,94032,17899.013764,26203.390719,10634.677557,0,1.00,codable,adapted,1,c4a54cdecc67,834,8
swift,bytes,document,100,59,SwiftProtobuf,1.38.1,4777,4602,155,9379,209336.403601,217296.827466,106621.174965,0,1.00,message,adapted,1,c4a54cdecc67,835,9
swift,bytes,document,100,59,FlatBuffers,24.3.25,4111,4270,440,8381,243249.817563,234192.037471,119317.503878,0,1.00,archive,adapted,1,c4a54cdecc67,836,10
swift,bytes,document,100,59,Yams,5.4.0,252098,190990,429,443088,3966.711358,5235.876224,2256.888022,0,1.00,codable,adapted,1,c4a54cdecc67,837,11
swift,bytes,document,100,59,BinaryCodable,4.0.0,48336,35164,337,83500,20688.513737,28438.175407,11976.047904,0,1.00,codable,adapted,1,c4a54cdecc67,838,12
swift,bytes,document,100,59,TOML,2.0.0,161315,45103,508,206418,6199.051545,22171.474181,4844.538751,0,1.00,codable,adapted,1,c4a54cdecc67,839,13
swift,bytes,document,100,60,SwiftProtobuf,1.38.1,3777,3861,155,7638,264760.391845,259000.259000,130924.325740,0,1.00,message,adapted,1,c4a54cdecc67,840,0
swift,bytes,document,100,60,FlatBuffers,24.3.25,3653,3907,440,7560,273747.604708,255950.857435,132275.132275,0,1.00,archive,adapted,1,c4a54cdecc67,841,1
swift,bytes,document,100,60,XMLCoder,0.18.2,197429,238716,729,436145,5065.112015,4189.078235,2292.815463,0,1.00,codable,adapted,1,c4a54cdecc67,842,2
swift,bytes,document,100,60,Foundation.JSONEncoder,Foundation,23873,33969,448,57842,41888.325724,29438.605788,17288.475502,0,1.00,codable,adapted,1,c4a54cdecc67,843,3
swift,bytes,document,100,60,BinaryCodable,4.0.0,46125,33368,337,79493,21680.216802,29968.832414,12579.724001,0,1.00,codable,adapted,1,c4a54cdecc67,844,4
swift,bytes,document,100,60,SwiftAvroCore,2.3.0,120089,30727,114,150816,8327.157358,32544.667556,6630.596223,0,1.00,schema,adapted,1,c4a54cdecc67,845,5
swift,bytes,document,100,60,TOML,2.0.0,156100,43222,508,199322,6406.149904,23136.365740,5017.007656,0,1.00,codable,adapted,1,c4a54cdecc67,846,6
swift,bytes,document,100,60,Foundation.PropertyListEncoder,Foundation,38658,58181,399,96839,25867.866936,17187.741703,10326.418075,0,1.00,codable,adapted,1,c4a54cdecc67,847,7
swift,bytes,document,100,60,Yams,5.4.0,252177,187623,429,439800,3965.468699,5329.836960,2273.760800,0,1.00,codable,adapted,1,c4a54cdecc67,848,8
swift,bytes,document,100,60,IkigaJSON,2.5.3,20798,34916,448,55714,48081.546303,28640.164967,17948.809994,0,1.00,codable,adapted,1,c4a54cdecc67,849,9
swift,bytes,document,100,60,SwiftMsgpack,1.2.1,49585,37084,329,86669,20167.389331,26965.807356,11538.150896,0,1.00,codable,adapted,1,c4a54cdecc67,850,10
swift,bytes,document,100,60,SwiftCbor,0.0.4,54111,38805,332,92916,18480.530761,25769.875016,10762.409058,0,1.00,codable,adapted,1,c4a54cdecc67,851,11
swift,bytes,document,100,60,CapnProto,capnproto-1.0.2,18119,11066,376,29185,55190.683813,90366.889572,34264.176803,0,1.00,message,adapted,1,c4a54cdecc67,852,12
swift,bytes,document,100,60,SwiftBSON,3.1.0,46962,66373,525,113335,21293.812018,15066.367348,8823.399656,0,1.00,document,adapted,1,c4a54cdecc67,853,13
swift,bytes,document,100,61,XMLCoder,0.18.2,200212,239099,729,439311,4994.705612,4182.367973,2276.291739,0,1.00,codable,adapted,1,c4a54cdecc67,854,0
swift,bytes,document,100,61,IkigaJSON,2.5.3,20896,33248,448,54144,47856.049005,30076.997113,18469.267139,0,1.00,codable,adapted,1,c4a54cdecc67,855,1
swift,bytes,document,100,61,TOML,2.0.0,161078,43203,508,204281,6208.172438,23146.540749,4895.217862,0,1.00,codable,adapted,1,c4a54cdecc67,856,2
swift,bytes,document,100,61,Foundation.JSONEncoder,Foundation,23494,33316,448,56810,42564.058909,30015.608116,17602.534765,0,1.00,codable,adapted,1,c4a54cdecc67,857,3
swift,bytes,document,100,61,Yams,5.4.0,246471,189209,429,435680,4057.272458,5285.160854,2295.262578,0,1.00,codable,adapted,1,c4a54cdecc67,858,4
swift,bytes,document,100,61,SwiftAvroCore,2.3.0,117520,31489,114,149009,8509.189925,31757.121535,6711.004033,0,1.00,schema,adapted,1,c4a54cdecc67,859,5
swift,bytes,document,100,61,BinaryCodable,4.0.0,48934,34811,337,83745,20435.688887,28726.551952,11941.011404,0,1.00,codable,adapted,1,c4a54cdecc67,860,6
swift,bytes,document,100,61,Foundation.PropertyListEncoder,Foundation,38237,59677,399,97914,26152.679342,16756.874508,10213.044100,0,1.00,codable,adapted,1,c4a54cdecc67,861,7
swift,bytes,document,100,61,FlatBuffers,24.3.25,4015,3901,440,7916,249066.002491,256344.527044,126326.427489,0,1.00,archive,adapted,1,c4a54cdecc67,862,8
swift,bytes,document,100,61,SwiftProtobuf,1.38.1,4845,4521,155,9366,206398.348813,221190.002212,106769.165065,0,1.00,message,adapted,1,c4a54cdecc67,863,9
swift,bytes,document,100,61,SwiftBSON,3.1.0,47408,65624,525,113032,21093.486331,15238.327441,8847.052162,0,1.00,document,adapted,1,c4a54cdecc67,864,10
swift,bytes,document,100,61,SwiftCbor,0.0.4,55728,38534,332,94262,17944.300890,25951.108112,10608.728862,0,1.00,codable,adapted,1,c4a54cdecc67,865,11
swift,bytes,document,100,61,SwiftMsgpack,1.2.1,48524,41301,329,89825,20608.358750,24212.488802,11132.758141,0,1.00,codable,adapted,1,c4a54cdecc67,866,12
swift,bytes,document,100,61,CapnProto,capnproto-1.0.2,18187,10991,376,29178,54984.329466,90983.531981,34272.397011,0,1.00,message,adapted,1,c4a54cdecc67,867,13
swift,bytes,document,100,62,BinaryCodable,4.0.0,46087,33616,337,79703,21698.092738,29747.739172,12546.579175,0,1.00,codable,adapted,1,c4a54cdecc67,868,0
swift,bytes,document,100,62,CapnProto,capnproto-1.0.2,7405,5977,376,13382,135043.889264,167308.014054,74727.245554,0,1.00,message,adapted,1,c4a54cdecc67,869,1
swift,bytes,document,100,62,SwiftProtobuf,1.38.1,3746,4041,155,7787,266951.414842,247463.499134,128419.160139,0,1.00,message,adapted,1,c4a54cdecc67,870,2
swift,bytes,document,100,62,FlatBuffers,24.3.25,3684,3902,440,7586,271444.082519,256278.831369,131821.776958,0,1.00,archive,adapted,1,c4a54cdecc67,871,3
swift,bytes,document,100,62,SwiftAvroCore,2.3.0,115292,30063,114,145355,8673.628699,33263.480025,6879.708300,0,1.00,schema,adapted,1,c4a54cdecc67,872,4
swift,bytes,document,100,62,TOML,2.0.0,157560,42962,508,200522,6346.788525,23276.383781,4986.983972,0,1.00,codable,adapted,1,c4a54cdecc67,873,5
swift,bytes,document,100,62,SwiftCbor,0.0.4,53430,37782,332,91212,18716.077110,26467.630088,10963.469719,0,1.00,codable,adapted,1,c4a54cdecc67,874,6
swift,bytes,document,100,62,Yams,5.4.0,249998,194334,429,444332,4000.032000,5145.779946,2250.569394,0,1.00,codable,adapted,1,c4a54cdecc67,875,7
swift,bytes,document,100,62,IkigaJSON,2.5.3,20330,34790,448,55120,49188.391540,28743.891923,18142.235123,0,1.00,codable,adapted,1,c4a54cdecc67,876,8
swift,bytes,document,100,62,Foundation.JSONEncoder,Foundation,23512,32149,448,55661,42531.473290,31105.166568,17965.900720,0,1.00,codable,adapted,1,c4a54cdecc67,877,9
swift,bytes,document,100,62,SwiftBSON,3.1.0,45622,65580,525,111202,21919.249485,15248.551388,8992.644017,0,1.00,document,adapted,1,c4a54cdecc67,878,10
swift,bytes,document,100,62,XMLCoder,0.18.2,196287,241773,729,438060,5094.580894,4136.111146,2282.792312,0,1.00,codable,adapted,1,c4a54cdecc67,879,11
swift,bytes,document,100,62,Foundation.PropertyListEncoder,Foundation,44599,59396,399,103995,22422.027400,16836.150583,9615.846916,0,1.00,codable,adapted,1,c4a54cdecc67,880,12
swift,bytes,document,100,62,SwiftMsgpack,1.2.1,50515,37303,329,87818,19796.100168,26807.495376,11387.187137,0,1.00,codable,adapted,1,c4a54cdecc67,881,13
swift,bytes,document,100,63,Foundation.PropertyListEncoder,Foundation,34244,50326,399,84570,29202.196005,19870.444701,11824.524063,0,1.00,codable,adapted,1,c4a54cdecc67,882,0
swift,bytes,document,100,63,SwiftProtobuf,1.38.1,4724,4671,155,9395,211685.012701,214086.919289,106439.595530,0,1.00,message,adapted,1,c4a54cdecc67,883,1
swift,bytes,document,100,63,SwiftAvroCore,2.3.0,125143,31186,114,156329,7990.858458,32065.670493,6396.765795,0,1.00,schema,adapted,1,c4a54cdecc67,884,2
swift,bytes,document,100,63,FlatBuffers,24.3.25,4049,4020,440,8069,246974.561620,248756.218905,123931.094312,0,1.00,archive,adapted,1,c4a54cdecc67,885,3
swift,bytes,document,100,63,Foundation.JSONEncoder,Foundation,22302,32062,448,54364,44839.027890,31189.570208,18394.525789,0,1.00,codable,adapted,1,c4a54cdecc67,886,4
swift,bytes,document,100,63,SwiftCbor,0.0.4,54833,39407,332,94240,18237.192931,25376.202198,10611.205433,0,1.00,codable,adapted,1,c4a54cdecc67,887,5
swift,bytes,document,100,63,BinaryCodable,4.0.0,48404,35495,337,83899,20659.449632,28172.982110,11919.093195,0,1.00,codable,adapted,1,c4a54cdecc67,888,6
swift,bytes,document,100,63,SwiftMsgpack,1.2.1,47157,35812,329,82969,21205.759484,27923.601028,12052.694380,0,1.00,codable,adapted,1,c4a54cdecc67,889,7
swift,bytes,document,100,63,TOML,2.0.0,163678,45018,508,208696,6109.556568,22213.336887,4791.658681,0,1.00,codable,adapted,1,c4a54cdecc67,890,8
swift,bytes,document,100,63,SwiftBSON,3.1.0,48803,66853,525,115656,20490.543614,14958.191854,8646.330497,0,1.00,document,adapted,1,c4a54cdecc67,891,9
swift,bytes,document,100,63,XMLCoder,0.18.2,203249,238585,729,441834,4920.073407,4191.378335,2263.293454,0,1.00,codable,adapted,1,c4a54cdecc67,892,10
swift,bytes,document,100,63,CapnProto,capnproto-1.0.2,17628,11152,376,28780,56727.932834,89670.014347,34746.351633,0,1.00,message,adapted,1,c4a54cdecc67,893,11
swift,bytes,document,100,63,Yams,5.4.0,248351,221726,429,470077,4026.559184,4510.070989,2127.311058,0,1.00,codable,adapted,1,c4a54cdecc67,894,12
swift,bytes,document,100,63,IkigaJSON,2.5.3,20224,34854,448,55078,49446.202532,28691.111494,18156.069574,0,1.00,codable,adapted,1,c4a54cdecc67,895,13
swift,bytes,document,100,64,XMLCoder,0.18.2,184474,226342,729,410816,5420.818110,4418.092974,2434.179779,0,1.00,codable,adapted,1,c4a54cdecc67,896,0
swift,bytes,document,100,64,SwiftCbor,0.0.4,54398,37381,332,91779,18383.028788,26751.558278,10895.738677,0,1.00,codable,adapted,1,c4a54cdecc67,897,1
swift,bytes,document,100,64,IkigaJSON,2.5.3,20034,35904,448,55938,49915.144255,27852.049911,17876.935178,0,1.00,codable,adapted,1,c4a54cdecc67,898,2
swift,bytes,document,100,64,SwiftBSON,3.1.0,43782,63132,525,106914,22840.436709,15839.827663,9353.312008,0,1.00,document,adapted,1,c4a54cdecc67,899,3
swift,bytes,document,100,64,FlatBuffers,24.3.25,3882,3813,440,7695,257599.175683,262260.687123,129954.515919,0,1.00,archive,adapted,1,c4a54cdecc67,900,4
swift,bytes,document,100,64,TOML,2.0.0,164282,42738,508,207020,6087.094143,23398.380832,4830.451164,0,1.00,codable,adapted,1,c4a54cdecc67,901,5
swift,bytes,document,100,64,SwiftMsgpack,1.2.1,48208,35331,329,83539,20743.445071,28303.755908,11970.456912,0,1.00,codable,adapted,1,c4a54cdecc67,902,6
swift,bytes,document,100,64,Foundation.PropertyListEncoder,Foundation,39853,57551,399,97404,25092.213886,17375.892686,10266.518829,0,1.00,codable,adapted,1,c4a54cdecc67,903,7
swift,bytes,document,100,64,CapnProto,capnproto-1.0.2,15379,10570,376,25949,65023.733663,94607.379376,38537.130525,0,1.00,message,adapted,1,c4a54cdecc67,904,8
swift,bytes,document,100,64,Foundation.JSONEncoder,Foundation,22628,31171,448,53799,44193.035178,32081.101023,18587.706091,0,1.00,codable,adapted,1,c4a54cdecc67,905,9
swift,bytes,document,100,64,SwiftAvroCore,2.3.0,115846,30257,114,146103,8632.149578,33050.203259,6844.486424,0,1.00,schema,adapted,1,c4a54cdecc67,906,10
swift,bytes,document,100,64,BinaryCodable,4.0.0,47236,42776,337,90012,21170.293844,23377.594913,11109.629827,0,1.00,codable,adapted,1,c4a54cdecc67,907,11
swift,bytes,document,100,64,SwiftProtobuf,1.38.1,4827,4515,155,9342,207168.013259,221483.942414,107043.459645,0,1.00,message,adapted,1,c4a54cdecc67,908,12
swift,bytes,document,100,64,Yams,5.4.0,239896,184909,429,424805,4168.473005,5408.065589,2354.021257,0,1.00,codable,adapted,1,c4a54cdecc67,909,13
swift,bytes,document,100,65,SwiftCbor,0.0.4,54448,38528,332,92976,18366.147517,25955.149502,10755.463776,0,1.00,codable,adapted,1,c4a54cdecc67,910,0
swift,bytes,document,100,65,IkigaJSON,2.5.3,20139,33321,448,53460,49654.898456,30011.104109,18705.574261,0,1.00,codable,adapted,1,c4a54cdecc67,911,1
swift,bytes,document,100,65,SwiftAvroCore,2.3.0,111830,29762,114,141592,8942.144326,33599.892480,7062.545907,0,1.00,schema,adapted,1,c4a54cdecc67,912,2
swift,bytes,document,100,65,TOML,2.0.0,156980,44371,508,201351,6370.238247,22537.242794,4966.451619,0,1.00,codable,adapted,1,c4a54cdecc67,913,3
swift,bytes,document,100,65,Foundation.JSONEncoder,Foundation,22839,32333,448,55172,43784.754149,30928.153898,18125.135939,0,1.00,codable,adapted,1,c4a54cdecc67,914,4
swift,bytes,document,100,65,SwiftMsgpack,1.2.1,48108,36220,329,84328,20786.563565,27609.055770,11858.457452,0,1.00,codable,adapted,1,c4a54cdecc67,915,5
swift,bytes,document,100,65,XMLCoder,0.18.2,195046,235158,729,430204,5126.995683,4252.460048,2324.478619,0,1.00,codable,adapted,1,c4a54cdecc67,916,6
swift,bytes,document,100,65,SwiftProtobuf,1.38.1,4756,4444,155,9200,210260.723297,225022.502250,108695.652174,0,1.00,message,adapted,1,c4a54cdecc67,917,7
swift,bytes,document,100,65,SwiftBSON,3.1.0,48272,66499,525,114771,20715.942990,15037.820118,8713.002414,0,1.00,document,adapted,1,c4a54cdecc67,918,8
swift,bytes,document,100,65,CapnProto,capnproto-1.0.2,15966,11043,376,27009,62633.095328,90555.102780,37024.695472,0,1.00,message,adapted,1,c4a54cdecc67,919,9
swift,bytes,document,100,65,Foundation.PropertyListEncoder,Foundation,38563,64581,399,103144,25931.592459,15484.430405,9695.183433,0,1.00,codable,adapted,1,c4a54cdecc67,920,10
swift,bytes,document,100,65,Yams,5.4.0,241735,187606,429,429341,4136.761330,5330.319926,2329.150955,0,1.00,codable,adapted,1,c4a54cdecc67,921,11
swift,bytes,document,100,65,FlatBuffers,24.3.25,4086,4138,440,8224,244738.130201,241662.638956,121595.330739,0,1.00,archive,adapted,1,c4a54cdecc67,922,12
swift,bytes,document,100,65,BinaryCodable,4.0.0,48589,34538,337,83127,20580.789891,28953.616307,12029.785750,0,1.00,codable,adapted,1,c4a54cdecc67,923,13
swift,bytes,document,100,66,CapnProto,capnproto-1.0.2,12370,9318,376,21688,80840.743735,107319.167203,46108.447068,0,1.00,message,adapted,1,c4a54cdecc67,924,0
swift,bytes,document,100,66,SwiftBSON,3.1.0,45728,65657,525,111385,21868.439468,15230.668474,8977.869552,0,1.00,document,adapted,1,c4a54cdecc67,925,1
swift,bytes,document,100,66,Foundation.PropertyListEncoder,Foundation,37910,55684,399,93594,26378.264310,17958.479994,10684.445584,0,1.00,codable,adapted,1,c4a54cdecc67,926,2
swift,bytes,document,100,66,SwiftAvroCore,2.3.0,127421,30858,114,158279,7847.999937,32406.507227,6317.957531,0,1.00,schema,adapted,1,c4a54cdecc67,927,3
swift,bytes,document,100,66,XMLCoder,0.18.2,197369,240926,729,438295,5066.651804,4150.652067,2281.568350,0,1.00,codable,adapted,1,c4a54cdecc67,928,4
swift,bytes,document,100,66,FlatBuffers,24.3.25,3785,3765,440,7550,264200.792602,265604.249668,132450.331126,0,1.00,archive,adapted,1,c4a54cdecc67,929,5
swift,bytes,document,100,66,Yams,5.4.0,248193,188769,429,436962,4029.122497,5297.479989,2288.528522,0,1.00,codable,adapted,1,c4a54cdecc67,930,6
swift,bytes,document,100,66,IkigaJSON,2.5.3,20226,35713,448,55939,49441.313161,28001.008036,17876.615599,0,1.00,codable,adapted,1,c4a54cdecc67,931,7
swift,bytes,document,100,66,BinaryCodable,4.0.0,46613,34454,337,81067,21453.242658,29024.206188,12335.475594,0,1.00,codable,adapted,1,c4a54cdecc67,932,8
swift,bytes,document,100,66,SwiftCbor,0.0.4,56245,39992,332,96237,17779.358165,25005.001000,10391.013851,0,1.00,codable,adapted,1,c4a54cdecc67,933,9
swift,bytes,document,100,66,SwiftProtobuf,1.38.1,5127,4553,155,9680,195045.835771,219635.405227,103305.785124,0,1.00,message,adapted,1,c4a54cdecc67,934,10
swift,bytes,document,100,66,TOML,2.0.0,161915,45637,508,207552,6176.080042,21912.045051,4818.069689,0,1.00,codable,adapted,1,c4a54cdecc67,935,11
swift,bytes,document,100,66,Foundation.JSONEncoder,Foundation,24148,36050,448,60198,41411.297002,27739.251040,16611.847570,0,1.00,codable,adapted,1,c4a54cdecc67,936,12
swift,bytes,document,100,66,SwiftMsgpack,1.2.1,50449,36786,329,87235,19821.998454,27184.254880,11463.288818,0,1.00,codable,adapted,1,c4a54cdecc67,937,13
swift,bytes,document,100,67,Foundation.JSONEncoder,Foundation,18741,29536,448,48277,53358.945627,33856.988082,20713.797460,0,1.00,codable,adapted,1,c4a54cdecc67,938,0
swift,bytes,document,100,67,BinaryCodable,4.0.0,46725,34178,337,80903,21401.819155,29258.587395,12360.481070,0,1.00,codable,adapted,1,c4a54cdecc67,939,1
swift,bytes,document,100,67,Foundation.PropertyListEncoder,Foundation,45351,58515,399,103866,22050.230425,17089.635136,9627.789652,0,1.00,codable,adapted,1,c4a54cdecc67,940,2
swift,bytes,document,100,67,XMLCoder,0.18.2,196759,237840,729,434599,5082.359638,4204.507232,2300.971700,0,1.00,codable,adapted,1,c4a54cdecc67,941,3
swift,bytes,document,100,67,CapnProto,capnproto-1.0.2,17423,11026,376,28449,57395.396889,90694.721567,35150.620408,0,1.00,message,adapted,1,c4a54cdecc67,942,4
swift,bytes,document,100,67,SwiftMsgpack,1.2.1,48909,35633,329,84542,20446.134658,28063.873376,11828.440302,0,1.00,codable,adapted,1,c4a54cdecc67,943,5
swift,bytes,document,100,67,SwiftBSON,3.1.0,47977,66454,525,114431,20843.320758,15048.003130,8738.890685,0,1.00,document,adapted,1,c4a54cdecc67,944,6
swift,bytes,document,100,67,TOML,2.0.0,165392,42520,508,207912,6046.241656,23518.344309,4809.727192,0,1.00,codable,adapted,1,c4a54cdecc67,945,7
swift,bytes,document,100,67,SwiftProtobuf,1.38.1,4725,4724,155,9449,211640.211640,211685.012701,105831.304900,0,1.00,message,adapted,1,c4a54cdecc67,946,8
swift,bytes,document,100,67,IkigaJSON,2.5.3,20928,34544,448,55472,47782.874618,28948.587309,18027.112778,0,1.00,codable,adapted,1,c4a54cdecc67,947,9
swift,bytes,document,100,67,Yams,5.4.0,246710,189615,429,436325,4053.341980,5273.844369,2291.869593,0,1.00,codable,adapted,1,c4a54cdecc67,948,10
swift,bytes,document,100,67,FlatBuffers,24.3.25,4234,4140,440,8374,236183.278224,241545.893720,119417.243850,0,1.00,archive,adapted,1,c4a54cdecc67,949,11
swift,bytes,document,100,67,SwiftAvroCore,2.3.0,121342,30767,114,152109,8241.169587,32502.356421,6574.232951,0,1.00,schema,adapted,1,c4a54cdecc67,950,12
swift,bytes,document,100,67,SwiftCbor,0.0.4,55174,39814,332,94988,18124.478921,25116.793088,10527.645597,0,1.00,codable,adapted,1,c4a54cdecc67,951,13
swift,bytes,document,100,68,Foundation.JSONEncoder,Foundation,23301,38841,448,62142,42916.613021,25745.990062,16092.175984,0,1.00,codable,adapted,1,c4a54cdecc67,952,0
swift,bytes,document,100,68,BinaryCodable,4.0.0,47100,34842,337,81942,21231.422505,28700.993054,12203.753875,0,1.00,codable,adapted,1,c4a54cdecc67,953,1
swift,bytes,document,100,68,Foundation.PropertyListEncoder,Foundation,38715,58641,399,97356,25829.781738,17052.915196,10271.580591,0,1.00,codable,adapted,1,c4a54cdecc67,954,2
swift,bytes,document,100,68,Yams,5.4.0,237994,186540,429,424534,4201.786600,5360.780530,2355.523939,0,1.00,codable,adapted,1,c4a54cdecc67,955,3
swift,bytes,document,100,68,TOML,2.0.0,158949,45164,508,204113,6291.326149,22141.528651,4899.246986,0,1.00,codable,adapted,1,c4a54cdecc67,956,4
swift,bytes,document,100,68,SwiftCbor,0.0.4,54024,42762,332,96786,18510.291722,23385.248585,10332.072820,0,1.00,codable,adapted,1,c4a54cdecc67,957,5
swift,bytes,document,100,68,SwiftAvroCore,2.3.0,114176,30850,114,145026,8758.408072,32414.910859,6895.315323,0,1.00,schema,adapted,1,c4a54cdecc67,958,6
swift,bytes,document,100,68,SwiftProtobuf,1.38.1,4757,4801,155,9558,210216.523019,208289.939596,104624.398410,0,1.00,message,adapted,1,c4a54cdecc67,959,7
swift,bytes,document,100,68,SwiftBSON,3.1.0,49890,67655,525,117545,20044.097013,14780.873550,8507.380152,0,1.00,document,adapted,1,c4a54cdecc67,960,8
swift,bytes,document,100,68,SwiftMsgpack,1.2.1,48902,35813,329,84715,20449.061388,27922.821322,11804.284955,0,1.00,codable,adapted,1,c4a54cdecc67,961,9
swift,bytes,document,100,68,CapnProto,capnproto-1.0.2,17661,11050,376,28711,56621.935338,90497.737557,34829.856153,0,1.00,message,adapted,1,c4a54cdecc67,962,10
swift,bytes,document,100,68,XMLCoder,0.18.2,198562,241142,729,439704,5036.210352,4146.934172,2274.257228,0,1.00,codable,adapted,1,c4a54cdecc67,963,11
swift,bytes,document,100,68,IkigaJSON,2.5.3,21651,34730,448,56381,46187.243083,28793.550245,17736.471506,0,1.00,codable,adapted,1,c4a54cdecc67,964,12
swift,bytes,document,100,68,FlatBuffers,24.3.25,4092,4272,440,8364,244379.276637,234082.397004,119560.019130,0,1.00,archive,adapted,1,c4a54cdecc67,965,13
swift,bytes,document,100,69,Foundation.JSONEncoder,Foundation,23485,32263,448,55748,42580.370449,30995.257726,17937.863242,0,1.00,codable,adapted,1,c4a54cdecc67,966,0
swift,bytes,document,100,69,TOML,2.0.0,163092,44306,508,207398,6131.508596,22570.306505,4821.647268,0,1.00,codable,adapted,1,c4a54cdecc67,967,1
swift,bytes,document,100,69,SwiftAvroCore,2.3.0,115641,31492,114,147133,8647.452028,31754.096278,6796.571809,0,1.00,schema,adapted,1,c4a54cdecc67,968,2
swift,bytes,document,100,69,SwiftProtobuf,1.38.1,4585,4665,155,9250,218102.508179,214362.272240,108108.108108,0,1.00,message,adapted,1,c4a54cdecc67,969,3
swift,bytes,document,100,69,SwiftMsgpack,1.2.1,49883,36216,329,86099,20046.909769,27612.105147,11614.536754,0,1.00,codable,adapted,1,c4a54cdecc67,970,4
swift,bytes,document,100,69,SwiftBSON,3.1.0,48704,65747,525,114451,20532.194481,15209.819459,8737.363588,0,1.00,document,adapted,1,c4a54cdecc67,971,5
swift,bytes,document,100,69,Foundation.PropertyListEncoder,Foundation,39129,58314,399,97443,25556.492627,17148.540659,10262.409819,0,1.00,codable,adapted,1,c4a54cdecc67,972,6
swift,bytes,document,100,69,FlatBuffers,24.3.25,3803,3634,440,7437,262950.302393,275178.866263,134462.821030,0,1.00,archive,adapted,1,c4a54cdecc67,973,7
swift,bytes,document,100,69,SwiftCbor,0.0.4,55853,38220,332,94073,17904.141228,26164.311879,10630.042626,0,1.00,codable,adapted,1,c4a54cdecc67,974,8
swift,bytes,document,100,69,BinaryCodable,4.0.0,47908,35115,337,83023,20873.340569,28477.858465,12044.855040,0,1.00,codable,adapted,1,c4a54cdecc67,975,9
swift,bytes,document,100,69,IkigaJSON,2.5.3,20671,33510,448,54181,48376.953219,29841.838257,18456.654547,0,1.00,codable,adapted,1,c4a54cdecc67,976,10
swift,bytes,document,100,69,XMLCoder,0.18.2,195471,237491,729,432962,5115.848387,4210.685879,2309.671519,0,1.00,codable,adapted,1,c4a54cdecc67,977,11
swift,bytes,document,100,69,CapnProto,capnproto-1.0.2,17511,10681,376,28192,57106.961339,93624.192491,35471.055619,0,1.00,message,adapted,1,c4a54cdecc67,978,12
swift,bytes,document,100,69,Yams,5.4.0,246898,190408,429,437306,4050.255571,5251.880173,2286.728286,0,1.00,codable,adapted,1,c4a54cdecc67,979,13
swift,bytes,document,100,70,IkigaJSON,2.5.3,19128,33111,448,52239,52279.381012,30201.443629,19142.786041,0,1.00,codable,adapted,1,c4a54cdecc67,980,0
swift,bytes,document,100,70,SwiftProtobuf,1.38.1,4720,4727,155,9447,211864.406780,211550.666385,105853.710173,0,1.00,message,adapted,1,c4a54cdecc67,981,1
swift,bytes,document,100,70,SwiftMsgpack,1.2.1,48725,36543,329,85268,20523.345305,27365.022029,11727.729043,0,1.00,codable,adapted,1,c4a54cdecc67,982,2
swift,bytes,document,100,70,FlatBuffers,24.3.25,3872,4032,440,7904,258264.462810,248015.873016,126518.218623,0,1.00,archive,adapted,1,c4a54cdecc67,983,3
swift,bytes,document,100,70,SwiftAvroCore,2.3.0,119290,29950,114,149240,8382.932350,33388.981636,6700.616457,0,1.00,schema,adapted,1,c4a54cdecc67,984,4
swift,bytes,document,100,70,Yams,5.4.0,243801,185329,429,429130,4101.705899,5395.809614,2330.296181,0,1.00,codable,adapted,1,c4a54cdecc67,985,5
swift,bytes,document,100,70,CapnProto,capnproto-1.0.2,13875,9951,376,23826,72072.072072,100492.412823,41970.956098,0,1.00,message,adapted,1,c4a54cdecc67,986,6
swift,bytes,document,100,70,Foundation.JSONEncoder,Foundation,23314,31477,448,54791,42892.682508,31769.228325,18251.172638,0,1.00,codable,adapted,1,c4a54cdecc67,987,7
swift,bytes,document,100,70,SwiftBSON,3.1.0,45711,65588,525,111299,21876.572379,15246.691468,8984.806692,0,1.00,document,adapted,1,c4a54cdecc67,988,8
swift,bytes,document,100,70,XMLCoder,0.18.2,191919,237531,729,429450,5210.531526,4209.976803,2328.559786,0,1.00,codable,adapted,1,c4a54cdecc67,989,9
swift,bytes,document,100,70,Foundation.PropertyListEncoder,Foundation,39362,57443,399,96805,25405.213150,17408.561531,10330.044936,0,1.00,codable,adapted,1,c4a54cdecc67,990,10
swift,bytes,document,100,70,BinaryCodable,4.0.0,52686,34542,337,87228,18980.374293,28950.263447,11464.208740,0,1.00,codable,adapted,1,c4a54cdecc67,991,11
swift,bytes,document,100,70,TOML,2.0.0,159146,43415,508,202561,6283.538386,23033.513763,4936.784475,0,1.00,codable,adapted,1,c4a54cdecc67,992,12
swift,bytes,document,100,70,SwiftCbor,0.0.4,53943,37654,332,91597,18538.086499,26557.603442,10917.388124,0,1.00,codable,adapted,1,c4a54cdecc67,993,13
swift,bytes,document,100,71,Foundation.JSONEncoder,Foundation,21845,33305,448,55150,45777.065690,30025.521693,18132.366274,0,1.00,codable,adapted,1,c4a54cdecc67,994,0
swift,bytes,document,100,71,CapnProto,capnproto-1.0.2,14048,10106,376,24154,71184.510251,98951.118148,41401.010185,0,1.00,message,adapted,1,c4a54cdecc67,995,1
swift,bytes,document,100,71,FlatBuffers,24.3.25,3924,4231,440,8155,254841.997961,236350.744505,122624.156959,0,1.00,archive,adapted,1,c4a54cdecc67,996,2
swift,bytes,document,100,71,BinaryCodable,4.0.0,45308,32398,337,77706,22071.157411,30866.102846,12869.019123,0,1.00,codable,adapted,1,c4a54cdecc67,997,3
swift,bytes,document,100,71,SwiftProtobuf,1.38.1,4559,4491,155,9050,219346.347883,222667.557337,110497.237569,0,1.00,message,adapted,1,c4a54cdecc67,998,4
swift,bytes,document,100,71,SwiftMsgpack,1.2.1,47385,35211,329,82596,21103.724807,28400.215842,12107.123832,0,1.00,codable,adapted,1,c4a54cdecc67,999,5
swift,bytes,document,100,71,SwiftCbor,0.0.4,49859,35978,332,85837,20056.559498,27794.763467,11649.987768,0,1.00,codable,adapted,1,c4a54cdecc67,1000,6
swift,bytes,document,100,71,Yams,5.4.0,246110,184543,429,430653,4063.223762,5418.791284,2322.055112,0,1.00,codable,adapted,1,c4a54cdecc67,1001,7
swift,bytes,document,100,71,TOML,2.0.0,155668,42753,508,198421,6423.927846,23390.171450,5039.789135,0,1.00,codable,adapted,1,c4a54cdecc67,1002,8
swift,bytes,document,100,71,XMLCoder,0.18.2,191005,233938,729,424943,5235.465040,4274.636870,2353.256790,0,1.00,codable,adapted,1,c4a54cdecc67,1003,9
swift,bytes,document,100,71,Foundation.PropertyListEncoder,Foundation,39448,58505,399,97953,25349.827621,17092.556192,10208.977775,0,1.00,codable,adapted,1,c4a54cdecc67,1004,10
swift,bytes,document,100,71,SwiftAvroCore,2.3.0,114736,30271,114,145007,8715.660298,33034.917908,6896.218803,0,1.00,schema,adapted,1,c4a54cdecc67,1005,11
swift,bytes,document,100,71,SwiftBSON,3.1.0,46263,63616,525,109879,21615.545901,15719.315895,9100.920103,0,1.00,document,adapted,1,c4a54cdecc67,1006,12
swift,bytes,document,100,71,IkigaJSON,2.5.3,19551,34032,448,53583,51148.278860,29384.109074,18662.635537,0,1.00,codable,adapted,1,c4a54cdecc67,1007,13
swift,bytes,document,100,72,SwiftCbor,0.0.4,54996,38253,332,93249,18183.140592,26141.740517,10723.975592,0,1.00,codable,adapted,1,c4a54cdecc67,1008,0
swift,bytes,document,100,72,SwiftProtobuf,1.38.1,4661,4515,155,9176,214546.234714,221483.942414,108979.947690,0,1.00,message,adapted,1,c4a54cdecc67,1009,1
swift,bytes,document,100,72,SwiftBSON,3.1.0,43058,60062,525,103120,23224.487900,16649.462222,9697.439876,0,1.00,document,adapted,1,c4a54cdecc67,1010,2
swift,bytes,document,100,72,Foundation.JSONEncoder,Foundation,23080,32345,448,55425,43327.556326,30916.679549,18042.399639,0,1.00,codable,adapted,1,c4a54cdecc67,1011,3
swift,bytes,document,100,72,CapnProto,capnproto-1.0.2,15177,10957,376,26134,65889.174409,91265.857443,38264.329992,0,1.00,message,adapted,1,c4a54cdecc67,1012,4
swift,bytes,document,100,72,BinaryCodable,4.0.0,48350,34846,337,83196,20682.523268,28697.698445,12019.808645,0,1.00,codable,adapted,1,c4a54cdecc67,1013,5
swift,bytes,document,100,72,SwiftMsgpack,1.2.1,49251,37300,329,86551,20304.156261,26809.651475,11553.881526,0,1.00,codable,adapted,1,c4a54cdecc67,1014,6
swift,bytes,document,100,72,Yams,5.4.0,249493,190061,429,439554,4008.128485,5261.468686,2275.033329,0,1.00,codable,adapted,1,c4a54cdecc67,1015,7
swift,bytes,document,100,72,Foundation.PropertyListEncoder,Foundation,38279,56922,399,95201,26123.984430,17567.899933,10504.091344,0,1.00,codable,adapted,1,c4a54cdecc67,1016,8
swift,bytes,document,100,72,TOML,2.0.0,161862,45635,508,207497,6178.102334,21913.005369,4819.346786,0,1.00,codable,adapted,1,c4a54cdecc67,1017,9
swift,bytes,document,100,72,SwiftAvroCore,2.3.0,118832,30466,114,149298,8415.241686,32823.475350,6698.013369,0,1.00,schema,adapted,1,c4a54cdecc67,1018,10
swift,bytes,document,100,72,FlatBuffers,24.3.25,4168,3939,440,8107,239923.224568,253871.541000,123350.191193,0,1.00,archive,adapted,1,c4a54cdecc67,1019,11
swift,bytes,document,100,72,XMLCoder,0.18.2,200569,242054,729,442623,4985.815355,4131.309542,2259.259008,0,1.00,codable,adapted,1,c4a54cdecc67,1020,12
swift,bytes,document,100,72,IkigaJSON,2.5.3,21605,34172,448,55777,46285.582041,29263.724687,17928.536852,0,1.00,codable,adapted,1,c4a54cdecc67,1021,13
swift,bytes,document,100,73,SwiftAvroCore,2.3.0,113037,29610,114,142647,8846.660828,33772.374198,7010.312169,0,1.00,schema,adapted,1,c4a54cdecc67,1022,0
swift,bytes,document,100,73,Foundation.JSONEncoder,Foundation,23372,32277,448,55649,42786.239945,30981.813675,17969.774839,0,1.00,codable,adapted,1,c4a54cdecc67,1023,1
swift,bytes,document,100,73,BinaryCodable,4.0.0,47709,35272,337,82981,20960.405793,28351.100023,12050.951423,0,1.00,codable,adapted,1,c4a54cdecc67,1024,2
swift,bytes,document,100,73,CapnProto,capnproto-1.0.2,15717,10671,376,26388,63625.373799,93711.929529,37896.013339,0,1.00,message,adapted,1,c4a54cdecc67,1025,3
swift,bytes,document,100,73,SwiftMsgpack,1.2.1,48831,37027,329,85858,20478.794209,27007.318983,11647.138298,0,1.00,codable,adapted,1,c4a54cdecc67,1026,4
swift,bytes,document,100,73,Yams,5.4.0,245182,188576,429,433758,4078.602834,5302.901748,2305.432983,0,1.00,codable,adapted,1,c4a54cdecc67,1027,5
swift,bytes,document,100,73,XMLCoder,0.18.2,193680,242524,729,436204,5163.155721,4123.303261,2292.505342,0,1.00,codable,adapted,1,c4a54cdecc67,1028,6
swift,bytes,document,100,73,SwiftProtobuf,1.38.1,5003,4637,155,9640,199880.071957,215656.674574,103734.439834,0,1.00,message,adapted,1,c4a54cdecc67,1029,7
swift,bytes,document,100,73,IkigaJSON,2.5.3,21101,34398,448,55499,47391.118904,29071.457643,18018.342673,0,1.00,codable,adapted,1,c4a54cdecc67,1030,8
swift,bytes,document,100,73,FlatBuffers,24.3.25,4013,4286,440,8299,249190.132071,233317.778815,120496.445355,0,1.00,archive,adapted,1,c4a54cdecc67,1031,9
swift,bytes,document,100,73,SwiftBSON,3.1.0,46341,66287,525,112628,21579.163160,15085.914282,8878.786803,0,1.00,document,adapted,1,c4a54cdecc67,1032,10
swift,bytes,document,100,73,Foundation.PropertyListEncoder,Foundation,47662,60175,399,107837,20981.075070,16618.196926,9273.255005,0,1.00,codable,adapted,1,c4a54cdecc67,1033,11
swift,bytes,document,100,73,SwiftCbor,0.0.4,60024,37387,332,97411,16660.002666,26747.265092,10265.781072,0,1.00,codable,adapted,1,c4a54cdecc67,1034,12
swift,bytes,document,100,73,TOML,2.0.0,157210,43879,508,201089,6360.918517,22789.945076,4972.922437,0,1.00,codable,adapted,1,c4a54cdecc67,1035,13
swift,bytes,document,100,74,Foundation.JSONEncoder,Foundation,22357,33088,448,55445,44728.720311,30222.437137,18035.891424,0,1.00,codable,adapted,1,c4a54cdecc67,1036,0
swift,bytes,document,100,74,Foundation.PropertyListEncoder,Foundation,34603,52149,399,86752,28899.228391,19175.823122,11527.111767,0,1.00,codable,adapted,1,c4a54cdecc67,1037,1
swift,bytes,document,100,74,IkigaJSON,2.5.3,19616,32646,448,52262,50978.792822,30631.624089,19134.361486,0,1.00,codable,adapted,1,c4a54cdecc67,1038,2
swift,bytes,document,100,74,FlatBuffers,24.3.25,3753,4330,440,8083,266453.503864,230946.882217,123716.441915,0,1.00,archive,adapted,1,c4a54cdecc67,1039,3
swift,bytes,document,100,74,BinaryCodable,4.0.0,46313,33261,337,79574,21592.209531,30065.241574,12566.918843,0,1.00,codable,adapted,1,c4a54cdecc67,1040,4
swift,bytes,document,100,74,SwiftProtobuf,1.38.1,4320,4392,155,8712,231481.481481,227686.703097,114784.205693,0,1.00,message,adapted,1,c4a54cdecc67,1041,5
swift,bytes,document,100,74,SwiftMsgpack,1.2.1,48270,35165,329,83435,20716.801326,28437.366700,11985.377839,0,1.00,codable,adapted,1,c4a54cdecc67,1042,6
swift,bytes,document,100,74,SwiftCbor,0.0.4,52497,37105,332,89602,19048.707545,26950.545749,11160.465168,0,1.00,codable,adapted,1,c4a54cdecc67,1043,7
swift,bytes,document,100,74,CapnProto,capnproto-1.0.2,17831,10495,376,28326,56082.104201,95283.468318,35303.254960,0,1.00,message,adapted,1,c4a54cdecc67,1044,8
swift,bytes,document,100,74,SwiftAvroCore,2.3.0,115924,29794,114,145718,8626.341396,33563.804793,6862.570170,0,1.00,schema,adapted,1,c4a54cdecc67,1045,9
swift,bytes,document,100,74,TOML,2.0.0,151595,41674,508,193269,6596.523632,23995.776743,5174.135531,0,1.00,codable,adapted,1,c4a54cdecc67,1046,10
swift,bytes,document,100,74,Yams,5.4.0,246182,186878,429,433060,4062.035405,5351.084665,2309.148848,0,1.00,codable,adapted,1,c4a54cdecc67,1047,11
swift,bytes,document,100,74,SwiftBSON,3.1.0,47016,65058,525,112074,21269.355113,15370.899812,8922.676089,0,1.00,document,adapted,1,c4a54cdecc67,1048,12
swift,bytes,document,100,74,XMLCoder,0.18.2,194124,244199,729,438323,5151.346562,4095.020864,2281.422604,0,1.00,codable,adapted,1,c4a54cdecc67,1049,13
swift,bytes,document,100,75,TOML,2.0.0,162390,43044,508,205434,6158.014656,23232.041632,4867.743412,0,1.00,codable,adapted,1,c4a54cdecc67,1050,0
swift,bytes,document,100,75,BinaryCodable,4.0.0,47963,34742,337,82705,20849.404749,28783.604859,12091.167402,0,1.00,codable,adapted,1,c4a54cdecc67,1051,1
swift,bytes,document,100,75,SwiftMsgpack,1.2.1,50405,36001,329,86406,19839.301657,27777.006194,11573.270375,0,1.00,codable,adapted,1,c4a54cdecc67,1052,2
swift,bytes,document,100,75,CapnProto,capnproto-1.0.2,19317,11088,376,30405,51767.872858,90187.590188,32889.327413,0,1.00,message,adapted,1,c4a54cdecc67,1053,3
swift,bytes,document,100,75,XMLCoder,0.18.2,195049,236068,729,431117,5126.916826,4236.067574,2319.555944,0,1.00,codable,adapted,1,c4a54cdecc67,1054,4
swift,bytes,document,100,75,SwiftProtobuf,1.38.1,5499,4857,155,10356,181851.245681,205888.408483,96562.379297,0,1.00,message,adapted,1,c4a54cdecc67,1055,5
swift,bytes,document,100,75,SwiftCbor,0.0.4,57070,38734,332,95804,17522.340985,25817.111582,10437.977537,0,1.00,codable,adapted,1,c4a54cdecc67,1056,6
swift,bytes,document,100,75,SwiftBSON,3.1.0,49484,66318,525,115802,20208.552259,15078.862451,8635.429440,0,1.00,document,adapted,1,c4a54cdecc67,1057,7
swift,bytes,document,100,75,Yams,5.4.0,245919,188710,429,434629,4066.379580,5299.136241,2300.812877,0,1.00,codable,adapted,1,c4a54cdecc67,1058,8
swift,bytes,document,100,75,FlatBuffers,24.3.25,5187,4779,440,9966,192789.666474,209248.796819,100341.159944,0,1.00,archive,adapted,1,c4a54cdecc67,1059,9
swift,bytes,document,100,75,SwiftAvroCore,2.3.0,125381,31474,114,156855,7975.690097,31772.256466,6375.314781,0,1.00,schema,adapted,1,c4a54cdecc67,1060,10
swift,bytes,document,100,75,IkigaJSON,2.5.3,20706,36398,448,57104,48295.180141,27474.037035,17511.908098,0,1.00,codable,adapted,1,c4a54cdecc67,1061,11
swift,bytes,document,100,75,Foundation.PropertyListEncoder,Foundation,43474,67976,399,111450,23002.254221,14711.074497,8972.633468,0,1.00,codable,adapted,1,c4a54cdecc67,1062,12
swift,bytes,document,100,75,Foundation.JSONEncoder,Foundation,24723,34731,448,59454,40448.165676,28792.721200,16819.726175,0,1.00,codable,adapted,1,c4a54cdecc67,1063,13
swift,bytes,document,100,76,Foundation.PropertyListEncoder,Foundation,34227,50386,399,84613,29216.700266,19846.782837,11818.514885,0,1.00,codable,adapted,1,c4a54cdecc67,1064,0
swift,bytes,document,100,76,IkigaJSON,2.5.3,19879,31787,448,51666,50304.341265,31459.401642,19355.088453,0,1.00,codable,adapted,1,c4a54cdecc67,1065,1
swift,bytes,document,100,76,FlatBuffers,24.3.25,4159,4281,440,8440,240442.414042,233590.282644,118483.412322,0,1.00,archive,adapted,1,c4a54cdecc67,1066,2
swift,bytes,document,100,76,SwiftMsgpack,1.2.1,49542,36347,329,85889,20184.893626,27512.587009,11642.934485,0,1.00,codable,adapted,1,c4a54cdecc67,1067,3
swift,bytes,document,100,76,SwiftAvroCore,2.3.0,114809,30354,114,145163,8710.118545,32944.587204,6888.807754,0,1.00,schema,adapted,1,c4a54cdecc67,1068,4
swift,bytes,document,100,76,BinaryCodable,4.0.0,48472,35638,337,84110,20630.467074,28059.936023,11889.192724,0,1.00,codable,adapted,1,c4a54cdecc67,1069,5
swift,bytes,document,100,76,Yams,5.4.0,248253,193128,429,441381,4028.148703,5177.913094,2265.616327,0,1.00,codable,adapted,1,c4a54cdecc67,1070,6
swift,bytes,document,100,76,SwiftBSON,3.1.0,47297,65526,525,112823,21142.990042,15261.117724,8863.440965,0,1.00,document,adapted,1,c4a54cdecc67,1071,7
swift,bytes,document,100,76,XMLCoder,0.18.2,200012,237360,729,437372,4999.700018,4213.009774,2286.383216,0,1.00,codable,adapted,1,c4a54cdecc67,1072,8
swift,bytes,document,100,76,TOML,2.0.0,159193,46848,508,206041,6281.683240,21345.628415,4853.402963,0,1.00,codable,adapted,1,c4a54cdecc67,1073,9
swift,bytes,document,100,76,Foundation.JSONEncoder,Foundation,28102,35831,448,63933,35584.655896,27908.794061,15641.374564,0,1.00,codable,adapted,1,c4a54cdecc67,1074,10
swift,bytes,document,100,76,SwiftCbor,0.0.4,55005,38508,332,93513,18180.165440,25968.629895,10693.700341,0,1.00,codable,adapted,1,c4a54cdecc67,1075,11
swift,bytes,document,100,76,SwiftProtobuf,1.38.1,6281,4838,155,11119,159210.316829,206696.982224,89936.145337,0,1.00,message,adapted,1,c4a54cdecc67,1076,12
swift,bytes,document,100,76,CapnProto,capnproto-1.0.2,22726,13039,376,35765,44002.464138,76692.997929,27960.296379,0,1.00,message,adapted,1,c4a54cdecc67,1077,13
swift,bytes,document,100,77,SwiftAvroCore,2.3.0,115219,30518,114,145737,8679.124103,32767.547021,6861.675484,0,1.00,schema,adapted,1,c4a54cdecc67,1078,0
swift,bytes,document,100,77,Foundation.PropertyListEncoder,Foundation,39902,59634,399,99536,25061.400431,16768.957306,10046.616300,0,1.00,codable,adapted,1,c4a54cdecc67,1079,1
swift,bytes,document,100,77,SwiftMsgpack,1.2.1,50428,37029,329,87457,19830.253034,27005.860272,11434.190516,0,1.00,codable,adapted,1,c4a54cdecc67,1080,2
swift,bytes,document,100,77,SwiftProtobuf,1.38.1,3880,3838,155,7718,257731.958763,260552.371027,129567.245400,0,1.00,message,adapted,1,c4a54cdecc67,1081,3
swift,bytes,document,100,77,IkigaJSON,2.5.3,22684,35556,448,58240,44083.935814,28124.648442,17170.329670,0,1.00,codable,adapted,1,c4a54cdecc67,1082,4
swift,bytes,document,100,77,Yams,5.4.0,251471,190851,429,442322,3976.601676,5239.689601,2260.796433,0,1.00,codable,adapted,1,c4a54cdecc67,1083,5
swift,bytes,document,100,77,SwiftCbor,0.0.4,54522,38706,332,93228,18341.220058,25835.787733,10726.391213,0,1.00,codable,adapted,1,c4a54cdecc67,1084,6
swift,bytes,document,100,77,FlatBuffers,24.3.25,4632,4644,440,9276,215889.464594,215331.610680,107805.088400,0,1.00,archive,adapted,1,c4a54cdecc67,1085,7
swift,bytes,document,100,77,Foundation.JSONEncoder,Foundation,22647,33408,448,56055,44155.958847,29932.950192,17839.621800,0,1.00,codable,adapted,1,c4a54cdecc67,1086,8
swift,bytes,document,100,77,BinaryCodable,4.0.0,50516,35198,337,85714,19795.708290,28410.705154,11666.705556,0,1.00,codable,adapted,1,c4a54cdecc67,1087,9
swift,bytes,document,100,77,TOML,2.0.0,161488,44973,508,206461,6192.410582,22235.563560,4843.529771,0,1.00,codable,adapted,1,c4a54cdecc67,1088,10
swift,bytes,document,100,77,CapnProto,capnproto-1.0.2,17062,11011,376,28073,58609.776111,90818.272636,35621.415595,0,1.00,message,adapted,1,c4a54cdecc67,1089,11
swift,bytes,document,100,77,SwiftBSON,3.1.0,47012,66507,525,113519,21271.164809,15036.011247,8809.098036,0,1.00,document,adapted,1,c4a54cdecc67,1090,12
swift,bytes,document,100,77,XMLCoder,0.18.2,202303,247922,729,450225,4943.080429,4033.526674,2221.111666,0,1.00,codable,adapted,1,c4a54cdecc67,1091,13
swift,bytes,document,100,78,XMLCoder,0.18.2,185582,218680,729,404262,5388.453622,4572.891897,2473.643330,0,1.00,codable,adapted,1,c4a54cdecc67,1092,0
swift,bytes,document,100,78,Foundation.PropertyListEncoder,Foundation,40909,59503,399,100412,24444.498766,16805.875334,9958.969048,0,1.00,codable,adapted,1,c4a54cdecc67,1093,1
swift,bytes,document,100,78,CapnProto,capnproto-1.0.2,13491,9687,376,23178,74123.489734,103231.134510,43144.361032,0,1.00,message,adapted,1,c4a54cdecc67,1094,2
swift,bytes,document,100,78,FlatBuffers,24.3.25,4335,4338,440,8673,230680.507497,230520.977409,115300.357431,0,1.00,archive,adapted,1,c4a54cdecc67,1095,3
swift,bytes,document,100,78,SwiftMsgpack,1.2.1,50210,36742,329,86952,19916.351324,27216.809101,11500.598031,0,1.00,codable,adapted,1,c4a54cdecc67,1096,4
swift,bytes,document,100,78,SwiftAvroCore,2.3.0,128712,31522,114,160234,7769.283361,31723.875389,6240.872724,0,1.00,schema,adapted,1,c4a54cdecc67,1097,5
swift,bytes,document,100,78,TOML,2.0.0,159811,44995,508,204806,6257.391544,22224.691632,4882.669453,0,1.00,codable,adapted,1,c4a54cdecc67,1098,6
swift,bytes,document,100,78,SwiftProtobuf,1.38.1,5199,4655,155,9854,192344.681670,214822.771214,101481.631825,0,1.00,message,adapted,1,c4a54cdecc67,1099,7
swift,bytes,document,100,78,Yams,5.4.0,246725,194181,429,440906,4053.095552,5149.834433,2268.057137,0,1.00,codable,adapted,1,c4a54cdecc67,1100,8
swift,bytes,document,100,78,SwiftCbor,0.0.4,55728,39366,332,95094,17944.300890,25402.631713,10515.910573,0,1.00,codable,adapted,1,c4a54cdecc67,1101,9
swift,bytes,document,100,78,BinaryCodable,4.0.0,48079,34444,337,82523,20799.101479,29032.632679,12117.833816,0,1.00,codable,adapted,1,c4a54cdecc67,1102,10
swift,bytes,document,100,78,Foundation.JSONEncoder,Foundation,23622,40584,448,64206,42333.418000,24640.252316,15574.868392,0,1.00,codable,adapted,1,c4a54cdecc67,1103,11
swift,bytes,document,100,78,SwiftBSON,3.1.0,46047,66480,525,112527,21716.941386,15042.117930,8886.756067,0,1.00,document,adapted,1,c4a54cdecc67,1104,12
swift,bytes,document,100,78,IkigaJSON,2.5.3,20428,34430,448,54858,48952.418249,29044.437990,18228.881840,0,1.00,codable,adapted,1,c4a54cdecc67,1105,13
swift,bytes,document,100,79,SwiftBSON,3.1.0,39803,59471,525,99274,25123.734392,16814.918195,10073.130931,0,1.00,document,adapted,1,c4a54cdecc67,1106,0
swift,bytes,document,100,79,SwiftCbor,0.0.4,51756,36910,332,88666,19321.431332,27092.928746,11278.280288,0,1.00,codable,adapted,1,c4a54cdecc67,1107,1
swift,bytes,document,100,79,FlatBuffers,24.3.25,4062,3973,440,8035,246184.145741,251698.968034,124455.507156,0,1.00,archive,adapted,1,c4a54cdecc67,1108,2
swift,bytes,document,100,79,BinaryCodable,4.0.0,44782,32906,337,77688,22330.400607,30389.594603,12872.000824,0,1.00,codable,adapted,1,c4a54cdecc67,1109,3
swift,bytes,document,100,79,XMLCoder,0.18.2,202074,245677,729,447751,4948.682166,4070.385099,2233.384180,0,1.00,codable,adapted,1,c4a54cdecc67,1110,4
swift,bytes,document,100,79,SwiftProtobuf,1.38.1,4680,4537,155,9217,213675.213675,220409.962530,108495.171965,0,1.00,message,adapted,1,c4a54cdecc67,1111,5
swift,bytes,document,100,79,Yams,5.4.0,245727,189718,429,435445,4069.556866,5270.981140,2296.501280,0,1.00,codable,adapted,1,c4a54cdecc67,1112,6
swift,bytes,document,100,79,SwiftMsgpack,1.2.1,49768,40800,329,90568,20093.232599,24509.803922,11041.427436,0,1.00,codable,adapted,1,c4a54cdecc67,1113,7
swift,bytes,document,100,79,IkigaJSON,2.5.3,20725,34466,448,55191,48250.904704,29014.100853,18118.896197,0,1.00,codable,adapted,1,c4a54cdecc67,1114,8
swift,bytes,document,100,79,SwiftAvroCore,2.3.0,122080,31549,114,153629,8191.349934,31696.725728,6509.187718,0,1.00,schema,adapted,1,c4a54cdecc67,1115,9
swift,bytes,document,100,79,TOML,2.0.0,157929,45619,508,203548,6331.959298,21920.690940,4912.846110,0,1.00,codable,adapted,1,c4a54cdecc67,1116,10
swift,bytes,document,100,79,CapnProto,capnproto-1.0.2,17652,10838,376,28490,56650.804441,92267.946116,35100.035100,0,1.00,message,adapted,1,c4a54cdecc67,1117,11
swift,bytes,document,100,79,Foundation.JSONEncoder,Foundation,24018,32440,448,56458,41635.440087,30826.140567,17712.281696,0,1.00,codable,adapted,1,c4a54cdecc67,1118,12
swift,bytes,document,100,79,Foundation.PropertyListEncoder,Foundation,38715,58700,399,97415,25829.781738,17035.775128,10265.359544,0,1.00,codable,adapted,1,c4a54cdecc67,1119,13
swift,bytes,document,100,80,IkigaJSON,2.5.3,19790,33152,448,52942,50530.570995,30164.092664,18888.595066,0,1.00,codable,adapted,1,c4a54cdecc67,1120,0
swift,bytes,document,100,80,BinaryCodable,4.0.0,47975,34732,337,82707,20844.189682,28791.892203,12090.875017,0,1.00,codable,adapted,1,c4a54cdecc67,1121,1
swift,bytes,document,100,80,Yams,5.4.0,250964,189082,429,440046,3984.635246,5288.710718,2272.489694,0,1.00,codable,adapted,1,c4a54cdecc67,1122,2
swift,bytes,document,100,80,SwiftAvroCore,2.3.0,119815,30460,114,150275,8346.200392,32829.940906,6654.466811,0,1.00,schema,adapted,1,c4a54cdecc67,1123,3
swift,bytes,document,100,80,XMLCoder,0.18.2,196737,245860,729,442597,5082.927970,4067.355406,2259.391727,0,1.00,codable,adapted,1,c4a54cdecc67,1124,4
swift,bytes,document,100,80,Foundation.JSONEncoder,Foundation,23053,33941,448,56994,43378.302173,29462.891488,17545.706566,0,1.00,codable,adapted,1,c4a54cdecc67,1125,5
swift,bytes,document,100,80,SwiftCbor,0.0.4,55034,40936,332,95970,18170.585456,24428.376002,10419.922893,0,1.00,codable,adapted,1,c4a54cdecc67,1126,6
swift,bytes,document,100,80,SwiftMsgpack,1.2.1,46465,35082,329,81547,21521.575379,28504.646257,12262.866813,0,1.00,codable,adapted,1,c4a54cdecc67,1127,7
swift,bytes,document,100,80,SwiftProtobuf,1.38.1,4649,4500,155,9149,215100.021510,222222.222222,109301.563012,0,1.00,message,adapted,1,c4a54cdecc67,1128,8
swift,bytes,document,100,80,Foundation.PropertyListEncoder,Foundation,38274,54673,399,92947,26127.397189,18290.563898,10758.819542,0,1.00,codable,adapted,1,c4a54cdecc67,1129,9
swift,bytes,document,100,80,SwiftBSON,3.1.0,46822,64582,525,111404,21357.481526,15484.190641,8976.338372,0,1.00,document,adapted,1,c4a54cdecc67,1130,10
swift,bytes,document,100,80,FlatBuffers,24.3.25,3925,3647,440,7572,254777.070064,274197.970935,132065.504490,0,1.00,archive,adapted,1,c4a54cdecc67,1131,11
swift,bytes,document,100,80,CapnProto,capnproto-1.0.2,15500,10665,376,26165,64516.129032,93764.650727,38218.994840,0,1.00,message,adapted,1,c4a54cdecc67,1132,12
swift,bytes,document,100,80,TOML,2.0.0,158368,43521,508,201889,6314.406951,22977.413203,4953.216867,0,1.00,codable,adapted,1,c4a54cdecc67,1133,13
swift,bytes,document,100,81,CapnProto,capnproto-1.0.2,8349,6722,376,15071,119774.823332,148765.248438,66352.597704,0,1.00,message,adapted,1,c4a54cdecc67,1134,0
swift,bytes,document,100,81,SwiftProtobuf,1.38.1,3981,3927,155,7908,251193.167546,254647.313471,126454.223571,0,1.00,message,adapted,1,c4a54cdecc67,1135,1
swift,bytes,document,100,81,FlatBuffers,24.3.25,3128,3452,440,6580,319693.094629,289687.137891,151975.683891,0,1.00,archive,adapted,1,c4a54cdecc67,1136,2
swift,bytes,document,100,81,TOML,2.0.0,150396,42581,508,192977,6649.113008,23484.652779,5181.964690,0,1.00,codable,adapted,1,c4a54cdecc67,1137,3
swift,bytes,document,100,81,Yams,5.4.0,237281,182530,429,419811,4214.412448,5478.551471,2382.024292,0,1.00,codable,adapted,1,c4a54cdecc67,1138,4
swift,bytes,document,100,81,SwiftCbor,0.0.4,54113,37898,332,92011,18479.847726,26386.616708,10868.265751,0,1.00,codable,adapted,1,c4a54cdecc67,1139,5
swift,bytes,document,100,81,IkigaJSON,2.5.3,20223,33247,448,53470,49448.647579,30077.901766,18702.075930,0,1.00,codable,adapted,1,c4a54cdecc67,1140,6
swift,bytes,document,100,81,SwiftAvroCore,2.3.0,115321,30420,114,145741,8671.447525,32873.109796,6861.487159,0,1.00,schema,adapted,1,c4a54cdecc67,1141,7
swift,bytes,document,100,81,SwiftBSON,3.1.0,45146,63828,525,108974,22150.356621,15667.105346,9176.500817,0,1.00,document,adapted,1,c4a54cdecc67,1142,8
swift,bytes,document,100,81,Foundation.JSONEncoder,Foundation,23122,31651,448,54773,43248.853905,31594.578370,18257.170504,0,1.00,codable,adapted,1,c4a54cdecc67,1143,9
swift,bytes,document,100,81,BinaryCodable,4.0.0,47195,34692,337,81887,21188.685242,28825.089358,12211.950615,0,1.00,codable,adapted,1,c4a54cdecc67,1144,10
swift,bytes,document,100,81,SwiftMsgpack,1.2.1,47693,35810,329,83503,20967.437569,27925.160570,11975.617642,0,1.00,codable,adapted,1,c4a54cdecc67,1145,11
swift,bytes,document,100,81,XMLCoder,0.18.2,194506,236421,729,430927,5141.229576,4229.742705,2320.578659,0,1.00,codable,adapted,1,c4a54cdecc67,1146,12
swift,bytes,document,100,81,Foundation.PropertyListEncoder,Foundation,39389,59146,399,98535,25387.798624,16907.314104,10148.678135,0,1.00,codable,adapted,1,c4a54cdecc67,1147,13
swift,bytes,document,100,82,SwiftAvroCore,2.3.0,122884,30560,114,153444,8137.755932,32722.513089,6517.035531,0,1.00,schema,adapted,1,c4a54cdecc67,1148,0
swift,bytes,document,100,82,Foundation.JSONEncoder,Foundation,21617,31193,448,52810,46259.888051,32058.474658,18935.807612,0,1.00,codable,adapted,1,c4a54cdecc67,1149,1
swift,bytes,document,100,82,FlatBuffers,24.3.25,4442,4209,440,8651,225123.818100,237586.124970,115593.572997,0,1.00,archive,adapted,1,c4a54cdecc67,1150,2
swift,bytes,document,100,82,CapnProto,capnproto-1.0.2,16412,10783,376,27195,60931.026078,92738.569971,36771.465343,0,1.00,message,adapted,1,c4a54cdecc67,1151,3
swift,bytes,document,100,82,SwiftMsgpack,1.2.1,48436,35265,329,83701,20645.800644,28356.727634,11947.288563,0,1.00,codable,adapted,1,c4a54cdecc67,1152,4
swift,bytes,document,100,82,Foundation.PropertyListEncoder,Foundation,36903,52517,399,89420,27098.067908,19041.453244,11183.180497,0,1.00,codable,adapted,1,c4a54cdecc67,1153,5
swift,bytes,document,100,82,SwiftProtobuf,1.38.1,4791,4610,155,9401,208724.692131,216919.739696,106371.662589,0,1.00,message,adapted,1,c4a54cdecc67,1154,6
swift,bytes,document,100,82,Yams,5.4.0,241359,204292,429,445651,4143.205764,4894.954281,2243.908350,0,1.00,codable,adapted,1,c4a54cdecc67,1155,7
swift,bytes,document,100,82,BinaryCodable,4.0.0,48901,35460,337,84361,20449.479561,28200.789622,11853.818708,0,1.00,codable,adapted,1,c4a54cdecc67,1156,8
swift,bytes,document,100,82,XMLCoder,0.18.2,193580,249989,729,443569,5165.822916,4000.176008,2254.440685,0,1.00,codable,adapted,1,c4a54cdecc67,1157,9
swift,bytes,document,100,82,IkigaJSON,2.5.3,21345,34437,448,55782,46849.379246,29038.534135,17926.929834,0,1.00,codable,adapted,1,c4a54cdecc67,1158,10
swift,bytes,document,100,82,TOML,2.0.0,162134,45518,508,207652,6167.737797,21969.330814,4815.749427,0,1.00,codable,adapted,1,c4a54cdecc67,1159,11
swift,bytes,document,100,82,SwiftCbor,0.0.4,55537,38362,332,93899,18006.014009,26067.462593,10649.740679,0,1.00,codable,adapted,1,c4a54cdecc67,1160,12
swift,bytes,document,100,82,SwiftBSON,3.1.0,47992,66829,525,114821,20836.806134,14963.563722,8709.208246,0,1.00,document,adapted,1,c4a54cdecc67,1161,13
swift,bytes,document,100,83,SwiftProtobuf,1.38.1,4662,4570,155,9232,214500.214500,218818.380744,108318.890815,0,1.00,message,adapted,1,c4a54cdecc67,1162,0
swift,bytes,document,100,83,XMLCoder,0.18.2,193558,234169,729,427727,5166.410068,4270.420081,2337.939854,0,1.00,codable,adapted,1,c4a54cdecc67,1163,1
swift,bytes,document,100,83,SwiftMsgpack,1.2.1,48047,35189,329,83236,20812.953983,28417.971525,12014.032390,0,1.00,codable,adapted,1,c4a54cdecc67,1164,2
swift,bytes,document,100,83,BinaryCodable,4.0.0,47265,34053,337,81318,21157.304559,29365.988312,12297.400330,0,1.00,codable,adapted,1,c4a54cdecc67,1165,3
swift,bytes,document,100,83,Foundation.JSONEncoder,Foundation,23642,35673,448,59315,42297.605956,28032.405461,16859.141870,0,1.00,codable,adapted,1,c4a54cdecc67,1166,4
swift,bytes,document,100,83,SwiftCbor,0.0.4,52616,43213,332,95829,19005.625665,23141.184366,10435.254464,0,1.00,codable,adapted,1,c4a54cdecc67,1167,5
swift,bytes,document,100,83,FlatBuffers,24.3.25,4177,4300,440,8477,239406.272444,232558.139535,117966.261649,0,1.00,archive,adapted,1,c4a54cdecc67,1168,6
swift,bytes,document,100,83,CapnProto,capnproto-1.0.2,17513,10810,376,28323,57100.439673,92506.938020,35306.994316,0,1.00,message,adapted,1,c4a54cdecc67,1169,7
swift,bytes,document,100,83,Yams,5.4.0,245494,191418,429,436912,4073.419310,5224.169096,2288.790420,0,1.00,codable,adapted,1,c4a54cdecc67,1170,8
swift,bytes,document,100,83,SwiftAvroCore,2.3.0,122645,30644,114,153289,8153.614089,32632.815559,6523.625309,0,1.00,schema,adapted,1,c4a54cdecc67,1171,9
swift,bytes,document,100,83,IkigaJSON,2.5.3,19887,35233,448,55120,50284.105194,28382.482332,18142.235123,0,1.00,codable,adapted,1,c4a54cdecc67,1172,10
swift,bytes,document,100,83,SwiftBSON,3.1.0,45231,64198,525,109429,22108.730738,15576.809246,9138.345411,0,1.00,document,adapted,1,c4a54cdecc67,1173,11
swift,bytes,document,100,83,Foundation.PropertyListEncoder,Foundation,39396,63762,399,103158,25383.287643,15683.322355,9693.867659,0,1.00,codable,adapted,1,c4a54cdecc67,1174,12
swift,bytes,document,100,83,TOML,2.0.0,158735,44885,508,203620,6299.807856,22279.157848,4911.108928,0,1.00,codable,adapted,1,c4a54cdecc67,1175,13
swift,bytes,document,100,84,CapnProto,capnproto-1.0.2,14970,10508,376,25478,66800.267201,95165.588123,39249.548630,0,1.00,message,adapted,1,c4a54cdecc67,1176,0
swift,bytes,document,100,84,Yams,5.4.0,241239,190008,429,431247,4145.266727,5262.936297,2318.856711,0,1.00,codable,adapted,1,c4a54cdecc67,1177,1
swift,bytes,document,100,84,SwiftAvroCore,2.3.0,119068,30751,114,149819,8398.562166,32519.267666,6674.720830,0,1.00,schema,adapted,1,c4a54cdecc67,1178,2
swift,bytes,document,100,84,Foundation.PropertyListEncoder,Foundation,41827,57197,399,99024,23908.002008,17483.434446,10098.561965,0,1.00,codable,adapted,1,c4a54cdecc67,1179,3
swift,bytes,document,100,84,IkigaJSON,2.5.3,19949,34010,448,53959,50127.825956,29403.116730,18532.589559,0,1.00,codable,adapted,1,c4a54cdecc67,1180,4
swift,bytes,document,100,84,SwiftCbor,0.0.4,56125,38496,332,94621,17817.371938,25976.724855,10568.478456,0,1.00,codable,adapted,1,c4a54cdecc67,1181,5
swift,bytes,document,100,84,FlatBuffers,24.3.25,4000,4006,440,8006,250000.000000,249625.561658,124906.320260,0,1.00,archive,adapted,1,c4a54cdecc67,1182,6
swift,bytes,document,100,84,SwiftMsgpack,1.2.1,47792,36355,329,84147,20924.004017,27506.532802,11883.964966,0,1.00,codable,adapted,1,c4a54cdecc67,1183,7
swift,bytes,document,100,84,Foundation.JSONEncoder,Foundation,22686,34369,448,57055,44080.049370,29095.987663,17526.947682,0,1.00,codable,adapted,1,c4a54cdecc67,1184,8
swift,bytes,document,100,84,SwiftProtobuf,1.38.1,4814,4565,155,9379,207727.461570,219058.050383,106621.174965,0,1.00,message,adapted,1,c4a54cdecc67,1185,9
swift,bytes,document,100,84,TOML,2.0.0,159480,42994,508,202474,6270.378731,23259.059404,4938.905736,0,1.00,codable,adapted,1,c4a54cdecc67,1186,10
swift,bytes,document,100,84,XMLCoder,0.18.2,198397,245488,729,443885,5040.398796,4073.518869,2252.835757,0,1.00,codable,adapted,1,c4a54cdecc67,1187,11
swift,bytes,document,100,84,SwiftBSON,3.1.0,48422,67425,525,115847,20651.769857,14831.294030,8632.075065,0,1.00,document,adapted,1,c4a54cdecc67,1188,12
swift,bytes,document,100,84,BinaryCodable,4.0.0,53960,35743,337,89703,18532.246108,27977.506085,11147.899178,0,1.00,codable,adapted,1,c4a54cdecc67,1189,13
swift,bytes,document,100,85,XMLCoder,0.18.2,193997,234705,729,428702,5154.718887,4260.667647,2332.622661,0,1.00,codable,adapted,1,c4a54cdecc67,1190,0
swift,bytes,document,100,85,TOML,2.0.0,165931,45031,508,210962,6026.601419,22206.924119,4740.190176,0,1.00,codable,adapted,1,c4a54cdecc67,1191,1
swift,bytes,document,100,85,CapnProto,capnproto-1.0.2,18716,11057,376,29773,53430.220133,90440.444967,33587.478588,0,1.00,message,adapted,1,c4a54cdecc67,1192,2
swift,bytes,document,100,85,SwiftProtobuf,1.38.1,4898,8671,155,13569,204164.965292,115326.951909,73697.398482,0,1.00,message,adapted,1,c4a54cdecc67,1193,3
swift,bytes,document,100,85,SwiftAvroCore,2.3.0,118757,32104,114,150861,8420.556262,31148.766509,6628.618397,0,1.00,schema,adapted,1,c4a54cdecc67,1194,4
swift,bytes,document,100,85,SwiftBSON,3.1.0,47533,67273,525,114806,21038.015694,14864.804602,8710.346149,0,1.00,document,adapted,1,c4a54cdecc67,1195,5
swift,bytes,document,100,85,SwiftMsgpack,1.2.1,50998,39111,329,90109,19608.612102,25568.254455,11097.670599,0,1.00,codable,adapted,1,c4a54cdecc67,1196,6
swift,bytes,document,100,85,Foundation.JSONEncoder,Foundation,23482,34820,448,58302,42585.810408,28719.126939,17152.070255,0,1.00,codable,adapted,1,c4a54cdecc67,1197,7
swift,bytes,document,100,85,BinaryCodable,4.0.0,47872,34599,337,82471,20889.037433,28902.569438,12125.474409,0,1.00,codable,adapted,1,c4a54cdecc67,1198,8
swift,bytes,document,100,85,FlatBuffers,24.3.25,3992,3932,440,7924,250501.002004,254323.499491,126198.889450,0,1.00,archive,adapted,1,c4a54cdecc67,1199,9
swift,bytes,document,100,85,Foundation.PropertyListEncoder,Foundation,39575,58833,399,98408,25268.477574,16997.263441,10161.775465,0,1.00,codable,adapted,1,c4a54cdecc67,1200,10
swift,bytes,document,100,85,IkigaJSON,2.5.3,25128,34380,448,59508,39796.243235,29086.678301,16804.463265,0,1.00,codable,adapted,1,c4a54cdecc67,1201,11
swift,bytes,document,100,85,SwiftCbor,0.0.4,54743,38706,332,93449,18267.175712,25835.787733,10701.024088,0,1.00,codable,adapted,1,c4a54cdecc67,1202,12
swift,bytes,document,100,85,Yams,5.4.0,252060,189478,429,441538,3967.309371,5277.657564,2264.810730,0,1.00,codable,adapted,1,c4a54cdecc67,1203,13
swift,bytes,document,100,86,FlatBuffers,24.3.25,3794,3970,440,7764,263574.064312,251889.168766,128799.587841,0,1.00,archive,adapted,1,c4a54cdecc67,1204,0
swift,bytes,document,100,86,SwiftProtobuf,1.38.1,4610,4527,155,9137,216919.739696,220896.841175,109445.113276,0,1.00,message,adapted,1,c4a54cdecc67,1205,1
swift,bytes,document,100,86,SwiftMsgpack,1.2.1,49498,36808,329,86306,20202.836478,27168.006955,11586.679953,0,1.00,codable,adapted,1,c4a54cdecc67,1206,2
swift,bytes,document,100,86,Foundation.JSONEncoder,Foundation,22515,34045,448,56560,44414.834555,29372.888824,17680.339463,0,1.00,codable,adapted,1,c4a54cdecc67,1207,3
swift,bytes,document,100,86,TOML,2.0.0,165588,45497,508,211085,6039.084958,21979.471174,4737.428050,0,1.00,codable,adapted,1,c4a54cdecc67,1208,4
swift,bytes,document,100,86,SwiftBSON,3.1.0,48041,67864,525,115905,20815.553381,14735.353059,8627.755489,0,1.00,document,adapted,1,c4a54cdecc67,1209,5
swift,bytes,document,100,86,BinaryCodable,4.0.0,47524,34561,337,82085,21041.999832,28934.347964,12182.493756,0,1.00,codable,adapted,1,c4a54cdecc67,1210,6
swift,bytes,document,100,86,SwiftAvroCore,2.3.0,117122,30838,114,147960,8538.105565,32427.524483,6758.583401,0,1.00,schema,adapted,1,c4a54cdecc67,1211,7
swift,bytes,document,100,86,SwiftCbor,0.0.4,55001,38242,332,93243,18181.487609,26149.259976,10724.665659,0,1.00,codable,adapted,1,c4a54cdecc67,1212,8
swift,bytes,document,100,86,Foundation.PropertyListEncoder,Foundation,42408,65316,399,107724,23580.456518,15310.184335,9282.982437,0,1.00,codable,adapted,1,c4a54cdecc67,1213,9
swift,bytes,document,100,86,Yams,5.4.0,245866,190355,429,436221,4067.256148,5253.342439,2292.416000,0,1.00,codable,adapted,1,c4a54cdecc67,1214,10
swift,bytes,document,100,86,IkigaJSON,2.5.3,24993,34354,448,59347,40011.203137,29108.691855,16850.051393,0,1.00,codable,adapted,1,c4a54cdecc67,1215,11
swift,bytes,document,100,86,CapnProto,capnproto-1.0.2,15205,11137,376,26342,65767.839526,89790.787465,37962.189659,0,1.00,message,adapted,1,c4a54cdecc67,1216,12
swift,bytes,document,100,86,XMLCoder,0.18.2,198352,245693,729,444045,5041.542309,4070.120028,2252.024007,0,1.00,codable,adapted,1,c4a54cdecc67,1217,13
swift,bytes,document,100,87,FlatBuffers,24.3.25,4105,4488,440,8593,243605.359318,222816.399287,116373.792622,0,1.00,archive,adapted,1,c4a54cdecc67,1218,0
swift,bytes,document,100,87,Yams,5.4.0,253648,194363,429,448011,3942.471457,5145.012168,2232.088051,0,1.00,codable,adapted,1,c4a54cdecc67,1219,1
swift,bytes,document,100,87,SwiftProtobuf,1.38.1,4895,4886,155,9781,204290.091931,204666.393778,102239.034864,0,1.00,message,adapted,1,c4a54cdecc67,1220,2
swift,bytes,document,100,87,SwiftBSON,3.1.0,48523,68775,525,117298,20608.783464,14540.167212,8525.294549,0,1.00,document,adapted,1,c4a54cdecc67,1221,3
swift,bytes,document,100,87,TOML,2.0.0,166290,48633,508,214923,6013.590715,20562.169720,4652.829153,0,1.00,codable,adapted,1,c4a54cdecc67,1222,4
swift,bytes,document,100,87,SwiftAvroCore,2.3.0,115672,31055,114,146727,8645.134518,32200.933827,6815.378219,0,1.00,schema,adapted,1,c4a54cdecc67,1223,5
swift,bytes,document,100,87,SwiftCbor,0.0.4,60293,43512,332,103805,16585.673295,22982.165839,9633.447329,0,1.00,codable,adapted,1,c4a54cdecc67,1224,6
swift,bytes,document,100,87,Foundation.JSONEncoder,Foundation,23946,34813,448,58759,41760.628080,28724.901617,17018.669480,0,1.00,codable,adapted,1,c4a54cdecc67,1225,7
swift,bytes,document,100,87,IkigaJSON,2.5.3,19677,34288,448,53965,50820.755196,29164.722352,18530.529047,0,1.00,codable,adapted,1,c4a54cdecc67,1226,8
swift,bytes,document,100,87,XMLCoder,0.18.2,194373,237236,729,431609,5144.747470,4215.211857,2316.911835,0,1.00,codable,adapted,1,c4a54cdecc67,1227,9
swift,bytes,document,100,87,SwiftMsgpack,1.2.1,49577,36071,329,85648,20170.643645,27723.101661,11675.695871,0,1.00,codable,adapted,1,c4a54cdecc67,1228,10
swift,bytes,document,100,87,CapnProto,capnproto-1.0.2,18413,10947,376,29360,54309.455276,91349.228099,34059.945504,0,1.00,message,adapted,1,c4a54cdecc67,1229,11
swift,bytes,document,100,87,BinaryCodable,4.0.0,48208,35572,337,83780,20743.445071,28111.998201,11936.022917,0,1.00,codable,adapted,1,c4a54cdecc67,1230,12
swift,bytes,document,100,87,Foundation.PropertyListEncoder,Foundation,39939,64636,399,104575,25038.183229,15471.254409,9562.514941,0,1.00,codable,adapted,1,c4a54cdecc67,1231,13
swift,bytes,document,100,88,IkigaJSON,2.5.3,19796,33708,448,53504,50515.255607,29666.548000,18690.191388,0,1.00,codable,adapted,1,c4a54cdecc67,1232,0
swift,bytes,document,100,88,SwiftAvroCore,2.3.0,118179,31372,114,149551,8461.740241,31875.557822,6686.682135,0,1.00,schema,adapted,1,c4a54cdecc67,1233,1
swift,bytes,document,100,88,Foundation.PropertyListEncoder,Foundation,34842,51753,399,86595,28700.993054,19322.551350,11548.010855,0,1.00,codable,adapted,1,c4a54cdecc67,1234,2
swift,bytes,document,100,88,BinaryCodable,4.0.0,45008,32432,337,77440,22218.272307,30833.744450,12913.223140,0,1.00,codable,adapted,1,c4a54cdecc67,1235,3
swift,bytes,document,100,88,FlatBuffers,24.3.25,4018,3801,440,7819,248880.039821,263088.660879,127893.592531,0,1.00,archive,adapted,1,c4a54cdecc67,1236,4
swift,bytes,document,100,88,CapnProto,capnproto-1.0.2,18600,9815,376,28415,53763.440860,101884.870097,35192.679923,0,1.00,message,adapted,1,c4a54cdecc67,1237,5
swift,bytes,document,100,88,XMLCoder,0.18.2,196602,237546,729,434148,5086.418246,4209.710961,2303.361987,0,1.00,codable,adapted,1,c4a54cdecc67,1238,6
swift,bytes,document,100,88,SwiftMsgpack,1.2.1,49412,35746,329,85158,20237.998867,27975.158060,11742.877945,0,1.00,codable,adapted,1,c4a54cdecc67,1239,7
swift,bytes,document,100,88,SwiftBSON,3.1.0,49116,66518,525,115634,20359.964166,15033.524760,8647.975509,0,1.00,document,adapted,1,c4a54cdecc67,1240,8
swift,bytes,document,100,88,Yams,5.4.0,246014,194426,429,440440,4064.809320,5143.345026,2270.456816,0,1.00,codable,adapted,1,c4a54cdecc67,1241,9
swift,bytes,document,100,88,TOML,2.0.0,161578,44912,508,206490,6188.961369,22265.764161,4842.849533,0,1.00,codable,adapted,1,c4a54cdecc67,1242,10
swift,bytes,document,100,88,SwiftCbor,0.0.4,59767,39048,332,98815,16731.641207,25609.506249,10119.921065,0,1.00,codable,adapted,1,c4a54cdecc67,1243,11
swift,bytes,document,100,88,SwiftProtobuf,1.38.1,4923,4471,155,9394,203128.173878,223663.609931,106450.926123,0,1.00,message,adapted,1,c4a54cdecc67,1244,12
swift,bytes,document,100,88,Foundation.JSONEncoder,Foundation,23564,34948,448,58512,42437.616703,28613.940712,17090.511348,0,1.00,codable,adapted,1,c4a54cdecc67,1245,13
swift,bytes,document,100,89,SwiftBSON,3.1.0,44591,65253,525,109844,22426.050100,15324.965902,9103.819963,0,1.00,document,adapted,1,c4a54cdecc67,1246,0
swift,bytes,document,100,89,Foundation.PropertyListEncoder,Foundation,38380,57156,399,95536,26055.237103,17495.975926,10467.258416,0,1.00,codable,adapted,1,c4a54cdecc67,1247,1
swift,bytes,document,100,89,TOML,2.0.0,156776,43883,508,200659,6378.527326,22787.867739,4983.579107,0,1.00,codable,adapted,1,c4a54cdecc67,1248,2
swift,bytes,document,100,89,CapnProto,capnproto-1.0.2,16471,10868,376,27339,60712.767895,92013.249908,36577.782655,0,1.00,message,adapted,1,c4a54cdecc67,1249,3
swift,bytes,document,100,89,XMLCoder,0.18.2,208784,247448,729,456232,4789.639053,4041.253112,2191.867296,0,1.00,codable,adapted,1,c4a54cdecc67,1250,4
swift,bytes,document,100,89,BinaryCodable,4.0.0,47865,36219,337,84084,20892.092343,27609.818051,11892.869036,0,1.00,codable,adapted,1,c4a54cdecc67,1251,5
swift,bytes,document,100,89,SwiftMsgpack,1.2.1,49267,36662,329,85929,20297.562263,27276.198789,11637.514692,0,1.00,codable,adapted,1,c4a54cdecc67,1252,6
swift,bytes,document,100,89,IkigaJSON,2.5.3,22987,35507,448,58494,43502.849437,28163.460726,17095.770506,0,1.00,codable,adapted,1,c4a54cdecc67,1253,7
swift,bytes,document,100,89,Yams,5.4.0,246932,200812,429,447744,4049.697893,4979.782085,2233.419097,0,1.00,codable,adapted,1,c4a54cdecc67,1254,8
swift,bytes,document,100,89,Foundation.JSONEncoder,Foundation,25742,39962,448,65704,38847.020434,25023.772584,15219.773530,0,1.00,codable,adapted,1,c4a54cdecc67,1255,9
swift,bytes,document,100,89,SwiftAvroCore,2.3.0,131385,33186,114,164571,7611.218937,30133.188694,6076.404713,0,1.00,schema,adapted,1,c4a54cdecc67,1256,10
swift,bytes,document,100,89,SwiftProtobuf,1.38.1,7154,6465,155,13619,139781.940173,154679.040990,73426.830164,0,1.00,message,adapted,1,c4a54cdecc67,1257,11
swift,bytes,document,100,89,SwiftCbor,0.0.4,57712,41129,332,98841,17327.418908,24313.744560,10117.259032,0,1.00,codable,adapted,1,c4a54cdecc67,1258,12
swift,bytes,document,100,89,FlatBuffers,24.3.25,4743,4261,440,9004,210837.022981,234686.693264,111061.750333,0,1.00,archive,adapted,1,c4a54cdecc67,1259,13
swift,bytes,document,100,90,Foundation.PropertyListEncoder,Foundation,41644,60971,399,102615,24013.063106,16401.239934,9745.163962,0,1.00,codable,adapted,1,c4a54cdecc67,1260,0
swift,bytes,document,100,90,SwiftBSON,3.1.0,51487,67914,525,119401,19422.378464,14724.504520,8375.139237,0,1.00,document,adapted,1,c4a54cdecc67,1261,1
swift,bytes,document,100,90,SwiftAvroCore,2.3.0,111261,29867,114,141128,8987.875356,33481.769177,7085.766113,0,1.00,schema,adapted,1,c4a54cdecc67,1262,2
swift,bytes,document,100,90,TOML,2.0.0,160637,53538,508,214175,6225.215859,18678.321940,4669.079024,0,1.00,codable,adapted,1,c4a54cdecc67,1263,3
swift,bytes,document,100,90,Foundation.JSONEncoder,Foundation,22408,33826,448,56234,44626.918958,29563.058003,17782.836007,0,1.00,codable,adapted,1,c4a54cdecc67,1264,4
swift,bytes,document,100,90,SwiftCbor,0.0.4,53230,37837,332,91067,18786.398647,26429.156646,10980.926131,0,1.00,codable,adapted,1,c4a54cdecc67,1265,5
swift,bytes,document,100,90,FlatBuffers,24.3.25,4012,3810,440,7822,249252.243270,262467.191601,127844.541038,0,1.00,archive,adapted,1,c4a54cdecc67,1266,6
swift,bytes,document,100,90,Yams,5.4.0,250527,190574,429,441101,3991.585737,5247.305509,2267.054484,0,1.00,codable,adapted,1,c4a54cdecc67,1267,7
swift,bytes,document,100,90,XMLCoder,0.18.2,197661,255921,729,453582,5059.166958,3907.455816,2204.673025,0,1.00,codable,adapted,1,c4a54cdecc67,1268,8
swift,bytes,document,100,90,IkigaJSON,2.5.3,22299,35997,448,58296,44845.060317,27780.092786,17153.835598,0,1.00,codable,adapted,1,c4a54cdecc67,1269,9
swift,bytes,document,100,90,CapnProto,capnproto-1.0.2,26142,16630,376,42772,38252.620304,60132.291040,23379.781165,0,1.00,message,adapted,1,c4a54cdecc67,1270,10
swift,bytes,document,100,90,SwiftMsgpack,1.2.1,50706,39373,329,90079,19721.531969,25398.115460,11101.366578,0,1.00,codable,adapted,1,c4a54cdecc67,1271,11
swift,bytes,document,100,90,SwiftProtobuf,1.38.1,6734,5164,155,11898,148500.148500,193648.334624,84047.739116,0,1.00,message,adapted,1,c4a54cdecc67,1272,12
swift,bytes,document,100,90,BinaryCodable,4.0.0,49643,36261,337,85904,20143.826924,27577.838449,11640.901471,0,1.00,codable,adapted,1,c4a54cdecc67,1273,13
swift,bytes,document,100,91,TOML,2.0.0,162841,45919,508,208760,6140.959586,21777.477733,4790.189692,0,1.00,codable,adapted,1,c4a54cdecc67,1274,0
swift,bytes,document,100,91,BinaryCodable,4.0.0,42013,30911,337,72924,23802.156475,32350.943030,13712.906588,0,1.00,codable,adapted,1,c4a54cdecc67,1275,1
swift,bytes,document,100,91,IkigaJSON,2.5.3,22630,38452,448,61082,44189.129474,26006.449600,16371.435120,0,1.00,codable,adapted,1,c4a54cdecc67,1276,2
swift,bytes,document,100,91,XMLCoder,0.18.2,195489,241340,729,436829,5115.377336,4143.531947,2289.225303,0,1.00,codable,adapted,1,c4a54cdecc67,1277,3
swift,bytes,document,100,91,SwiftAvroCore,2.3.0,121241,33252,114,154493,8248.034906,30073.379045,6472.785175,0,1.00,schema,adapted,1,c4a54cdecc67,1278,4
swift,bytes,document,100,91,Foundation.PropertyListEncoder,Foundation,42040,63335,399,105375,23786.869648,15789.058183,9489.916963,0,1.00,codable,adapted,1,c4a54cdecc67,1279,5
swift,bytes,document,100,91,CapnProto,capnproto-1.0.2,18355,11490,376,29845,54481.067829,87032.201915,33506.449992,0,1.00,message,adapted,1,c4a54cdecc67,1280,6
swift,bytes,document,100,91,SwiftMsgpack,1.2.1,50474,37166,329,87640,19812.180529,26906.312221,11410.314925,0,1.00,codable,adapted,1,c4a54cdecc67,1281,7
swift,bytes,document,100,91,Yams,5.4.0,255519,193005,429,448524,3913.603294,5181.212922,2229.535097,0,1.00,codable,adapted,1,c4a54cdecc67,1282,8
swift,bytes,document,100,91,SwiftCbor,0.0.4,56972,40216,332,97188,17552.481921,24865.725085,10289.336132,0,1.00,codable,adapted,1,c4a54cdecc67,1283,9
swift,bytes,document,100,91,Foundation.JSONEncoder,Foundation,24851,35140,448,59991,40239.829383,28457.598179,16669.167042,0,1.00,codable,adapted,1,c4a54cdecc67,1284,10
swift,bytes,document,100,91,SwiftBSON,3.1.0,49569,69324,525,118893,20173.899009,14425.018753,8410.924108,0,1.00,document,adapted,1,c4a54cdecc67,1285,11
swift,bytes,document,100,91,SwiftProtobuf,1.38.1,5183,4775,155,9958,192938.452634,209424.083770,100421.771440,0,1.00,message,adapted,1,c4a54cdecc67,1286,12
swift,bytes,document,100,91,FlatBuffers,24.3.25,4381,4097,440,8478,228258.388496,244081.034904,117952.347252,0,1.00,archive,adapted,1,c4a54cdecc67,1287,13
swift,bytes,document,100,92,TOML,2.0.0,160773,50043,508,210816,6219.949867,19982.814779,4743.472981,0,1.00,codable,adapted,1,c4a54cdecc67,1288,0
swift,bytes,document,100,92,Yams,5.4.0,241172,186844,429,428016,4146.418324,5352.058402,2336.361258,0,1.00,codable,adapted,1,c4a54cdecc67,1289,1
swift,bytes,document,100,92,FlatBuffers,24.3.25,3726,3816,440,7542,268384.326355,262054.507338,132590.824715,0,1.00,archive,adapted,1,c4a54cdecc67,1290,2
swift,bytes,document,100,92,SwiftAvroCore,2.3.0,119344,31456,114,150800,8379.139295,31790.437436,6631.299735,0,1.00,schema,adapted,1,c4a54cdecc67,1291,3
swift,bytes,document,100,92,CapnProto,capnproto-1.0.2,17401,11595,376,28996,57467.961611,86244.070720,34487.515519,0,1.00,message,adapted,1,c4a54cdecc67,1292,4
swift,bytes,document,100,92,Foundation.JSONEncoder,Foundation,23523,31813,448,55336,42511.584407,31433.690630,18071.418245,0,1.00,codable,adapted,1,c4a54cdecc67,1293,5
swift,bytes,document,100,92,Foundation.PropertyListEncoder,Foundation,38650,59332,399,97982,25873.221216,16854.311333,10205.956196,0,1.00,codable,adapted,1,c4a54cdecc67,1294,6
swift,bytes,document,100,92,SwiftCbor,0.0.4,60056,38216,332,98272,16651.125616,26167.050450,10175.838489,0,1.00,codable,adapted,1,c4a54cdecc67,1295,7
swift,bytes,document,100,92,IkigaJSON,2.5.3,21506,34770,448,56276,46498.651539,28760.425654,17769.564290,0,1.00,codable,adapted,1,c4a54cdecc67,1296,8
swift,bytes,document,100,92,SwiftMsgpack,1.2.1,47935,36674,329,84609,20861.583394,27267.273818,11819.073621,0,1.00,codable,adapted,1,c4a54cdecc67,1297,9
swift,bytes,document,100,92,SwiftProtobuf,1.38.1,4852,4604,155,9456,206100.577082,217202.432667,105752.961083,0,1.00,message,adapted,1,c4a54cdecc67,1298,10
swift,bytes,document,100,92,BinaryCodable,4.0.0,48577,36189,337,84766,20585.873973,27632.706071,11797.182833,0,1.00,codable,adapted,1,c4a54cdecc67,1299,11
swift,bytes,document,100,92,SwiftBSON,3.1.0,54150,67302,525,121452,18467.220683,14858.399453,8233.705497,0,1.00,document,adapted,1,c4a54cdecc67,1300,12
swift,bytes,document,100,92,XMLCoder,0.18.2,198507,244681,729,443188,5037.605727,4086.954034,2256.378783,0,1.00,codable,adapted,1,c4a54cdecc67,1301,13
swift,bytes,document,100,93,Yams,5.4.0,247937,191253,429,439190,4033.282648,5228.676151,2276.918873,0,1.00,codable,adapted,1,c4a54cdecc67,1302,0
swift,bytes,document,100,93,SwiftCbor,0.0.4,55454,39018,332,94472,18032.964259,25629.196781,10585.146922,0,1.00,codable,adapted,1,c4a54cdecc67,1303,1
swift,bytes,document,100,93,TOML,2.0.0,163916,44654,508,208570,6100.685717,22394.410355,4794.553387,0,1.00,codable,adapted,1,c4a54cdecc67,1304,2
swift,bytes,document,100,93,XMLCoder,0.18.2,201528,238052,729,439580,4962.089635,4200.762859,2274.898767,0,1.00,codable,adapted,1,c4a54cdecc67,1305,3
swift,bytes,document,100,93,BinaryCodable,4.0.0,47261,34638,337,81899,21159.095237,28870.027138,12210.161296,0,1.00,codable,adapted,1,c4a54cdecc67,1306,4
swift,bytes,document,100,93,FlatBuffers,24.3.25,4160,4540,440,8700,240384.615385,220264.317181,114942.528736,0,1.00,archive,adapted,1,c4a54cdecc67,1307,5
swift,bytes,document,100,93,Foundation.PropertyListEncoder,Foundation,39936,59577,399,99513,25040.064103,16785.000923,10048.938330,0,1.00,codable,adapted,1,c4a54cdecc67,1308,6
swift,bytes,document,100,93,SwiftBSON,3.1.0,47371,65849,525,113220,21109.961791,15186.259472,8832.361774,0,1.00,document,adapted,1,c4a54cdecc67,1309,7
swift,bytes,document,100,93,SwiftProtobuf,1.38.1,4550,4520,155,9070,219780.219780,221238.938053,110253.583241,0,1.00,message,adapted,1,c4a54cdecc67,1310,8
swift,bytes,document,100,93,Foundation.JSONEncoder,Foundation,22720,32865,448,55585,44014.084507,30427.506466,17990.465054,0,1.00,codable,adapted,1,c4a54cdecc67,1311,9
swift,bytes,document,100,93,CapnProto,capnproto-1.0.2,15351,11027,376,26378,65142.336004,90686.496781,37910.379862,0,1.00,message,adapted,1,c4a54cdecc67,1312,10
swift,bytes,document,100,93,IkigaJSON,2.5.3,19303,34086,448,53389,51805.418847,29337.557942,18730.450093,0,1.00,codable,adapted,1,c4a54cdecc67,1313,11
swift,bytes,document,100,93,SwiftAvroCore,2.3.0,126759,30653,114,157412,7888.986186,32623.234267,6352.755825,0,1.00,schema,adapted,1,c4a54cdecc67,1314,12
swift,bytes,document,100,93,SwiftMsgpack,1.2.1,49797,37003,329,86800,20081.531016,27024.835824,11520.737327,0,1.00,codable,adapted,1,c4a54cdecc67,1315,13
swift,bytes,document,100,94,SwiftProtobuf,1.38.1,3695,4030,155,7725,270635.994587,248138.957816,129449.838188,0,1.00,message,adapted,1,c4a54cdecc67,1316,0
swift,bytes,document,100,94,FlatBuffers,24.3.25,3907,3892,440,7799,255950.857435,256937.307297,128221.566868,0,1.00,archive,adapted,1,c4a54cdecc67,1317,1
swift,bytes,document,100,94,SwiftBSON,3.1.0,47602,64758,525,112360,21007.520692,15442.107539,8899.964400,0,1.00,document,adapted,1,c4a54cdecc67,1318,2
swift,bytes,document,100,94,BinaryCodable,4.0.0,46508,34421,337,80929,21501.677131,29052.032190,12356.510027,0,1.00,codable,adapted,1,c4a54cdecc67,1319,3
swift,bytes,document,100,94,CapnProto,capnproto-1.0.2,12811,9223,376,22034,78057.918976,108424.590697,45384.405918,0,1.00,message,adapted,1,c4a54cdecc67,1320,4
swift,bytes,document,100,94,SwiftAvroCore,2.3.0,111661,29300,114,140961,8955.678348,34129.692833,7094.160796,0,1.00,schema,adapted,1,c4a54cdecc67,1321,5
swift,bytes,document,100,94,SwiftMsgpack,1.2.1,45737,34755,329,80492,21864.136257,28772.838441,12423.594891,0,1.00,codable,adapted,1,c4a54cdecc67,1322,6
swift,bytes,document,100,94,XMLCoder,0.18.2,198466,244292,729,442758,5038.646418,4093.461923,2258.570144,0,1.00,codable,adapted,1,c4a54cdecc67,1323,7
swift,bytes,document,100,94,TOML,2.0.0,159598,43605,508,203203,6265.742678,22933.149868,4921.187187,0,1.00,codable,adapted,1,c4a54cdecc67,1324,8
swift,bytes,document,100,94,Foundation.JSONEncoder,Foundation,23959,35148,448,59107,41737.969030,28451.120974,16918.469894,0,1.00,codable,adapted,1,c4a54cdecc67,1325,9
swift,bytes,document,100,94,Foundation.PropertyListEncoder,Foundation,37381,59042,399,96423,26751.558278,16937.095627,10370.969582,0,1.00,codable,adapted,1,c4a54cdecc67,1326,10
swift,bytes,document,100,94,Yams,5.4.0,242668,194627,429,437295,4120.856479,5138.033264,2286.785808,0,1.00,codable,adapted,1,c4a54cdecc67,1327,11
swift,bytes,document,100,94,SwiftCbor,0.0.4,55986,39518,332,95504,17861.608259,25304.924338,10470.765622,0,1.00,codable,adapted,1,c4a54cdecc67,1328,12
swift,bytes,document,100,94,IkigaJSON,2.5.3,21133,34071,448,55204,47319.358350,29350.474010,18114.629375,0,1.00,codable,adapted,1,c4a54cdecc67,1329,13
swift,bytes,document,100,95,FlatBuffers,24.3.25,4110,4374,440,8484,243309.002433,228623.685414,117868.929750,0,1.00,archive,adapted,1,c4a54cdecc67,1330,0
swift,bytes,document,100,95,SwiftAvroCore,2.3.0,117871,30468,114,148339,8483.850990,32821.320730,6741.315500,0,1.00,schema,adapted,1,c4a54cdecc67,1331,1
swift,bytes,document,100,95,SwiftMsgpack,1.2.1,47691,37123,329,84814,20968.316873,26937.478113,11790.506284,0,1.00,codable,adapted,1,c4a54cdecc67,1332,2
swift,bytes,document,100,95,BinaryCodable,4.0.0,47264,34363,337,81627,21157.752200,29101.068009,12250.848371,0,1.00,codable,adapted,1,c4a54cdecc67,1333,3
swift,bytes,document,100,95,Yams,5.4.0,244346,191810,429,436156,4092.557275,5213.492519,2292.757637,0,1.00,codable,adapted,1,c4a54cdecc67,1334,4
swift,bytes,document,100,95,SwiftBSON,3.1.0,46905,65328,525,112233,21319.688733,15307.372030,8910.035373,0,1.00,document,adapted,1,c4a54cdecc67,1335,5
swift,bytes,document,100,95,CapnProto,capnproto-1.0.2,20332,11247,376,31579,49183.553020,88912.598915,31666.613889,0,1.00,message,adapted,1,c4a54cdecc67,1336,6
swift,bytes,document,100,95,SwiftCbor,0.0.4,55329,39498,332,94827,18073.704567,25317.737607,10545.519736,0,1.00,codable,adapted,1,c4a54cdecc67,1337,7
swift,bytes,document,100,95,XMLCoder,0.18.2,198164,241559,729,439723,5046.325266,4139.775376,2274.158959,0,1.00,codable,adapted,1,c4a54cdecc67,1338,8
swift,bytes,document,100,95,Foundation.JSONEncoder,Foundation,23924,34478,448,58402,41799.030262,29004.002552,17122.701277,0,1.00,codable,adapted,1,c4a54cdecc67,1339,9
swift,bytes,document,100,95,IkigaJSON,2.5.3,18907,33829,448,52736,52890.463849,29560.436312,18962.378641,0,1.00,codable,adapted,1,c4a54cdecc67,1340,10
swift,bytes,document,100,95,Foundation.PropertyListEncoder,Foundation,38568,66375,399,104943,25928.230658,15065.913371,9528.982400,0,1.00,codable,adapted,1,c4a54cdecc67,1341,11
swift,bytes,document,100,95,TOML,2.0.0,161991,44817,508,206808,6173.182461,22312.961599,4835.402886,0,1.00,codable,adapted,1,c4a54cdecc67,1342,12
swift,bytes,document,100,95,SwiftProtobuf,1.38.1,4644,4736,155,9380,215331.610680,211148.648649,106609.808102,0,1.00,message,adapted,1,c4a54cdecc67,1343,13
swift,bytes,document,100,96,SwiftAvroCore,2.3.0,116834,31056,114,147890,8559.152302,32199.896960,6761.782406,0,1.00,schema,adapted,1,c4a54cdecc67,1344,0
swift,bytes,document,100,96,Foundation.JSONEncoder,Foundation,21643,32311,448,53954,46204.315483,30949.212343,18534.307002,0,1.00,codable,adapted,1,c4a54cdecc67,1345,1
swift,bytes,document,100,96,IkigaJSON,2.5.3,18226,32922,448,51148,54866.673982,30374.825345,19551.106593,0,1.00,codable,adapted,1,c4a54cdecc67,1346,2
swift,bytes,document,100,96,SwiftProtobuf,1.38.1,3236,3633,155,6869,309023.485785,275254.610515,145581.598486,0,1.00,message,adapted,1,c4a54cdecc67,1347,3
swift,bytes,document,100,96,CapnProto,capnproto-1.0.2,14382,10342,376,24724,69531.358643,96693.096113,40446.529688,0,1.00,message,adapted,1,c4a54cdecc67,1348,4
swift,bytes,document,100,96,SwiftBSON,3.1.0,46353,67060,525,113413,21573.576683,14912.019087,8817.331346,0,1.00,document,adapted,1,c4a54cdecc67,1349,5
swift,bytes,document,100,96,XMLCoder,0.18.2,196091,238170,729,434261,5099.673111,4198.681614,2302.762624,0,1.00,codable,adapted,1,c4a54cdecc67,1350,6
swift,bytes,document,100,96,Foundation.PropertyListEncoder,Foundation,40598,58089,399,98687,24631.755259,17214.963246,10133.046906,0,1.00,codable,adapted,1,c4a54cdecc67,1351,7
swift,bytes,document,100,96,FlatBuffers,24.3.25,4272,4250,440,8522,234082.397004,235294.117647,117343.346632,0,1.00,archive,adapted,1,c4a54cdecc67,1352,8
swift,bytes,document,100,96,BinaryCodable,4.0.0,47967,35511,337,83478,20847.666104,28160.288361,11979.204102,0,1.00,codable,adapted,1,c4a54cdecc67,1353,9
swift,bytes,document,100,96,TOML,2.0.0,160131,42622,508,202753,6244.886999,23462.061846,4932.109513,0,1.00,codable,adapted,1,c4a54cdecc67,1354,10
swift,bytes,document,100,96,SwiftCbor,0.0.4,55008,43803,332,98811,18179.173938,22829.486565,10120.330732,0,1.00,codable,adapted,1,c4a54cdecc67,1355,11
swift,bytes,document,100,96,SwiftMsgpack,1.2.1,49713,36560,329,86273,20115.462756,27352.297593,11591.111935,0,1.00,codable,adapted,1,c4a54cdecc67,1356,12
swift,bytes,document,100,96,Yams,5.4.0,247646,192832,429,440478,4038.022015,5185.861268,2270.260944,0,1.00,codable,adapted,1,c4a54cdecc67,1357,13
swift,bytes,document,100,97,BinaryCodable,4.0.0,46196,34163,337,80359,21646.895835,29271.434008,12444.156846,0,1.00,codable,adapted,1,c4a54cdecc67,1358,0
swift,bytes,document,100,97,TOML,2.0.0,157753,43208,508,200961,6339.023664,23143.862248,4976.089888,0,1.00,codable,adapted,1,c4a54cdecc67,1359,1
swift,bytes,document,100,97,SwiftProtobuf,1.38.1,4672,4411,155,9083,214041.095890,226705.962367,110095.783331,0,1.00,message,adapted,1,c4a54cdecc67,1360,2
swift,bytes,document,100,97,FlatBuffers,24.3.25,3948,4106,440,8054,253292.806484,243546.030200,124161.907127,0,1.00,archive,adapted,1,c4a54cdecc67,1361,3
swift,bytes,document,100,97,IkigaJSON,2.5.3,21110,34220,448,55330,47370.914259,29222.676797,18073.377914,0,1.00,codable,adapted,1,c4a54cdecc67,1362,4
swift,bytes,document,100,97,SwiftBSON,3.1.0,45776,65997,525,111773,21845.508563,15152.203888,8946.704481,0,1.00,document,adapted,1,c4a54cdecc67,1363,5
swift,bytes,document,100,97,SwiftMsgpack,1.2.1,48686,35893,329,84579,20539.785565,27860.585630,11823.265822,0,1.00,codable,adapted,1,c4a54cdecc67,1364,6
swift,bytes,document,100,97,SwiftCbor,0.0.4,52984,38404,332,91388,18873.622226,26038.954276,10942.355670,0,1.00,codable,adapted,1,c4a54cdecc67,1365,7
swift,bytes,document,100,97,Foundation.JSONEncoder,Foundation,24105,34736,448,58841,41485.169052,28788.576693,16994.952499,0,1.00,codable,adapted,1,c4a54cdecc67,1366,8
swift,bytes,document,100,97,Foundation.PropertyListEncoder,Foundation,39179,57690,399,96869,25523.877587,17334.026694,10323.220019,0,1.00,codable,adapted,1,c4a54cdecc67,1367,9
swift,bytes,document,100,97,XMLCoder,0.18.2,198105,245875,729,443980,5047.828172,4067.107270,2252.353710,0,1.00,codable,adapted,1,c4a54cdecc67,1368,10
swift,bytes,document,100,97,Yams,5.4.0,244792,187089,429,431881,4085.100820,5345.049682,2315.452636,0,1.00,codable,adapted,1,c4a54cdecc67,1369,11
swift,bytes,document,100,97,SwiftAvroCore,2.3.0,122460,31429,114,153889,8165.931733,31817.747940,6498.190254,0,1.00,schema,adapted,1,c4a54cdecc67,1370,12
swift,bytes,document,100,97,CapnProto,capnproto-1.0.2,15642,10915,376,26557,63930.443677,91617.040770,37654.855594,0,1.00,message,adapted,1,c4a54cdecc67,1371,13
swift,bytes,document,100,98,Foundation.PropertyListEncoder,Foundation,38655,56885,399,95540,25869.874531,17579.326712,10466.820180,0,1.00,codable,adapted,1,c4a54cdecc67,1372,0
swift,bytes,document,100,98,SwiftBSON,3.1.0,46372,70273,525,116645,21564.737341,14230.216442,8573.020704,0,1.00,document,adapted,1,c4a54cdecc67,1373,1
swift,bytes,document,100,98,Yams,5.4.0,243012,185849,429,428861,4115.023126,5380.712299,2331.757842,0,1.00,codable,adapted,1,c4a54cdecc67,1374,2
swift,bytes,document,100,98,BinaryCodable,4.0.0,47175,34276,337,81451,21197.668256,29174.932898,12277.320107,0,1.00,codable,adapted,1,c4a54cdecc67,1375,3
swift,bytes,document,100,98,SwiftProtobuf,1.38.1,4596,4575,155,9171,217580.504787,218579.234973,109039.363210,0,1.00,message,adapted,1,c4a54cdecc67,1376,4
swift,bytes,document,100,98,FlatBuffers,24.3.25,4077,4031,440,8108,245278.390974,248077.400149,123334.977800,0,1.00,archive,adapted,1,c4a54cdecc67,1377,5
swift,bytes,document,100,98,SwiftCbor,0.0.4,56409,38661,332,95070,17727.667571,25865.859652,10518.565268,0,1.00,codable,adapted,1,c4a54cdecc67,1378,6
swift,bytes,document,100,98,SwiftAvroCore,2.3.0,117543,29735,114,147278,8507.524906,33630.401883,6789.880362,0,1.00,schema,adapted,1,c4a54cdecc67,1379,7
swift,bytes,document,100,98,TOML,2.0.0,161400,44660,508,206060,6195.786865,22391.401702,4852.955450,0,1.00,codable,adapted,1,c4a54cdecc67,1380,8
swift,bytes,document,100,98,CapnProto,capnproto-1.0.2,17316,10318,376,27634,57750.057750,96918.007366,36187.305493,0,1.00,message,adapted,1,c4a54cdecc67,1381,9
swift,bytes,document,100,98,IkigaJSON,2.5.3,19630,34636,448,54266,50942.435048,28871.694191,18427.744813,0,1.00,codable,adapted,1,c4a54cdecc67,1382,10
swift,bytes,document,100,98,XMLCoder,0.18.2,196535,242100,729,438635,5088.152238,4130.524577,2279.799834,0,1.00,codable,adapted,1,c4a54cdecc67,1383,11
swift,bytes,document,100,98,SwiftMsgpack,1.2.1,49331,36766,329,86097,20271.229045,27199.042594,11614.806555,0,1.00,codable,adapted,1,c4a54cdecc67,1384,12
swift,bytes,document,100,98,Foundation.JSONEncoder,Foundation,23539,35360,448,58899,42482.688305,28280.542986,16978.216948,0,1.00,codable,adapted,1,c4a54cdecc67,1385,13
swift,bytes,document,100,99,SwiftMsgpack,1.2.1,43349,37769,329,81118,23068.582897,26476.740184,12327.720111,0,1.00,codable,adapted,1,c4a54cdecc67,1386,0
swift,bytes,document,100,99,Foundation.PropertyListEncoder,Foundation,40756,58227,399,98983,24536.264599,17174.163189,10102.744916,0,1.00,codable,adapted,1,c4a54cdecc67,1387,1
swift,bytes,document,100,99,IkigaJSON,2.5.3,19292,33022,448,52314,51834.957495,30282.841742,19115.341973,0,1.00,codable,adapted,1,c4a54cdecc67,1388,2
swift,bytes,document,100,99,TOML,2.0.0,160710,44807,508,205517,6222.388153,22317.941393,4865.777527,0,1.00,codable,adapted,1,c4a54cdecc67,1389,3
swift,bytes,document,100,99,CapnProto,capnproto-1.0.2,15452,10393,376,25845,64716.541548,96218.608679,38692.203521,0,1.00,message,adapted,1,c4a54cdecc67,1390,4
swift,bytes,document,100,99,BinaryCodable,4.0.0,48318,34568,337,82886,20696.220870,28928.488776,12064.763651,0,1.00,codable,adapted,1,c4a54cdecc67,1391,5
swift,bytes,document,100,99,SwiftProtobuf,1.38.1,4692,4479,155,9171,213128.729753,223264.121456,109039.363210,0,1.00,message,adapted,1,c4a54cdecc67,1392,6
swift,bytes,document,100,99,SwiftBSON,3.1.0,46766,67866,525,114632,21383.056066,14734.918811,8723.567590,0,1.00,document,adapted,1,c4a54cdecc67,1393,7
swift,bytes,document,100,99,Yams,5.4.0,252745,190060,429,442805,3956.557004,5261.496370,2258.330416,0,1.00,codable,adapted,1,c4a54cdecc67,1394,8
swift,bytes,document,100,99,XMLCoder,0.18.2,195327,241329,729,436656,5119.619919,4143.720813,2290.132278,0,1.00,codable,adapted,1,c4a54cdecc67,1395,9
swift,bytes,document,100,99,SwiftCbor,0.0.4,55840,38692,332,94532,17908.309456,25845.135945,10578.428469,0,1.00,codable,adapted,1,c4a54cdecc67,1396,10
swift,bytes,document,100,99,SwiftAvroCore,2.3.0,118657,31663,114,150320,8427.652814,31582.604302,6652.474721,0,1.00,schema,adapted,1,c4a54cdecc67,1397,11
swift,bytes,document,100,99,FlatBuffers,24.3.25,4067,3893,440,7960,245881.485124,256871.307475,125628.140704,0,1.00,archive,adapted,1,c4a54cdecc67,1398,12
swift,bytes,document,100,99,Foundation.JSONEncoder,Foundation,23848,35989,448,59837,41932.237504,27786.268026,16712.067784,0,1.00,codable,adapted,1,c4a54cdecc67,1399,13
swift,stream,document,100,0,Foundation.JSONEncoder,Foundation,188945,39528,448,228473,5292.545450,25298.522566,4376.884796,0,1.00,codable,adapted,1,c4a54cdecc67,1400,0
swift,stream,document,100,0,XMLCoder,0.18.2,261421,242319,729,503740,3825.247398,4126.791543,1985.151070,0,1.00,codable,adapted,1,c4a54cdecc67,1401,1
swift,stream,document,100,0,Yams,5.4.0,285981,194378,429,480359,3496.735797,5144.615131,2081.776338,0,1.00,codable,adapted,1,c4a54cdecc67,1402,2
swift,stream,document,100,0,IkigaJSON,2.5.3,54868,36295,448,91163,18225.559525,27552.004408,10969.362570,0,1.00,codable,adapted,1,c4a54cdecc67,1403,3
swift,stream,document,100,0,CapnProto,capnproto-1.0.2,45014,12732,376,57746,22215.310792,78542.255734,17317.216777,0,1.00,message,adapted,1,c4a54cdecc67,1404,4
swift,stream,document,100,0,BinaryCodable,4.0.0,74388,36186,337,110574,13443.028445,27634.996960,9043.717330,0,1.00,codable,adapted,1,c4a54cdecc67,1405,5
swift,stream,document,100,0,FlatBuffers,24.3.25,38123,5580,440,43703,26230.884243,179211.469534,22881.724367,0,1.00,archive,adapted,1,c4a54cdecc67,1406,6
swift,stream,document,100,0,TOML,2.0.0,201803,52523,508,254326,4955.327721,19039.278031,3931.961341,0,1.00,codable,adapted,1,c4a54cdecc67,1407,7
swift,stream,document,100,0,SwiftCbor,0.0.4,82786,39693,332,122479,12079.337086,25193.359031,8164.664963,0,1.00,codable,adapted,1,c4a54cdecc67,1408,8
swift,stream,document,100,0,Foundation.PropertyListEncoder,Foundation,72049,60069,399,132118,13879.443157,16647.522016,7568.991356,0,1.00,codable,adapted,1,c4a54cdecc67,1409,9
swift,stream,document,100,0,SwiftAvroCore,2.3.0,126518,32819,114,159337,7904.013658,30470.154484,6276.006201,0,1.00,schema,adapted,1,c4a54cdecc67,1410,10
swift,stream,document,100,0,SwiftMsgpack,1.2.1,75761,37372,329,113133,13199.403387,26758.000642,8839.153916,0,1.00,codable,adapted,1,c4a54cdecc67,1411,11
swift,stream,document,100,0,SwiftProtobuf,1.38.1,19432,6304,155,25736,51461.506793,158629.441624,38856.077090,0,1.00,message,adapted,1,c4a54cdecc67,1412,12
swift,stream,document,100,0,SwiftBSON,3.1.0,87441,67652,525,155093,11436.282751,14781.529001,6447.744257,0,1.00,document,adapted,1,c4a54cdecc67,1413,13
swift,stream,document,100,1,FlatBuffers,24.3.25,37721,5083,440,42804,26510.431855,196734.212079,23362.302589,0,1.00,archive,adapted,1,c4a54cdecc67,1414,0
swift,stream,document,100,1,SwiftAvroCore,2.3.0,131199,31269,114,162468,7622.009314,31980.555822,6155.058227,0,1.00,schema,adapted,1,c4a54cdecc67,1415,1
swift,stream,document,100,1,CapnProto,capnproto-1.0.2,44784,12161,376,56945,22329.403358,82230.079763,17560.804285,0,1.00,message,adapted,1,c4a54cdecc67,1416,2
swift,stream,document,100,1,SwiftMsgpack,1.2.1,72350,36228,329,108578,13821.700069,27602.959037,9209.968870,0,1.00,codable,adapted,1,c4a54cdecc67,1417,3
swift,stream,document,100,1,BinaryCodable,4.0.0,73327,35084,337,108411,13637.541424,28503.021320,9224.156220,0,1.00,codable,adapted,1,c4a54cdecc67,1418,4
swift,stream,document,100,1,IkigaJSON,2.5.3,51963,35570,448,87533,19244.462406,28113.578859,11424.262849,0,1.00,codable,adapted,1,c4a54cdecc67,1419,5
swift,stream,document,100,1,SwiftBSON,3.1.0,81869,63120,525,144989,12214.635576,15842.839037,6897.074951,0,1.00,document,adapted,1,c4a54cdecc67,1420,6
swift,stream,document,100,1,XMLCoder,0.18.2,246027,238366,729,484393,4064.594536,4195.229185,2064.439412,0,1.00,codable,adapted,1,c4a54cdecc67,1421,7
swift,stream,document,100,1,Foundation.PropertyListEncoder,Foundation,71827,59521,399,131348,13922.341181,16800.792997,7613.362975,0,1.00,codable,adapted,1,c4a54cdecc67,1422,8
swift,stream,document,100,1,SwiftCbor,0.0.4,80236,39104,332,119340,12463.233461,25572.831424,8379.420144,0,1.00,codable,adapted,1,c4a54cdecc67,1423,9
swift,stream,document,100,1,Yams,5.4.0,279274,187022,429,466296,3580.712848,5346.964528,2144.560537,0,1.00,codable,adapted,1,c4a54cdecc67,1424,10
swift,stream,document,100,1,Foundation.JSONEncoder,Foundation,58232,33219,448,91451,17172.688556,30103.254162,10934.817553,0,1.00,codable,adapted,1,c4a54cdecc67,1425,11
swift,stream,document,100,1,SwiftProtobuf,1.38.1,22812,6536,155,29348,43836.577240,152998.776010,34073.872155,0,1.00,message,adapted,1,c4a54cdecc67,1426,12
swift,stream,document,100,1,TOML,2.0.0,195673,46312,508,241985,5110.567120,21592.675764,4132.487551,0,1.00,codable,adapted,1,c4a54cdecc67,1427,13
swift,stream,document,100,2,Foundation.JSONEncoder,Foundation,55093,29168,448,84261,18151.126277,34284.147010,11867.886685,0,1.00,codable,adapted,1,c4a54cdecc67,1428,0
swift,stream,document,100,2,SwiftAvroCore,2.3.0,128296,32367,114,160663,7794.475276,30895.665338,6224.208436,0,1.00,schema,adapted,1,c4a54cdecc67,1429,1
swift,stream,document,100,2,TOML,2.0.0,184684,39496,508,224180,5414.654220,25319.019648,4460.701222,0,1.00,codable,adapted,1,c4a54cdecc67,1430,2
swift,stream,document,100,2,SwiftMsgpack,1.2.1,79083,36945,329,116028,12644.942655,27067.262146,8618.609301,0,1.00,codable,adapted,1,c4a54cdecc67,1431,3
swift,stream,document,100,2,BinaryCodable,4.0.0,73912,34628,337,108540,13529.602771,28878.364329,9213.193293,0,1.00,codable,adapted,1,c4a54cdecc67,1432,4
swift,stream,document,100,2,Yams,5.4.0,272420,186699,429,459119,3670.802437,5356.215084,2178.084549,0,1.00,codable,adapted,1,c4a54cdecc67,1433,5
swift,stream,document,100,2,IkigaJSON,2.5.3,53162,35174,448,88336,18810.428502,28430.090408,11320.412969,0,1.00,codable,adapted,1,c4a54cdecc67,1434,6
swift,stream,document,100,2,XMLCoder,0.18.2,247883,234335,729,482218,4034.161278,4267.394969,2073.750876,0,1.00,codable,adapted,1,c4a54cdecc67,1435,7
swift,stream,document,100,2,SwiftCbor,0.0.4,82354,39406,332,121760,12142.701022,25376.846166,8212.877792,0,1.00,codable,adapted,1,c4a54cdecc67,1436,8
swift,stream,document,100,2,SwiftBSON,3.1.0,85506,66694,525,152200,11695.085725,14993.852520,6570.302234,0,1.00,document,adapted,1,c4a54cdecc67,1437,9
swift,stream,document,100,2,FlatBuffers,24.3.25,36745,5243,440,41988,27214.587019,190730.497807,23816.328475,0,1.00,archive,adapted,1,c4a54cdecc67,1438,10
swift,stream,document,100,2,SwiftProtobuf,1.38.1,17929,5820,155,23749,55775.559150,171821.305842,42107.036086,0,1.00,message,adapted,1,c4a54cdecc67,1439,11
swift,stream,document,100,2,CapnProto,capnproto-1.0.2,43228,12268,376,55496,23133.154437,81512.879035,18019.316708,0,1.00,message,adapted,1,c4a54cdecc67,1440,12
swift,stream,document,100,2,Foundation.PropertyListEncoder,Foundation,69068,59885,399,128953,14478.484971,16698.672456,7754.763363,0,1.00,codable,adapted,1,c4a54cdecc67,1441,13
swift,stream,document,100,3,TOML,2.0.0,201016,45643,508,246659,4974.728380,21909.164604,4054.180062,0,1.00,codable,adapted,1,c4a54cdecc67,1442,0
swift,stream,document,100,3,Foundation.JSONEncoder,Foundation,57731,32341,448,90072,17321.716236,30920.503386,11102.229328,0,1.00,codable,adapted,1,c4a54cdecc67,1443,1
swift,stream,document,100,3,SwiftProtobuf,1.38.1,16488,5262,155,21750,60650.169820,190041.809198,45977.011494,0,1.00,message,adapted,1,c4a54cdecc67,1444,2
swift,stream,document,100,3,BinaryCodable,4.0.0,72447,34960,337,107407,13803.194059,28604.118993,9310.380143,0,1.00,codable,adapted,1,c4a54cdecc67,1445,3
swift,stream,document,100,3,SwiftAvroCore,2.3.0,125969,32022,114,157991,7938.461050,31228.530385,6329.474464,0,1.00,schema,adapted,1,c4a54cdecc67,1446,4
swift,stream,document,100,3,SwiftCbor,0.0.4,78782,38291,332,117073,12693.254804,26115.797446,8541.679123,0,1.00,codable,adapted,1,c4a54cdecc67,1447,5
swift,stream,document,100,3,Yams,5.4.0,278092,192238,429,470330,3595.932281,5201.885163,2126.166734,0,1.00,codable,adapted,1,c4a54cdecc67,1448,6
swift,stream,document,100,3,SwiftBSON,3.1.0,85986,65268,525,151254,11629.800200,15321.443893,6611.395401,0,1.00,document,adapted,1,c4a54cdecc67,1449,7
swift,stream,document,100,3,IkigaJSON,2.5.3,52706,35283,448,87989,18973.171935,28342.261146,11365.056996,0,1.00,codable,adapted,1,c4a54cdecc67,1450,8
swift,stream,document,100,3,SwiftMsgpack,1.2.1,73958,36573,329,110531,13521.187701,27342.575124,9047.235617,0,1.00,codable,adapted,1,c4a54cdecc67,1451,9
swift,stream,document,100,3,XMLCoder,0.18.2,251148,236347,729,487495,3981.715960,4231.067033,2051.303090,0,1.00,codable,adapted,1,c4a54cdecc67,1452,10
swift,stream,document,100,3,Foundation.PropertyListEncoder,Foundation,72291,59051,399,131342,13832.980592,16934.514233,7613.710770,0,1.00,codable,adapted,1,c4a54cdecc67,1453,11
swift,stream,document,100,3,CapnProto,capnproto-1.0.2,43670,12732,376,56402,22899.015342,78542.255734,17729.867735,0,1.00,message,adapted,1,c4a54cdecc67,1454,12
swift,stream,document,100,3,FlatBuffers,24.3.25,37254,5585,440,42839,26842.755140,179051.029543,23343.215294,0,1.00,archive,adapted,1,c4a54cdecc67,1455,13
swift,stream,document,100,4,TOML,2.0.0,195882,45861,508,241743,5105.114304,21805.019515,4136.624432,0,1.00,codable,adapted,1,c4a54cdecc67,1456,0
swift,stream,document,100,4,BinaryCodable,4.0.0,73679,35557,337,109236,13572.388333,28123.857468,9154.491193,0,1.00,codable,adapted,1,c4a54cdecc67,1457,1
swift,stream,document,100,4,FlatBuffers,24.3.25,36240,4716,440,40956,27593.818985,212044.105174,24416.446919,0,1.00,archive,adapted,1,c4a54cdecc67,1458,2
swift,stream,document,100,4,IkigaJSON,2.5.3,51687,33944,448,85631,19347.224641,29460.287532,11678.013803,0,1.00,codable,adapted,1,c4a54cdecc67,1459,3
swift,stream,document,100,4,SwiftCbor,0.0.4,80086,39333,332,119419,12486.576930,25423.944271,8373.876854,0,1.00,codable,adapted,1,c4a54cdecc67,1460,4
swift,stream,document,100,4,SwiftAvroCore,2.3.0,125971,31642,114,157613,7938.335014,31603.564882,6344.654312,0,1.00,schema,adapted,1,c4a54cdecc67,1461,5
swift,stream,document,100,4,SwiftProtobuf,1.38.1,17636,6147,155,23783,56702.200045,162680.982593,42046.840180,0,1.00,message,adapted,1,c4a54cdecc67,1462,6
swift,stream,document,100,4,SwiftBSON,3.1.0,84304,66360,525,150664,11861.833365,15069.318867,6637.285616,0,1.00,document,adapted,1,c4a54cdecc67,1463,7
swift,stream,document,100,4,Foundation.PropertyListEncoder,Foundation,68232,59858,399,128090,14655.879939,16706.204684,7807.010696,0,1.00,codable,adapted,1,c4a54cdecc67,1464,8
swift,stream,document,100,4,CapnProto,capnproto-1.0.2,43301,12368,376,55669,23094.154869,80853.816300,17963.318903,0,1.00,message,adapted,1,c4a54cdecc67,1465,9
swift,stream,document,100,4,XMLCoder,0.18.2,256602,240649,729,497251,3897.085759,4155.429692,2011.056790,0,1.00,codable,adapted,1,c4a54cdecc67,1466,10
swift,stream,document,100,4,SwiftMsgpack,1.2.1,78725,36875,329,115600,12702.445221,27118.644068,8650.519031,0,1.00,codable,adapted,1,c4a54cdecc67,1467,11
swift,stream,document,100,4,Foundation.JSONEncoder,Foundation,59778,33433,448,93211,16728.562347,29910.567403,10728.347513,0,1.00,codable,adapted,1,c4a54cdecc67,1468,12
swift,stream,document,100,4,Yams,5.4.0,278620,194394,429,473014,3589.117795,5144.191693,2114.102331,0,1.00,codable,adapted,1,c4a54cdecc67,1469,13
swift,stream,document,100,5,Foundation.JSONEncoder,Foundation,55766,30634,448,86400,17932.073306,32643.468042,11574.074074,0,1.00,codable,adapted,1,c4a54cdecc67,1470,0
swift,stream,document,100,5,CapnProto,capnproto-1.0.2,42761,11693,376,54454,23385.795468,85521.252031,18364.123848,0,1.00,message,adapted,1,c4a54cdecc67,1471,1
swift,stream,document,100,5,SwiftCbor,0.0.4,82730,39494,332,122224,12087.513598,25320.301818,8181.699175,0,1.00,codable,adapted,1,c4a54cdecc67,1472,2
swift,stream,document,100,5,IkigaJSON,2.5.3,53944,35814,448,89758,18537.742844,27922.041660,11141.068206,0,1.00,codable,adapted,1,c4a54cdecc67,1473,3
swift,stream,document,100,5,TOML,2.0.0,201108,46292,508,247400,4972.452613,21602.004666,4042.037187,0,1.00,codable,adapted,1,c4a54cdecc67,1474,4
swift,stream,document,100,5,BinaryCodable,4.0.0,75099,35306,337,110405,13315.756535,28323.797655,9057.560799,0,1.00,codable,adapted,1,c4a54cdecc67,1475,5
swift,stream,document,100,5,XMLCoder,0.18.2,260391,239359,729,499750,3840.378508,4177.824941,2001.000500,0,1.00,codable,adapted,1,c4a54cdecc67,1476,6
swift,stream,document,100,5,SwiftBSON,3.1.0,89437,68437,525,157874,11181.054821,14611.978900,6334.165220,0,1.00,document,adapted,1,c4a54cdecc67,1477,7
swift,stream,document,100,5,FlatBuffers,24.3.25,37972,5441,440,43413,26335.194354,183789.744532,23034.574897,0,1.00,archive,adapted,1,c4a54cdecc67,1478,8
swift,stream,document,100,5,Foundation.PropertyListEncoder,Foundation,71301,59473,399,130774,14025.048737,16814.352731,7646.779941,0,1.00,codable,adapted,1,c4a54cdecc67,1479,9
swift,stream,document,100,5,Yams,5.4.0,276489,187152,429,463641,3616.780414,5343.250406,2156.841177,0,1.00,codable,adapted,1,c4a54cdecc67,1480,10
swift,stream,document,100,5,SwiftMsgpack,1.2.1,75356,36936,329,112292,13270.343436,27073.857483,8905.353899,0,1.00,codable,adapted,1,c4a54cdecc67,1481,11
swift,stream,document,100,5,SwiftProtobuf,1.38.1,19014,6200,155,25214,52592.826338,161290.322581,39660.506068,0,1.00,message,adapted,1,c4a54cdecc67,1482,12
swift,stream,document,100,5,SwiftAvroCore,2.3.0,131315,31935,114,163250,7615.276244,31313.605762,6125.574273,0,1.00,schema,adapted,1,c4a54cdecc67,1483,13
swift,stream,document,100,6,SwiftBSON,3.1.0,82506,65339,525,147845,12120.330643,15304.794992,6763.840509,0,1.00,document,adapted,1,c4a54cdecc67,1484,0
swift,stream,document,100,6,SwiftMsgpack,1.2.1,70933,38055,329,108988,14097.810610,26277.755880,9175.322054,0,1.00,codable,adapted,1,c4a54cdecc67,1485,1
swift,stream,document,100,6,BinaryCodable,4.0.0,73075,34581,337,107656,13684.570647,28917.613719,9288.845954,0,1.00,codable,adapted,1,c4a54cdecc67,1486,2
swift,stream,document,100,6,TOML,2.0.0,193719,44383,508,238102,5162.116261,22531.149314,4199.880723,0,1.00,codable,adapted,1,c4a54cdecc67,1487,3
swift,stream,document,100,6,CapnProto,capnproto-1.0.2,45960,12343,376,58303,21758.050479,81017.580815,17151.776066,0,1.00,message,adapted,1,c4a54cdecc67,1488,4
swift,stream,document,100,6,XMLCoder,0.18.2,245648,237334,729,482982,4070.865629,4213.471310,2070.470535,0,1.00,codable,adapted,1,c4a54cdecc67,1489,5
swift,stream,document,100,6,IkigaJSON,2.5.3,54779,35186,448,89965,18255.170777,28420.394475,11115.433780,0,1.00,codable,adapted,1,c4a54cdecc67,1490,6
swift,stream,document,100,6,SwiftCbor,0.0.4,80576,38947,332,119523,12410.643368,25675.918556,8366.590531,0,1.00,codable,adapted,1,c4a54cdecc67,1491,7
swift,stream,document,100,6,FlatBuffers,24.3.25,37787,5892,440,43679,26464.127875,169721.656483,22894.297031,0,1.00,archive,adapted,1,c4a54cdecc67,1492,8
swift,stream,document,100,6,SwiftAvroCore,2.3.0,126187,30785,114,156972,7924.746606,32483.352282,6370.562903,0,1.00,schema,adapted,1,c4a54cdecc67,1493,9
swift,stream,document,100,6,SwiftProtobuf,1.38.1,17653,7665,155,25318,56647.595310,130463.144162,39497.590647,0,1.00,message,adapted,1,c4a54cdecc67,1494,10
swift,stream,document,100,6,Foundation.JSONEncoder,Foundation,56805,33215,448,90020,17604.084148,30106.879422,11108.642524,0,1.00,codable,adapted,1,c4a54cdecc67,1495,11
swift,stream,document,100,6,Foundation.PropertyListEncoder,Foundation,67735,57813,399,125548,14763.416255,17297.147700,7965.081085,0,1.00,codable,adapted,1,c4a54cdecc67,1496,12
swift,stream,document,100,6,Yams,5.4.0,277636,186113,429,463749,3601.838378,5373.079796,2156.338882,0,1.00,codable,adapted,1,c4a54cdecc67,1497,13
swift,stream,document,100,7,FlatBuffers,24.3.25,37477,5366,440,42843,26683.032260,186358.553858,23341.035875,0,1.00,archive,adapted,1,c4a54cdecc67,1498,0
swift,stream,document,100,7,CapnProto,capnproto-1.0.2,43238,11998,376,55236,23127.804246,83347.224537,18104.134984,0,1.00,message,adapted,1,c4a54cdecc67,1499,1
swift,stream,document,100,7,Yams,5.4.0,259141,186361,429,445502,3858.903068,5365.929567,2244.658834,0,1.00,codable,adapted,1,c4a54cdecc67,1500,2
swift,stream,document,100,7,SwiftAvroCore,2.3.0,132256,32431,114,164687,7561.093637,30834.695199,6072.124697,0,1.00,schema,adapted,1,c4a54cdecc67,1501,3
swift,stream,document,100,7,Foundation.JSONEncoder,Foundation,56149,32320,448,88469,17809.756184,30940.594059,11303.394409,0,1.00,codable,adapted,1,c4a54cdecc67,1502,4
swift,stream,document,100,7,Foundation.PropertyListEncoder,Foundation,67251,55976,399,123227,14869.667366,17864.799200,8115.104644,0,1.00,codable,adapted,1,c4a54cdecc67,1503,5
swift,stream,document,100,7,XMLCoder,0.18.2,244834,233245,729,478079,4084.400042,4287.337349,2091.704509,0,1.00,codable,adapted,1,c4a54cdecc67,1504,6
swift,stream,document,100,7,SwiftBSON,3.1.0,86703,70883,525,157586,11533.626287,14107.755033,6345.741373,0,1.00,document,adapted,1,c4a54cdecc67,1505,7
swift,stream,document,100,7,IkigaJSON,2.5.3,51950,34867,448,86817,19249.278152,28680.414145,11518.481403,0,1.00,codable,adapted,1,c4a54cdecc67,1506,8
swift,stream,document,100,7,BinaryCodable,4.0.0,72869,35282,337,108151,13723.256803,28343.064452,9246.331518,0,1.00,codable,adapted,1,c4a54cdecc67,1507,9
swift,stream,document,100,7,SwiftCbor,0.0.4,79355,38992,332,118347,12601.600403,25646.286418,8449.728341,0,1.00,codable,adapted,1,c4a54cdecc67,1508,10
swift,stream,document,100,7,TOML,2.0.0,196715,45583,508,242298,5083.496429,21938.003203,4127.149213,0,1.00,codable,adapted,1,c4a54cdecc67,1509,11
swift,stream,document,100,7,SwiftProtobuf,1.38.1,18762,5958,155,24720,53299.221831,167841.557570,40453.074434,0,1.00,message,adapted,1,c4a54cdecc67,1510,12
swift,stream,document,100,7,SwiftMsgpack,1.2.1,74344,36612,329,110956,13450.984612,27313.449142,9012.581564,0,1.00,codable,adapted,1,c4a54cdecc67,1511,13
swift,stream,document,100,8,Foundation.JSONEncoder,Foundation,57384,32275,448,89659,17426.460337,30983.733540,11153.369991,0,1.00,codable,adapted,1,c4a54cdecc67,1512,0
swift,stream,document,100,8,Foundation.PropertyListEncoder,Foundation,69919,56077,399,125996,14302.264048,17832.623001,7936.759897,0,1.00,codable,adapted,1,c4a54cdecc67,1513,1
swift,stream,document,100,8,SwiftProtobuf,1.38.1,16228,5059,155,21287,61621.888095,197667.523226,46977.028233,0,1.00,message,adapted,1,c4a54cdecc67,1514,2
swift,stream,document,100,8,TOML,2.0.0,187120,42558,508,229678,5344.164173,23497.344800,4353.921577,0,1.00,codable,adapted,1,c4a54cdecc67,1515,3
swift,stream,document,100,8,CapnProto,capnproto-1.0.2,44860,12453,376,57313,22291.573785,80301.935277,17448.048436,0,1.00,message,adapted,1,c4a54cdecc67,1516,4
swift,stream,document,100,8,SwiftMsgpack,1.2.1,73096,35648,329,108744,13680.639159,28052.064632,9195.909659,0,1.00,codable,adapted,1,c4a54cdecc67,1517,5
swift,stream,document,100,8,SwiftBSON,3.1.0,85116,66214,525,151330,11748.672400,15102.546289,6608.075068,0,1.00,document,adapted,1,c4a54cdecc67,1518,6
swift,stream,document,100,8,SwiftAvroCore,2.3.0,126054,31303,114,157357,7933.108033,31945.819889,6354.976264,0,1.00,schema,adapted,1,c4a54cdecc67,1519,7
swift,stream,document,100,8,SwiftCbor,0.0.4,83553,38946,332,122499,11968.451163,25676.577826,8163.331946,0,1.00,codable,adapted,1,c4a54cdecc67,1520,8
swift,stream,document,100,8,FlatBuffers,24.3.25,37317,5257,440,42574,26797.438165,190222.560396,23488.514117,0,1.00,archive,adapted,1,c4a54cdecc67,1521,9
swift,stream,document,100,8,BinaryCodable,4.0.0,71720,35302,337,107022,13943.112103,28327.006968,9343.873222,0,1.00,codable,adapted,1,c4a54cdecc67,1522,10
swift,stream,document,100,8,Yams,5.4.0,284715,187969,429,472684,3512.284214,5320.026175,2115.578272,0,1.00,codable,adapted,1,c4a54cdecc67,1523,11
swift,stream,document,100,8,XMLCoder,0.18.2,247324,233551,729,480875,4043.279261,4281.720053,2079.542501,0,1.00,codable,adapted,1,c4a54cdecc67,1524,12
swift,stream,document,100,8,IkigaJSON,2.5.3,59990,36113,448,96103,16669.444907,27690.859247,10405.502430,0,1.00,codable,adapted,1,c4a54cdecc67,1525,13
swift,stream,document,100,9,SwiftCbor,0.0.4,77758,38058,332,115816,12860.413076,26275.684482,8634.385577,0,1.00,codable,adapted,1,c4a54cdecc67,1526,0
swift,stream,document,100,9,SwiftProtobuf,1.38.1,17947,5987,155,23934,55719.618878,167028.561884,41781.565973,0,1.00,message,adapted,1,c4a54cdecc67,1527,1
swift,stream,document,100,9,CapnProto,capnproto-1.0.2,42853,12190,376,55043,23335.589107,82034.454471,18167.614411,0,1.00,message,adapted,1,c4a54cdecc67,1528,2
swift,stream,document,100,9,SwiftBSON,3.1.0,83749,65069,525,148818,11940.441080,15368.301342,6719.617251,0,1.00,document,adapted,1,c4a54cdecc67,1529,3
swift,stream,document,100,9,Yams,5.4.0,276123,186954,429,463077,3621.574443,5348.909357,2159.468080,0,1.00,codable,adapted,1,c4a54cdecc67,1530,4
swift,stream,document,100,9,Foundation.JSONEncoder,Foundation,58126,33160,448,91286,17204.005092,30156.815440,10954.582302,0,1.00,codable,adapted,1,c4a54cdecc67,1531,5
swift,stream,document,100,9,BinaryCodable,4.0.0,71740,33885,337,105625,13939.224979,29511.583296,9467.455621,0,1.00,codable,adapted,1,c4a54cdecc67,1532,6
swift,stream,document,100,9,FlatBuffers,24.3.25,37021,5377,440,42398,27011.696064,185977.310768,23586.018208,0,1.00,archive,adapted,1,c4a54cdecc67,1533,7
swift,stream,document,100,9,IkigaJSON,2.5.3,51581,33814,448,85395,19386.983579,29573.549417,11710.287488,0,1.00,codable,adapted,1,c4a54cdecc67,1534,8
swift,stream,document,100,9,XMLCoder,0.18.2,241985,237377,729,479362,4132.487551,4212.708055,2086.106116,0,1.00,codable,adapted,1,c4a54cdecc67,1535,9
swift,stream,document,100,9,SwiftAvroCore,2.3.0,130964,32364,114,163328,7635.686143,30898.529230,6122.648903,0,1.00,schema,adapted,1,c4a54cdecc67,1536,10
swift,stream,document,100,9,SwiftMsgpack,1.2.1,74172,37331,329,111503,13482.176563,26787.388497,8968.368564,0,1.00,codable,adapted,1,c4a54cdecc67,1537,11
swift,stream,document,100,9,TOML,2.0.0,193000,46416,508,239416,5181.347150,21544.295071,4176.830287,0,1.00,codable,adapted,1,c4a54cdecc67,1538,12
swift,stream,document,100,9,Foundation.PropertyListEncoder,Foundation,70347,59279,399,129626,14215.247274,16869.380388,7714.501720,0,1.00,codable,adapted,1,c4a54cdecc67,1539,13
swift,stream,document,100,10,Foundation.PropertyListEncoder,Foundation,67263,50983,399,118246,14867.014555,19614.381264,8456.945689,0,1.00,codable,adapted,1,c4a54cdecc67,1540,0
swift,stream,document,100,10,SwiftMsgpack,1.2.1,71729,35597,329,107326,13941.362629,28092.254965,9317.406779,0,1.00,codable,adapted,1,c4a54cdecc67,1541,1
swift,stream,document,100,10,BinaryCodable,4.0.0,72746,34209,337,106955,13746.460286,29232.073431,9349.726520,0,1.00,codable,adapted,1,c4a54cdecc67,1542,2
swift,stream,document,100,10,SwiftBSON,3.1.0,84381,65847,525,150228,11851.009113,15186.720731,6656.548713,0,1.00,document,adapted,1,c4a54cdecc67,1543,3
swift,stream,document,100,10,FlatBuffers,24.3.25,36534,4911,440,41445,27371.763289,203624.516392,24128.362891,0,1.00,archive,adapted,1,c4a54cdecc67,1544,4
swift,stream,document,100,10,SwiftAvroCore,2.3.0,125985,30926,114,156911,7937.452871,32335.251892,6373.039494,0,1.00,schema,adapted,1,c4a54cdecc67,1545,5
swift,stream,document,100,10,IkigaJSON,2.5.3,51793,34061,448,85854,19307.628444,29359.091043,11647.680947,0,1.00,codable,adapted,1,c4a54cdecc67,1546,6
swift,stream,document,100,10,CapnProto,capnproto-1.0.2,43713,12548,376,56261,22876.489831,79693.975135,17774.301914,0,1.00,message,adapted,1,c4a54cdecc67,1547,7
swift,stream,document,100,10,Foundation.JSONEncoder,Foundation,56492,38589,448,95081,17701.621469,25914.120604,10517.348366,0,1.00,codable,adapted,1,c4a54cdecc67,1548,8
swift,stream,document,100,10,SwiftCbor,0.0.4,80904,40090,332,120994,12360.328290,24943.876278,8264.872638,0,1.00,codable,adapted,1,c4a54cdecc67,1549,9
swift,stream,document,100,10,SwiftProtobuf,1.38.1,18806,6131,155,24937,53174.518771,163105.529277,40101.054658,0,1.00,message,adapted,1,c4a54cdecc67,1550,10
swift,stream,document,100,10,Yams,5.4.0,275708,187695,429,463403,3627.025694,5327.792429,2157.948913,0,1.00,codable,adapted,1,c4a54cdecc67,1551,11
swift,stream,document,100,10,TOML,2.0.0,195797,47061,508,242858,5107.330552,21249.017233,4117.632526,0,1.00,codable,adapted,1,c4a54cdecc67,1552,12
swift,stream,document,100,10,XMLCoder,0.18.2,250713,243746,729,494459,3988.624443,4102.631428,2022.412374,0,1.00,codable,adapted,1,c4a54cdecc67,1553,13
swift,stream,document,100,11,Foundation.JSONEncoder,Foundation,61324,33621,448,94945,16306.829300,29743.315190,10532.413503,0,1.00,codable,adapted,1,c4a54cdecc67,1554,0
swift,stream,document,100,11,SwiftProtobuf,1.38.1,18281,6735,155,25016,54701.602757,148478.099480,39974.416374,0,1.00,message,adapted,1,c4a54cdecc67,1555,1
swift,stream,document,100,11,FlatBuffers,24.3.25,38723,6380,440,45103,25824.445420,156739.811912,22171.474181,0,1.00,archive,adapted,1,c4a54cdecc67,1556,2
swift,stream,document,100,11,Yams,5.4.0,284283,196164,429,480447,3517.621525,5097.775331,2081.395034,0,1.00,codable,adapted,1,c4a54cdecc67,1557,3
swift,stream,document,100,11,SwiftAvroCore,2.3.0,148366,36424,114,184790,6740.088700,27454.425653,5411.548244,0,1.00,schema,adapted,1,c4a54cdecc67,1558,4
swift,stream,document,100,11,CapnProto,capnproto-1.0.2,57564,17173,376,74737,17371.968591,58230.943924,13380.253422,0,1.00,message,adapted,1,c4a54cdecc67,1559,5
swift,stream,document,100,11,XMLCoder,0.18.2,253301,244202,729,497503,3947.872294,4094.970557,2010.038130,0,1.00,codable,adapted,1,c4a54cdecc67,1560,6
swift,stream,document,100,11,Foundation.PropertyListEncoder,Foundation,78645,68507,399,147152,12715.366520,14597.048477,6795.694248,0,1.00,codable,adapted,1,c4a54cdecc67,1561,7
swift,stream,document,100,11,TOML,2.0.0,203604,52987,508,256591,4911.494863,18872.553645,3897.252826,0,1.00,codable,adapted,1,c4a54cdecc67,1562,8
swift,stream,document,100,11,SwiftCbor,0.0.4,88587,48016,332,136603,11288.338018,20826.391203,7320.483445,0,1.00,codable,adapted,1,c4a54cdecc67,1563,9
swift,stream,document,100,11,IkigaJSON,2.5.3,58850,49706,448,108556,16992.353441,20118.295578,9211.835366,0,1.00,codable,adapted,1,c4a54cdecc67,1564,10
swift,stream,document,100,11,SwiftBSON,3.1.0,100792,75604,525,176396,9921.422335,13226.813396,5669.062791,0,1.00,document,adapted,1,c4a54cdecc67,1565,11
swift,stream,document,100,11,SwiftMsgpack,1.2.1,85640,41046,329,126686,11676.786548,24362.909906,7893.532040,0,1.00,codable,adapted,1,c4a54cdecc67,1566,12
swift,stream,document,100,11,BinaryCodable,4.0.0,82386,40351,337,122737,12137.984609,24782.533271,8147.502383,0,1.00,codable,adapted,1,c4a54cdecc67,1567,13
swift,stream,document,100,12,Foundation.PropertyListEncoder,Foundation,71187,60207,399,131394,14047.508674,16609.364360,7610.697597,0,1.00,codable,adapted,1,c4a54cdecc67,1568,0
swift,stream,document,100,12,IkigaJSON,2.5.3,52138,33743,448,85881,19179.868810,29635.776309,11644.019050,0,1.00,codable,adapted,1,c4a54cdecc67,1569,1
swift,stream,document,100,12,SwiftCbor,0.0.4,77965,38372,332,116337,12826.268197,26060.669238,8595.717613,0,1.00,codable,adapted,1,c4a54cdecc67,1570,2
swift,stream,document,100,12,FlatBuffers,24.3.25,40459,6827,440,47286,24716.379545,146477.222792,21147.908472,0,1.00,archive,adapted,1,c4a54cdecc67,1571,3
swift,stream,document,100,12,TOML,2.0.0,197773,56348,508,254121,5056.301922,17746.858806,3935.133263,0,1.00,codable,adapted,1,c4a54cdecc67,1572,4
swift,stream,document,100,12,CapnProto,capnproto-1.0.2,60133,17963,376,78096,16629.803935,55669.988309,12804.753124,0,1.00,message,adapted,1,c4a54cdecc67,1573,5
swift,stream,document,100,12,SwiftProtobuf,1.38.1,21616,8210,155,29826,46262.028127,121802.679659,33527.794542,0,1.00,message,adapted,1,c4a54cdecc67,1574,6
swift,stream,document,100,12,SwiftAvroCore,2.3.0,141298,36499,114,177797,7077.241008,27398.010904,5624.391863,0,1.00,schema,adapted,1,c4a54cdecc67,1575,7
swift,stream,document,100,12,XMLCoder,0.18.2,254759,247123,729,501882,3925.278400,4046.567903,1992.500229,0,1.00,codable,adapted,1,c4a54cdecc67,1576,8
swift,stream,document,100,12,SwiftBSON,3.1.0,95378,67768,525,163146,10484.598125,14756.227128,6129.479117,0,1.00,document,adapted,1,c4a54cdecc67,1577,9
swift,stream,document,100,12,SwiftMsgpack,1.2.1,75625,37037,329,112662,13223.140496,27000.027000,8876.107294,0,1.00,codable,adapted,1,c4a54cdecc67,1578,10
swift,stream,document,100,12,Foundation.JSONEncoder,Foundation,63901,43479,448,107380,15649.207368,22999.609007,9312.721177,0,1.00,codable,adapted,1,c4a54cdecc67,1579,11
swift,stream,document,100,12,Yams,5.4.0,282999,194243,429,477242,3533.581391,5148.190668,2095.372997,0,1.00,codable,adapted,1,c4a54cdecc67,1580,12
swift,stream,document,100,12,BinaryCodable,4.0.0,73699,36739,337,110438,13568.705138,27219.031547,9054.854307,0,1.00,codable,adapted,1,c4a54cdecc67,1581,13
swift,stream,document,100,13,IkigaJSON,2.5.3,57855,35612,448,93467,17284.590787,28080.422330,10698.963270,0,1.00,codable,adapted,1,c4a54cdecc67,1582,0
swift,stream,document,100,13,TOML,2.0.0,203780,47759,508,251539,4907.252920,20938.461861,3975.526658,0,1.00,codable,adapted,1,c4a54cdecc67,1583,1
swift,stream,document,100,13,CapnProto,capnproto-1.0.2,48997,13293,376,62290,20409.412821,75227.563379,16053.941243,0,1.00,message,adapted,1,c4a54cdecc67,1584,2
swift,stream,document,100,13,BinaryCodable,4.0.0,70058,32442,337,102500,14273.887350,30824.240182,9756.097561,0,1.00,codable,adapted,1,c4a54cdecc67,1585,3
swift,stream,document,100,13,SwiftBSON,3.1.0,85351,66115,525,151466,11716.324355,15125.160705,6602.141735,0,1.00,document,adapted,1,c4a54cdecc67,1586,4
swift,stream,document,100,13,XMLCoder,0.18.2,246606,240738,729,487344,4055.051378,4153.893444,2051.938672,0,1.00,codable,adapted,1,c4a54cdecc67,1587,5
swift,stream,document,100,13,SwiftCbor,0.0.4,84359,39960,332,124319,11854.099740,25025.025025,8043.822746,0,1.00,codable,adapted,1,c4a54cdecc67,1588,6
swift,stream,document,100,13,SwiftAvroCore,2.3.0,130748,33268,114,164016,7648.300548,30058.915474,6096.966150,0,1.00,schema,adapted,1,c4a54cdecc67,1589,7
swift,stream,document,100,13,Yams,5.4.0,271799,205035,429,476834,3679.189401,4877.216085,2097.165890,0,1.00,codable,adapted,1,c4a54cdecc67,1590,8
swift,stream,document,100,13,Foundation.JSONEncoder,Foundation,59665,34490,448,94155,16760.244700,28993.911279,10620.784876,0,1.00,codable,adapted,1,c4a54cdecc67,1591,9
swift,stream,document,100,13,Foundation.PropertyListEncoder,Foundation,71428,61646,399,133074,14000.112001,16221.652662,7514.615928,0,1.00,codable,adapted,1,c4a54cdecc67,1592,10
swift,stream,document,100,13,SwiftMsgpack,1.2.1,76410,38240,329,114650,13087.292239,26150.627615,8722.197994,0,1.00,codable,adapted,1,c4a54cdecc67,1593,11
swift,stream,document,100,13,FlatBuffers,24.3.25,39392,6576,440,45968,25385.865150,152068.126521,21754.263836,0,1.00,archive,adapted,1,c4a54cdecc67,1594,12
swift,stream,document,100,13,SwiftProtobuf,1.38.1,18512,6735,155,25247,54019.014693,148478.099480,39608.666376,0,1.00,message,adapted,1,c4a54cdecc67,1595,13
swift,stream,document,100,14,SwiftProtobuf,1.38.1,14463,3215,155,17678,69141.948420,311041.990669,56567.485010,0,1.00,message,adapted,1,c4a54cdecc67,1596,0
swift,stream,document,100,14,BinaryCodable,4.0.0,72002,34796,337,106798,13888.503097,28738.935510,9363.471226,0,1.00,codable,adapted,1,c4a54cdecc67,1597,1
swift,stream,document,100,14,CapnProto,capnproto-1.0.2,43714,12081,376,55795,22875.966510,82774.604751,17922.752935,0,1.00,message,adapted,1,c4a54cdecc67,1598,2
swift,stream,document,100,14,Foundation.JSONEncoder,Foundation,54482,30053,448,84535,18354.685951,33274.548298,11829.419767,0,1.00,codable,adapted,1,c4a54cdecc67,1599,3
swift,stream,document,100,14,FlatBuffers,24.3.25,36368,4627,440,40995,27496.700396,216122.757726,24393.218685,0,1.00,archive,adapted,1,c4a54cdecc67,1600,4
swift,stream,document,100,14,SwiftMsgpack,1.2.1,72180,34961,329,107141,13854.253256,28603.300821,9333.495114,0,1.00,codable,adapted,1,c4a54cdecc67,1601,5
swift,stream,document,100,14,XMLCoder,0.18.2,247934,235838,729,483772,4033.331451,4240.198781,2067.089455,0,1.00,codable,adapted,1,c4a54cdecc67,1602,6
swift,stream,document,100,14,IkigaJSON,2.5.3,53348,36419,448,89767,18744.845168,27458.194898,11139.951207,0,1.00,codable,adapted,1,c4a54cdecc67,1603,7
swift,stream,document,100,14,Foundation.PropertyListEncoder,Foundation,67486,57729,399,125215,14817.888155,17322.316340,7986.263627,0,1.00,codable,adapted,1,c4a54cdecc67,1604,8
swift,stream,document,100,14,SwiftBSON,3.1.0,84324,71762,525,156086,11859.019971,13934.951646,6406.724498,0,1.00,document,adapted,1,c4a54cdecc67,1605,9
swift,stream,document,100,14,TOML,2.0.0,198547,47880,508,246427,5036.590832,20885.547201,4057.996892,0,1.00,codable,adapted,1,c4a54cdecc67,1606,10
swift,stream,document,100,14,SwiftAvroCore,2.3.0,126965,32533,114,159498,7876.186351,30738.019857,6269.671093,0,1.00,schema,adapted,1,c4a54cdecc67,1607,11
swift,stream,document,100,14,Yams,5.4.0,273791,191283,429,465074,3652.421007,5227.856108,2150.195453,0,1.00,codable,adapted,1,c4a54cdecc67,1608,12
swift,stream,document,100,14,SwiftCbor,0.0.4,82943,40924,332,123867,12056.472517,24435.539048,8073.175261,0,1.00,codable,adapted,1,c4a54cdecc67,1609,13
swift,stream,document,100,15,SwiftMsgpack,1.2.1,73892,37307,329,111199,13533.264765,26804.621117,8992.886627,0,1.00,codable,adapted,1,c4a54cdecc67,1610,0
swift,stream,document,100,15,IkigaJSON,2.5.3,52441,34812,448,87253,19069.049027,28725.726761,11460.923980,0,1.00,codable,adapted,1,c4a54cdecc67,1611,1
swift,stream,document,100,15,BinaryCodable,4.0.0,71912,34659,337,106571,13905.884971,28852.534695,9383.415751,0,1.00,codable,adapted,1,c4a54cdecc67,1612,2
swift,stream,document,100,15,SwiftAvroCore,2.3.0,125169,30879,114,156048,7989.198603,32384.468409,6408.284630,0,1.00,schema,adapted,1,c4a54cdecc67,1613,3
swift,stream,document,100,15,Yams,5.4.0,267476,188727,429,456203,3738.653188,5298.658909,2192.006629,0,1.00,codable,adapted,1,c4a54cdecc67,1614,4
swift,stream,document,100,15,Foundation.PropertyListEncoder,Foundation,70594,59261,399,129855,14165.509817,16874.504311,7700.897155,0,1.00,codable,adapted,1,c4a54cdecc67,1615,5
swift,stream,document,100,15,SwiftBSON,3.1.0,84866,66904,525,151770,11783.281880,14946.789430,6588.917441,0,1.00,document,adapted,1,c4a54cdecc67,1616,6
swift,stream,document,100,15,SwiftCbor,0.0.4,78792,39291,332,118083,12691.643822,25451.121122,8468.619530,0,1.00,codable,adapted,1,c4a54cdecc67,1617,7
swift,stream,document,100,15,FlatBuffers,24.3.25,37291,5325,440,42616,26816.121852,187793.427230,23465.365121,0,1.00,archive,adapted,1,c4a54cdecc67,1618,8
swift,stream,document,100,15,CapnProto,capnproto-1.0.2,43504,12471,376,55975,22986.392056,80186.031593,17865.118356,0,1.00,message,adapted,1,c4a54cdecc67,1619,9
swift,stream,document,100,15,XMLCoder,0.18.2,251035,236988,729,488023,3983.508276,4219.622934,2049.083752,0,1.00,codable,adapted,1,c4a54cdecc67,1620,10
swift,stream,document,100,15,SwiftProtobuf,1.38.1,19263,6557,155,25820,51912.993822,152508.769254,38729.666925,0,1.00,message,adapted,1,c4a54cdecc67,1621,11
swift,stream,document,100,15,Foundation.JSONEncoder,Foundation,57583,32755,448,90338,17366.236563,30529.690124,11069.538843,0,1.00,codable,adapted,1,c4a54cdecc67,1622,12
swift,stream,document,100,15,TOML,2.0.0,198520,46498,508,245018,5037.275841,21506.301346,4081.332800,0,1.00,codable,adapted,1,c4a54cdecc67,1623,13
swift,stream,document,100,16,SwiftBSON,3.1.0,84666,66411,525,151077,11811.116623,15057.746458,6619.141233,0,1.00,document,adapted,1,c4a54cdecc67,1624,0
swift,stream,document,100,16,IkigaJSON,2.5.3,52648,35776,448,88424,18994.073849,27951.699463,11309.146838,0,1.00,codable,adapted,1,c4a54cdecc67,1625,1
swift,stream,document,100,16,BinaryCodable,4.0.0,72285,34701,337,106986,13834.128796,28817.613325,9347.017367,0,1.00,codable,adapted,1,c4a54cdecc67,1626,2
swift,stream,document,100,16,Yams,5.4.0,274156,187163,429,461319,3647.558324,5342.936371,2167.697407,0,1.00,codable,adapted,1,c4a54cdecc67,1627,3
swift,stream,document,100,16,Foundation.PropertyListEncoder,Foundation,70081,59847,399,129928,14269.202780,16709.275319,7696.570408,0,1.00,codable,adapted,1,c4a54cdecc67,1628,4
swift,stream,document,100,16,XMLCoder,0.18.2,248261,244428,729,492689,4028.018899,4091.184316,2029.677951,0,1.00,codable,adapted,1,c4a54cdecc67,1629,5
swift,stream,document,100,16,SwiftMsgpack,1.2.1,80472,40211,329,120683,12426.682573,24868.816990,8286.171209,0,1.00,codable,adapted,1,c4a54cdecc67,1630,6
swift,stream,document,100,16,SwiftProtobuf,1.38.1,21295,7690,155,28985,46959.380136,130039.011704,34500.603761,0,1.00,message,adapted,1,c4a54cdecc67,1631,7
swift,stream,document,100,16,SwiftAvroCore,2.3.0,149405,41044,114,190449,6693.216425,24364.097067,5250.749544,0,1.00,schema,adapted,1,c4a54cdecc67,1632,8
swift,stream,document,100,16,Foundation.JSONEncoder,Foundation,63646,37879,448,101525,15711.906483,26399.852161,9849.790692,0,1.00,codable,adapted,1,c4a54cdecc67,1633,9
swift,stream,document,100,16,FlatBuffers,24.3.25,39749,7908,440,47657,25157.865607,126454.223571,20983.276329,0,1.00,archive,adapted,1,c4a54cdecc67,1634,10
swift,stream,document,100,16,SwiftCbor,0.0.4,85235,51426,332,136661,11732.269608,19445.416715,7317.376574,0,1.00,codable,adapted,1,c4a54cdecc67,1635,11
swift,stream,document,100,16,TOML,2.0.0,206572,54953,508,261525,4840.927134,18197.368660,3823.726221,0,1.00,codable,adapted,1,c4a54cdecc67,1636,12
swift,stream,document,100,16,CapnProto,capnproto-1.0.2,67188,20296,376,87484,14883.610168,49270.792274,11430.661607,0,1.00,message,adapted,1,c4a54cdecc67,1637,13
swift,stream,document,100,17,SwiftMsgpack,1.2.1,75856,39568,329,115424,13182.872812,25272.947837,8663.709454,0,1.00,codable,adapted,1,c4a54cdecc67,1638,0
swift,stream,document,100,17,Yams,5.4.0,278477,195193,429,473670,3590.960833,5123.134539,2111.174446,0,1.00,codable,adapted,1,c4a54cdecc67,1639,1
swift,stream,document,100,17,TOML,2.0.0,191331,45289,508,236620,5226.544575,22080.416878,4226.185445,0,1.00,codable,adapted,1,c4a54cdecc67,1640,2
swift,stream,document,100,17,SwiftAvroCore,2.3.0,128013,33146,114,161159,7811.706624,30169.552887,6205.052153,0,1.00,schema,adapted,1,c4a54cdecc67,1641,3
swift,stream,document,100,17,SwiftCbor,0.0.4,80416,41083,332,121499,12435.336251,24340.968284,8230.520416,0,1.00,codable,adapted,1,c4a54cdecc67,1642,4
swift,stream,document,100,17,BinaryCodable,4.0.0,79681,40443,337,120124,12550.043298,24726.157802,8324.731111,0,1.00,codable,adapted,1,c4a54cdecc67,1643,5
swift,stream,document,100,17,SwiftProtobuf,1.38.1,20457,7118,155,27575,48883.022926,140488.901377,36264.732548,0,1.00,message,adapted,1,c4a54cdecc67,1644,6
swift,stream,document,100,17,SwiftBSON,3.1.0,96995,80286,525,177281,10309.809784,12455.471689,5640.762405,0,1.00,document,adapted,1,c4a54cdecc67,1645,7
swift,stream,document,100,17,IkigaJSON,2.5.3,58721,39641,448,98362,17029.682737,25226.407003,10166.527724,0,1.00,codable,adapted,1,c4a54cdecc67,1646,8
swift,stream,document,100,17,FlatBuffers,24.3.25,37724,5640,440,43364,26508.323614,177304.964539,23060.603265,0,1.00,archive,adapted,1,c4a54cdecc67,1647,9
swift,stream,document,100,17,Foundation.JSONEncoder,Foundation,59972,36580,448,96552,16674.448076,27337.342810,10357.113265,0,1.00,codable,adapted,1,c4a54cdecc67,1648,10
swift,stream,document,100,17,XMLCoder,0.18.2,253285,250886,729,504171,3948.121681,3985.874062,1983.454027,0,1.00,codable,adapted,1,c4a54cdecc67,1649,11
swift,stream,document,100,17,CapnProto,capnproto-1.0.2,58034,17136,376,75170,17231.278216,58356.676004,13303.179460,0,1.00,message,adapted,1,c4a54cdecc67,1650,12
swift,stream,document,100,17,Foundation.PropertyListEncoder,Foundation,80276,66584,399,146860,12457.023270,15018.623093,6809.206047,0,1.00,codable,adapted,1,c4a54cdecc67,1651,13
swift,stream,document,100,18,SwiftProtobuf,1.38.1,18149,6580,155,24729,55099.454515,151975.683891,40438.351733,0,1.00,message,adapted,1,c4a54cdecc67,1652,0
swift,stream,document,100,18,CapnProto,capnproto-1.0.2,36286,9129,376,45415,27558.838119,109541.023113,22019.156666,0,1.00,message,adapted,1,c4a54cdecc67,1653,1
swift,stream,document,100,18,SwiftBSON,3.1.0,85618,68324,525,153942,11679.786961,14636.145425,6495.953021,0,1.00,document,adapted,1,c4a54cdecc67,1654,2
swift,stream,document,100,18,Yams,5.4.0,276647,191615,429,468262,3614.714781,5218.798111,2135.556590,0,1.00,codable,adapted,1,c4a54cdecc67,1655,3
swift,stream,document,100,18,Foundation.PropertyListEncoder,Foundation,68402,58187,399,126589,14619.455571,17185.969375,7899.580532,0,1.00,codable,adapted,1,c4a54cdecc67,1656,4
swift,stream,document,100,18,SwiftAvroCore,2.3.0,132953,33129,114,166082,7521.454950,30185.034260,6021.122096,0,1.00,schema,adapted,1,c4a54cdecc67,1657,5
swift,stream,document,100,18,BinaryCodable,4.0.0,73350,35935,337,109285,13633.265167,27828.022819,9150.386604,0,1.00,codable,adapted,1,c4a54cdecc67,1658,6
swift,stream,document,100,18,FlatBuffers,24.3.25,36993,5143,440,42136,27032.141216,194439.043360,23732.675147,0,1.00,archive,adapted,1,c4a54cdecc67,1659,7
swift,stream,document,100,18,IkigaJSON,2.5.3,53105,34721,448,87826,18830.618586,28801.013796,11386.149887,0,1.00,codable,adapted,1,c4a54cdecc67,1660,8
swift,stream,document,100,18,SwiftMsgpack,1.2.1,73917,37465,329,111382,13528.687582,26691.578807,8978.111364,0,1.00,codable,adapted,1,c4a54cdecc67,1661,9
swift,stream,document,100,18,Foundation.JSONEncoder,Foundation,58062,32754,448,90816,17222.968551,30530.622214,11011.275546,0,1.00,codable,adapted,1,c4a54cdecc67,1662,10
swift,stream,document,100,18,SwiftCbor,0.0.4,79248,39459,332,118707,12618.614981,25342.760840,8424.103044,0,1.00,codable,adapted,1,c4a54cdecc67,1663,11
swift,stream,document,100,18,XMLCoder,0.18.2,251361,236405,729,487766,3978.341907,4230.028976,2050.163398,0,1.00,codable,adapted,1,c4a54cdecc67,1664,12
swift,stream,document,100,18,TOML,2.0.0,200403,47577,508,247980,4989.945260,21018.559388,4032.583273,0,1.00,codable,adapted,1,c4a54cdecc67,1665,13
swift,stream,document,100,19,SwiftCbor,0.0.4,78809,39289,332,118098,12688.906089,25452.416707,8467.543904,0,1.00,codable,adapted,1,c4a54cdecc67,1666,0
swift,stream,document,100,19,XMLCoder,0.18.2,246802,241066,729,487868,4051.831022,4148.241560,2049.734764,0,1.00,codable,adapted,1,c4a54cdecc67,1667,1
swift,stream,document,100,19,SwiftAvroCore,2.3.0,128031,32390,114,160421,7810.608368,30873.726459,6233.597846,0,1.00,schema,adapted,1,c4a54cdecc67,1668,2
swift,stream,document,100,19,Foundation.PropertyListEncoder,Foundation,70264,58892,399,129156,14232.039167,16980.235006,7742.574871,0,1.00,codable,adapted,1,c4a54cdecc67,1669,3
swift,stream,document,100,19,FlatBuffers,24.3.25,36887,5232,440,42119,27109.821888,191131.498471,23742.254090,0,1.00,archive,adapted,1,c4a54cdecc67,1670,4
swift,stream,document,100,19,Foundation.JSONEncoder,Foundation,55742,32084,448,87826,17939.794051,31168.183518,11386.149887,0,1.00,codable,adapted,1,c4a54cdecc67,1671,5
swift,stream,document,100,19,IkigaJSON,2.5.3,52126,34699,448,86825,19184.284234,28819.274331,11517.420098,0,1.00,codable,adapted,1,c4a54cdecc67,1672,6
swift,stream,document,100,19,Yams,5.4.0,280147,192055,429,472202,3569.554555,5206.841790,2117.737748,0,1.00,codable,adapted,1,c4a54cdecc67,1673,7
swift,stream,document,100,19,CapnProto,capnproto-1.0.2,45034,12774,376,57808,22205.444775,78284.014404,17298.643786,0,1.00,message,adapted,1,c4a54cdecc67,1674,8
swift,stream,document,100,19,BinaryCodable,4.0.0,73255,35514,337,108769,13650.945328,28157.909557,9193.796026,0,1.00,codable,adapted,1,c4a54cdecc67,1675,9
swift,stream,document,100,19,SwiftBSON,3.1.0,85270,66621,525,151891,11727.453970,15010.282043,6583.668552,0,1.00,document,adapted,1,c4a54cdecc67,1676,10
swift,stream,document,100,19,TOML,2.0.0,199365,45691,508,245056,5015.925564,21886.148257,4080.699922,0,1.00,codable,adapted,1,c4a54cdecc67,1677,11
swift,stream,document,100,19,SwiftProtobuf,1.38.1,18265,6114,155,24379,54749.520942,163559.044815,41018.909717,0,1.00,message,adapted,1,c4a54cdecc67,1678,12
swift,stream,document,100,19,SwiftMsgpack,1.2.1,75565,38317,329,113882,13233.639913,26098.076572,8781.018949,0,1.00,codable,adapted,1,c4a54cdecc67,1679,13
swift,stream,document,100,20,BinaryCodable,4.0.0,71402,33486,337,104888,14005.209938,29863.226423,9533.979102,0,1.00,codable,adapted,1,c4a54cdecc67,1680,0
swift,stream,document,100,20,SwiftCbor,0.0.4,78954,45968,332,124922,12665.602756,21754.263836,8004.995117,0,1.00,codable,adapted,1,c4a54cdecc67,1681,1
swift,stream,document,100,20,SwiftAvroCore,2.3.0,126480,32412,114,158892,7906.388362,30852.770579,6293.583063,0,1.00,schema,adapted,1,c4a54cdecc67,1682,2
swift,stream,document,100,20,Yams,5.4.0,277429,188953,429,466382,3604.525843,5292.321371,2144.165084,0,1.00,codable,adapted,1,c4a54cdecc67,1683,3
swift,stream,document,100,20,XMLCoder,0.18.2,246476,235432,729,481908,4057.190152,4247.510959,2075.084871,0,1.00,codable,adapted,1,c4a54cdecc67,1684,4
swift,stream,document,100,20,SwiftMsgpack,1.2.1,76285,36001,329,112286,13108.736973,27777.006194,8905.829756,0,1.00,codable,adapted,1,c4a54cdecc67,1685,5
swift,stream,document,100,20,SwiftProtobuf,1.38.1,18869,6209,155,25078,52996.979172,161056.530842,39875.588165,0,1.00,message,adapted,1,c4a54cdecc67,1686,6
swift,stream,document,100,20,Foundation.JSONEncoder,Foundation,57068,36802,448,93870,17522.955071,27172.436281,10653.030787,0,1.00,codable,adapted,1,c4a54cdecc67,1687,7
swift,stream,document,100,20,IkigaJSON,2.5.3,51687,34918,448,86605,19347.224641,28638.524543,11546.677444,0,1.00,codable,adapted,1,c4a54cdecc67,1688,8
swift,stream,document,100,20,CapnProto,capnproto-1.0.2,44938,12761,376,57699,22252.881748,78363.764595,17331.322900,0,1.00,message,adapted,1,c4a54cdecc67,1689,9
swift,stream,document,100,20,FlatBuffers,24.3.25,36952,5736,440,42688,27062.134661,174337.517434,23425.787106,0,1.00,archive,adapted,1,c4a54cdecc67,1690,10
swift,stream,document,100,20,TOML,2.0.0,195096,44475,508,239571,5125.681716,22484.541877,4174.127920,0,1.00,codable,adapted,1,c4a54cdecc67,1691,11
swift,stream,document,100,20,SwiftBSON,3.1.0,86540,65779,525,152319,11555.350127,15202.420225,6565.169152,0,1.00,document,adapted,1,c4a54cdecc67,1692,12
swift,stream,document,100,20,Foundation.PropertyListEncoder,Foundation,69560,59689,399,129249,14376.078206,16753.505671,7737.003768,0,1.00,codable,adapted,1,c4a54cdecc67,1693,13
swift,stream,document,100,21,SwiftCbor,0.0.4,80239,38795,332,119034,12462.767482,25776.517592,8400.961070,0,1.00,codable,adapted,1,c4a54cdecc67,1694,0
swift,stream,document,100,21,IkigaJSON,2.5.3,52348,32871,448,85219,19102.926568,30421.952481,11734.472359,0,1.00,codable,adapted,1,c4a54cdecc67,1695,1
swift,stream,document,100,21,SwiftProtobuf,1.38.1,17373,5945,155,23318,57560.582513,168208.578638,42885.324642,0,1.00,message,adapted,1,c4a54cdecc67,1696,2
swift,stream,document,100,21,FlatBuffers,24.3.25,36420,5188,440,41608,27457.440967,192752.505783,24033.839646,0,1.00,archive,adapted,1,c4a54cdecc67,1697,3
swift,stream,document,100,21,TOML,2.0.0,191162,44144,508,235306,5231.165190,22653.135194,4249.785386,0,1.00,codable,adapted,1,c4a54cdecc67,1698,4
swift,stream,document,100,21,CapnProto,capnproto-1.0.2,43187,11458,376,54645,23155.116123,87275.266190,18299.935950,0,1.00,message,adapted,1,c4a54cdecc67,1699,5
swift,stream,document,100,21,SwiftBSON,3.1.0,84243,65226,525,149469,11870.422468,15331.309600,6690.350507,0,1.00,document,adapted,1,c4a54cdecc67,1700,6
swift,stream,document,100,21,SwiftAvroCore,2.3.0,125970,31238,114,157208,7938.398031,32012.292720,6360.999440,0,1.00,schema,adapted,1,c4a54cdecc67,1701,7
swift,stream,document,100,21,XMLCoder,0.18.2,251513,235230,729,486743,3975.937625,4251.158441,2054.472278,0,1.00,codable,adapted,1,c4a54cdecc67,1702,8
swift,stream,document,100,21,Yams,5.4.0,276575,186209,429,462784,3615.655790,5370.309706,2160.835292,0,1.00,codable,adapted,1,c4a54cdecc67,1703,9
swift,stream,document,100,21,Foundation.JSONEncoder,Foundation,57763,33283,448,91046,17312.120215,30045.368506,10983.458911,0,1.00,codable,adapted,1,c4a54cdecc67,1704,10
swift,stream,document,100,21,SwiftMsgpack,1.2.1,74223,36513,329,110736,13472.912709,27387.505820,9030.486924,0,1.00,codable,adapted,1,c4a54cdecc67,1705,11
swift,stream,document,100,21,Foundation.PropertyListEncoder,Foundation,69860,57300,399,127160,14314.342972,17452.006981,7864.108210,0,1.00,codable,adapted,1,c4a54cdecc67,1706,12
swift,stream,document,100,21,BinaryCodable,4.0.0,72191,34676,337,106867,13852.142234,28838.389664,9357.425585,0,1.00,codable,adapted,1,c4a54cdecc67,1707,13
swift,stream,document,100,22,IkigaJSON,2.5.3,51479,34694,448,86173,19425.396764,28823.427682,11604.562914,0,1.00,codable,adapted,1,c4a54cdecc67,1708,0
swift,stream,document,100,22,SwiftCbor,0.0.4,78138,38904,332,117042,12797.870434,25704.297759,8543.941491,0,1.00,codable,adapted,1,c4a54cdecc67,1709,1
swift,stream,document,100,22,SwiftProtobuf,1.38.1,18241,5743,155,23984,54821.555836,174125.021766,41694.462975,0,1.00,message,adapted,1,c4a54cdecc67,1710,2
swift,stream,document,100,22,Yams,5.4.0,269017,188433,429,457450,3717.237201,5306.926069,2186.031260,0,1.00,codable,adapted,1,c4a54cdecc67,1711,3
swift,stream,document,100,22,Foundation.JSONEncoder,Foundation,56350,31608,448,87958,17746.228926,31637.560111,11369.062507,0,1.00,codable,adapted,1,c4a54cdecc67,1712,4
swift,stream,document,100,22,XMLCoder,0.18.2,243755,233436,729,477191,4102.479949,4283.829401,2095.596941,0,1.00,codable,adapted,1,c4a54cdecc67,1713,5
swift,stream,document,100,22,SwiftBSON,3.1.0,86472,66316,525,152788,11564.437043,15079.317209,6545.016624,0,1.00,document,adapted,1,c4a54cdecc67,1714,6
swift,stream,document,100,22,SwiftMsgpack,1.2.1,78378,37385,329,115763,12758.682283,26748.696001,8638.338675,0,1.00,codable,adapted,1,c4a54cdecc67,1715,7
swift,stream,document,100,22,TOML,2.0.0,198098,45784,508,243882,5048.006542,21841.691421,4100.343609,0,1.00,codable,adapted,1,c4a54cdecc67,1716,8
swift,stream,document,100,22,CapnProto,capnproto-1.0.2,44564,12245,376,56809,22439.637375,81665.986117,17602.844620,0,1.00,message,adapted,1,c4a54cdecc67,1717,9
swift,stream,document,100,22,BinaryCodable,4.0.0,72618,34467,337,107085,13770.690462,29013.259059,9338.376056,0,1.00,codable,adapted,1,c4a54cdecc67,1718,10
swift,stream,document,100,22,Foundation.PropertyListEncoder,Foundation,69107,58848,399,127955,14470.314151,16992.930941,7815.247548,0,1.00,codable,adapted,1,c4a54cdecc67,1719,11
swift,stream,document,100,22,SwiftAvroCore,2.3.0,126795,31672,114,158467,7886.746323,31573.629704,6310.462115,0,1.00,schema,adapted,1,c4a54cdecc67,1720,12
swift,stream,document,100,22,FlatBuffers,24.3.25,36771,5158,440,41929,27195.344157,193873.594416,23849.841399,0,1.00,archive,adapted,1,c4a54cdecc67,1721,13
swift,stream,document,100,23,SwiftBSON,3.1.0,88501,65541,525,154042,11299.307352,15257.624998,6491.736020,0,1.00,document,adapted,1,c4a54cdecc67,1722,0
swift,stream,document,100,23,TOML,2.0.0,191805,44265,508,236070,5213.628425,22591.212019,4236.031686,0,1.00,codable,adapted,1,c4a54cdecc67,1723,1
swift,stream,document,100,23,Foundation.JSONEncoder,Foundation,57606,32440,448,90046,17359.302850,30826.140567,11105.435000,0,1.00,codable,adapted,1,c4a54cdecc67,1724,2
swift,stream,document,100,23,IkigaJSON,2.5.3,52502,34446,448,86948,19046.893452,29030.946989,11501.127110,0,1.00,codable,adapted,1,c4a54cdecc67,1725,3
swift,stream,document,100,23,FlatBuffers,24.3.25,36502,5198,440,41700,27395.759136,192381.685264,23980.815348,0,1.00,archive,adapted,1,c4a54cdecc67,1726,4
swift,stream,document,100,23,SwiftMsgpack,1.2.1,73366,36444,329,109810,13630.291961,27439.359017,9106.638740,0,1.00,codable,adapted,1,c4a54cdecc67,1727,5
swift,stream,document,100,23,XMLCoder,0.18.2,252358,233461,729,485819,3962.624525,4283.370670,2058.379767,0,1.00,codable,adapted,1,c4a54cdecc67,1728,6
swift,stream,document,100,23,Foundation.PropertyListEncoder,Foundation,69585,57434,399,127019,14370.913272,17411.289480,7872.837922,0,1.00,codable,adapted,1,c4a54cdecc67,1729,7
swift,stream,document,100,23,SwiftCbor,0.0.4,80597,39187,332,119784,12407.409705,25518.666905,8348.360382,0,1.00,codable,adapted,1,c4a54cdecc67,1730,8
swift,stream,document,100,23,Yams,5.4.0,272428,198586,429,471014,3670.694642,5035.601704,2123.079144,0,1.00,codable,adapted,1,c4a54cdecc67,1731,9
swift,stream,document,100,23,SwiftProtobuf,1.38.1,19850,6304,155,26154,50377.833753,158629.441624,38235.069205,0,1.00,message,adapted,1,c4a54cdecc67,1732,10
swift,stream,document,100,23,BinaryCodable,4.0.0,73156,35114,337,108270,13669.418776,28478.669477,9236.168837,0,1.00,codable,adapted,1,c4a54cdecc67,1733,11
swift,stream,document,100,23,SwiftAvroCore,2.3.0,133196,31641,114,164837,7507.732965,31604.563699,6066.599125,0,1.00,schema,adapted,1,c4a54cdecc67,1734,12
swift,stream,document,100,23,CapnProto,capnproto-1.0.2,46478,13235,376,59713,21515.555747,75557.234605,16746.772060,0,1.00,message,adapted,1,c4a54cdecc67,1735,13
swift,stream,document,100,24,SwiftProtobuf,1.38.1,16061,4874,155,20935,62262.623747,205170.291342,47766.897540,0,1.00,message,adapted,1,c4a54cdecc67,1736,0
swift,stream,document,100,24,Foundation.PropertyListEncoder,Foundation,68250,57223,399,125473,14652.014652,17475.490624,7969.842117,0,1.00,codable,adapted,1,c4a54cdecc67,1737,1
swift,stream,document,100,24,SwiftBSON,3.1.0,85341,65515,525,150856,11717.697238,15263.680073,6628.838097,0,1.00,document,adapted,1,c4a54cdecc67,1738,2
swift,stream,document,100,24,IkigaJSON,2.5.3,52221,35540,448,87761,19149.384347,28137.310073,11394.583015,0,1.00,codable,adapted,1,c4a54cdecc67,1739,3
swift,stream,document,100,24,Yams,5.4.0,273284,185220,429,458504,3659.197026,5398.984991,2181.006054,0,1.00,codable,adapted,1,c4a54cdecc67,1740,4
swift,stream,document,100,24,SwiftMsgpack,1.2.1,75819,39558,329,115377,13189.306111,25279.336670,8667.238704,0,1.00,codable,adapted,1,c4a54cdecc67,1741,5
swift,stream,document,100,24,FlatBuffers,24.3.25,37524,5633,440,43157,26649.610916,177525.297355,23171.212086,0,1.00,archive,adapted,1,c4a54cdecc67,1742,6
swift,stream,document,100,24,XMLCoder,0.18.2,244867,242769,729,487636,4083.849600,4119.142065,2050.709956,0,1.00,codable,adapted,1,c4a54cdecc67,1743,7
swift,stream,document,100,24,SwiftCbor,0.0.4,81375,40312,332,121687,12288.786482,24806.509228,8217.804696,0,1.00,codable,adapted,1,c4a54cdecc67,1744,8
swift,stream,document,100,24,TOML,2.0.0,199443,51126,508,250569,5013.963889,19559.519618,3990.916674,0,1.00,codable,adapted,1,c4a54cdecc67,1745,9
swift,stream,document,100,24,CapnProto,capnproto-1.0.2,45783,13432,376,59215,21842.168490,74449.076831,16887.612936,0,1.00,message,adapted,1,c4a54cdecc67,1746,10
swift,stream,document,100,24,SwiftAvroCore,2.3.0,125715,32247,114,157962,7954.500259,31010.636648,6330.636482,0,1.00,schema,adapted,1,c4a54cdecc67,1747,11
swift,stream,document,100,24,Foundation.JSONEncoder,Foundation,59845,34976,448,94821,16709.833737,28591.033852,10546.187026,0,1.00,codable,adapted,1,c4a54cdecc67,1748,12
swift,stream,document,100,24,BinaryCodable,4.0.0,78909,35265,337,114174,12672.825660,28356.727634,8758.561494,0,1.00,codable,adapted,1,c4a54cdecc67,1749,13
swift,stream,document,100,25,SwiftMsgpack,1.2.1,74047,37595,329,111642,13504.936054,26599.281819,8957.202487,0,1.00,codable,adapted,1,c4a54cdecc67,1750,0
swift,stream,document,100,25,CapnProto,capnproto-1.0.2,40090,10255,376,50345,24943.876278,97513.408094,19862.945675,0,1.00,message,adapted,1,c4a54cdecc67,1751,1
swift,stream,document,100,25,Foundation.JSONEncoder,Foundation,53330,29040,448,82370,18751.171948,34435.261708,12140.342358,0,1.00,codable,adapted,1,c4a54cdecc67,1752,2
swift,stream,document,100,25,SwiftProtobuf,1.38.1,18826,5869,155,24695,53118.028259,170386.777986,40494.027131,0,1.00,message,adapted,1,c4a54cdecc67,1753,3
swift,stream,document,100,25,Foundation.PropertyListEncoder,Foundation,69054,60198,399,129252,14481.420338,16611.847570,7736.824188,0,1.00,codable,adapted,1,c4a54cdecc67,1754,4
swift,stream,document,100,25,XMLCoder,0.18.2,246399,237855,729,484254,4058.458029,4204.242080,2065.031987,0,1.00,codable,adapted,1,c4a54cdecc67,1755,5
swift,stream,document,100,25,Yams,5.4.0,274071,190745,429,464816,3648.689573,5242.601379,2151.388937,0,1.00,codable,adapted,1,c4a54cdecc67,1756,6
swift,stream,document,100,25,SwiftAvroCore,2.3.0,131281,32863,114,164144,7617.248497,30429.358245,6092.211717,0,1.00,schema,adapted,1,c4a54cdecc67,1757,7
swift,stream,document,100,25,BinaryCodable,4.0.0,72512,34138,337,106650,13790.820830,29292.870115,9376.465073,0,1.00,codable,adapted,1,c4a54cdecc67,1758,8
swift,stream,document,100,25,SwiftBSON,3.1.0,91414,68232,525,159646,10939.243442,14655.879939,6263.858788,0,1.00,document,adapted,1,c4a54cdecc67,1759,9
swift,stream,document,100,25,IkigaJSON,2.5.3,53446,37914,448,91360,18710.474123,26375.481353,10945.709282,0,1.00,codable,adapted,1,c4a54cdecc67,1760,10
swift,stream,document,100,25,SwiftCbor,0.0.4,80797,41473,332,122270,12376.697155,24112.072915,8178.621084,0,1.00,codable,adapted,1,c4a54cdecc67,1761,11
swift,stream,document,100,25,TOML,2.0.0,196879,48837,508,245716,5079.261882,20476.278232,4069.739048,0,1.00,codable,adapted,1,c4a54cdecc67,1762,12
swift,stream,document,100,25,FlatBuffers,24.3.25,38526,5668,440,44194,25956.496911,176429.075512,22627.505996,0,1.00,archive,adapted,1,c4a54cdecc67,1763,13
swift,stream,document,100,26,TOML,2.0.0,183941,38830,508,222771,5436.525843,25753.283544,4488.914625,0,1.00,codable,adapted,1,c4a54cdecc67,1764,0
swift,stream,document,100,26,Foundation.JSONEncoder,Foundation,62222,33316,448,95538,16071.485970,30015.608116,10467.039293,0,1.00,codable,adapted,1,c4a54cdecc67,1765,1
swift,stream,document,100,26,SwiftProtobuf,1.38.1,18326,5839,155,24165,54567.281458,171262.202432,41382.164287,0,1.00,message,adapted,1,c4a54cdecc67,1766,2
swift,stream,document,100,26,SwiftBSON,3.1.0,83617,63240,525,146857,11959.290575,15812.776724,6809.345145,0,1.00,document,adapted,1,c4a54cdecc67,1767,3
swift,stream,document,100,26,Foundation.PropertyListEncoder,Foundation,69111,58183,399,127294,14469.476639,17187.150886,7855.829811,0,1.00,codable,adapted,1,c4a54cdecc67,1768,4
swift,stream,document,100,26,IkigaJSON,2.5.3,51593,33865,448,85458,19382.474367,29529.012255,11701.654614,0,1.00,codable,adapted,1,c4a54cdecc67,1769,5
swift,stream,document,100,26,SwiftAvroCore,2.3.0,125928,31510,114,157438,7941.045677,31735.956839,6351.706704,0,1.00,schema,adapted,1,c4a54cdecc67,1770,6
swift,stream,document,100,26,SwiftCbor,0.0.4,78282,39587,332,117869,12774.328709,25260.817945,8483.994944,0,1.00,codable,adapted,1,c4a54cdecc67,1771,7
swift,stream,document,100,26,Yams,5.4.0,279600,190401,429,470001,3576.537911,5252.073256,2127.655048,0,1.00,codable,adapted,1,c4a54cdecc67,1772,8
swift,stream,document,100,26,SwiftMsgpack,1.2.1,74326,38639,329,112965,13454.242123,25880.586972,8852.299385,0,1.00,codable,adapted,1,c4a54cdecc67,1773,9
swift,stream,document,100,26,XMLCoder,0.18.2,244390,236240,729,480630,4091.820451,4232.983407,2080.602542,0,1.00,codable,adapted,1,c4a54cdecc67,1774,10
swift,stream,document,100,26,FlatBuffers,24.3.25,43189,5804,440,48993,23154.043854,172294.968987,20411.079134,0,1.00,archive,adapted,1,c4a54cdecc67,1775,11
swift,stream,document,100,26,BinaryCodable,4.0.0,73324,35323,337,108647,13638.099394,28310.166181,9204.119764,0,1.00,codable,adapted,1,c4a54cdecc67,1776,12
swift,stream,document,100,26,CapnProto,capnproto-1.0.2,46147,12995,376,59142,21669.881032,76952.674105,16908.457610,0,1.00,message,adapted,1,c4a54cdecc67,1777,13
swift,stream,document,100,27,SwiftAvroCore,2.3.0,131003,32019,114,163022,7633.412975,31231.456323,6134.141404,0,1.00,schema,adapted,1,c4a54cdecc67,1778,0
swift,stream,document,100,27,TOML,2.0.0,190806,44939,508,235745,5240.925338,22252.386568,4241.871514,0,1.00,codable,adapted,1,c4a54cdecc67,1779,1
swift,stream,document,100,27,SwiftCbor,0.0.4,81358,39547,332,120905,12291.354261,25286.368119,8270.956536,0,1.00,codable,adapted,1,c4a54cdecc67,1780,2
swift,stream,document,100,27,FlatBuffers,24.3.25,37286,5166,440,42452,26819.717857,193573.364305,23556.016207,0,1.00,archive,adapted,1,c4a54cdecc67,1781,3
swift,stream,document,100,27,SwiftBSON,3.1.0,84105,70098,525,154203,11889.899530,14265.742247,6484.958140,0,1.00,document,adapted,1,c4a54cdecc67,1782,4
swift,stream,document,100,27,Foundation.PropertyListEncoder,Foundation,68761,59596,399,128357,14543.127645,16779.649641,7790.771053,0,1.00,codable,adapted,1,c4a54cdecc67,1783,5
swift,stream,document,100,27,Yams,5.4.0,273964,187296,429,461260,3650.114614,5339.142320,2167.974678,0,1.00,codable,adapted,1,c4a54cdecc67,1784,6
swift,stream,document,100,27,XMLCoder,0.18.2,243469,232731,729,476200,4107.299081,4296.806184,2099.958001,0,1.00,codable,adapted,1,c4a54cdecc67,1785,7
swift,stream,document,100,27,BinaryCodable,4.0.0,74062,34916,337,108978,13502.200859,28640.164967,9176.163996,0,1.00,codable,adapted,1,c4a54cdecc67,1786,8
swift,stream,document,100,27,Foundation.JSONEncoder,Foundation,56580,32830,448,89410,17674.089784,30459.945172,11184.431272,0,1.00,codable,adapted,1,c4a54cdecc67,1787,9
swift,stream,document,100,27,SwiftMsgpack,1.2.1,73532,37436,329,110968,13599.521297,26712.255583,9011.606950,0,1.00,codable,adapted,1,c4a54cdecc67,1788,10
swift,stream,document,100,27,IkigaJSON,2.5.3,52098,35315,448,87413,19194.594802,28316.579357,11439.946003,0,1.00,codable,adapted,1,c4a54cdecc67,1789,11
swift,stream,document,100,27,SwiftProtobuf,1.38.1,17366,6013,155,23379,57583.784406,166306.336271,42773.429146,0,1.00,message,adapted,1,c4a54cdecc67,1790,12
swift,stream,document,100,27,CapnProto,capnproto-1.0.2,43195,12264,376,55459,23150.827642,81539.465101,18031.338466,0,1.00,message,adapted,1,c4a54cdecc67,1791,13
swift,stream,document,100,28,CapnProto,capnproto-1.0.2,33759,6244,376,40003,29621.730501,160153.747598,24998.125141,0,1.00,message,adapted,1,c4a54cdecc67,1792,0
swift,stream,document,100,28,SwiftAvroCore,2.3.0,129417,37518,114,166935,7726.960137,26653.872808,5990.355528,0,1.00,schema,adapted,1,c4a54cdecc67,1793,1
swift,stream,document,100,28,Foundation.JSONEncoder,Foundation,54916,31100,448,86016,18209.629252,32154.340836,11625.744048,0,1.00,codable,adapted,1,c4a54cdecc67,1794,2
swift,stream,document,100,28,FlatBuffers,24.3.25,36699,4960,440,41659,27248.698875,201612.903226,24004.416813,0,1.00,archive,adapted,1,c4a54cdecc67,1795,3
swift,stream,document,100,28,SwiftBSON,3.1.0,83909,65665,525,149574,11917.672717,15228.812914,6685.653924,0,1.00,document,adapted,1,c4a54cdecc67,1796,4
swift,stream,document,100,28,Yams,5.4.0,279350,188278,429,467628,3579.738679,5311.295000,2138.451932,0,1.00,codable,adapted,1,c4a54cdecc67,1797,5
swift,stream,document,100,28,BinaryCodable,4.0.0,74700,35913,337,110613,13386.880857,27845.070030,9040.528690,0,1.00,codable,adapted,1,c4a54cdecc67,1798,6
swift,stream,document,100,28,TOML,2.0.0,199227,46598,508,245825,5019.399981,21460.148504,4067.934506,0,1.00,codable,adapted,1,c4a54cdecc67,1799,7
swift,stream,document,100,28,IkigaJSON,2.5.3,54567,35049,448,89616,18326.094526,28531.484493,11158.721657,0,1.00,codable,adapted,1,c4a54cdecc67,1800,8
swift,stream,document,100,28,SwiftProtobuf,1.38.1,17644,5740,155,23384,56676.490592,174216.027875,42764.283271,0,1.00,message,adapted,1,c4a54cdecc67,1801,9
swift,stream,document,100,28,SwiftMsgpack,1.2.1,75140,36302,329,111442,13308.490817,27546.691642,8973.277579,0,1.00,codable,adapted,1,c4a54cdecc67,1802,10
swift,stream,document,100,28,SwiftCbor,0.0.4,83027,39930,332,122957,12044.274754,25043.826697,8132.924518,0,1.00,codable,adapted,1,c4a54cdecc67,1803,11
swift,stream,document,100,28,XMLCoder,0.18.2,253183,243145,729,496328,3949.712263,4112.772214,2014.796667,0,1.00,codable,adapted,1,c4a54cdecc67,1804,12
swift,stream,document,100,28,Foundation.PropertyListEncoder,Foundation,74004,61214,399,135218,13512.783093,16336.132257,7395.465101,0,1.00,codable,adapted,1,c4a54cdecc67,1805,13
swift,stream,document,100,29,SwiftCbor,0.0.4,79737,39143,332,118880,12541.229291,25547.352017,8411.843876,0,1.00,codable,adapted,1,c4a54cdecc67,1806,0
swift,stream,document,100,29,XMLCoder,0.18.2,247582,233886,729,481468,4039.065845,4275.587252,2076.981232,0,1.00,codable,adapted,1,c4a54cdecc67,1807,1
swift,stream,document,100,29,SwiftAvroCore,2.3.0,135020,35101,114,170121,7406.310176,28489.216831,5878.169068,0,1.00,schema,adapted,1,c4a54cdecc67,1808,2
swift,stream,document,100,29,Foundation.PropertyListEncoder,Foundation,68402,58687,399,127089,14619.455571,17039.548793,7868.501601,0,1.00,codable,adapted,1,c4a54cdecc67,1809,3
swift,stream,document,100,29,FlatBuffers,24.3.25,37861,5412,440,43273,26412.403265,184774.575018,23109.098052,0,1.00,archive,adapted,1,c4a54cdecc67,1810,4
swift,stream,document,100,29,Foundation.JSONEncoder,Foundation,57101,32923,448,90024,17512.828147,30373.902743,11108.148938,0,1.00,codable,adapted,1,c4a54cdecc67,1811,5
swift,stream,document,100,29,TOML,2.0.0,200636,47346,508,247982,4984.150402,21121.108436,4032.550750,0,1.00,codable,adapted,1,c4a54cdecc67,1812,6
swift,stream,document,100,29,BinaryCodable,4.0.0,75275,36641,337,111916,13284.623049,27291.831555,8935.272883,0,1.00,codable,adapted,1,c4a54cdecc67,1813,7
swift,stream,document,100,29,CapnProto,capnproto-1.0.2,52540,13905,376,66445,19033.117625,71916.576771,15050.041388,0,1.00,message,adapted,1,c4a54cdecc67,1814,8
swift,stream,document,100,29,SwiftProtobuf,1.38.1,18450,6200,155,24650,54200.542005,161290.322581,40567.951318,0,1.00,message,adapted,1,c4a54cdecc67,1815,9
swift,stream,document,100,29,IkigaJSON,2.5.3,53809,37429,448,91238,18584.251705,26717.251329,10960.345470,0,1.00,codable,adapted,1,c4a54cdecc67,1816,10
swift,stream,document,100,29,SwiftBSON,3.1.0,87753,68019,525,155772,11395.621802,14701.774504,6419.638960,0,1.00,document,adapted,1,c4a54cdecc67,1817,11
swift,stream,document,100,29,SwiftMsgpack,1.2.1,76530,37465,329,113995,13066.771201,26691.578807,8772.314575,0,1.00,codable,adapted,1,c4a54cdecc67,1818,12
swift,stream,document,100,29,Yams,5.4.0,289721,196695,429,486416,3451.596536,5084.013320,2055.853426,0,1.00,codable,adapted,1,c4a54cdecc67,1819,13
swift,stream,document,100,30,SwiftProtobuf,1.38.1,18776,5949,155,24725,53259.480187,168095.478232,40444.893832,0,1.00,message,adapted,1,c4a54cdecc67,1820,0
swift,stream,document,100,30,SwiftCbor,0.0.4,83412,41581,332,124993,11988.682684,24049.445660,8000.448025,0,1.00,codable,adapted,1,c4a54cdecc67,1821,1
swift,stream,document,100,30,FlatBuffers,24.3.25,39526,5659,440,45185,25299.802662,176709.666019,22131.238243,0,1.00,archive,adapted,1,c4a54cdecc67,1822,2
swift,stream,document,100,30,SwiftMsgpack,1.2.1,75312,36828,329,112140,13278.096452,27153.252960,8917.424648,0,1.00,codable,adapted,1,c4a54cdecc67,1823,3
swift,stream,document,100,30,Foundation.JSONEncoder,Foundation,61038,33866,448,94904,16383.236672,29528.140318,10536.963669,0,1.00,codable,adapted,1,c4a54cdecc67,1824,4
swift,stream,document,100,30,XMLCoder,0.18.2,256411,250304,729,506715,3899.988690,3995.141907,1973.495949,0,1.00,codable,adapted,1,c4a54cdecc67,1825,5
swift,stream,document,100,30,Foundation.PropertyListEncoder,Foundation,74249,62004,399,136253,13468.194858,16127.991742,7339.287942,0,1.00,codable,adapted,1,c4a54cdecc67,1826,6
swift,stream,document,100,30,SwiftAvroCore,2.3.0,135498,34158,114,169656,7380.182733,29275.718719,5894.280191,0,1.00,schema,adapted,1,c4a54cdecc67,1827,7
swift,stream,document,100,30,CapnProto,capnproto-1.0.2,46248,13183,376,59431,21622.556651,75855.268148,16826.235466,0,1.00,message,adapted,1,c4a54cdecc67,1828,8
swift,stream,document,100,30,SwiftBSON,3.1.0,91124,68998,525,160122,10974.057328,14493.173715,6245.238006,0,1.00,document,adapted,1,c4a54cdecc67,1829,9
swift,stream,document,100,30,TOML,2.0.0,204392,49073,508,253465,4892.559396,20377.804495,3945.317894,0,1.00,codable,adapted,1,c4a54cdecc67,1830,10
swift,stream,document,100,30,IkigaJSON,2.5.3,60967,36960,448,97927,16402.316007,27056.277056,10211.688298,0,1.00,codable,adapted,1,c4a54cdecc67,1831,11
swift,stream,document,100,30,BinaryCodable,4.0.0,73992,36597,337,110589,13514.974592,27324.644097,9042.490664,0,1.00,codable,adapted,1,c4a54cdecc67,1832,12
swift,stream,document,100,30,Yams,5.4.0,280184,192206,429,472390,3569.083174,5202.751215,2116.894939,0,1.00,codable,adapted,1,c4a54cdecc67,1833,13
swift,stream,document,100,31,BinaryCodable,4.0.0,70448,33646,337,104094,14194.867136,29721.215003,9606.701635,0,1.00,codable,adapted,1,c4a54cdecc67,1834,0
swift,stream,document,100,31,SwiftMsgpack,1.2.1,76117,37928,329,114045,13137.669640,26365.745623,8768.468587,0,1.00,codable,adapted,1,c4a54cdecc67,1835,1
swift,stream,document,100,31,Yams,5.4.0,273138,182690,429,455828,3661.152970,5473.753353,2193.809946,0,1.00,codable,adapted,1,c4a54cdecc67,1836,2
swift,stream,document,100,31,IkigaJSON,2.5.3,53448,34022,448,87470,18709.773986,29392.745870,11432.491140,0,1.00,codable,adapted,1,c4a54cdecc67,1837,3
swift,stream,document,100,31,SwiftBSON,3.1.0,85176,65666,525,150842,11740.396356,15228.581001,6629.453335,0,1.00,document,adapted,1,c4a54cdecc67,1838,4
swift,stream,document,100,31,FlatBuffers,24.3.25,37588,5224,440,42812,26604.235394,191424.196018,23357.937027,0,1.00,archive,adapted,1,c4a54cdecc67,1839,5
swift,stream,document,100,31,SwiftCbor,0.0.4,82900,41979,332,124879,12062.726176,23821.434527,8007.751503,0,1.00,codable,adapted,1,c4a54cdecc67,1840,6
swift,stream,document,100,31,TOML,2.0.0,204340,46435,508,250775,4893.804444,21535.479703,3987.638321,0,1.00,codable,adapted,1,c4a54cdecc67,1841,7
swift,stream,document,100,31,SwiftProtobuf,1.38.1,19200,6437,155,25637,52083.333333,155351.871990,39006.123961,0,1.00,message,adapted,1,c4a54cdecc67,1842,8
swift,stream,document,100,31,CapnProto,capnproto-1.0.2,44758,12982,376,57740,22342.374548,77029.733477,17319.016280,0,1.00,message,adapted,1,c4a54cdecc67,1843,9
swift,stream,document,100,31,Foundation.PropertyListEncoder,Foundation,71805,61071,399,132876,13926.606782,16374.383914,7525.813540,0,1.00,codable,adapted,1,c4a54cdecc67,1844,10
swift,stream,document,100,31,Foundation.JSONEncoder,Foundation,57998,33388,448,91386,17241.973861,29950.880556,10942.595146,0,1.00,codable,adapted,1,c4a54cdecc67,1845,11
swift,stream,document,100,31,SwiftAvroCore,2.3.0,132436,33344,114,165780,7550.816998,29990.403071,6032.090723,0,1.00,schema,adapted,1,c4a54cdecc67,1846,12
swift,stream,document,100,31,XMLCoder,0.18.2,257640,242466,729,500106,3881.384878,4124.289591,1999.576090,0,1.00,codable,adapted,1,c4a54cdecc67,1847,13
swift,stream,document,100,32,Yams,5.4.0,278952,190600,429,469552,3584.846138,5246.589717,2129.689576,0,1.00,codable,adapted,1,c4a54cdecc67,1848,0
swift,stream,document,100,32,SwiftCbor,0.0.4,82375,40887,332,123262,12139.605463,24457.651576,8112.800376,0,1.00,codable,adapted,1,c4a54cdecc67,1849,1
swift,stream,document,100,32,SwiftProtobuf,1.38.1,18301,6209,155,24510,54641.822851,161056.530842,40799.673603,0,1.00,message,adapted,1,c4a54cdecc67,1850,2
swift,stream,document,100,32,FlatBuffers,24.3.25,42594,5543,440,48137,23477.485092,180407.721450,20774.040759,0,1.00,archive,adapted,1,c4a54cdecc67,1851,3
swift,stream,document,100,32,SwiftAvroCore,2.3.0,128018,32338,114,160356,7811.401522,30923.371884,6236.124623,0,1.00,schema,adapted,1,c4a54cdecc67,1852,4
swift,stream,document,100,32,IkigaJSON,2.5.3,52901,36034,448,88935,18903.234343,27751.567964,11244.167088,0,1.00,codable,adapted,1,c4a54cdecc67,1853,5
swift,stream,document,100,32,Foundation.JSONEncoder,Foundation,57675,32577,448,90252,17338.534894,30696.503668,11080.086868,0,1.00,codable,adapted,1,c4a54cdecc67,1854,6
swift,stream,document,100,32,SwiftBSON,3.1.0,86214,66986,525,153200,11599.044239,14928.492521,6527.415144,0,1.00,document,adapted,1,c4a54cdecc67,1855,7
swift,stream,document,100,32,BinaryCodable,4.0.0,74905,36552,337,111457,13350.243642,27358.284088,8972.069946,0,1.00,codable,adapted,1,c4a54cdecc67,1856,8
swift,stream,document,100,32,XMLCoder,0.18.2,254190,236932,729,491122,3934.065069,4220.620262,2036.153950,0,1.00,codable,adapted,1,c4a54cdecc67,1857,9
swift,stream,document,100,32,TOML,2.0.0,202267,47974,508,250241,4943.960211,20844.624171,3996.147714,0,1.00,codable,adapted,1,c4a54cdecc67,1858,10
swift,stream,document,100,32,Foundation.PropertyListEncoder,Foundation,72029,61256,399,133285,13883.297005,16324.931435,7502.719736,0,1.00,codable,adapted,1,c4a54cdecc67,1859,11
swift,stream,document,100,32,CapnProto,capnproto-1.0.2,44924,13142,376,58066,22259.816579,76091.919038,17221.782110,0,1.00,message,adapted,1,c4a54cdecc67,1860,12
swift,stream,document,100,32,SwiftMsgpack,1.2.1,76340,38430,329,114770,13099.292638,26021.337497,8713.078331,0,1.00,codable,adapted,1,c4a54cdecc67,1861,13
swift,stream,document,100,33,SwiftProtobuf,1.38.1,18613,6082,155,24695,53725.890507,164419.598816,40494.027131,0,1.00,message,adapted,1,c4a54cdecc67,1862,0
swift,stream,document,100,33,SwiftBSON,3.1.0,91744,67390,525,159134,10899.895361,14838.996884,6284.012216,0,1.00,document,adapted,1,c4a54cdecc67,1863,1
swift,stream,document,100,33,CapnProto,capnproto-1.0.2,37858,9341,376,47199,26414.496276,107054.919174,21186.889553,0,1.00,message,adapted,1,c4a54cdecc67,1864,2
swift,stream,document,100,33,SwiftCbor,0.0.4,81740,41448,332,123188,12233.912405,24126.616483,8117.673799,0,1.00,codable,adapted,1,c4a54cdecc67,1865,3
swift,stream,document,100,33,SwiftAvroCore,2.3.0,132105,32377,114,164482,7569.736195,30886.122865,6079.692611,0,1.00,schema,adapted,1,c4a54cdecc67,1866,4
swift,stream,document,100,33,TOML,2.0.0,198480,47785,508,246265,5038.291012,20927.069164,4060.666355,0,1.00,codable,adapted,1,c4a54cdecc67,1867,5
swift,stream,document,100,33,FlatBuffers,24.3.25,39136,5446,440,44582,25551.921504,183621.006243,22430.577363,0,1.00,archive,adapted,1,c4a54cdecc67,1868,6
swift,stream,document,100,33,SwiftMsgpack,1.2.1,75462,38531,329,113993,13251.702844,25953.128650,8772.468485,0,1.00,codable,adapted,1,c4a54cdecc67,1869,7
swift,stream,document,100,33,XMLCoder,0.18.2,260045,247461,729,507506,3845.488281,4041.040810,1970.420054,0,1.00,codable,adapted,1,c4a54cdecc67,1870,8
swift,stream,document,100,33,Yams,5.4.0,284637,195258,429,479895,3513.246697,5121.429084,2083.789162,0,1.00,codable,adapted,1,c4a54cdecc67,1871,9
swift,stream,document,100,33,BinaryCodable,4.0.0,75325,36443,337,111768,13275.804846,27440.111956,8947.104717,0,1.00,codable,adapted,1,c4a54cdecc67,1872,10
swift,stream,document,100,33,Foundation.PropertyListEncoder,Foundation,69760,60558,399,130318,14334.862385,16513.094884,7673.537040,0,1.00,codable,adapted,1,c4a54cdecc67,1873,11
swift,stream,document,100,33,Foundation.JSONEncoder,Foundation,56931,32794,448,89725,17565.122692,30493.382936,11145.165784,0,1.00,codable,adapted,1,c4a54cdecc67,1874,12
swift,stream,document,100,33,IkigaJSON,2.5.3,53156,35529,448,88685,18812.551735,28146.021560,11275.864013,0,1.00,codable,adapted,1,c4a54cdecc67,1875,13
swift,stream,document,100,34,FlatBuffers,24.3.25,37623,5683,440,43306,26579.485953,175963.399613,23091.488477,0,1.00,archive,adapted,1,c4a54cdecc67,1876,0
swift,stream,document,100,34,XMLCoder,0.18.2,250404,244967,729,495371,3993.546429,4082.182498,2018.689023,0,1.00,codable,adapted,1,c4a54cdecc67,1877,1
swift,stream,document,100,34,CapnProto,capnproto-1.0.2,45786,12673,376,58459,21840.737343,78907.914464,17106.005919,0,1.00,message,adapted,1,c4a54cdecc67,1878,2
swift,stream,document,100,34,IkigaJSON,2.5.3,52050,33707,448,85757,19212.295869,29667.428131,11660.855674,0,1.00,codable,adapted,1,c4a54cdecc67,1879,3
swift,stream,document,100,34,BinaryCodable,4.0.0,72211,35097,337,107308,13848.305660,28492.463743,9318.969695,0,1.00,codable,adapted,1,c4a54cdecc67,1880,4
swift,stream,document,100,34,SwiftProtobuf,1.38.1,17983,6143,155,24126,55608.074292,162786.911932,41449.059106,0,1.00,message,adapted,1,c4a54cdecc67,1881,5
swift,stream,document,100,34,SwiftBSON,3.1.0,86605,67650,525,154255,11546.677444,14781.966001,6482.772033,0,1.00,document,adapted,1,c4a54cdecc67,1882,6
swift,stream,document,100,34,TOML,2.0.0,204015,47962,508,251977,4901.600373,20849.839456,3968.616183,0,1.00,codable,adapted,1,c4a54cdecc67,1883,7
swift,stream,document,100,34,SwiftCbor,0.0.4,90557,40685,332,131242,11042.768643,24579.083200,7619.512046,0,1.00,codable,adapted,1,c4a54cdecc67,1884,8
swift,stream,document,100,34,SwiftMsgpack,1.2.1,75857,37827,329,113684,13182.699026,26436.143495,8796.312586,0,1.00,codable,adapted,1,c4a54cdecc67,1885,9
swift,stream,document,100,34,Foundation.PropertyListEncoder,Foundation,71813,59673,399,131486,13925.055352,16757.997754,7605.372435,0,1.00,codable,adapted,1,c4a54cdecc67,1886,10
swift,stream,document,100,34,Yams,5.4.0,280095,192629,429,472724,3570.217248,5191.326332,2115.399260,0,1.00,codable,adapted,1,c4a54cdecc67,1887,11
swift,stream,document,100,34,Foundation.JSONEncoder,Foundation,57970,33092,448,91062,17250.301880,30218.783996,10981.529068,0,1.00,codable,adapted,1,c4a54cdecc67,1888,12
swift,stream,document,100,34,SwiftAvroCore,2.3.0,134611,33348,114,167959,7428.813396,29986.805805,5953.833971,0,1.00,schema,adapted,1,c4a54cdecc67,1889,13
swift,stream,document,100,35,XMLCoder,0.18.2,252461,237803,729,490264,3961.007839,4205.161415,2039.717377,0,1.00,codable,adapted,1,c4a54cdecc67,1890,0
swift,stream,document,100,35,FlatBuffers,24.3.25,40852,5723,440,46575,24478.605699,174733.531365,21470.746108,0,1.00,archive,adapted,1,c4a54cdecc67,1891,1
swift,stream,document,100,35,SwiftCbor,0.0.4,80993,39442,332,120435,12346.746015,25353.683890,8303.234110,0,1.00,codable,adapted,1,c4a54cdecc67,1892,2
swift,stream,document,100,35,SwiftProtobuf,1.38.1,18890,5968,155,24858,52938.062467,167560.321716,40228.497868,0,1.00,message,adapted,1,c4a54cdecc67,1893,3
swift,stream,document,100,35,Foundation.PropertyListEncoder,Foundation,74110,58470,399,132580,13493.455674,17102.787754,7542.615779,0,1.00,codable,adapted,1,c4a54cdecc67,1894,4
swift,stream,document,100,35,SwiftBSON,3.1.0,87737,68055,525,155792,11397.699944,14693.997502,6418.814830,0,1.00,document,adapted,1,c4a54cdecc67,1895,5
swift,stream,document,100,35,IkigaJSON,2.5.3,53442,35816,448,89258,18711.874556,27920.482466,11203.477559,0,1.00,codable,adapted,1,c4a54cdecc67,1896,6
swift,stream,document,100,35,Foundation.JSONEncoder,Foundation,56776,31697,448,88473,17613.075948,31548.727009,11302.883366,0,1.00,codable,adapted,1,c4a54cdecc67,1897,7
swift,stream,document,100,35,TOML,2.0.0,200719,47071,508,247790,4982.089389,21244.502985,4035.675370,0,1.00,codable,adapted,1,c4a54cdecc67,1898,8
swift,stream,document,100,35,SwiftMsgpack,1.2.1,76502,37119,329,113621,13071.553685,26940.380937,8801.189921,0,1.00,codable,adapted,1,c4a54cdecc67,1899,9
swift,stream,document,100,35,Yams,5.4.0,285778,190772,429,476550,3499.219674,5241.859392,2098.415696,0,1.00,codable,adapted,1,c4a54cdecc67,1900,10
swift,stream,document,100,35,CapnProto,capnproto-1.0.2,46663,13502,376,60165,21430.255234,74063.101763,16620.959029,0,1.00,message,adapted,1,c4a54cdecc67,1901,11
swift,stream,document,100,35,SwiftAvroCore,2.3.0,130798,33308,114,164106,7645.376841,30022.817341,6093.622415,0,1.00,schema,adapted,1,c4a54cdecc67,1902,12
swift,stream,document,100,35,BinaryCodable,4.0.0,76579,36021,337,112600,13058.410269,27761.583521,8880.994671,0,1.00,codable,adapted,1,c4a54cdecc67,1903,13
swift,stream,document,100,36,XMLCoder,0.18.2,255192,239479,729,494671,3918.618138,4175.731484,2021.545633,0,1.00,codable,adapted,1,c4a54cdecc67,1904,0
swift,stream,document,100,36,SwiftMsgpack,1.2.1,77622,36978,329,114600,12882.945557,27043.106712,8726.003490,0,1.00,codable,adapted,1,c4a54cdecc67,1905,1
swift,stream,document,100,36,Foundation.JSONEncoder,Foundation,58854,32600,448,91454,16991.198559,30674.846626,10934.458854,0,1.00,codable,adapted,1,c4a54cdecc67,1906,2
swift,stream,document,100,36,CapnProto,capnproto-1.0.2,42919,12088,376,55007,23299.704094,82726.671079,18179.504427,0,1.00,message,adapted,1,c4a54cdecc67,1907,3
swift,stream,document,100,36,BinaryCodable,4.0.0,73283,34941,337,108224,13645.729569,28619.673163,9240.094619,0,1.00,codable,adapted,1,c4a54cdecc67,1908,4
swift,stream,document,100,36,SwiftAvroCore,2.3.0,129489,32410,114,161899,7722.663701,30854.674483,6176.690406,0,1.00,schema,adapted,1,c4a54cdecc67,1909,5
swift,stream,document,100,36,SwiftCbor,0.0.4,86164,40561,332,126725,11605.775034,24654.224501,7891.102782,0,1.00,codable,adapted,1,c4a54cdecc67,1910,6
swift,stream,document,100,36,SwiftProtobuf,1.38.1,18916,5950,155,24866,52865.299218,168067.226891,40215.555377,0,1.00,message,adapted,1,c4a54cdecc67,1911,7
swift,stream,document,100,36,Yams,5.4.0,278162,194719,429,472881,3595.027358,5135.605668,2114.696932,0,1.00,codable,adapted,1,c4a54cdecc67,1912,8
swift,stream,document,100,36,FlatBuffers,24.3.25,38949,5680,440,44629,25674.600118,176056.338028,22406.955119,0,1.00,archive,adapted,1,c4a54cdecc67,1913,9
swift,stream,document,100,36,SwiftBSON,3.1.0,87383,66624,525,154007,11443.873522,15009.606148,6493.211348,0,1.00,document,adapted,1,c4a54cdecc67,1914,10
swift,stream,document,100,36,Foundation.PropertyListEncoder,Foundation,71045,65958,399,137003,14075.585896,15161.163164,7299.110238,0,1.00,codable,adapted,1,c4a54cdecc67,1915,11
swift,stream,document,100,36,TOML,2.0.0,199250,47199,508,246449,5018.820577,21186.889553,4057.634642,0,1.00,codable,adapted,1,c4a54cdecc67,1916,12
swift,stream,document,100,36,IkigaJSON,2.5.3,57304,36398,448,93702,17450.788776,27474.037035,10672.130798,0,1.00,codable,adapted,1,c4a54cdecc67,1917,13
swift,stream,document,100,37,TOML,2.0.0,190018,40515,508,230533,5262.659327,24682.216463,4337.773768,0,1.00,codable,adapted,1,c4a54cdecc67,1918,0
swift,stream,document,100,37,Foundation.PropertyListEncoder,Foundation,67128,54162,399,121290,14896.913360,18463.129131,8244.702778,0,1.00,codable,adapted,1,c4a54cdecc67,1919,1
swift,stream,document,100,37,FlatBuffers,24.3.25,37295,5619,440,42914,26813.245743,177967.609895,23302.418791,0,1.00,archive,adapted,1,c4a54cdecc67,1920,2
swift,stream,document,100,37,SwiftMsgpack,1.2.1,76655,42016,329,118671,13045.463440,23800.456969,8426.658577,0,1.00,codable,adapted,1,c4a54cdecc67,1921,3
swift,stream,document,100,37,CapnProto,capnproto-1.0.2,46350,12400,376,58750,21574.973031,80645.161290,17021.276596,0,1.00,message,adapted,1,c4a54cdecc67,1922,4
swift,stream,document,100,37,SwiftBSON,3.1.0,85250,65496,525,150746,11730.205279,15268.107976,6633.675189,0,1.00,document,adapted,1,c4a54cdecc67,1923,5
swift,stream,document,100,37,Foundation.JSONEncoder,Foundation,57628,32961,448,90589,17352.675783,30338.885349,11038.867854,0,1.00,codable,adapted,1,c4a54cdecc67,1924,6
swift,stream,document,100,37,IkigaJSON,2.5.3,59687,34006,448,93693,16754.067050,29406.575310,10673.155945,0,1.00,codable,adapted,1,c4a54cdecc67,1925,7
swift,stream,document,100,37,SwiftAvroCore,2.3.0,133140,32517,114,165657,7510.890792,30753.144509,6036.569538,0,1.00,schema,adapted,1,c4a54cdecc67,1926,8
swift,stream,document,100,37,SwiftProtobuf,1.38.1,17859,6011,155,23870,55994.176606,166361.670271,41893.590281,0,1.00,message,adapted,1,c4a54cdecc67,1927,9
swift,stream,document,100,37,XMLCoder,0.18.2,259663,240640,729,500303,3851.145523,4155.585106,1998.788734,0,1.00,codable,adapted,1,c4a54cdecc67,1928,10
swift,stream,document,100,37,SwiftCbor,0.0.4,89330,40706,332,130036,11194.447554,24566.402987,7690.178105,0,1.00,codable,adapted,1,c4a54cdecc67,1929,11
swift,stream,document,100,37,BinaryCodable,4.0.0,76218,36582,337,112800,13120.260306,27335.848231,8865.248227,0,1.00,codable,adapted,1,c4a54cdecc67,1930,12
swift,stream,document,100,37,Yams,5.4.0,280690,198251,429,478941,3562.649186,5044.110748,2087.939851,0,1.00,codable,adapted,1,c4a54cdecc67,1931,13
swift,stream,document,100,38,Foundation.JSONEncoder,Foundation,59397,33989,448,93386,16835.867131,29421.283356,10708.243206,0,1.00,codable,adapted,1,c4a54cdecc67,1932,0
swift,stream,document,100,38,XMLCoder,0.18.2,249136,233865,729,483001,4013.871941,4275.971180,2070.389088,0,1.00,codable,adapted,1,c4a54cdecc67,1933,1
swift,stream,document,100,38,CapnProto,capnproto-1.0.2,47039,12979,376,60018,21258.955335,77047.538331,16661.668166,0,1.00,message,adapted,1,c4a54cdecc67,1934,2
swift,stream,document,100,38,TOML,2.0.0,202661,51597,508,254258,4934.348493,19380.971762,3933.012924,0,1.00,codable,adapted,1,c4a54cdecc67,1935,3
swift,stream,document,100,38,SwiftMsgpack,1.2.1,78097,37302,329,115399,12804.589165,26808.214037,8665.586357,0,1.00,codable,adapted,1,c4a54cdecc67,1936,4
swift,stream,document,100,38,IkigaJSON,2.5.3,54572,35584,448,90156,18324.415451,28102.517986,11091.885177,0,1.00,codable,adapted,1,c4a54cdecc67,1937,5
swift,stream,document,100,38,SwiftAvroCore,2.3.0,127671,33639,114,161310,7832.632313,29727.399744,6199.243692,0,1.00,schema,adapted,1,c4a54cdecc67,1938,6
swift,stream,document,100,38,SwiftProtobuf,1.38.1,17836,6059,155,23895,56066.382597,165043.736590,41849.759364,0,1.00,message,adapted,1,c4a54cdecc67,1939,7
swift,stream,document,100,38,SwiftCbor,0.0.4,80607,40095,332,120702,12405.870458,24940.765682,8284.866862,0,1.00,codable,adapted,1,c4a54cdecc67,1940,8
swift,stream,document,100,38,Foundation.PropertyListEncoder,Foundation,76941,60183,399,137124,12996.971706,16615.987904,7292.669409,0,1.00,codable,adapted,1,c4a54cdecc67,1941,9
swift,stream,document,100,38,FlatBuffers,24.3.25,37980,5360,440,43340,26329.647183,186567.164179,23073.373327,0,1.00,archive,adapted,1,c4a54cdecc67,1942,10
swift,stream,document,100,38,BinaryCodable,4.0.0,74563,48719,337,123282,13411.477542,20525.872863,8111.484239,0,1.00,codable,adapted,1,c4a54cdecc67,1943,11
swift,stream,document,100,38,Yams,5.4.0,280095,191075,429,471170,3570.217248,5233.547037,2122.376212,0,1.00,codable,adapted,1,c4a54cdecc67,1944,12
swift,stream,document,100,38,SwiftBSON,3.1.0,92856,68785,525,161641,10769.363315,14538.053355,6186.549205,0,1.00,document,adapted,1,c4a54cdecc67,1945,13
swift,stream,document,100,39,XMLCoder,0.18.2,250742,242576,729,493318,3988.163132,4122.419365,2027.090031,0,1.00,codable,adapted,1,c4a54cdecc67,1946,0
swift,stream,document,100,39,SwiftAvroCore,2.3.0,132769,32420,114,165189,7531.878676,30845.157310,6053.671855,0,1.00,schema,adapted,1,c4a54cdecc67,1947,1
swift,stream,document,100,39,Foundation.PropertyListEncoder,Foundation,70092,59322,399,129414,14266.963420,16857.152490,7727.139259,0,1.00,codable,adapted,1,c4a54cdecc67,1948,2
swift,stream,document,100,39,Foundation.JSONEncoder,Foundation,57440,33184,448,90624,17409.470752,30135.004822,11034.604520,0,1.00,codable,adapted,1,c4a54cdecc67,1949,3
swift,stream,document,100,39,TOML,2.0.0,199600,47600,508,247200,5010.020040,21008.403361,4045.307443,0,1.00,codable,adapted,1,c4a54cdecc67,1950,4
swift,stream,document,100,39,SwiftBSON,3.1.0,91578,66032,525,157610,10919.653192,15144.172522,6344.775078,0,1.00,document,adapted,1,c4a54cdecc67,1951,5
swift,stream,document,100,39,SwiftProtobuf,1.38.1,17880,6066,155,23946,55928.411633,164853.280580,41760.628080,0,1.00,message,adapted,1,c4a54cdecc67,1952,6
swift,stream,document,100,39,FlatBuffers,24.3.25,37518,5199,440,42717,26653.872808,192344.681670,23409.883653,0,1.00,archive,adapted,1,c4a54cdecc67,1953,7
swift,stream,document,100,39,SwiftMsgpack,1.2.1,75646,37858,329,113504,13219.469635,26414.496276,8810.262193,0,1.00,codable,adapted,1,c4a54cdecc67,1954,8
swift,stream,document,100,39,SwiftCbor,0.0.4,82039,39646,332,121685,12189.324590,25223.225546,8217.939763,0,1.00,codable,adapted,1,c4a54cdecc67,1955,9
swift,stream,document,100,39,IkigaJSON,2.5.3,53985,35360,448,89345,18523.663981,28280.542986,11192.568135,0,1.00,codable,adapted,1,c4a54cdecc67,1956,10
swift,stream,document,100,39,CapnProto,capnproto-1.0.2,44433,12623,376,57056,22505.795242,79220.470570,17526.640494,0,1.00,message,adapted,1,c4a54cdecc67,1957,11
swift,stream,document,100,39,Yams,5.4.0,282456,194396,429,476852,3540.374430,5144.138768,2097.086727,0,1.00,codable,adapted,1,c4a54cdecc67,1958,12
swift,stream,document,100,39,BinaryCodable,4.0.0,75259,37384,337,112643,13287.447348,26749.411513,8877.604467,0,1.00,codable,adapted,1,c4a54cdecc67,1959,13
swift,stream,document,100,40,XMLCoder,0.18.2,256250,237108,729,493358,3902.439024,4217.487390,2026.925681,0,1.00,codable,adapted,1,c4a54cdecc67,1960,0
swift,stream,document,100,40,Foundation.PropertyListEncoder,Foundation,74727,65657,399,140384,13382.043973,15230.668474,7123.318897,0,1.00,codable,adapted,1,c4a54cdecc67,1961,1
swift,stream,document,100,40,Yams,5.4.0,280472,192706,429,473178,3565.418295,5189.252021,2113.369599,0,1.00,codable,adapted,1,c4a54cdecc67,1962,2
swift,stream,document,100,40,CapnProto,capnproto-1.0.2,44087,12565,376,56652,22682.423390,79586.152010,17651.627480,0,1.00,message,adapted,1,c4a54cdecc67,1963,3
swift,stream,document,100,40,FlatBuffers,24.3.25,37616,5455,440,43071,26584.432157,183318.056829,23217.478118,0,1.00,archive,adapted,1,c4a54cdecc67,1964,4
swift,stream,document,100,40,SwiftProtobuf,1.38.1,17759,5839,155,23598,56309.476885,171262.202432,42376.472582,0,1.00,message,adapted,1,c4a54cdecc67,1965,5
swift,stream,document,100,40,SwiftBSON,3.1.0,86203,65792,525,151995,11600.524344,15199.416342,6579.163788,0,1.00,document,adapted,1,c4a54cdecc67,1966,6
swift,stream,document,100,40,Foundation.JSONEncoder,Foundation,58380,33603,448,91983,17129.153820,29759.247686,10871.574095,0,1.00,codable,adapted,1,c4a54cdecc67,1967,7
swift,stream,document,100,40,SwiftMsgpack,1.2.1,75799,38284,329,114083,13192.786185,26120.572563,8765.547891,0,1.00,codable,adapted,1,c4a54cdecc67,1968,8
swift,stream,document,100,40,SwiftAvroCore,2.3.0,141283,33538,114,174821,7077.992398,29816.924086,5720.136597,0,1.00,schema,adapted,1,c4a54cdecc67,1969,9
swift,stream,document,100,40,IkigaJSON,2.5.3,53110,35676,448,88786,18828.845792,28030.048212,11263.036965,0,1.00,codable,adapted,1,c4a54cdecc67,1970,10
swift,stream,document,100,40,SwiftCbor,0.0.4,80342,40790,332,121132,12446.789973,24515.812699,8255.456857,0,1.00,codable,adapted,1,c4a54cdecc67,1971,11
swift,stream,document,100,40,BinaryCodable,4.0.0,74601,36132,337,110733,13404.646050,27676.298018,9030.731580,0,1.00,codable,adapted,1,c4a54cdecc67,1972,12
swift,stream,document,100,40,TOML,2.0.0,198926,47947,508,246873,5026.994963,20856.362233,4050.665727,0,1.00,codable,adapted,1,c4a54cdecc67,1973,13
swift,stream,document,100,41,SwiftBSON,3.1.0,90638,67804,525,158442,11032.900108,14748.392425,6311.457821,0,1.00,document,adapted,1,c4a54cdecc67,1974,0
swift,stream,document,100,41,Foundation.JSONEncoder,Foundation,57409,32748,448,90157,17418.871605,30536.215952,11091.762148,0,1.00,codable,adapted,1,c4a54cdecc67,1975,1
swift,stream,document,100,41,IkigaJSON,2.5.3,52264,33248,448,85512,19133.629267,30076.997113,11694.265132,0,1.00,codable,adapted,1,c4a54cdecc67,1976,2
swift,stream,document,100,41,Yams,5.4.0,281553,190828,429,472381,3551.729159,5240.321127,2116.935270,0,1.00,codable,adapted,1,c4a54cdecc67,1977,3
swift,stream,document,100,41,XMLCoder,0.18.2,255507,250138,729,505645,3913.787098,3997.793218,1977.672082,0,1.00,codable,adapted,1,c4a54cdecc67,1978,4
swift,stream,document,100,41,SwiftProtobuf,1.38.1,19409,6495,155,25904,51522.489567,153964.588145,38604.076590,0,1.00,message,adapted,1,c4a54cdecc67,1979,5
swift,stream,document,100,41,FlatBuffers,24.3.25,37741,5740,440,43481,26496.383244,174216.027875,22998.551091,0,1.00,archive,adapted,1,c4a54cdecc67,1980,6
swift,stream,document,100,41,SwiftCbor,0.0.4,82666,41046,332,123712,12096.871749,24362.909906,8083.290222,0,1.00,codable,adapted,1,c4a54cdecc67,1981,7
swift,stream,document,100,41,SwiftMsgpack,1.2.1,75562,37841,329,113403,13234.165321,26426.362940,8818.108868,0,1.00,codable,adapted,1,c4a54cdecc67,1982,8
swift,stream,document,100,41,Foundation.PropertyListEncoder,Foundation,72650,60684,399,133334,13764.624914,16478.808253,7499.962500,0,1.00,codable,adapted,1,c4a54cdecc67,1983,9
swift,stream,document,100,41,SwiftAvroCore,2.3.0,137093,32292,114,169385,7294.318455,30967.422272,5903.710482,0,1.00,schema,adapted,1,c4a54cdecc67,1984,10
swift,stream,document,100,41,CapnProto,capnproto-1.0.2,44176,12810,376,56986,22636.725824,78064.012490,17548.169726,0,1.00,message,adapted,1,c4a54cdecc67,1985,11
swift,stream,document,100,41,BinaryCodable,4.0.0,75637,43562,337,119199,13221.042611,22955.787154,8389.332125,0,1.00,codable,adapted,1,c4a54cdecc67,1986,12
swift,stream,document,100,41,TOML,2.0.0,198367,47685,508,246052,5041.161080,20970.955227,4064.181555,0,1.00,codable,adapted,1,c4a54cdecc67,1987,13
swift,stream,document,100,42,SwiftAvroCore,2.3.0,124167,31683,114,155850,8053.669655,31562.667677,6416.426051,0,1.00,schema,adapted,1,c4a54cdecc67,1988,0
swift,stream,document,100,42,SwiftCbor,0.0.4,80577,40491,332,121068,12410.489346,24696.846213,8259.820927,0,1.00,codable,adapted,1,c4a54cdecc67,1989,1
swift,stream,document,100,42,SwiftBSON,3.1.0,91675,67753,525,159428,10908.099264,14759.494045,6272.423915,0,1.00,document,adapted,1,c4a54cdecc67,1990,2
swift,stream,document,100,42,BinaryCodable,4.0.0,71879,34602,337,106481,13912.269230,28900.063580,9391.346813,0,1.00,codable,adapted,1,c4a54cdecc67,1991,3
swift,stream,document,100,42,SwiftMsgpack,1.2.1,74110,36943,329,111053,13493.455674,27068.727499,9004.709463,0,1.00,codable,adapted,1,c4a54cdecc67,1992,4
swift,stream,document,100,42,Yams,5.4.0,289150,191788,429,480938,3458.412589,5214.090558,2079.270093,0,1.00,codable,adapted,1,c4a54cdecc67,1993,5
swift,stream,document,100,42,Foundation.JSONEncoder,Foundation,59275,34066,448,93341,16870.518768,29354.781894,10713.405685,0,1.00,codable,adapted,1,c4a54cdecc67,1994,6
swift,stream,document,100,42,Foundation.PropertyListEncoder,Foundation,70220,58954,399,129174,14240.956992,16962.377447,7741.495967,0,1.00,codable,adapted,1,c4a54cdecc67,1995,7
swift,stream,document,100,42,SwiftProtobuf,1.38.1,17832,6035,155,23867,56078.959175,165700.082850,41898.856161,0,1.00,message,adapted,1,c4a54cdecc67,1996,8
swift,stream,document,100,42,TOML,2.0.0,199874,47966,508,247840,5003.151986,20848.100738,4034.861201,0,1.00,codable,adapted,1,c4a54cdecc67,1997,9
swift,stream,document,100,42,XMLCoder,0.18.2,250855,238965,729,489820,3986.366626,4184.713243,2041.566290,0,1.00,codable,adapted,1,c4a54cdecc67,1998,10
swift,stream,document,100,42,FlatBuffers,24.3.25,46395,6487,440,52882,21554.046772,154154.462772,18910.026096,0,1.00,archive,adapted,1,c4a54cdecc67,1999,11
swift,stream,document,100,42,IkigaJSON,2.5.3,53434,36274,448,89708,18714.676049,27567.955009,11147.277835,0,1.00,codable,adapted,1,c4a54cdecc67,2000,12
swift,stream,document,100,42,CapnProto,capnproto-1.0.2,44008,12809,376,56817,22723.141247,78070.106956,17600.366088,0,1.00,message,adapted,1,c4a54cdecc67,2001,13
swift,stream,document,100,43,Foundation.JSONEncoder,Foundation,57486,32931,448,90417,17395.539784,30366.523944,11059.867060,0,1.00,codable,adapted,1,c4a54cdecc67,2002,0
swift,stream,document,100,43,BinaryCodable,4.0.0,74676,36605,337,111281,13391.183245,27318.672313,8986.260008,0,1.00,codable,adapted,1,c4a54cdecc67,2003,1
swift,stream,document,100,43,TOML,2.0.0,197326,43990,508,241316,5067.755896,22732.439191,4143.944040,0,1.00,codable,adapted,1,c4a54cdecc67,2004,2
swift,stream,document,100,43,XMLCoder,0.18.2,255408,234242,729,489650,3915.304141,4269.089233,2042.275094,0,1.00,codable,adapted,1,c4a54cdecc67,2005,3
swift,stream,document,100,43,FlatBuffers,24.3.25,40537,5949,440,46486,24668.821077,168095.478232,21511.853031,0,1.00,archive,adapted,1,c4a54cdecc67,2006,4
swift,stream,document,100,43,Foundation.PropertyListEncoder,Foundation,70267,59163,399,129430,14231.431540,16902.455927,7726.184038,0,1.00,codable,adapted,1,c4a54cdecc67,2007,5
swift,stream,document,100,43,SwiftMsgpack,1.2.1,76443,37654,329,114097,13081.642531,26557.603442,8764.472335,0,1.00,codable,adapted,1,c4a54cdecc67,2008,6
swift,stream,document,100,43,IkigaJSON,2.5.3,54198,35209,448,89407,18450.865346,28401.829078,11184.806559,0,1.00,codable,adapted,1,c4a54cdecc67,2009,7
swift,stream,document,100,43,SwiftCbor,0.0.4,82196,40698,332,122894,12166.042143,24571.232002,8137.093756,0,1.00,codable,adapted,1,c4a54cdecc67,2010,8
swift,stream,document,100,43,SwiftBSON,3.1.0,87993,73934,525,161927,11364.540361,13525.576866,6175.622348,0,1.00,document,adapted,1,c4a54cdecc67,2011,9
swift,stream,document,100,43,SwiftProtobuf,1.38.1,17938,6064,155,24002,55747.574980,164907.651715,41663.194734,0,1.00,message,adapted,1,c4a54cdecc67,2012,10
swift,stream,document,100,43,CapnProto,capnproto-1.0.2,43780,12518,376,56298,22841.480128,79884.965649,17762.620342,0,1.00,message,adapted,1,c4a54cdecc67,2013,11
swift,stream,document,100,43,Yams,5.4.0,284553,190807,429,475360,3514.283807,5240.897871,2103.668798,0,1.00,codable,adapted,1,c4a54cdecc67,2014,12
swift,stream,document,100,43,SwiftAvroCore,2.3.0,135225,32988,114,168213,7395.082270,30314.053595,5944.843740,0,1.00,schema,adapted,1,c4a54cdecc67,2015,13
swift,stream,document,100,44,Foundation.PropertyListEncoder,Foundation,71439,64259,399,135698,13997.956298,15562.022440,7369.305369,0,1.00,codable,adapted,1,c4a54cdecc67,2016,0
swift,stream,document,100,44,SwiftProtobuf,1.38.1,17600,5798,155,23398,56818.181818,172473.266644,42738.695615,0,1.00,message,adapted,1,c4a54cdecc67,2017,1
swift,stream,document,100,44,SwiftBSON,3.1.0,86828,66884,525,153712,11517.022159,14951.258896,6505.672947,0,1.00,document,adapted,1,c4a54cdecc67,2018,2
swift,stream,document,100,44,TOML,2.0.0,197735,47479,508,245214,5057.273624,21061.943175,4078.070583,0,1.00,codable,adapted,1,c4a54cdecc67,2019,3
swift,stream,document,100,44,SwiftCbor,0.0.4,83649,40884,332,124533,11954.715538,24459.446238,8030.000080,0,1.00,codable,adapted,1,c4a54cdecc67,2020,4
swift,stream,document,100,44,BinaryCodable,4.0.0,75372,36599,337,111971,13267.526402,27323.150906,8930.883890,0,1.00,codable,adapted,1,c4a54cdecc67,2021,5
swift,stream,document,100,44,Yams,5.4.0,283931,191009,429,474940,3521.982453,5235.355402,2105.529119,0,1.00,codable,adapted,1,c4a54cdecc67,2022,6
swift,stream,document,100,44,IkigaJSON,2.5.3,55434,36983,448,92417,18039.470361,27039.450558,10820.520034,0,1.00,codable,adapted,1,c4a54cdecc67,2023,7
swift,stream,document,100,44,CapnProto,capnproto-1.0.2,44282,12667,376,56949,22582.539181,78945.290913,17559.570844,0,1.00,message,adapted,1,c4a54cdecc67,2024,8
swift,stream,document,100,44,FlatBuffers,24.3.25,38282,5579,440,43861,26121.937203,179243.592042,22799.297782,0,1.00,archive,adapted,1,c4a54cdecc67,2025,9
swift,stream,document,100,44,SwiftMsgpack,1.2.1,77095,38199,329,115294,12971.009793,26178.695777,8673.478238,0,1.00,codable,adapted,1,c4a54cdecc67,2026,10
swift,stream,document,100,44,Foundation.JSONEncoder,Foundation,60663,33986,448,94649,16484.512800,29423.880421,10565.351985,0,1.00,codable,adapted,1,c4a54cdecc67,2027,11
swift,stream,document,100,44,SwiftAvroCore,2.3.0,135837,33128,114,168965,7361.764468,30185.945424,5918.385464,0,1.00,schema,adapted,1,c4a54cdecc67,2028,12
swift,stream,document,100,44,XMLCoder,0.18.2,260111,250551,729,510662,3844.512535,3991.203388,1958.242438,0,1.00,codable,adapted,1,c4a54cdecc67,2029,13
swift,stream,document,100,45,FlatBuffers,24.3.25,40335,5385,440,45720,24792.363952,185701.021356,21872.265967,0,1.00,archive,adapted,1,c4a54cdecc67,2030,0
swift,stream,document,100,45,BinaryCodable,4.0.0,73473,34767,337,108240,13610.441931,28762.907355,9238.728751,0,1.00,codable,adapted,1,c4a54cdecc67,2031,1
swift,stream,document,100,45,SwiftBSON,3.1.0,86569,67680,525,154249,11551.479167,14775.413712,6483.024201,0,1.00,document,adapted,1,c4a54cdecc67,2032,2
swift,stream,document,100,45,CapnProto,capnproto-1.0.2,43498,12093,376,55591,22989.562739,82692.466716,17988.523322,0,1.00,message,adapted,1,c4a54cdecc67,2033,3
swift,stream,document,100,45,SwiftCbor,0.0.4,87923,41076,332,128999,11373.588253,24345.116370,7751.998078,0,1.00,codable,adapted,1,c4a54cdecc67,2034,4
swift,stream,document,100,45,Foundation.PropertyListEncoder,Foundation,72984,61517,399,134501,13701.633235,16255.669165,7434.888960,0,1.00,codable,adapted,1,c4a54cdecc67,2035,5
swift,stream,document,100,45,Yams,5.4.0,282596,198396,429,480992,3538.620504,5040.424202,2079.036658,0,1.00,codable,adapted,1,c4a54cdecc67,2036,6
swift,stream,document,100,45,SwiftProtobuf,1.38.1,20024,6755,155,26779,49940.071914,148038.490007,37342.693902,0,1.00,message,adapted,1,c4a54cdecc67,2037,7
swift,stream,document,100,45,IkigaJSON,2.5.3,53938,37271,448,91209,18539.804961,26830.511658,10963.830324,0,1.00,codable,adapted,1,c4a54cdecc67,2038,8
swift,stream,document,100,45,SwiftAvroCore,2.3.0,141573,33242,114,174815,7063.493745,30082.425847,5720.332923,0,1.00,schema,adapted,1,c4a54cdecc67,2039,9
swift,stream,document,100,45,XMLCoder,0.18.2,250314,241602,729,491916,3994.982302,4139.038584,2032.867400,0,1.00,codable,adapted,1,c4a54cdecc67,2040,10
swift,stream,document,100,45,Foundation.JSONEncoder,Foundation,64218,34118,448,98336,15571.958018,29310.041620,10169.215750,0,1.00,codable,adapted,1,c4a54cdecc67,2041,11
swift,stream,document,100,45,TOML,2.0.0,201391,54092,508,255483,4965.465190,18487.022110,3914.154758,0,1.00,codable,adapted,1,c4a54cdecc67,2042,12
swift,stream,document,100,45,SwiftMsgpack,1.2.1,78763,38188,329,116951,12696.316798,26186.236514,8550.589563,0,1.00,codable,adapted,1,c4a54cdecc67,2043,13
swift,stream,document,100,46,SwiftCbor,0.0.4,83278,40190,332,123468,12007.973294,24881.811396,8099.264587,0,1.00,codable,adapted,1,c4a54cdecc67,2044,0
swift,stream,document,100,46,SwiftBSON,3.1.0,87066,68036,525,155102,11485.539706,14698.101005,6447.370118,0,1.00,document,adapted,1,c4a54cdecc67,2045,1
swift,stream,document,100,46,TOML,2.0.0,194318,43794,508,238112,5146.203646,22834.178198,4199.704341,0,1.00,codable,adapted,1,c4a54cdecc67,2046,2
swift,stream,document,100,46,SwiftAvroCore,2.3.0,126908,32359,114,159267,7879.723894,30903.303563,6278.764590,0,1.00,schema,adapted,1,c4a54cdecc67,2047,3
swift,stream,document,100,46,Yams,5.4.0,284596,190064,429,474660,3513.752829,5261.385639,2106.771163,0,1.00,codable,adapted,1,c4a54cdecc67,2048,4
swift,stream,document,100,46,FlatBuffers,24.3.25,38439,5623,440,44062,26015.244934,177841.010137,22695.292996,0,1.00,archive,adapted,1,c4a54cdecc67,2049,5
swift,stream,document,100,46,Foundation.JSONEncoder,Foundation,57988,33568,448,91556,17244.947230,29790.276454,10922.277076,0,1.00,codable,adapted,1,c4a54cdecc67,2050,6
swift,stream,document,100,46,SwiftMsgpack,1.2.1,76365,37407,329,113772,13095.004256,26732.964418,8789.508842,0,1.00,codable,adapted,1,c4a54cdecc67,2051,7
swift,stream,document,100,46,SwiftProtobuf,1.38.1,19827,6068,155,25895,50436.273768,164798.945287,38617.493725,0,1.00,message,adapted,1,c4a54cdecc67,2052,8
swift,stream,document,100,46,CapnProto,capnproto-1.0.2,44391,12644,376,57035,22527.088824,79088.895919,17533.093714,0,1.00,message,adapted,1,c4a54cdecc67,2053,9
swift,stream,document,100,46,Foundation.PropertyListEncoder,Foundation,70923,65577,399,136500,14099.798373,15249.248974,7326.007326,0,1.00,codable,adapted,1,c4a54cdecc67,2054,10
swift,stream,document,100,46,IkigaJSON,2.5.3,53568,36266,448,89834,18667.861410,27574.036287,11131.642808,0,1.00,codable,adapted,1,c4a54cdecc67,2055,11
swift,stream,document,100,46,BinaryCodable,4.0.0,74276,36249,337,110525,13463.299047,27586.967916,9047.726759,0,1.00,codable,adapted,1,c4a54cdecc67,2056,12
swift,stream,document,100,46,XMLCoder,0.18.2,262112,244763,729,506875,3815.162984,4085.584831,1972.872996,0,1.00,codable,adapted,1,c4a54cdecc67,2057,13
swift,stream,document,100,47,IkigaJSON,2.5.3,55014,33329,448,88343,18177.191260,30003.900507,11319.515977,0,1.00,codable,adapted,1,c4a54cdecc67,2058,0
swift,stream,document,100,47,CapnProto,capnproto-1.0.2,41647,11413,376,53060,24011.333349,87619.381407,18846.588767,0,1.00,message,adapted,1,c4a54cdecc67,2059,1
swift,stream,document,100,47,SwiftCbor,0.0.4,82229,40930,332,123159,12161.159688,24431.957000,8119.585252,0,1.00,codable,adapted,1,c4a54cdecc67,2060,2
swift,stream,document,100,47,Yams,5.4.0,281200,191737,429,472937,3556.187767,5215.477451,2114.446533,0,1.00,codable,adapted,1,c4a54cdecc67,2061,3
swift,stream,document,100,47,FlatBuffers,24.3.25,38497,5611,440,44108,25976.050082,178221.350918,22671.624195,0,1.00,archive,adapted,1,c4a54cdecc67,2062,4
swift,stream,document,100,47,SwiftMsgpack,1.2.1,74499,37551,329,112050,13422.998966,26630.449256,8924.587238,0,1.00,codable,adapted,1,c4a54cdecc67,2063,5
swift,stream,document,100,47,Foundation.PropertyListEncoder,Foundation,72563,59127,399,131690,13781.128123,16912.747138,7593.591009,0,1.00,codable,adapted,1,c4a54cdecc67,2064,6
swift,stream,document,100,47,TOML,2.0.0,208255,47109,508,255364,4801.805479,21227.366321,3915.978760,0,1.00,codable,adapted,1,c4a54cdecc67,2065,7
swift,stream,document,100,47,SwiftAvroCore,2.3.0,130022,41774,114,171796,7691.006137,23938.334849,5820.857296,0,1.00,schema,adapted,1,c4a54cdecc67,2066,8
swift,stream,document,100,47,Foundation.JSONEncoder,Foundation,57989,33565,448,91554,17244.649847,29792.939073,10922.515674,0,1.00,codable,adapted,1,c4a54cdecc67,2067,9
swift,stream,document,100,47,BinaryCodable,4.0.0,74928,35801,337,110729,13346.145633,27932.180665,9031.057808,0,1.00,codable,adapted,1,c4a54cdecc67,2068,10
swift,stream,document,100,47,SwiftProtobuf,1.38.1,17468,5852,155,23320,57247.538356,170881.749829,42881.646655,0,1.00,message,adapted,1,c4a54cdecc67,2069,11
swift,stream,document,100,47,SwiftBSON,3.1.0,84805,66021,525,150826,11791.757561,15146.695748,6630.156604,0,1.00,document,adapted,1,c4a54cdecc67,2070,12
swift,stream,document,100,47,XMLCoder,0.18.2,250724,234596,729,485320,3988.449450,4262.647274,2060.496167,0,1.00,codable,adapted,1,c4a54cdecc67,2071,13
swift,stream,document,100,48,FlatBuffers,24.3.25,39839,5544,440,45383,25101.031652,180375.180375,22034.682590,0,1.00,archive,adapted,1,c4a54cdecc67,2072,0
swift,stream,document,100,48,CapnProto,capnproto-1.0.2,43446,12434,376,55880,23017.078672,80424.642110,17895.490336,0,1.00,message,adapted,1,c4a54cdecc67,2073,1
swift,stream,document,100,48,Yams,5.4.0,273029,189670,429,462699,3662.614594,5272.315074,2161.232248,0,1.00,codable,adapted,1,c4a54cdecc67,2074,2
swift,stream,document,100,48,Foundation.PropertyListEncoder,Foundation,70222,59138,399,129360,14240.551394,16909.601272,7730.364873,0,1.00,codable,adapted,1,c4a54cdecc67,2075,3
swift,stream,document,100,48,SwiftBSON,3.1.0,84752,66924,525,151676,11799.131584,14942.322635,6593.000870,0,1.00,document,adapted,1,c4a54cdecc67,2076,4
swift,stream,document,100,48,Foundation.JSONEncoder,Foundation,55468,32161,448,87629,18028.412779,31093.560524,11411.747253,0,1.00,codable,adapted,1,c4a54cdecc67,2077,5
swift,stream,document,100,48,TOML,2.0.0,197122,46527,508,243649,5073.000477,21492.896598,4104.264741,0,1.00,codable,adapted,1,c4a54cdecc67,2078,6
swift,stream,document,100,48,BinaryCodable,4.0.0,73378,35752,337,109130,13628.062907,27970.463191,9163.383121,0,1.00,codable,adapted,1,c4a54cdecc67,2079,7
swift,stream,document,100,48,SwiftCbor,0.0.4,79512,44173,332,123685,12576.717980,22638.263192,8085.054776,0,1.00,codable,adapted,1,c4a54cdecc67,2080,8
swift,stream,document,100,48,SwiftAvroCore,2.3.0,128753,33525,114,162278,7766.809317,29828.486204,6162.264756,0,1.00,schema,adapted,1,c4a54cdecc67,2081,9
swift,stream,document,100,48,IkigaJSON,2.5.3,53796,35762,448,89558,18588.742657,27962.641910,11165.948324,0,1.00,codable,adapted,1,c4a54cdecc67,2082,10
swift,stream,document,100,48,XMLCoder,0.18.2,252436,239030,729,491466,3961.400117,4183.575283,2034.728750,0,1.00,codable,adapted,1,c4a54cdecc67,2083,11
swift,stream,document,100,48,SwiftProtobuf,1.38.1,21062,6417,155,27479,47478.871902,155836.060464,36391.426180,0,1.00,message,adapted,1,c4a54cdecc67,2084,12
swift,stream,document,100,48,SwiftMsgpack,1.2.1,77189,42039,329,119228,12955.213826,23787.435477,8387.291576,0,1.00,codable,adapted,1,c4a54cdecc67,2085,13
swift,stream,document,100,49,XMLCoder,0.18.2,245371,223276,729,468647,4075.461240,4478.761712,2133.802201,0,1.00,codable,adapted,1,c4a54cdecc67,2086,0
swift,stream,document,100,49,BinaryCodable,4.0.0,75632,36276,337,111908,13221.916649,27566.435109,8935.911642,0,1.00,codable,adapted,1,c4a54cdecc67,2087,1
swift,stream,document,100,49,SwiftAvroCore,2.3.0,127683,33362,114,161045,7831.896180,29974.222169,6209.444565,0,1.00,schema,adapted,1,c4a54cdecc67,2088,2
swift,stream,document,100,49,TOML,2.0.0,200181,46760,508,246941,4995.479091,21385.799829,4049.550297,0,1.00,codable,adapted,1,c4a54cdecc67,2089,3
swift,stream,document,100,49,SwiftMsgpack,1.2.1,75080,36614,329,111694,13319.126265,27311.957175,8953.032392,0,1.00,codable,adapted,1,c4a54cdecc67,2090,4
swift,stream,document,100,49,SwiftProtobuf,1.38.1,18779,5842,155,24621,53250.971830,171174.255392,40615.734536,0,1.00,message,adapted,1,c4a54cdecc67,2091,5
swift,stream,document,100,49,SwiftCbor,0.0.4,80019,39985,332,120004,12497.031955,25009.378517,8333.055565,0,1.00,codable,adapted,1,c4a54cdecc67,2092,6
swift,stream,document,100,49,SwiftBSON,3.1.0,88044,68541,525,156585,11357.957385,14589.807560,6386.307756,0,1.00,document,adapted,1,c4a54cdecc67,2093,7
swift,stream,document,100,49,Foundation.PropertyListEncoder,Foundation,71360,60324,399,131684,14013.452915,16577.150056,7593.937001,0,1.00,codable,adapted,1,c4a54cdecc67,2094,8
swift,stream,document,100,49,Yams,5.4.0,286956,211576,429,498532,3484.854821,4726.434000,2005.889291,0,1.00,codable,adapted,1,c4a54cdecc67,2095,9
swift,stream,document,100,49,Foundation.JSONEncoder,Foundation,59878,34231,448,94109,16700.624603,29213.286203,10625.976262,0,1.00,codable,adapted,1,c4a54cdecc67,2096,10
swift,stream,document,100,49,IkigaJSON,2.5.3,53468,35845,448,89313,18702.775492,27897.893709,11196.578326,0,1.00,codable,adapted,1,c4a54cdecc67,2097,11
swift,stream,document,100,49,CapnProto,capnproto-1.0.2,45171,12981,376,58152,22138.097452,77035.667514,17196.313110,0,1.00,message,adapted,1,c4a54cdecc67,2098,12
swift,stream,document,100,49,FlatBuffers,24.3.25,37674,5776,440,43450,26543.504804,173130.193906,23014.959724,0,1.00,archive,adapted,1,c4a54cdecc67,2099,13
swift,stream,document,100,50,SwiftMsgpack,1.2.1,75893,37769,329,113662,13176.445786,26476.740184,8798.015168,0,1.00,codable,adapted,1,c4a54cdecc67,2100,0
swift,stream,document,100,50,TOML,2.0.0,204037,53672,508,257709,4901.071864,18631.688776,3880.345661,0,1.00,codable,adapted,1,c4a54cdecc67,2101,1
swift,stream,document,100,50,SwiftProtobuf,1.38.1,19413,6059,155,25472,51511.873487,165043.736590,39258.793970,0,1.00,message,adapted,1,c4a54cdecc67,2102,2
swift,stream,document,100,50,IkigaJSON,2.5.3,52347,33566,448,85913,19103.291497,29792.051481,11639.682004,0,1.00,codable,adapted,1,c4a54cdecc67,2103,3
swift,stream,document,100,50,Yams,5.4.0,279809,188316,429,468125,3573.866459,5310.223242,2136.181575,0,1.00,codable,adapted,1,c4a54cdecc67,2104,4
swift,stream,document,100,50,CapnProto,capnproto-1.0.2,42988,11725,376,54713,23262.305760,85287.846482,18277.191892,0,1.00,message,adapted,1,c4a54cdecc67,2105,5
swift,stream,document,100,50,SwiftAvroCore,2.3.0,131528,33349,114,164877,7602.943860,29985.906624,6065.127337,0,1.00,schema,adapted,1,c4a54cdecc67,2106,6
swift,stream,document,100,50,XMLCoder,0.18.2,254572,243869,729,498441,3928.161777,4100.562187,2006.255505,0,1.00,codable,adapted,1,c4a54cdecc67,2107,7
swift,stream,document,100,50,Foundation.JSONEncoder,Foundation,61005,33483,448,94488,16392.099008,29865.902100,10583.354500,0,1.00,codable,adapted,1,c4a54cdecc67,2108,8
swift,stream,document,100,50,BinaryCodable,4.0.0,80074,36851,337,116925,12488.448185,27136.305663,8552.490913,0,1.00,codable,adapted,1,c4a54cdecc67,2109,9
swift,stream,document,100,50,SwiftCbor,0.0.4,81574,40058,332,121632,12258.807954,24963.802486,8221.520652,0,1.00,codable,adapted,1,c4a54cdecc67,2110,10
swift,stream,document,100,50,Foundation.PropertyListEncoder,Foundation,71077,64390,399,135467,14069.248843,15530.361857,7381.871600,0,1.00,codable,adapted,1,c4a54cdecc67,2111,11
swift,stream,document,100,50,FlatBuffers,24.3.25,37826,5483,440,43309,26436.842384,182381.907715,23089.888938,0,1.00,archive,adapted,1,c4a54cdecc67,2112,12
swift,stream,document,100,50,SwiftBSON,3.1.0,86477,68841,525,155318,11563.768401,14526.227103,6438.403791,0,1.00,document,adapted,1,c4a54cdecc67,2113,13
swift,stream,document,100,51,SwiftProtobuf,1.38.1,17714,6057,155,23771,56452.523428,165098.233449,42068.066131,0,1.00,message,adapted,1,c4a54cdecc67,2114,0
swift,stream,document,100,51,TOML,2.0.0,199906,46648,508,246554,5002.351105,21437.146287,4055.906617,0,1.00,codable,adapted,1,c4a54cdecc67,2115,1
swift,stream,document,100,51,SwiftBSON,3.1.0,84014,62176,525,146190,11902.778108,16083.376222,6840.413161,0,1.00,document,adapted,1,c4a54cdecc67,2116,2
swift,stream,document,100,51,SwiftCbor,0.0.4,79675,39129,332,118804,12550.988390,25556.492627,8417.225009,0,1.00,codable,adapted,1,c4a54cdecc67,2117,3
swift,stream,document,100,51,IkigaJSON,2.5.3,53933,40693,448,94626,18541.523742,24574.251100,10567.920022,0,1.00,codable,adapted,1,c4a54cdecc67,2118,4
swift,stream,document,100,51,Foundation.PropertyListEncoder,Foundation,69021,56874,399,125895,14488.344127,17582.726729,7943.127209,0,1.00,codable,adapted,1,c4a54cdecc67,2119,5
swift,stream,document,100,51,SwiftAvroCore,2.3.0,131182,32221,114,163403,7622.997058,31035.659973,6119.838681,0,1.00,schema,adapted,1,c4a54cdecc67,2120,6
swift,stream,document,100,51,Yams,5.4.0,282369,191823,429,474192,3541.465246,5213.139196,2108.850423,0,1.00,codable,adapted,1,c4a54cdecc67,2121,7
swift,stream,document,100,51,FlatBuffers,24.3.25,38958,5507,440,44465,25668.668823,181587.071001,22489.598561,0,1.00,archive,adapted,1,c4a54cdecc67,2122,8
swift,stream,document,100,51,CapnProto,capnproto-1.0.2,43879,12307,376,56186,22789.945076,81254.570570,17798.027978,0,1.00,message,adapted,1,c4a54cdecc67,2123,9
swift,stream,document,100,51,SwiftMsgpack,1.2.1,77562,38026,329,115588,12892.911477,26297.796245,8651.417102,0,1.00,codable,adapted,1,c4a54cdecc67,2124,10
swift,stream,document,100,51,BinaryCodable,4.0.0,76499,35212,337,111711,13072.066302,28399.409292,8951.669934,0,1.00,codable,adapted,1,c4a54cdecc67,2125,11
swift,stream,document,100,51,Foundation.JSONEncoder,Foundation,57802,33729,448,91531,17300.439431,29648.077322,10925.260294,0,1.00,codable,adapted,1,c4a54cdecc67,2126,12
swift,stream,document,100,51,XMLCoder,0.18.2,251631,242848,729,494479,3974.073147,4117.802082,2022.330574,0,1.00,codable,adapted,1,c4a54cdecc67,2127,13
swift,stream,document,100,52,Foundation.PropertyListEncoder,Foundation,73152,65919,399,139071,13670.166229,15170.133042,7190.571722,0,1.00,codable,adapted,1,c4a54cdecc67,2128,0
swift,stream,document,100,52,BinaryCodable,4.0.0,72779,35594,337,108373,13740.227263,28094.622689,9227.390586,0,1.00,codable,adapted,1,c4a54cdecc67,2129,1
swift,stream,document,100,52,SwiftCbor,0.0.4,82341,40693,332,123034,12144.618112,24574.251100,8127.834582,0,1.00,codable,adapted,1,c4a54cdecc67,2130,2
swift,stream,document,100,52,SwiftAvroCore,2.3.0,134877,34730,114,169607,7414.162533,28793.550245,5895.983067,0,1.00,schema,adapted,1,c4a54cdecc67,2131,3
swift,stream,document,100,52,Foundation.JSONEncoder,Foundation,56684,32246,448,88930,17641.662550,31011.598338,11244.799280,0,1.00,codable,adapted,1,c4a54cdecc67,2132,4
swift,stream,document,100,52,Yams,5.4.0,279647,196286,429,475933,3575.936806,5094.606849,2101.136084,0,1.00,codable,adapted,1,c4a54cdecc67,2133,5
swift,stream,document,100,52,SwiftProtobuf,1.38.1,18871,6192,155,25063,52991.362408,161498.708010,39899.453377,0,1.00,message,adapted,1,c4a54cdecc67,2134,6
swift,stream,document,100,52,SwiftMsgpack,1.2.1,76167,37803,329,113970,13129.045387,26452.927016,8774.238835,0,1.00,codable,adapted,1,c4a54cdecc67,2135,7
swift,stream,document,100,52,TOML,2.0.0,208123,47693,508,255816,4804.850978,20967.437569,3909.059637,0,1.00,codable,adapted,1,c4a54cdecc67,2136,8
swift,stream,document,100,52,XMLCoder,0.18.2,250356,241132,729,491488,3994.312100,4147.106149,2034.637672,0,1.00,codable,adapted,1,c4a54cdecc67,2137,9
swift,stream,document,100,52,SwiftBSON,3.1.0,89444,68152,525,157596,11180.179777,14673.083695,6345.338714,0,1.00,document,adapted,1,c4a54cdecc67,2138,10
swift,stream,document,100,52,IkigaJSON,2.5.3,58761,35811,448,94572,17018.090230,27924.380777,10573.954236,0,1.00,codable,adapted,1,c4a54cdecc67,2139,11
swift,stream,document,100,52,CapnProto,capnproto-1.0.2,44309,12738,376,57047,22568.778352,78505.259852,17529.405578,0,1.00,message,adapted,1,c4a54cdecc67,2140,12
swift,stream,document,100,52,FlatBuffers,24.3.25,37678,5213,440,42891,26540.686873,191828.122003,23314.914551,0,1.00,archive,adapted,1,c4a54cdecc67,2141,13
swift,stream,document,100,53,SwiftCbor,0.0.4,81922,40347,332,122269,12206.733234,24784.990210,8178.687975,0,1.00,codable,adapted,1,c4a54cdecc67,2142,0
swift,stream,document,100,53,Foundation.PropertyListEncoder,Foundation,71570,60307,399,131877,13972.334777,16581.823006,7582.823388,0,1.00,codable,adapted,1,c4a54cdecc67,2143,1
swift,stream,document,100,53,Yams,5.4.0,283861,196184,429,480045,3522.850973,5097.255638,2083.138039,0,1.00,codable,adapted,1,c4a54cdecc67,2144,2
swift,stream,document,100,53,SwiftBSON,3.1.0,92583,66013,525,158596,10801.118996,15148.531350,6305.329264,0,1.00,document,adapted,1,c4a54cdecc67,2145,3
swift,stream,document,100,53,Foundation.JSONEncoder,Foundation,57674,33247,448,90921,17338.835524,30077.901766,10998.559189,0,1.00,codable,adapted,1,c4a54cdecc67,2146,4
swift,stream,document,100,53,FlatBuffers,24.3.25,37548,5118,440,42666,26632.576968,195388.823759,23437.866217,0,1.00,archive,adapted,1,c4a54cdecc67,2147,5
swift,stream,document,100,53,TOML,2.0.0,201250,46300,508,247550,4968.944099,21598.272138,4039.587962,0,1.00,codable,adapted,1,c4a54cdecc67,2148,6
swift,stream,document,100,53,SwiftProtobuf,1.38.1,19306,6077,155,25383,51797.368694,164554.879052,39396.446441,0,1.00,message,adapted,1,c4a54cdecc67,2149,7
swift,stream,document,100,53,SwiftAvroCore,2.3.0,132152,32707,114,164859,7567.044010,30574.494756,6065.789553,0,1.00,schema,adapted,1,c4a54cdecc67,2150,8
swift,stream,document,100,53,SwiftMsgpack,1.2.1,76363,36609,329,112972,13095.347223,27315.687399,8851.750876,0,1.00,codable,adapted,1,c4a54cdecc67,2151,9
swift,stream,document,100,53,BinaryCodable,4.0.0,76213,35882,337,112095,13121.121069,27869.126582,8921.004505,0,1.00,codable,adapted,1,c4a54cdecc67,2152,10
swift,stream,document,100,53,XMLCoder,0.18.2,267228,233486,729,500714,3742.122831,4282.912038,1997.148073,0,1.00,codable,adapted,1,c4a54cdecc67,2153,11
swift,stream,document,100,53,IkigaJSON,2.5.3,58083,34666,448,92749,17216.741559,28846.708591,10781.787405,0,1.00,codable,adapted,1,c4a54cdecc67,2154,12
swift,stream,document,100,53,CapnProto,capnproto-1.0.2,43469,12170,376,55639,23004.900044,82169.268694,17973.004547,0,1.00,message,adapted,1,c4a54cdecc67,2155,13
swift,stream,document,100,54,CapnProto,capnproto-1.0.2,33352,6336,376,39688,29983.209403,157828.282828,25196.532957,0,1.00,message,adapted,1,c4a54cdecc67,2156,0
swift,stream,document,100,54,SwiftAvroCore,2.3.0,124872,31433,114,156305,8008.200397,31813.698979,6397.747993,0,1.00,schema,adapted,1,c4a54cdecc67,2157,1
swift,stream,document,100,54,Foundation.PropertyListEncoder,Foundation,69340,58523,399,127863,14421.690222,17087.299011,7820.870776,0,1.00,codable,adapted,1,c4a54cdecc67,2158,2
swift,stream,document,100,54,BinaryCodable,4.0.0,72189,34929,337,107118,13852.526008,28629.505568,9335.499169,0,1.00,codable,adapted,1,c4a54cdecc67,2159,3
swift,stream,document,100,54,IkigaJSON,2.5.3,50951,32422,448,83373,19626.700163,30843.254580,11994.290718,0,1.00,codable,adapted,1,c4a54cdecc67,2160,4
swift,stream,document,100,54,Yams,5.4.0,279467,185480,429,464947,3578.240007,5391.416864,2150.782777,0,1.00,codable,adapted,1,c4a54cdecc67,2161,5
swift,stream,document,100,54,SwiftMsgpack,1.2.1,74394,36730,329,111124,13441.944243,27225.701062,8998.956121,0,1.00,codable,adapted,1,c4a54cdecc67,2162,6
swift,stream,document,100,54,SwiftBSON,3.1.0,85970,65154,525,151124,11631.964639,15348.251834,6617.082661,0,1.00,document,adapted,1,c4a54cdecc67,2163,7
swift,stream,document,100,54,XMLCoder,0.18.2,242350,238228,729,480578,4126.263668,4197.659385,2080.827670,0,1.00,codable,adapted,1,c4a54cdecc67,2164,8
swift,stream,document,100,54,SwiftProtobuf,1.38.1,20253,6176,155,26429,49375.401175,161917.098446,37837.224261,0,1.00,message,adapted,1,c4a54cdecc67,2165,9
swift,stream,document,100,54,FlatBuffers,24.3.25,36699,5000,440,41699,27248.698875,200000.000000,23981.390441,0,1.00,archive,adapted,1,c4a54cdecc67,2166,10
swift,stream,document,100,54,SwiftCbor,0.0.4,80146,40018,332,120164,12477.229057,24988.755060,8321.959988,0,1.00,codable,adapted,1,c4a54cdecc67,2167,11
swift,stream,document,100,54,Foundation.JSONEncoder,Foundation,57494,32634,448,90128,17393.119282,30642.887786,11095.331085,0,1.00,codable,adapted,1,c4a54cdecc67,2168,12
swift,stream,document,100,54,TOML,2.0.0,196197,53473,508,249670,5096.917894,18701.026686,4005.286979,0,1.00,codable,adapted,1,c4a54cdecc67,2169,13
swift,stream,document,100,55,Foundation.PropertyListEncoder,Foundation,69123,57029,399,126152,14466.964686,17534.938365,7926.945272,0,1.00,codable,adapted,1,c4a54cdecc67,2170,0
swift,stream,document,100,55,CapnProto,capnproto-1.0.2,43399,12724,376,56123,23042.005576,78591.637850,17818.006878,0,1.00,message,adapted,1,c4a54cdecc67,2171,1
swift,stream,document,100,55,BinaryCodable,4.0.0,77142,34835,337,111977,12963.106997,28706.760442,8930.405351,0,1.00,codable,adapted,1,c4a54cdecc67,2172,2
swift,stream,document,100,55,SwiftBSON,3.1.0,84482,65194,525,149676,11836.840984,15338.834862,6681.097838,0,1.00,document,adapted,1,c4a54cdecc67,2173,3
swift,stream,document,100,55,FlatBuffers,24.3.25,36479,5040,440,41519,27413.032155,198412.698413,24085.358511,0,1.00,archive,adapted,1,c4a54cdecc67,2174,4
swift,stream,document,100,55,XMLCoder,0.18.2,243953,230982,729,474935,4099.150246,4329.341680,2105.551286,0,1.00,codable,adapted,1,c4a54cdecc67,2175,5
swift,stream,document,100,55,SwiftProtobuf,1.38.1,20006,5970,155,25976,49985.004499,167504.187605,38497.074222,0,1.00,message,adapted,1,c4a54cdecc67,2176,6
swift,stream,document,100,55,SwiftAvroCore,2.3.0,128705,35795,114,164500,7769.705917,27936.862690,6079.027356,0,1.00,schema,adapted,1,c4a54cdecc67,2177,7
swift,stream,document,100,55,Yams,5.4.0,274092,203757,429,477849,3648.410023,4907.806848,2092.711296,0,1.00,codable,adapted,1,c4a54cdecc67,2178,8
swift,stream,document,100,55,SwiftCbor,0.0.4,82702,40173,332,122875,12091.606007,24892.340627,8138.351984,0,1.00,codable,adapted,1,c4a54cdecc67,2179,9
swift,stream,document,100,55,IkigaJSON,2.5.3,53998,38654,448,92652,18519.204415,25870.543799,10793.075163,0,1.00,codable,adapted,1,c4a54cdecc67,2180,10
swift,stream,document,100,55,Foundation.JSONEncoder,Foundation,58748,33630,448,92378,17021.856063,29735.355337,10825.088224,0,1.00,codable,adapted,1,c4a54cdecc67,2181,11
swift,stream,document,100,55,SwiftMsgpack,1.2.1,76472,42535,329,119007,13076.681661,23510.050547,8402.867058,0,1.00,codable,adapted,1,c4a54cdecc67,2182,12
swift,stream,document,100,55,TOML,2.0.0,202075,48944,508,251019,4948.657677,20431.513567,3983.762185,0,1.00,codable,adapted,1,c4a54cdecc67,2183,13
swift,stream,document,100,56,Foundation.JSONEncoder,Foundation,55901,30641,448,86542,17888.767643,32636.010574,11555.083081,0,1.00,codable,adapted,1,c4a54cdecc67,2184,0
swift,stream,document,100,56,FlatBuffers,24.3.25,37812,6081,440,43893,26446.630699,164446.637066,22782.676053,0,1.00,archive,adapted,1,c4a54cdecc67,2185,1
swift,stream,document,100,56,XMLCoder,0.18.2,252388,240118,729,492506,3962.153510,4164.619062,2030.432117,0,1.00,codable,adapted,1,c4a54cdecc67,2186,2
swift,stream,document,100,56,BinaryCodable,4.0.0,75488,35988,337,111476,13247.138618,27787.040124,8970.540744,0,1.00,codable,adapted,1,c4a54cdecc67,2187,3
swift,stream,document,100,56,IkigaJSON,2.5.3,51655,34855,448,86510,19359.210144,28690.288337,11559.357300,0,1.00,codable,adapted,1,c4a54cdecc67,2188,4
swift,stream,document,100,56,SwiftAvroCore,2.3.0,126305,32315,114,158620,7917.342940,30945.381402,6304.375236,0,1.00,schema,adapted,1,c4a54cdecc67,2189,5
swift,stream,document,100,56,Foundation.PropertyListEncoder,Foundation,71421,61892,399,133313,14001.484157,16157.177018,7501.143924,0,1.00,codable,adapted,1,c4a54cdecc67,2190,6
swift,stream,document,100,56,CapnProto,capnproto-1.0.2,49337,16149,376,65486,20268.763808,61923.338906,15270.439483,0,1.00,message,adapted,1,c4a54cdecc67,2191,7
swift,stream,document,100,56,SwiftBSON,3.1.0,86640,67029,525,153669,11542.012927,14918.915693,6507.493379,0,1.00,document,adapted,1,c4a54cdecc67,2192,8
swift,stream,document,100,56,SwiftCbor,0.0.4,79486,40357,332,119843,12580.831845,24778.848775,8344.250394,0,1.00,codable,adapted,1,c4a54cdecc67,2193,9
swift,stream,document,100,56,SwiftProtobuf,1.38.1,23001,6466,155,29467,43476.370593,154655.119084,33936.267689,0,1.00,message,adapted,1,c4a54cdecc67,2194,10
swift,stream,document,100,56,SwiftMsgpack,1.2.1,72952,37300,329,110252,13707.643382,26809.651475,9070.130247,0,1.00,codable,adapted,1,c4a54cdecc67,2195,11
swift,stream,document,100,56,TOML,2.0.0,195028,44925,508,239953,5127.468876,22259.321091,4167.482799,0,1.00,codable,adapted,1,c4a54cdecc67,2196,12
swift,stream,document,100,56,Yams,5.4.0,279265,188326,429,467591,3580.828246,5309.941272,2138.621145,0,1.00,codable,adapted,1,c4a54cdecc67,2197,13
swift,stream,document,100,57,Yams,5.4.0,262887,180600,429,443487,3803.915751,5537.098560,2254.857527,0,1.00,codable,adapted,1,c4a54cdecc67,2198,0
swift,stream,document,100,57,Foundation.PropertyListEncoder,Foundation,71388,59885,399,131273,14007.956519,16698.672456,7617.712706,0,1.00,codable,adapted,1,c4a54cdecc67,2199,1
swift,stream,document,100,57,SwiftCbor,0.0.4,80108,39577,332,119685,12483.147751,25267.200647,8355.265906,0,1.00,codable,adapted,1,c4a54cdecc67,2200,2
swift,stream,document,100,57,BinaryCodable,4.0.0,74121,35314,337,109435,13491.453164,28317.381209,9137.844383,0,1.00,codable,adapted,1,c4a54cdecc67,2201,3
swift,stream,document,100,57,SwiftMsgpack,1.2.1,73566,36235,329,109801,13593.236006,27597.626604,9107.385179,0,1.00,codable,adapted,1,c4a54cdecc67,2202,4
swift,stream,document,100,57,FlatBuffers,24.3.25,39086,5780,440,44866,25584.608300,173010.380623,22288.592698,0,1.00,archive,adapted,1,c4a54cdecc67,2203,5
swift,stream,document,100,57,SwiftAvroCore,2.3.0,128513,32250,114,160763,7781.313953,31007.751938,6220.336769,0,1.00,schema,adapted,1,c4a54cdecc67,2204,6
swift,stream,document,100,57,XMLCoder,0.18.2,249086,241817,729,490903,4014.677662,4135.358556,2037.062312,0,1.00,codable,adapted,1,c4a54cdecc67,2205,7
swift,stream,document,100,57,SwiftProtobuf,1.38.1,20784,6227,155,27011,48113.933795,160590.974787,37021.954019,0,1.00,message,adapted,1,c4a54cdecc67,2206,8
swift,stream,document,100,57,Foundation.JSONEncoder,Foundation,58027,34325,448,92352,17233.356886,29133.284778,10828.135828,0,1.00,codable,adapted,1,c4a54cdecc67,2207,9
swift,stream,document,100,57,SwiftBSON,3.1.0,87306,71401,525,158707,11453.966509,14005.406087,6300.919304,0,1.00,document,adapted,1,c4a54cdecc67,2208,10
swift,stream,document,100,57,CapnProto,capnproto-1.0.2,48340,14813,376,63153,20686.801820,67508.269763,15834.560512,0,1.00,message,adapted,1,c4a54cdecc67,2209,11
swift,stream,document,100,57,TOML,2.0.0,196941,46710,508,243651,5077.662853,21408.691929,4104.231052,0,1.00,codable,adapted,1,c4a54cdecc67,2210,12
swift,stream,document,100,57,IkigaJSON,2.5.3,54592,37733,448,92325,18317.702227,26502.000901,10831.302464,0,1.00,codable,adapted,1,c4a54cdecc67,2211,13
swift,stream,document,100,58,Yams,5.4.0,269146,185548,429,454694,3715.455552,5389.441007,2199.281275,0,1.00,codable,adapted,1,c4a54cdecc67,2212,0
swift,stream,document,100,58,FlatBuffers,24.3.25,37438,5415,440,42853,26710.828570,184672.206833,23335.589107,0,1.00,archive,adapted,1,c4a54cdecc67,2213,1
swift,stream,document,100,58,Foundation.PropertyListEncoder,Foundation,69736,58835,399,128571,14339.795801,16996.685646,7777.803704,0,1.00,codable,adapted,1,c4a54cdecc67,2214,2
swift,stream,document,100,58,SwiftAvroCore,2.3.0,129594,31483,114,161077,7716.406624,31763.173776,6208.210980,0,1.00,schema,adapted,1,c4a54cdecc67,2215,3
swift,stream,document,100,58,SwiftBSON,3.1.0,83954,65973,525,149927,11911.284751,15157.716035,6669.912691,0,1.00,document,adapted,1,c4a54cdecc67,2216,4
swift,stream,document,100,58,SwiftMsgpack,1.2.1,73686,37251,329,110937,13571.098988,26844.916915,9014.125134,0,1.00,codable,adapted,1,c4a54cdecc67,2217,5
swift,stream,document,100,58,Foundation.JSONEncoder,Foundation,57609,31773,448,89382,17358.398861,31473.263463,11187.934931,0,1.00,codable,adapted,1,c4a54cdecc67,2218,6
swift,stream,document,100,58,BinaryCodable,4.0.0,73048,35158,337,108206,13689.628737,28443.028614,9241.631702,0,1.00,codable,adapted,1,c4a54cdecc67,2219,7
swift,stream,document,100,58,TOML,2.0.0,198608,44330,508,242938,5035.043906,22558.087074,4116.276581,0,1.00,codable,adapted,1,c4a54cdecc67,2220,8
swift,stream,document,100,58,IkigaJSON,2.5.3,53381,42053,448,95434,18733.257151,23779.516325,10478.445837,0,1.00,codable,adapted,1,c4a54cdecc67,2221,9
swift,stream,document,100,58,SwiftCbor,0.0.4,78996,40229,332,119225,12658.868803,24857.689726,8387.502621,0,1.00,codable,adapted,1,c4a54cdecc67,2222,10
swift,stream,document,100,58,SwiftProtobuf,1.38.1,18314,5783,155,24097,54603.035929,172920.629431,41498.941777,0,1.00,message,adapted,1,c4a54cdecc67,2223,11
swift,stream,document,100,58,XMLCoder,0.18.2,247167,236567,729,483734,4045.847544,4227.132271,2067.251837,0,1.00,codable,adapted,1,c4a54cdecc67,2224,12
swift,stream,document,100,58,CapnProto,capnproto-1.0.2,46971,13055,376,60026,21289.731962,76599.004213,16659.447573,0,1.00,message,adapted,1,c4a54cdecc67,2225,13
swift,stream,document,100,59,FlatBuffers,24.3.25,36994,5877,440,42871,27031.410499,170154.840905,23325.791327,0,1.00,archive,adapted,1,c4a54cdecc67,2226,0
swift,stream,document,100,59,TOML,2.0.0,198505,45409,508,243914,5037.656482,22022.066110,4099.805669,0,1.00,codable,adapted,1,c4a54cdecc67,2227,1
swift,stream,document,100,59,SwiftProtobuf,1.38.1,18445,5707,155,24152,54215.234481,175223.409848,41404.438556,0,1.00,message,adapted,1,c4a54cdecc67,2228,2
swift,stream,document,100,59,SwiftCbor,0.0.4,79668,39420,332,119088,12552.091178,25367.833587,8397.151686,0,1.00,codable,adapted,1,c4a54cdecc67,2229,3
swift,stream,document,100,59,SwiftAvroCore,2.3.0,124051,32045,114,156096,8061.200635,31206.116399,6406.314063,0,1.00,schema,adapted,1,c4a54cdecc67,2230,4
swift,stream,document,100,59,Yams,5.4.0,287075,186576,429,473651,3483.410259,5359.746162,2111.259134,0,1.00,codable,adapted,1,c4a54cdecc67,2231,5
swift,stream,document,100,59,Foundation.PropertyListEncoder,Foundation,71050,59970,399,131020,14074.595355,16675.004169,7632.422531,0,1.00,codable,adapted,1,c4a54cdecc67,2232,6
swift,stream,document,100,59,IkigaJSON,2.5.3,52410,35005,448,87415,19080.328182,28567.347522,11439.684265,0,1.00,codable,adapted,1,c4a54cdecc67,2233,7
swift,stream,document,100,59,SwiftMsgpack,1.2.1,73217,36764,329,109981,13658.030239,27200.522250,9092.479610,0,1.00,codable,adapted,1,c4a54cdecc67,2234,8
swift,stream,document,100,59,Foundation.JSONEncoder,Foundation,57359,31971,448,89330,17434.055684,31278.346001,11194.447554,0,1.00,codable,adapted,1,c4a54cdecc67,2235,9
swift,stream,document,100,59,SwiftBSON,3.1.0,84149,66007,525,150156,11883.682516,15149.908343,6659.740537,0,1.00,document,adapted,1,c4a54cdecc67,2236,10
swift,stream,document,100,59,CapnProto,capnproto-1.0.2,42995,16533,376,59528,23258.518432,60485.090425,16798.817363,0,1.00,message,adapted,1,c4a54cdecc67,2237,11
swift,stream,document,100,59,BinaryCodable,4.0.0,72971,35779,337,108750,13704.074221,27949.355767,9195.402299,0,1.00,codable,adapted,1,c4a54cdecc67,2238,12
swift,stream,document,100,59,XMLCoder,0.18.2,246843,234939,729,481782,4051.158024,4256.424008,2075.627566,0,1.00,codable,adapted,1,c4a54cdecc67,2239,13
swift,stream,document,100,60,SwiftMsgpack,1.2.1,75520,36380,329,111900,13241.525424,27487.630566,8936.550492,0,1.00,codable,adapted,1,c4a54cdecc67,2240,0
swift,stream,document,100,60,SwiftProtobuf,1.38.1,19063,6043,155,25106,52457.640455,165480.721496,39831.116068,0,1.00,message,adapted,1,c4a54cdecc67,2241,1
swift,stream,document,100,60,SwiftBSON,3.1.0,82709,64202,525,146911,12090.582645,15575.838759,6806.842238,0,1.00,document,adapted,1,c4a54cdecc67,2242,2
swift,stream,document,100,60,FlatBuffers,24.3.25,36821,5207,440,42028,27158.415035,192049.164586,23793.661369,0,1.00,archive,adapted,1,c4a54cdecc67,2243,3
swift,stream,document,100,60,SwiftCbor,0.0.4,78541,39295,332,117836,12732.203562,25448.530347,8486.370888,0,1.00,codable,adapted,1,c4a54cdecc67,2244,4
swift,stream,document,100,60,IkigaJSON,2.5.3,52445,34156,448,86601,19067.594623,29277.432955,11547.210771,0,1.00,codable,adapted,1,c4a54cdecc67,2245,5
swift,stream,document,100,60,BinaryCodable,4.0.0,71500,33751,337,105251,13986.013986,29628.751741,9501.097377,0,1.00,codable,adapted,1,c4a54cdecc67,2246,6
swift,stream,document,100,60,CapnProto,capnproto-1.0.2,41933,11365,376,53298,23847.566356,87989.441267,18762.430110,0,1.00,message,adapted,1,c4a54cdecc67,2247,7
swift,stream,document,100,60,SwiftAvroCore,2.3.0,129328,32152,114,161480,7732.277620,31102.264245,6192.717364,0,1.00,schema,adapted,1,c4a54cdecc67,2248,8
swift,stream,document,100,60,Yams,5.4.0,275634,192794,429,468428,3627.999449,5186.883409,2134.799798,0,1.00,codable,adapted,1,c4a54cdecc67,2249,9
swift,stream,document,100,60,TOML,2.0.0,193691,46349,508,240040,5162.862497,21575.438521,4165.972338,0,1.00,codable,adapted,1,c4a54cdecc67,2250,10
swift,stream,document,100,60,Foundation.JSONEncoder,Foundation,58635,32910,448,91545,17054.660186,30385.900942,10923.589492,0,1.00,codable,adapted,1,c4a54cdecc67,2251,11
swift,stream,document,100,60,Foundation.PropertyListEncoder,Foundation,69179,58211,399,127390,14455.253762,17178.883716,7849.909726,0,1.00,codable,adapted,1,c4a54cdecc67,2252,12
swift,stream,document,100,60,XMLCoder,0.18.2,243537,237353,729,480890,4106.152248,4213.134024,2079.477635,0,1.00,codable,adapted,1,c4a54cdecc67,2253,13
swift,stream,document,100,61,SwiftProtobuf,1.38.1,20307,6187,155,26494,49244.103019,161629.222563,37744.394957,0,1.00,message,adapted,1,c4a54cdecc67,2254,0
swift,stream,document,100,61,BinaryCodable,4.0.0,71959,35375,337,107334,13896.802346,28268.551237,9316.712319,0,1.00,codable,adapted,1,c4a54cdecc67,2255,1
swift,stream,document,100,61,XMLCoder,0.18.2,235506,219120,729,454626,4246.176318,4563.709383,2199.610229,0,1.00,codable,adapted,1,c4a54cdecc67,2256,2
swift,stream,document,100,61,SwiftBSON,3.1.0,86848,70017,525,156865,11514.369934,14282.245740,6374.908361,0,1.00,document,adapted,1,c4a54cdecc67,2257,3
swift,stream,document,100,61,Yams,5.4.0,277714,188785,429,466499,3600.826750,5297.031014,2143.627318,0,1.00,codable,adapted,1,c4a54cdecc67,2258,4
swift,stream,document,100,61,TOML,2.0.0,195921,45175,508,241096,5104.098080,22136.137244,4147.725387,0,1.00,codable,adapted,1,c4a54cdecc67,2259,5
swift,stream,document,100,61,SwiftCbor,0.0.4,82465,38926,332,121391,12126.356636,25689.770333,8237.843003,0,1.00,codable,adapted,1,c4a54cdecc67,2260,6
swift,stream,document,100,61,FlatBuffers,24.3.25,37629,5587,440,43216,26575.247814,178986.933954,23139.577934,0,1.00,archive,adapted,1,c4a54cdecc67,2261,7
swift,stream,document,100,61,SwiftAvroCore,2.3.0,127659,32181,114,159840,7833.368583,31074.236351,6256.256256,0,1.00,schema,adapted,1,c4a54cdecc67,2262,8
swift,stream,document,100,61,CapnProto,capnproto-1.0.2,43336,12441,376,55777,23075.503046,80379.390724,17928.536852,0,1.00,message,adapted,1,c4a54cdecc67,2263,9
swift,stream,document,100,61,IkigaJSON,2.5.3,52700,35525,448,88225,18975.332068,28149.190711,11334.655710,0,1.00,codable,adapted,1,c4a54cdecc67,2264,10
swift,stream,document,100,61,Foundation.JSONEncoder,Foundation,56400,32342,448,88742,17730.496454,30919.547338,11268.621397,0,1.00,codable,adapted,1,c4a54cdecc67,2265,11
swift,stream,document,100,61,SwiftMsgpack,1.2.1,76224,37884,329,114108,13119.227540,26396.367860,8763.627441,0,1.00,codable,adapted,1,c4a54cdecc67,2266,12
swift,stream,document,100,61,Foundation.PropertyListEncoder,Foundation,72432,59414,399,131846,13806.052573,16831.049921,7584.606283,0,1.00,codable,adapted,1,c4a54cdecc67,2267,13
swift,stream,document,100,62,TOML,2.0.0,197701,51261,508,248962,5058.143358,19508.008037,4016.677244,0,1.00,codable,adapted,1,c4a54cdecc67,2268,0
swift,stream,document,100,62,BinaryCodable,4.0.0,74525,36415,337,110940,13418.316001,27461.211039,9013.881377,0,1.00,codable,adapted,1,c4a54cdecc67,2269,1
swift,stream,document,100,62,SwiftProtobuf,1.38.1,17641,6125,155,23766,56686.128904,163265.306122,42076.916604,0,1.00,message,adapted,1,c4a54cdecc67,2270,2
swift,stream,document,100,62,SwiftBSON,3.1.0,85433,67936,525,153369,11705.078834,14719.736222,6520.222470,0,1.00,document,adapted,1,c4a54cdecc67,2271,3
swift,stream,document,100,62,FlatBuffers,24.3.25,37317,5005,440,42322,26797.438165,199800.199800,23628.372950,0,1.00,archive,adapted,1,c4a54cdecc67,2272,4
swift,stream,document,100,62,Foundation.PropertyListEncoder,Foundation,68196,55400,399,123596,14663.616634,18050.541516,8090.876727,0,1.00,codable,adapted,1,c4a54cdecc67,2273,5
swift,stream,document,100,62,Yams,5.4.0,281704,197100,429,478804,3549.825349,5073.566717,2088.537272,0,1.00,codable,adapted,1,c4a54cdecc67,2274,6
swift,stream,document,100,62,Foundation.JSONEncoder,Foundation,58188,32846,448,91034,17185.674022,30445.107471,10984.906738,0,1.00,codable,adapted,1,c4a54cdecc67,2275,7
swift,stream,document,100,62,XMLCoder,0.18.2,250642,243967,729,494609,3989.754311,4098.915017,2021.799037,0,1.00,codable,adapted,1,c4a54cdecc67,2276,8
swift,stream,document,100,62,IkigaJSON,2.5.3,57208,35842,448,93050,17480.072717,27900.228782,10746.910263,0,1.00,codable,adapted,1,c4a54cdecc67,2277,9
swift,stream,document,100,62,SwiftMsgpack,1.2.1,75876,37266,329,113142,13179.397965,26834.111523,8838.450796,0,1.00,codable,adapted,1,c4a54cdecc67,2278,10
swift,stream,document,100,62,CapnProto,capnproto-1.0.2,50651,13162,376,63813,19742.946832,75976.295396,15670.788084,0,1.00,message,adapted,1,c4a54cdecc67,2279,11
swift,stream,document,100,62,SwiftAvroCore,2.3.0,132706,33088,114,165794,7535.454313,30222.437137,6031.581360,0,1.00,schema,adapted,1,c4a54cdecc67,2280,12
swift,stream,document,100,62,SwiftCbor,0.0.4,81423,40705,332,122128,12281.542070,24567.006510,8188.130486,0,1.00,codable,adapted,1,c4a54cdecc67,2281,13
swift,stream,document,100,63,TOML,2.0.0,198437,52312,508,250749,5039.382776,19116.072794,3988.051797,0,1.00,codable,adapted,1,c4a54cdecc67,2282,0
swift,stream,document,100,63,Yams,5.4.0,282493,195620,429,478113,3539.910723,5111.951743,2091.555762,0,1.00,codable,adapted,1,c4a54cdecc67,2283,1
swift,stream,document,100,63,CapnProto,capnproto-1.0.2,42906,11964,376,54870,23306.763623,83584.085590,18224.895207,0,1.00,message,adapted,1,c4a54cdecc67,2284,2
swift,stream,document,100,63,SwiftMsgpack,1.2.1,74862,36496,329,111358,13357.911891,27400.263043,8980.046337,0,1.00,codable,adapted,1,c4a54cdecc67,2285,3
swift,stream,document,100,63,SwiftAvroCore,2.3.0,129693,32214,114,161907,7710.516373,31042.403924,6176.385209,0,1.00,schema,adapted,1,c4a54cdecc67,2286,4
swift,stream,document,100,63,SwiftBSON,3.1.0,87153,67840,525,154993,11474.074329,14740.566038,6451.904280,0,1.00,document,adapted,1,c4a54cdecc67,2287,5
swift,stream,document,100,63,BinaryCodable,4.0.0,75037,36584,337,111621,13326.758799,27334.353816,8958.887665,0,1.00,codable,adapted,1,c4a54cdecc67,2288,6
swift,stream,document,100,63,SwiftCbor,0.0.4,80297,39778,332,120075,12453.765396,25139.524360,8328.128253,0,1.00,codable,adapted,1,c4a54cdecc67,2289,7
swift,stream,document,100,63,FlatBuffers,24.3.25,39126,5385,440,44511,25558.452180,185701.021356,22466.356631,0,1.00,archive,adapted,1,c4a54cdecc67,2290,8
swift,stream,document,100,63,Foundation.PropertyListEncoder,Foundation,72593,60641,399,133234,13775.432893,16490.493231,7505.591666,0,1.00,codable,adapted,1,c4a54cdecc67,2291,9
swift,stream,document,100,63,IkigaJSON,2.5.3,53032,35010,448,88042,18856.539448,28563.267638,11358.215397,0,1.00,codable,adapted,1,c4a54cdecc67,2292,10
swift,stream,document,100,63,XMLCoder,0.18.2,259708,234852,729,494560,3850.478229,4258.000783,2021.999353,0,1.00,codable,adapted,1,c4a54cdecc67,2293,11
swift,stream,document,100,63,Foundation.JSONEncoder,Foundation,60065,33809,448,93874,16648.630650,29577.923038,10652.576858,0,1.00,codable,adapted,1,c4a54cdecc67,2294,12
swift,stream,document,100,63,SwiftProtobuf,1.38.1,18865,6592,155,25457,53008.216274,151699.029126,39281.926386,0,1.00,message,adapted,1,c4a54cdecc67,2295,13
swift,stream,document,100,64,SwiftCbor,0.0.4,80118,39053,332,119171,12481.589655,25606.227435,8391.303253,0,1.00,codable,adapted,1,c4a54cdecc67,2296,0
swift,stream,document,100,64,SwiftAvroCore,2.3.0,132314,33173,114,165487,7557.779222,30144.997438,6042.770731,0,1.00,schema,adapted,1,c4a54cdecc67,2297,1
swift,stream,document,100,64,SwiftMsgpack,1.2.1,74460,36687,329,111147,13430.029546,27257.611688,8997.093939,0,1.00,codable,adapted,1,c4a54cdecc67,2298,2
swift,stream,document,100,64,Foundation.JSONEncoder,Foundation,55238,30084,448,85322,18103.479489,33240.260604,11720.306603,0,1.00,codable,adapted,1,c4a54cdecc67,2299,3
swift,stream,document,100,64,SwiftBSON,3.1.0,87110,67895,525,155005,11479.738262,14728.625083,6451.404793,0,1.00,document,adapted,1,c4a54cdecc67,2300,4
swift,stream,document,100,64,IkigaJSON,2.5.3,52397,34413,448,86810,19085.062122,29058.785924,11519.410206,0,1.00,codable,adapted,1,c4a54cdecc67,2301,5
swift,stream,document,100,64,TOML,2.0.0,202139,48833,508,250972,4947.090863,20477.955481,3984.508232,0,1.00,codable,adapted,1,c4a54cdecc67,2302,6
swift,stream,document,100,64,XMLCoder,0.18.2,246522,232848,729,479370,4056.433097,4294.647152,2086.071302,0,1.00,codable,adapted,1,c4a54cdecc67,2303,7
swift,stream,document,100,64,BinaryCodable,4.0.0,77728,38902,337,116630,12865.376698,25705.619248,8574.123296,0,1.00,codable,adapted,1,c4a54cdecc67,2304,8
swift,stream,document,100,64,CapnProto,capnproto-1.0.2,59411,20005,376,79416,16831.899817,49987.503124,12591.921023,0,1.00,message,adapted,1,c4a54cdecc67,2305,9
swift,stream,document,100,64,Foundation.PropertyListEncoder,Foundation,75367,72709,399,148076,13268.406597,13753.455556,6753.288852,0,1.00,codable,adapted,1,c4a54cdecc67,2306,10
swift,stream,document,100,64,Yams,5.4.0,297216,205672,429,502888,3364.556417,4862.110545,1988.514341,0,1.00,codable,adapted,1,c4a54cdecc67,2307,11
swift,stream,document,100,64,FlatBuffers,24.3.25,40732,7155,440,47887,24550.721791,139762.403913,20882.494205,0,1.00,archive,adapted,1,c4a54cdecc67,2308,12
swift,stream,document,100,64,SwiftProtobuf,1.38.1,21781,7824,155,29605,45911.574308,127811.860941,33778.078027,0,1.00,message,adapted,1,c4a54cdecc67,2309,13
swift,stream,document,100,65,SwiftProtobuf,1.38.1,14597,3307,155,17904,68507.227513,302388.872090,55853.440572,0,1.00,message,adapted,1,c4a54cdecc67,2310,0
swift,stream,document,100,65,SwiftAvroCore,2.3.0,146182,34910,114,181092,6840.787511,28645.087368,5522.055088,0,1.00,schema,adapted,1,c4a54cdecc67,2311,1
swift,stream,document,100,65,SwiftCbor,0.0.4,91315,44675,332,135990,10951.103324,22383.883604,7353.481874,0,1.00,codable,adapted,1,c4a54cdecc67,2312,2
swift,stream,document,100,65,TOML,2.0.0,200776,54327,508,255103,4980.674981,18407.053583,3919.985261,0,1.00,codable,adapted,1,c4a54cdecc67,2313,3
swift,stream,document,100,65,SwiftBSON,3.1.0,93253,74177,525,167430,10723.515597,13481.267778,5972.645285,0,1.00,document,adapted,1,c4a54cdecc67,2314,4
swift,stream,document,100,65,SwiftMsgpack,1.2.1,79178,40957,329,120135,12629.770896,24415.850770,8323.968868,0,1.00,codable,adapted,1,c4a54cdecc67,2315,5
swift,stream,document,100,65,BinaryCodable,4.0.0,77505,39206,337,116711,12902.393394,25506.300056,8568.172666,0,1.00,codable,adapted,1,c4a54cdecc67,2316,6
swift,stream,document,100,65,IkigaJSON,2.5.3,55557,42184,448,97741,17999.532012,23705.670396,10231.121024,0,1.00,codable,adapted,1,c4a54cdecc67,2317,7
swift,stream,document,100,65,CapnProto,capnproto-1.0.2,61446,17454,376,78900,16274.452365,57293.457087,12674.271229,0,1.00,message,adapted,1,c4a54cdecc67,2318,8
swift,stream,document,100,65,XMLCoder,0.18.2,254187,254527,729,508714,3934.111501,3928.856271,1965.741065,0,1.00,codable,adapted,1,c4a54cdecc67,2319,9
swift,stream,document,100,65,Yams,5.4.0,281098,200763,429,481861,3557.478175,4980.997495,2075.287272,0,1.00,codable,adapted,1,c4a54cdecc67,2320,10
swift,stream,document,100,65,FlatBuffers,24.3.25,41039,6718,440,47757,24367.065474,148853.825543,20939.338736,0,1.00,archive,adapted,1,c4a54cdecc67,2321,11
swift,stream,document,100,65,Foundation.PropertyListEncoder,Foundation,74917,66433,399,141350,13348.105236,15052.759924,7074.637425,0,1.00,codable,adapted,1,c4a54cdecc67,2322,12
swift,stream,document,100,65,Foundation.JSONEncoder,Foundation,63202,38584,448,101786,15822.284105,25917.478748,9824.533826,0,1.00,codable,adapted,1,c4a54cdecc67,2323,13
swift,stream,document,100,66,SwiftMsgpack,1.2.1,79046,39385,329,118431,12650.861524,25390.377047,8443.735171,0,1.00,codable,adapted,1,c4a54cdecc67,2324,0
swift,stream,document,100,66,SwiftAvroCore,2.3.0,143959,35361,114,179320,6946.422245,28279.743220,5576.622797,0,1.00,schema,adapted,1,c4a54cdecc67,2325,1
swift,stream,document,100,66,CapnProto,capnproto-1.0.2,46732,13672,376,60404,21398.613370,73142.188414,16555.195020,0,1.00,message,adapted,1,c4a54cdecc67,2326,2
swift,stream,document,100,66,FlatBuffers,24.3.25,37451,4951,440,42402,26701.556701,201979.398101,23583.793217,0,1.00,archive,adapted,1,c4a54cdecc67,2327,3
swift,stream,document,100,66,IkigaJSON,2.5.3,59225,37923,448,97148,16884.761503,26369.221844,10293.572693,0,1.00,codable,adapted,1,c4a54cdecc67,2328,4
swift,stream,document,100,66,Yams,5.4.0,279180,188176,429,467356,3581.918476,5314.173965,2139.696505,0,1.00,codable,adapted,1,c4a54cdecc67,2329,5
swift,stream,document,100,66,Foundation.PropertyListEncoder,Foundation,71444,57995,399,129439,13996.976653,17242.865764,7725.646830,0,1.00,codable,adapted,1,c4a54cdecc67,2330,6
swift,stream,document,100,66,SwiftProtobuf,1.38.1,20712,6576,155,27288,48281.189649,152068.126521,36646.144826,0,1.00,message,adapted,1,c4a54cdecc67,2331,7
swift,stream,document,100,66,BinaryCodable,4.0.0,75779,36886,337,112665,13196.268095,27110.556851,8875.870945,0,1.00,codable,adapted,1,c4a54cdecc67,2332,8
swift,stream,document,100,66,XMLCoder,0.18.2,255953,241850,729,497803,3906.967295,4134.794294,2008.826785,0,1.00,codable,adapted,1,c4a54cdecc67,2333,9
swift,stream,document,100,66,SwiftCbor,0.0.4,84208,44146,332,128354,11875.356261,22652.108911,7790.953145,0,1.00,codable,adapted,1,c4a54cdecc67,2334,10
swift,stream,document,100,66,SwiftBSON,3.1.0,88124,68281,525,156405,11347.646498,14645.362546,6393.657492,0,1.00,document,adapted,1,c4a54cdecc67,2335,11
swift,stream,document,100,66,TOML,2.0.0,204739,54827,508,259566,4884.267287,18239.188721,3852.584699,0,1.00,codable,adapted,1,c4a54cdecc67,2336,12
swift,stream,document,100,66,Foundation.JSONEncoder,Foundation,58771,33494,448,92265,17015.194569,29856.093629,10838.346068,0,1.00,codable,adapted,1,c4a54cdecc67,2337,13
swift,stream,document,100,67,Foundation.JSONEncoder,Foundation,51322,26076,448,77398,19484.821324,38349.440098,12920.230497,0,1.00,codable,adapted,1,c4a54cdecc67,2338,0
swift,stream,document,100,67,BinaryCodable,4.0.0,73375,35351,337,108726,13628.620102,28287.742921,9197.432077,0,1.00,codable,adapted,1,c4a54cdecc67,2339,1
swift,stream,document,100,67,CapnProto,capnproto-1.0.2,44293,12501,376,56794,22576.930892,79993.600512,17607.493749,0,1.00,message,adapted,1,c4a54cdecc67,2340,2
swift,stream,document,100,67,SwiftCbor,0.0.4,81049,39684,332,120733,12338.215154,25199.072674,8282.739599,0,1.00,codable,adapted,1,c4a54cdecc67,2341,3
swift,stream,document,100,67,SwiftMsgpack,1.2.1,74316,37675,329,111991,13456.052532,26542.800265,8929.288961,0,1.00,codable,adapted,1,c4a54cdecc67,2342,4
swift,stream,document,100,67,Yams,5.4.0,286140,191520,429,477660,3494.792759,5221.386800,2093.539338,0,1.00,codable,adapted,1,c4a54cdecc67,2343,5
swift,stream,document,100,67,TOML,2.0.0,198596,45536,508,244132,5035.348144,21960.646521,4096.144709,0,1.00,codable,adapted,1,c4a54cdecc67,2344,6
swift,stream,document,100,67,SwiftAvroCore,2.3.0,130130,33014,114,163144,7684.623069,30290.179924,6129.554259,0,1.00,schema,adapted,1,c4a54cdecc67,2345,7
swift,stream,document,100,67,Foundation.PropertyListEncoder,Foundation,71614,60802,399,132416,13963.750105,16446.827407,7551.957467,0,1.00,codable,adapted,1,c4a54cdecc67,2346,8
swift,stream,document,100,67,SwiftBSON,3.1.0,85047,66365,525,151412,11758.204287,15068.183530,6604.496341,0,1.00,document,adapted,1,c4a54cdecc67,2347,9
swift,stream,document,100,67,SwiftProtobuf,1.38.1,18159,6267,155,24426,55069.111735,159565.980533,40939.981986,0,1.00,message,adapted,1,c4a54cdecc67,2348,10
swift,stream,document,100,67,IkigaJSON,2.5.3,53818,35644,448,89462,18581.143855,28055.212659,11177.930294,0,1.00,codable,adapted,1,c4a54cdecc67,2349,11
swift,stream,document,100,67,FlatBuffers,24.3.25,37767,5347,440,43114,26478.142294,187020.759304,23194.322030,0,1.00,archive,adapted,1,c4a54cdecc67,2350,12
swift,stream,document,100,67,XMLCoder,0.18.2,255930,250526,729,506456,3907.318407,3991.601670,1974.505189,0,1.00,codable,adapted,1,c4a54cdecc67,2351,13
swift,stream,document,100,68,CapnProto,capnproto-1.0.2,47733,14114,376,61847,20949.866968,70851.636673,16168.933012,0,1.00,message,adapted,1,c4a54cdecc67,2352,0
swift,stream,document,100,68,TOML,2.0.0,209859,49388,508,259247,4765.104189,20247.833482,3857.325254,0,1.00,codable,adapted,1,c4a54cdecc67,2353,1
swift,stream,document,100,68,SwiftBSON,3.1.0,88467,68552,525,157019,11303.649949,14587.466449,6368.656023,0,1.00,document,adapted,1,c4a54cdecc67,2354,2
swift,stream,document,100,68,Yams,5.4.0,289854,197467,429,487321,3450.012765,5064.137299,2052.035517,0,1.00,codable,adapted,1,c4a54cdecc67,2355,3
swift,stream,document,100,68,BinaryCodable,4.0.0,82254,41938,337,124192,12157.463467,23844.723163,8052.048441,0,1.00,codable,adapted,1,c4a54cdecc67,2356,4
swift,stream,document,100,68,SwiftAvroCore,2.3.0,149551,39756,114,189307,6686.682135,25153.435959,5282.424844,0,1.00,schema,adapted,1,c4a54cdecc67,2357,5
swift,stream,document,100,68,SwiftProtobuf,1.38.1,20887,8705,155,29592,47876.669699,114876.507754,33792.917005,0,1.00,message,adapted,1,c4a54cdecc67,2358,6
swift,stream,document,100,68,SwiftMsgpack,1.2.1,87479,55068,329,142547,11431.314944,18159.366601,7015.230064,0,1.00,codable,adapted,1,c4a54cdecc67,2359,7
swift,stream,document,100,68,XMLCoder,0.18.2,262329,247334,729,509663,3812.007060,4043.115787,1962.080826,0,1.00,codable,adapted,1,c4a54cdecc67,2360,8
swift,stream,document,100,68,Foundation.PropertyListEncoder,Foundation,82746,67171,399,149917,12085.176323,14887.376993,6670.357598,0,1.00,codable,adapted,1,c4a54cdecc67,2361,9
swift,stream,document,100,68,FlatBuffers,24.3.25,39710,6533,440,46243,25182.573659,153069.034134,21624.894579,0,1.00,archive,adapted,1,c4a54cdecc67,2362,10
swift,stream,document,100,68,IkigaJSON,2.5.3,55593,39390,448,94983,17987.876171,25387.154100,10528.199783,0,1.00,codable,adapted,1,c4a54cdecc67,2363,11
swift,stream,document,100,68,Foundation.JSONEncoder,Foundation,61740,36532,448,98272,16196.954972,27373.261798,10175.838489,0,1.00,codable,adapted,1,c4a54cdecc67,2364,12
swift,stream,document,100,68,SwiftCbor,0.0.4,86073,42971,332,129044,11618.045148,23271.508692,7749.294814,0,1.00,codable,adapted,1,c4a54cdecc67,2365,13
swift,stream,document,100,69,IkigaJSON,2.5.3,51957,31761,448,83718,19246.684759,31485.154750,11944.862515,0,1.00,codable,adapted,1,c4a54cdecc67,2366,0
swift,stream,document,100,69,Yams,5.4.0,285794,197049,429,482843,3499.023772,5074.879852,2071.066579,0,1.00,codable,adapted,1,c4a54cdecc67,2367,1
swift,stream,document,100,69,CapnProto,capnproto-1.0.2,51684,15646,376,67330,19348.347651,63914.099450,14852.220407,0,1.00,message,adapted,1,c4a54cdecc67,2368,2
swift,stream,document,100,69,BinaryCodable,4.0.0,76412,37021,337,113433,13086.949694,27011.696064,8815.776714,0,1.00,codable,adapted,1,c4a54cdecc67,2369,3
swift,stream,document,100,69,XMLCoder,0.18.2,251763,238802,729,490565,3971.989530,4187.569618,2038.465851,0,1.00,codable,adapted,1,c4a54cdecc67,2370,4
swift,stream,document,100,69,SwiftBSON,3.1.0,100795,68113,525,168908,9921.127040,14681.485179,5920.382694,0,1.00,document,adapted,1,c4a54cdecc67,2371,5
swift,stream,document,100,69,TOML,2.0.0,200491,47892,508,248383,4987.755061,20880.314040,4026.040429,0,1.00,codable,adapted,1,c4a54cdecc67,2372,6
swift,stream,document,100,69,SwiftCbor,0.0.4,82752,39757,332,122509,12084.300077,25152.803280,8162.665600,0,1.00,codable,adapted,1,c4a54cdecc67,2373,7
swift,stream,document,100,69,Foundation.PropertyListEncoder,Foundation,70893,58468,399,129361,14105.765026,17103.372785,7730.305115,0,1.00,codable,adapted,1,c4a54cdecc67,2374,8
swift,stream,document,100,69,Foundation.JSONEncoder,Foundation,56160,32295,448,88455,17806.267806,30964.545595,11305.183427,0,1.00,codable,adapted,1,c4a54cdecc67,2375,9
swift,stream,document,100,69,FlatBuffers,24.3.25,36895,5562,440,42457,27103.943624,179791.441927,23553.242104,0,1.00,archive,adapted,1,c4a54cdecc67,2376,10
swift,stream,document,100,69,SwiftAvroCore,2.3.0,127618,32340,114,159958,7835.885220,30921.459493,6251.641056,0,1.00,schema,adapted,1,c4a54cdecc67,2377,11
swift,stream,document,100,69,SwiftProtobuf,1.38.1,17864,5834,155,23698,55978.504254,171408.981831,42197.653810,0,1.00,message,adapted,1,c4a54cdecc67,2378,12
swift,stream,document,100,69,SwiftMsgpack,1.2.1,75429,37548,329,112977,13257.500431,26632.576968,8851.359126,0,1.00,codable,adapted,1,c4a54cdecc67,2379,13
swift,stream,document,100,70,CapnProto,capnproto-1.0.2,44739,12441,376,57180,22351.863028,80379.390724,17488.632389,0,1.00,message,adapted,1,c4a54cdecc67,2380,0
swift,stream,document,100,70,SwiftProtobuf,1.38.1,15735,4596,155,20331,63552.589768,217580.504787,49185.972161,0,1.00,message,adapted,1,c4a54cdecc67,2381,1
swift,stream,document,100,70,TOML,2.0.0,192016,44649,508,236665,5207.899342,22396.918184,4225.381869,0,1.00,codable,adapted,1,c4a54cdecc67,2382,2
swift,stream,document,100,70,Foundation.JSONEncoder,Foundation,56502,30876,448,87378,17698.488549,32387.614976,11444.528371,0,1.00,codable,adapted,1,c4a54cdecc67,2383,3
swift,stream,document,100,70,SwiftBSON,3.1.0,84632,66073,525,150705,11815.861613,15134.775173,6635.479911,0,1.00,document,adapted,1,c4a54cdecc67,2384,4
swift,stream,document,100,70,SwiftMsgpack,1.2.1,72654,35295,329,107949,13763.867096,28332.625018,9263.633753,0,1.00,codable,adapted,1,c4a54cdecc67,2385,5
swift,stream,document,100,70,IkigaJSON,2.5.3,53769,34933,448,88702,18598.076959,28626.227349,11273.702960,0,1.00,codable,adapted,1,c4a54cdecc67,2386,6
swift,stream,document,100,70,SwiftCbor,0.0.4,78113,38514,332,116627,12801.966382,25964.584307,8574.343848,0,1.00,codable,adapted,1,c4a54cdecc67,2387,7
swift,stream,document,100,70,BinaryCodable,4.0.0,72831,35067,337,107898,13730.416993,28516.839194,9268.012382,0,1.00,codable,adapted,1,c4a54cdecc67,2388,8
swift,stream,document,100,70,SwiftAvroCore,2.3.0,125791,32339,114,158130,7949.694334,30922.415659,6323.910706,0,1.00,schema,adapted,1,c4a54cdecc67,2389,9
swift,stream,document,100,70,Foundation.PropertyListEncoder,Foundation,68397,57022,399,125419,14620.524292,17537.090947,7973.273587,0,1.00,codable,adapted,1,c4a54cdecc67,2390,10
swift,stream,document,100,70,FlatBuffers,24.3.25,36608,5053,440,41661,27316.433566,197902.236295,24003.264444,0,1.00,archive,adapted,1,c4a54cdecc67,2391,11
swift,stream,document,100,70,Yams,5.4.0,287288,188434,429,475722,3480.827602,5306.897906,2102.068015,0,1.00,codable,adapted,1,c4a54cdecc67,2392,12
swift,stream,document,100,70,XMLCoder,0.18.2,244548,235845,729,480393,4089.176767,4240.072929,2081.629000,0,1.00,codable,adapted,1,c4a54cdecc67,2393,13
swift,stream,document,100,71,FlatBuffers,24.3.25,39648,5674,440,45322,25221.953188,176242.509693,22064.339614,0,1.00,archive,adapted,1,c4a54cdecc67,2394,0
swift,stream,document,100,71,XMLCoder,0.18.2,239275,217421,729,456696,4179.291610,4599.371726,2189.640373,0,1.00,codable,adapted,1,c4a54cdecc67,2395,1
swift,stream,document,100,71,SwiftCbor,0.0.4,82015,39379,332,121394,12192.891544,25394.245664,8237.639422,0,1.00,codable,adapted,1,c4a54cdecc67,2396,2
swift,stream,document,100,71,CapnProto,capnproto-1.0.2,44264,12669,376,56933,22591.722393,78932.828163,17564.505647,0,1.00,message,adapted,1,c4a54cdecc67,2397,3
swift,stream,document,100,71,TOML,2.0.0,196986,45536,508,242522,5076.502899,21960.646521,4123.337264,0,1.00,codable,adapted,1,c4a54cdecc67,2398,4
swift,stream,document,100,71,BinaryCodable,4.0.0,73100,35066,337,108166,13679.890561,28517.652427,9245.049276,0,1.00,codable,adapted,1,c4a54cdecc67,2399,5
swift,stream,document,100,71,Foundation.PropertyListEncoder,Foundation,69894,63769,399,133663,14307.379746,15681.600778,7481.501986,0,1.00,codable,adapted,1,c4a54cdecc67,2400,6
swift,stream,document,100,71,Foundation.JSONEncoder,Foundation,56487,31734,448,88221,17703.188344,31511.943026,11335.169631,0,1.00,codable,adapted,1,c4a54cdecc67,2401,7
swift,stream,document,100,71,SwiftProtobuf,1.38.1,17437,5995,155,23432,57349.314676,166805.671393,42676.681461,0,1.00,message,adapted,1,c4a54cdecc67,2402,8
swift,stream,document,100,71,Yams,5.4.0,275133,186667,429,461800,3634.605809,5357.133291,2165.439584,0,1.00,codable,adapted,1,c4a54cdecc67,2403,9
swift,stream,document,100,71,SwiftAvroCore,2.3.0,129614,32194,114,161808,7715.215949,31061.688513,6180.164145,0,1.00,schema,adapted,1,c4a54cdecc67,2404,10
swift,stream,document,100,71,SwiftMsgpack,1.2.1,74676,36741,329,111417,13391.183245,27217.549876,8975.291024,0,1.00,codable,adapted,1,c4a54cdecc67,2405,11
swift,stream,document,100,71,IkigaJSON,2.5.3,53407,35438,448,88845,18724.137285,28218.296744,11255.557431,0,1.00,codable,adapted,1,c4a54cdecc67,2406,12
swift,stream,document,100,71,SwiftBSON,3.1.0,84108,65814,525,149922,11889.475436,15194.335552,6670.135137,0,1.00,document,adapted,1,c4a54cdecc67,2407,13
swift,stream,document,100,72,XMLCoder,0.18.2,244081,231875,729,475956,4097.000586,4312.668464,2101.034549,0,1.00,codable,adapted,1,c4a54cdecc67,2408,0
swift,stream,document,100,72,Foundation.PropertyListEncoder,Foundation,71424,59114,399,130538,14000.896057,16916.466488,7660.604575,0,1.00,codable,adapted,1,c4a54cdecc67,2409,1
swift,stream,document,100,72,SwiftMsgpack,1.2.1,78164,35603,329,113767,12793.613428,28087.520715,8789.895137,0,1.00,codable,adapted,1,c4a54cdecc67,2410,2
swift,stream,document,100,72,SwiftCbor,0.0.4,81016,39534,332,120550,12343.240841,25294.683058,8295.313148,0,1.00,codable,adapted,1,c4a54cdecc67,2411,3
swift,stream,document,100,72,IkigaJSON,2.5.3,51984,33024,448,85008,19236.688212,30281.007752,11763.598720,0,1.00,codable,adapted,1,c4a54cdecc67,2412,4
swift,stream,document,100,72,SwiftProtobuf,1.38.1,17314,5795,155,23109,57756.728659,172562.553926,43273.183608,0,1.00,message,adapted,1,c4a54cdecc67,2413,5
swift,stream,document,100,72,FlatBuffers,24.3.25,37473,5340,440,42813,26685.880501,187265.917603,23357.391447,0,1.00,archive,adapted,1,c4a54cdecc67,2414,6
swift,stream,document,100,72,SwiftAvroCore,2.3.0,127394,31689,114,159083,7849.663249,31556.691596,6286.026791,0,1.00,schema,adapted,1,c4a54cdecc67,2415,7
swift,stream,document,100,72,SwiftBSON,3.1.0,82512,63924,525,146436,12119.449292,15643.576747,6828.921850,0,1.00,document,adapted,1,c4a54cdecc67,2416,8
swift,stream,document,100,72,Foundation.JSONEncoder,Foundation,56499,32302,448,88801,17699.428308,30957.835428,11261.134447,0,1.00,codable,adapted,1,c4a54cdecc67,2417,9
swift,stream,document,100,72,BinaryCodable,4.0.0,72919,40865,337,113784,13713.846871,24470.818549,8788.581874,0,1.00,codable,adapted,1,c4a54cdecc67,2418,10
swift,stream,document,100,72,TOML,2.0.0,194411,45792,508,240203,5143.741866,21837.875611,4163.145340,0,1.00,codable,adapted,1,c4a54cdecc67,2419,11
swift,stream,document,100,72,CapnProto,capnproto-1.0.2,44761,12541,376,57302,22340.877103,79738.457858,17451.397857,0,1.00,message,adapted,1,c4a54cdecc67,2420,12
swift,stream,document,100,72,Yams,5.4.0,273599,186829,429,460428,3654.984119,5352.488104,2171.892239,0,1.00,codable,adapted,1,c4a54cdecc67,2421,13
swift,stream,document,100,73,SwiftProtobuf,1.38.1,17985,6101,155,24086,55601.890464,163907.556138,41517.894212,0,1.00,message,adapted,1,c4a54cdecc67,2422,0
swift,stream,document,100,73,Foundation.JSONEncoder,Foundation,55594,31990,448,87584,17987.552614,31259.768678,11417.610522,0,1.00,codable,adapted,1,c4a54cdecc67,2423,1
swift,stream,document,100,73,XMLCoder,0.18.2,245964,235150,729,481114,4065.635621,4252.604720,2078.509459,0,1.00,codable,adapted,1,c4a54cdecc67,2424,2
swift,stream,document,100,73,SwiftBSON,3.1.0,86329,65728,525,152057,11583.592999,15214.216164,6576.481188,0,1.00,document,adapted,1,c4a54cdecc67,2425,3
swift,stream,document,100,73,SwiftMsgpack,1.2.1,74480,36461,329,110941,13426.423201,27426.565371,9013.800128,0,1.00,codable,adapted,1,c4a54cdecc67,2426,4
swift,stream,document,100,73,TOML,2.0.0,201046,43348,508,244394,4973.986053,23069.115069,4091.753480,0,1.00,codable,adapted,1,c4a54cdecc67,2427,5
swift,stream,document,100,73,Foundation.PropertyListEncoder,Foundation,70463,59197,399,129660,14191.845366,16892.747943,7712.478791,0,1.00,codable,adapted,1,c4a54cdecc67,2428,6
swift,stream,document,100,73,SwiftAvroCore,2.3.0,125895,32204,114,158099,7943.127209,31052.043224,6325.150697,0,1.00,schema,adapted,1,c4a54cdecc67,2429,7
swift,stream,document,100,73,BinaryCodable,4.0.0,73013,35154,337,108167,13696.191089,28446.265005,9244.963806,0,1.00,codable,adapted,1,c4a54cdecc67,2430,8
swift,stream,document,100,73,FlatBuffers,24.3.25,36820,5323,440,42143,27159.152634,187863.986474,23728.733123,0,1.00,archive,adapted,1,c4a54cdecc67,2431,9
swift,stream,document,100,73,Yams,5.4.0,270827,195539,429,466366,3692.394038,5114.069316,2144.238645,0,1.00,codable,adapted,1,c4a54cdecc67,2432,10
swift,stream,document,100,73,CapnProto,capnproto-1.0.2,45116,13396,376,58512,22165.085557,74649.149000,17090.511348,0,1.00,message,adapted,1,c4a54cdecc67,2433,11
swift,stream,document,100,73,SwiftCbor,0.0.4,83755,42282,332,126037,11939.585696,23650.726077,7934.178059,0,1.00,codable,adapted,1,c4a54cdecc67,2434,12
swift,stream,document,100,73,IkigaJSON,2.5.3,55060,36535,448,91595,18162.005085,27371.014096,10917.626508,0,1.00,codable,adapted,1,c4a54cdecc67,2435,13
swift,stream,document,100,74,Foundation.JSONEncoder,Foundation,57830,33303,448,91133,17292.062943,30027.324866,10972.973566,0,1.00,codable,adapted,1,c4a54cdecc67,2436,0
swift,stream,document,100,74,BinaryCodable,4.0.0,73683,34739,337,108422,13571.651534,28786.090561,9223.220380,0,1.00,codable,adapted,1,c4a54cdecc67,2437,1
swift,stream,document,100,74,FlatBuffers,24.3.25,37413,5337,440,42750,26728.677198,187371.182312,23391.812865,0,1.00,archive,adapted,1,c4a54cdecc67,2438,2
swift,stream,document,100,74,Yams,5.4.0,280070,192476,429,472546,3570.535937,5195.452940,2116.196095,0,1.00,codable,adapted,1,c4a54cdecc67,2439,3
swift,stream,document,100,74,Foundation.PropertyListEncoder,Foundation,71772,59883,399,131655,13933.010087,16699.230165,7595.609738,0,1.00,codable,adapted,1,c4a54cdecc67,2440,4
swift,stream,document,100,74,CapnProto,capnproto-1.0.2,43108,12200,376,55308,23197.550339,81967.213115,18080.567007,0,1.00,message,adapted,1,c4a54cdecc67,2441,5
swift,stream,document,100,74,SwiftBSON,3.1.0,87106,67765,525,154871,11480.265424,14756.880395,6456.986783,0,1.00,document,adapted,1,c4a54cdecc67,2442,6
swift,stream,document,100,74,IkigaJSON,2.5.3,53171,34398,448,87569,18807.244551,29071.457643,11419.566285,0,1.00,codable,adapted,1,c4a54cdecc67,2443,7
swift,stream,document,100,74,SwiftProtobuf,1.38.1,17799,6208,155,24007,56182.931625,161082.474227,41654.517432,0,1.00,message,adapted,1,c4a54cdecc67,2444,8
swift,stream,document,100,74,SwiftAvroCore,2.3.0,134731,32260,114,166991,7422.196822,30998.140112,5988.346677,0,1.00,schema,adapted,1,c4a54cdecc67,2445,9
swift,stream,document,100,74,SwiftCbor,0.0.4,85583,40346,332,125929,11684.563523,24785.604521,7940.982617,0,1.00,codable,adapted,1,c4a54cdecc67,2446,10
swift,stream,document,100,74,TOML,2.0.0,199962,48466,508,248428,5000.950181,20633.021087,4025.311157,0,1.00,codable,adapted,1,c4a54cdecc67,2447,11
swift,stream,document,100,74,XMLCoder,0.18.2,256238,250313,729,506551,3902.621781,3994.998262,1974.134885,0,1.00,codable,adapted,1,c4a54cdecc67,2448,12
swift,stream,document,100,74,SwiftMsgpack,1.2.1,82690,40084,329,122774,12093.360745,24947.610019,8145.046997,0,1.00,codable,adapted,1,c4a54cdecc67,2449,13
swift,stream,document,100,75,Foundation.JSONEncoder,Foundation,59816,33610,448,93426,16717.935001,29753.049688,10703.658510,0,1.00,codable,adapted,1,c4a54cdecc67,2450,0
swift,stream,document,100,75,SwiftProtobuf,1.38.1,18164,6224,155,24388,55053.952874,160668.380463,41003.772347,0,1.00,message,adapted,1,c4a54cdecc67,2451,1
swift,stream,document,100,75,Yams,5.4.0,287278,191580,429,478858,3480.948767,5219.751540,2088.301751,0,1.00,codable,adapted,1,c4a54cdecc67,2452,2
swift,stream,document,100,75,TOML,2.0.0,200072,47383,508,247455,4998.200648,21104.615579,4041.138793,0,1.00,codable,adapted,1,c4a54cdecc67,2453,3
swift,stream,document,100,75,FlatBuffers,24.3.25,38683,5792,440,44475,25851.149084,172651.933702,22484.541877,0,1.00,archive,adapted,1,c4a54cdecc67,2454,4
swift,stream,document,100,75,SwiftMsgpack,1.2.1,75442,37615,329,113057,13255.215927,26585.138907,8845.095837,0,1.00,codable,adapted,1,c4a54cdecc67,2455,5
swift,stream,document,100,75,SwiftBSON,3.1.0,87195,68163,525,155358,11468.547508,14670.715784,6436.746096,0,1.00,document,adapted,1,c4a54cdecc67,2456,6
swift,stream,document,100,75,BinaryCodable,4.0.0,80380,37395,337,117775,12440.905698,26741.542987,8490.766292,0,1.00,codable,adapted,1,c4a54cdecc67,2457,7
swift,stream,document,100,75,CapnProto,capnproto-1.0.2,46837,13590,376,60427,21350.641587,73583.517292,16548.893706,0,1.00,message,adapted,1,c4a54cdecc67,2458,8
swift,stream,document,100,75,SwiftCbor,0.0.4,82074,40602,332,122676,12184.126520,24629.328605,8151.553686,0,1.00,codable,adapted,1,c4a54cdecc67,2459,9
swift,stream,document,100,75,IkigaJSON,2.5.3,54480,36110,448,90590,18355.359765,27693.159790,11038.745998,0,1.00,codable,adapted,1,c4a54cdecc67,2460,10
swift,stream,document,100,75,SwiftAvroCore,2.3.0,138607,33693,114,172300,7214.642839,29679.755439,5803.830528,0,1.00,schema,adapted,1,c4a54cdecc67,2461,11
swift,stream,document,100,75,Foundation.PropertyListEncoder,Foundation,72928,63106,399,136034,13712.154454,15846.353754,7351.103401,0,1.00,codable,adapted,1,c4a54cdecc67,2462,12
swift,stream,document,100,75,XMLCoder,0.18.2,254003,241653,729,495656,3936.961374,4138.165055,2017.528286,0,1.00,codable,adapted,1,c4a54cdecc67,2463,13
swift,stream,document,100,76,CapnProto,capnproto-1.0.2,44788,12657,376,57445,22327.409127,79007.663743,17407.955436,0,1.00,message,adapted,1,c4a54cdecc67,2464,0
swift,stream,document,100,76,IkigaJSON,2.5.3,53530,36384,448,89914,18681.113394,27484.608619,11121.738550,0,1.00,codable,adapted,1,c4a54cdecc67,2465,1
swift,stream,document,100,76,SwiftMsgpack,1.2.1,80294,38883,329,119177,12454.230702,25718.180182,8390.880791,0,1.00,codable,adapted,1,c4a54cdecc67,2466,2
swift,stream,document,100,76,SwiftProtobuf,1.38.1,19133,6435,155,25568,52265.718915,155400.155400,39111.389237,0,1.00,message,adapted,1,c4a54cdecc67,2467,3
swift,stream,document,100,76,Foundation.PropertyListEncoder,Foundation,70033,57631,399,127664,14278.982765,17351.772484,7833.061787,0,1.00,codable,adapted,1,c4a54cdecc67,2468,4
swift,stream,document,100,76,Yams,5.4.0,282231,190605,429,472836,3543.196885,5246.452087,2114.898189,0,1.00,codable,adapted,1,c4a54cdecc67,2469,5
swift,stream,document,100,76,SwiftCbor,0.0.4,82702,41149,332,123851,12091.606007,24301.927143,8074.218214,0,1.00,codable,adapted,1,c4a54cdecc67,2470,6
swift,stream,document,100,76,SwiftBSON,3.1.0,87362,71933,525,159295,11446.624390,13901.825310,6277.660944,0,1.00,document,adapted,1,c4a54cdecc67,2471,7
swift,stream,document,100,76,FlatBuffers,24.3.25,38499,5905,440,44404,25974.700642,169348.010161,22520.493649,0,1.00,archive,adapted,1,c4a54cdecc67,2472,8
swift,stream,document,100,76,XMLCoder,0.18.2,255663,239150,729,494813,3911.398990,4181.476061,2020.965496,0,1.00,codable,adapted,1,c4a54cdecc67,2473,9
swift,stream,document,100,76,BinaryCodable,4.0.0,77937,37581,337,115518,12830.876221,26609.190815,8656.659568,0,1.00,codable,adapted,1,c4a54cdecc67,2474,10
swift,stream,document,100,76,SwiftAvroCore,2.3.0,136118,33102,114,169220,7346.566949,30209.655006,5909.466966,0,1.00,schema,adapted,1,c4a54cdecc67,2475,11
swift,stream,document,100,76,TOML,2.0.0,205403,50162,508,255565,4868.478065,19935.409274,3912.898871,0,1.00,codable,adapted,1,c4a54cdecc67,2476,12
swift,stream,document,100,76,Foundation.JSONEncoder,Foundation,61765,35947,448,97712,16190.399093,27818.733135,10234.157524,0,1.00,codable,adapted,1,c4a54cdecc67,2477,13
swift,stream,document,100,77,SwiftProtobuf,1.38.1,18281,6354,155,24635,54701.602757,157381.177211,40592.652730,0,1.00,message,adapted,1,c4a54cdecc67,2478,0
swift,stream,document,100,77,SwiftBSON,3.1.0,86276,67175,525,153451,11590.708888,14886.490510,6516.738242,0,1.00,document,adapted,1,c4a54cdecc67,2479,1
swift,stream,document,100,77,SwiftMsgpack,1.2.1,78348,37356,329,115704,12763.567672,26769.461398,8642.743553,0,1.00,codable,adapted,1,c4a54cdecc67,2480,2
swift,stream,document,100,77,Foundation.JSONEncoder,Foundation,53315,29082,448,82397,18756.447529,34385.530569,12136.364188,0,1.00,codable,adapted,1,c4a54cdecc67,2481,3
swift,stream,document,100,77,XMLCoder,0.18.2,250255,241054,729,491309,3995.924157,4148.448066,2035.378957,0,1.00,codable,adapted,1,c4a54cdecc67,2482,4
swift,stream,document,100,77,TOML,2.0.0,196126,45603,508,241729,5098.763040,21928.381905,4136.864009,0,1.00,codable,adapted,1,c4a54cdecc67,2483,5
swift,stream,document,100,77,Yams,5.4.0,272274,192325,429,464599,3672.770812,5199.532042,2152.393785,0,1.00,codable,adapted,1,c4a54cdecc67,2484,6
swift,stream,document,100,77,IkigaJSON,2.5.3,60129,36260,448,96389,16630.910210,27578.599007,10374.627810,0,1.00,codable,adapted,1,c4a54cdecc67,2485,7
swift,stream,document,100,77,FlatBuffers,24.3.25,37196,5569,440,42765,26884.611249,179565.451607,23383.608091,0,1.00,archive,adapted,1,c4a54cdecc67,2486,8
swift,stream,document,100,77,Foundation.PropertyListEncoder,Foundation,79686,59417,399,139103,12549.255829,16830.200111,7188.917565,0,1.00,codable,adapted,1,c4a54cdecc67,2487,9
swift,stream,document,100,77,SwiftAvroCore,2.3.0,129438,31098,114,160536,7725.706516,32156.408772,6229.132406,0,1.00,schema,adapted,1,c4a54cdecc67,2488,10
swift,stream,document,100,77,CapnProto,capnproto-1.0.2,45687,13217,376,58904,21888.064438,75660.134675,16976.775771,0,1.00,message,adapted,1,c4a54cdecc67,2489,11
swift,stream,document,100,77,SwiftCbor,0.0.4,81205,40900,332,122105,12314.512653,24449.877751,8189.672823,0,1.00,codable,adapted,1,c4a54cdecc67,2490,12
swift,stream,document,100,77,BinaryCodable,4.0.0,74371,36185,337,110556,13446.101303,27635.760674,9045.189768,0,1.00,codable,adapted,1,c4a54cdecc67,2491,13
swift,stream,document,100,78,XMLCoder,0.18.2,244726,243944,729,488670,4086.202529,4099.301479,2046.370761,0,1.00,codable,adapted,1,c4a54cdecc67,2492,0
swift,stream,document,100,78,SwiftMsgpack,1.2.1,76648,37365,329,114013,13046.654838,26763.013515,8770.929631,0,1.00,codable,adapted,1,c4a54cdecc67,2493,1
swift,stream,document,100,78,Yams,5.4.0,278558,189522,429,468080,3589.916642,5276.432288,2136.386942,0,1.00,codable,adapted,1,c4a54cdecc67,2494,2
swift,stream,document,100,78,Foundation.JSONEncoder,Foundation,57095,32934,448,90029,17514.668535,30363.757819,11107.532017,0,1.00,codable,adapted,1,c4a54cdecc67,2495,3
swift,stream,document,100,78,Foundation.PropertyListEncoder,Foundation,67544,57749,399,125293,14805.164041,17316.317166,7981.291852,0,1.00,codable,adapted,1,c4a54cdecc67,2496,4
swift,stream,document,100,78,SwiftProtobuf,1.38.1,17780,5986,155,23766,56242.969629,167056.465085,42076.916604,0,1.00,message,adapted,1,c4a54cdecc67,2497,5
swift,stream,document,100,78,BinaryCodable,4.0.0,71430,34640,337,106070,13999.720006,28868.360277,9427.736400,0,1.00,codable,adapted,1,c4a54cdecc67,2498,6
swift,stream,document,100,78,TOML,2.0.0,195603,45432,508,241035,5112.396027,22010.917415,4148.775074,0,1.00,codable,adapted,1,c4a54cdecc67,2499,7
swift,stream,document,100,78,IkigaJSON,2.5.3,53147,35495,448,88642,18815.737483,28172.982110,11281.333905,0,1.00,codable,adapted,1,c4a54cdecc67,2500,8
swift,stream,document,100,78,SwiftCbor,0.0.4,83052,39341,332,122393,12040.649232,25418.774307,8170.401902,0,1.00,codable,adapted,1,c4a54cdecc67,2501,9
swift,stream,document,100,78,SwiftAvroCore,2.3.0,126071,32669,114,158740,7932.038296,30610.058465,6299.609424,0,1.00,schema,adapted,1,c4a54cdecc67,2502,10
swift,stream,document,100,78,CapnProto,capnproto-1.0.2,43212,12258,376,55470,23141.719893,81579.376734,18027.762755,0,1.00,message,adapted,1,c4a54cdecc67,2503,11
swift,stream,document,100,78,SwiftBSON,3.1.0,84713,66010,525,150723,11804.563644,15149.219815,6634.687473,0,1.00,document,adapted,1,c4a54cdecc67,2504,12
swift,stream,document,100,78,FlatBuffers,24.3.25,36514,5026,440,41540,27386.755765,198965.380024,24073.182475,0,1.00,archive,adapted,1,c4a54cdecc67,2505,13
swift,stream,document,100,79,TOML,2.0.0,191925,44935,508,236860,5210.368634,22254.367420,4221.903234,0,1.00,codable,adapted,1,c4a54cdecc67,2506,0
swift,stream,document,100,79,CapnProto,capnproto-1.0.2,37584,9352,376,46936,26607.066837,106928.999145,21305.607636,0,1.00,message,adapted,1,c4a54cdecc67,2507,1
swift,stream,document,100,79,FlatBuffers,24.3.25,35837,4339,440,40176,27904.121439,230467.849735,24890.481880,0,1.00,archive,adapted,1,c4a54cdecc67,2508,2
swift,stream,document,100,79,SwiftProtobuf,1.38.1,17044,5663,155,22707,58671.673316,176584.849020,44039.283040,0,1.00,message,adapted,1,c4a54cdecc67,2509,3
swift,stream,document,100,79,Foundation.PropertyListEncoder,Foundation,72861,58841,399,131702,13724.763591,16994.952499,7592.899121,0,1.00,codable,adapted,1,c4a54cdecc67,2510,4
swift,stream,document,100,79,XMLCoder,0.18.2,250699,240954,729,491653,3988.847183,4150.169742,2033.954842,0,1.00,codable,adapted,1,c4a54cdecc67,2511,5
swift,stream,document,100,79,Yams,5.4.0,277775,192536,429,470311,3600.036000,5193.833880,2126.252629,0,1.00,codable,adapted,1,c4a54cdecc67,2512,6
swift,stream,document,100,79,SwiftCbor,0.0.4,81697,41205,332,122902,12240.351543,24268.899405,8136.564092,0,1.00,codable,adapted,1,c4a54cdecc67,2513,7
swift,stream,document,100,79,Foundation.JSONEncoder,Foundation,57285,32968,448,90253,17456.576765,30332.443582,11079.964101,0,1.00,codable,adapted,1,c4a54cdecc67,2514,8
swift,stream,document,100,79,SwiftAvroCore,2.3.0,135375,30921,114,166296,7386.888273,32340.480580,6013.373743,0,1.00,schema,adapted,1,c4a54cdecc67,2515,9
swift,stream,document,100,79,IkigaJSON,2.5.3,55955,35039,448,90994,17871.503887,28539.627272,10989.735587,0,1.00,codable,adapted,1,c4a54cdecc67,2516,10
swift,stream,document,100,79,SwiftBSON,3.1.0,83106,64237,525,147343,12032.825548,15567.352149,6786.885023,0,1.00,document,adapted,1,c4a54cdecc67,2517,11
swift,stream,document,100,79,BinaryCodable,4.0.0,72685,35251,337,107936,13757.996836,28367.989561,9264.749481,0,1.00,codable,adapted,1,c4a54cdecc67,2518,12
swift,stream,document,100,79,SwiftMsgpack,1.2.1,74534,37694,329,112228,13416.695736,26529.421128,8910.432334,0,1.00,codable,adapted,1,c4a54cdecc67,2519,13
swift,stream,document,100,80,IkigaJSON,2.5.3,51420,32474,448,83894,19447.685725,30793.865862,11919.803562,0,1.00,codable,adapted,1,c4a54cdecc67,2520,0
swift,stream,document,100,80,XMLCoder,0.18.2,243982,234048,729,478030,4098.663016,4272.627837,2091.918917,0,1.00,codable,adapted,1,c4a54cdecc67,2521,1
swift,stream,document,100,80,SwiftMsgpack,1.2.1,72732,35882,329,108614,13749.106308,27869.126582,9206.916235,0,1.00,codable,adapted,1,c4a54cdecc67,2522,2
swift,stream,document,100,80,Foundation.JSONEncoder,Foundation,58870,33281,448,92151,16986.580601,30047.174063,10851.754186,0,1.00,codable,adapted,1,c4a54cdecc67,2523,3
swift,stream,document,100,80,CapnProto,capnproto-1.0.2,50312,13576,376,63888,19875.973923,73659.398939,15652.391685,0,1.00,message,adapted,1,c4a54cdecc67,2524,4
swift,stream,document,100,80,SwiftBSON,3.1.0,85064,67396,525,152460,11755.854415,14837.675826,6559.097468,0,1.00,document,adapted,1,c4a54cdecc67,2525,5
swift,stream,document,100,80,Foundation.PropertyListEncoder,Foundation,68222,59828,399,128050,14658.028202,16714.581801,7809.449434,0,1.00,codable,adapted,1,c4a54cdecc67,2526,6
swift,stream,document,100,80,BinaryCodable,4.0.0,72257,34970,337,107227,13839.489600,28595.939377,9326.009307,0,1.00,codable,adapted,1,c4a54cdecc67,2527,7
swift,stream,document,100,80,SwiftProtobuf,1.38.1,17594,5937,155,23531,56837.558258,168435.236652,42497.131444,0,1.00,message,adapted,1,c4a54cdecc67,2528,8
swift,stream,document,100,80,FlatBuffers,24.3.25,37093,5347,440,42440,26959.264551,187020.759304,23562.676720,0,1.00,archive,adapted,1,c4a54cdecc67,2529,9
swift,stream,document,100,80,SwiftAvroCore,2.3.0,128852,32280,114,161132,7760.841896,30978.934325,6206.091900,0,1.00,schema,adapted,1,c4a54cdecc67,2530,10
swift,stream,document,100,80,Yams,5.4.0,282551,186760,429,469311,3539.184077,5354.465624,2130.783212,0,1.00,codable,adapted,1,c4a54cdecc67,2531,11
swift,stream,document,100,80,TOML,2.0.0,195044,47511,508,242555,5127.048256,21047.757361,4122.776278,0,1.00,codable,adapted,1,c4a54cdecc67,2532,12
swift,stream,document,100,80,SwiftCbor,0.0.4,80542,39927,332,120469,12415.882397,25045.708418,8300.890686,0,1.00,codable,adapted,1,c4a54cdecc67,2533,13
swift,stream,document,100,81,XMLCoder,0.18.2,243517,239625,729,483142,4106.489485,4173.187272,2069.784867,0,1.00,codable,adapted,1,c4a54cdecc67,2534,0
swift,stream,document,100,81,FlatBuffers,24.3.25,38057,5958,440,44015,26276.374911,167841.557570,22719.527434,0,1.00,archive,adapted,1,c4a54cdecc67,2535,1
swift,stream,document,100,81,IkigaJSON,2.5.3,52081,34850,448,86931,19200.860199,28694.404591,11503.376241,0,1.00,codable,adapted,1,c4a54cdecc67,2536,2
swift,stream,document,100,81,SwiftAvroCore,2.3.0,125733,31580,114,157313,7953.361488,31665.611146,6356.753733,0,1.00,schema,adapted,1,c4a54cdecc67,2537,3
swift,stream,document,100,81,SwiftMsgpack,1.2.1,73049,37230,329,110279,13689.441334,26860.059092,9067.909575,0,1.00,codable,adapted,1,c4a54cdecc67,2538,4
swift,stream,document,100,81,CapnProto,capnproto-1.0.2,43733,12230,376,55963,22866.027942,81766.148814,17868.949127,0,1.00,message,adapted,1,c4a54cdecc67,2539,5
swift,stream,document,100,81,SwiftProtobuf,1.38.1,17522,5932,155,23454,57071.110604,168577.208361,42636.650465,0,1.00,message,adapted,1,c4a54cdecc67,2540,6
swift,stream,document,100,81,Foundation.JSONEncoder,Foundation,56712,33018,448,89730,17632.952462,30286.510388,11144.544745,0,1.00,codable,adapted,1,c4a54cdecc67,2541,7
swift,stream,document,100,81,SwiftBSON,3.1.0,88390,66431,525,154821,11313.497002,15053.213108,6459.072090,0,1.00,document,adapted,1,c4a54cdecc67,2542,8
swift,stream,document,100,81,Yams,5.4.0,279664,191998,429,471662,3575.719435,5208.387587,2120.162320,0,1.00,codable,adapted,1,c4a54cdecc67,2543,9
swift,stream,document,100,81,BinaryCodable,4.0.0,75036,36365,337,111401,13326.936404,27498.968789,8976.580103,0,1.00,codable,adapted,1,c4a54cdecc67,2544,10
swift,stream,document,100,81,Foundation.PropertyListEncoder,Foundation,69832,61596,399,131428,14320.082484,16234.820443,7608.728734,0,1.00,codable,adapted,1,c4a54cdecc67,2545,11
swift,stream,document,100,81,TOML,2.0.0,204095,47879,508,251974,4899.679071,20885.983417,3968.663434,0,1.00,codable,adapted,1,c4a54cdecc67,2546,12
swift,stream,document,100,81,SwiftCbor,0.0.4,81850,40900,332,122750,12217.470984,24449.877751,8146.639511,0,1.00,codable,adapted,1,c4a54cdecc67,2547,13
swift,stream,document,100,82,BinaryCodable,4.0.0,73081,34810,337,107891,13683.447134,28727.377190,9268.613693,0,1.00,codable,adapted,1,c4a54cdecc67,2548,0
swift,stream,document,100,82,SwiftMsgpack,1.2.1,74431,38299,329,112730,13435.262189,26110.342307,8870.753127,0,1.00,codable,adapted,1,c4a54cdecc67,2549,1
swift,stream,document,100,82,Foundation.JSONEncoder,Foundation,58193,32654,448,90847,17184.197412,30624.119557,11007.518135,0,1.00,codable,adapted,1,c4a54cdecc67,2550,2
swift,stream,document,100,82,FlatBuffers,24.3.25,37879,5843,440,43722,26399.852161,171144.959781,22871.780797,0,1.00,archive,adapted,1,c4a54cdecc67,2551,3
swift,stream,document,100,82,TOML,2.0.0,194102,44009,508,238111,5151.930428,22722.624918,4199.721978,0,1.00,codable,adapted,1,c4a54cdecc67,2552,4
swift,stream,document,100,82,SwiftBSON,3.1.0,86903,67483,525,154386,11507.082609,14818.546893,6477.271255,0,1.00,document,adapted,1,c4a54cdecc67,2553,5
swift,stream,document,100,82,SwiftCbor,0.0.4,79200,39708,332,118908,12626.262626,25183.842047,8409.863087,0,1.00,codable,adapted,1,c4a54cdecc67,2554,6
swift,stream,document,100,82,CapnProto,capnproto-1.0.2,44588,12840,376,57428,22427.558984,77881.619938,17413.108588,0,1.00,message,adapted,1,c4a54cdecc67,2555,7
swift,stream,document,100,82,Yams,5.4.0,280215,192592,429,472807,3568.688329,5192.323669,2115.027908,0,1.00,codable,adapted,1,c4a54cdecc67,2556,8
swift,stream,document,100,82,XMLCoder,0.18.2,256617,248541,729,505158,3896.857963,4023.481035,1979.578666,0,1.00,codable,adapted,1,c4a54cdecc67,2557,9
swift,stream,document,100,82,SwiftProtobuf,1.38.1,20828,6483,155,27311,48012.291147,154249.575814,36615.283219,0,1.00,message,adapted,1,c4a54cdecc67,2558,10
swift,stream,document,100,82,SwiftAvroCore,2.3.0,132397,33168,114,165565,7553.041232,30149.541727,6039.923897,0,1.00,schema,adapted,1,c4a54cdecc67,2559,11
swift,stream,document,100,82,IkigaJSON,2.5.3,53673,36409,448,90082,18631.341643,27465.736494,11100.996870,0,1.00,codable,adapted,1,c4a54cdecc67,2560,12
swift,stream,document,100,82,Foundation.PropertyListEncoder,Foundation,69629,61201,399,130830,14361.831995,16339.602294,7643.506841,0,1.00,codable,adapted,1,c4a54cdecc67,2561,13
swift,stream,document,100,83,BinaryCodable,4.0.0,79214,36354,337,115568,12624.031106,27507.289432,8652.914302,0,1.00,codable,adapted,1,c4a54cdecc67,2562,0
swift,stream,document,100,83,IkigaJSON,2.5.3,51305,31507,448,82812,19491.277653,31738.978640,12075.544607,0,1.00,codable,adapted,1,c4a54cdecc67,2563,1
swift,stream,document,100,83,SwiftProtobuf,1.38.1,16685,5335,155,22020,59934.072520,187441.424555,45413.260672,0,1.00,message,adapted,1,c4a54cdecc67,2564,2
swift,stream,document,100,83,Yams,5.4.0,278958,185492,429,464450,3584.769033,5391.068078,2153.084293,0,1.00,codable,adapted,1,c4a54cdecc67,2565,3
swift,stream,document,100,83,FlatBuffers,24.3.25,37418,5437,440,42855,26725.105564,183924.958617,23334.500058,0,1.00,archive,adapted,1,c4a54cdecc67,2566,4
swift,stream,document,100,83,CapnProto,capnproto-1.0.2,42358,11891,376,54249,23608.291232,84097.216382,18433.519512,0,1.00,message,adapted,1,c4a54cdecc67,2567,5
swift,stream,document,100,83,TOML,2.0.0,200105,46821,508,246926,4997.376377,21357.937678,4049.796295,0,1.00,codable,adapted,1,c4a54cdecc67,2568,6
swift,stream,document,100,83,SwiftAvroCore,2.3.0,122812,31111,114,153923,8142.526789,32142.971939,6496.754871,0,1.00,schema,adapted,1,c4a54cdecc67,2569,7
swift,stream,document,100,83,XMLCoder,0.18.2,245812,256311,729,502123,4068.149643,3901.510275,1991.543905,0,1.00,codable,adapted,1,c4a54cdecc67,2570,8
swift,stream,document,100,83,SwiftMsgpack,1.2.1,93546,37440,329,130986,10689.927950,26709.401709,7634.403677,0,1.00,codable,adapted,1,c4a54cdecc67,2571,9
swift,stream,document,100,83,SwiftBSON,3.1.0,108599,70797,525,179396,9208.187921,14124.892298,5574.260296,0,1.00,document,adapted,1,c4a54cdecc67,2572,10
swift,stream,document,100,83,Foundation.JSONEncoder,Foundation,61036,33356,448,94392,16383.773511,29979.613863,10594.118146,0,1.00,codable,adapted,1,c4a54cdecc67,2573,11
swift,stream,document,100,83,SwiftCbor,0.0.4,79096,39401,332,118497,12642.864367,25380.066496,8439.032212,0,1.00,codable,adapted,1,c4a54cdecc67,2574,12
swift,stream,document,100,83,Foundation.PropertyListEncoder,Foundation,68713,59038,399,127751,14553.286860,16938.243165,7827.727376,0,1.00,codable,adapted,1,c4a54cdecc67,2575,13
swift,stream,document,100,84,Foundation.JSONEncoder,Foundation,52448,28487,448,80935,19066.503966,35103.731527,12355.593995,0,1.00,codable,adapted,1,c4a54cdecc67,2576,0
swift,stream,document,100,84,SwiftProtobuf,1.38.1,17344,5872,155,23216,57656.826568,170299.727520,43073.742247,0,1.00,message,adapted,1,c4a54cdecc67,2577,1
swift,stream,document,100,84,IkigaJSON,2.5.3,51613,35395,448,87008,19374.963672,28252.578048,11493.196028,0,1.00,codable,adapted,1,c4a54cdecc67,2578,2
swift,stream,document,100,84,SwiftAvroCore,2.3.0,130400,32618,114,163018,7668.711656,30657.918940,6134.291919,0,1.00,schema,adapted,1,c4a54cdecc67,2579,3
swift,stream,document,100,84,SwiftMsgpack,1.2.1,72786,36122,329,108908,13738.905834,27683.959914,9182.061924,0,1.00,codable,adapted,1,c4a54cdecc67,2580,4
swift,stream,document,100,84,BinaryCodable,4.0.0,75103,34783,337,109886,13315.047335,28749.676566,9100.340353,0,1.00,codable,adapted,1,c4a54cdecc67,2581,5
swift,stream,document,100,84,SwiftCbor,0.0.4,78937,37926,332,116863,12668.330441,26367.136002,8557.028315,0,1.00,codable,adapted,1,c4a54cdecc67,2582,6
swift,stream,document,100,84,FlatBuffers,24.3.25,37549,5472,440,43021,26631.867693,182748.538012,23244.462007,0,1.00,archive,adapted,1,c4a54cdecc67,2583,7
swift,stream,document,100,84,Foundation.PropertyListEncoder,Foundation,65779,55637,399,121416,15202.420225,17973.650628,8236.146801,0,1.00,codable,adapted,1,c4a54cdecc67,2584,8
swift,stream,document,100,84,Yams,5.4.0,275073,195079,429,470152,3635.398603,5126.128389,2126.971703,0,1.00,codable,adapted,1,c4a54cdecc67,2585,9
swift,stream,document,100,84,SwiftBSON,3.1.0,84835,65844,525,150679,11787.587670,15187.412672,6636.624878,0,1.00,document,adapted,1,c4a54cdecc67,2586,10
swift,stream,document,100,84,TOML,2.0.0,198950,59853,508,258803,5026.388540,16707.600287,3863.942845,0,1.00,codable,adapted,1,c4a54cdecc67,2587,11
swift,stream,document,100,84,CapnProto,capnproto-1.0.2,45532,13000,376,58532,21962.575771,76923.076923,17084.671633,0,1.00,message,adapted,1,c4a54cdecc67,2588,12
swift,stream,document,100,84,XMLCoder,0.18.2,297288,257836,729,555124,3363.741557,3878.434354,1801.399327,0,1.00,codable,adapted,1,c4a54cdecc67,2589,13
swift,stream,document,100,85,BinaryCodable,4.0.0,76252,36617,337,112869,13114.410114,27309.719529,8859.828651,0,1.00,codable,adapted,1,c4a54cdecc67,2590,0
swift,stream,document,100,85,SwiftAvroCore,2.3.0,128376,32746,114,161122,7789.617997,30538.080987,6206.477079,0,1.00,schema,adapted,1,c4a54cdecc67,2591,1
swift,stream,document,100,85,IkigaJSON,2.5.3,52548,35243,448,87791,19030.219989,28374.428965,11390.689251,0,1.00,codable,adapted,1,c4a54cdecc67,2592,2
swift,stream,document,100,85,SwiftProtobuf,1.38.1,17595,5961,155,23556,56834.327934,167757.087737,42452.029207,0,1.00,message,adapted,1,c4a54cdecc67,2593,3
swift,stream,document,100,85,Foundation.PropertyListEncoder,Foundation,68796,59608,399,128404,14535.728821,16776.271641,7787.919379,0,1.00,codable,adapted,1,c4a54cdecc67,2594,4
swift,stream,document,100,85,Foundation.JSONEncoder,Foundation,56354,32030,448,88384,17744.969301,31220.730565,11314.265025,0,1.00,codable,adapted,1,c4a54cdecc67,2595,5
swift,stream,document,100,85,SwiftCbor,0.0.4,87081,39981,332,127062,11483.561282,25011.880643,7870.173616,0,1.00,codable,adapted,1,c4a54cdecc67,2596,6
swift,stream,document,100,85,TOML,2.0.0,196978,46160,508,243138,5076.709074,21663.778163,4112.890622,0,1.00,codable,adapted,1,c4a54cdecc67,2597,7
swift,stream,document,100,85,SwiftMsgpack,1.2.1,77369,37268,329,114637,12925.073350,26832.671461,8723.187104,0,1.00,codable,adapted,1,c4a54cdecc67,2598,8
swift,stream,document,100,85,XMLCoder,0.18.2,253301,238102,729,491403,3947.872294,4199.880723,2034.989611,0,1.00,codable,adapted,1,c4a54cdecc67,2599,9
swift,stream,document,100,85,CapnProto,capnproto-1.0.2,47396,13005,376,60401,21098.826905,76893.502499,16556.017284,0,1.00,message,adapted,1,c4a54cdecc67,2600,10
swift,stream,document,100,85,SwiftBSON,3.1.0,88409,67710,525,156119,11311.065615,14768.867228,6405.370262,0,1.00,document,adapted,1,c4a54cdecc67,2601,11
swift,stream,document,100,85,Yams,5.4.0,279237,193254,429,472491,3581.187307,5174.537138,2116.442430,0,1.00,codable,adapted,1,c4a54cdecc67,2602,12
swift,stream,document,100,85,FlatBuffers,24.3.25,38885,5471,440,44356,25716.857400,182781.941144,22544.864280,0,1.00,archive,adapted,1,c4a54cdecc67,2603,13
swift,stream,document,100,86,BinaryCodable,4.0.0,74533,36054,337,110587,13416.875746,27736.173518,9042.654200,0,1.00,codable,adapted,1,c4a54cdecc67,2604,0
swift,stream,document,100,86,FlatBuffers,24.3.25,41312,4585,440,45897,24206.041828,218102.508179,21787.916422,0,1.00,archive,adapted,1,c4a54cdecc67,2605,1
swift,stream,document,100,86,Yams,5.4.0,268227,185432,429,453659,3728.185455,5392.812460,2204.298824,0,1.00,codable,adapted,1,c4a54cdecc67,2606,2
swift,stream,document,100,86,SwiftBSON,3.1.0,84903,64536,525,149439,11778.146826,15495.227470,6691.693601,0,1.00,document,adapted,1,c4a54cdecc67,2607,3
swift,stream,document,100,86,TOML,2.0.0,199879,47953,508,247832,5003.026831,20853.752633,4034.991446,0,1.00,codable,adapted,1,c4a54cdecc67,2608,4
swift,stream,document,100,86,SwiftProtobuf,1.38.1,19225,6203,155,25428,52015.604681,161212.316621,39326.726443,0,1.00,message,adapted,1,c4a54cdecc67,2609,5
swift,stream,document,100,86,SwiftCbor,0.0.4,82749,40467,332,123216,12084.738184,24711.493316,8115.829113,0,1.00,codable,adapted,1,c4a54cdecc67,2610,6
swift,stream,document,100,86,Foundation.PropertyListEncoder,Foundation,70937,61759,399,132696,14097.015662,16191.972020,7536.022186,0,1.00,codable,adapted,1,c4a54cdecc67,2611,7
swift,stream,document,100,86,SwiftAvroCore,2.3.0,130792,32901,114,163693,7645.727567,30394.212942,6108.996719,0,1.00,schema,adapted,1,c4a54cdecc67,2612,8
swift,stream,document,100,86,Foundation.JSONEncoder,Foundation,57505,32961,448,90466,17389.792192,30338.885349,11053.876595,0,1.00,codable,adapted,1,c4a54cdecc67,2613,9
swift,stream,document,100,86,CapnProto,capnproto-1.0.2,44011,12441,376,56452,22721.592329,80379.390724,17714.164246,0,1.00,message,adapted,1,c4a54cdecc67,2614,10
swift,stream,document,100,86,SwiftMsgpack,1.2.1,76163,38147,329,114310,13129.734911,26214.381210,8748.141020,0,1.00,codable,adapted,1,c4a54cdecc67,2615,11
swift,stream,document,100,86,IkigaJSON,2.5.3,54722,35723,448,90445,18274.185885,27993.169667,11056.443142,0,1.00,codable,adapted,1,c4a54cdecc67,2616,12
swift,stream,document,100,86,XMLCoder,0.18.2,259707,241504,729,501211,3850.493056,4140.718166,1995.167704,0,1.00,codable,adapted,1,c4a54cdecc67,2617,13
swift,stream,document,100,87,SwiftMsgpack,1.2.1,76805,36534,329,113339,13019.985678,27371.763289,8823.088257,0,1.00,codable,adapted,1,c4a54cdecc67,2618,0
swift,stream,document,100,87,SwiftAvroCore,2.3.0,130279,32345,114,162624,7675.834171,30916.679549,6149.153876,0,1.00,schema,adapted,1,c4a54cdecc67,2619,1
swift,stream,document,100,87,XMLCoder,0.18.2,252193,229960,729,482153,3965.217115,4348.582362,2074.030443,0,1.00,codable,adapted,1,c4a54cdecc67,2620,2
swift,stream,document,100,87,SwiftProtobuf,1.38.1,20871,6373,155,27244,47913.372622,156911.972383,36705.329614,0,1.00,message,adapted,1,c4a54cdecc67,2621,3
swift,stream,document,100,87,BinaryCodable,4.0.0,74525,36590,337,111115,13418.316001,27329.871550,8999.685011,0,1.00,codable,adapted,1,c4a54cdecc67,2622,4
swift,stream,document,100,87,Foundation.JSONEncoder,Foundation,57514,33185,448,90699,17387.070974,30134.096730,11025.479884,0,1.00,codable,adapted,1,c4a54cdecc67,2623,5
swift,stream,document,100,87,TOML,2.0.0,202458,48460,508,250918,4939.296052,20635.575733,3985.365737,0,1.00,codable,adapted,1,c4a54cdecc67,2624,6
swift,stream,document,100,87,IkigaJSON,2.5.3,54604,36730,448,91334,18313.676654,27225.701062,10948.825191,0,1.00,codable,adapted,1,c4a54cdecc67,2625,7
swift,stream,document,100,87,Foundation.PropertyListEncoder,Foundation,79319,61123,399,140442,12607.319810,16360.453512,7120.377095,0,1.00,codable,adapted,1,c4a54cdecc67,2626,8
swift,stream,document,100,87,SwiftCbor,0.0.4,82018,41347,332,123365,12192.445561,24185.551552,8106.026831,0,1.00,codable,adapted,1,c4a54cdecc67,2627,9
swift,stream,document,100,87,Yams,5.4.0,283510,194815,429,478325,3527.212444,5133.074969,2090.628757,0,1.00,codable,adapted,1,c4a54cdecc67,2628,10
swift,stream,document,100,87,CapnProto,capnproto-1.0.2,48084,13943,376,62027,20796.938691,71720.576633,16122.011382,0,1.00,message,adapted,1,c4a54cdecc67,2629,11
swift,stream,document,100,87,SwiftBSON,3.1.0,89825,73677,525,163502,11132.758141,13572.756763,6116.133136,0,1.00,document,adapted,1,c4a54cdecc67,2630,12
swift,stream,document,100,87,FlatBuffers,24.3.25,38415,5527,440,43942,26031.498113,180929.980098,22757.270948,0,1.00,archive,adapted,1,c4a54cdecc67,2631,13
swift,stream,document,100,88,IkigaJSON,2.5.3,53800,34772,448,88572,18587.360595,28758.771425,11290.249740,0,1.00,codable,adapted,1,c4a54cdecc67,2632,0
swift,stream,document,100,88,SwiftBSON,3.1.0,80483,61665,525,142148,12424.984158,16216.654504,7034.921350,0,1.00,document,adapted,1,c4a54cdecc67,2633,1
swift,stream,document,100,88,XMLCoder,0.18.2,252106,245639,729,497745,3966.585484,4071.014782,2009.060864,0,1.00,codable,adapted,1,c4a54cdecc67,2634,2
swift,stream,document,100,88,SwiftAvroCore,2.3.0,147920,34075,114,181995,6760.411033,29347.028613,5494.656447,0,1.00,schema,adapted,1,c4a54cdecc67,2635,3
swift,stream,document,100,88,Yams,5.4.0,285906,192569,429,478475,3497.653075,5192.943828,2089.973353,0,1.00,codable,adapted,1,c4a54cdecc67,2636,4
swift,stream,document,100,88,SwiftProtobuf,1.38.1,20593,6510,155,27103,48560.190356,153609.831029,36896.284544,0,1.00,message,adapted,1,c4a54cdecc67,2637,5
swift,stream,document,100,88,CapnProto,capnproto-1.0.2,44492,12783,376,57275,22475.950733,78228.897755,17459.624618,0,1.00,message,adapted,1,c4a54cdecc67,2638,6
swift,stream,document,100,88,SwiftCbor,0.0.4,86538,42842,332,129380,11555.617186,23341.580692,7729.169887,0,1.00,codable,adapted,1,c4a54cdecc67,2639,7
swift,stream,document,100,88,Foundation.JSONEncoder,Foundation,62600,35618,448,98218,15974.440895,28075.692066,10181.433139,0,1.00,codable,adapted,1,c4a54cdecc67,2640,8
swift,stream,document,100,88,Foundation.PropertyListEncoder,Foundation,76404,62717,399,139121,13088.319983,15944.640209,7187.987435,0,1.00,codable,adapted,1,c4a54cdecc67,2641,9
swift,stream,document,100,88,BinaryCodable,4.0.0,77754,48973,337,126727,12861.074671,20419.414780,7890.978245,0,1.00,codable,adapted,1,c4a54cdecc67,2642,10
swift,stream,document,100,88,SwiftMsgpack,1.2.1,81180,40631,329,121811,12318.305001,24611.749649,8209.439213,0,1.00,codable,adapted,1,c4a54cdecc67,2643,11
swift,stream,document,100,88,FlatBuffers,24.3.25,41178,6259,440,47437,24284.812278,159769.931299,21080.591100,0,1.00,archive,adapted,1,c4a54cdecc67,2644,12
swift,stream,document,100,88,TOML,2.0.0,211278,50164,508,261442,4733.100465,19934.614465,3824.940140,0,1.00,codable,adapted,1,c4a54cdecc67,2645,13
swift,stream,document,100,89,Yams,5.4.0,292678,198028,429,490706,3416.724182,5049.790939,2037.880116,0,1.00,codable,adapted,1,c4a54cdecc67,2646,0
swift,stream,document,100,89,CapnProto,capnproto-1.0.2,51705,13170,376,64875,19340.489314,75930.144267,15414.258189,0,1.00,message,adapted,1,c4a54cdecc67,2647,1
swift,stream,document,100,89,TOML,2.0.0,200597,45757,508,246354,4985.119419,21854.579627,4059.199364,0,1.00,codable,adapted,1,c4a54cdecc67,2648,2
swift,stream,document,100,89,SwiftMsgpack,1.2.1,77394,37026,329,114420,12920.898261,27008.048398,8739.730816,0,1.00,codable,adapted,1,c4a54cdecc67,2649,3
swift,stream,document,100,89,SwiftAvroCore,2.3.0,131847,32661,114,164508,7584.548757,30617.556107,6078.731733,0,1.00,schema,adapted,1,c4a54cdecc67,2650,4
swift,stream,document,100,89,SwiftBSON,3.1.0,89435,68697,525,158132,11181.304858,14556.676420,6323.830724,0,1.00,document,adapted,1,c4a54cdecc67,2651,5
swift,stream,document,100,89,Foundation.PropertyListEncoder,Foundation,71123,60804,399,131927,14060.149319,16446.286429,7579.949518,0,1.00,codable,adapted,1,c4a54cdecc67,2652,6
swift,stream,document,100,89,FlatBuffers,24.3.25,37669,5114,440,42783,26547.028060,195541.650372,23373.769955,0,1.00,archive,adapted,1,c4a54cdecc67,2653,7
swift,stream,document,100,89,IkigaJSON,2.5.3,54341,37571,448,91912,18402.311330,26616.273189,10879.972147,0,1.00,codable,adapted,1,c4a54cdecc67,2654,8
swift,stream,document,100,89,SwiftProtobuf,1.38.1,18590,6337,155,24927,53792.361485,157803.376992,40117.142055,0,1.00,message,adapted,1,c4a54cdecc67,2655,9
swift,stream,document,100,89,SwiftCbor,0.0.4,81611,41288,332,122899,12253.250175,24220.112381,8136.762708,0,1.00,codable,adapted,1,c4a54cdecc67,2656,10
swift,stream,document,100,89,Foundation.JSONEncoder,Foundation,59500,33648,448,93148,16806.722689,29719.448407,10735.603556,0,1.00,codable,adapted,1,c4a54cdecc67,2657,11
swift,stream,document,100,89,BinaryCodable,4.0.0,75465,35887,337,111352,13251.176042,27865.243682,8980.530211,0,1.00,codable,adapted,1,c4a54cdecc67,2658,12
swift,stream,document,100,89,XMLCoder,0.18.2,259229,247502,729,506731,3857.593093,4040.371391,1973.433636,0,1.00,codable,adapted,1,c4a54cdecc67,2659,13
swift,stream,document,100,90,Foundation.PropertyListEncoder,Foundation,71431,58598,399,130029,13999.524016,17065.428854,7690.592099,0,1.00,codable,adapted,1,c4a54cdecc67,2660,0
swift,stream,document,100,90,TOML,2.0.0,201101,47545,508,248646,4972.625696,21032.705858,4021.781971,0,1.00,codable,adapted,1,c4a54cdecc67,2661,1
swift,stream,document,100,90,SwiftBSON,3.1.0,87940,72806,525,160746,11371.389584,13735.131720,6220.994613,0,1.00,document,adapted,1,c4a54cdecc67,2662,2
swift,stream,document,100,90,FlatBuffers,24.3.25,37568,5408,440,42976,26618.398637,184911.242604,23268.801191,0,1.00,archive,adapted,1,c4a54cdecc67,2663,3
swift,stream,document,100,90,SwiftAvroCore,2.3.0,126908,32747,114,159655,7879.723894,30537.148441,6263.505684,0,1.00,schema,adapted,1,c4a54cdecc67,2664,4
swift,stream,document,100,90,Foundation.JSONEncoder,Foundation,57976,33107,448,91083,17248.516628,30205.092579,10978.997178,0,1.00,codable,adapted,1,c4a54cdecc67,2665,5
swift,stream,document,100,90,Yams,5.4.0,283928,195143,429,479071,3522.019667,5124.447200,2087.373270,0,1.00,codable,adapted,1,c4a54cdecc67,2666,6
swift,stream,document,100,90,SwiftProtobuf,1.38.1,19029,6143,155,25172,52551.368963,162786.911932,39726.680439,0,1.00,message,adapted,1,c4a54cdecc67,2667,7
swift,stream,document,100,90,SwiftCbor,0.0.4,86330,40653,332,126983,11583.458821,24598.430620,7875.069891,0,1.00,codable,adapted,1,c4a54cdecc67,2668,8
swift,stream,document,100,90,CapnProto,capnproto-1.0.2,45160,12834,376,57994,22143.489814,77918.030232,17243.163086,0,1.00,message,adapted,1,c4a54cdecc67,2669,9
swift,stream,document,100,90,SwiftMsgpack,1.2.1,75335,37479,329,112814,13274.042610,26681.608367,8864.148067,0,1.00,codable,adapted,1,c4a54cdecc67,2670,10
swift,stream,document,100,90,BinaryCodable,4.0.0,77062,36954,337,114016,12976.564325,27060.670022,8770.698849,0,1.00,codable,adapted,1,c4a54cdecc67,2671,11
swift,stream,document,100,90,XMLCoder,0.18.2,251592,240038,729,491630,3974.689179,4166.007049,2034.049997,0,1.00,codable,adapted,1,c4a54cdecc67,2672,12
swift,stream,document,100,90,IkigaJSON,2.5.3,56543,36292,448,92835,17685.655165,27554.281935,10771.799429,0,1.00,codable,adapted,1,c4a54cdecc67,2673,13
swift,stream,document,100,91,SwiftAvroCore,2.3.0,134583,32431,114,167014,7430.358961,30834.695199,5987.522004,0,1.00,schema,adapted,1,c4a54cdecc67,2674,0
swift,stream,document,100,91,SwiftBSON,3.1.0,85684,67658,525,153342,11670.790346,14780.218156,6521.370531,0,1.00,document,adapted,1,c4a54cdecc67,2675,1
swift,stream,document,100,91,IkigaJSON,2.5.3,51872,31626,448,83498,19278.223319,31619.553532,11976.334763,0,1.00,codable,adapted,1,c4a54cdecc67,2676,2
swift,stream,document,100,91,Foundation.JSONEncoder,Foundation,57985,32643,448,90628,17245.839441,30634.439237,11034.117491,0,1.00,codable,adapted,1,c4a54cdecc67,2677,3
swift,stream,document,100,91,Foundation.PropertyListEncoder,Foundation,69613,58821,399,128434,14365.132949,17000.731031,7786.100254,0,1.00,codable,adapted,1,c4a54cdecc67,2678,4
swift,stream,document,100,91,Yams,5.4.0,288700,224063,429,512763,3463.803256,4463.030487,1950.218717,0,1.00,codable,adapted,1,c4a54cdecc67,2679,5
swift,stream,document,100,91,SwiftProtobuf,1.38.1,20185,6364,155,26549,49541.738915,157133.878064,37666.202117,0,1.00,message,adapted,1,c4a54cdecc67,2680,6
swift,stream,document,100,91,SwiftMsgpack,1.2.1,76472,37542,329,114014,13076.681661,26636.833413,8770.852702,0,1.00,codable,adapted,1,c4a54cdecc67,2681,7
swift,stream,document,100,91,TOML,2.0.0,202771,46820,508,249591,4931.671689,21358.393849,4006.554724,0,1.00,codable,adapted,1,c4a54cdecc67,2682,8
swift,stream,document,100,91,XMLCoder,0.18.2,257134,238512,729,495646,3889.022844,4192.661166,2017.568991,0,1.00,codable,adapted,1,c4a54cdecc67,2683,9
swift,stream,document,100,91,FlatBuffers,24.3.25,41294,6350,440,47644,24216.593210,157480.314961,20989.001763,0,1.00,archive,adapted,1,c4a54cdecc67,2684,10
swift,stream,document,100,91,SwiftCbor,0.0.4,89886,40015,332,129901,11125.203035,24990.628514,7698.170145,0,1.00,codable,adapted,1,c4a54cdecc67,2685,11
swift,stream,document,100,91,BinaryCodable,4.0.0,75180,35698,337,110878,13301.409949,28012.773825,9018.921698,0,1.00,codable,adapted,1,c4a54cdecc67,2686,12
swift,stream,document,100,91,CapnProto,capnproto-1.0.2,44686,12671,376,57357,22378.373540,78920.369347,17434.663598,0,1.00,message,adapted,1,c4a54cdecc67,2687,13
swift,stream,document,100,92,Foundation.JSONEncoder,Foundation,58313,33579,448,91892,17148.834737,29780.517585,10882.340138,0,1.00,codable,adapted,1,c4a54cdecc67,2688,0
swift,stream,document,100,92,SwiftProtobuf,1.38.1,17628,6059,155,23687,56727.932834,165043.736590,42217.249968,0,1.00,message,adapted,1,c4a54cdecc67,2689,1
swift,stream,document,100,92,TOML,2.0.0,204872,47090,508,251962,4881.096490,21235.931196,3968.852446,0,1.00,codable,adapted,1,c4a54cdecc67,2690,2
swift,stream,document,100,92,SwiftMsgpack,1.2.1,78436,37772,329,116208,12749.247794,26474.637297,8605.259535,0,1.00,codable,adapted,1,c4a54cdecc67,2691,3
swift,stream,document,100,92,Yams,5.4.0,288451,194873,429,483324,3466.793320,5131.547213,2069.005470,0,1.00,codable,adapted,1,c4a54cdecc67,2692,4
swift,stream,document,100,92,SwiftAvroCore,2.3.0,131232,37774,114,169006,7620.092660,26473.235559,5916.949694,0,1.00,schema,adapted,1,c4a54cdecc67,2693,5
swift,stream,document,100,92,Foundation.PropertyListEncoder,Foundation,71028,61507,399,132535,14078.954778,16258.312062,7545.176746,0,1.00,codable,adapted,1,c4a54cdecc67,2694,6
swift,stream,document,100,92,SwiftBSON,3.1.0,88293,67965,525,156258,11325.926178,14713.455455,6399.672337,0,1.00,document,adapted,1,c4a54cdecc67,2695,7
swift,stream,document,100,92,BinaryCodable,4.0.0,73526,35298,337,108824,13600.631069,28330.217009,9189.149452,0,1.00,codable,adapted,1,c4a54cdecc67,2696,8
swift,stream,document,100,92,FlatBuffers,24.3.25,37941,5226,440,43167,26356.711737,191350.937620,23165.844279,0,1.00,archive,adapted,1,c4a54cdecc67,2697,9
swift,stream,document,100,92,IkigaJSON,2.5.3,53932,35196,448,89128,18541.867537,28412.319582,11219.818688,0,1.00,codable,adapted,1,c4a54cdecc67,2698,10
swift,stream,document,100,92,CapnProto,capnproto-1.0.2,44088,12505,376,56593,22681.908909,79968.012795,17670.029862,0,1.00,message,adapted,1,c4a54cdecc67,2699,11
swift,stream,document,100,92,XMLCoder,0.18.2,256870,239395,729,496265,3893.019815,4177.196683,2015.052442,0,1.00,codable,adapted,1,c4a54cdecc67,2700,12
swift,stream,document,100,92,SwiftCbor,0.0.4,86023,39689,332,125712,11624.798019,25195.898108,7954.690085,0,1.00,codable,adapted,1,c4a54cdecc67,2701,13
swift,stream,document,100,93,XMLCoder,0.18.2,245688,223078,729,468766,4070.202859,4482.736980,2133.260518,0,1.00,codable,adapted,1,c4a54cdecc67,2702,0
swift,stream,document,100,93,BinaryCodable,4.0.0,81090,35222,337,116312,12331.976816,28391.346318,8597.565170,0,1.00,codable,adapted,1,c4a54cdecc67,2703,1
swift,stream,document,100,93,CapnProto,capnproto-1.0.2,41414,11299,376,52713,24146.423915,88503.407381,18970.652401,0,1.00,message,adapted,1,c4a54cdecc67,2704,2
swift,stream,document,100,93,SwiftAvroCore,2.3.0,135232,34764,114,169996,7394.699479,28765.389483,5882.491353,0,1.00,schema,adapted,1,c4a54cdecc67,2705,3
swift,stream,document,100,93,Foundation.JSONEncoder,Foundation,58601,33612,448,92213,17064.555212,29751.279305,10844.457940,0,1.00,codable,adapted,1,c4a54cdecc67,2706,4
swift,stream,document,100,93,IkigaJSON,2.5.3,53598,35442,448,89040,18657.412590,28215.112014,11230.907457,0,1.00,codable,adapted,1,c4a54cdecc67,2707,5
swift,stream,document,100,93,SwiftCbor,0.0.4,79701,39079,332,118780,12546.894016,25589.191126,8418.925745,0,1.00,codable,adapted,1,c4a54cdecc67,2708,6
swift,stream,document,100,93,SwiftBSON,3.1.0,88514,69298,525,157812,11297.647830,14430.430893,6336.653740,0,1.00,document,adapted,1,c4a54cdecc67,2709,7
swift,stream,document,100,93,TOML,2.0.0,205825,47558,508,253383,4858.496295,21026.956558,3946.594681,0,1.00,codable,adapted,1,c4a54cdecc67,2710,8
swift,stream,document,100,93,SwiftMsgpack,1.2.1,77401,37503,329,114904,12919.729719,26664.533504,8702.917218,0,1.00,codable,adapted,1,c4a54cdecc67,2711,9
swift,stream,document,100,93,Yams,5.4.0,284227,197215,429,481442,3518.314587,5070.608219,2077.093399,0,1.00,codable,adapted,1,c4a54cdecc67,2712,10
swift,stream,document,100,93,SwiftProtobuf,1.38.1,18670,6489,155,25159,53561.863953,154106.950223,39747.207759,0,1.00,message,adapted,1,c4a54cdecc67,2713,11
swift,stream,document,100,93,Foundation.PropertyListEncoder,Foundation,72340,60931,399,133271,13823.610727,16412.007024,7503.507890,0,1.00,codable,adapted,1,c4a54cdecc67,2714,12
swift,stream,document,100,93,FlatBuffers,24.3.25,43032,5565,440,48597,23238.520171,179694.519317,20577.401897,0,1.00,archive,adapted,1,c4a54cdecc67,2715,13
swift,stream,document,100,94,XMLCoder,0.18.2,255014,239886,729,494900,3921.353337,4168.646774,2020.610224,0,1.00,codable,adapted,1,c4a54cdecc67,2716,0
swift,stream,document,100,94,Yams,5.4.0,276104,195741,429,471845,3621.823661,5108.791720,2119.340038,0,1.00,codable,adapted,1,c4a54cdecc67,2717,1
swift,stream,document,100,94,Foundation.PropertyListEncoder,Foundation,68639,56675,399,125314,14568.976821,17644.464049,7979.954355,0,1.00,codable,adapted,1,c4a54cdecc67,2718,2
swift,stream,document,100,94,SwiftCbor,0.0.4,82372,40519,332,122891,12140.047589,24679.779856,8137.292397,0,1.00,codable,adapted,1,c4a54cdecc67,2719,3
swift,stream,document,100,94,SwiftBSON,3.1.0,87508,67332,525,154840,11427.526626,14851.779243,6458.279514,0,1.00,document,adapted,1,c4a54cdecc67,2720,4
swift,stream,document,100,94,TOML,2.0.0,200140,48081,508,248221,4996.502448,20798.236310,4028.668001,0,1.00,codable,adapted,1,c4a54cdecc67,2721,5
swift,stream,document,100,94,IkigaJSON,2.5.3,53724,35649,448,89373,18613.654977,28051.277736,11189.061573,0,1.00,codable,adapted,1,c4a54cdecc67,2722,6
swift,stream,document,100,94,BinaryCodable,4.0.0,78946,35800,337,114746,12666.886226,27932.960894,8714.900737,0,1.00,codable,adapted,1,c4a54cdecc67,2723,7
swift,stream,document,100,94,FlatBuffers,24.3.25,37636,5597,440,43233,26570.305027,178667.143112,23130.479032,0,1.00,archive,adapted,1,c4a54cdecc67,2724,8
swift,stream,document,100,94,SwiftMsgpack,1.2.1,76820,38218,329,115038,13017.443374,26165.681093,8692.779777,0,1.00,codable,adapted,1,c4a54cdecc67,2725,9
swift,stream,document,100,94,SwiftAvroCore,2.3.0,130939,32572,114,163511,7637.144014,30701.215768,6115.796491,0,1.00,schema,adapted,1,c4a54cdecc67,2726,10
swift,stream,document,100,94,CapnProto,capnproto-1.0.2,44065,12774,376,56839,22693.747872,78284.014404,17593.553722,0,1.00,message,adapted,1,c4a54cdecc67,2727,11
swift,stream,document,100,94,SwiftProtobuf,1.38.1,17737,5855,155,23592,56379.320065,170794.192997,42387.249915,0,1.00,message,adapted,1,c4a54cdecc67,2728,12
swift,stream,document,100,94,Foundation.JSONEncoder,Foundation,58076,33888,448,91964,17218.816723,29508.970727,10873.820191,0,1.00,codable,adapted,1,c4a54cdecc67,2729,13
swift,stream,document,100,95,Foundation.JSONEncoder,Foundation,51432,26080,448,77512,19443.148235,38343.558282,12901.228197,0,1.00,codable,adapted,1,c4a54cdecc67,2730,0
swift,stream,document,100,95,SwiftAvroCore,2.3.0,124510,30547,114,155057,8031.483415,32736.438930,6449.241247,0,1.00,schema,adapted,1,c4a54cdecc67,2731,1
swift,stream,document,100,95,IkigaJSON,2.5.3,56957,35988,448,92945,17557.104482,27787.040124,10759.051052,0,1.00,codable,adapted,1,c4a54cdecc67,2732,2
swift,stream,document,100,95,SwiftCbor,0.0.4,80375,40718,332,121093,12441.679627,24559.163024,8258.115663,0,1.00,codable,adapted,1,c4a54cdecc67,2733,3
swift,stream,document,100,95,Foundation.PropertyListEncoder,Foundation,70522,59526,399,130048,14179.972207,16799.381783,7689.468504,0,1.00,codable,adapted,1,c4a54cdecc67,2734,4
swift,stream,document,100,95,SwiftProtobuf,1.38.1,21373,5704,155,27077,46788.003556,175315.568022,36931.713262,0,1.00,message,adapted,1,c4a54cdecc67,2735,5
swift,stream,document,100,95,TOML,2.0.0,197948,47817,508,245765,5051.831794,20913.064391,4068.927634,0,1.00,codable,adapted,1,c4a54cdecc67,2736,6
swift,stream,document,100,95,SwiftMsgpack,1.2.1,75628,37304,329,112932,13222.615962,26806.776753,8854.886126,0,1.00,codable,adapted,1,c4a54cdecc67,2737,7
swift,stream,document,100,95,BinaryCodable,4.0.0,75892,36226,337,112118,13176.619407,27604.482968,8919.174441,0,1.00,codable,adapted,1,c4a54cdecc67,2738,8
swift,stream,document,100,95,CapnProto,capnproto-1.0.2,43407,12133,376,55540,23037.758887,82419.846699,18005.041412,0,1.00,message,adapted,1,c4a54cdecc67,2739,9
swift,stream,document,100,95,XMLCoder,0.18.2,254156,242150,729,496306,3934.591353,4129.671691,2014.885978,0,1.00,codable,adapted,1,c4a54cdecc67,2740,10
swift,stream,document,100,95,FlatBuffers,24.3.25,39192,6134,440,45326,25515.411308,163025.758070,22062.392446,0,1.00,archive,adapted,1,c4a54cdecc67,2741,11
swift,stream,document,100,95,Yams,5.4.0,280119,194734,429,474853,3569.911359,5135.210081,2105.914883,0,1.00,codable,adapted,1,c4a54cdecc67,2742,12
swift,stream,document,100,95,SwiftBSON,3.1.0,87090,67492,525,154582,11482.374555,14816.570853,6469.058493,0,1.00,document,adapted,1,c4a54cdecc67,2743,13
swift,stream,document,100,96,IkigaJSON,2.5.3,53797,35284,448,89081,18588.397123,28341.457885,11225.738373,0,1.00,codable,adapted,1,c4a54cdecc67,2744,0
swift,stream,document,100,96,CapnProto,capnproto-1.0.2,42087,11825,376,53912,23760.306033,84566.596195,18548.746105,0,1.00,message,adapted,1,c4a54cdecc67,2745,1
swift,stream,document,100,96,Foundation.JSONEncoder,Foundation,58227,33541,448,91768,17174.163189,29814.257178,10897.044721,0,1.00,codable,adapted,1,c4a54cdecc67,2746,2
swift,stream,document,100,96,Yams,5.4.0,272115,191619,429,463734,3674.916855,5218.689170,2156.408631,0,1.00,codable,adapted,1,c4a54cdecc67,2747,3
swift,stream,document,100,96,FlatBuffers,24.3.25,38566,5514,440,44080,25929.575274,181356.546971,22686.025408,0,1.00,archive,adapted,1,c4a54cdecc67,2748,4
swift,stream,document,100,96,XMLCoder,0.18.2,249488,239657,729,489145,4008.208812,4172.630050,2044.383567,0,1.00,codable,adapted,1,c4a54cdecc67,2749,5
swift,stream,document,100,96,SwiftBSON,3.1.0,86683,67330,525,154013,11536.287392,14852.220407,6492.958387,0,1.00,document,adapted,1,c4a54cdecc67,2750,6
swift,stream,document,100,96,TOML,2.0.0,211148,48561,508,259709,4736.014549,20592.656659,3850.463403,0,1.00,codable,adapted,1,c4a54cdecc67,2751,7
swift,stream,document,100,96,Foundation.PropertyListEncoder,Foundation,70881,61208,399,132089,14108.153102,16337.733630,7570.653120,0,1.00,codable,adapted,1,c4a54cdecc67,2752,8
swift,stream,document,100,96,SwiftAvroCore,2.3.0,128236,33046,114,161282,7798.122212,30260.848514,6200.319937,0,1.00,schema,adapted,1,c4a54cdecc67,2753,9
swift,stream,document,100,96,BinaryCodable,4.0.0,74431,35856,337,110287,13435.262189,27889.335118,9067.251807,0,1.00,codable,adapted,1,c4a54cdecc67,2754,10
swift,stream,document,100,96,SwiftProtobuf,1.38.1,17730,6061,155,23791,56401.579244,164989.275697,42032.701442,0,1.00,message,adapted,1,c4a54cdecc67,2755,11
swift,stream,document,100,96,SwiftMsgpack,1.2.1,76373,37947,329,114320,13093.632566,26352.544338,8747.375787,0,1.00,codable,adapted,1,c4a54cdecc67,2756,12
swift,stream,document,100,96,SwiftCbor,0.0.4,81592,46829,332,128421,12256.103540,21354.289009,7786.888437,0,1.00,codable,adapted,1,c4a54cdecc67,2757,13
swift,stream,document,100,97,Foundation.JSONEncoder,Foundation,58058,33120,448,91178,17224.155155,30193.236715,10967.557964,0,1.00,codable,adapted,1,c4a54cdecc67,2758,0
swift,stream,document,100,97,FlatBuffers,24.3.25,37913,5608,440,43521,26376.177037,178316.690442,22977.413203,0,1.00,archive,adapted,1,c4a54cdecc67,2759,1
swift,stream,document,100,97,SwiftBSON,3.1.0,87051,67517,525,154568,11487.518811,14811.084616,6469.644428,0,1.00,document,adapted,1,c4a54cdecc67,2760,2
swift,stream,document,100,97,Foundation.PropertyListEncoder,Foundation,68343,57636,399,125979,14632.076438,17350.267194,7937.830908,0,1.00,codable,adapted,1,c4a54cdecc67,2761,3
swift,stream,document,100,97,IkigaJSON,2.5.3,53579,36799,448,90378,18664.028817,27174.651485,11064.639625,0,1.00,codable,adapted,1,c4a54cdecc67,2762,4
swift,stream,document,100,97,TOML,2.0.0,200726,46297,508,247023,4981.915646,21599.671685,4048.206037,0,1.00,codable,adapted,1,c4a54cdecc67,2763,5
swift,stream,document,100,97,BinaryCodable,4.0.0,73297,35667,337,108964,13643.123184,28037.121148,9177.342976,0,1.00,codable,adapted,1,c4a54cdecc67,2764,6
swift,stream,document,100,97,Yams,5.4.0,284952,191611,429,476563,3509.362980,5218.907056,2098.358454,0,1.00,codable,adapted,1,c4a54cdecc67,2765,7
swift,stream,document,100,97,SwiftProtobuf,1.38.1,18508,6150,155,24658,54030.689432,162601.626016,40554.789521,0,1.00,message,adapted,1,c4a54cdecc67,2766,8
swift,stream,document,100,97,SwiftAvroCore,2.3.0,128050,33605,114,161655,7809.449434,29757.476566,6186.013424,0,1.00,schema,adapted,1,c4a54cdecc67,2767,9
swift,stream,document,100,97,SwiftMsgpack,1.2.1,73727,36534,329,110261,13563.552023,27371.763289,9069.389902,0,1.00,codable,adapted,1,c4a54cdecc67,2768,10
swift,stream,document,100,97,CapnProto,capnproto-1.0.2,43693,12233,376,55926,22886.961298,81746.096624,17880.771019,0,1.00,message,adapted,1,c4a54cdecc67,2769,11
swift,stream,document,100,97,XMLCoder,0.18.2,250199,235139,729,485338,3996.818532,4252.803661,2060.419749,0,1.00,codable,adapted,1,c4a54cdecc67,2770,12
swift,stream,document,100,97,SwiftCbor,0.0.4,87763,39038,332,126801,11394.323348,25616.066397,7886.373136,0,1.00,codable,adapted,1,c4a54cdecc67,2771,13
swift,stream,document,100,98,SwiftProtobuf,1.38.1,17980,5718,155,23698,55617.352614,174886.323889,42197.653810,0,1.00,message,adapted,1,c4a54cdecc67,2772,0
swift,stream,document,100,98,SwiftAvroCore,2.3.0,125330,31284,114,156614,7978.935610,31965.221839,6385.125212,0,1.00,schema,adapted,1,c4a54cdecc67,2773,1
swift,stream,document,100,98,TOML,2.0.0,190845,45988,508,236833,5239.854332,21744.802992,4222.384549,0,1.00,codable,adapted,1,c4a54cdecc67,2774,2
swift,stream,document,100,98,SwiftCbor,0.0.4,81396,36828,332,118224,12285.616001,27153.252960,8458.519421,0,1.00,codable,adapted,1,c4a54cdecc67,2775,3
swift,stream,document,100,98,SwiftMsgpack,1.2.1,73725,35464,329,109189,13563.919973,28197.608843,9158.431710,0,1.00,codable,adapted,1,c4a54cdecc67,2776,4
swift,stream,document,100,98,Foundation.PropertyListEncoder,Foundation,71008,58276,399,129284,14082.920234,17159.722699,7734.909192,0,1.00,codable,adapted,1,c4a54cdecc67,2777,5
swift,stream,document,100,98,CapnProto,capnproto-1.0.2,42288,12203,376,54491,23647.370412,81947.062198,18351.654402,0,1.00,message,adapted,1,c4a54cdecc67,2778,6
swift,stream,document,100,98,Yams,5.4.0,276832,188039,429,464871,3612.299156,5318.045725,2151.134401,0,1.00,codable,adapted,1,c4a54cdecc67,2779,7
swift,stream,document,100,98,XMLCoder,0.18.2,248049,230423,729,478472,4031.461526,4339.844547,2089.986457,0,1.00,codable,adapted,1,c4a54cdecc67,2780,8
swift,stream,document,100,98,BinaryCodable,4.0.0,74595,35601,337,110196,13405.724244,28089.098621,9074.739555,0,1.00,codable,adapted,1,c4a54cdecc67,2781,9
swift,stream,document,100,98,FlatBuffers,24.3.25,37278,5672,440,42950,26825.473470,176304.654443,23282.887078,0,1.00,archive,adapted,1,c4a54cdecc67,2782,10
swift,stream,document,100,98,SwiftBSON,3.1.0,84565,65807,525,150372,11825.223201,15195.951798,6650.174235,0,1.00,document,adapted,1,c4a54cdecc67,2783,11
swift,stream,document,100,98,IkigaJSON,2.5.3,52025,35130,448,87155,19221.528111,28465.698833,11473.811026,0,1.00,codable,adapted,1,c4a54cdecc67,2784,12
swift,stream,document,100,98,Foundation.JSONEncoder,Foundation,56311,36693,448,93004,17758.519650,27253.154553,10752.225711,0,1.00,codable,adapted,1,c4a54cdecc67,2785,13
swift,stream,document,100,99,CapnProto,capnproto-1.0.2,42153,11914,376,54067,23723.103931,83934.866544,18495.570311,0,1.00,message,adapted,1,c4a54cdecc67,2786,0
swift,stream,document,100,99,Yams,5.4.0,271518,191985,429,463503,3682.997076,5208.740266,2157.483339,0,1.00,codable,adapted,1,c4a54cdecc67,2787,1
swift,stream,document,100,99,IkigaJSON,2.5.3,51945,33319,448,85264,19251.131004,30012.905549,11728.279227,0,1.00,codable,adapted,1,c4a54cdecc67,2788,2
swift,stream,document,100,99,BinaryCodable,4.0.0,72075,34030,337,106105,13874.436351,29385.836027,9424.626549,0,1.00,codable,adapted,1,c4a54cdecc67,2789,3
swift,stream,document,100,99,Foundation.JSONEncoder,Foundation,54216,30577,448,84793,18444.739560,32704.320241,11793.426344,0,1.00,codable,adapted,1,c4a54cdecc67,2790,4
swift,stream,document,100,99,SwiftCbor,0.0.4,83381,39937,332,123318,11993.139924,25039.437113,8109.116269,0,1.00,codable,adapted,1,c4a54cdecc67,2791,5
swift,stream,document,100,99,SwiftAvroCore,2.3.0,132345,31905,114,164250,7556.008916,31343.049679,6088.280061,0,1.00,schema,adapted,1,c4a54cdecc67,2792,6
swift,stream,document,100,99,XMLCoder,0.18.2,245199,239604,729,484803,4078.320058,4173.553029,2062.693506,0,1.00,codable,adapted,1,c4a54cdecc67,2793,7
swift,stream,document,100,99,TOML,2.0.0,195055,51886,508,246941,5126.759119,19273.021624,4049.550297,0,1.00,codable,adapted,1,c4a54cdecc67,2794,8
swift,stream,document,100,99,Foundation.PropertyListEncoder,Foundation,70403,60225,399,130628,14203.940173,16604.400166,7655.326576,0,1.00,codable,adapted,1,c4a54cdecc67,2795,9
swift,stream,document,100,99,SwiftBSON,3.1.0,84840,65557,525,150397,11786.892975,15253.901185,6649.068798,0,1.00,document,adapted,1,c4a54cdecc67,2796,10
swift,stream,document,100,99,SwiftProtobuf,1.38.1,17800,6047,155,23847,56179.775281,165371.258475,41933.995890,0,1.00,message,adapted,1,c4a54cdecc67,2797,11
swift,stream,document,100,99,SwiftMsgpack,1.2.1,74997,38140,329,113137,13333.866688,26219.192449,8838.841405,0,1.00,codable,adapted,1,c4a54cdecc67,2798,12
swift,stream,document,100,99,FlatBuffers,24.3.25,38184,5559,440,43743,26188.979677,179888.469149,22860.800585,0,1.00,archive,adapted,1,c4a54cdecc67,2799,13
