Language,StringOrStream,TestDataName,Repetitions,RepetitionIndex,SerializerName,SerializerVersion,TimeSer,TimeDeser,Size,TimeSerAndDeser,OpPerSecSer,OpPerSecDeser,OpPerSecSerAndDeser,MemoryPeakBytes,FidelityScore,NativeKind,StreamMode,DataTypeInstanceCount,TypeConfigHash,RunOrder,SchedulePosition
java,bytes,message,100,0,java-serialization,21.0.11,3638814,1866442,206,5505256,274.814816,535.778771,181.644596,0,1.0,message,native,1,99d1c7fab316,0,0
java,bytes,message,100,0,dsl-json,2.0.2,5754249,1247100,158,7001349,173.784624,801.860316,142.829618,0,1.0,reflect,native,1,99d1c7fab316,1,1
java,bytes,message,100,0,kryo,5.6.2,119912,7050161,46,7170073,8339.448929,141.840732,139.468594,0,1.0,message,native,1,99d1c7fab316,2,2
java,bytes,message,100,0,jsoniter,0.9.23,34928814,10832272,150,45761086,28.629658,92.316737,21.852628,0,1.0,reflect,adapted,1,99d1c7fab316,3,3
java,bytes,message,100,0,bson,5.3.1,2137356,1975301,134,4112657,467.867777,506.251959,243.151812,0,1.0,message,adapted,1,99d1c7fab316,4,4
java,bytes,message,100,0,moshi,1.15.2,670494,2945028,158,3615522,1491.437656,339.555345,276.585234,0,1.0,reflect,native,1,99d1c7fab316,5,5
java,bytes,message,100,0,jackson,2.18.3,1529138,2083959,158,3613097,653.963213,479.855890,276.770870,0,1.0,reflect,native,1,99d1c7fab316,6,6
java,bytes,message,100,0,msgpack,0.9.8,1828244,2529258,114,4357502,546.972942,395.372872,229.489281,0,1.0,reflect,native,1,99d1c7fab316,7,7
java,bytes,message,100,0,hessian,4.0.66,1360102,1623745,143,2983847,735.238975,615.860249,335.137827,0,1.0,message,native,1,99d1c7fab316,8,8
java,bytes,message,100,0,protostuff,1.8.0,1617732,616761,52,2234493,618.149360,1621.373595,447.528813,0,1.0,schema,native,1,99d1c7fab316,9,9
java,bytes,message,100,0,fory,1.3.0,34338,36885,133,71223,29122.255227,27111.291853,14040.408295,0,1.0,message,adapted,1,99d1c7fab316,10,10
java,bytes,message,100,0,jackson-smile,2.18.3,862081,972696,119,1834777,1159.983807,1028.070435,545.025363,0,1.0,reflect,native,1,99d1c7fab316,11,11
java,bytes,message,100,0,ion,2.18.3,2805884,9642703,144,12448587,356.393921,103.705361,80.330402,0,1.0,reflect,native,1,99d1c7fab316,12,12
java,bytes,message,100,0,avro,1.12.0,4938661,6960197,44,11898858,202.484034,143.674094,84.041679,0,1.0,schema,native,1,99d1c7fab316,13,13
java,bytes,message,100,0,jackson-cbor,2.18.3,609763,1249071,115,1858834,1639.981435,800.595002,537.971653,0,1.0,reflect,native,1,99d1c7fab316,14,14
java,bytes,message,100,0,fastjson2,2.0.57,77399345,10948122,158,88347467,12.920006,91.339866,11.318944,0,1.0,reflect,adapted,1,99d1c7fab316,15,15
java,bytes,message,100,0,gson,2.12.1,3556988,689334,158,4246322,281.136737,1450.675580,235.497920,0,1.0,reflect,native,1,99d1c7fab316,16,16
java,bytes,message,100,0,protobuf,4.28.3,3649477,89684,50,3739161,274.011865,11150.260916,267.439674,0,1.0,message,native,1,99d1c7fab316,17,17
java,bytes,message,100,1,jackson-smile,2.18.3,128379,97753,119,226132,7789.435967,10229.865068,4422.195886,0,1.0,reflect,native,1,99d1c7fab316,18,0
java,bytes,message,100,1,ion,2.18.3,158851,380503,144,539354,6295.207459,2628.100173,1854.069869,0,1.0,reflect,native,1,99d1c7fab316,19,1
java,bytes,message,100,1,kryo,5.6.2,37511,21717,46,59228,26658.846738,46046.875719,16883.906261,0,1.0,message,native,1,99d1c7fab316,20,2
java,bytes,message,100,1,fastjson2,2.0.57,36773,32982,158,69755,27193.865064,30319.568249,14335.889900,0,1.0,reflect,adapted,1,99d1c7fab316,21,3
java,bytes,message,100,1,fory,1.3.0,26002,20820,133,46822,38458.580109,48030.739673,21357.481526,0,1.0,message,adapted,1,99d1c7fab316,22,4
java,bytes,message,100,1,protostuff,1.8.0,18876,15184,52,34060,52977.325705,65858.798736,29359.953024,0,1.0,schema,native,1,99d1c7fab316,23,5
java,bytes,message,100,1,dsl-json,2.0.2,61589,52926,158,114515,16236.665638,18894.305256,8732.480461,0,1.0,reflect,native,1,99d1c7fab316,24,6
java,bytes,message,100,1,protobuf,4.28.3,34181,41448,50,75629,29256.019426,24126.616483,13222.441127,0,1.0,message,native,1,99d1c7fab316,25,7
java,bytes,message,100,1,hessian,4.0.66,34510,34563,143,69073,28977.108085,28932.673668,14477.436915,0,1.0,message,native,1,99d1c7fab316,26,8
java,bytes,message,100,1,avro,1.12.0,51633,65761,44,117394,19367.458796,15206.581408,8518.322913,0,1.0,schema,native,1,99d1c7fab316,27,9
java,bytes,message,100,1,jackson-cbor,2.18.3,61860,70777,115,132637,16165.535079,14128.883677,7539.374383,0,1.0,reflect,native,1,99d1c7fab316,28,10
java,bytes,message,100,1,bson,5.3.1,78473,106195,134,184668,12743.236527,9416.639201,5415.123357,0,1.0,message,adapted,1,99d1c7fab316,29,11
java,bytes,message,100,1,gson,2.12.1,65237,55993,158,121230,15328.724497,17859.375279,8248.783304,0,1.0,reflect,native,1,99d1c7fab316,30,12
java,bytes,message,100,1,jsoniter,0.9.23,55160,20574,150,75734,18129.079043,48605.035482,13204.109119,0,1.0,reflect,adapted,1,99d1c7fab316,31,13
java,bytes,message,100,1,jackson,2.18.3,68680,82364,158,151044,14560.279557,12141.226750,6620.587379,0,1.0,reflect,native,1,99d1c7fab316,32,14
java,bytes,message,100,1,java-serialization,21.0.11,67920,123519,206,191439,14723.203769,8095.920466,5223.596028,0,1.0,message,native,1,99d1c7fab316,33,15
java,bytes,message,100,1,moshi,1.15.2,68029,86925,158,154954,14699.613400,11504.170262,6453.528144,0,1.0,reflect,native,1,99d1c7fab316,34,16
java,bytes,message,100,1,msgpack,0.9.8,74911,81511,114,156422,13349.174354,12268.282808,6392.962627,0,1.0,reflect,native,1,99d1c7fab316,35,17
java,bytes,message,100,2,bson,5.3.1,70941,86529,134,157470,14096.220803,11556.819101,6350.415952,0,1.0,message,adapted,1,99d1c7fab316,36,0
java,bytes,message,100,2,fory,1.3.0,22591,18786,133,41377,44265.415431,53231.129565,24168.016048,0,1.0,message,adapted,1,99d1c7fab316,37,1
java,bytes,message,100,2,java-serialization,21.0.11,55166,92023,206,147189,18127.107276,10866.848505,6793.985964,0,1.0,message,native,1,99d1c7fab316,38,2
java,bytes,message,100,2,fastjson2,2.0.57,32329,31724,158,64053,30931.980575,31521.876182,15612.071253,0,1.0,reflect,adapted,1,99d1c7fab316,39,3
java,bytes,message,100,2,kryo,5.6.2,30351,20391,46,50742,32947.843564,49041.243686,19707.540105,0,1.0,message,native,1,99d1c7fab316,40,4
java,bytes,message,100,2,jsoniter,0.9.23,19740,17696,150,37436,50658.561297,56509.945750,26712.255583,0,1.0,reflect,adapted,1,99d1c7fab316,41,5
java,bytes,message,100,2,msgpack,0.9.8,67656,104250,114,171906,14780.655079,9592.326139,5817.132619,0,1.0,reflect,native,1,99d1c7fab316,42,6
java,bytes,message,100,2,ion,2.18.3,175480,280260,144,455740,5698.655117,3568.115321,2194.233554,0,1.0,reflect,native,1,99d1c7fab316,43,7
java,bytes,message,100,2,jackson-smile,2.18.3,52994,53277,119,106271,18870.060762,18769.825628,9409.904866,0,1.0,reflect,native,1,99d1c7fab316,44,8
java,bytes,message,100,2,jackson-cbor,2.18.3,42178,53627,115,95805,23709.042629,18647.323177,10437.868587,0,1.0,reflect,native,1,99d1c7fab316,45,9
java,bytes,message,100,2,gson,2.12.1,58345,53357,158,111702,17139.429257,18741.683378,8952.391184,0,1.0,reflect,native,1,99d1c7fab316,46,10
java,bytes,message,100,2,protobuf,4.28.3,20786,22990,50,43776,48109.304339,43497.172684,22843.567251,0,1.0,message,native,1,99d1c7fab316,47,11
java,bytes,message,100,2,hessian,4.0.66,31790,43971,143,75761,31456.432841,22742.261945,13199.403387,0,1.0,message,native,1,99d1c7fab316,48,12
java,bytes,message,100,2,protostuff,1.8.0,23302,16636,52,39938,42914.771264,60110.603510,25038.810156,0,1.0,schema,native,1,99d1c7fab316,49,13
java,bytes,message,100,2,jackson,2.18.3,58473,80040,158,138513,17101.910283,12493.753123,7219.538960,0,1.0,reflect,native,1,99d1c7fab316,50,14
java,bytes,message,100,2,avro,1.12.0,47729,59895,44,107624,20951.622703,16695.884464,9291.607820,0,1.0,schema,native,1,99d1c7fab316,51,15
java,bytes,message,100,2,moshi,1.15.2,68047,107537,158,175584,14695.725014,9299.124952,5695.279752,0,1.0,reflect,native,1,99d1c7fab316,52,16
java,bytes,message,100,2,dsl-json,2.0.2,61903,60855,158,122758,16154.305930,16432.503492,8146.108604,0,1.0,reflect,native,1,99d1c7fab316,53,17
java,bytes,message,100,3,dsl-json,2.0.2,41223,39363,158,80586,24258.302404,25404.567741,12409.103318,0,1.0,reflect,native,1,99d1c7fab316,54,0
java,bytes,message,100,3,bson,5.3.1,71041,97220,134,168261,14076.378429,10285.949393,5943.147848,0,1.0,message,adapted,1,99d1c7fab316,55,1
java,bytes,message,100,3,jackson,2.18.3,78499,74263,158,152762,12739.015784,13465.655845,6546.130582,0,1.0,reflect,native,1,99d1c7fab316,56,2
java,bytes,message,100,3,protostuff,1.8.0,18979,14387,52,33366,52689.815059,69507.193995,29970.628784,0,1.0,schema,native,1,99d1c7fab316,57,3
java,bytes,message,100,3,gson,2.12.1,52113,56417,158,108530,19189.069906,17725.153766,9214.042200,0,1.0,reflect,native,1,99d1c7fab316,58,4
java,bytes,message,100,3,fory,1.3.0,23090,21108,133,44198,43308.791685,47375.402691,22625.458166,0,1.0,message,adapted,1,99d1c7fab316,59,5
java,bytes,message,100,3,jackson-smile,2.18.3,53084,54801,119,107885,18838.067968,18247.842193,9269.129165,0,1.0,reflect,native,1,99d1c7fab316,60,6
java,bytes,message,100,3,java-serialization,21.0.11,59805,91094,206,150899,16721.009949,10977.671416,6626.949151,0,1.0,message,native,1,99d1c7fab316,61,7
java,bytes,message,100,3,fastjson2,2.0.57,31279,32205,158,63484,31970.331532,31051.079025,15752.000504,0,1.0,reflect,adapted,1,99d1c7fab316,62,8
java,bytes,message,100,3,msgpack,0.9.8,65117,81148,114,146265,15356.972834,12323.162616,6836.905617,0,1.0,reflect,native,1,99d1c7fab316,63,9
java,bytes,message,100,3,ion,2.18.3,142702,239009,144,381711,7007.610265,4183.942864,2619.783030,0,1.0,reflect,native,1,99d1c7fab316,64,10
java,bytes,message,100,3,jackson-cbor,2.18.3,50007,53958,115,103965,19997.200392,18532.933022,9618.621652,0,1.0,reflect,native,1,99d1c7fab316,65,11
java,bytes,message,100,3,jsoniter,0.9.23,20123,19207,150,39330,49694.379566,52064.351539,25425.883549,0,1.0,reflect,adapted,1,99d1c7fab316,66,12
java,bytes,message,100,3,moshi,1.15.2,61366,158254,158,219620,16295.668611,6318.955603,4553.319370,0,1.0,reflect,native,1,99d1c7fab316,67,13
java,bytes,message,100,3,kryo,5.6.2,32049,19600,46,51649,31202.221598,51020.408163,19361.459080,0,1.0,message,native,1,99d1c7fab316,68,14
java,bytes,message,100,3,hessian,4.0.66,26570,31104,143,57674,37636.432066,32150.205761,17338.835524,0,1.0,message,native,1,99d1c7fab316,69,15
java,bytes,message,100,3,avro,1.12.0,41687,73465,44,115152,23988.293713,13611.924045,8684.173961,0,1.0,schema,native,1,99d1c7fab316,70,16
java,bytes,message,100,3,protobuf,4.28.3,17242,17556,50,34798,57997.912075,56960.583276,28737.283752,0,1.0,message,native,1,99d1c7fab316,71,17
java,bytes,message,100,4,bson,5.3.1,55597,62107,134,117704,17986.582010,16101.244626,8495.887990,0,1.0,message,adapted,1,99d1c7fab316,72,0
java,bytes,message,100,4,jsoniter,0.9.23,17033,15941,150,32974,58709.563788,62731.321749,30326.924243,0,1.0,reflect,adapted,1,99d1c7fab316,73,1
java,bytes,message,100,4,fastjson2,2.0.57,27666,25547,158,53213,36145.449288,39143.539359,18792.400353,0,1.0,reflect,adapted,1,99d1c7fab316,74,2
java,bytes,message,100,4,fory,1.3.0,18057,15406,133,33463,55380.184970,64909.775412,29883.752204,0,1.0,message,adapted,1,99d1c7fab316,75,3
java,bytes,message,100,4,msgpack,0.9.8,63806,61145,114,124951,15672.507288,16354.567013,8003.137230,0,1.0,reflect,native,1,99d1c7fab316,76,4
java,bytes,message,100,4,moshi,1.15.2,48219,62759,158,110978,20738.712955,15933.969630,9010.794932,0,1.0,reflect,native,1,99d1c7fab316,77,5
java,bytes,message,100,4,ion,2.18.3,147856,242423,144,390279,6763.337301,4125.021141,2562.269556,0,1.0,reflect,native,1,99d1c7fab316,78,6
java,bytes,message,100,4,protobuf,4.28.3,13428,12916,50,26344,74471.254096,77423.350883,37959.307622,0,1.0,message,native,1,99d1c7fab316,79,7
java,bytes,message,100,4,protostuff,1.8.0,15544,12036,52,27580,64333.504889,83084.081090,36258.158086,0,1.0,schema,native,1,99d1c7fab316,80,8
java,bytes,message,100,4,jackson,2.18.3,50393,94354,158,144747,19844.025956,10598.384806,6908.606051,0,1.0,reflect,native,1,99d1c7fab316,81,9
java,bytes,message,100,4,hessian,4.0.66,23179,22843,143,46022,43142.499676,43777.087073,21728.738429,0,1.0,message,native,1,99d1c7fab316,82,10
java,bytes,message,100,4,jackson-smile,2.18.3,44289,47338,119,91627,22578.969947,21124.677849,10913.813614,0,1.0,reflect,native,1,99d1c7fab316,83,11
java,bytes,message,100,4,dsl-json,2.0.2,68380,56946,158,125326,14624.159111,17560.495908,7979.190272,0,1.0,reflect,native,1,99d1c7fab316,84,12
java,bytes,message,100,4,avro,1.12.0,36358,49073,44,85431,27504.263161,20377.804495,11705.352858,0,1.0,schema,native,1,99d1c7fab316,85,13
java,bytes,message,100,4,java-serialization,21.0.11,62440,146234,206,208674,16015.374760,6838.354965,4792.163854,0,1.0,message,native,1,99d1c7fab316,86,14
java,bytes,message,100,4,jackson-cbor,2.18.3,46537,56505,115,103042,21488.278144,17697.548889,9704.780575,0,1.0,reflect,native,1,99d1c7fab316,87,15
java,bytes,message,100,4,gson,2.12.1,54629,44416,158,99045,18305.295722,22514.409222,10096.420819,0,1.0,reflect,native,1,99d1c7fab316,88,16
java,bytes,message,100,4,kryo,5.6.2,30971,19917,46,50888,32288.269672,50208.364714,19650.998271,0,1.0,message,native,1,99d1c7fab316,89,17
java,bytes,message,100,5,kryo,5.6.2,18331,14952,46,33283,54552.397578,66880.684858,30045.368506,0,1.0,message,native,1,99d1c7fab316,90,0
java,bytes,message,100,5,jackson,2.18.3,48905,71147,158,120052,20447.806973,14055.406412,8329.723786,0,1.0,reflect,native,1,99d1c7fab316,91,1
java,bytes,message,100,5,moshi,1.15.2,55614,67941,158,123555,17981.083900,14718.652949,8093.561572,0,1.0,reflect,native,1,99d1c7fab316,92,2
java,bytes,message,100,5,fastjson2,2.0.57,44595,27666,158,72261,22424.038569,36145.449288,13838.723516,0,1.0,reflect,adapted,1,99d1c7fab316,93,3
java,bytes,message,100,5,msgpack,0.9.8,59197,116654,114,175851,16892.747943,8572.359285,5686.632433,0,1.0,reflect,native,1,99d1c7fab316,94,4
java,bytes,message,100,5,ion,2.18.3,128432,246103,144,374535,7786.221502,4063.339334,2669.977439,0,1.0,reflect,native,1,99d1c7fab316,95,5
java,bytes,message,100,5,protobuf,4.28.3,15025,14034,50,29059,66555.740433,71255.522303,34412.746481,0,1.0,message,native,1,99d1c7fab316,96,6
java,bytes,message,100,5,bson,5.3.1,68260,64740,134,133000,14649.868151,15446.400989,7518.796992,0,1.0,message,adapted,1,99d1c7fab316,97,7
java,bytes,message,100,5,avro,1.12.0,35966,45859,44,81825,27804.037146,21805.970475,12221.203789,0,1.0,schema,native,1,99d1c7fab316,98,8
java,bytes,message,100,5,dsl-json,2.0.2,52173,46261,158,98434,19167.002089,21616.480405,10159.091371,0,1.0,reflect,native,1,99d1c7fab316,99,9
java,bytes,message,100,5,gson,2.12.1,47662,41934,158,89596,20981.075070,23846.997663,11161.212554,0,1.0,reflect,native,1,99d1c7fab316,100,10
java,bytes,message,100,5,java-serialization,21.0.11,52660,88578,206,141238,18989.745537,11289.484974,7080.247525,0,1.0,message,native,1,99d1c7fab316,101,11
java,bytes,message,100,5,jackson-smile,2.18.3,46852,45876,119,92728,21343.806027,21797.889964,10784.229143,0,1.0,reflect,native,1,99d1c7fab316,102,12
java,bytes,message,100,5,hessian,4.0.66,25986,24801,143,50787,38482.259678,40320.954800,19690.078170,0,1.0,message,native,1,99d1c7fab316,103,13
java,bytes,message,100,5,fory,1.3.0,21847,19441,133,41288,45772.874994,51437.683247,24220.112381,0,1.0,message,adapted,1,99d1c7fab316,104,14
java,bytes,message,100,5,jackson-cbor,2.18.3,39974,55042,115,95016,25016.260569,18167.944479,10524.543235,0,1.0,reflect,native,1,99d1c7fab316,105,15
java,bytes,message,100,5,jsoniter,0.9.23,20269,16750,150,37019,49336.425083,59701.492537,27013.155407,0,1.0,reflect,adapted,1,99d1c7fab316,106,16
java,bytes,message,100,5,protostuff,1.8.0,17022,12299,52,29321,58747.503231,81307.423368,34105.248798,0,1.0,schema,native,1,99d1c7fab316,107,17
java,bytes,message,100,6,ion,2.18.3,121503,232945,144,354448,8230.249459,4292.858829,2821.288313,0,1.0,reflect,native,1,99d1c7fab316,108,0
java,bytes,message,100,6,hessian,4.0.66,25943,25018,143,50961,38546.043249,39971.220721,19622.848845,0,1.0,message,native,1,99d1c7fab316,109,1
java,bytes,message,100,6,jackson,2.18.3,52145,68157,158,120302,19177.294084,14672.007277,8312.413759,0,1.0,reflect,native,1,99d1c7fab316,110,2
java,bytes,message,100,6,protostuff,1.8.0,14788,10378,52,25166,67622.396538,96357.679707,39736.151951,0,1.0,schema,native,1,99d1c7fab316,111,3
java,bytes,message,100,6,protobuf,4.28.3,13628,13328,50,26956,73378.338714,75030.012005,37097.492210,0,1.0,message,native,1,99d1c7fab316,112,4
java,bytes,message,100,6,avro,1.12.0,44803,45767,44,90570,22319.933933,21849.804444,11041.183615,0,1.0,schema,native,1,99d1c7fab316,113,5
java,bytes,message,100,6,jackson-smile,2.18.3,67550,65832,119,133382,14803.849001,15190.181067,7497.263499,0,1.0,reflect,native,1,99d1c7fab316,114,6
java,bytes,message,100,6,fastjson2,2.0.57,29228,28421,158,57649,34213.767620,35185.250343,17346.354664,0,1.0,reflect,adapted,1,99d1c7fab316,115,7
java,bytes,message,100,6,bson,5.3.1,78005,119258,134,197263,12819.691045,8385.181707,5069.374389,0,1.0,message,adapted,1,99d1c7fab316,116,8
java,bytes,message,100,6,dsl-json,2.0.2,53193,46638,158,99831,18799.466095,21441.742785,10016.928609,0,1.0,reflect,native,1,99d1c7fab316,117,9
java,bytes,message,100,6,msgpack,0.9.8,102024,104886,114,206910,9801.615306,9534.160898,4833.019187,0,1.0,reflect,native,1,99d1c7fab316,118,10
java,bytes,message,100,6,java-serialization,21.0.11,50843,90670,206,141513,19668.390929,11029.006287,7066.488591,0,1.0,message,native,1,99d1c7fab316,119,11
java,bytes,message,100,6,kryo,5.6.2,29727,19629,46,49356,33639.452350,50945.030312,20260.961180,0,1.0,message,native,1,99d1c7fab316,120,12
java,bytes,message,100,6,fory,1.3.0,19579,17216,133,36795,51075.131518,58085.501859,27177.605653,0,1.0,message,adapted,1,99d1c7fab316,121,13
java,bytes,message,100,6,jackson-cbor,2.18.3,55507,52917,115,108424,18015.745762,18897.518756,9223.050247,0,1.0,reflect,native,1,99d1c7fab316,122,14
java,bytes,message,100,6,jsoniter,0.9.23,18028,16316,150,34344,55469.270024,61289.531748,29117.167482,0,1.0,reflect,adapted,1,99d1c7fab316,123,15
java,bytes,message,100,6,gson,2.12.1,60672,44978,158,105650,16482.067511,22233.091734,9465.215334,0,1.0,reflect,native,1,99d1c7fab316,124,16
java,bytes,message,100,6,moshi,1.15.2,53195,85663,158,138858,18798.759282,11673.651401,7201.601636,0,1.0,reflect,native,1,99d1c7fab316,125,17
java,bytes,message,100,7,protostuff,1.8.0,13004,10724,52,23728,76899.415564,93248.787766,42144.302090,0,1.0,schema,native,1,99d1c7fab316,126,0
java,bytes,message,100,7,avro,1.12.0,36591,170101,44,206692,27329.124648,5878.860207,4838.116618,0,1.0,schema,native,1,99d1c7fab316,127,1
java,bytes,message,100,7,fastjson2,2.0.57,33460,27890,158,61350,29886.431560,35855.145213,16299.918500,0,1.0,reflect,adapted,1,99d1c7fab316,128,2
java,bytes,message,100,7,kryo,5.6.2,28708,19406,46,48114,34833.495890,51530.454499,20783.971401,0,1.0,message,native,1,99d1c7fab316,129,3
java,bytes,message,100,7,jackson-smile,2.18.3,50675,48938,119,99613,19733.596448,20434.018554,10038.850351,0,1.0,reflect,native,1,99d1c7fab316,130,4
java,bytes,message,100,7,bson,5.3.1,71158,58645,134,129803,14053.233649,17051.752068,7703.982188,0,1.0,message,adapted,1,99d1c7fab316,131,5
java,bytes,message,100,7,ion,2.18.3,147942,332103,144,480045,6759.405713,3011.114022,2083.138039,0,1.0,reflect,native,1,99d1c7fab316,132,6
java,bytes,message,100,7,hessian,4.0.66,30599,34221,143,64820,32680.806562,29221.822857,15427.337242,0,1.0,message,native,1,99d1c7fab316,133,7
java,bytes,message,100,7,fory,1.3.0,22825,19588,133,42413,43811.610077,51051.664284,23577.676656,0,1.0,message,adapted,1,99d1c7fab316,134,8
java,bytes,message,100,7,moshi,1.15.2,59641,74279,158,133920,16766.989152,13462.755287,7467.144564,0,1.0,reflect,native,1,99d1c7fab316,135,9
java,bytes,message,100,7,protobuf,4.28.3,22323,17449,50,39772,44796.846302,57309.874491,25143.316906,0,1.0,message,native,1,99d1c7fab316,136,10
java,bytes,message,100,7,dsl-json,2.0.2,54962,53457,158,108419,18194.388850,18706.624016,9223.475590,0,1.0,reflect,native,1,99d1c7fab316,137,11
java,bytes,message,100,7,jackson,2.18.3,56130,70547,158,126677,17815.784785,14174.947198,7894.092850,0,1.0,reflect,native,1,99d1c7fab316,138,12
java,bytes,message,100,7,msgpack,0.9.8,73083,73514,114,146597,13683.072671,13602.851158,6821.421994,0,1.0,reflect,native,1,99d1c7fab316,139,13
java,bytes,message,100,7,java-serialization,21.0.11,67863,111858,206,179721,14735.570193,8939.905952,5564.180035,0,1.0,message,native,1,99d1c7fab316,140,14
java,bytes,message,100,7,jsoniter,0.9.23,23136,19777,150,42913,43222.683264,50563.786216,23302.961806,0,1.0,reflect,adapted,1,99d1c7fab316,141,15
java,bytes,message,100,7,jackson-cbor,2.18.3,48608,60001,115,108609,20572.745227,16666.388894,9207.340092,0,1.0,reflect,native,1,99d1c7fab316,142,16
java,bytes,message,100,7,gson,2.12.1,63867,160989,158,224856,15657.538322,6211.604520,4447.290710,0,1.0,reflect,native,1,99d1c7fab316,143,17
java,bytes,message,100,8,java-serialization,21.0.11,60128,135707,206,195835,16631.186801,7368.816642,5106.339521,0,1.0,message,native,1,99d1c7fab316,144,0
java,bytes,message,100,8,ion,2.18.3,151332,285909,144,437241,6607.987736,3497.616374,2287.068230,0,1.0,reflect,native,1,99d1c7fab316,145,1
java,bytes,message,100,8,fory,1.3.0,31010,23339,133,54349,32247.662045,42846.737221,18399.602569,0,1.0,message,adapted,1,99d1c7fab316,146,2
java,bytes,message,100,8,protostuff,1.8.0,21081,15417,52,36498,47436.079882,64863.462412,27398.761576,0,1.0,schema,native,1,99d1c7fab316,147,3
java,bytes,message,100,8,moshi,1.15.2,66107,67879,158,133986,15126.991090,14732.096819,7463.466332,0,1.0,reflect,native,1,99d1c7fab316,148,4
java,bytes,message,100,8,avro,1.12.0,46939,57578,44,104517,21304.245936,17367.744625,9567.821503,0,1.0,schema,native,1,99d1c7fab316,149,5
java,bytes,message,100,8,kryo,5.6.2,35362,22195,46,57557,28278.943499,45055.192611,17374.081345,0,1.0,message,native,1,99d1c7fab316,150,6
java,bytes,message,100,8,hessian,4.0.66,28533,28521,143,57054,35047.138401,35061.884226,17527.254881,0,1.0,message,native,1,99d1c7fab316,151,7
java,bytes,message,100,8,dsl-json,2.0.2,55090,52031,158,107121,18152.114721,19219.311564,9335.237722,0,1.0,reflect,native,1,99d1c7fab316,152,8
java,bytes,message,100,8,msgpack,0.9.8,68318,84804,114,153122,14637.430838,11791.896609,6530.740194,0,1.0,reflect,native,1,99d1c7fab316,153,9
java,bytes,message,100,8,jackson,2.18.3,53662,72191,158,125853,18635.160821,13852.142234,7945.778011,0,1.0,reflect,native,1,99d1c7fab316,154,10
java,bytes,message,100,8,jsoniter,0.9.23,26366,20068,150,46434,37927.634074,49830.576041,21535.943490,0,1.0,reflect,adapted,1,99d1c7fab316,155,11
java,bytes,message,100,8,fastjson2,2.0.57,35698,32241,158,67939,28012.773825,31016.407680,14719.086239,0,1.0,reflect,adapted,1,99d1c7fab316,156,12
java,bytes,message,100,8,bson,5.3.1,73920,79523,134,153443,13528.138528,12574.978308,6517.078003,0,1.0,message,adapted,1,99d1c7fab316,157,13
java,bytes,message,100,8,jackson-smile,2.18.3,55161,53059,119,108220,18128.750385,18846.943968,9240.436149,0,1.0,reflect,native,1,99d1c7fab316,158,14
java,bytes,message,100,8,jackson-cbor,2.18.3,40750,77887,115,118637,24539.877301,12839.113074,8429.073561,0,1.0,reflect,native,1,99d1c7fab316,159,15
java,bytes,message,100,8,gson,2.12.1,55030,50697,158,105727,18171.906233,19725.033039,9458.321905,0,1.0,reflect,native,1,99d1c7fab316,160,16
java,bytes,message,100,8,protobuf,4.28.3,17566,17697,50,35263,56928.156666,56506.752557,28358.335933,0,1.0,message,native,1,99d1c7fab316,161,17
java,bytes,message,100,9,protobuf,4.28.3,13375,8839,50,22214,74766.355140,113134.970019,45016.656163,0,1.0,message,native,1,99d1c7fab316,162,0
java,bytes,message,100,9,dsl-json,2.0.2,52138,53956,158,106094,19179.868810,18533.619987,9425.603710,0,1.0,reflect,native,1,99d1c7fab316,163,1
java,bytes,message,100,9,fory,1.3.0,23268,24553,133,47821,42977.479801,40728.220584,20911.315113,0,1.0,message,adapted,1,99d1c7fab316,164,2
java,bytes,message,100,9,fastjson2,2.0.57,31637,28991,158,60628,31608.559598,34493.463489,16494.029161,0,1.0,reflect,adapted,1,99d1c7fab316,165,3
java,bytes,message,100,9,moshi,1.15.2,71954,71292,158,143246,13897.768018,14026.819278,6980.997724,0,1.0,reflect,native,1,99d1c7fab316,166,4
java,bytes,message,100,9,jackson-smile,2.18.3,62230,52227,119,114457,16069.419894,19147.184407,8736.905563,0,1.0,reflect,native,1,99d1c7fab316,167,5
java,bytes,message,100,9,kryo,5.6.2,41647,26438,46,68085,24011.333349,37824.343748,14687.522949,0,1.0,message,native,1,99d1c7fab316,168,6
java,bytes,message,100,9,jsoniter,0.9.23,25740,26676,150,52416,38850.038850,37486.879592,19078.144078,0,1.0,reflect,adapted,1,99d1c7fab316,169,7
java,bytes,message,100,9,msgpack,0.9.8,109060,87464,114,196524,9169.264625,11433.275405,5088.437036,0,1.0,reflect,native,1,99d1c7fab316,170,8
java,bytes,message,100,9,jackson,2.18.3,77910,96146,158,174056,12835.322808,10400.848709,5745.277382,0,1.0,reflect,native,1,99d1c7fab316,171,9
java,bytes,message,100,9,jackson-cbor,2.18.3,46982,58004,115,104986,21284.747350,17240.190332,9525.079534,0,1.0,reflect,native,1,99d1c7fab316,172,10
java,bytes,message,100,9,java-serialization,21.0.11,85447,117938,206,203385,11703.161024,8479.031355,4916.783440,0,1.0,message,native,1,99d1c7fab316,173,11
java,bytes,message,100,9,ion,2.18.3,224879,272398,144,497277,4446.835854,3671.098907,2010.951643,0,1.0,reflect,native,1,99d1c7fab316,174,12
java,bytes,message,100,9,avro,1.12.0,52036,59777,44,111813,19217.464832,16728.842197,8943.503886,0,1.0,schema,native,1,99d1c7fab316,175,13
java,bytes,message,100,9,hessian,4.0.66,32372,32781,143,65153,30890.893365,30505.475733,15348.487407,0,1.0,message,native,1,99d1c7fab316,176,14
java,bytes,message,100,9,protostuff,1.8.0,21461,14693,52,36154,46596.151158,68059.620227,27659.456768,0,1.0,schema,native,1,99d1c7fab316,177,15
java,bytes,message,100,9,gson,2.12.1,63283,45681,158,108964,15802.032141,21890.939340,9177.342976,0,1.0,reflect,native,1,99d1c7fab316,178,16
java,bytes,message,100,9,bson,5.3.1,79776,102260,134,182036,12535.098275,9778.994719,5493.418884,0,1.0,message,adapted,1,99d1c7fab316,179,17
java,bytes,message,100,10,dsl-json,2.0.2,57634,64632,158,122266,17350.869279,15472.211907,8178.888653,0,1.0,reflect,native,1,99d1c7fab316,180,0
java,bytes,message,100,10,avro,1.12.0,38139,47798,44,85937,26219.879913,20921.377463,11636.431339,0,1.0,schema,native,1,99d1c7fab316,181,1
java,bytes,message,100,10,jackson-cbor,2.18.3,47011,53396,115,100407,21271.617281,18727.994606,9959.464978,0,1.0,reflect,native,1,99d1c7fab316,182,2
java,bytes,message,100,10,msgpack,0.9.8,130989,61789,114,192778,7634.228828,16184.110440,5187.313905,0,1.0,reflect,native,1,99d1c7fab316,183,3
java,bytes,message,100,10,java-serialization,21.0.11,60575,95805,206,156380,16508.460586,10437.868587,6394.679627,0,1.0,message,native,1,99d1c7fab316,184,4
java,bytes,message,100,10,bson,5.3.1,82115,57476,134,139591,12178.042988,17398.566358,7163.785631,0,1.0,message,adapted,1,99d1c7fab316,185,5
java,bytes,message,100,10,jsoniter,0.9.23,25002,18768,150,43770,39996.800256,53282.182438,22846.698652,0,1.0,reflect,adapted,1,99d1c7fab316,186,6
java,bytes,message,100,10,gson,2.12.1,52352,45191,158,97543,19101.466993,22128.299883,10251.888911,0,1.0,reflect,native,1,99d1c7fab316,187,7
java,bytes,message,100,10,kryo,5.6.2,31375,22999,46,54374,31872.509960,43480.151311,18391.142826,0,1.0,message,native,1,99d1c7fab316,188,8
java,bytes,message,100,10,protobuf,4.28.3,20957,17582,50,38539,47716.753352,56876.350813,25947.741249,0,1.0,message,native,1,99d1c7fab316,189,9
java,bytes,message,100,10,fastjson2,2.0.57,31232,29660,158,60892,32018.442623,33715.441672,16422.518557,0,1.0,reflect,adapted,1,99d1c7fab316,190,10
java,bytes,message,100,10,ion,2.18.3,131706,261778,144,393484,7592.668519,3820.030713,2541.399396,0,1.0,reflect,native,1,99d1c7fab316,191,11
java,bytes,message,100,10,jackson,2.18.3,51931,68816,158,120747,19256.320887,14531.504301,8281.779257,0,1.0,reflect,native,1,99d1c7fab316,192,12
java,bytes,message,100,10,fory,1.3.0,23155,19921,133,43076,43187.216584,50198.283219,23214.783174,0,1.0,message,adapted,1,99d1c7fab316,193,13
java,bytes,message,100,10,jackson-smile,2.18.3,43498,43617,119,87115,22989.562739,22926.840452,11479.079378,0,1.0,reflect,native,1,99d1c7fab316,194,14
java,bytes,message,100,10,moshi,1.15.2,61487,60957,158,122444,16263.600436,16405.006808,8166.998791,0,1.0,reflect,native,1,99d1c7fab316,195,15
java,bytes,message,100,10,protostuff,1.8.0,18101,13641,52,31742,55245.566543,73308.408474,31504.001008,0,1.0,schema,native,1,99d1c7fab316,196,16
java,bytes,message,100,10,hessian,4.0.66,27291,27545,143,54836,36642.116449,36304.229443,18236.195200,0,1.0,message,native,1,99d1c7fab316,197,17
java,bytes,message,100,11,jsoniter,0.9.23,18898,17051,150,35949,52915.652450,58647.586652,27817.185457,0,1.0,reflect,adapted,1,99d1c7fab316,198,0
java,bytes,message,100,11,gson,2.12.1,80611,42113,158,122724,12405.254866,23745.636739,8148.365438,0,1.0,reflect,native,1,99d1c7fab316,199,1
java,bytes,message,100,11,jackson-cbor,2.18.3,44364,56997,115,101361,22540.798846,17544.783059,9865.727449,0,1.0,reflect,native,1,99d1c7fab316,200,2
java,bytes,message,100,11,kryo,5.6.2,31626,19392,46,51018,31619.553532,51567.656766,19600.925164,0,1.0,message,native,1,99d1c7fab316,201,3
java,bytes,message,100,11,dsl-json,2.0.2,57482,49076,158,106558,17396.750287,20376.558807,9384.560521,0,1.0,reflect,native,1,99d1c7fab316,202,4
java,bytes,message,100,11,jackson,2.18.3,49443,68812,158,118255,20225.309953,14532.349009,8456.302059,0,1.0,reflect,native,1,99d1c7fab316,203,5
java,bytes,message,100,11,moshi,1.15.2,60056,59885,158,119941,16651.125616,16698.672456,8337.432571,0,1.0,reflect,native,1,99d1c7fab316,204,6
java,bytes,message,100,11,fory,1.3.0,23797,20364,133,44161,42022.103627,49106.265960,22644.414755,0,1.0,message,adapted,1,99d1c7fab316,205,7
java,bytes,message,100,11,bson,5.3.1,77264,91595,134,168859,12942.638227,10917.626508,5922.100688,0,1.0,message,adapted,1,99d1c7fab316,206,8
java,bytes,message,100,11,java-serialization,21.0.11,64716,95512,206,160228,15452.129303,10469.888600,6241.106423,0,1.0,message,native,1,99d1c7fab316,207,9
java,bytes,message,100,11,ion,2.18.3,167965,282115,144,450080,5953.621290,3544.653776,2221.827231,0,1.0,reflect,native,1,99d1c7fab316,208,10
java,bytes,message,100,11,avro,1.12.0,73131,73282,44,146413,13674.091698,13645.915777,6829.994604,0,1.0,schema,native,1,99d1c7fab316,209,11
java,bytes,message,100,11,msgpack,0.9.8,118890,84161,114,203051,8411.136345,11881.988094,4924.871091,0,1.0,reflect,native,1,99d1c7fab316,210,12
java,bytes,message,100,11,protobuf,4.28.3,21593,22211,50,43804,46311.304589,45022.736482,22828.965391,0,1.0,message,native,1,99d1c7fab316,211,13
java,bytes,message,100,11,protostuff,1.8.0,18991,13743,52,32734,52656.521510,72764.316379,30549.275982,0,1.0,schema,native,1,99d1c7fab316,212,14
java,bytes,message,100,11,fastjson2,2.0.57,136920,31599,158,168519,7303.534911,31646.571094,5934.048980,0,1.0,reflect,adapted,1,99d1c7fab316,213,15
java,bytes,message,100,11,hessian,4.0.66,28325,30476,143,58801,35304.501324,32812.705079,17006.513495,0,1.0,message,native,1,99d1c7fab316,214,16
java,bytes,message,100,11,jackson-smile,2.18.3,58472,50615,119,109087,17102.202764,19756.989035,9166.995151,0,1.0,reflect,native,1,99d1c7fab316,215,17
java,bytes,message,100,12,protostuff,1.8.0,17548,13558,52,31106,56986.551174,73757.191326,32148.138623,0,1.0,schema,native,1,99d1c7fab316,216,0
java,bytes,message,100,12,dsl-json,2.0.2,56966,53340,158,110306,17554.330653,18747.656543,9065.689990,0,1.0,reflect,native,1,99d1c7fab316,217,1
java,bytes,message,100,12,moshi,1.15.2,68854,241012,158,309866,14523.484474,4149.170996,3227.201435,0,1.0,reflect,native,1,99d1c7fab316,218,2
java,bytes,message,100,12,msgpack,0.9.8,64438,73209,114,137647,15518.793259,13659.522736,7264.960370,0,1.0,reflect,native,1,99d1c7fab316,219,3
java,bytes,message,100,12,java-serialization,21.0.11,64771,104344,206,169115,15439.008198,9583.684735,5913.136032,0,1.0,message,native,1,99d1c7fab316,220,4
java,bytes,message,100,12,kryo,5.6.2,38008,23612,46,61620,26310.250474,42351.346773,16228.497241,0,1.0,message,native,1,99d1c7fab316,221,5
java,bytes,message,100,12,fory,1.3.0,27687,23585,133,51272,36118.033734,42399.830401,19503.822749,0,1.0,message,adapted,1,99d1c7fab316,222,6
java,bytes,message,100,12,jackson,2.18.3,58116,72854,158,130970,17206.965380,13726.082302,7635.336337,0,1.0,reflect,native,1,99d1c7fab316,223,7
java,bytes,message,100,12,hessian,4.0.66,27705,28807,143,56512,36094.567768,34713.784844,17695.356738,0,1.0,message,native,1,99d1c7fab316,224,8
java,bytes,message,100,12,jackson-cbor,2.18.3,38395,269886,115,308281,26045.057950,3705.268150,3243.793811,0,1.0,reflect,native,1,99d1c7fab316,225,9
java,bytes,message,100,12,avro,1.12.0,39316,55952,44,95268,25434.937430,17872.462110,10496.704035,0,1.0,schema,native,1,99d1c7fab316,226,10
java,bytes,message,100,12,bson,5.3.1,104183,81118,134,185301,9598.494956,12327.720111,5396.624951,0,1.0,message,adapted,1,99d1c7fab316,227,11
java,bytes,message,100,12,fastjson2,2.0.57,30230,28566,158,58796,33079.722130,35006.651264,17007.959725,0,1.0,reflect,adapted,1,99d1c7fab316,228,12
java,bytes,message,100,12,ion,2.18.3,128993,280050,144,409043,7752.358655,3570.790930,2444.730750,0,1.0,reflect,native,1,99d1c7fab316,229,13
java,bytes,message,100,12,jackson-smile,2.18.3,42695,41856,119,84551,23421.946364,23891.437309,11827.181228,0,1.0,reflect,native,1,99d1c7fab316,230,14
java,bytes,message,100,12,jsoniter,0.9.23,21656,18964,150,40620,46176.579239,52731.491247,24618.414574,0,1.0,reflect,adapted,1,99d1c7fab316,231,15
java,bytes,message,100,12,protobuf,4.28.3,15449,17032,50,32481,64729.108680,58713.010803,30787.229457,0,1.0,message,native,1,99d1c7fab316,232,16
java,bytes,message,100,12,gson,2.12.1,61541,50149,158,111690,16249.329715,19940.577080,8953.353031,0,1.0,reflect,native,1,99d1c7fab316,233,17
java,bytes,message,100,13,protobuf,4.28.3,10021,11126,50,21147,99790.440076,89879.561388,47288.031399,0,1.0,message,native,1,99d1c7fab316,234,0
java,bytes,message,100,13,jackson-cbor,2.18.3,41047,47791,115,88838,24362.316369,20924.441841,11256.444314,0,1.0,reflect,native,1,99d1c7fab316,235,1
java,bytes,message,100,13,gson,2.12.1,43485,39912,158,83397,22996.435552,25055.121267,11990.838999,0,1.0,reflect,native,1,99d1c7fab316,236,2
java,bytes,message,100,13,fastjson2,2.0.57,26327,26569,158,52896,37983.818893,37637.848621,18905.021174,0,1.0,reflect,adapted,1,99d1c7fab316,237,3
java,bytes,message,100,13,ion,2.18.3,116492,191910,144,308402,8584.280466,5210.775885,3242.521125,0,1.0,reflect,native,1,99d1c7fab316,238,4
java,bytes,message,100,13,avro,1.12.0,33731,43043,44,76774,29646.319409,23232.581372,13025.242921,0,1.0,schema,native,1,99d1c7fab316,239,5
java,bytes,message,100,13,fory,1.3.0,21364,16886,133,38250,46807.713911,59220.656165,26143.790850,0,1.0,message,adapted,1,99d1c7fab316,240,6
java,bytes,message,100,13,jackson-smile,2.18.3,41301,41948,119,83249,24212.488802,23839.038810,12012.156302,0,1.0,reflect,native,1,99d1c7fab316,241,7
java,bytes,message,100,13,kryo,5.6.2,27984,18538,46,46522,35734.705546,53943.251699,21495.206569,0,1.0,message,native,1,99d1c7fab316,242,8
java,bytes,message,100,13,java-serialization,21.0.11,54376,90965,206,145341,18390.466382,10993.239158,6880.370990,0,1.0,message,native,1,99d1c7fab316,243,9
java,bytes,message,100,13,dsl-json,2.0.2,61919,41492,158,103411,16150.131624,24101.031524,9670.151144,0,1.0,reflect,native,1,99d1c7fab316,244,10
java,bytes,message,100,13,jackson,2.18.3,47373,62063,158,109436,21109.070568,16112.659717,9137.760883,0,1.0,reflect,native,1,99d1c7fab316,245,11
java,bytes,message,100,13,msgpack,0.9.8,48383,57473,114,105856,20668.416593,17399.474536,9446.795647,0,1.0,reflect,native,1,99d1c7fab316,246,12
java,bytes,message,100,13,hessian,4.0.66,26263,24609,143,50872,38076.381221,40635.539843,19657.178802,0,1.0,message,native,1,99d1c7fab316,247,13
java,bytes,message,100,13,protostuff,1.8.0,15672,12429,52,28101,63808.065339,80456.995736,35585.922209,0,1.0,schema,native,1,99d1c7fab316,248,14
java,bytes,message,100,13,jsoniter,0.9.23,17774,15630,150,33404,56261.955666,63979.526552,29936.534547,0,1.0,reflect,adapted,1,99d1c7fab316,249,15
java,bytes,message,100,13,bson,5.3.1,51457,54059,134,105516,19433.701926,18498.307405,9477.235680,0,1.0,message,adapted,1,99d1c7fab316,250,16
java,bytes,message,100,13,moshi,1.15.2,64041,64126,158,128167,15614.996643,15594.298724,7802.320410,0,1.0,reflect,native,1,99d1c7fab316,251,17
java,bytes,message,100,14,bson,5.3.1,71799,47908,134,119707,13927.770582,20873.340569,8353.730358,0,1.0,message,adapted,1,99d1c7fab316,252,0
java,bytes,message,100,14,kryo,5.6.2,25301,17036,46,42337,39524.129481,58699.225170,23620.001417,0,1.0,message,native,1,99d1c7fab316,253,1
java,bytes,message,100,14,avro,1.12.0,43980,45108,44,89088,22737.608004,22169.016582,11224.856322,0,1.0,schema,native,1,99d1c7fab316,254,2
java,bytes,message,100,14,java-serialization,21.0.11,54511,80695,206,135206,18344.921209,12392.341533,7396.121474,0,1.0,message,native,1,99d1c7fab316,255,3
java,bytes,message,100,14,moshi,1.15.2,43497,57853,158,101350,22990.091271,17285.188322,9866.798224,0,1.0,reflect,native,1,99d1c7fab316,256,4
java,bytes,message,100,14,jsoniter,0.9.23,23733,18255,150,41988,42135.423250,54779.512462,23816.328475,0,1.0,reflect,adapted,1,99d1c7fab316,257,5
java,bytes,message,100,14,jackson-smile,2.18.3,54619,49151,119,103770,18308.647174,20345.466013,9636.696540,0,1.0,reflect,native,1,99d1c7fab316,258,6
java,bytes,message,100,14,jackson-cbor,2.18.3,39049,47287,115,86336,25608.850419,21147.461247,11582.653818,0,1.0,reflect,native,1,99d1c7fab316,259,7
java,bytes,message,100,14,gson,2.12.1,47178,65732,158,112910,21196.320319,15213.290330,8856.611460,0,1.0,reflect,native,1,99d1c7fab316,260,8
java,bytes,message,100,14,jackson,2.18.3,44357,63559,158,107916,22544.356020,15733.413049,9266.466511,0,1.0,reflect,native,1,99d1c7fab316,261,9
java,bytes,message,100,14,ion,2.18.3,127491,215626,144,343117,7843.690927,4637.659651,2914.457751,0,1.0,reflect,native,1,99d1c7fab316,262,10
java,bytes,message,100,14,fory,1.3.0,26749,21391,133,48140,37384.575124,46748.632602,20772.746157,0,1.0,message,adapted,1,99d1c7fab316,263,11
java,bytes,message,100,14,msgpack,0.9.8,57545,73455,114,131000,17377.704405,13613.777142,7633.587786,0,1.0,reflect,native,1,99d1c7fab316,264,12
java,bytes,message,100,14,fastjson2,2.0.57,35362,35713,158,71075,28278.943499,28001.008036,14069.644741,0,1.0,reflect,adapted,1,99d1c7fab316,265,13
java,bytes,message,100,14,protostuff,1.8.0,19515,17430,52,36945,51242.633871,57372.346529,27067.262146,0,1.0,schema,native,1,99d1c7fab316,266,14
java,bytes,message,100,14,hessian,4.0.66,28468,28469,143,56937,35127.160320,35125.926446,17563.271686,0,1.0,message,native,1,99d1c7fab316,267,15
java,bytes,message,100,14,dsl-json,2.0.2,54144,52718,158,106862,18469.267139,18968.853143,9357.863413,0,1.0,reflect,native,1,99d1c7fab316,268,16
java,bytes,message,100,14,protobuf,4.28.3,15467,19803,50,35270,64653.779013,50497.399384,28352.707684,0,1.0,message,native,1,99d1c7fab316,269,17
java,bytes,message,100,15,java-serialization,21.0.11,56313,86546,206,142859,17757.888942,11554.549026,6999.909001,0,1.0,message,native,1,99d1c7fab316,270,0
java,bytes,message,100,15,hessian,4.0.66,25567,23213,143,48780,39112.918997,43079.309008,20500.205002,0,1.0,message,native,1,99d1c7fab316,271,1
java,bytes,message,100,15,jackson,2.18.3,50722,65329,158,116051,19715.310910,15307.137718,8616.901190,0,1.0,reflect,native,1,99d1c7fab316,272,2
java,bytes,message,100,15,fory,1.3.0,19041,15868,133,34909,52518.250092,63019.914293,28645.907932,0,1.0,message,adapted,1,99d1c7fab316,273,3
java,bytes,message,100,15,jackson-smile,2.18.3,39031,38554,119,77585,25620.660501,25937.645899,12889.089386,0,1.0,reflect,native,1,99d1c7fab316,274,4
java,bytes,message,100,15,msgpack,0.9.8,51793,54337,114,106130,19307.628444,18403.666010,9422.406483,0,1.0,reflect,native,1,99d1c7fab316,275,5
java,bytes,message,100,15,jackson-cbor,2.18.3,42980,46815,115,89795,23266.635644,21360.674997,11136.477532,0,1.0,reflect,native,1,99d1c7fab316,276,6
java,bytes,message,100,15,protostuff,1.8.0,17718,14888,52,32606,56439.778756,67168.189146,30669.201987,0,1.0,schema,native,1,99d1c7fab316,277,7
java,bytes,message,100,15,gson,2.12.1,40791,39362,158,80153,24515.211689,25405.213150,12476.139383,0,1.0,reflect,native,1,99d1c7fab316,278,8
java,bytes,message,100,15,ion,2.18.3,159936,479286,144,639222,6252.501000,2086.436908,1564.401726,0,1.0,reflect,native,1,99d1c7fab316,279,9
java,bytes,message,100,15,protobuf,4.28.3,17023,21957,50,38980,58744.052165,45543.562417,25654.181632,0,1.0,message,native,1,99d1c7fab316,280,10
java,bytes,message,100,15,avro,1.12.0,624797,71817,44,696614,1600.519849,13924.279767,1435.515221,0,1.0,schema,native,1,99d1c7fab316,281,11
java,bytes,message,100,15,jsoniter,0.9.23,24068,21069,150,45137,41548.944657,47463.097442,22154.773246,0,1.0,reflect,adapted,1,99d1c7fab316,282,12
java,bytes,message,100,15,fastjson2,2.0.57,32414,28928,158,61342,30850.866909,34568.584071,16302.044276,0,1.0,reflect,adapted,1,99d1c7fab316,283,13
java,bytes,message,100,15,dsl-json,2.0.2,57747,55048,158,112795,17316.916896,18165.964249,8865.641208,0,1.0,reflect,native,1,99d1c7fab316,284,14
java,bytes,message,100,15,moshi,1.15.2,52936,569883,158,622819,18890.735983,1754.746150,1605.602912,0,1.0,reflect,native,1,99d1c7fab316,285,15
java,bytes,message,100,15,kryo,5.6.2,34295,24127,46,58422,29158.769500,41447.341153,17116.839547,0,1.0,message,native,1,99d1c7fab316,286,16
java,bytes,message,100,15,bson,5.3.1,127389,74646,134,202035,7849.971348,13396.565121,4949.637439,0,1.0,message,adapted,1,99d1c7fab316,287,17
java,bytes,message,100,16,msgpack,0.9.8,82253,102621,114,184874,12157.611273,9744.594186,5409.089434,0,1.0,reflect,native,1,99d1c7fab316,288,0
java,bytes,message,100,16,java-serialization,21.0.11,55744,100064,206,155808,17939.150402,9993.604093,6418.155679,0,1.0,message,native,1,99d1c7fab316,289,1
java,bytes,message,100,16,dsl-json,2.0.2,40596,39692,158,80288,24632.968765,25193.993752,12455.161419,0,1.0,reflect,native,1,99d1c7fab316,290,2
java,bytes,message,100,16,protostuff,1.8.0,15701,12176,52,27877,63690.210815,82128.777924,35871.865696,0,1.0,schema,native,1,99d1c7fab316,291,3
java,bytes,message,100,16,protobuf,4.28.3,13864,13906,50,27770,72129.255626,71911.405149,36010.082823,0,1.0,message,native,1,99d1c7fab316,292,4
java,bytes,message,100,16,fastjson2,2.0.57,25045,23489,158,48534,39928.129367,42573.119332,20604.112581,0,1.0,reflect,adapted,1,99d1c7fab316,293,5
java,bytes,message,100,16,fory,1.3.0,18033,15995,133,34028,55453.890090,62519.537355,29387.563183,0,1.0,message,adapted,1,99d1c7fab316,294,6
java,bytes,message,100,16,ion,2.18.3,113709,187221,144,300930,8794.378633,5341.281160,3323.031934,0,1.0,reflect,native,1,99d1c7fab316,295,7
java,bytes,message,100,16,avro,1.12.0,29585,40765,44,70350,33800.912625,24530.847541,14214.641080,0,1.0,schema,native,1,99d1c7fab316,296,8
java,bytes,message,100,16,jsoniter,0.9.23,17256,15814,150,33070,57950.857673,63235.108132,30238.887209,0,1.0,reflect,adapted,1,99d1c7fab316,297,9
java,bytes,message,100,16,kryo,5.6.2,24392,16397,46,40789,40997.048213,60986.765872,24516.413739,0,1.0,message,native,1,99d1c7fab316,298,10
java,bytes,message,100,16,jackson,2.18.3,45986,64789,158,110775,21745.748706,15434.718857,9027.307606,0,1.0,reflect,native,1,99d1c7fab316,299,11
java,bytes,message,100,16,moshi,1.15.2,34668,48699,158,83367,28845.044421,20534.302552,11995.153958,0,1.0,reflect,native,1,99d1c7fab316,300,12
java,bytes,message,100,16,bson,5.3.1,53752,52626,134,106378,18603.958922,19002.014214,9400.439941,0,1.0,message,adapted,1,99d1c7fab316,301,13
java,bytes,message,100,16,gson,2.12.1,39975,38213,158,78188,25015.634772,26169.104755,12789.686397,0,1.0,reflect,native,1,99d1c7fab316,302,14
java,bytes,message,100,16,jackson-cbor,2.18.3,37943,45565,115,83508,26355.322457,21946.669593,11974.900608,0,1.0,reflect,native,1,99d1c7fab316,303,15
java,bytes,message,100,16,jackson-smile,2.18.3,34858,40283,119,75141,28687.819152,24824.367599,13308.313704,0,1.0,reflect,native,1,99d1c7fab316,304,16
java,bytes,message,100,16,hessian,4.0.66,4082244,34161,143,4116405,244.963309,29273.147742,242.930421,0,1.0,message,native,1,99d1c7fab316,305,17
java,bytes,message,100,17,moshi,1.15.2,58392,65932,158,124324,17125.633648,15167.141904,8043.499244,0,1.0,reflect,native,1,99d1c7fab316,306,0
java,bytes,message,100,17,jackson,2.18.3,80280,83674,158,163954,12456.402591,11951.143724,6099.271747,0,1.0,reflect,native,1,99d1c7fab316,307,1
java,bytes,message,100,17,protobuf,4.28.3,15001,16501,50,31502,66662.222518,60602.387734,31744.016253,0,1.0,message,native,1,99d1c7fab316,308,2
java,bytes,message,100,17,jackson-smile,2.18.3,43056,42046,119,85102,23225.566704,23783.475241,11750.605156,0,1.0,reflect,native,1,99d1c7fab316,309,3
java,bytes,message,100,17,jsoniter,0.9.23,19973,17266,150,37239,50067.591248,57917.294104,26853.567496,0,1.0,reflect,adapted,1,99d1c7fab316,310,4
java,bytes,message,100,17,fory,1.3.0,22150,18300,133,40450,45146.726862,54644.808743,24721.878863,0,1.0,message,adapted,1,99d1c7fab316,311,5
java,bytes,message,100,17,hessian,4.0.66,24925,22169,143,47094,40120.361083,45108.033741,21234.127490,0,1.0,message,native,1,99d1c7fab316,312,6
java,bytes,message,100,17,ion,2.18.3,122740,194240,144,316980,8147.303243,5148.270181,3154.773172,0,1.0,reflect,native,1,99d1c7fab316,313,7
java,bytes,message,100,17,fastjson2,2.0.57,30373,25603,158,55976,32923.978534,39057.922900,17864.799200,0,1.0,reflect,adapted,1,99d1c7fab316,314,8
java,bytes,message,100,17,protostuff,1.8.0,18087,19078,52,37165,55288.328634,52416.395849,26907.036190,0,1.0,schema,native,1,99d1c7fab316,315,9
java,bytes,message,100,17,java-serialization,21.0.11,53037,96706,206,149743,18854.761770,10340.620024,6678.108493,0,1.0,message,native,1,99d1c7fab316,316,10
java,bytes,message,100,17,gson,2.12.1,45366,42554,158,87920,22042.939646,23499.553508,11373.976342,0,1.0,reflect,native,1,99d1c7fab316,317,11
java,bytes,message,100,17,bson,5.3.1,62092,62057,134,124149,16105.134317,16114.217574,8054.837333,0,1.0,message,adapted,1,99d1c7fab316,318,12
java,bytes,message,100,17,avro,1.12.0,39221,50885,44,90106,25496.545218,19652.156824,11098.040086,0,1.0,schema,native,1,99d1c7fab316,319,13
java,bytes,message,100,17,jackson-cbor,2.18.3,47254,60468,115,107722,21162.229653,16537.672819,9283.154787,0,1.0,reflect,native,1,99d1c7fab316,320,14
java,bytes,message,100,17,dsl-json,2.0.2,47610,40472,158,88082,21003.990758,24708.440403,11353.057378,0,1.0,reflect,native,1,99d1c7fab316,321,15
java,bytes,message,100,17,msgpack,0.9.8,56133,47869,114,104002,17814.832630,20890.346571,9615.199708,0,1.0,reflect,native,1,99d1c7fab316,322,16
java,bytes,message,100,17,kryo,5.6.2,29777,19981,46,49758,33582.966719,50047.545168,20097.270791,0,1.0,message,native,1,99d1c7fab316,323,17
java,bytes,message,100,18,gson,2.12.1,41047,41343,158,82390,24362.316369,24187.891541,12137.395315,0,1.0,reflect,native,1,99d1c7fab316,324,0
java,bytes,message,100,18,bson,5.3.1,58665,58394,134,117059,17045.938805,17125.047094,8542.700689,0,1.0,message,adapted,1,99d1c7fab316,325,1
java,bytes,message,100,18,protobuf,4.28.3,11850,19794,50,31644,84388.185654,50520.359705,31601.567438,0,1.0,message,native,1,99d1c7fab316,326,2
java,bytes,message,100,18,fory,1.3.0,18999,16466,133,35465,52634.349176,60731.203692,28196.813760,0,1.0,message,adapted,1,99d1c7fab316,327,3
java,bytes,message,100,18,jsoniter,0.9.23,19029,16002,150,35031,52551.368963,62492.188476,28546.144843,0,1.0,reflect,adapted,1,99d1c7fab316,328,4
java,bytes,message,100,18,jackson-smile,2.18.3,42331,40296,119,82627,23623.349318,24816.358944,12102.581481,0,1.0,reflect,native,1,99d1c7fab316,329,5
java,bytes,message,100,18,java-serialization,21.0.11,46079,81432,206,127511,21701.859849,12280.184694,7842.460650,0,1.0,message,native,1,99d1c7fab316,330,6
java,bytes,message,100,18,fastjson2,2.0.57,26407,28542,158,54949,37868.746923,35036.087170,18198.693334,0,1.0,reflect,adapted,1,99d1c7fab316,331,7
java,bytes,message,100,18,hessian,4.0.66,23088,21997,143,45085,43312.543313,45460.744647,22180.326051,0,1.0,message,native,1,99d1c7fab316,332,8
java,bytes,message,100,18,avro,1.12.0,32469,44367,44,76836,30798.607903,22539.274686,13014.732677,0,1.0,schema,native,1,99d1c7fab316,333,9
java,bytes,message,100,18,jackson-cbor,2.18.3,37127,45663,115,82790,26934.575915,21899.568578,12078.753473,0,1.0,reflect,native,1,99d1c7fab316,334,10
java,bytes,message,100,18,dsl-json,2.0.2,40565,44222,158,84787,24651.793418,22613.178961,11794.260913,0,1.0,reflect,native,1,99d1c7fab316,335,11
java,bytes,message,100,18,moshi,1.15.2,55405,52614,158,108019,18048.912553,19006.348120,9257.630602,0,1.0,reflect,native,1,99d1c7fab316,336,12
java,bytes,message,100,18,msgpack,0.9.8,49884,42867,114,92751,20046.507898,23327.967901,10781.554916,0,1.0,reflect,native,1,99d1c7fab316,337,13
java,bytes,message,100,18,protostuff,1.8.0,18002,12452,52,30454,55549.383402,80308.384195,32836.409010,0,1.0,schema,native,1,99d1c7fab316,338,14
java,bytes,message,100,18,kryo,5.6.2,23378,16394,46,39772,42775.258790,60997.926071,25143.316906,0,1.0,message,native,1,99d1c7fab316,339,15
java,bytes,message,100,18,jackson,2.18.3,52236,60426,158,112662,19143.885443,16549.167577,8876.107294,0,1.0,reflect,native,1,99d1c7fab316,340,16
java,bytes,message,100,18,ion,2.18.3,151875,216549,144,368424,6584.362140,4617.892486,2714.264000,0,1.0,reflect,native,1,99d1c7fab316,341,17
java,bytes,message,100,19,jsoniter,0.9.23,16940,13886,150,30826,59031.877214,72014.979116,32440.147927,0,1.0,reflect,adapted,1,99d1c7fab316,342,0
java,bytes,message,100,19,moshi,1.15.2,40294,46849,158,87143,24817.590708,21345.172789,11475.391024,0,1.0,reflect,native,1,99d1c7fab316,343,1
java,bytes,message,100,19,avro,1.12.0,31048,44836,44,75884,32208.193764,22303.506111,13178.008539,0,1.0,schema,native,1,99d1c7fab316,344,2
java,bytes,message,100,19,protostuff,1.8.0,15762,11356,52,27118,63443.725416,88059.175766,36875.875802,0,1.0,schema,native,1,99d1c7fab316,345,3
java,bytes,message,100,19,jackson-smile,2.18.3,45694,39933,119,85627,21884.711341,25041.945258,11678.559333,0,1.0,reflect,native,1,99d1c7fab316,346,4
java,bytes,message,100,19,hessian,4.0.66,28553,67558,143,96111,35022.589570,14802.095977,10404.636306,0,1.0,message,native,1,99d1c7fab316,347,5
java,bytes,message,100,19,gson,2.12.1,44470,51616,158,96086,22487.069935,19373.837570,10407.343422,0,1.0,reflect,native,1,99d1c7fab316,348,6
java,bytes,message,100,19,msgpack,0.9.8,52265,49842,114,102107,19133.263178,20063.400345,9793.647840,0,1.0,reflect,native,1,99d1c7fab316,349,7
java,bytes,message,100,19,jackson,2.18.3,75514,69645,158,145159,13242.577535,14358.532558,6888.997582,0,1.0,reflect,native,1,99d1c7fab316,350,8
java,bytes,message,100,19,jackson-cbor,2.18.3,39009,46960,115,85969,25635.109846,21294.718910,11632.099943,0,1.0,reflect,native,1,99d1c7fab316,351,9
java,bytes,message,100,19,java-serialization,21.0.11,50161,90634,206,140795,19935.806702,11033.387029,7102.524948,0,1.0,message,native,1,99d1c7fab316,352,10
java,bytes,message,100,19,dsl-json,2.0.2,60395,47245,158,107640,16557.662058,21166.260980,9290.226682,0,1.0,reflect,native,1,99d1c7fab316,353,11
java,bytes,message,100,19,ion,2.18.3,136013,220513,144,356526,7352.238389,4534.880030,2804.844527,0,1.0,reflect,native,1,99d1c7fab316,354,12
java,bytes,message,100,19,bson,5.3.1,63843,65491,134,129334,15663.424338,15269.273641,7731.918908,0,1.0,message,adapted,1,99d1c7fab316,355,13
java,bytes,message,100,19,protobuf,4.28.3,14874,16379,50,31253,67231.410515,61053.788388,31996.928295,0,1.0,message,native,1,99d1c7fab316,356,14
java,bytes,message,100,19,fory,1.3.0,25256,18740,133,43996,39594.551790,53361.792956,22729.339031,0,1.0,message,adapted,1,99d1c7fab316,357,15
java,bytes,message,100,19,kryo,5.6.2,30742,19185,46,49927,32528.787977,52124.055251,20029.242694,0,1.0,message,native,1,99d1c7fab316,358,16
java,bytes,message,100,19,fastjson2,2.0.57,31869,27848,158,59717,31378.455552,35909.221488,16745.650317,0,1.0,reflect,adapted,1,99d1c7fab316,359,17
java,bytes,message,100,20,jackson-smile,2.18.3,48332,42736,119,91068,20690.225937,23399.475852,10980.805552,0,1.0,reflect,native,1,99d1c7fab316,360,0
java,bytes,message,100,20,jackson-cbor,2.18.3,29351,41513,115,70864,34070.389425,24088.839641,14111.537593,0,1.0,reflect,native,1,99d1c7fab316,361,1
java,bytes,message,100,20,kryo,5.6.2,25481,17549,46,43030,39244.927593,56983.303892,23239.600279,0,1.0,message,native,1,99d1c7fab316,362,2
java,bytes,message,100,20,hessian,4.0.66,22130,39746,143,61876,45187.528242,25159.764505,16161.354968,0,1.0,message,native,1,99d1c7fab316,363,3
java,bytes,message,100,20,protostuff,1.8.0,17504,12193,52,29697,57129.798903,82014.270483,33673.435027,0,1.0,schema,native,1,99d1c7fab316,364,4
java,bytes,message,100,20,java-serialization,21.0.11,45862,81477,206,127339,21804.544067,12273.402310,7853.053660,0,1.0,message,native,1,99d1c7fab316,365,5
java,bytes,message,100,20,msgpack,0.9.8,52304,51357,114,103661,19118.996635,19471.542341,9646.829569,0,1.0,reflect,native,1,99d1c7fab316,366,6
java,bytes,message,100,20,bson,5.3.1,101020,62298,134,163318,9899.029895,16051.879675,6123.023794,0,1.0,message,adapted,1,99d1c7fab316,367,7
java,bytes,message,100,20,fastjson2,2.0.57,28038,25156,158,53194,35665.882017,39751.947845,18799.112682,0,1.0,reflect,adapted,1,99d1c7fab316,368,8
java,bytes,message,100,20,avro,1.12.0,41551,50532,44,92083,24066.809463,19789.440355,10859.767818,0,1.0,schema,native,1,99d1c7fab316,369,9
java,bytes,message,100,20,jackson,2.18.3,48383,62283,158,110666,20668.416593,16055.745549,9036.199013,0,1.0,reflect,native,1,99d1c7fab316,370,10
java,bytes,message,100,20,ion,2.18.3,124830,245594,144,370424,8010.894817,4071.760711,2699.609097,0,1.0,reflect,native,1,99d1c7fab316,371,11
java,bytes,message,100,20,moshi,1.15.2,57730,62560,158,120290,17322.016283,15984.654731,8313.242996,0,1.0,reflect,native,1,99d1c7fab316,372,12
java,bytes,message,100,20,fory,1.3.0,28355,28157,133,56512,35267.148651,35515.147210,17695.356738,0,1.0,message,adapted,1,99d1c7fab316,373,13
java,bytes,message,100,20,protobuf,4.28.3,24611,21098,50,45709,40632.237617,47397.857617,21877.529589,0,1.0,message,native,1,99d1c7fab316,374,14
java,bytes,message,100,20,gson,2.12.1,58739,58617,158,117356,17024.464155,17059.897299,8521.081155,0,1.0,reflect,native,1,99d1c7fab316,375,15
java,bytes,message,100,20,jsoniter,0.9.23,30128,20657,150,50785,33191.715348,48409.740040,19690.853599,0,1.0,reflect,adapted,1,99d1c7fab316,376,16
java,bytes,message,100,20,dsl-json,2.0.2,61227,53945,158,115172,16332.663694,18537.399203,8682.665926,0,1.0,reflect,native,1,99d1c7fab316,377,17
java,bytes,message,100,21,java-serialization,21.0.11,68665,164992,206,233657,14563.460278,6060.899922,4279.777623,0,1.0,message,native,1,99d1c7fab316,378,0
java,bytes,message,100,21,jsoniter,0.9.23,23452,24057,150,47509,42640.286543,41567.942803,21048.643415,0,1.0,reflect,adapted,1,99d1c7fab316,379,1
java,bytes,message,100,21,msgpack,0.9.8,78017,61744,114,139761,12817.719215,16195.905675,7155.071873,0,1.0,reflect,native,1,99d1c7fab316,380,2
java,bytes,message,100,21,dsl-json,2.0.2,47442,44701,158,92143,21078.369377,22370.864186,10852.696352,0,1.0,reflect,native,1,99d1c7fab316,381,3
java,bytes,message,100,21,hessian,4.0.66,27485,27008,143,54493,36383.481899,37026.066351,18350.980860,0,1.0,message,native,1,99d1c7fab316,382,4
java,bytes,message,100,21,protostuff,1.8.0,22387,15663,52,38050,44668.780989,63844.729618,26281.208936,0,1.0,schema,native,1,99d1c7fab316,383,5
java,bytes,message,100,21,jackson-cbor,2.18.3,56800,60062,115,116862,17605.633803,16649.462222,8557.101539,0,1.0,reflect,native,1,99d1c7fab316,384,6
java,bytes,message,100,21,fory,1.3.0,25170,22789,133,47959,39729.837108,43880.819694,20851.143685,0,1.0,message,adapted,1,99d1c7fab316,385,7
java,bytes,message,100,21,bson,5.3.1,78877,97595,134,176472,12677.966961,10246.426559,5666.621334,0,1.0,message,adapted,1,99d1c7fab316,386,8
java,bytes,message,100,21,jackson-smile,2.18.3,47319,54087,119,101406,21133.160041,18488.731118,9861.349427,0,1.0,reflect,native,1,99d1c7fab316,387,9
java,bytes,message,100,21,jackson,2.18.3,47308,76373,158,123681,21138.073899,13093.632566,8085.316257,0,1.0,reflect,native,1,99d1c7fab316,388,10
java,bytes,message,100,21,ion,2.18.3,122499,202877,144,325376,8163.331946,4929.094969,3073.367427,0,1.0,reflect,native,1,99d1c7fab316,389,11
java,bytes,message,100,21,avro,1.12.0,38281,60927,44,99208,26122.619576,16413.084511,10079.832272,0,1.0,schema,native,1,99d1c7fab316,390,12
java,bytes,message,100,21,moshi,1.15.2,44983,117598,158,162581,22230.620457,8503.545979,6150.780226,0,1.0,reflect,native,1,99d1c7fab316,391,13
java,bytes,message,100,21,gson,2.12.1,44661,46755,158,91416,22390.900338,21388.086836,10939.004113,0,1.0,reflect,native,1,99d1c7fab316,392,14
java,bytes,message,100,21,protobuf,4.28.3,19243,16713,50,35956,51966.949020,59833.662418,27811.769941,0,1.0,message,native,1,99d1c7fab316,393,15
java,bytes,message,100,21,kryo,5.6.2,38206,22226,46,60432,26173.899388,44992.351300,16547.524490,0,1.0,message,native,1,99d1c7fab316,394,16
java,bytes,message,100,21,fastjson2,2.0.57,31296,28879,158,60175,31952.965235,34627.237785,16618.196926,0,1.0,reflect,adapted,1,99d1c7fab316,395,17
java,bytes,message,100,22,jackson-cbor,2.18.3,38967,53273,115,92240,25662.740267,18771.234960,10841.283608,0,1.0,reflect,native,1,99d1c7fab316,396,0
java,bytes,message,100,22,jsoniter,0.9.23,16722,14971,150,31693,59801.459156,66795.805223,31552.708800,0,1.0,reflect,adapted,1,99d1c7fab316,397,1
java,bytes,message,100,22,dsl-json,2.0.2,36596,37742,158,74338,27325.390753,26495.681204,13452.070274,0,1.0,reflect,native,1,99d1c7fab316,398,2
java,bytes,message,100,22,fory,1.3.0,18328,15379,133,33707,54561.326931,65023.733663,29667.428131,0,1.0,message,adapted,1,99d1c7fab316,399,3
java,bytes,message,100,22,jackson-smile,2.18.3,38597,37222,119,75819,25908.749385,26865.832035,13189.306111,0,1.0,reflect,native,1,99d1c7fab316,400,4
java,bytes,message,100,22,moshi,1.15.2,36363,49365,158,85728,27500.481258,20257.267295,11664.800299,0,1.0,reflect,native,1,99d1c7fab316,401,5
java,bytes,message,100,22,ion,2.18.3,96160,209451,144,305611,10399.334443,4774.386372,3272.133529,0,1.0,reflect,native,1,99d1c7fab316,402,6
java,bytes,message,100,22,kryo,5.6.2,25042,18234,46,43276,39932.912707,54842.601733,23107.496072,0,1.0,message,native,1,99d1c7fab316,403,7
java,bytes,message,100,22,gson,2.12.1,39421,34867,158,74288,25367.190076,28680.414145,13461.124273,0,1.0,reflect,native,1,99d1c7fab316,404,8
java,bytes,message,100,22,avro,1.12.0,28793,36368,44,65161,34730.663703,27496.700396,15346.603029,0,1.0,schema,native,1,99d1c7fab316,405,9
java,bytes,message,100,22,hessian,4.0.66,21023,20926,143,41949,47566.950483,47787.441460,23838.470524,0,1.0,message,native,1,99d1c7fab316,406,10
java,bytes,message,100,22,protostuff,1.8.0,14430,11668,52,26098,69300.069300,85704.490915,38317.112422,0,1.0,schema,native,1,99d1c7fab316,407,11
java,bytes,message,100,22,java-serialization,21.0.11,48965,97268,206,146233,20422.750945,10280.873463,6838.401729,0,1.0,message,native,1,99d1c7fab316,408,12
java,bytes,message,100,22,protobuf,4.28.3,12390,13297,50,25687,80710.250202,75204.933444,38930.198155,0,1.0,message,native,1,99d1c7fab316,409,13
java,bytes,message,100,22,msgpack,0.9.8,51654,53309,114,104963,19359.584930,18758.558592,9527.166716,0,1.0,reflect,native,1,99d1c7fab316,410,14
java,bytes,message,100,22,jackson,2.18.3,38927,51180,158,90107,25689.110386,19538.882376,11097.916921,0,1.0,reflect,native,1,99d1c7fab316,411,15
java,bytes,message,100,22,fastjson2,2.0.57,25613,22838,158,48451,39042.673642,43786.671337,20639.408887,0,1.0,reflect,adapted,1,99d1c7fab316,412,16
java,bytes,message,100,22,bson,5.3.1,53902,58513,134,112415,18552.187303,17090.219268,8895.610016,0,1.0,message,adapted,1,99d1c7fab316,413,17
java,bytes,message,100,23,msgpack,0.9.8,45069,48058,114,93127,22188.200315,20808.190104,10738.024418,0,1.0,reflect,native,1,99d1c7fab316,414,0
java,bytes,message,100,23,fastjson2,2.0.57,21667,18986,158,40653,46153.136106,52670.388707,24598.430620,0,1.0,reflect,adapted,1,99d1c7fab316,415,1
java,bytes,message,100,23,jackson-cbor,2.18.3,34587,44330,115,78917,28912.597219,22558.087074,12671.540986,0,1.0,reflect,native,1,99d1c7fab316,416,2
java,bytes,message,100,23,gson,2.12.1,35938,34407,158,70345,27825.699816,29063.853286,14215.651432,0,1.0,reflect,native,1,99d1c7fab316,417,3
java,bytes,message,100,23,moshi,1.15.2,33659,74266,158,107925,29709.735880,13465.111895,9265.693769,0,1.0,reflect,native,1,99d1c7fab316,418,4
java,bytes,message,100,23,jackson,2.18.3,42398,113089,158,155487,23586.018208,8842.593002,6431.405841,0,1.0,reflect,native,1,99d1c7fab316,419,5
java,bytes,message,100,23,kryo,5.6.2,27846,19338,46,47184,35911.800618,51711.655807,21193.624958,0,1.0,message,native,1,99d1c7fab316,420,6
java,bytes,message,100,23,protobuf,4.28.3,34454,17060,50,51514,29024.206188,58616.647128,19412.198626,0,1.0,message,native,1,99d1c7fab316,421,7
java,bytes,message,100,23,hessian,4.0.66,84838,35101,143,119939,11787.170843,28489.216831,8337.571599,0,1.0,message,native,1,99d1c7fab316,422,8
java,bytes,message,100,23,dsl-json,2.0.2,55861,51040,158,106901,17901.577129,19592.476489,9354.449444,0,1.0,reflect,native,1,99d1c7fab316,423,9
java,bytes,message,100,23,jsoniter,0.9.23,23841,20835,150,44676,41944.549306,47996.160307,22383.382577,0,1.0,reflect,adapted,1,99d1c7fab316,424,10
java,bytes,message,100,23,bson,5.3.1,72945,84470,134,157415,13708.958805,11838.522552,6352.634755,0,1.0,message,adapted,1,99d1c7fab316,425,11
java,bytes,message,100,23,java-serialization,21.0.11,56002,103508,206,159510,17856.505125,9661.088998,6269.199423,0,1.0,message,native,1,99d1c7fab316,426,12
java,bytes,message,100,23,protostuff,1.8.0,18674,15422,52,34096,53550.390918,64842.432888,29328.953543,0,1.0,schema,native,1,99d1c7fab316,427,13
java,bytes,message,100,23,avro,1.12.0,49777,69550,44,119327,20089.599614,14378.145219,8380.333034,0,1.0,schema,native,1,99d1c7fab316,428,14
java,bytes,message,100,23,fory,1.3.0,28763,23388,133,52151,34766.888016,42756.969386,19175.087726,0,1.0,message,adapted,1,99d1c7fab316,429,15
java,bytes,message,100,23,jackson-smile,2.18.3,69097,53810,119,122907,14472.408353,18583.906337,8136.233087,0,1.0,reflect,native,1,99d1c7fab316,430,16
java,bytes,message,100,23,ion,2.18.3,129747,285041,144,414788,7707.307298,3508.267232,2410.870131,0,1.0,reflect,native,1,99d1c7fab316,431,17
java,bytes,message,100,24,fory,1.3.0,28237,31031,133,59268,35414.527039,32225.838677,16872.511305,0,1.0,message,adapted,1,99d1c7fab316,432,0
java,bytes,message,100,24,hessian,4.0.66,33138,23252,143,56390,30176.836260,43007.053157,17733.640716,0,1.0,message,native,1,99d1c7fab316,433,1
java,bytes,message,100,24,java-serialization,21.0.11,46704,78928,206,125632,21411.442275,12669.774985,7959.755476,0,1.0,message,native,1,99d1c7fab316,434,2
java,bytes,message,100,24,moshi,1.15.2,47128,55751,158,102879,21218.808352,17936.897993,9720.156689,0,1.0,reflect,native,1,99d1c7fab316,435,3
java,bytes,message,100,24,gson,2.12.1,45558,43649,158,89207,21950.041705,22910.032303,11209.882633,0,1.0,reflect,native,1,99d1c7fab316,436,4
java,bytes,message,100,24,jsoniter,0.9.23,21210,17775,150,38985,47147.571900,56258.790436,25650.891368,0,1.0,reflect,adapted,1,99d1c7fab316,437,5
java,bytes,message,100,24,jackson,2.18.3,55271,71920,158,127191,18092.670659,13904.338154,7862.191507,0,1.0,reflect,native,1,99d1c7fab316,438,6
java,bytes,message,100,24,msgpack,0.9.8,77746,74443,114,152189,12862.398065,13433.096463,6570.777126,0,1.0,reflect,native,1,99d1c7fab316,439,7
java,bytes,message,100,24,bson,5.3.1,77144,90488,134,167632,12962.770922,11051.189108,5965.448124,0,1.0,message,adapted,1,99d1c7fab316,440,8
java,bytes,message,100,24,protostuff,1.8.0,24932,15048,52,39980,40109.096743,66454.013822,25012.506253,0,1.0,schema,native,1,99d1c7fab316,441,9
java,bytes,message,100,24,fastjson2,2.0.57,44121,34786,158,78907,22664.944131,28747.197148,12673.146869,0,1.0,reflect,adapted,1,99d1c7fab316,442,10
java,bytes,message,100,24,jackson-smile,2.18.3,241770,67716,119,309486,4136.162468,14767.558627,3231.163930,0,1.0,reflect,native,1,99d1c7fab316,443,11
java,bytes,message,100,24,kryo,5.6.2,38183,27122,46,65305,26189.665558,36870.437283,15312.763188,0,1.0,message,native,1,99d1c7fab316,444,12
java,bytes,message,100,24,avro,1.12.0,48207,57535,44,105742,20743.875371,17380.724776,9456.980197,0,1.0,schema,native,1,99d1c7fab316,445,13
java,bytes,message,100,24,dsl-json,2.0.2,50018,51530,158,101548,19992.802591,19406.171162,9847.559775,0,1.0,reflect,native,1,99d1c7fab316,446,14
java,bytes,message,100,24,jackson-cbor,2.18.3,53276,55551,115,108827,18770.177941,18001.476121,9188.896138,0,1.0,reflect,native,1,99d1c7fab316,447,15
java,bytes,message,100,24,protobuf,4.28.3,17483,18544,50,36027,57198.421324,53925.798102,27756.960058,0,1.0,message,native,1,99d1c7fab316,448,16
java,bytes,message,100,24,ion,2.18.3,135473,206955,144,342428,7381.544662,4831.968302,2920.321936,0,1.0,reflect,native,1,99d1c7fab316,449,17
java,bytes,message,100,25,hessian,4.0.66,26106,21032,143,47138,38305.370413,47546.595664,21214.306929,0,1.0,message,native,1,99d1c7fab316,450,0
java,bytes,message,100,25,jackson-smile,2.18.3,37230,40231,119,77461,26860.059092,24856.453978,12909.722312,0,1.0,reflect,native,1,99d1c7fab316,451,1
java,bytes,message,100,25,kryo,5.6.2,24618,17603,46,42221,40620.684052,56808.498551,23684.896142,0,1.0,message,native,1,99d1c7fab316,452,2
java,bytes,message,100,25,moshi,1.15.2,42469,47060,158,89529,23546.586922,21249.468763,11169.565169,0,1.0,reflect,native,1,99d1c7fab316,453,3
java,bytes,message,100,25,avro,1.12.0,38058,45728,44,83786,26275.684482,21868.439468,11935.168167,0,1.0,schema,native,1,99d1c7fab316,454,4
java,bytes,message,100,25,msgpack,0.9.8,64773,52838,114,117611,15438.531487,18925.773118,8502.606049,0,1.0,reflect,native,1,99d1c7fab316,455,5
java,bytes,message,100,25,ion,2.18.3,101826,325345,144,427171,9820.674484,3073.660268,2340.982885,0,1.0,reflect,native,1,99d1c7fab316,456,6
java,bytes,message,100,25,dsl-json,2.0.2,45338,41066,158,86404,22056.553002,24351.044660,11573.538262,0,1.0,reflect,native,1,99d1c7fab316,457,7
java,bytes,message,100,25,jsoniter,0.9.23,18762,22753,150,41515,53299.221831,43950.248319,24087.679152,0,1.0,reflect,adapted,1,99d1c7fab316,458,8
java,bytes,message,100,25,fory,1.3.0,39240,18158,133,57398,25484.199796,55072.144509,17422.209833,0,1.0,message,adapted,1,99d1c7fab316,459,9
java,bytes,message,100,25,bson,5.3.1,208813,62623,134,271436,4788.973867,15968.573847,3684.109698,0,1.0,message,adapted,1,99d1c7fab316,460,10
java,bytes,message,100,25,protobuf,4.28.3,12364,14201,50,26565,80879.974118,70417.576227,37643.515904,0,1.0,message,native,1,99d1c7fab316,461,11
java,bytes,message,100,25,jackson-cbor,2.18.3,56890,200702,115,257592,17577.781684,4982.511385,3882.108140,0,1.0,reflect,native,1,99d1c7fab316,462,12
java,bytes,message,100,25,protostuff,1.8.0,17602,12856,52,30458,56811.725940,77784.691973,32832.096658,0,1.0,schema,native,1,99d1c7fab316,463,13
java,bytes,message,100,25,gson,2.12.1,51204,43172,158,94376,19529.724240,23163.161308,10595.914215,0,1.0,reflect,native,1,99d1c7fab316,464,14
java,bytes,message,100,25,fastjson2,2.0.57,26952,23955,158,50907,37102.997922,41744.938426,19643.663936,0,1.0,reflect,adapted,1,99d1c7fab316,465,15
java,bytes,message,100,25,java-serialization,21.0.11,50893,76547,206,127440,19649.067652,13063.869257,7846.829881,0,1.0,message,native,1,99d1c7fab316,466,16
java,bytes,message,100,25,jackson,2.18.3,63875,66044,158,129919,15655.577299,15141.420871,7697.103580,0,1.0,reflect,native,1,99d1c7fab316,467,17
java,bytes,message,100,26,jackson-smile,2.18.3,40934,75376,119,116310,24429.569551,13266.822331,8597.713008,0,1.0,reflect,native,1,99d1c7fab316,468,0
java,bytes,message,100,26,msgpack,0.9.8,59577,41767,114,101344,16785.000923,23942.346829,9867.382381,0,1.0,reflect,native,1,99d1c7fab316,469,1
java,bytes,message,100,26,jackson,2.18.3,38168,48290,158,86458,26199.958080,20708.221164,11566.309653,0,1.0,reflect,native,1,99d1c7fab316,470,2
java,bytes,message,100,26,protobuf,4.28.3,9336,10466,50,19802,107112.253642,95547.487101,50499.949500,0,1.0,message,native,1,99d1c7fab316,471,3
java,bytes,message,100,26,moshi,1.15.2,31674,43709,158,75383,31571.636042,22878.583358,13265.590385,0,1.0,reflect,native,1,99d1c7fab316,472,4
java,bytes,message,100,26,kryo,5.6.2,22939,17122,46,40061,43593.879419,58404.392010,24961.933052,0,1.0,message,native,1,99d1c7fab316,473,5
java,bytes,message,100,26,jsoniter,0.9.23,14459,16904,150,31363,69161.076146,59157.595835,31884.704907,0,1.0,reflect,adapted,1,99d1c7fab316,474,6
java,bytes,message,100,26,fastjson2,2.0.57,22380,20582,158,42962,44682.752458,48586.143232,23276.383781,0,1.0,reflect,adapted,1,99d1c7fab316,475,7
java,bytes,message,100,26,hessian,4.0.66,21976,33489,143,55465,45504.186385,29860.551226,18029.387902,0,1.0,message,native,1,99d1c7fab316,476,8
java,bytes,message,100,26,bson,5.3.1,52470,69004,134,121474,19058.509625,14491.913512,8232.214301,0,1.0,message,adapted,1,99d1c7fab316,477,9
java,bytes,message,100,26,jackson-cbor,2.18.3,37356,45784,115,83140,26769.461398,21841.691421,12027.904739,0,1.0,reflect,native,1,99d1c7fab316,478,10
java,bytes,message,100,26,dsl-json,2.0.2,42644,38930,158,81574,23449.957790,25687.130747,12258.807954,0,1.0,reflect,native,1,99d1c7fab316,479,11
java,bytes,message,100,26,gson,2.12.1,49270,40009,158,89279,20296.326365,24994.376265,11200.842303,0,1.0,reflect,native,1,99d1c7fab316,480,12
java,bytes,message,100,26,fory,1.3.0,18011,16455,133,34466,55521.625673,60771.801884,29014.100853,0,1.0,message,adapted,1,99d1c7fab316,481,13
java,bytes,message,100,26,avro,1.12.0,32614,42536,44,75150,30661.679034,23509.497837,13306.719894,0,1.0,schema,native,1,99d1c7fab316,482,14
java,bytes,message,100,26,protostuff,1.8.0,15033,11422,52,26455,66520.321958,87550.341446,37800.037800,0,1.0,schema,native,1,99d1c7fab316,483,15
java,bytes,message,100,26,ion,2.18.3,103387,171703,144,275090,9672.395949,5824.010064,3635.173943,0,1.0,reflect,native,1,99d1c7fab316,484,16
java,bytes,message,100,26,java-serialization,21.0.11,46389,80237,206,126626,21556.834594,12463.078131,7897.272282,0,1.0,message,native,1,99d1c7fab316,485,17
java,bytes,message,100,27,moshi,1.15.2,38575,55478,158,94053,25923.525599,18025.163128,10632.303063,0,1.0,reflect,native,1,99d1c7fab316,486,0
java,bytes,message,100,27,jackson-smile,2.18.3,43040,41346,119,84386,23234.200743,24186.136507,11850.306923,0,1.0,reflect,native,1,99d1c7fab316,487,1
java,bytes,message,100,27,java-serialization,21.0.11,39566,71164,206,110730,25274.225345,14052.048789,9030.976249,0,1.0,message,native,1,99d1c7fab316,488,2
java,bytes,message,100,27,jsoniter,0.9.23,17470,34742,150,52212,57240.984545,28783.604859,19152.685206,0,1.0,reflect,adapted,1,99d1c7fab316,489,3
java,bytes,message,100,27,bson,5.3.1,44751,52513,134,97264,22345.869366,19042.903662,10281.296266,0,1.0,message,adapted,1,99d1c7fab316,490,4
java,bytes,message,100,27,jackson-cbor,2.18.3,45068,48469,115,93537,22188.692642,20631.744001,10690.956520,0,1.0,reflect,native,1,99d1c7fab316,491,5
java,bytes,message,100,27,hessian,4.0.66,50280,28970,143,79250,19888.623707,34518.467380,12618.296530,0,1.0,message,native,1,99d1c7fab316,492,6
java,bytes,message,100,27,gson,2.12.1,53956,52681,158,106637,18533.619987,18982.175737,9377.608147,0,1.0,reflect,native,1,99d1c7fab316,493,7
java,bytes,message,100,27,ion,2.18.3,112140,212237,144,324377,8917.424648,4711.713792,3082.832630,0,1.0,reflect,native,1,99d1c7fab316,494,8
java,bytes,message,100,27,fory,1.3.0,19424,15049,133,34473,51482.701812,66449.597980,29008.209323,0,1.0,message,adapted,1,99d1c7fab316,495,9
java,bytes,message,100,27,kryo,5.6.2,24481,18140,46,42621,40848.004575,55126.791621,23462.612327,0,1.0,message,native,1,99d1c7fab316,496,10
java,bytes,message,100,27,dsl-json,2.0.2,36974,34622,158,71596,27046.032347,28883.368956,13967.260741,0,1.0,reflect,native,1,99d1c7fab316,497,11
java,bytes,message,100,27,protostuff,1.8.0,13468,11397,52,24865,74250.074250,87742.388348,40217.172733,0,1.0,schema,native,1,99d1c7fab316,498,12
java,bytes,message,100,27,fastjson2,2.0.57,31306,26900,158,58206,31942.758577,37174.721190,17180.359413,0,1.0,reflect,adapted,1,99d1c7fab316,499,13
java,bytes,message,100,27,avro,1.12.0,43404,47311,44,90715,23039.351212,21136.733529,11023.535248,0,1.0,schema,native,1,99d1c7fab316,500,14
java,bytes,message,100,27,msgpack,0.9.8,52702,55675,114,108377,18974.611969,17961.383026,9227.050020,0,1.0,reflect,native,1,99d1c7fab316,501,15
java,bytes,message,100,27,jackson,2.18.3,40834,53529,158,94363,24489.396091,18681.462385,10597.373971,0,1.0,reflect,native,1,99d1c7fab316,502,16
java,bytes,message,100,27,protobuf,4.28.3,11112,17070,50,28182,89992.800576,58582.308143,35483.642041,0,1.0,message,native,1,99d1c7fab316,503,17
java,bytes,message,100,28,ion,2.18.3,114719,200398,144,315117,8716.951856,4990.069761,3173.424474,0,1.0,reflect,native,1,99d1c7fab316,504,0
java,bytes,message,100,28,jackson-smile,2.18.3,52434,41223,119,93657,19071.594767,24258.302404,10677.258507,0,1.0,reflect,native,1,99d1c7fab316,505,1
java,bytes,message,100,28,fastjson2,2.0.57,29544,26563,158,56107,33847.820200,37646.350186,17823.088028,0,1.0,reflect,adapted,1,99d1c7fab316,506,2
java,bytes,message,100,28,msgpack,0.9.8,45150,56557,114,101707,22148.394241,17681.277295,9832.164944,0,1.0,reflect,native,1,99d1c7fab316,507,3
java,bytes,message,100,28,moshi,1.15.2,38640,55513,158,94153,25879.917184,18013.798570,10621.010483,0,1.0,reflect,native,1,99d1c7fab316,508,4
java,bytes,message,100,28,protostuff,1.8.0,14079,12606,52,26685,71027.771859,79327.304458,37474.236462,0,1.0,schema,native,1,99d1c7fab316,509,5
java,bytes,message,100,28,gson,2.12.1,51563,43801,158,95364,19393.751333,22830.528983,10486.137326,0,1.0,reflect,native,1,99d1c7fab316,510,6
java,bytes,message,100,28,protobuf,4.28.3,11664,13958,50,25622,85733.882030,71643.501934,39028.959488,0,1.0,message,native,1,99d1c7fab316,511,7
java,bytes,message,100,28,fory,1.3.0,16617,15034,133,31651,60179.334417,66515.897299,31594.578370,0,1.0,message,adapted,1,99d1c7fab316,512,8
java,bytes,message,100,28,jsoniter,0.9.23,20814,16711,150,37525,48044.585375,59840.823410,26648.900733,0,1.0,reflect,adapted,1,99d1c7fab316,513,9
java,bytes,message,100,28,dsl-json,2.0.2,40173,37140,158,77313,24892.340627,26925.148088,12934.435347,0,1.0,reflect,native,1,99d1c7fab316,514,10
java,bytes,message,100,28,jackson-cbor,2.18.3,62356,106459,115,168815,16036.949131,9393.287557,5923.644226,0,1.0,reflect,native,1,99d1c7fab316,515,11
java,bytes,message,100,28,java-serialization,21.0.11,53539,120057,206,173596,18677.973066,8329.376879,5760.501394,0,1.0,message,native,1,99d1c7fab316,516,12
java,bytes,message,100,28,kryo,5.6.2,26014,19667,46,45681,38440.839548,50846.595820,21890.939340,0,1.0,message,native,1,99d1c7fab316,517,13
java,bytes,message,100,28,avro,1.12.0,43604,46761,44,90365,22933.675810,21385.342486,11066.231395,0,1.0,schema,native,1,99d1c7fab316,518,14
java,bytes,message,100,28,hessian,4.0.66,28072,21434,143,49506,35622.684526,46654.847439,20199.571769,0,1.0,message,native,1,99d1c7fab316,519,15
java,bytes,message,100,28,jackson,2.18.3,59906,64432,158,124338,16692.818749,15520.238391,8042.593576,0,1.0,reflect,native,1,99d1c7fab316,520,16
java,bytes,message,100,28,bson,5.3.1,75725,103265,134,178990,13205.678442,9683.823173,5586.904296,0,1.0,message,adapted,1,99d1c7fab316,521,17
java,bytes,message,100,29,msgpack,0.9.8,57029,74316,114,131345,17534.938365,13456.052532,7613.536869,0,1.0,reflect,native,1,99d1c7fab316,522,0
java,bytes,message,100,29,fory,1.3.0,17402,14933,133,32335,57464.659235,66965.780486,30926.240915,0,1.0,message,adapted,1,99d1c7fab316,523,1
java,bytes,message,100,29,moshi,1.15.2,37002,60844,158,97846,27025.566186,16435.474328,10220.141856,0,1.0,reflect,native,1,99d1c7fab316,524,2
java,bytes,message,100,29,dsl-json,2.0.2,36415,45521,158,81936,27461.211039,21967.882955,12204.647530,0,1.0,reflect,native,1,99d1c7fab316,525,3
java,bytes,message,100,29,bson,5.3.1,109931,49613,134,159544,9096.615150,20156.007498,6267.863411,0,1.0,message,adapted,1,99d1c7fab316,526,4
java,bytes,message,100,29,gson,2.12.1,49778,42465,158,92243,20089.196030,23548.804898,10840.931019,0,1.0,reflect,native,1,99d1c7fab316,527,5
java,bytes,message,100,29,protostuff,1.8.0,13961,14054,52,28015,71628.106869,71154.119824,35695.163305,0,1.0,schema,native,1,99d1c7fab316,528,6
java,bytes,message,100,29,fastjson2,2.0.57,27016,27971,158,54987,37015.102162,35751.313861,18186.116718,0,1.0,reflect,adapted,1,99d1c7fab316,529,7
java,bytes,message,100,29,jsoniter,0.9.23,14514,16382,150,30896,68898.994075,61042.607740,32366.649404,0,1.0,reflect,adapted,1,99d1c7fab316,530,8
java,bytes,message,100,29,jackson,2.18.3,48242,65572,158,113814,20728.825505,15250.411761,8786.265310,0,1.0,reflect,native,1,99d1c7fab316,531,9
java,bytes,message,100,29,jackson-smile,2.18.3,34326,39867,119,74193,29132.436054,25083.402313,13478.360492,0,1.0,reflect,native,1,99d1c7fab316,532,10
java,bytes,message,100,29,protobuf,4.28.3,10092,11251,50,21343,99088.386841,88880.988357,46853.769386,0,1.0,message,native,1,99d1c7fab316,533,11
java,bytes,message,100,29,avro,1.12.0,40680,36864,44,77544,24582.104228,27126.736111,12895.904261,0,1.0,schema,native,1,99d1c7fab316,534,12
java,bytes,message,100,29,jackson-cbor,2.18.3,30210,37507,115,67717,33101.621979,26661.689818,14767.340550,0,1.0,reflect,native,1,99d1c7fab316,535,13
java,bytes,message,100,29,java-serialization,21.0.11,39800,69354,206,109154,25125.628141,14418.779018,9161.368342,0,1.0,message,native,1,99d1c7fab316,536,14
java,bytes,message,100,29,kryo,5.6.2,21206,15908,46,37114,47156.465151,62861.453357,26944.010346,0,1.0,message,native,1,99d1c7fab316,537,15
java,bytes,message,100,29,hessian,4.0.66,20644,18034,143,38678,48440.224763,55450.815127,25854.490925,0,1.0,message,native,1,99d1c7fab316,538,16
java,bytes,message,100,29,ion,2.18.3,119366,152107,144,271473,8377.594960,6574.319394,3683.607578,0,1.0,reflect,native,1,99d1c7fab316,539,17
java,bytes,message,100,30,java-serialization,21.0.11,37951,54999,206,92950,26349.766805,18182.148766,10758.472297,0,1.0,message,native,1,99d1c7fab316,540,0
java,bytes,message,100,30,jsoniter,0.9.23,12425,12643,150,25068,80482.897384,79095.151467,39891.495133,0,1.0,reflect,adapted,1,99d1c7fab316,541,1
java,bytes,message,100,30,fastjson2,2.0.57,21337,18663,158,40000,46866.944744,53581.953598,25000.000000,0,1.0,reflect,adapted,1,99d1c7fab316,542,2
java,bytes,message,100,30,protobuf,4.28.3,9207,10600,50,19807,108613.011839,94339.622642,50487.201494,0,1.0,message,native,1,99d1c7fab316,543,3
java,bytes,message,100,30,kryo,5.6.2,20123,15188,46,35311,49694.379566,65841.453779,28319.787035,0,1.0,message,native,1,99d1c7fab316,544,4
java,bytes,message,100,30,ion,2.18.3,88106,141220,144,229326,11349.964815,7081.149979,4360.604554,0,1.0,reflect,native,1,99d1c7fab316,545,5
java,bytes,message,100,30,hessian,4.0.66,23769,18795,143,42564,42071.605873,53205.639798,23494.032516,0,1.0,message,native,1,99d1c7fab316,546,6
java,bytes,message,100,30,dsl-json,2.0.2,30784,32712,158,63496,32484.407484,30569.821472,15749.023561,0,1.0,reflect,native,1,99d1c7fab316,547,7
java,bytes,message,100,30,jackson,2.18.3,38192,56560,158,94752,26183.493925,17680.339463,10553.866937,0,1.0,reflect,native,1,99d1c7fab316,548,8
java,bytes,message,100,30,msgpack,0.9.8,34017,38852,114,72869,29397.066173,25738.700710,13723.256803,0,1.0,reflect,native,1,99d1c7fab316,549,9
java,bytes,message,100,30,protostuff,1.8.0,11678,8935,52,20613,85631.101216,111919.418019,48513.074274,0,1.0,schema,native,1,99d1c7fab316,550,10
java,bytes,message,100,30,bson,5.3.1,37961,41032,134,78993,26342.825531,24371.222461,12659.349563,0,1.0,message,adapted,1,99d1c7fab316,551,11
java,bytes,message,100,30,jackson-cbor,2.18.3,31854,37718,115,69572,31393.231619,26512.540432,14373.598574,0,1.0,reflect,native,1,99d1c7fab316,552,12
java,bytes,message,100,30,gson,2.12.1,53023,37685,158,90708,18859.740113,26535.756932,11024.385942,0,1.0,reflect,native,1,99d1c7fab316,553,13
java,bytes,message,100,30,avro,1.12.0,35787,38625,44,74412,27943.107832,25889.967638,13438.692684,0,1.0,schema,native,1,99d1c7fab316,554,14
java,bytes,message,100,30,fory,1.3.0,16831,15983,133,32814,59414.176222,62566.476882,30474.797343,0,1.0,message,adapted,1,99d1c7fab316,555,15
java,bytes,message,100,30,moshi,1.15.2,32172,47409,158,79581,31082.929255,21093.041406,12565.813448,0,1.0,reflect,native,1,99d1c7fab316,556,16
java,bytes,message,100,30,jackson-smile,2.18.3,35262,36669,119,71931,28359.140151,27270.991846,13902.211842,0,1.0,reflect,native,1,99d1c7fab316,557,17
java,bytes,message,100,31,fastjson2,2.0.57,22918,21571,158,44489,43633.824941,46358.536925,22477.466340,0,1.0,reflect,adapted,1,99d1c7fab316,558,0
java,bytes,message,100,31,bson,5.3.1,34762,43753,134,78515,28767.044474,22855.575618,12736.419792,0,1.0,message,adapted,1,99d1c7fab316,559,1
java,bytes,message,100,31,avro,1.12.0,26347,35218,44,61565,37954.985387,28394.570958,16242.995208,0,1.0,schema,native,1,99d1c7fab316,560,2
java,bytes,message,100,31,jackson-cbor,2.18.3,32617,37875,115,70492,30658.858877,26402.640264,14186.006923,0,1.0,reflect,native,1,99d1c7fab316,561,3
java,bytes,message,100,31,java-serialization,21.0.11,39012,142202,206,181214,25633.138521,7032.249898,5518.337435,0,1.0,message,native,1,99d1c7fab316,562,4
java,bytes,message,100,31,protostuff,1.8.0,13338,10609,52,23947,74973.759184,94259.590913,41758.884203,0,1.0,schema,native,1,99d1c7fab316,563,5
java,bytes,message,100,31,jackson-smile,2.18.3,37573,37800,119,75373,26614.856413,26455.026455,13267.350377,0,1.0,reflect,native,1,99d1c7fab316,564,6
java,bytes,message,100,31,jsoniter,0.9.23,15074,15158,150,30232,66339.392331,65971.764085,33077.533739,0,1.0,reflect,adapted,1,99d1c7fab316,565,7
java,bytes,message,100,31,kryo,5.6.2,23179,18390,46,41569,43142.499676,54377.379010,24056.388174,0,1.0,message,native,1,99d1c7fab316,566,8
java,bytes,message,100,31,gson,2.12.1,71326,37196,158,108522,14020.132911,26884.611249,9214.721439,0,1.0,reflect,native,1,99d1c7fab316,567,9
java,bytes,message,100,31,hessian,4.0.66,23803,18856,143,42659,42011.511154,53033.517183,23441.712183,0,1.0,message,native,1,99d1c7fab316,568,10
java,bytes,message,100,31,jackson,2.18.3,40541,57531,158,98072,24666.387114,17381.933219,10196.590260,0,1.0,reflect,native,1,99d1c7fab316,569,11
java,bytes,message,100,31,ion,2.18.3,98532,219115,144,317647,10148.987131,4563.813523,3148.148731,0,1.0,reflect,native,1,99d1c7fab316,570,12
java,bytes,message,100,31,dsl-json,2.0.2,35872,42584,158,78456,27876.895629,23482.998309,12745.997757,0,1.0,reflect,native,1,99d1c7fab316,571,13
java,bytes,message,100,31,protobuf,4.28.3,11913,13987,50,25900,83941.912197,71494.959605,38610.038610,0,1.0,message,native,1,99d1c7fab316,572,14
java,bytes,message,100,31,fory,1.3.0,15810,14171,133,29981,63251.106894,70566.650201,33354.457823,0,1.0,message,adapted,1,99d1c7fab316,573,15
java,bytes,message,100,31,moshi,1.15.2,35278,49750,158,85028,28346.278134,20100.502513,11760.831726,0,1.0,reflect,native,1,99d1c7fab316,574,16
java,bytes,message,100,31,msgpack,0.9.8,41726,101934,114,143660,23965.872597,9810.269390,6960.879855,0,1.0,reflect,native,1,99d1c7fab316,575,17
java,bytes,message,100,32,kryo,5.6.2,21117,16111,46,37228,47355.211441,62069.393582,26861.502095,0,1.0,message,native,1,99d1c7fab316,576,0
java,bytes,message,100,32,moshi,1.15.2,28787,46784,158,75571,34737.902525,21374.829001,13232.589221,0,1.0,reflect,native,1,99d1c7fab316,577,1
java,bytes,message,100,32,ion,2.18.3,92301,149677,144,241978,10834.118807,6681.053201,4132.607097,0,1.0,reflect,native,1,99d1c7fab316,578,2
java,bytes,message,100,32,protobuf,4.28.3,10059,12961,50,23020,99413.460583,77154.540545,43440.486533,0,1.0,message,native,1,99d1c7fab316,579,3
java,bytes,message,100,32,jackson-cbor,2.18.3,30923,35676,115,66599,32338.388901,28030.048212,15015.240469,0,1.0,reflect,native,1,99d1c7fab316,580,4
java,bytes,message,100,32,fastjson2,2.0.57,23120,21179,158,44299,43252.595156,47216.582464,22573.872999,0,1.0,reflect,adapted,1,99d1c7fab316,581,5
java,bytes,message,100,32,fory,1.3.0,13382,12627,133,26009,74727.245554,79195.374990,38448.229459,0,1.0,message,adapted,1,99d1c7fab316,582,6
java,bytes,message,100,32,protostuff,1.8.0,10678,8677,52,19355,93650.496348,115247.205255,51666.236115,0,1.0,schema,native,1,99d1c7fab316,583,7
java,bytes,message,100,32,dsl-json,2.0.2,30180,49068,158,79248,33134.526176,20379.880981,12618.614981,0,1.0,reflect,native,1,99d1c7fab316,584,8
java,bytes,message,100,32,jackson-smile,2.18.3,38381,34390,119,72771,26054.558245,29078.220413,13741.737780,0,1.0,reflect,native,1,99d1c7fab316,585,9
java,bytes,message,100,32,bson,5.3.1,48090,44370,134,92460,20794.343938,22537.750732,10815.487778,0,1.0,message,adapted,1,99d1c7fab316,586,10
java,bytes,message,100,32,gson,2.12.1,57803,48199,158,106002,17300.140131,20747.318409,9433.784268,0,1.0,reflect,native,1,99d1c7fab316,587,11
java,bytes,message,100,32,avro,1.12.0,26118,51739,44,77857,38287.770886,19327.779818,12844.060264,0,1.0,schema,native,1,99d1c7fab316,588,12
java,bytes,message,100,32,hessian,4.0.66,23656,19348,143,43004,42272.573554,51684.928675,23253.650823,0,1.0,message,native,1,99d1c7fab316,589,13
java,bytes,message,100,32,jsoniter,0.9.23,16695,13579,150,30274,59898.173106,73643.125414,33031.644315,0,1.0,reflect,adapted,1,99d1c7fab316,590,14
java,bytes,message,100,32,jackson,2.18.3,42472,52710,158,95182,23544.923714,18971.732119,10506.188145,0,1.0,reflect,native,1,99d1c7fab316,591,15
java,bytes,message,100,32,java-serialization,21.0.11,37765,66936,206,104701,26479.544552,14939.643839,9551.007154,0,1.0,message,native,1,99d1c7fab316,592,16
java,bytes,message,100,32,msgpack,0.9.8,40548,37724,114,78272,24662.128835,26508.323614,12775.960752,0,1.0,reflect,native,1,99d1c7fab316,593,17
java,bytes,message,100,33,msgpack,0.9.8,28568,29824,114,58392,35004.200504,33530.042918,17125.633648,0,1.0,reflect,native,1,99d1c7fab316,594,0
java,bytes,message,100,33,hessian,4.0.66,22016,16396,143,38412,45421.511628,60990.485484,26033.531188,0,1.0,message,native,1,99d1c7fab316,595,1
java,bytes,message,100,33,jackson,2.18.3,34402,46383,158,80785,29068.077437,21559.623138,12378.535619,0,1.0,reflect,native,1,99d1c7fab316,596,2
java,bytes,message,100,33,jackson-cbor,2.18.3,27244,45644,115,72888,36705.329614,21908.684603,13719.679508,0,1.0,reflect,native,1,99d1c7fab316,597,3
java,bytes,message,100,33,avro,1.12.0,24773,31111,44,55884,40366.528075,32142.971939,17894.209434,0,1.0,schema,native,1,99d1c7fab316,598,4
java,bytes,message,100,33,ion,2.18.3,78187,129214,144,207401,12789.849975,7739.099478,4821.577524,0,1.0,reflect,native,1,99d1c7fab316,599,5
java,bytes,message,100,33,fory,1.3.0,14487,14441,133,28928,69027.403879,69247.282044,34568.584071,0,1.0,message,adapted,1,99d1c7fab316,600,6
java,bytes,message,100,33,jackson-smile,2.18.3,35071,34884,119,69955,28513.586724,28666.437335,14294.903867,0,1.0,reflect,native,1,99d1c7fab316,601,7
java,bytes,message,100,33,dsl-json,2.0.2,32385,28877,158,61262,30878.493130,34629.636043,16323.332572,0,1.0,reflect,native,1,99d1c7fab316,602,8
java,bytes,message,100,33,protostuff,1.8.0,11622,149604,52,161226,86043.710205,6684.313254,6202.473546,0,1.0,schema,native,1,99d1c7fab316,603,9
java,bytes,message,100,33,bson,5.3.1,33264,38556,134,71820,30062.530063,25936.300446,13923.698134,0,1.0,message,adapted,1,99d1c7fab316,604,10
java,bytes,message,100,33,jsoniter,0.9.23,13827,14013,150,27840,72322.268026,71362.306430,35919.540230,0,1.0,reflect,adapted,1,99d1c7fab316,605,11
java,bytes,message,100,33,java-serialization,21.0.11,36900,61693,206,98593,27100.271003,16209.294409,10142.707900,0,1.0,message,native,1,99d1c7fab316,606,12
java,bytes,message,100,33,gson,2.12.1,35964,32791,158,68755,27805.583361,30496.172730,14544.396771,0,1.0,reflect,native,1,99d1c7fab316,607,13
java,bytes,message,100,33,fastjson2,2.0.57,24385,21008,158,45393,41008.816896,47600.913938,22029.828388,0,1.0,reflect,adapted,1,99d1c7fab316,608,14
java,bytes,message,100,33,kryo,5.6.2,21737,17309,46,39046,46004.508442,57773.412675,25610.818010,0,1.0,message,native,1,99d1c7fab316,609,15
java,bytes,message,100,33,moshi,1.15.2,30687,44929,158,75616,32587.088995,22257.339358,13224.714346,0,1.0,reflect,native,1,99d1c7fab316,610,16
java,bytes,message,100,33,protobuf,4.28.3,15413,11483,50,26896,64880.295854,87085.256466,37180.249851,0,1.0,message,native,1,99d1c7fab316,611,17
java,bytes,message,100,34,ion,2.18.3,79413,119332,144,198745,12592.396711,8379.981899,5031.573121,0,1.0,reflect,native,1,99d1c7fab316,612,0
java,bytes,message,100,34,java-serialization,21.0.11,30994,55182,206,86176,32264.309221,18121.851328,11604.158931,0,1.0,message,native,1,99d1c7fab316,613,1
java,bytes,message,100,34,avro,1.12.0,25836,32086,44,57922,38705.681994,31166.240728,17264.597217,0,1.0,schema,native,1,99d1c7fab316,614,2
java,bytes,message,100,34,hessian,4.0.66,21106,22139,143,43245,47379.891974,45169.158499,23124.060585,0,1.0,message,native,1,99d1c7fab316,615,3
java,bytes,message,100,34,protobuf,4.28.3,14714,10175,50,24889,67962.484708,98280.098280,40178.392061,0,1.0,message,native,1,99d1c7fab316,616,4
java,bytes,message,100,34,moshi,1.15.2,29478,43628,158,73106,33923.604044,22921.059870,13678.767817,0,1.0,reflect,native,1,99d1c7fab316,617,5
java,bytes,message,100,34,fastjson2,2.0.57,21322,18938,158,40260,46899.915580,52803.886366,24838.549429,0,1.0,reflect,adapted,1,99d1c7fab316,618,6
java,bytes,message,100,34,msgpack,0.9.8,38263,40425,114,78688,26134.908397,24737.167594,12708.418056,0,1.0,reflect,native,1,99d1c7fab316,619,7
java,bytes,message,100,34,jackson-cbor,2.18.3,29139,35249,115,64388,34318.267614,28369.599138,15530.844257,0,1.0,reflect,native,1,99d1c7fab316,620,8
java,bytes,message,100,34,kryo,5.6.2,23081,15131,46,38212,43325.679130,66089.485163,26169.789595,0,1.0,message,native,1,99d1c7fab316,621,9
java,bytes,message,100,34,bson,5.3.1,28970,37618,134,66588,34518.467380,26583.018768,15017.720911,0,1.0,message,adapted,1,99d1c7fab316,622,10
java,bytes,message,100,34,fory,1.3.0,15073,13520,133,28593,66343.793538,73964.497041,34973.594936,0,1.0,message,adapted,1,99d1c7fab316,623,11
java,bytes,message,100,34,gson,2.12.1,29764,32310,158,62074,33597.634727,30950.170226,16109.804427,0,1.0,reflect,native,1,99d1c7fab316,624,12
java,bytes,message,100,34,jackson-smile,2.18.3,34877,33726,119,68603,28672.190842,29650.714582,14576.622014,0,1.0,reflect,native,1,99d1c7fab316,625,13
java,bytes,message,100,34,protostuff,1.8.0,12266,9047,52,21313,81526.169901,110533.878634,46919.720358,0,1.0,schema,native,1,99d1c7fab316,626,14
java,bytes,message,100,34,jsoniter,0.9.23,13109,11979,150,25088,76283.469372,83479.422322,39859.693878,0,1.0,reflect,adapted,1,99d1c7fab316,627,15
java,bytes,message,100,34,jackson,2.18.3,33089,53528,158,86617,30221.523769,18681.811388,11545.077756,0,1.0,reflect,native,1,99d1c7fab316,628,16
java,bytes,message,100,34,dsl-json,2.0.2,32440,28334,158,60774,30826.140567,35293.287217,16454.404844,0,1.0,reflect,native,1,99d1c7fab316,629,17
java,bytes,message,100,35,protobuf,4.28.3,10695,9178,50,19873,93501.636279,108956.199608,50319.529009,0,1.0,message,native,1,99d1c7fab316,630,0
java,bytes,message,100,35,jsoniter,0.9.23,11207,11445,150,22652,89229.945570,87374.399301,44146.212255,0,1.0,reflect,adapted,1,99d1c7fab316,631,1
java,bytes,message,100,35,jackson,2.18.3,33811,47131,158,80942,29576.173435,21217.457724,12354.525463,0,1.0,reflect,native,1,99d1c7fab316,632,2
java,bytes,message,100,35,hessian,4.0.66,20832,14221,143,35053,48003.072197,70318.543000,28528.228682,0,1.0,message,native,1,99d1c7fab316,633,3
java,bytes,message,100,35,protostuff,1.8.0,10103,7414,52,17517,98980.500841,134879.956838,57087.400811,0,1.0,schema,native,1,99d1c7fab316,634,4
java,bytes,message,100,35,bson,5.3.1,29900,33121,134,63021,33444.816054,30192.325111,15867.726631,0,1.0,message,adapted,1,99d1c7fab316,635,5
java,bytes,message,100,35,gson,2.12.1,27397,34803,158,62200,36500.346753,28733.155188,16077.170418,0,1.0,reflect,native,1,99d1c7fab316,636,6
java,bytes,message,100,35,kryo,5.6.2,20195,15100,46,35295,49517.207230,66225.165563,28332.625018,0,1.0,message,native,1,99d1c7fab316,637,7
java,bytes,message,100,35,fastjson2,2.0.57,23852,19864,158,43716,41925.205434,50342.327829,22874.919938,0,1.0,reflect,adapted,1,99d1c7fab316,638,8
java,bytes,message,100,35,moshi,1.15.2,31470,42380,158,73850,31776.294884,23596.035866,13540.961408,0,1.0,reflect,native,1,99d1c7fab316,639,9
java,bytes,message,100,35,jackson-smile,2.18.3,47153,35447,119,82600,21207.558374,28211.132113,12106.537530,0,1.0,reflect,native,1,99d1c7fab316,640,10
java,bytes,message,100,35,msgpack,0.9.8,52474,38307,114,90781,19057.056828,26104.889446,11015.520869,0,1.0,reflect,native,1,99d1c7fab316,641,11
java,bytes,message,100,35,java-serialization,21.0.11,42181,71187,206,113368,23707.356393,14047.508674,8820.831275,0,1.0,message,native,1,99d1c7fab316,642,12
java,bytes,message,100,35,dsl-json,2.0.2,33649,30846,158,64495,29718.565188,32419.114310,15505.077913,0,1.0,reflect,native,1,99d1c7fab316,643,13
java,bytes,message,100,35,fory,1.3.0,16111,14957,133,31068,62069.393582,66858.327205,32187.459766,0,1.0,message,adapted,1,99d1c7fab316,644,14
java,bytes,message,100,35,ion,2.18.3,120442,165841,144,286283,8302.751532,6029.871986,3493.047090,0,1.0,reflect,native,1,99d1c7fab316,645,15
java,bytes,message,100,35,jackson-cbor,2.18.3,35047,40037,115,75084,28533.112677,24976.896371,13318.416707,0,1.0,reflect,native,1,99d1c7fab316,646,16
java,bytes,message,100,35,avro,1.12.0,35522,41729,44,77251,28151.568042,23964.149632,12944.816248,0,1.0,schema,native,1,99d1c7fab316,647,17
java,bytes,message,100,36,hessian,4.0.66,26004,17718,143,43722,38455.622212,56439.778756,22871.780797,0,1.0,message,native,1,99d1c7fab316,648,0
java,bytes,message,100,36,protostuff,1.8.0,12912,9716,52,22628,77447.335812,102923.013586,44193.035178,0,1.0,schema,native,1,99d1c7fab316,649,1
java,bytes,message,100,36,fastjson2,2.0.57,31105,25624,158,56729,32149.172159,39025.913206,17627.668388,0,1.0,reflect,adapted,1,99d1c7fab316,650,2
java,bytes,message,100,36,msgpack,0.9.8,46669,38858,114,85527,21427.500054,25734.726440,11692.214155,0,1.0,reflect,native,1,99d1c7fab316,651,3
java,bytes,message,100,36,avro,1.12.0,27675,33918,44,61593,36133.694670,29482.870452,16235.611190,0,1.0,schema,native,1,99d1c7fab316,652,4
java,bytes,message,100,36,java-serialization,21.0.11,37187,68224,206,105411,26891.117864,14657.598499,9486.675964,0,1.0,message,native,1,99d1c7fab316,653,5
java,bytes,message,100,36,kryo,5.6.2,24131,16765,46,40896,41440.470764,59648.076350,24452.269171,0,1.0,message,native,1,99d1c7fab316,654,6
java,bytes,message,100,36,dsl-json,2.0.2,32680,29000,158,61680,30599.755202,34482.758621,16212.710765,0,1.0,reflect,native,1,99d1c7fab316,655,7
java,bytes,message,100,36,gson,2.12.1,35546,47467,158,83013,28132.560626,21067.267786,12046.306000,0,1.0,reflect,native,1,99d1c7fab316,656,8
java,bytes,message,100,36,bson,5.3.1,50929,70052,134,120981,19635.178386,14275.109918,8265.760739,0,1.0,message,adapted,1,99d1c7fab316,657,9
java,bytes,message,100,36,ion,2.18.3,113587,163964,144,277551,8803.824381,6098.899758,3602.941441,0,1.0,reflect,native,1,99d1c7fab316,658,10
java,bytes,message,100,36,fory,1.3.0,20100,17597,133,37697,49751.243781,56827.868387,26527.309866,0,1.0,message,adapted,1,99d1c7fab316,659,11
java,bytes,message,100,36,jackson-smile,2.18.3,38070,47695,119,85765,26267.402154,20966.558339,11659.767971,0,1.0,reflect,native,1,99d1c7fab316,660,12
java,bytes,message,100,36,jackson-cbor,2.18.3,30782,100682,115,131464,32486.518095,9932.261973,7606.645165,0,1.0,reflect,native,1,99d1c7fab316,661,13
java,bytes,message,100,36,jackson,2.18.3,44874,131598,158,176472,22284.619156,7598.899679,5666.621334,0,1.0,reflect,native,1,99d1c7fab316,662,14
java,bytes,message,100,36,protobuf,4.28.3,130451,21658,50,152109,7665.713563,46172.315080,6574.232951,0,1.0,message,native,1,99d1c7fab316,663,15
java,bytes,message,100,36,jsoniter,0.9.23,26728,18345,150,45073,37413.947920,54510.765876,22186.231225,0,1.0,reflect,adapted,1,99d1c7fab316,664,16
java,bytes,message,100,36,moshi,1.15.2,48043,61789,158,109832,20814.686843,16184.110440,9104.814626,0,1.0,reflect,native,1,99d1c7fab316,665,17
java,bytes,message,100,37,protobuf,4.28.3,18222,17641,50,35863,54878.718033,56686.128904,27883.891476,0,1.0,message,native,1,99d1c7fab316,666,0
java,bytes,message,100,37,fastjson2,2.0.57,31462,31740,158,63202,31784.374801,31505.986137,15822.284105,0,1.0,reflect,adapted,1,99d1c7fab316,667,1
java,bytes,message,100,37,msgpack,0.9.8,53262,53799,114,107061,18775.111712,18587.706091,9340.469452,0,1.0,reflect,native,1,99d1c7fab316,668,2
java,bytes,message,100,37,gson,2.12.1,41943,44130,158,86073,23841.880648,22660.321777,11618.045148,0,1.0,reflect,native,1,99d1c7fab316,669,3
java,bytes,message,100,37,hessian,4.0.66,32829,44351,143,77180,30460.873009,22547.405921,12956.724540,0,1.0,message,native,1,99d1c7fab316,670,4
java,bytes,message,100,37,protostuff,1.8.0,20929,16617,52,37546,47780.591524,60179.334417,26633.995632,0,1.0,schema,native,1,99d1c7fab316,671,5
java,bytes,message,100,37,kryo,5.6.2,36759,23086,46,59845,27204.222095,43316.295590,16709.833737,0,1.0,message,native,1,99d1c7fab316,672,6
java,bytes,message,100,37,jackson,2.18.3,57306,71828,158,129134,17450.179737,13922.147352,7743.893940,0,1.0,reflect,native,1,99d1c7fab316,673,7
java,bytes,message,100,37,jsoniter,0.9.23,19191,31407,150,50598,52107.758845,31840.035661,19763.627021,0,1.0,reflect,adapted,1,99d1c7fab316,674,8
java,bytes,message,100,37,jackson-smile,2.18.3,38250,53299,119,91549,26143.790850,18762.078088,10923.112213,0,1.0,reflect,native,1,99d1c7fab316,675,9
java,bytes,message,100,37,ion,2.18.3,131605,199260,144,330865,7598.495498,5018.568704,3022.380729,0,1.0,reflect,native,1,99d1c7fab316,676,10
java,bytes,message,100,37,jackson-cbor,2.18.3,51538,50564,115,102102,19403.158834,19776.916383,9794.127441,0,1.0,reflect,native,1,99d1c7fab316,677,11
java,bytes,message,100,37,bson,5.3.1,60759,64519,134,125278,16458.467058,15499.310281,7982.247482,0,1.0,message,adapted,1,99d1c7fab316,678,12
java,bytes,message,100,37,dsl-json,2.0.2,49083,44102,158,93185,20373.652792,22674.708630,10731.340881,0,1.0,reflect,native,1,99d1c7fab316,679,13
java,bytes,message,100,37,java-serialization,21.0.11,57625,100596,206,158221,17353.579176,9940.753111,6320.273541,0,1.0,message,native,1,99d1c7fab316,680,14
java,bytes,message,100,37,moshi,1.15.2,42297,53814,158,96111,23642.338700,18582.524993,10404.636306,0,1.0,reflect,native,1,99d1c7fab316,681,15
java,bytes,message,100,37,fory,1.3.0,24807,21861,133,46668,40311.202483,45743.561594,21427.959201,0,1.0,message,adapted,1,99d1c7fab316,682,16
java,bytes,message,100,37,avro,1.12.0,42276,55321,44,97597,23654.082695,18076.318216,10246.216585,0,1.0,schema,native,1,99d1c7fab316,683,17
java,bytes,message,100,38,msgpack,0.9.8,60025,205188,114,265213,16659.725115,4873.579352,3770.554234,0,1.0,reflect,native,1,99d1c7fab316,684,0
java,bytes,message,100,38,fory,1.3.0,31277,19711,133,50988,31972.375867,50733.093197,19612.457833,0,1.0,message,adapted,1,99d1c7fab316,685,1
java,bytes,message,100,38,hessian,4.0.66,43830,27371,143,71201,22815.423226,36535.018816,14044.746563,0,1.0,message,native,1,99d1c7fab316,686,2
java,bytes,message,100,38,avro,1.12.0,89611,66562,44,156173,11159.344277,15023.587032,6403.155475,0,1.0,schema,native,1,99d1c7fab316,687,3
java,bytes,message,100,38,protobuf,4.28.3,16569,17563,50,34132,60353.672521,56937.880772,29298.019454,0,1.0,message,native,1,99d1c7fab316,688,4
java,bytes,message,100,38,gson,2.12.1,48434,43355,158,91789,20646.653178,23065.390382,10894.551635,0,1.0,reflect,native,1,99d1c7fab316,689,5
java,bytes,message,100,38,fastjson2,2.0.57,51982,30608,158,82590,19237.428341,32671.197073,12108.003390,0,1.0,reflect,adapted,1,99d1c7fab316,690,6
java,bytes,message,100,38,dsl-json,2.0.2,47295,36862,158,84157,21143.884132,27128.207911,11882.552848,0,1.0,reflect,native,1,99d1c7fab316,691,7
java,bytes,message,100,38,protostuff,1.8.0,26428,12194,52,38622,37838.655971,82007.544694,25891.978665,0,1.0,schema,native,1,99d1c7fab316,692,8
java,bytes,message,100,38,kryo,5.6.2,35028,19559,46,54587,28548.589700,51127.358249,18319.380072,0,1.0,message,native,1,99d1c7fab316,693,9
java,bytes,message,100,38,jackson-smile,2.18.3,251341,149450,119,400791,3978.658476,6691.201071,2495.066007,0,1.0,reflect,native,1,99d1c7fab316,694,10
java,bytes,message,100,38,bson,5.3.1,54012,58292,134,112304,18514.404206,17155.012695,8904.402337,0,1.0,message,adapted,1,99d1c7fab316,695,11
java,bytes,message,100,38,java-serialization,21.0.11,50286,85597,206,135883,19886.250646,11682.652429,7359.272315,0,1.0,message,native,1,99d1c7fab316,696,12
java,bytes,message,100,38,moshi,1.15.2,46588,56493,158,103081,21464.754872,17701.308127,9701.108837,0,1.0,reflect,native,1,99d1c7fab316,697,13
java,bytes,message,100,38,jackson,2.18.3,66620,237577,158,304197,15010.507355,4209.161661,3287.343399,0,1.0,reflect,native,1,99d1c7fab316,698,14
java,bytes,message,100,38,jackson-cbor,2.18.3,55543,71016,115,126559,18004.068920,14081.333784,7901.453077,0,1.0,reflect,native,1,99d1c7fab316,699,15
java,bytes,message,100,38,ion,2.18.3,153242,208684,144,361926,6525.626134,4791.934216,2762.995751,0,1.0,reflect,native,1,99d1c7fab316,700,16
java,bytes,message,100,38,jsoniter,0.9.23,24797,25394,150,50191,40327.458967,39379.380956,19923.890737,0,1.0,reflect,adapted,1,99d1c7fab316,701,17
java,bytes,message,100,39,gson,2.12.1,61461,42744,158,104205,16270.480467,23395.096388,9596.468500,0,1.0,reflect,native,1,99d1c7fab316,702,0
java,bytes,message,100,39,fastjson2,2.0.57,41280,29927,158,71207,24224.806202,33414.642296,14043.563133,0,1.0,reflect,adapted,1,99d1c7fab316,703,1
java,bytes,message,100,39,msgpack,0.9.8,49207,47846,114,97053,20322.311866,20900.388747,10303.648522,0,1.0,reflect,native,1,99d1c7fab316,704,2
java,bytes,message,100,39,fory,1.3.0,30135,19209,133,49344,33184.005309,52058.930710,20265.888457,0,1.0,message,adapted,1,99d1c7fab316,705,3
java,bytes,message,100,39,protostuff,1.8.0,17798,11664,52,29462,56186.088325,85733.882030,33942.027018,0,1.0,schema,native,1,99d1c7fab316,706,4
java,bytes,message,100,39,jackson-smile,2.18.3,40766,39116,119,79882,24530.245793,25564.986195,12518.464735,0,1.0,reflect,native,1,99d1c7fab316,707,5
java,bytes,message,100,39,hessian,4.0.66,30876,26765,143,57641,32387.614976,37362.226789,17348.762166,0,1.0,message,native,1,99d1c7fab316,708,6
java,bytes,message,100,39,bson,5.3.1,52250,63870,134,116120,19138.755981,15656.802881,8611.780916,0,1.0,message,adapted,1,99d1c7fab316,709,7
java,bytes,message,100,39,protobuf,4.28.3,16877,17703,50,34580,59252.236772,56487.600972,28918.449971,0,1.0,message,native,1,99d1c7fab316,710,8
java,bytes,message,100,39,jackson,2.18.3,50273,96153,158,146426,19891.392994,10400.091521,6829.388223,0,1.0,reflect,native,1,99d1c7fab316,711,9
java,bytes,message,100,39,moshi,1.15.2,48728,56715,158,105443,20522.081760,17632.019748,9483.796933,0,1.0,reflect,native,1,99d1c7fab316,712,10
java,bytes,message,100,39,jsoniter,0.9.23,23018,18214,150,41232,43444.261013,54902.822005,24253.007373,0,1.0,reflect,adapted,1,99d1c7fab316,713,11
java,bytes,message,100,39,avro,1.12.0,53338,81012,44,134350,18748.359519,12343.850294,7443.245255,0,1.0,schema,native,1,99d1c7fab316,714,12
java,bytes,message,100,39,kryo,5.6.2,39599,21677,46,61276,25253.162959,46131.844812,16319.603107,0,1.0,message,native,1,99d1c7fab316,715,13
java,bytes,message,100,39,jackson-cbor,2.18.3,36987,39424,115,76411,27036.526347,25365.259740,13087.120964,0,1.0,reflect,native,1,99d1c7fab316,716,14
java,bytes,message,100,39,ion,2.18.3,109636,416469,144,526105,9121.091612,2401.139100,1900.761255,0,1.0,reflect,native,1,99d1c7fab316,717,15
java,bytes,message,100,39,java-serialization,21.0.11,83744,134921,206,218665,11941.153993,7411.744651,4573.205588,0,1.0,message,native,1,99d1c7fab316,718,16
java,bytes,message,100,39,dsl-json,2.0.2,64672,60071,158,124743,15462.642256,16646.967755,8016.481887,0,1.0,reflect,native,1,99d1c7fab316,719,17
java,bytes,message,100,40,avro,1.12.0,43316,78564,44,121880,23086.157540,12728.476147,8204.791598,0,1.0,schema,native,1,99d1c7fab316,720,0
java,bytes,message,100,40,msgpack,0.9.8,83434,164500,114,247934,11985.521490,6079.027356,4033.331451,0,1.0,reflect,native,1,99d1c7fab316,721,1
java,bytes,message,100,40,jackson-cbor,2.18.3,58967,69640,115,128607,16958.637882,14359.563469,7775.626521,0,1.0,reflect,native,1,99d1c7fab316,722,2
java,bytes,message,100,40,jsoniter,0.9.23,27738,25521,150,53259,36051.625928,39183.417578,18776.169286,0,1.0,reflect,adapted,1,99d1c7fab316,723,3
java,bytes,message,100,40,kryo,5.6.2,33905,25873,46,59778,29494.174900,38650.330460,16728.562347,0,1.0,message,native,1,99d1c7fab316,724,4
java,bytes,message,100,40,jackson-smile,2.18.3,59421,56915,119,116336,16829.067165,17570.060617,8595.791500,0,1.0,reflect,native,1,99d1c7fab316,725,5
java,bytes,message,100,40,bson,5.3.1,63154,72866,134,136020,15834.309782,13723.821810,7351.860021,0,1.0,message,adapted,1,99d1c7fab316,726,6
java,bytes,message,100,40,gson,2.12.1,53638,68444,158,122082,18643.499012,14610.484484,8191.215740,0,1.0,reflect,native,1,99d1c7fab316,727,7
java,bytes,message,100,40,fastjson2,2.0.57,46546,39030,158,85576,21484.123233,25621.316936,11685.519304,0,1.0,reflect,adapted,1,99d1c7fab316,728,8
java,bytes,message,100,40,protostuff,1.8.0,23048,15787,52,38835,43387.712600,63343.257110,25749.967813,0,1.0,schema,native,1,99d1c7fab316,729,9
java,bytes,message,100,40,jackson,2.18.3,67192,84414,158,151606,14882.724134,11846.376194,6596.045011,0,1.0,reflect,native,1,99d1c7fab316,730,10
java,bytes,message,100,40,moshi,1.15.2,44572,67190,158,111762,22435.609800,14883.167138,8947.585047,0,1.0,reflect,native,1,99d1c7fab316,731,11
java,bytes,message,100,40,dsl-json,2.0.2,50695,43253,158,93948,19725.811224,23119.783599,10644.186146,0,1.0,reflect,native,1,99d1c7fab316,732,12
java,bytes,message,100,40,fory,1.3.0,36290,22788,133,59078,27555.800496,43882.745305,16926.774772,0,1.0,message,adapted,1,99d1c7fab316,733,13
java,bytes,message,100,40,java-serialization,21.0.11,60924,99855,206,160779,16413.892719,10014.521056,6219.717749,0,1.0,message,native,1,99d1c7fab316,734,14
java,bytes,message,100,40,protobuf,4.28.3,18118,20845,50,38963,55193.729992,47973.135044,25665.374843,0,1.0,message,native,1,99d1c7fab316,735,15
java,bytes,message,100,40,ion,2.18.3,121786,307017,144,428803,8211.124431,3257.148627,2332.073236,0,1.0,reflect,native,1,99d1c7fab316,736,16
java,bytes,message,100,40,hessian,4.0.66,68442,32036,143,100478,14610.911429,31214.883256,9952.427397,0,1.0,message,native,1,99d1c7fab316,737,17
java,bytes,message,100,41,protobuf,4.28.3,12676,12864,50,25540,78889.239508,77736.318408,39154.267815,0,1.0,message,native,1,99d1c7fab316,738,0
java,bytes,message,100,41,ion,2.18.3,120716,128418,144,249134,8283.906027,7787.070348,4013.904164,0,1.0,reflect,native,1,99d1c7fab316,739,1
java,bytes,message,100,41,java-serialization,21.0.11,54518,82963,206,137481,18342.565758,12053.566048,7273.732370,0,1.0,message,native,1,99d1c7fab316,740,2
java,bytes,message,100,41,dsl-json,2.0.2,41191,38575,158,79766,24277.147921,25923.525599,12536.669759,0,1.0,reflect,native,1,99d1c7fab316,741,3
java,bytes,message,100,41,jackson-smile,2.18.3,63125,46644,119,109769,15841.584158,21438.984650,9110.040175,0,1.0,reflect,native,1,99d1c7fab316,742,4
java,bytes,message,100,41,fory,1.3.0,20170,41777,133,61947,49578.582053,23936.615841,16142.831776,0,1.0,message,adapted,1,99d1c7fab316,743,5
java,bytes,message,100,41,moshi,1.15.2,43470,65402,158,108872,23004.370830,15290.052292,9185.098097,0,1.0,reflect,native,1,99d1c7fab316,744,6
java,bytes,message,100,41,jackson-cbor,2.18.3,44629,50432,115,95061,22406.955119,19828.680203,10519.561124,0,1.0,reflect,native,1,99d1c7fab316,745,7
java,bytes,message,100,41,gson,2.12.1,48115,45235,158,93350,20783.539437,22106.775727,10712.372791,0,1.0,reflect,native,1,99d1c7fab316,746,8
java,bytes,message,100,41,jackson,2.18.3,51734,66372,158,118106,19329.647814,15066.594347,8466.970349,0,1.0,reflect,native,1,99d1c7fab316,747,9
java,bytes,message,100,41,avro,1.12.0,39433,51973,44,91406,25359.470494,19240.759625,10940.200862,0,1.0,schema,native,1,99d1c7fab316,748,10
java,bytes,message,100,41,hessian,4.0.66,35682,25454,143,61136,28025.334903,39286.556140,16356.974614,0,1.0,message,native,1,99d1c7fab316,749,11
java,bytes,message,100,41,kryo,5.6.2,27877,22086,46,49963,35871.865696,45277.551390,20014.810960,0,1.0,message,native,1,99d1c7fab316,750,12
java,bytes,message,100,41,jsoniter,0.9.23,17444,14208,150,31652,57326.301307,70382.882883,31593.580185,0,1.0,reflect,adapted,1,99d1c7fab316,751,13
java,bytes,message,100,41,fastjson2,2.0.57,28584,24212,158,52796,34984.606773,41301.833801,18940.828851,0,1.0,reflect,adapted,1,99d1c7fab316,752,14
java,bytes,message,100,41,protostuff,1.8.0,14490,10002,52,24492,69013.112491,99980.003999,40829.658664,0,1.0,schema,native,1,99d1c7fab316,753,15
java,bytes,message,100,41,bson,5.3.1,60590,60968,134,121558,16504.373659,16402.046975,8226.525609,0,1.0,message,adapted,1,99d1c7fab316,754,16
java,bytes,message,100,41,msgpack,0.9.8,228665,73579,114,302244,4373.209717,13590.834341,3308.585117,0,1.0,reflect,native,1,99d1c7fab316,755,17
java,bytes,message,100,42,dsl-json,2.0.2,199500,41759,158,241259,5012.531328,23946.933595,4144.923091,0,1.0,reflect,native,1,99d1c7fab316,756,0
java,bytes,message,100,42,msgpack,0.9.8,44230,194290,114,238520,22609.088854,5146.945288,4192.520543,0,1.0,reflect,native,1,99d1c7fab316,757,1
java,bytes,message,100,42,jsoniter,0.9.23,16159,13149,150,29308,61885.017637,76051.410754,34120.376689,0,1.0,reflect,adapted,1,99d1c7fab316,758,2
java,bytes,message,100,42,ion,2.18.3,616530,172839,144,789369,1621.981088,5785.731230,1266.834649,0,1.0,reflect,native,1,99d1c7fab316,759,3
java,bytes,message,100,42,protobuf,4.28.3,12614,13640,50,26254,79276.993816,73313.782991,38089.433991,0,1.0,message,native,1,99d1c7fab316,760,4
java,bytes,message,100,42,jackson-cbor,2.18.3,50044,46508,115,96552,19982.415474,21501.677131,10357.113265,0,1.0,reflect,native,1,99d1c7fab316,761,5
java,bytes,message,100,42,bson,5.3.1,33898,62002,134,95900,29500.265502,16128.511983,10427.528676,0,1.0,message,adapted,1,99d1c7fab316,762,6
java,bytes,message,100,42,fastjson2,2.0.57,26899,277140,158,304039,37176.103201,3608.284621,3289.051733,0,1.0,reflect,adapted,1,99d1c7fab316,763,7
java,bytes,message,100,42,protostuff,1.8.0,14592,27709,52,42301,68530.701754,36089.357249,23640.103071,0,1.0,schema,native,1,99d1c7fab316,764,8
java,bytes,message,100,42,jackson,2.18.3,83491,82031,158,165522,11977.338875,12190.513343,6041.492974,0,1.0,reflect,native,1,99d1c7fab316,765,9
java,bytes,message,100,42,java-serialization,21.0.11,55756,82562,206,138318,17935.289476,12112.109687,7229.717029,0,1.0,message,native,1,99d1c7fab316,766,10
java,bytes,message,100,42,gson,2.12.1,72652,47951,158,120603,13764.245995,20854.622427,8291.667703,0,1.0,reflect,native,1,99d1c7fab316,767,11
java,bytes,message,100,42,jackson-smile,2.18.3,47342,40310,119,87652,21122.892991,24807.740015,11408.752795,0,1.0,reflect,native,1,99d1c7fab316,768,12
java,bytes,message,100,42,avro,1.12.0,37484,45804,44,83288,26678.049301,21832.154397,12006.531553,0,1.0,schema,native,1,99d1c7fab316,769,13
java,bytes,message,100,42,kryo,5.6.2,27887,21840,46,49727,35859.002403,45787.545788,20109.799505,0,1.0,message,native,1,99d1c7fab316,770,14
java,bytes,message,100,42,fory,1.3.0,20873,19341,133,40214,47908.781680,51703.634766,24866.961755,0,1.0,message,adapted,1,99d1c7fab316,771,15
java,bytes,message,100,42,moshi,1.15.2,47416,60495,158,107911,21089.927451,16530.291760,9266.895868,0,1.0,reflect,native,1,99d1c7fab316,772,16
java,bytes,message,100,42,hessian,4.0.66,25743,25326,143,51069,38845.511401,39485.114112,19581.350722,0,1.0,message,native,1,99d1c7fab316,773,17
java,bytes,message,100,43,msgpack,0.9.8,39586,48016,114,87602,25261.456070,20826.391203,11415.264492,0,1.0,reflect,native,1,99d1c7fab316,774,0
java,bytes,message,100,43,protostuff,1.8.0,17775,9953,52,27728,56258.790436,100472.219431,36064.627813,0,1.0,schema,native,1,99d1c7fab316,775,1
java,bytes,message,100,43,hessian,4.0.66,22531,17238,143,39769,44383.294128,58011.370229,25145.213609,0,1.0,message,native,1,99d1c7fab316,776,2
java,bytes,message,100,43,fory,1.3.0,17325,15381,133,32706,57720.057720,65015.278590,30575.429585,0,1.0,message,adapted,1,99d1c7fab316,777,3
java,bytes,message,100,43,gson,2.12.1,40822,37243,158,78065,24496.594973,26850.683350,12809.837956,0,1.0,reflect,native,1,99d1c7fab316,778,4
java,bytes,message,100,43,java-serialization,21.0.11,52720,70785,206,123505,18968.133536,14127.286855,8096.838185,0,1.0,message,native,1,99d1c7fab316,779,5
java,bytes,message,100,43,jackson-smile,2.18.3,43563,52605,119,96168,22955.260198,19009.599848,10398.469345,0,1.0,reflect,native,1,99d1c7fab316,780,6
java,bytes,message,100,43,bson,5.3.1,33947,41922,134,75869,29457.684037,23853.823768,13180.613953,0,1.0,message,adapted,1,99d1c7fab316,781,7
java,bytes,message,100,43,jsoniter,0.9.23,15733,17686,150,33419,63560.668658,56541.897546,29923.097639,0,1.0,reflect,adapted,1,99d1c7fab316,782,8
java,bytes,message,100,43,dsl-json,2.0.2,39083,51142,158,90225,25586.572167,19553.400336,11083.402605,0,1.0,reflect,native,1,99d1c7fab316,783,9
java,bytes,message,100,43,protobuf,4.28.3,11800,12397,50,24197,84745.762712,80664.676938,41327.437286,0,1.0,message,native,1,99d1c7fab316,784,10
java,bytes,message,100,43,fastjson2,2.0.57,25223,22308,158,47531,39646.354518,44826.967904,21038.900928,0,1.0,reflect,adapted,1,99d1c7fab316,785,11
java,bytes,message,100,43,jackson,2.18.3,47104,62298,158,109402,21229.619565,16051.879675,9140.600720,0,1.0,reflect,native,1,99d1c7fab316,786,12
java,bytes,message,100,43,ion,2.18.3,91291,319441,144,410732,10953.982320,3130.468537,2434.677600,0,1.0,reflect,native,1,99d1c7fab316,787,13
java,bytes,message,100,43,kryo,5.6.2,34502,36636,46,71138,28983.827025,27295.556283,14057.184627,0,1.0,message,native,1,99d1c7fab316,788,14
java,bytes,message,100,43,moshi,1.15.2,56819,428899,158,485718,17599.746564,2331.551251,2058.807786,0,1.0,reflect,native,1,99d1c7fab316,789,15
java,bytes,message,100,43,jackson-cbor,2.18.3,46516,45420,115,91936,21497.979190,22016.732717,10877.131918,0,1.0,reflect,native,1,99d1c7fab316,790,16
java,bytes,message,100,43,avro,1.12.0,39560,58763,44,98323,25278.058645,17017.511019,10170.560296,0,1.0,schema,native,1,99d1c7fab316,791,17
java,bytes,message,100,44,fastjson2,2.0.57,25001,22425,158,47426,39998.400064,44593.088071,21085.480538,0,1.0,reflect,adapted,1,99d1c7fab316,792,0
java,bytes,message,100,44,fory,1.3.0,17662,14978,133,32640,56618.729476,66764.588062,30637.254902,0,1.0,message,adapted,1,99d1c7fab316,793,1
java,bytes,message,100,44,msgpack,0.9.8,42507,36275,114,78782,23525.536970,27567.195038,12693.254804,0,1.0,reflect,native,1,99d1c7fab316,794,2
java,bytes,message,100,44,protostuff,1.8.0,14316,9611,52,23927,69851.913942,104047.445635,41793.789443,0,1.0,schema,native,1,99d1c7fab316,795,3
java,bytes,message,100,44,java-serialization,21.0.11,37840,67757,206,105597,26427.061311,14758.622725,9469.966003,0,1.0,message,native,1,99d1c7fab316,796,4
java,bytes,message,100,44,gson,2.12.1,39830,36238,158,76068,25106.703490,27595.341906,13146.132408,0,1.0,reflect,native,1,99d1c7fab316,797,5
java,bytes,message,100,44,kryo,5.6.2,21986,20036,46,42022,45483.489493,49910.161709,23797.058684,0,1.0,message,native,1,99d1c7fab316,798,6
java,bytes,message,100,44,protobuf,4.28.3,11344,12255,50,23599,88152.327221,81599.347205,42374.676893,0,1.0,message,native,1,99d1c7fab316,799,7
java,bytes,message,100,44,jackson-cbor,2.18.3,36930,36048,115,72978,27078.256160,27740.790058,13702.759736,0,1.0,reflect,native,1,99d1c7fab316,800,8
java,bytes,message,100,44,jackson-smile,2.18.3,32349,29444,119,61793,30912.856657,33962.776797,16183.062806,0,1.0,reflect,native,1,99d1c7fab316,801,9
java,bytes,message,100,44,ion,2.18.3,84520,142938,144,227458,11831.519167,6996.040241,4396.416042,0,1.0,reflect,native,1,99d1c7fab316,802,10
java,bytes,message,100,44,jackson,2.18.3,43417,45747,158,89164,23032.452726,21859.356898,11215.288682,0,1.0,reflect,native,1,99d1c7fab316,803,11
java,bytes,message,100,44,avro,1.12.0,25244,29787,44,55031,39613.373475,33571.692349,18171.576021,0,1.0,schema,native,1,99d1c7fab316,804,12
java,bytes,message,100,44,moshi,1.15.2,27986,50912,158,78898,35732.151790,19641.734758,12674.592512,0,1.0,reflect,native,1,99d1c7fab316,805,13
java,bytes,message,100,44,dsl-json,2.0.2,32193,32992,158,65185,31062.653372,30310.378274,15340.952673,0,1.0,reflect,native,1,99d1c7fab316,806,14
java,bytes,message,100,44,bson,5.3.1,30265,33882,134,64147,33041.467041,29514.196328,15589.193571,0,1.0,message,adapted,1,99d1c7fab316,807,15
java,bytes,message,100,44,jsoniter,0.9.23,14369,12870,150,27239,69594.265433,77700.077700,36712.067257,0,1.0,reflect,adapted,1,99d1c7fab316,808,16
java,bytes,message,100,44,hessian,4.0.66,19899,18193,143,38092,50253.781597,54966.195790,26252.231440,0,1.0,message,native,1,99d1c7fab316,809,17
java,bytes,message,100,45,protobuf,4.28.3,8613,9320,50,17933,116103.564379,107296.137339,55763.118274,0,1.0,message,native,1,99d1c7fab316,810,0
java,bytes,message,100,45,fastjson2,2.0.57,20497,18852,158,39349,48787.627458,53044.769786,25413.606445,0,1.0,reflect,adapted,1,99d1c7fab316,811,1
java,bytes,message,100,45,ion,2.18.3,87833,102226,144,190059,11385.242449,9782.247178,5261.524053,0,1.0,reflect,native,1,99d1c7fab316,812,2
java,bytes,message,100,45,java-serialization,21.0.11,31449,56780,206,88229,31797.513434,17611.835153,11334.141835,0,1.0,message,native,1,99d1c7fab316,813,3
java,bytes,message,100,45,protostuff,1.8.0,11294,8329,52,19623,88542.588985,120062.432465,50960.607450,0,1.0,schema,native,1,99d1c7fab316,814,4
java,bytes,message,100,45,jackson-smile,2.18.3,32341,31248,119,63589,30920.503386,32002.048131,15725.990344,0,1.0,reflect,native,1,99d1c7fab316,815,5
java,bytes,message,100,45,kryo,5.6.2,19660,15464,46,35124,50864.699898,64666.321780,28470.561439,0,1.0,message,native,1,99d1c7fab316,816,6
java,bytes,message,100,45,fory,1.3.0,15304,13750,133,29054,65342.394145,72727.272727,34418.668686,0,1.0,message,adapted,1,99d1c7fab316,817,7
java,bytes,message,100,45,avro,1.12.0,48553,28320,44,76873,20596.049678,35310.734463,13008.468513,0,1.0,schema,native,1,99d1c7fab316,818,8
java,bytes,message,100,45,msgpack,0.9.8,34197,29934,114,64131,29242.331199,33406.828356,15593.082908,0,1.0,reflect,native,1,99d1c7fab316,819,9
java,bytes,message,100,45,jackson-cbor,2.18.3,26429,30090,115,56519,37837.224261,33233.632436,17693.165130,0,1.0,reflect,native,1,99d1c7fab316,820,10
java,bytes,message,100,45,bson,5.3.1,27752,33184,134,60936,36033.439031,30135.004822,16410.660365,0,1.0,message,adapted,1,99d1c7fab316,821,11
java,bytes,message,100,45,dsl-json,2.0.2,31094,25934,158,57028,32160.545443,38559.420066,17535.245844,0,1.0,reflect,native,1,99d1c7fab316,822,12
java,bytes,message,100,45,jackson,2.18.3,34392,45682,158,80074,29076.529425,21890.460137,12488.448185,0,1.0,reflect,native,1,99d1c7fab316,823,13
java,bytes,message,100,45,hessian,4.0.66,19745,16041,143,35786,50645.733097,62340.253101,27943.888672,0,1.0,message,native,1,99d1c7fab316,824,14
java,bytes,message,100,45,gson,2.12.1,33476,27040,158,60516,29872.147210,36982.248521,16524.555489,0,1.0,reflect,native,1,99d1c7fab316,825,15
java,bytes,message,100,45,moshi,1.15.2,26365,32845,158,59210,37929.072634,30446.034404,16889.039014,0,1.0,reflect,native,1,99d1c7fab316,826,16
java,bytes,message,100,45,jsoniter,0.9.23,12639,12129,150,24768,79120.183559,82447.027785,40374.677003,0,1.0,reflect,adapted,1,99d1c7fab316,827,17
java,bytes,message,100,46,fory,1.3.0,14636,13797,133,28433,68324.678874,72479.524534,35170.400591,0,1.0,message,adapted,1,99d1c7fab316,828,0
java,bytes,message,100,46,avro,1.12.0,26909,30753,44,57662,37162.287710,32517.152798,17342.443897,0,1.0,schema,native,1,99d1c7fab316,829,1
java,bytes,message,100,46,protobuf,4.28.3,11490,11500,50,22990,87032.201915,86956.521739,43497.172684,0,1.0,message,native,1,99d1c7fab316,830,2
java,bytes,message,100,46,bson,5.3.1,36449,36290,134,72739,27435.594941,27555.800496,13747.783170,0,1.0,message,adapted,1,99d1c7fab316,831,3
java,bytes,message,100,46,jackson,2.18.3,49819,62429,158,112248,20072.663040,16018.196671,8908.844701,0,1.0,reflect,native,1,99d1c7fab316,832,4
java,bytes,message,100,46,msgpack,0.9.8,37744,27824,114,65568,26494.277236,35940.195515,15251.342118,0,1.0,reflect,native,1,99d1c7fab316,833,5
java,bytes,message,100,46,ion,2.18.3,76838,90355,144,167193,13014.393920,11067.456145,5981.111649,0,1.0,reflect,native,1,99d1c7fab316,834,6
java,bytes,message,100,46,protostuff,1.8.0,12702,10272,52,22974,78727.759408,97352.024922,43527.465831,0,1.0,schema,native,1,99d1c7fab316,835,7
java,bytes,message,100,46,gson,2.12.1,25355,27314,158,52669,39439.952672,36611.261624,18986.500598,0,1.0,reflect,native,1,99d1c7fab316,836,8
java,bytes,message,100,46,dsl-json,2.0.2,33108,27726,158,60834,30204.180259,36067.229315,16438.176020,0,1.0,reflect,native,1,99d1c7fab316,837,9
java,bytes,message,100,46,java-serialization,21.0.11,39301,74648,206,113949,25444.645174,13396.206194,8775.855865,0,1.0,message,native,1,99d1c7fab316,838,10
java,bytes,message,100,46,moshi,1.15.2,116352,37867,158,154219,8594.609461,26408.218238,6484.285334,0,1.0,reflect,native,1,99d1c7fab316,839,11
java,bytes,message,100,46,fastjson2,2.0.57,24835,22459,158,47294,40265.753976,44525.579946,21144.331205,0,1.0,reflect,adapted,1,99d1c7fab316,840,12
java,bytes,message,100,46,jackson-cbor,2.18.3,33251,37644,115,70895,30074.283480,26564.658378,14105.367092,0,1.0,reflect,native,1,99d1c7fab316,841,13
java,bytes,message,100,46,jackson-smile,2.18.3,31218,30662,119,61880,32032.801589,32613.658600,16160.310278,0,1.0,reflect,native,1,99d1c7fab316,842,14
java,bytes,message,100,46,jsoniter,0.9.23,13674,12377,150,26051,73131.490420,80795.023027,38386.242371,0,1.0,reflect,adapted,1,99d1c7fab316,843,15
java,bytes,message,100,46,hessian,4.0.66,18659,18150,143,36809,53593.440163,55096.418733,27167.268874,0,1.0,message,native,1,99d1c7fab316,844,16
java,bytes,message,100,46,kryo,5.6.2,22765,16995,46,39760,43927.081045,58840.835540,25150.905433,0,1.0,message,native,1,99d1c7fab316,845,17
java,bytes,message,100,47,jackson-smile,2.18.3,42616,105571,119,148187,23465.365121,9472.298264,6748.230277,0,1.0,reflect,native,1,99d1c7fab316,846,0
java,bytes,message,100,47,gson,2.12.1,29962,25927,158,55889,33375.609105,38569.830678,17892.608563,0,1.0,reflect,native,1,99d1c7fab316,847,1
java,bytes,message,100,47,fastjson2,2.0.57,23425,19769,158,43194,42689.434365,50584.248065,23151.363615,0,1.0,reflect,adapted,1,99d1c7fab316,848,2
java,bytes,message,100,47,avro,1.12.0,54720,66518,44,121238,18274.853801,15033.524760,8248.239001,0,1.0,schema,native,1,99d1c7fab316,849,3
java,bytes,message,100,47,fory,1.3.0,17246,16129,133,33375,57984.460165,62000.124000,29962.546816,0,1.0,message,adapted,1,99d1c7fab316,850,4
java,bytes,message,100,47,jsoniter,0.9.23,36812,13776,150,50588,27165.054873,72590.011614,19767.533802,0,1.0,reflect,adapted,1,99d1c7fab316,851,5
java,bytes,message,100,47,kryo,5.6.2,29373,17329,46,46702,34044.871140,57706.734376,21412.359214,0,1.0,message,native,1,99d1c7fab316,852,6
java,bytes,message,100,47,bson,5.3.1,70418,39719,134,110137,14200.914539,25176.867494,9079.600861,0,1.0,message,adapted,1,99d1c7fab316,853,7
java,bytes,message,100,47,protostuff,1.8.0,13565,10276,52,23841,73719.130114,97314.130012,41944.549306,0,1.0,schema,native,1,99d1c7fab316,854,8
java,bytes,message,100,47,hessian,4.0.66,19028,16547,143,35575,52554.130755,60433.915513,28109.627547,0,1.0,message,native,1,99d1c7fab316,855,9
java,bytes,message,100,47,msgpack,0.9.8,39145,33934,114,73079,25546.046749,29468.969175,13683.821618,0,1.0,reflect,native,1,99d1c7fab316,856,10
java,bytes,message,100,47,dsl-json,2.0.2,33697,27782,158,61479,29676.232306,35994.528832,16265.716749,0,1.0,reflect,native,1,99d1c7fab316,857,11
java,bytes,message,100,47,moshi,1.15.2,31736,37523,158,69259,31509.957146,26650.321136,14438.556722,0,1.0,reflect,native,1,99d1c7fab316,858,12
java,bytes,message,100,47,protobuf,4.28.3,11377,12849,50,24226,87896.633559,77827.068254,41277.965822,0,1.0,message,native,1,99d1c7fab316,859,13
java,bytes,message,100,47,jackson-cbor,2.18.3,116980,42808,115,159788,8548.469824,23360.119604,6258.292237,0,1.0,reflect,native,1,99d1c7fab316,860,14
java,bytes,message,100,47,jackson,2.18.3,35286,47194,158,82480,28339.851499,21189.134212,12124.151309,0,1.0,reflect,native,1,99d1c7fab316,861,15
java,bytes,message,100,47,java-serialization,21.0.11,38456,148702,206,187158,26003.744539,6724.859114,5343.079110,0,1.0,message,native,1,99d1c7fab316,862,16
java,bytes,message,100,47,ion,2.18.3,198255,155401,144,353656,5044.008978,6434.965026,2827.606488,0,1.0,reflect,native,1,99d1c7fab316,863,17
java,bytes,message,100,48,gson,2.12.1,26610,28644,158,55254,37579.857197,34911.325234,18098.237232,0,1.0,reflect,native,1,99d1c7fab316,864,0
java,bytes,message,100,48,jackson-smile,2.18.3,68201,41881,119,110082,14662.541605,23877.175808,9084.137279,0,1.0,reflect,native,1,99d1c7fab316,865,1
java,bytes,message,100,48,ion,2.18.3,93315,78498,144,171813,10716.390720,12739.178068,5820.281352,0,1.0,reflect,native,1,99d1c7fab316,866,2
java,bytes,message,100,48,avro,1.12.0,44234,33833,44,78067,22607.044355,29556.941448,12809.509780,0,1.0,schema,native,1,99d1c7fab316,867,3
java,bytes,message,100,48,jsoniter,0.9.23,19303,17924,150,37227,51805.418847,55791.118054,26862.223655,0,1.0,reflect,adapted,1,99d1c7fab316,868,4
java,bytes,message,100,48,hessian,4.0.66,19948,18633,143,38581,50130.338881,53668.223045,25919.494051,0,1.0,message,native,1,99d1c7fab316,869,5
java,bytes,message,100,48,jackson-cbor,2.18.3,31361,35464,115,66825,31886.738306,28197.608843,14964.459409,0,1.0,reflect,native,1,99d1c7fab316,870,6
java,bytes,message,100,48,fastjson2,2.0.57,24774,22924,158,47698,40364.898684,43622.404467,20965.239633,0,1.0,reflect,adapted,1,99d1c7fab316,871,7
java,bytes,message,100,48,msgpack,0.9.8,34281,29145,114,63426,29170.677635,34311.202608,15766.404944,0,1.0,reflect,native,1,99d1c7fab316,872,8
java,bytes,message,100,48,bson,5.3.1,33800,55631,134,89431,29585.798817,17975.589150,11181.804967,0,1.0,message,adapted,1,99d1c7fab316,873,9
java,bytes,message,100,48,java-serialization,21.0.11,35136,62302,206,97438,28460.837887,16050.849090,10262.936431,0,1.0,message,native,1,99d1c7fab316,874,10
java,bytes,message,100,48,protostuff,1.8.0,13153,9444,52,22597,76028.282521,105887.335875,44253.661991,0,1.0,schema,native,1,99d1c7fab316,875,11
java,bytes,message,100,48,protobuf,4.28.3,10955,12331,50,23286,91282.519398,81096.423648,42944.258353,0,1.0,message,native,1,99d1c7fab316,876,12
java,bytes,message,100,48,moshi,1.15.2,32042,39765,158,71807,31209.038137,25147.742990,13926.218892,0,1.0,reflect,native,1,99d1c7fab316,877,13
java,bytes,message,100,48,jackson,2.18.3,37054,46143,158,83197,26987.639661,21671.759530,12019.664171,0,1.0,reflect,native,1,99d1c7fab316,878,14
java,bytes,message,100,48,dsl-json,2.0.2,34723,28020,158,62743,28799.354894,35688.793719,15938.032928,0,1.0,reflect,native,1,99d1c7fab316,879,15
java,bytes,message,100,48,fory,1.3.0,18529,16673,133,35202,53969.453289,59977.208661,28407.476848,0,1.0,message,adapted,1,99d1c7fab316,880,16
java,bytes,message,100,48,kryo,5.6.2,23776,18807,46,42583,42059.219381,53171.691392,23483.549773,0,1.0,message,native,1,99d1c7fab316,881,17
java,bytes,message,100,49,jackson-cbor,2.18.3,44154,35262,115,79416,22648.004711,28359.140151,12591.921023,0,1.0,reflect,native,1,99d1c7fab316,882,0
java,bytes,message,100,49,dsl-json,2.0.2,27996,24396,158,52392,35719.388484,40990.326283,19086.883494,0,1.0,reflect,native,1,99d1c7fab316,883,1
java,bytes,message,100,49,jackson,2.18.3,186446,45355,158,231801,5363.483261,22048.285746,4314.045237,0,1.0,reflect,native,1,99d1c7fab316,884,2
java,bytes,message,100,49,fory,1.3.0,14403,12736,133,27139,69429.979865,78517.587940,36847.341464,0,1.0,message,adapted,1,99d1c7fab316,885,3
java,bytes,message,100,49,hessian,4.0.66,20695,16456,143,37151,48320.850447,60768.108896,26917.175850,0,1.0,message,native,1,99d1c7fab316,886,4
java,bytes,message,100,49,moshi,1.15.2,26717,32666,158,59383,37429.352098,30612.869650,16839.836317,0,1.0,reflect,native,1,99d1c7fab316,887,5
java,bytes,message,100,49,msgpack,0.9.8,41153,27653,114,68806,24299.565038,36162.441688,14533.616254,0,1.0,reflect,native,1,99d1c7fab316,888,6
java,bytes,message,100,49,jackson-smile,2.18.3,23038,23477,119,46515,43406.545707,42594.880095,21498.441363,0,1.0,reflect,native,1,99d1c7fab316,889,7
java,bytes,message,100,49,jsoniter,0.9.23,12129,26865,150,38994,82447.027785,37223.152801,25644.971021,0,1.0,reflect,adapted,1,99d1c7fab316,890,8
java,bytes,message,100,49,protobuf,4.28.3,10315,10237,50,20552,96946.194862,97684.868614,48657.065006,0,1.0,message,native,1,99d1c7fab316,891,9
java,bytes,message,100,49,ion,2.18.3,87197,91778,144,178975,11468.284459,10895.857395,5587.372538,0,1.0,reflect,native,1,99d1c7fab316,892,10
java,bytes,message,100,49,gson,2.12.1,24643,27694,158,52337,40579.474902,36108.904456,19106.941552,0,1.0,reflect,native,1,99d1c7fab316,893,11
java,bytes,message,100,49,avro,1.12.0,22880,31652,44,54532,43706.293706,31593.580185,18337.856671,0,1.0,schema,native,1,99d1c7fab316,894,12
java,bytes,message,100,49,fastjson2,2.0.57,23275,20040,158,43315,42964.554243,49900.199601,23086.690523,0,1.0,reflect,adapted,1,99d1c7fab316,895,13
java,bytes,message,100,49,protostuff,1.8.0,12470,8197,52,20667,80192.461909,121995.852141,48386.316350,0,1.0,schema,native,1,99d1c7fab316,896,14
java,bytes,message,100,49,kryo,5.6.2,20366,15048,46,35414,49101.443582,66454.013822,28237.420229,0,1.0,message,native,1,99d1c7fab316,897,15
java,bytes,message,100,49,java-serialization,21.0.11,34341,61926,206,96267,29119.711132,16148.306043,10387.775666,0,1.0,message,native,1,99d1c7fab316,898,16
java,bytes,message,100,49,bson,5.3.1,27426,32559,134,59985,36461.751623,30713.474001,16670.834375,0,1.0,message,adapted,1,99d1c7fab316,899,17
java,bytes,message,100,50,protostuff,1.8.0,10235,7402,52,17637,97703.957010,135098.621994,56698.985088,0,1.0,schema,native,1,99d1c7fab316,900,0
java,bytes,message,100,50,jackson-smile,2.18.3,33522,33664,119,67186,29831.155659,29705.323194,14884.053225,0,1.0,reflect,native,1,99d1c7fab316,901,1
java,bytes,message,100,50,msgpack,0.9.8,30319,32210,114,62529,32982.618160,31046.258926,15992.579443,0,1.0,reflect,native,1,99d1c7fab316,902,2
java,bytes,message,100,50,hessian,4.0.66,16370,16030,143,32400,61087.354918,62383.031815,30864.197531,0,1.0,message,native,1,99d1c7fab316,903,3
java,bytes,message,100,50,moshi,1.15.2,27237,38840,158,66077,36714.763006,25746.652935,15133.858983,0,1.0,reflect,native,1,99d1c7fab316,904,4
java,bytes,message,100,50,jsoniter,0.9.23,12222,12492,150,24714,81819.669449,80051.232789,40462.895525,0,1.0,reflect,adapted,1,99d1c7fab316,905,5
java,bytes,message,100,50,dsl-json,2.0.2,28801,25869,158,54670,34721.016631,38656.306776,18291.567587,0,1.0,reflect,native,1,99d1c7fab316,906,6
java,bytes,message,100,50,protobuf,4.28.3,14880,10790,50,25670,67204.301075,92678.405931,38955.979743,0,1.0,message,native,1,99d1c7fab316,907,7
java,bytes,message,100,50,jackson-cbor,2.18.3,41782,44257,115,86039,23933.751376,22595.295659,11622.636246,0,1.0,reflect,native,1,99d1c7fab316,908,8
java,bytes,message,100,50,bson,5.3.1,27247,30254,134,57501,36701.288215,33053.480531,17391.001896,0,1.0,message,adapted,1,99d1c7fab316,909,9
java,bytes,message,100,50,fory,1.3.0,16930,13156,133,30086,59066.745422,76010.945576,33238.050921,0,1.0,message,adapted,1,99d1c7fab316,910,10
java,bytes,message,100,50,avro,1.12.0,23511,29548,44,53059,42533.282293,33843.238121,18846.943968,0,1.0,schema,native,1,99d1c7fab316,911,11
java,bytes,message,100,50,java-serialization,21.0.11,33223,63704,206,96927,30099.629775,15697.601407,10317.042723,0,1.0,message,native,1,99d1c7fab316,912,12
java,bytes,message,100,50,kryo,5.6.2,20028,15723,46,35751,49930.097863,63601.093939,27971.245560,0,1.0,message,native,1,99d1c7fab316,913,13
java,bytes,message,100,50,gson,2.12.1,24930,28691,158,53621,40112.314481,34854.135443,18649.409746,0,1.0,reflect,native,1,99d1c7fab316,914,14
java,bytes,message,100,50,fastjson2,2.0.57,22857,20514,158,43371,43750.273439,48747.197036,23056.881326,0,1.0,reflect,adapted,1,99d1c7fab316,915,15
java,bytes,message,100,50,ion,2.18.3,77935,93596,144,171531,12831.205492,10684.217274,5829.849998,0,1.0,reflect,native,1,99d1c7fab316,916,16
java,bytes,message,100,50,jackson,2.18.3,40271,71389,158,111660,24831.764794,14007.760299,8955.758553,0,1.0,reflect,native,1,99d1c7fab316,917,17
java,bytes,message,100,51,avro,1.12.0,29341,29869,44,59210,34082.001295,33479.527269,16889.039014,0,1.0,schema,native,1,99d1c7fab316,918,0
java,bytes,message,100,51,java-serialization,21.0.11,51645,58916,206,110561,19362.958660,16973.317944,9044.780709,0,1.0,message,native,1,99d1c7fab316,919,1
java,bytes,message,100,51,jsoniter,0.9.23,14581,24441,150,39022,68582.401756,40914.856184,25626.569627,0,1.0,reflect,adapted,1,99d1c7fab316,920,2
java,bytes,message,100,51,hessian,4.0.66,16761,18198,143,34959,59662.311318,54951.093527,28604.937212,0,1.0,message,native,1,99d1c7fab316,921,3
java,bytes,message,100,51,dsl-json,2.0.2,30737,29807,158,60544,32534.079448,33549.166303,16516.913319,0,1.0,reflect,native,1,99d1c7fab316,922,4
java,bytes,message,100,51,protostuff,1.8.0,13561,9885,52,23446,73740.874567,101163.378857,42651.198499,0,1.0,schema,native,1,99d1c7fab316,923,5
java,bytes,message,100,51,gson,2.12.1,24484,30583,158,55067,40842.999510,32697.904064,18159.696370,0,1.0,reflect,native,1,99d1c7fab316,924,6
java,bytes,message,100,51,msgpack,0.9.8,80622,44515,114,125137,12403.562303,22464.337864,7991.241599,0,1.0,reflect,native,1,99d1c7fab316,925,7
java,bytes,message,100,51,ion,2.18.3,83551,87116,144,170667,11968.737657,11478.947610,5859.363556,0,1.0,reflect,native,1,99d1c7fab316,926,8
java,bytes,message,100,51,kryo,5.6.2,23660,16165,46,39825,42265.426881,61862.047634,25109.855618,0,1.0,message,native,1,99d1c7fab316,927,9
java,bytes,message,100,51,jackson,2.18.3,50806,45594,158,96400,19682.714640,21932.710444,10373.443983,0,1.0,reflect,native,1,99d1c7fab316,928,10
java,bytes,message,100,51,protobuf,4.28.3,12433,12713,50,25146,80431.110754,78659.639739,39767.756303,0,1.0,message,native,1,99d1c7fab316,929,11
java,bytes,message,100,51,jackson-cbor,2.18.3,72642,32571,115,105213,13766.140800,30702.158362,9504.528908,0,1.0,reflect,native,1,99d1c7fab316,930,12
java,bytes,message,100,51,fastjson2,2.0.57,33708,26375,158,60083,29666.548000,37914.691943,16643.642961,0,1.0,reflect,adapted,1,99d1c7fab316,931,13
java,bytes,message,100,51,bson,5.3.1,37311,59777,134,97088,26801.747474,16728.842197,10299.934080,0,1.0,message,adapted,1,99d1c7fab316,932,14
java,bytes,message,100,51,fory,1.3.0,20135,16804,133,36939,49664.762851,59509.640562,27071.658681,0,1.0,message,adapted,1,99d1c7fab316,933,15
java,bytes,message,100,51,moshi,1.15.2,38313,43767,158,82080,26100.801295,22848.264674,12183.235867,0,1.0,reflect,native,1,99d1c7fab316,934,16
java,bytes,message,100,51,jackson-smile,2.18.3,75632,40836,119,116468,13221.916649,24488.196689,8586.049387,0,1.0,reflect,native,1,99d1c7fab316,935,17
java,bytes,message,100,52,kryo,5.6.2,25712,16350,46,42062,38892.345986,61162.079511,23774.428225,0,1.0,message,native,1,99d1c7fab316,936,0
java,bytes,message,100,52,ion,2.18.3,84889,96494,144,181383,11780.089293,10363.338653,5513.195834,0,1.0,reflect,native,1,99d1c7fab316,937,1
java,bytes,message,100,52,avro,1.12.0,34237,40811,44,75048,29208.166603,24503.197667,13324.805458,0,1.0,schema,native,1,99d1c7fab316,938,2
java,bytes,message,100,52,msgpack,0.9.8,35537,30466,114,66003,28139.685398,32823.475350,15150.826478,0,1.0,reflect,native,1,99d1c7fab316,939,3
java,bytes,message,100,52,jackson,2.18.3,30408,60858,158,91266,32886.082610,16431.693450,10956.982885,0,1.0,reflect,native,1,99d1c7fab316,940,4
java,bytes,message,100,52,protostuff,1.8.0,19141,11002,52,30143,52243.874406,90892.564988,33175.198222,0,1.0,schema,native,1,99d1c7fab316,941,5
java,bytes,message,100,52,fastjson2,2.0.57,30380,24582,158,54962,32916.392363,40680.172484,18194.388850,0,1.0,reflect,adapted,1,99d1c7fab316,942,6
java,bytes,message,100,52,fory,1.3.0,22079,15927,133,38006,45291.906336,62786.463239,26311.635005,0,1.0,message,adapted,1,99d1c7fab316,943,7
java,bytes,message,100,52,jsoniter,0.9.23,14782,16782,150,31564,67649.844405,59587.653438,31681.662654,0,1.0,reflect,adapted,1,99d1c7fab316,944,8
java,bytes,message,100,52,java-serialization,21.0.11,45328,75491,206,120819,22061.418990,13246.612179,8276.843874,0,1.0,message,native,1,99d1c7fab316,945,9
java,bytes,message,100,52,gson,2.12.1,31825,30823,158,62648,31421.838178,32443.305324,15962.201507,0,1.0,reflect,native,1,99d1c7fab316,946,10
java,bytes,message,100,52,jackson-smile,2.18.3,26708,35819,119,62527,37441.964954,27918.144002,15993.090985,0,1.0,reflect,native,1,99d1c7fab316,947,11
java,bytes,message,100,52,bson,5.3.1,41224,41256,134,82480,24257.713953,24238.898584,12124.151309,0,1.0,message,adapted,1,99d1c7fab316,948,12
java,bytes,message,100,52,protobuf,4.28.3,12681,13866,50,26547,78858.134217,72118.851868,37669.039816,0,1.0,message,native,1,99d1c7fab316,949,13
java,bytes,message,100,52,hessian,4.0.66,20004,75234,143,95238,49990.002000,13291.862722,10500.010500,0,1.0,message,native,1,99d1c7fab316,950,14
java,bytes,message,100,52,jackson-cbor,2.18.3,29704,33654,115,63358,33665.499596,29714.149878,15783.326494,0,1.0,reflect,native,1,99d1c7fab316,951,15
java,bytes,message,100,52,dsl-json,2.0.2,37353,32158,158,69511,26771.611383,31096.461223,14386.212254,0,1.0,reflect,native,1,99d1c7fab316,952,16
java,bytes,message,100,52,moshi,1.15.2,33904,49879,158,83783,29495.044832,20048.517412,11935.595527,0,1.0,reflect,native,1,99d1c7fab316,953,17
java,bytes,message,100,53,jackson-smile,2.18.3,28050,28127,119,56177,35650.623886,35553.027340,17800.879363,0,1.0,reflect,native,1,99d1c7fab316,954,0
java,bytes,message,100,53,jsoniter,0.9.23,13929,14427,150,28356,71792.662790,69314.479795,35265.904923,0,1.0,reflect,adapted,1,99d1c7fab316,955,1
java,bytes,message,100,53,dsl-json,2.0.2,30688,27121,158,57809,32586.027112,36871.796763,17298.344548,0,1.0,reflect,native,1,99d1c7fab316,956,2
java,bytes,message,100,53,jackson,2.18.3,32902,45539,158,78441,30393.289162,21959.199807,12748.435130,0,1.0,reflect,native,1,99d1c7fab316,957,3
java,bytes,message,100,53,protostuff,1.8.0,14346,9524,52,23870,69705.841350,104997.900042,41893.590281,0,1.0,schema,native,1,99d1c7fab316,958,4
java,bytes,message,100,53,protobuf,4.28.3,11729,11916,50,23645,85258.760338,83920.778785,42292.239374,0,1.0,message,native,1,99d1c7fab316,959,5
java,bytes,message,100,53,ion,2.18.3,85745,84820,144,170565,11662.487609,11789.672247,5862.867529,0,1.0,reflect,native,1,99d1c7fab316,960,6
java,bytes,message,100,53,jackson-cbor,2.18.3,25300,29355,115,54655,39525.691700,34065.746892,18296.587686,0,1.0,reflect,native,1,99d1c7fab316,961,7
java,bytes,message,100,53,gson,2.12.1,25147,26977,158,52124,39766.174892,37068.614005,19185.020336,0,1.0,reflect,native,1,99d1c7fab316,962,8
java,bytes,message,100,53,java-serialization,21.0.11,45255,78425,206,123680,22097.005856,12751.036022,8085.381630,0,1.0,message,native,1,99d1c7fab316,963,9
java,bytes,message,100,53,fastjson2,2.0.57,27019,25378,158,52397,37010.992265,39404.208369,19085.062122,0,1.0,reflect,adapted,1,99d1c7fab316,964,10
java,bytes,message,100,53,avro,1.12.0,34670,46308,44,80978,28843.380444,21594.540900,12349.033071,0,1.0,schema,native,1,99d1c7fab316,965,11
java,bytes,message,100,53,fory,1.3.0,22911,43956,133,66867,43647.156388,22750.022750,14955.060045,0,1.0,message,adapted,1,99d1c7fab316,966,12
java,bytes,message,100,53,msgpack,0.9.8,59618,47539,114,107157,16773.457681,21035.360441,9332.101496,0,1.0,reflect,native,1,99d1c7fab316,967,13
java,bytes,message,100,53,kryo,5.6.2,41185,22709,46,63894,24280.684715,44035.404465,15650.921839,0,1.0,message,native,1,99d1c7fab316,968,14
java,bytes,message,100,53,bson,5.3.1,49252,44959,134,94211,20303.744010,22242.487600,10614.471771,0,1.0,message,adapted,1,99d1c7fab316,969,15
java,bytes,message,100,53,hessian,4.0.66,23151,45015,143,68166,43194.678416,22214.817283,14670.070123,0,1.0,message,native,1,99d1c7fab316,970,16
java,bytes,message,100,53,moshi,1.15.2,43661,61415,158,105076,22903.735599,16282.667101,9516.921086,0,1.0,reflect,native,1,99d1c7fab316,971,17
java,bytes,message,100,54,fory,1.3.0,19826,16864,133,36690,50438.817714,59297.912713,27255.382938,0,1.0,message,adapted,1,99d1c7fab316,972,0
java,bytes,message,100,54,ion,2.18.3,125671,132099,144,257770,7957.285293,7570.080016,3879.427397,0,1.0,reflect,native,1,99d1c7fab316,973,1
java,bytes,message,100,54,jackson-smile,2.18.3,36858,51278,119,88136,27131.151989,19501.540622,11346.101480,0,1.0,reflect,native,1,99d1c7fab316,974,2
java,bytes,message,100,54,jsoniter,0.9.23,20384,16874,150,37258,49058.084772,59262.771127,26839.873316,0,1.0,reflect,adapted,1,99d1c7fab316,975,3
java,bytes,message,100,54,avro,1.12.0,37397,45368,44,82765,26740.112843,22041.967907,12082.401982,0,1.0,schema,native,1,99d1c7fab316,976,4
java,bytes,message,100,54,hessian,4.0.66,20900,21087,143,41987,47846.889952,47422.582634,23816.895706,0,1.0,message,native,1,99d1c7fab316,977,5
java,bytes,message,100,54,java-serialization,21.0.11,45815,110607,206,156422,21826.912583,9041.019104,6392.962627,0,1.0,message,native,1,99d1c7fab316,978,6
java,bytes,message,100,54,bson,5.3.1,38708,43317,134,82025,25834.452826,23085.624582,12191.405059,0,1.0,message,adapted,1,99d1c7fab316,979,7
java,bytes,message,100,54,gson,2.12.1,38501,39149,158,77650,25973.351342,25543.436614,12878.300064,0,1.0,reflect,native,1,99d1c7fab316,980,8
java,bytes,message,100,54,protobuf,4.28.3,17375,17805,50,35180,57553.956835,56163.998877,28425.241615,0,1.0,message,native,1,99d1c7fab316,981,9
java,bytes,message,100,54,fastjson2,2.0.57,32008,28873,158,60881,31242.189453,34634.433554,16425.485784,0,1.0,reflect,adapted,1,99d1c7fab316,982,10
java,bytes,message,100,54,dsl-json,2.0.2,45921,37660,158,83581,21776.529257,26553.372278,11964.441679,0,1.0,reflect,native,1,99d1c7fab316,983,11
java,bytes,message,100,54,kryo,5.6.2,30102,19382,46,49484,33220.384028,51594.262718,20208.552259,0,1.0,message,native,1,99d1c7fab316,984,12
java,bytes,message,100,54,jackson-cbor,2.18.3,46543,47441,115,93984,21485.508025,21078.813684,10640.108955,0,1.0,reflect,native,1,99d1c7fab316,985,13
java,bytes,message,100,54,jackson,2.18.3,40528,194669,158,235197,24674.299250,5136.924729,4251.754912,0,1.0,reflect,native,1,99d1c7fab316,986,14
java,bytes,message,100,54,msgpack,0.9.8,45571,36651,114,82222,21943.780036,27284.385146,12162.195033,0,1.0,reflect,native,1,99d1c7fab316,987,15
java,bytes,message,100,54,moshi,1.15.2,59343,59106,158,118449,16851.187166,16918.756133,8442.452026,0,1.0,reflect,native,1,99d1c7fab316,988,16
java,bytes,message,100,54,protostuff,1.8.0,21717,15161,52,36878,46046.875719,65958.709848,27116.437985,0,1.0,schema,native,1,99d1c7fab316,989,17
java,bytes,message,100,55,ion,2.18.3,115349,146173,144,261522,8669.342604,6841.208705,3823.770084,0,1.0,reflect,native,1,99d1c7fab316,990,0
java,bytes,message,100,55,jsoniter,0.9.23,18248,15542,150,33790,54800.526085,64341.783554,29594.554602,0,1.0,reflect,adapted,1,99d1c7fab316,991,1
java,bytes,message,100,55,avro,1.12.0,35489,45563,44,81052,28177.745217,21947.632948,12337.758476,0,1.0,schema,native,1,99d1c7fab316,992,2
java,bytes,message,100,55,moshi,1.15.2,32863,36579,158,69442,30429.358245,27338.090161,14400.506898,0,1.0,reflect,native,1,99d1c7fab316,993,3
java,bytes,message,100,55,msgpack,0.9.8,40993,38491,114,79484,24394.408802,25980.099244,12581.148407,0,1.0,reflect,native,1,99d1c7fab316,994,4
java,bytes,message,100,55,hessian,4.0.66,23234,28915,143,52149,43040.371869,34584.125886,19175.823122,0,1.0,message,native,1,99d1c7fab316,995,5
java,bytes,message,100,55,kryo,5.6.2,31508,21277,46,52785,31737.971309,46999.107017,18944.775978,0,1.0,message,native,1,99d1c7fab316,996,6
java,bytes,message,100,55,fastjson2,2.0.57,33597,28616,158,62213,29764.562312,34945.485043,16073.810940,0,1.0,reflect,adapted,1,99d1c7fab316,997,7
java,bytes,message,100,55,gson,2.12.1,42619,42204,158,84823,23463.713367,23694.436546,11789.255273,0,1.0,reflect,native,1,99d1c7fab316,998,8
java,bytes,message,100,55,jackson-cbor,2.18.3,39732,39837,115,79569,25168.629820,25102.291839,12567.708530,0,1.0,reflect,native,1,99d1c7fab316,999,9
java,bytes,message,100,55,bson,5.3.1,44736,51728,134,96464,22353.361946,19331.889886,10366.561619,0,1.0,message,adapted,1,99d1c7fab316,1000,10
java,bytes,message,100,55,fory,1.3.0,26961,23385,133,50346,37090.612366,42762.454565,19862.551146,0,1.0,message,adapted,1,99d1c7fab316,1001,11
java,bytes,message,100,55,protobuf,4.28.3,22940,19032,50,41972,43591.979076,52543.085330,23825.407414,0,1.0,message,native,1,99d1c7fab316,1002,12
java,bytes,message,100,55,protostuff,1.8.0,23029,13270,52,36299,43423.509488,75357.950264,27548.968291,0,1.0,schema,native,1,99d1c7fab316,1003,13
java,bytes,message,100,55,dsl-json,2.0.2,47051,44387,158,91438,21253.533400,22529.118886,10936.372187,0,1.0,reflect,native,1,99d1c7fab316,1004,14
java,bytes,message,100,55,java-serialization,21.0.11,51138,116216,206,167354,19554.929798,8604.667171,5975.357625,0,1.0,message,native,1,99d1c7fab316,1005,15
java,bytes,message,100,55,jackson,2.18.3,57159,88912,158,146071,17495.057646,11247.075760,6845.985856,0,1.0,reflect,native,1,99d1c7fab316,1006,16
java,bytes,message,100,55,jackson-smile,2.18.3,30673,31745,119,62418,32601.962638,31501.023783,16021.019578,0,1.0,reflect,native,1,99d1c7fab316,1007,17
java,bytes,message,100,56,kryo,5.6.2,27604,18998,46,46602,36226.633821,52637.119697,21458.306510,0,1.0,message,native,1,99d1c7fab316,1008,0
java,bytes,message,100,56,java-serialization,21.0.11,36130,68970,206,105100,27677.830058,14499.057561,9514.747859,0,1.0,message,native,1,99d1c7fab316,1009,1
java,bytes,message,100,56,jackson-cbor,2.18.3,30073,34674,115,64747,33252.419113,28840.053066,15444.731030,0,1.0,reflect,native,1,99d1c7fab316,1010,2
java,bytes,message,100,56,moshi,1.15.2,28697,29069,158,57766,34846.848103,34400.908184,17311.221134,0,1.0,reflect,native,1,99d1c7fab316,1011,3
java,bytes,message,100,56,jackson,2.18.3,41715,41043,158,82758,23972.192257,24364.690690,12083.423959,0,1.0,reflect,native,1,99d1c7fab316,1012,4
java,bytes,message,100,56,ion,2.18.3,96408,129319,144,225727,10372.583188,7732.815750,4430.130202,0,1.0,reflect,native,1,99d1c7fab316,1013,5
java,bytes,message,100,56,hessian,4.0.66,25810,21201,143,47011,38744.672608,47167.586435,21271.617281,0,1.0,message,native,1,99d1c7fab316,1014,6
java,bytes,message,100,56,msgpack,0.9.8,40825,34555,114,75380,24494.794856,28939.372016,13266.118334,0,1.0,reflect,native,1,99d1c7fab316,1015,7
java,bytes,message,100,56,gson,2.12.1,33260,31645,158,64905,30066.145520,31600.568810,15407.133503,0,1.0,reflect,native,1,99d1c7fab316,1016,8
java,bytes,message,100,56,jackson-smile,2.18.3,26211,28059,119,54270,38151.920949,35639.188852,18426.386586,0,1.0,reflect,native,1,99d1c7fab316,1017,9
java,bytes,message,100,56,fory,1.3.0,22481,18969,133,41450,44482.007028,52717.591860,24125.452352,0,1.0,message,adapted,1,99d1c7fab316,1018,10
java,bytes,message,100,56,jsoniter,0.9.23,22676,15428,150,38104,44099.488446,64817.215452,26243.963888,0,1.0,reflect,adapted,1,99d1c7fab316,1019,11
java,bytes,message,100,56,dsl-json,2.0.2,40987,35688,158,76675,24397.979847,28020.623179,13042.060646,0,1.0,reflect,native,1,99d1c7fab316,1020,12
java,bytes,message,100,56,bson,5.3.1,37008,42751,134,79759,27021.184609,23391.265701,12537.770032,0,1.0,message,adapted,1,99d1c7fab316,1021,13
java,bytes,message,100,56,fastjson2,2.0.57,35587,28522,158,64109,28100.148931,35060.654933,15598.433917,0,1.0,reflect,adapted,1,99d1c7fab316,1022,14
java,bytes,message,100,56,protostuff,1.8.0,16821,11127,52,27948,59449.497652,89871.483778,35780.735652,0,1.0,schema,native,1,99d1c7fab316,1023,15
java,bytes,message,100,56,protobuf,4.28.3,14866,15874,50,30740,67267.590475,62996.094242,32530.904359,0,1.0,message,native,1,99d1c7fab316,1024,16
java,bytes,message,100,56,avro,1.12.0,37186,51732,44,88918,26891.841015,19330.395113,11246.316831,0,1.0,schema,native,1,99d1c7fab316,1025,17
java,bytes,message,100,57,msgpack,0.9.8,35223,43232,114,78455,28390.540272,23131.014064,12746.160219,0,1.0,reflect,native,1,99d1c7fab316,1026,0
java,bytes,message,100,57,ion,2.18.3,102537,104453,144,206990,9752.577119,9573.683858,4831.151263,0,1.0,reflect,native,1,99d1c7fab316,1027,1
java,bytes,message,100,57,kryo,5.6.2,28168,19461,46,47629,35501.278046,51384.820924,20995.611917,0,1.0,message,native,1,99d1c7fab316,1028,2
java,bytes,message,100,57,jackson-smile,2.18.3,28873,35466,119,64339,34634.433554,28196.018722,15542.672407,0,1.0,reflect,native,1,99d1c7fab316,1029,3
java,bytes,message,100,57,jsoniter,0.9.23,15776,14048,150,29824,63387.423935,71184.510251,33530.042918,0,1.0,reflect,adapted,1,99d1c7fab316,1030,4
java,bytes,message,100,57,hessian,4.0.66,20512,22285,143,42797,48751.950078,44873.233116,23366.123794,0,1.0,message,native,1,99d1c7fab316,1031,5
java,bytes,message,100,57,jackson-cbor,2.18.3,30687,34688,115,65375,32587.088995,28828.413284,15296.367113,0,1.0,reflect,native,1,99d1c7fab316,1032,6
java,bytes,message,100,57,fastjson2,2.0.57,27275,25116,158,52391,36663.611366,39815.257207,19087.247810,0,1.0,reflect,adapted,1,99d1c7fab316,1033,7
java,bytes,message,100,57,fory,1.3.0,33982,17480,133,51462,29427.343888,57208.237986,19431.813765,0,1.0,message,adapted,1,99d1c7fab316,1034,8
java,bytes,message,100,57,jackson,2.18.3,47981,53918,158,101899,20841.583127,18546.681999,9813.638995,0,1.0,reflect,native,1,99d1c7fab316,1035,9
java,bytes,message,100,57,protostuff,1.8.0,20261,10539,52,30800,49355.905434,94885.662776,32467.532468,0,1.0,schema,native,1,99d1c7fab316,1036,10
java,bytes,message,100,57,protobuf,4.28.3,14373,13835,50,28208,69574.897377,72280.448139,35450.935905,0,1.0,message,native,1,99d1c7fab316,1037,11
java,bytes,message,100,57,dsl-json,2.0.2,51112,38563,158,89675,19564.877133,25931.592459,11151.379983,0,1.0,reflect,native,1,99d1c7fab316,1038,12
java,bytes,message,100,57,bson,5.3.1,47523,55798,134,103321,21042.442607,17921.789311,9678.574540,0,1.0,message,adapted,1,99d1c7fab316,1039,13
java,bytes,message,100,57,avro,1.12.0,38414,40349,44,78763,26032.175769,24783.761679,12696.316798,0,1.0,schema,native,1,99d1c7fab316,1040,14
java,bytes,message,100,57,moshi,1.15.2,38817,38237,158,77054,25761.908442,26152.679342,12977.911594,0,1.0,reflect,native,1,99d1c7fab316,1041,15
java,bytes,message,100,57,gson,2.12.1,32915,36042,158,68957,30381.285128,27745.408135,14501.790971,0,1.0,reflect,native,1,99d1c7fab316,1042,16
java,bytes,message,100,57,java-serialization,21.0.11,58734,98763,206,157497,17025.913440,10125.249334,6349.327289,0,1.0,message,native,1,99d1c7fab316,1043,17
java,bytes,message,100,58,ion,2.18.3,111967,120121,144,232088,8931.202944,8324.939020,4308.710489,0,1.0,reflect,native,1,99d1c7fab316,1044,0
java,bytes,message,100,58,jackson-cbor,2.18.3,29863,35438,115,65301,33486.253893,28218.296744,15313.701168,0,1.0,reflect,native,1,99d1c7fab316,1045,1
java,bytes,message,100,58,moshi,1.15.2,42023,39871,158,81894,23796.492397,25080.885857,12210.906782,0,1.0,reflect,native,1,99d1c7fab316,1046,2
java,bytes,message,100,58,gson,2.12.1,46289,30309,158,76598,21603.404697,32993.500280,13055.171153,0,1.0,reflect,native,1,99d1c7fab316,1047,3
java,bytes,message,100,58,jackson,2.18.3,36764,56868,158,93632,27200.522250,17584.581839,10680.109364,0,1.0,reflect,native,1,99d1c7fab316,1048,4
java,bytes,message,100,58,protostuff,1.8.0,15273,24820,52,40093,65475.021279,40290.088638,24942.009827,0,1.0,schema,native,1,99d1c7fab316,1049,5
java,bytes,message,100,58,bson,5.3.1,39237,40458,134,79695,25486.148278,24716.990459,12547.838635,0,1.0,message,adapted,1,99d1c7fab316,1050,6
java,bytes,message,100,58,java-serialization,21.0.11,43261,77223,206,120484,23115.508194,12949.509861,8299.857242,0,1.0,message,native,1,99d1c7fab316,1051,7
java,bytes,message,100,58,protobuf,4.28.3,14557,16769,50,31326,68695.472968,59633.848172,31922.364809,0,1.0,message,native,1,99d1c7fab316,1052,8
java,bytes,message,100,58,avro,1.12.0,32156,45911,44,78067,31098.395323,21781.272462,12809.509780,0,1.0,schema,native,1,99d1c7fab316,1053,9
java,bytes,message,100,58,msgpack,0.9.8,51508,36277,114,87785,19414.459890,27565.675221,11391.467791,0,1.0,reflect,native,1,99d1c7fab316,1054,10
java,bytes,message,100,58,jackson-smile,2.18.3,27214,32966,119,60180,36745.792607,30334.283808,16616.816218,0,1.0,reflect,native,1,99d1c7fab316,1055,11
java,bytes,message,100,58,dsl-json,2.0.2,42985,33527,158,76512,23263.929278,29826.706833,13069.845253,0,1.0,reflect,native,1,99d1c7fab316,1056,12
java,bytes,message,100,58,hessian,4.0.66,20791,24766,143,45557,48097.734597,40377.937495,21950.523520,0,1.0,message,native,1,99d1c7fab316,1057,13
java,bytes,message,100,58,kryo,5.6.2,27901,19184,46,47085,35841.009283,52126.772310,21238.186259,0,1.0,message,native,1,99d1c7fab316,1058,14
java,bytes,message,100,58,jsoniter,0.9.23,16681,14862,150,31543,59948.444338,67285.695061,31702.754969,0,1.0,reflect,adapted,1,99d1c7fab316,1059,15
java,bytes,message,100,58,fastjson2,2.0.57,28361,32904,158,61265,35259.687599,30391.441770,16322.533257,0,1.0,reflect,adapted,1,99d1c7fab316,1060,16
java,bytes,message,100,58,fory,1.3.0,25277,19676,133,44953,39561.656842,50823.338077,22245.456366,0,1.0,message,adapted,1,99d1c7fab316,1061,17
java,bytes,message,100,59,avro,1.12.0,25577,35000,44,60577,39097.626774,28571.428571,16507.915546,0,1.0,schema,native,1,99d1c7fab316,1062,0
java,bytes,message,100,59,protostuff,1.8.0,11119,8016,52,19135,89936.145337,124750.499002,52260.256075,0,1.0,schema,native,1,99d1c7fab316,1063,1
java,bytes,message,100,59,dsl-json,2.0.2,32865,27894,158,60759,30427.506466,35850.003585,16458.467058,0,1.0,reflect,native,1,99d1c7fab316,1064,2
java,bytes,message,100,59,bson,5.3.1,30523,30098,134,60621,32762.179340,33224.798990,16495.933752,0,1.0,message,adapted,1,99d1c7fab316,1065,3
java,bytes,message,100,59,hessian,4.0.66,16933,19158,143,36091,59056.280635,52197.515398,27707.738771,0,1.0,message,native,1,99d1c7fab316,1066,4
java,bytes,message,100,59,moshi,1.15.2,38385,42580,158,80965,26051.843168,23485.204321,12351.015871,0,1.0,reflect,native,1,99d1c7fab316,1067,5
java,bytes,message,100,59,fastjson2,2.0.57,23896,19965,158,43861,41848.008035,50087.653393,22799.297782,0,1.0,reflect,adapted,1,99d1c7fab316,1068,6
java,bytes,message,100,59,gson,2.12.1,24706,26505,158,51211,40475.997733,37728.730428,19527.054734,0,1.0,reflect,native,1,99d1c7fab316,1069,7
java,bytes,message,100,59,protobuf,4.28.3,13836,13759,50,27595,72275.224053,72679.700560,36238.448994,0,1.0,message,native,1,99d1c7fab316,1070,8
java,bytes,message,100,59,jackson-smile,2.18.3,31482,51287,119,82769,31764.182708,19498.118432,12081.818072,0,1.0,reflect,native,1,99d1c7fab316,1071,9
java,bytes,message,100,59,kryo,5.6.2,23296,15580,46,38876,42925.824176,64184.852375,25722.810989,0,1.0,message,native,1,99d1c7fab316,1072,10
java,bytes,message,100,59,jsoniter,0.9.23,12536,11281,150,23817,79770.261646,88644.623704,41986.816140,0,1.0,reflect,adapted,1,99d1c7fab316,1073,11
java,bytes,message,100,59,fory,1.3.0,13886,12825,133,26711,72014.979116,77972.709552,37437.759724,0,1.0,message,adapted,1,99d1c7fab316,1074,12
java,bytes,message,100,59,java-serialization,21.0.11,34947,63583,206,98530,28614.759493,15727.474325,10149.193139,0,1.0,message,native,1,99d1c7fab316,1075,13
java,bytes,message,100,59,jackson,2.18.3,36486,62289,158,98775,27407.772844,16054.198976,10124.019236,0,1.0,reflect,native,1,99d1c7fab316,1076,14
java,bytes,message,100,59,ion,2.18.3,85196,117161,144,202357,11737.640265,8535.263441,4941.761343,0,1.0,reflect,native,1,99d1c7fab316,1077,15
java,bytes,message,100,59,jackson-cbor,2.18.3,30979,33762,115,64741,32279.931567,29619.098395,15446.162401,0,1.0,reflect,native,1,99d1c7fab316,1078,16
java,bytes,message,100,59,msgpack,0.9.8,35899,29734,114,65633,27855.929135,33631.532925,15236.237868,0,1.0,reflect,native,1,99d1c7fab316,1079,17
java,bytes,message,100,60,fory,1.3.0,13045,16883,133,29928,76657.723266,59231.179293,33413.525795,0,1.0,message,adapted,1,99d1c7fab316,1080,0
java,bytes,message,100,60,dsl-json,2.0.2,28341,24623,158,52964,35284.570058,40612.435528,18880.749188,0,1.0,reflect,native,1,99d1c7fab316,1081,1
java,bytes,message,100,60,hessian,4.0.66,14191,14982,143,29173,70467.197520,66746.762782,34278.271004,0,1.0,message,native,1,99d1c7fab316,1082,2
java,bytes,message,100,60,jackson-smile,2.18.3,22994,23265,119,46259,43489.605984,42983.021706,21617.414990,0,1.0,reflect,native,1,99d1c7fab316,1083,3
java,bytes,message,100,60,gson,2.12.1,21237,23773,158,45010,47087.630080,42064.526984,22217.285048,0,1.0,reflect,native,1,99d1c7fab316,1084,4
java,bytes,message,100,60,fastjson2,2.0.57,26893,18449,158,45342,37184.397427,54203.479863,22054.607207,0,1.0,reflect,adapted,1,99d1c7fab316,1085,5
java,bytes,message,100,60,ion,2.18.3,67575,84457,144,152032,14798.372179,11840.344791,6577.562618,0,1.0,reflect,native,1,99d1c7fab316,1086,6
java,bytes,message,100,60,protostuff,1.8.0,10898,8212,52,19110,91759.955955,121773.015100,52328.623757,0,1.0,schema,native,1,99d1c7fab316,1087,7
java,bytes,message,100,60,bson,5.3.1,24322,26928,134,51250,41115.039882,37136.066548,19512.195122,0,1.0,message,adapted,1,99d1c7fab316,1088,8
java,bytes,message,100,60,moshi,1.15.2,23755,58009,158,81764,42096.400758,17238.704339,12230.321413,0,1.0,reflect,native,1,99d1c7fab316,1089,9
java,bytes,message,100,60,jackson-cbor,2.18.3,26379,27736,115,54115,37908.942720,36054.225555,18479.164742,0,1.0,reflect,native,1,99d1c7fab316,1090,10
java,bytes,message,100,60,msgpack,0.9.8,28677,24954,114,53631,34871.151097,40073.735674,18645.932390,0,1.0,reflect,native,1,99d1c7fab316,1091,11
java,bytes,message,100,60,kryo,5.6.2,19750,15385,46,35135,50632.911392,64998.375041,28461.647929,0,1.0,message,native,1,99d1c7fab316,1092,12
java,bytes,message,100,60,java-serialization,21.0.11,30404,58467,206,88871,32890.409157,17103.665315,11252.264518,0,1.0,message,native,1,99d1c7fab316,1093,13
java,bytes,message,100,60,protobuf,4.28.3,8969,9990,50,18959,111495.149961,100100.100100,52745.397964,0,1.0,message,native,1,99d1c7fab316,1094,14
java,bytes,message,100,60,jackson,2.18.3,32977,41161,158,74138,30324.165327,24294.842205,13488.359546,0,1.0,reflect,native,1,99d1c7fab316,1095,15
java,bytes,message,100,60,avro,1.12.0,23021,28663,44,51684,43438.599540,34888.183372,19348.347651,0,1.0,schema,native,1,99d1c7fab316,1096,16
java,bytes,message,100,60,jsoniter,0.9.23,12175,10840,150,23015,82135.523614,92250.922509,43449.923963,0,1.0,reflect,adapted,1,99d1c7fab316,1097,17
java,bytes,message,100,61,jsoniter,0.9.23,8895,8119,150,17014,112422.709387,123167.877817,58775.126367,0,1.0,reflect,adapted,1,99d1c7fab316,1098,0
java,bytes,message,100,61,bson,5.3.1,34916,26475,134,61391,28640.164967,37771.482531,16289.032594,0,1.0,message,adapted,1,99d1c7fab316,1099,1
java,bytes,message,100,61,dsl-json,2.0.2,28410,24800,158,53210,35198.873636,40322.580645,18793.459876,0,1.0,reflect,native,1,99d1c7fab316,1100,2
java,bytes,message,100,61,hessian,4.0.66,15405,14907,143,30312,64913.988965,67082.578654,32990.234890,0,1.0,message,native,1,99d1c7fab316,1101,3
java,bytes,message,100,61,msgpack,0.9.8,32746,24656,114,57402,30538.080987,40558.079169,17420.995784,0,1.0,reflect,native,1,99d1c7fab316,1102,4
java,bytes,message,100,61,protostuff,1.8.0,10067,8176,52,18243,99334.459124,122309.197652,54815.545689,0,1.0,schema,native,1,99d1c7fab316,1103,5
java,bytes,message,100,61,moshi,1.15.2,25656,26729,158,52385,38977.237293,37412.548169,19089.433998,0,1.0,reflect,native,1,99d1c7fab316,1104,6
java,bytes,message,100,61,gson,2.12.1,20758,23212,158,43970,48174.197900,43081.164915,22742.779168,0,1.0,reflect,native,1,99d1c7fab316,1105,7
java,bytes,message,100,61,kryo,5.6.2,25071,16865,46,41936,39886.721710,59294.396680,23845.860359,0,1.0,message,native,1,99d1c7fab316,1106,8
java,bytes,message,100,61,fory,1.3.0,24255,21071,133,45326,41228.612657,47458.592378,22062.392446,0,1.0,message,adapted,1,99d1c7fab316,1107,9
java,bytes,message,100,61,fastjson2,2.0.57,22862,20730,158,43592,43740.705100,48239.266763,22939.988989,0,1.0,reflect,adapted,1,99d1c7fab316,1108,10
java,bytes,message,100,61,ion,2.18.3,91771,100729,144,192500,10896.688496,9927.627595,5194.805195,0,1.0,reflect,native,1,99d1c7fab316,1109,11
java,bytes,message,100,61,avro,1.12.0,26596,33504,44,60100,37599.639043,29847.182426,16638.935108,0,1.0,schema,native,1,99d1c7fab316,1110,12
java,bytes,message,100,61,jackson,2.18.3,40805,43748,158,84553,24506.800637,22858.187803,11826.901470,0,1.0,reflect,native,1,99d1c7fab316,1111,13
java,bytes,message,100,61,protobuf,4.28.3,15246,11110,50,26356,65590.974682,90009.000900,37942.024586,0,1.0,message,native,1,99d1c7fab316,1112,14
java,bytes,message,100,61,jackson-smile,2.18.3,24371,29475,119,53846,41032.374544,33927.056828,18571.481633,0,1.0,reflect,native,1,99d1c7fab316,1113,15
java,bytes,message,100,61,jackson-cbor,2.18.3,24365,78595,115,102960,41042.478966,12723.455691,9712.509713,0,1.0,reflect,native,1,99d1c7fab316,1114,16
java,bytes,message,100,61,java-serialization,21.0.11,40358,72562,206,112920,24778.234799,13781.318045,8855.827134,0,1.0,message,native,1,99d1c7fab316,1115,17
java,bytes,message,100,62,moshi,1.15.2,27486,62575,158,90061,36382.158190,15980.823012,11103.585348,0,1.0,reflect,native,1,99d1c7fab316,1116,0
java,bytes,message,100,62,kryo,5.6.2,24481,21645,46,46126,40848.004575,46200.046200,21679.746781,0,1.0,message,native,1,99d1c7fab316,1117,1
java,bytes,message,100,62,jackson,2.18.3,40118,58272,158,98390,24926.466923,17160.900604,10163.634516,0,1.0,reflect,native,1,99d1c7fab316,1118,2
java,bytes,message,100,62,fastjson2,2.0.57,25267,22176,158,47443,39577.314283,45093.795094,21077.925089,0,1.0,reflect,adapted,1,99d1c7fab316,1119,3
java,bytes,message,100,62,avro,1.12.0,23203,31635,44,54838,43097.875275,31610.557926,18235.530107,0,1.0,schema,native,1,99d1c7fab316,1120,4
java,bytes,message,100,62,ion,2.18.3,246626,98752,144,345378,4054.722535,10126.377187,2895.378397,0,1.0,reflect,native,1,99d1c7fab316,1121,5
java,bytes,message,100,62,fory,1.3.0,18555,17536,133,36091,53893.829157,57025.547445,27707.738771,0,1.0,message,adapted,1,99d1c7fab316,1122,6
java,bytes,message,100,62,gson,2.12.1,33006,29104,158,62110,30297.521663,34359.538208,16100.466914,0,1.0,reflect,native,1,99d1c7fab316,1123,7
java,bytes,message,100,62,bson,5.3.1,36796,32175,134,68971,27176.867051,31080.031080,14498.847342,0,1.0,message,adapted,1,99d1c7fab316,1124,8
java,bytes,message,100,62,protobuf,4.28.3,13463,15271,50,28734,74277.649855,65483.596359,34801.976752,0,1.0,message,native,1,99d1c7fab316,1125,9
java,bytes,message,100,62,protostuff,1.8.0,17529,13525,52,31054,57048.319927,73937.153420,32201.970761,0,1.0,schema,native,1,99d1c7fab316,1126,10
java,bytes,message,100,62,dsl-json,2.0.2,32718,39346,158,72064,30564.215417,25415.544147,13876.554174,0,1.0,reflect,native,1,99d1c7fab316,1127,11
java,bytes,message,100,62,hessian,4.0.66,22203,18561,143,40764,45038.958699,53876.407521,24531.449318,0,1.0,message,native,1,99d1c7fab316,1128,12
java,bytes,message,100,62,jackson-smile,2.18.3,144904,30230,119,175134,6901.120742,33079.722130,5709.913552,0,1.0,reflect,native,1,99d1c7fab316,1129,13
java,bytes,message,100,62,java-serialization,21.0.11,44160,61405,206,105565,22644.927536,16285.318785,9472.836641,0,1.0,message,native,1,99d1c7fab316,1130,14
java,bytes,message,100,62,jackson-cbor,2.18.3,32156,34266,115,66422,31098.395323,29183.447149,15055.252778,0,1.0,reflect,native,1,99d1c7fab316,1131,15
java,bytes,message,100,62,msgpack,0.9.8,35078,28335,114,63413,28507.896687,35292.041645,15769.637141,0,1.0,reflect,native,1,99d1c7fab316,1132,16
java,bytes,message,100,62,jsoniter,0.9.23,13774,12422,150,26196,72600.551764,80502.334568,38173.766987,0,1.0,reflect,adapted,1,99d1c7fab316,1133,17
java,bytes,message,100,63,jackson-smile,2.18.3,25616,29317,119,54933,39038.101187,34109.902105,18203.993956,0,1.0,reflect,native,1,99d1c7fab316,1134,0
java,bytes,message,100,63,java-serialization,21.0.11,249995,153657,206,403652,4000.080002,6508.001588,2477.381507,0,1.0,message,native,1,99d1c7fab316,1135,1
java,bytes,message,100,63,moshi,1.15.2,40590,488615,158,529205,24636.610002,2046.601107,1889.626893,0,1.0,reflect,native,1,99d1c7fab316,1136,2
java,bytes,message,100,63,bson,5.3.1,59890,84259,134,144149,16697.278344,11868.168386,6937.266301,0,1.0,message,adapted,1,99d1c7fab316,1137,3
java,bytes,message,100,63,fastjson2,2.0.57,462615,33556,158,496171,2161.624677,29800.929789,2015.434195,0,1.0,reflect,adapted,1,99d1c7fab316,1138,4
java,bytes,message,100,63,gson,2.12.1,52886,57602,158,110488,18908.595848,17360.508316,9050.756643,0,1.0,reflect,native,1,99d1c7fab316,1139,5
java,bytes,message,100,63,protobuf,4.28.3,16487,14177,50,30664,60653.848487,70536.784933,32611.531438,0,1.0,message,native,1,99d1c7fab316,1140,6
java,bytes,message,100,63,dsl-json,2.0.2,63610,40161,158,103771,15720.798617,24899.778392,9636.603675,0,1.0,reflect,native,1,99d1c7fab316,1141,7
java,bytes,message,100,63,hessian,4.0.66,24715,25967,143,50682,40461.258345,38510.417068,19730.870921,0,1.0,message,native,1,99d1c7fab316,1142,8
java,bytes,message,100,63,msgpack,0.9.8,71667,42760,114,114427,13953.423472,23386.342376,8739.196169,0,1.0,reflect,native,1,99d1c7fab316,1143,9
java,bytes,message,100,63,fory,1.3.0,21384,23770,133,45154,46763.935653,42069.835928,22146.432210,0,1.0,message,adapted,1,99d1c7fab316,1144,10
java,bytes,message,100,63,kryo,5.6.2,37881,35491,46,73372,26398.458330,28176.157336,13629.177343,0,1.0,message,native,1,99d1c7fab316,1145,11
java,bytes,message,100,63,jsoniter,0.9.23,17630,18136,150,35766,56721.497448,55138.950154,27959.514623,0,1.0,reflect,adapted,1,99d1c7fab316,1146,12
java,bytes,message,100,63,jackson,2.18.3,91028,103624,158,194652,10985.630795,9650.274068,5137.373364,0,1.0,reflect,native,1,99d1c7fab316,1147,13
java,bytes,message,100,63,ion,2.18.3,143860,109431,144,253291,6951.202558,9138.178396,3948.028157,0,1.0,reflect,native,1,99d1c7fab316,1148,14
java,bytes,message,100,63,jackson-cbor,2.18.3,39779,258812,115,298591,25138.892380,3863.808479,3349.062765,0,1.0,reflect,native,1,99d1c7fab316,1149,15
java,bytes,message,100,63,protostuff,1.8.0,39442,19167,52,58609,25353.683890,52173.005687,17062.225938,0,1.0,schema,native,1,99d1c7fab316,1150,16
java,bytes,message,100,63,avro,1.12.0,41857,67688,44,109545,23890.866522,14773.667415,9128.668584,0,1.0,schema,native,1,99d1c7fab316,1151,17
java,bytes,message,100,64,fastjson2,2.0.57,40163,23221,158,63384,24898.538456,43064.467508,15776.852202,0,1.0,reflect,adapted,1,99d1c7fab316,1152,0
java,bytes,message,100,64,moshi,1.15.2,50630,60439,158,111069,19751.135690,16545.607968,9003.412293,0,1.0,reflect,native,1,99d1c7fab316,1153,1
java,bytes,message,100,64,ion,2.18.3,94849,87675,144,182524,10543.073728,11405.759909,5478.731564,0,1.0,reflect,native,1,99d1c7fab316,1154,2
java,bytes,message,100,64,protobuf,4.28.3,12119,12046,50,24165,82515.058998,83015.108750,41382.164287,0,1.0,message,native,1,99d1c7fab316,1155,3
java,bytes,message,100,64,gson,2.12.1,30501,30437,158,60938,32785.810301,32854.749154,16410.121763,0,1.0,reflect,native,1,99d1c7fab316,1156,4
java,bytes,message,100,64,bson,5.3.1,35351,53795,134,89146,28287.742921,18589.088205,11217.553227,0,1.0,message,adapted,1,99d1c7fab316,1157,5
java,bytes,message,100,64,java-serialization,21.0.11,62575,92453,206,155028,15980.823012,10816.306664,6450.447661,0,1.0,message,native,1,99d1c7fab316,1158,6
java,bytes,message,100,64,msgpack,0.9.8,49521,36860,114,86381,20193.453282,27129.679870,11576.619859,0,1.0,reflect,native,1,99d1c7fab316,1159,7
java,bytes,message,100,64,jackson-smile,2.18.3,27428,28171,119,55599,36459.092898,35497.497426,17985.934999,0,1.0,reflect,native,1,99d1c7fab316,1160,8
java,bytes,message,100,64,hessian,4.0.66,19613,23982,143,43595,50986.590527,41697.940122,22938.410368,0,1.0,message,native,1,99d1c7fab316,1161,9
java,bytes,message,100,64,jackson,2.18.3,38331,64882,158,103213,26088.544520,15412.595173,9688.702005,0,1.0,reflect,native,1,99d1c7fab316,1162,10
java,bytes,message,100,64,jackson-cbor,2.18.3,60317,28072,115,88389,16579.073893,35622.684526,11313.624999,0,1.0,reflect,native,1,99d1c7fab316,1163,11
java,bytes,message,100,64,protostuff,1.8.0,14983,13296,52,28279,66742.307949,75210.589651,35361.929347,0,1.0,schema,native,1,99d1c7fab316,1164,12
java,bytes,message,100,64,jsoniter,0.9.23,14856,12955,150,27811,67312.870221,77190.274025,35956.995433,0,1.0,reflect,adapted,1,99d1c7fab316,1165,13
java,bytes,message,100,64,dsl-json,2.0.2,61997,33464,158,95461,16129.812733,29882.859192,10475.482134,0,1.0,reflect,native,1,99d1c7fab316,1166,14
java,bytes,message,100,64,avro,1.12.0,25907,37101,44,63008,38599.606284,26953.451389,15871.000508,0,1.0,schema,native,1,99d1c7fab316,1167,15
java,bytes,message,100,64,kryo,5.6.2,34306,17286,46,51592,29149.419927,57850.283466,19382.850054,0,1.0,message,native,1,99d1c7fab316,1168,16
java,bytes,message,100,64,fory,1.3.0,18531,17552,133,36083,53963.628514,56973.564266,27713.881883,0,1.0,message,adapted,1,99d1c7fab316,1169,17
java,bytes,message,100,65,moshi,1.15.2,29299,28750,158,58049,34130.857708,34782.608696,17226.825613,0,1.0,reflect,native,1,99d1c7fab316,1170,0
java,bytes,message,100,65,protostuff,1.8.0,11776,7356,52,19132,84918.478261,135943.447526,52268.450763,0,1.0,schema,native,1,99d1c7fab316,1171,1
java,bytes,message,100,65,jackson-smile,2.18.3,25399,26544,119,51943,39371.628804,37673.297167,19251.872245,0,1.0,reflect,native,1,99d1c7fab316,1172,2
java,bytes,message,100,65,bson,5.3.1,29994,55473,134,85467,33340.001334,18026.787807,11700.422385,0,1.0,message,adapted,1,99d1c7fab316,1173,3
java,bytes,message,100,65,hessian,4.0.66,23075,17827,143,40902,43336.944745,56094.687833,24448.682216,0,1.0,message,native,1,99d1c7fab316,1174,4
java,bytes,message,100,65,protobuf,4.28.3,10328,11595,50,21923,96824.167312,86244.070720,45614.195138,0,1.0,message,native,1,99d1c7fab316,1175,5
java,bytes,message,100,65,dsl-json,2.0.2,30683,31775,158,62458,32591.337223,31471.282455,16010.759230,0,1.0,reflect,native,1,99d1c7fab316,1176,6
java,bytes,message,100,65,ion,2.18.3,82698,82551,144,165249,12092.190863,12113.723638,6051.473836,0,1.0,reflect,native,1,99d1c7fab316,1177,7
java,bytes,message,100,65,jackson,2.18.3,30330,32227,158,62557,32970.656116,31029.881776,15985.421296,0,1.0,reflect,native,1,99d1c7fab316,1178,8
java,bytes,message,100,65,avro,1.12.0,22878,31098,44,53976,43710.114521,32156.408772,18526.752631,0,1.0,schema,native,1,99d1c7fab316,1179,9
java,bytes,message,100,65,gson,2.12.1,25321,28020,158,53341,39492.911022,35688.793719,18747.305075,0,1.0,reflect,native,1,99d1c7fab316,1180,10
java,bytes,message,100,65,java-serialization,21.0.11,38362,70001,206,108363,26067.462593,14285.510207,9228.242112,0,1.0,message,native,1,99d1c7fab316,1181,11
java,bytes,message,100,65,kryo,5.6.2,18794,12831,46,31625,53208.470789,77936.248149,31620.553360,0,1.0,message,native,1,99d1c7fab316,1182,12
java,bytes,message,100,65,fastjson2,2.0.57,25730,22997,158,48727,38865.137971,43483.932687,20522.502924,0,1.0,reflect,adapted,1,99d1c7fab316,1183,13
java,bytes,message,100,65,jackson-cbor,2.18.3,30897,41898,115,72795,32365.601838,23867.487708,13737.207226,0,1.0,reflect,native,1,99d1c7fab316,1184,14
java,bytes,message,100,65,fory,1.3.0,15827,14628,133,30455,63183.168004,68362.045392,32835.330816,0,1.0,message,adapted,1,99d1c7fab316,1185,15
java,bytes,message,100,65,msgpack,0.9.8,34608,29411,114,64019,28895.053167,34000.884023,15620.362705,0,1.0,reflect,native,1,99d1c7fab316,1186,16
java,bytes,message,100,65,jsoniter,0.9.23,13881,12634,150,26515,72040.919242,79151.495963,37714.501226,0,1.0,reflect,adapted,1,99d1c7fab316,1187,17
java,bytes,message,100,66,avro,1.12.0,25246,30881,44,56127,39610.235285,32382.371037,17816.737043,0,1.0,schema,native,1,99d1c7fab316,1188,0
java,bytes,message,100,66,moshi,1.15.2,29548,30050,158,59598,33843.238121,33277.870216,16779.086547,0,1.0,reflect,native,1,99d1c7fab316,1189,1
java,bytes,message,100,66,jackson-cbor,2.18.3,25284,24523,115,49807,39550.704003,40778.045101,20077.499147,0,1.0,reflect,native,1,99d1c7fab316,1190,2
java,bytes,message,100,66,ion,2.18.3,72750,77558,144,150308,13745.704467,12893.576420,6653.005828,0,1.0,reflect,native,1,99d1c7fab316,1191,3
java,bytes,message,100,66,fastjson2,2.0.57,24237,20473,158,44710,41259.231753,48844.820007,22366.360993,0,1.0,reflect,adapted,1,99d1c7fab316,1192,4
java,bytes,message,100,66,msgpack,0.9.8,29004,24211,114,53215,34478.003034,41303.539713,18791.694071,0,1.0,reflect,native,1,99d1c7fab316,1193,5
java,bytes,message,100,66,jackson-smile,2.18.3,21949,23169,119,45118,45560.162194,43161.120463,22164.103019,0,1.0,reflect,native,1,99d1c7fab316,1194,6
java,bytes,message,100,66,jsoniter,0.9.23,12320,11863,150,24183,81168.831169,84295.709348,41351.362527,0,1.0,reflect,adapted,1,99d1c7fab316,1195,7
java,bytes,message,100,66,jackson,2.18.3,27288,32255,158,59543,36646.144826,31002.945280,16794.585426,0,1.0,reflect,native,1,99d1c7fab316,1196,8
java,bytes,message,100,66,fory,1.3.0,14245,12435,133,26680,70200.070200,80418.174507,37481.259370,0,1.0,message,adapted,1,99d1c7fab316,1197,9
java,bytes,message,100,66,dsl-json,2.0.2,32558,27311,158,59869,30714.417348,36615.283219,16703.135178,0,1.0,reflect,native,1,99d1c7fab316,1198,10
java,bytes,message,100,66,hessian,4.0.66,17755,21545,143,39300,56322.162771,46414.481318,25445.292621,0,1.0,message,native,1,99d1c7fab316,1199,11
java,bytes,message,100,66,protostuff,1.8.0,13827,9085,52,22912,72322.268026,110071.546505,43645.251397,0,1.0,schema,native,1,99d1c7fab316,1200,12
java,bytes,message,100,66,bson,5.3.1,30902,35893,134,66795,32360.365025,27860.585630,14971.180478,0,1.0,message,adapted,1,99d1c7fab316,1201,13
java,bytes,message,100,66,protobuf,4.28.3,11823,13698,50,25521,84580.901632,73003.358154,39183.417578,0,1.0,message,native,1,99d1c7fab316,1202,14
java,bytes,message,100,66,kryo,5.6.2,19616,13423,46,33039,50978.792822,74498.994264,30267.259905,0,1.0,message,native,1,99d1c7fab316,1203,15
java,bytes,message,100,66,gson,2.12.1,28060,30720,158,58780,35637.918746,32552.083333,17012.589316,0,1.0,reflect,native,1,99d1c7fab316,1204,16
java,bytes,message,100,66,java-serialization,21.0.11,39516,71139,206,110655,25306.205081,14056.987025,9037.097284,0,1.0,message,native,1,99d1c7fab316,1205,17
java,bytes,message,100,67,bson,5.3.1,25278,27061,134,52339,39560.091779,36953.549388,19106.211429,0,1.0,message,adapted,1,99d1c7fab316,1206,0
java,bytes,message,100,67,fory,1.3.0,13415,12133,133,25548,74543.421543,82419.846699,39142.007202,0,1.0,message,adapted,1,99d1c7fab316,1207,1
java,bytes,message,100,67,jsoniter,0.9.23,11487,11161,150,22648,87054.931662,89597.706299,44154.009184,0,1.0,reflect,adapted,1,99d1c7fab316,1208,2
java,bytes,message,100,67,jackson,2.18.3,31060,34952,158,66012,32195.750161,28610.666056,15148.760831,0,1.0,reflect,native,1,99d1c7fab316,1209,3
java,bytes,message,100,67,fastjson2,2.0.57,23584,18103,158,41687,42401.628223,55239.463072,23988.293713,0,1.0,reflect,adapted,1,99d1c7fab316,1210,4
java,bytes,message,100,67,hessian,4.0.66,16122,16671,143,32793,62027.043791,59984.404055,30494.312811,0,1.0,message,native,1,99d1c7fab316,1211,5
java,bytes,message,100,67,msgpack,0.9.8,28353,24824,114,53177,35269.636370,40283.596519,18805.122515,0,1.0,reflect,native,1,99d1c7fab316,1212,6
java,bytes,message,100,67,protostuff,1.8.0,12262,8223,52,20485,81552.764639,121610.117962,48816.206981,0,1.0,schema,native,1,99d1c7fab316,1213,7
java,bytes,message,100,67,gson,2.12.1,32911,24851,158,57762,30384.977667,40239.829383,17312.419930,0,1.0,reflect,native,1,99d1c7fab316,1214,8
java,bytes,message,100,67,java-serialization,21.0.11,30839,54706,206,85545,32426.472973,18279.530582,11689.753931,0,1.0,message,native,1,99d1c7fab316,1215,9
java,bytes,message,100,67,avro,1.12.0,25028,38426,44,63454,39955.250120,26024.046219,15759.447789,0,1.0,schema,native,1,99d1c7fab316,1216,10
java,bytes,message,100,67,ion,2.18.3,81754,84822,144,166576,12231.817403,11789.394261,6003.265777,0,1.0,reflect,native,1,99d1c7fab316,1217,11
java,bytes,message,100,67,moshi,1.15.2,34506,26201,158,60707,28980.467165,38166.482195,16472.564943,0,1.0,reflect,native,1,99d1c7fab316,1218,12
java,bytes,message,100,67,jackson-smile,2.18.3,23958,24924,119,48882,41739.711161,40121.970791,20457.428092,0,1.0,reflect,native,1,99d1c7fab316,1219,13
java,bytes,message,100,67,dsl-json,2.0.2,33683,28817,158,62500,29688.566933,34701.738557,16000.000000,0,1.0,reflect,native,1,99d1c7fab316,1220,14
java,bytes,message,100,67,protobuf,4.28.3,10948,11803,50,22751,91340.884180,84724.222655,43954.111907,0,1.0,message,native,1,99d1c7fab316,1221,15
java,bytes,message,100,67,kryo,5.6.2,18617,13472,46,32089,53714.347102,74228.028504,31163.326997,0,1.0,message,native,1,99d1c7fab316,1222,16
java,bytes,message,100,67,jackson-cbor,2.18.3,25450,34131,115,59581,39292.730845,29298.877853,16783.874054,0,1.0,reflect,native,1,99d1c7fab316,1223,17
java,bytes,message,100,68,protostuff,1.8.0,10638,7321,52,17959,94002.632074,136593.361563,55682.387661,0,1.0,schema,native,1,99d1c7fab316,1224,0
java,bytes,message,100,68,gson,2.12.1,28884,25028,158,53912,34621.243595,39955.250120,18548.746105,0,1.0,reflect,native,1,99d1c7fab316,1225,1
java,bytes,message,100,68,kryo,5.6.2,16499,12091,46,28590,60609.733923,82706.145067,34977.264778,0,1.0,message,native,1,99d1c7fab316,1226,2
java,bytes,message,100,68,jackson-smile,2.18.3,22194,26574,119,48768,45057.222673,37630.766915,20505.249344,0,1.0,reflect,native,1,99d1c7fab316,1227,3
java,bytes,message,100,68,hessian,4.0.66,14880,14954,143,29834,67204.301075,66871.740003,33518.804049,0,1.0,message,native,1,99d1c7fab316,1228,4
java,bytes,message,100,68,protobuf,4.28.3,8839,9259,50,18098,113134.970019,108003.024085,55254.724279,0,1.0,message,native,1,99d1c7fab316,1229,5
java,bytes,message,100,68,avro,1.12.0,22051,29071,44,51122,45349.417260,34398.541502,19561.050037,0,1.0,schema,native,1,99d1c7fab316,1230,6
java,bytes,message,100,68,jsoniter,0.9.23,12591,11500,150,24091,79421.809229,86956.521739,41509.277323,0,1.0,reflect,adapted,1,99d1c7fab316,1231,7
java,bytes,message,100,68,moshi,1.15.2,22674,24765,158,47439,44103.378319,40379.567939,21079.702355,0,1.0,reflect,native,1,99d1c7fab316,1232,8
java,bytes,message,100,68,bson,5.3.1,26670,30313,134,56983,37495.313086,32989.146571,17549.093589,0,1.0,message,adapted,1,99d1c7fab316,1233,9
java,bytes,message,100,68,jackson-cbor,2.18.3,23488,69278,115,92766,42574.931880,14434.596842,10779.811569,0,1.0,reflect,native,1,99d1c7fab316,1234,10
java,bytes,message,100,68,ion,2.18.3,66146,73428,144,139574,15118.072143,13618.783026,7164.658174,0,1.0,reflect,native,1,99d1c7fab316,1235,11
java,bytes,message,100,68,jackson,2.18.3,26092,35409,158,61501,38325.923655,28241.407552,16259.898213,0,1.0,reflect,native,1,99d1c7fab316,1236,12
java,bytes,message,100,68,fastjson2,2.0.57,22593,19292,158,41885,44261.496924,51834.957495,23874.895547,0,1.0,reflect,adapted,1,99d1c7fab316,1237,13
java,bytes,message,100,68,msgpack,0.9.8,31681,25460,114,57141,31564.660206,39277.297722,17500.568768,0,1.0,reflect,native,1,99d1c7fab316,1238,14
java,bytes,message,100,68,fory,1.3.0,15171,13709,133,28880,65915.233010,72944.780801,34626.038781,0,1.0,message,adapted,1,99d1c7fab316,1239,15
java,bytes,message,100,68,java-serialization,21.0.11,31200,57100,206,88300,32051.282051,17513.134851,11325.028313,0,1.0,message,native,1,99d1c7fab316,1240,16
java,bytes,message,100,68,dsl-json,2.0.2,32027,26993,158,59020,31223.655041,37046.641722,16943.409014,0,1.0,reflect,native,1,99d1c7fab316,1241,17
java,bytes,message,100,69,avro,1.12.0,20369,27284,44,47653,49094.211792,36651.517373,20985.037668,0,1.0,schema,native,1,99d1c7fab316,1242,0
java,bytes,message,100,69,jsoniter,0.9.23,11428,10884,150,22312,87504.375219,91877.986035,44818.931517,0,1.0,reflect,adapted,1,99d1c7fab316,1243,1
java,bytes,message,100,69,kryo,5.6.2,16335,12642,46,28977,61218.243036,79101.408005,34510.128723,0,1.0,message,native,1,99d1c7fab316,1244,2
java,bytes,message,100,69,jackson,2.18.3,27278,34737,158,62015,36659.579148,28787.747934,16125.131017,0,1.0,reflect,native,1,99d1c7fab316,1245,3
java,bytes,message,100,69,fory,1.3.0,19237,13413,133,32650,51983.157457,74554.536644,30627.871363,0,1.0,message,adapted,1,99d1c7fab316,1246,4
java,bytes,message,100,69,bson,5.3.1,26501,27487,134,53988,37734.425116,36380.834576,18522.634660,0,1.0,message,adapted,1,99d1c7fab316,1247,5
java,bytes,message,100,69,protobuf,4.28.3,8737,8784,50,17521,114455.762848,113843.351548,57074.367901,0,1.0,message,native,1,99d1c7fab316,1248,6
java,bytes,message,100,69,java-serialization,21.0.11,32516,51666,206,84182,30754.090294,19355.088453,11879.024019,0,1.0,message,native,1,99d1c7fab316,1249,7
java,bytes,message,100,69,fastjson2,2.0.57,19421,18784,158,38205,51490.654446,53236.797274,26174.584478,0,1.0,reflect,adapted,1,99d1c7fab316,1250,8
java,bytes,message,100,69,msgpack,0.9.8,39970,26534,114,66504,25018.764073,37687.495289,15036.689522,0,1.0,reflect,native,1,99d1c7fab316,1251,9
java,bytes,message,100,69,jackson-cbor,2.18.3,20922,25796,115,46718,47796.577765,38765.700109,21405.025900,0,1.0,reflect,native,1,99d1c7fab316,1252,10
java,bytes,message,100,69,gson,2.12.1,20927,25117,158,46044,47785.157930,39813.672015,21718.356355,0,1.0,reflect,native,1,99d1c7fab316,1253,11
java,bytes,message,100,69,jackson-smile,2.18.3,20676,22101,119,42777,48365.254401,45246.821411,23377.048414,0,1.0,reflect,native,1,99d1c7fab316,1254,12
java,bytes,message,100,69,ion,2.18.3,59246,79444,144,138690,16878.776626,12587.483007,7210.325186,0,1.0,reflect,native,1,99d1c7fab316,1255,13
java,bytes,message,100,69,dsl-json,2.0.2,28352,24234,158,52586,35270.880361,41264.339358,19016.468262,0,1.0,reflect,native,1,99d1c7fab316,1256,14
java,bytes,message,100,69,moshi,1.15.2,21944,25949,158,47893,45570.543201,38537.130525,20879.878062,0,1.0,reflect,native,1,99d1c7fab316,1257,15
java,bytes,message,100,69,hessian,4.0.66,16018,16186,143,32204,62429.766513,61781.786729,31052.043224,0,1.0,message,native,1,99d1c7fab316,1258,16
java,bytes,message,100,69,protostuff,1.8.0,11424,7613,52,19037,87535.014006,131354.262446,52529.285076,0,1.0,schema,native,1,99d1c7fab316,1259,17
java,bytes,message,100,70,hessian,4.0.66,11327,10886,143,22213,88284.629646,91861.106008,45018.682753,0,1.0,message,native,1,99d1c7fab316,1260,0
java,bytes,message,100,70,ion,2.18.3,67265,64749,144,132014,14866.572512,15444.253965,7574.954172,0,1.0,reflect,native,1,99d1c7fab316,1261,1
java,bytes,message,100,70,fory,1.3.0,13973,12023,133,25996,71566.592715,83173.916660,38467.456532,0,1.0,message,adapted,1,99d1c7fab316,1262,2
java,bytes,message,100,70,kryo,5.6.2,16951,12664,46,29615,58993.569701,78963.992419,33766.672294,0,1.0,message,native,1,99d1c7fab316,1263,3
java,bytes,message,100,70,java-serialization,21.0.11,26417,55293,206,81710,37854.411932,18085.471940,12238.404112,0,1.0,message,native,1,99d1c7fab316,1264,4
java,bytes,message,100,70,avro,1.12.0,23004,29115,44,52119,43470.700748,34346.556758,19186.860838,0,1.0,schema,native,1,99d1c7fab316,1265,5
java,bytes,message,100,70,fastjson2,2.0.57,20344,18343,158,38687,49154.541880,54516.709371,25848.476232,0,1.0,reflect,adapted,1,99d1c7fab316,1266,6
java,bytes,message,100,70,dsl-json,2.0.2,25776,23881,158,49657,38795.779019,41874.293371,20138.147693,0,1.0,reflect,native,1,99d1c7fab316,1267,7
java,bytes,message,100,70,protobuf,4.28.3,8626,8607,50,17233,115928.587990,116184.500988,58028.201706,0,1.0,message,native,1,99d1c7fab316,1268,8
java,bytes,message,100,70,moshi,1.15.2,19964,24640,158,44604,50090.162292,40584.415584,22419.513945,0,1.0,reflect,native,1,99d1c7fab316,1269,9
java,bytes,message,100,70,msgpack,0.9.8,28405,24457,114,52862,35205.069530,40888.089300,18917.180583,0,1.0,reflect,native,1,99d1c7fab316,1270,10
java,bytes,message,100,70,jackson,2.18.3,25801,41817,158,67618,38758.187667,23913.719301,14788.961519,0,1.0,reflect,native,1,99d1c7fab316,1271,11
java,bytes,message,100,70,jsoniter,0.9.23,11337,11047,150,22384,88206.756638,90522.313750,44674.767691,0,1.0,reflect,adapted,1,99d1c7fab316,1272,12
java,bytes,message,100,70,jackson-smile,2.18.3,21097,20846,119,41943,47400.104280,47970.833733,23841.880648,0,1.0,reflect,native,1,99d1c7fab316,1273,13
java,bytes,message,100,70,jackson-cbor,2.18.3,21118,21483,115,42601,47352.969031,46548.433645,23473.627380,0,1.0,reflect,native,1,99d1c7fab316,1274,14
java,bytes,message,100,70,gson,2.12.1,22910,25740,158,48650,43649.061545,38850.038850,20554.984584,0,1.0,reflect,native,1,99d1c7fab316,1275,15
java,bytes,message,100,70,bson,5.3.1,29533,29203,134,58736,33860.427319,34243.057220,17025.333697,0,1.0,message,adapted,1,99d1c7fab316,1276,16
java,bytes,message,100,70,protostuff,1.8.0,12248,7733,52,19981,81645.983018,129315.918790,50047.545168,0,1.0,schema,native,1,99d1c7fab316,1277,17
java,bytes,message,100,71,msgpack,0.9.8,87263,25863,114,113126,11459.610602,38665.274717,8839.700865,0,1.0,reflect,native,1,99d1c7fab316,1278,0
java,bytes,message,100,71,protobuf,4.28.3,8544,8648,50,17192,117041.198502,115633.672525,58166.589111,0,1.0,message,native,1,99d1c7fab316,1279,1
java,bytes,message,100,71,avro,1.12.0,20657,26879,44,47536,48409.740040,37203.765021,21036.687984,0,1.0,schema,native,1,99d1c7fab316,1280,2
java,bytes,message,100,71,dsl-json,2.0.2,30660,23610,158,54270,32615.786040,42354.934350,18426.386586,0,1.0,reflect,native,1,99d1c7fab316,1281,3
java,bytes,message,100,71,jackson-cbor,2.18.3,23203,23968,115,47171,43097.875275,41722.296395,21199.465773,0,1.0,reflect,native,1,99d1c7fab316,1282,4
java,bytes,message,100,71,kryo,5.6.2,17601,13048,46,30649,56814.953696,76640.098099,32627.491925,0,1.0,message,native,1,99d1c7fab316,1283,5
java,bytes,message,100,71,java-serialization,21.0.11,27624,53493,206,81117,36200.405445,18694.034734,12327.872086,0,1.0,message,native,1,99d1c7fab316,1284,6
java,bytes,message,100,71,protostuff,1.8.0,10710,6915,52,17625,93370.681606,144613.159798,56737.588652,0,1.0,schema,native,1,99d1c7fab316,1285,7
java,bytes,message,100,71,gson,2.12.1,21159,27613,158,48772,47261.212723,36214.826350,20503.567621,0,1.0,reflect,native,1,99d1c7fab316,1286,8
java,bytes,message,100,71,jackson,2.18.3,26757,54547,158,81304,37373.397616,18332.813904,12299.517859,0,1.0,reflect,native,1,99d1c7fab316,1287,9
java,bytes,message,100,71,ion,2.18.3,69036,77042,144,146078,14485.196130,12979.933024,6845.657799,0,1.0,reflect,native,1,99d1c7fab316,1288,10
java,bytes,message,100,71,fory,1.3.0,14331,13482,133,27813,69778.801200,74172.971369,35954.409808,0,1.0,message,adapted,1,99d1c7fab316,1289,11
java,bytes,message,100,71,jsoniter,0.9.23,12387,10601,150,22988,80729.797368,94330.723517,43500.957021,0,1.0,reflect,adapted,1,99d1c7fab316,1290,12
java,bytes,message,100,71,moshi,1.15.2,21553,25477,158,47030,46397.253283,39251.089218,21263.023602,0,1.0,reflect,native,1,99d1c7fab316,1291,13
java,bytes,message,100,71,fastjson2,2.0.57,21570,19377,158,40947,46360.686138,51607.575992,24421.813564,0,1.0,reflect,adapted,1,99d1c7fab316,1292,14
java,bytes,message,100,71,hessian,4.0.66,16102,18108,143,34210,62104.086449,55224.210294,29231.218942,0,1.0,message,native,1,99d1c7fab316,1293,15
java,bytes,message,100,71,jackson-smile,2.18.3,24825,24012,119,48837,40281.973817,41645.843745,20476.278232,0,1.0,reflect,native,1,99d1c7fab316,1294,16
java,bytes,message,100,71,bson,5.3.1,26104,28323,134,54427,38308.305241,35306.994316,18373.233873,0,1.0,message,adapted,1,99d1c7fab316,1295,17
java,bytes,message,100,72,java-serialization,21.0.11,27579,55164,206,82743,36259.472787,18127.764484,12085.614493,0,1.0,message,native,1,99d1c7fab316,1296,0
java,bytes,message,100,72,protobuf,4.28.3,8646,9496,50,18142,115660.421004,105307.497894,55120.714364,0,1.0,message,native,1,99d1c7fab316,1297,1
java,bytes,message,100,72,ion,2.18.3,71287,74705,144,145992,14027.803106,13385.984874,6849.690394,0,1.0,reflect,native,1,99d1c7fab316,1298,2
java,bytes,message,100,72,moshi,1.15.2,20460,25490,158,45950,48875.855327,39231.071008,21762.785637,0,1.0,reflect,native,1,99d1c7fab316,1299,3
java,bytes,message,100,72,avro,1.12.0,22026,29426,44,51452,45400.889857,33983.551961,19435.590453,0,1.0,schema,native,1,99d1c7fab316,1300,4
java,bytes,message,100,72,fory,1.3.0,13920,13180,133,27100,71839.080460,75872.534143,36900.369004,0,1.0,message,adapted,1,99d1c7fab316,1301,5
java,bytes,message,100,72,jackson,2.18.3,30369,37388,158,67757,32928.315058,26746.549695,14758.622725,0,1.0,reflect,native,1,99d1c7fab316,1302,6
java,bytes,message,100,72,bson,5.3.1,24964,26305,134,51269,40057.683064,38015.586390,19504.964013,0,1.0,message,adapted,1,99d1c7fab316,1303,7
java,bytes,message,100,72,protostuff,1.8.0,12163,8241,52,20404,82216.558415,121344.497027,49009.998040,0,1.0,schema,native,1,99d1c7fab316,1304,8
java,bytes,message,100,72,jsoniter,0.9.23,12280,11172,150,23452,81433.224756,89509.488006,42640.286543,0,1.0,reflect,adapted,1,99d1c7fab316,1305,9
java,bytes,message,100,72,gson,2.12.1,24634,37908,158,62542,40594.300560,26379.656009,15989.255220,0,1.0,reflect,native,1,99d1c7fab316,1306,10
java,bytes,message,100,72,dsl-json,2.0.2,35316,29790,158,65106,28315.777551,33568.311514,15359.567475,0,1.0,reflect,native,1,99d1c7fab316,1307,11
java,bytes,message,100,72,msgpack,0.9.8,39433,28563,114,67996,25359.470494,35010.328047,14706.747456,0,1.0,reflect,native,1,99d1c7fab316,1308,12
java,bytes,message,100,72,jackson-smile,2.18.3,24775,21357,119,46132,40363.269425,46823.055673,21676.927079,0,1.0,reflect,native,1,99d1c7fab316,1309,13
java,bytes,message,100,72,hessian,4.0.66,16377,17687,143,34064,61061.244428,56538.700741,29356.505402,0,1.0,message,native,1,99d1c7fab316,1310,14
java,bytes,message,100,72,jackson-cbor,2.18.3,22509,24700,115,47209,44426.673775,40485.829960,21182.401661,0,1.0,reflect,native,1,99d1c7fab316,1311,15
java,bytes,message,100,72,fastjson2,2.0.57,26656,20599,158,47255,37515.006002,48546.045925,21161.781822,0,1.0,reflect,adapted,1,99d1c7fab316,1312,16
java,bytes,message,100,72,kryo,5.6.2,21866,14580,46,36446,45733.101619,68587.105624,27437.853262,0,1.0,message,native,1,99d1c7fab316,1313,17
java,bytes,message,100,73,avro,1.12.0,20960,29619,44,50579,47709.923664,33762.112158,19771.051227,0,1.0,schema,native,1,99d1c7fab316,1314,0
java,bytes,message,100,73,jsoniter,0.9.23,11267,10793,150,22060,88754.770569,92652.645233,45330.915684,0,1.0,reflect,adapted,1,99d1c7fab316,1315,1
java,bytes,message,100,73,hessian,4.0.66,13882,15315,143,29197,72035.729722,65295.461965,34250.094188,0,1.0,message,native,1,99d1c7fab316,1316,2
java,bytes,message,100,73,jackson-smile,2.18.3,31095,42987,119,74082,32159.511175,23262.846907,13498.555655,0,1.0,reflect,native,1,99d1c7fab316,1317,3
java,bytes,message,100,73,bson,5.3.1,25006,31131,134,56137,39990.402303,32122.321801,17813.563247,0,1.0,message,adapted,1,99d1c7fab316,1318,4
java,bytes,message,100,73,protostuff,1.8.0,11724,7896,52,19620,85295.121119,126646.403242,50968.399592,0,1.0,schema,native,1,99d1c7fab316,1319,5
java,bytes,message,100,73,kryo,5.6.2,19023,13283,46,32306,52567.944068,75284.197847,30954.002353,0,1.0,message,native,1,99d1c7fab316,1320,6
java,bytes,message,100,73,java-serialization,21.0.11,32531,60970,206,93501,30739.909625,16401.508939,10695.072780,0,1.0,message,native,1,99d1c7fab316,1321,7
java,bytes,message,100,73,ion,2.18.3,76630,97357,144,173987,13049.719431,10271.475087,5747.555852,0,1.0,reflect,native,1,99d1c7fab316,1322,8
java,bytes,message,100,73,dsl-json,2.0.2,33010,27475,158,60485,30293.850348,36396.724295,16533.024717,0,1.0,reflect,native,1,99d1c7fab316,1323,9
java,bytes,message,100,73,gson,2.12.1,24928,32890,158,57818,40115.532734,30404.378230,17295.651873,0,1.0,reflect,native,1,99d1c7fab316,1324,10
java,bytes,message,100,73,msgpack,0.9.8,34347,28925,114,63272,29114.624276,34572.169404,15804.779365,0,1.0,reflect,native,1,99d1c7fab316,1325,11
java,bytes,message,100,73,moshi,1.15.2,31826,29256,158,61082,31420.850877,34181.022696,16371.435120,0,1.0,reflect,native,1,99d1c7fab316,1326,12
java,bytes,message,100,73,jackson-cbor,2.18.3,25224,27666,115,52890,39644.782747,36145.449288,18907.165816,0,1.0,reflect,native,1,99d1c7fab316,1327,13
java,bytes,message,100,73,fory,1.3.0,20466,17165,133,37631,48861.526434,58258.083309,26573.835402,0,1.0,message,adapted,1,99d1c7fab316,1328,14
java,bytes,message,100,73,fastjson2,2.0.57,24800,22043,158,46843,40322.580645,45365.875788,21347.906838,0,1.0,reflect,adapted,1,99d1c7fab316,1329,15
java,bytes,message,100,73,jackson,2.18.3,31523,56096,158,87619,31722.869016,17826.583001,11413.049681,0,1.0,reflect,native,1,99d1c7fab316,1330,16
java,bytes,message,100,73,protobuf,4.28.3,14756,15819,50,30575,67769.043101,63215.121057,32706.459526,0,1.0,message,native,1,99d1c7fab316,1331,17
java,bytes,message,100,74,fastjson2,2.0.57,20766,19168,158,39934,48155.639025,52170.283806,25041.318175,0,1.0,reflect,adapted,1,99d1c7fab316,1332,0
java,bytes,message,100,74,jsoniter,0.9.23,14488,13042,150,27530,69022.639426,76675.356540,36324.010171,0,1.0,reflect,adapted,1,99d1c7fab316,1333,1
java,bytes,message,100,74,ion,2.18.3,79289,93816,144,173105,12612.089949,10659.162616,5776.840646,0,1.0,reflect,native,1,99d1c7fab316,1334,2
java,bytes,message,100,74,gson,2.12.1,23129,21997,158,45126,43235.764624,45460.744647,22160.173736,0,1.0,reflect,native,1,99d1c7fab316,1335,3
java,bytes,message,100,74,bson,5.3.1,34431,52213,134,86644,29043.594435,19152.318388,11541.480079,0,1.0,message,adapted,1,99d1c7fab316,1336,4
java,bytes,message,100,74,jackson,2.18.3,37119,39325,158,76444,26940.380937,25429.116338,13081.471404,0,1.0,reflect,native,1,99d1c7fab316,1337,5
java,bytes,message,100,74,msgpack,0.9.8,31250,26032,114,57282,32000.000000,38414.259373,17457.491009,0,1.0,reflect,native,1,99d1c7fab316,1338,6
java,bytes,message,100,74,moshi,1.15.2,32825,27732,158,60557,30464.584920,36059.425934,16513.367571,0,1.0,reflect,native,1,99d1c7fab316,1339,7
java,bytes,message,100,74,hessian,4.0.66,21493,23152,143,44645,46526.776160,43192.812716,22398.924852,0,1.0,message,native,1,99d1c7fab316,1340,8
java,bytes,message,100,74,fory,1.3.0,19514,15910,133,35424,51245.259813,62853.551226,28229.448961,0,1.0,message,adapted,1,99d1c7fab316,1341,9
java,bytes,message,100,74,java-serialization,21.0.11,40394,75277,206,115671,24756.151904,13284.270096,8645.209257,0,1.0,message,native,1,99d1c7fab316,1342,10
java,bytes,message,100,74,kryo,5.6.2,25852,16050,46,41902,38681.726752,62305.295950,23865.209298,0,1.0,message,native,1,99d1c7fab316,1343,11
java,bytes,message,100,74,dsl-json,2.0.2,37298,33682,158,70980,26811.089066,29689.448370,14088.475627,0,1.0,reflect,native,1,99d1c7fab316,1344,12
java,bytes,message,100,74,protostuff,1.8.0,17601,11091,52,28692,56814.953696,90163.195384,34852.920675,0,1.0,schema,native,1,99d1c7fab316,1345,13
java,bytes,message,100,74,avro,1.12.0,38181,44502,44,82683,26191.037427,22470.900184,12094.384577,0,1.0,schema,native,1,99d1c7fab316,1346,14
java,bytes,message,100,74,jackson-smile,2.18.3,31937,61447,119,93384,31311.644801,16274.187511,10708.472543,0,1.0,reflect,native,1,99d1c7fab316,1347,15
java,bytes,message,100,74,protobuf,4.28.3,15120,15849,50,30969,66137.566138,63095.463436,32290.354871,0,1.0,message,native,1,99d1c7fab316,1348,16
java,bytes,message,100,74,jackson-cbor,2.18.3,26579,58774,115,85353,37623.687874,17014.326063,11716.049817,0,1.0,reflect,native,1,99d1c7fab316,1349,17
java,bytes,message,100,75,moshi,1.15.2,25478,25691,158,51169,39249.548630,38924.136857,19543.082726,0,1.0,reflect,native,1,99d1c7fab316,1350,0
java,bytes,message,100,75,protostuff,1.8.0,14972,9083,52,24055,66791.343842,110095.783331,41571.398878,0,1.0,schema,native,1,99d1c7fab316,1351,1
java,bytes,message,100,75,avro,1.12.0,32690,35547,44,68237,30590.394616,28131.769207,14654.806044,0,1.0,schema,native,1,99d1c7fab316,1352,2
java,bytes,message,100,75,fastjson2,2.0.57,40314,29049,158,69363,24805.278563,34424.592929,14416.908150,0,1.0,reflect,adapted,1,99d1c7fab316,1353,3
java,bytes,message,100,75,hessian,4.0.66,22821,34654,143,57475,43819.289251,28856.697640,17398.869074,0,1.0,message,native,1,99d1c7fab316,1354,4
java,bytes,message,100,75,ion,2.18.3,121460,130848,144,252308,8233.163181,7642.455368,3963.409801,0,1.0,reflect,native,1,99d1c7fab316,1355,5
java,bytes,message,100,75,jackson-smile,2.18.3,31480,48091,119,79571,31766.200762,20793.911543,12567.392643,0,1.0,reflect,native,1,99d1c7fab316,1356,6
java,bytes,message,100,75,dsl-json,2.0.2,42605,36611,158,79216,23471.423542,27314.195187,12623.712381,0,1.0,reflect,native,1,99d1c7fab316,1357,7
java,bytes,message,100,75,java-serialization,21.0.11,52391,87881,206,140272,19087.247810,11379.023907,7129.006502,0,1.0,message,native,1,99d1c7fab316,1358,8
java,bytes,message,100,75,msgpack,0.9.8,48545,39347,114,87892,20599.443815,25414.898213,11377.599782,0,1.0,reflect,native,1,99d1c7fab316,1359,9
java,bytes,message,100,75,bson,5.3.1,45930,52713,134,98643,21772.262138,18970.652401,10137.566781,0,1.0,message,adapted,1,99d1c7fab316,1360,10
java,bytes,message,100,75,kryo,5.6.2,35498,23516,46,59014,28170.601161,42524.238816,16945.131664,0,1.0,message,native,1,99d1c7fab316,1361,11
java,bytes,message,100,75,jackson-cbor,2.18.3,41062,63279,115,104341,24353.416784,15803.031021,9583.960284,0,1.0,reflect,native,1,99d1c7fab316,1362,12
java,bytes,message,100,75,jackson,2.18.3,36727,44594,158,81321,27227.924960,22424.541418,12296.946668,0,1.0,reflect,native,1,99d1c7fab316,1363,13
java,bytes,message,100,75,gson,2.12.1,42395,31541,158,73936,23587.687227,31704.765226,13525.210993,0,1.0,reflect,native,1,99d1c7fab316,1364,14
java,bytes,message,100,75,fory,1.3.0,31661,20960,133,52621,31584.599349,47709.923664,19003.819768,0,1.0,message,adapted,1,99d1c7fab316,1365,15
java,bytes,message,100,75,jsoniter,0.9.23,20543,21983,150,42526,48678.381931,45489.696584,23515.026102,0,1.0,reflect,adapted,1,99d1c7fab316,1366,16
java,bytes,message,100,75,protobuf,4.28.3,15340,25108,50,40448,65189.048240,39827.943285,24723.101266,0,1.0,message,native,1,99d1c7fab316,1367,17
java,bytes,message,100,76,protobuf,4.28.3,8032,8900,50,16932,124501.992032,112359.550562,59059.768486,0,1.0,message,native,1,99d1c7fab316,1368,0
java,bytes,message,100,76,msgpack,0.9.8,56455,39017,114,95472,17713.222921,25629.853654,10474.275180,0,1.0,reflect,native,1,99d1c7fab316,1369,1
java,bytes,message,100,76,moshi,1.15.2,41013,43834,158,84847,24382.512862,22813.341242,11785.920539,0,1.0,reflect,native,1,99d1c7fab316,1370,2
java,bytes,message,100,76,gson,2.12.1,34010,26511,158,60521,29403.116730,37720.191619,16523.190298,0,1.0,reflect,native,1,99d1c7fab316,1371,3
java,bytes,message,100,76,dsl-json,2.0.2,49566,41198,158,90764,20175.120042,24273.022962,11017.584064,0,1.0,reflect,native,1,99d1c7fab316,1372,4
java,bytes,message,100,76,fory,1.3.0,31585,18943,133,50528,31660.598385,52789.948794,19791.006966,0,1.0,message,adapted,1,99d1c7fab316,1373,5
java,bytes,message,100,76,protostuff,1.8.0,25527,14185,52,39712,39174.207702,70497.003877,25181.305399,0,1.0,schema,native,1,99d1c7fab316,1374,6
java,bytes,message,100,76,jackson-cbor,2.18.3,32586,38406,115,70992,30688.025532,26037.598292,14086.094208,0,1.0,reflect,native,1,99d1c7fab316,1375,7
java,bytes,message,100,76,avro,1.12.0,56602,59311,44,115913,17667.220240,16860.278869,8627.160025,0,1.0,schema,native,1,99d1c7fab316,1376,8
java,bytes,message,100,76,bson,5.3.1,54591,49992,134,104583,18318.037772,20003.200512,9561.783464,0,1.0,message,adapted,1,99d1c7fab316,1377,9
java,bytes,message,100,76,jackson,2.18.3,48020,45219,158,93239,20824.656393,22114.597846,10725.125752,0,1.0,reflect,native,1,99d1c7fab316,1378,10
java,bytes,message,100,76,java-serialization,21.0.11,54036,96801,206,150837,18506.181064,10330.471793,6629.673091,0,1.0,message,native,1,99d1c7fab316,1379,11
java,bytes,message,100,76,kryo,5.6.2,31886,22401,46,54287,31361.726149,44640.864247,18420.616354,0,1.0,message,native,1,99d1c7fab316,1380,12
java,bytes,message,100,76,fastjson2,2.0.57,41196,39533,158,80729,24274.201379,25295.322895,12387.122348,0,1.0,reflect,adapted,1,99d1c7fab316,1381,13
java,bytes,message,100,76,jsoniter,0.9.23,20086,15851,150,35937,49785.920542,63087.502366,27826.474107,0,1.0,reflect,adapted,1,99d1c7fab316,1382,14
java,bytes,message,100,76,jackson-smile,2.18.3,102959,63739,119,166698,9712.604046,15688.981628,5998.872212,0,1.0,reflect,native,1,99d1c7fab316,1383,15
java,bytes,message,100,76,ion,2.18.3,250463,232123,144,482586,3992.605694,4308.060813,2072.169520,0,1.0,reflect,native,1,99d1c7fab316,1384,16
java,bytes,message,100,76,hessian,4.0.66,38148,41705,143,79853,26213.694034,23977.940295,12523.011033,0,1.0,message,native,1,99d1c7fab316,1385,17
java,bytes,message,100,77,jackson,2.18.3,101531,77470,158,179001,9849.208616,12908.222538,5586.560969,0,1.0,reflect,native,1,99d1c7fab316,1386,0
java,bytes,message,100,77,moshi,1.15.2,61449,58736,158,120185,16273.657830,17025.333697,8320.505887,0,1.0,reflect,native,1,99d1c7fab316,1387,1
java,bytes,message,100,77,avro,1.12.0,55906,69496,44,125402,17887.167746,14389.317371,7974.354476,0,1.0,schema,native,1,99d1c7fab316,1388,2
java,bytes,message,100,77,jackson-cbor,2.18.3,142995,117420,115,260415,6993.251512,8516.436723,3840.024576,0,1.0,reflect,native,1,99d1c7fab316,1389,3
java,bytes,message,100,77,java-serialization,21.0.11,65178,113375,206,178553,15342.600264,8820.286659,5600.577980,0,1.0,message,native,1,99d1c7fab316,1390,4
java,bytes,message,100,77,protostuff,1.8.0,21545,13981,52,35526,46414.481318,71525.641943,28148.398356,0,1.0,schema,native,1,99d1c7fab316,1391,5
java,bytes,message,100,77,bson,5.3.1,61489,52049,134,113538,16263.071444,19212.664989,8807.623879,0,1.0,message,adapted,1,99d1c7fab316,1392,6
java,bytes,message,100,77,fory,1.3.0,31755,22689,133,54444,31491.103763,44074.220988,18367.496878,0,1.0,message,adapted,1,99d1c7fab316,1393,7
java,bytes,message,100,77,dsl-json,2.0.2,54730,47520,158,102250,18271.514709,21043.771044,9779.951100,0,1.0,reflect,native,1,99d1c7fab316,1394,8
java,bytes,message,100,77,fastjson2,2.0.57,34788,30062,158,64850,28745.544441,33264.586521,15420.200463,0,1.0,reflect,adapted,1,99d1c7fab316,1395,9
java,bytes,message,100,77,protobuf,4.28.3,18028,18576,50,36604,55469.270024,53832.902670,27319.418643,0,1.0,message,native,1,99d1c7fab316,1396,10
java,bytes,message,100,77,msgpack,0.9.8,55797,72818,114,128615,17922.110508,13732.868247,7775.142868,0,1.0,reflect,native,1,99d1c7fab316,1397,11
java,bytes,message,100,77,kryo,5.6.2,32301,21614,46,53915,30958.793845,46266.308874,18547.713994,0,1.0,message,native,1,99d1c7fab316,1398,12
java,bytes,message,100,77,jsoniter,0.9.23,22069,18192,150,40261,45312.429199,54969.217238,24837.932490,0,1.0,reflect,adapted,1,99d1c7fab316,1399,13
java,bytes,message,100,77,jackson-smile,2.18.3,42913,41419,119,84332,23302.961806,24143.509018,11857.894986,0,1.0,reflect,native,1,99d1c7fab316,1400,14
java,bytes,message,100,77,hessian,4.0.66,25453,26815,143,52268,39288.099635,37292.560134,19132.164996,0,1.0,message,native,1,99d1c7fab316,1401,15
java,bytes,message,100,77,ion,2.18.3,142227,123621,144,265848,7031.013802,8089.240501,3761.547952,0,1.0,reflect,native,1,99d1c7fab316,1402,16
java,bytes,message,100,77,gson,2.12.1,48797,38059,158,86856,20493.063098,26274.994088,11513.309386,0,1.0,reflect,native,1,99d1c7fab316,1403,17
java,bytes,message,100,78,gson,2.12.1,20986,22249,158,43235,47650.814829,44945.840262,23129.409044,0,1.0,reflect,native,1,99d1c7fab316,1404,0
java,bytes,message,100,78,kryo,5.6.2,34059,18743,46,52802,29360.815056,53353.251881,18938.676565,0,1.0,message,native,1,99d1c7fab316,1405,1
java,bytes,message,100,78,avro,1.12.0,41407,58542,44,99949,24150.505953,17081.753271,10005.102602,0,1.0,schema,native,1,99d1c7fab316,1406,2
java,bytes,message,100,78,jsoniter,0.9.23,23292,14960,150,38252,42933.195947,66844.919786,26142.423926,0,1.0,reflect,adapted,1,99d1c7fab316,1407,3
java,bytes,message,100,78,protostuff,1.8.0,20483,11889,52,32372,48820.973490,84111.363445,30890.893365,0,1.0,schema,native,1,99d1c7fab316,1408,4
java,bytes,message,100,78,jackson-cbor,2.18.3,36036,35526,115,71562,27750.027750,28148.398356,13973.896761,0,1.0,reflect,native,1,99d1c7fab316,1409,5
java,bytes,message,100,78,moshi,1.15.2,36496,35280,158,71776,27400.263043,28344.671202,13932.233616,0,1.0,reflect,native,1,99d1c7fab316,1410,6
java,bytes,message,100,78,jackson-smile,2.18.3,25400,27284,119,52684,39370.078740,36651.517373,18981.094830,0,1.0,reflect,native,1,99d1c7fab316,1411,7
java,bytes,message,100,78,ion,2.18.3,92015,106569,144,198584,10867.793295,9383.591851,5035.652419,0,1.0,reflect,native,1,99d1c7fab316,1412,8
java,bytes,message,100,78,bson,5.3.1,55020,73678,134,128698,18175.209015,13572.572545,7770.128518,0,1.0,message,adapted,1,99d1c7fab316,1413,9
java,bytes,message,100,78,msgpack,0.9.8,56803,54818,114,111621,17604.703977,18242.183224,8958.887665,0,1.0,reflect,native,1,99d1c7fab316,1414,10
java,bytes,message,100,78,protobuf,4.28.3,20247,26743,50,46990,49390.033091,37392.962644,21281.123643,0,1.0,message,native,1,99d1c7fab316,1415,11
java,bytes,message,100,78,fastjson2,2.0.57,58141,56930,158,115071,17199.566571,17565.431231,8690.286866,0,1.0,reflect,adapted,1,99d1c7fab316,1416,12
java,bytes,message,100,78,jackson,2.18.3,82889,107504,158,190393,12064.326992,9301.979461,5252.293939,0,1.0,reflect,native,1,99d1c7fab316,1417,13
java,bytes,message,100,78,dsl-json,2.0.2,107771,85276,158,193047,9278.934036,11726.628829,5180.085679,0,1.0,reflect,native,1,99d1c7fab316,1418,14
java,bytes,message,100,78,hessian,4.0.66,42175,65477,143,107652,23710.729105,15272.538449,9289.191097,0,1.0,message,native,1,99d1c7fab316,1419,15
java,bytes,message,100,78,fory,1.3.0,30140,24133,133,54273,33178.500332,41437.036423,18425.368047,0,1.0,message,adapted,1,99d1c7fab316,1420,16
java,bytes,message,100,78,java-serialization,21.0.11,56324,108363,206,164687,17754.420851,9228.242112,6072.124697,0,1.0,message,native,1,99d1c7fab316,1421,17
java,bytes,message,100,79,jsoniter,0.9.23,19269,15689,150,34958,51896.829104,63738.925362,28605.755478,0,1.0,reflect,adapted,1,99d1c7fab316,1422,0
java,bytes,message,100,79,protostuff,1.8.0,18414,11645,52,30059,54306.505919,85873.765565,33267.906451,0,1.0,schema,native,1,99d1c7fab316,1423,1
java,bytes,message,100,79,kryo,5.6.2,30419,17021,46,47440,32874.190473,58750.954703,21079.258010,0,1.0,message,native,1,99d1c7fab316,1424,2
java,bytes,message,100,79,moshi,1.15.2,54687,39995,158,94682,18285.881471,25003.125391,10561.669589,0,1.0,reflect,native,1,99d1c7fab316,1425,3
java,bytes,message,100,79,jackson-smile,2.18.3,41726,49767,119,91493,23965.872597,20093.636345,10929.797908,0,1.0,reflect,native,1,99d1c7fab316,1426,4
java,bytes,message,100,79,java-serialization,21.0.11,55026,116712,206,171738,18173.227202,8568.099253,5822.823138,0,1.0,message,native,1,99d1c7fab316,1427,5
java,bytes,message,100,79,ion,2.18.3,135443,190678,144,326121,7383.179640,5244.443512,3066.346540,0,1.0,reflect,native,1,99d1c7fab316,1428,6
java,bytes,message,100,79,dsl-json,2.0.2,70446,42807,158,113253,14195.270136,23360.665312,8829.788173,0,1.0,reflect,native,1,99d1c7fab316,1429,7
java,bytes,message,100,79,avro,1.12.0,53544,61266,44,114810,18676.228896,16322.266836,8710.042679,0,1.0,schema,native,1,99d1c7fab316,1430,8
java,bytes,message,100,79,gson,2.12.1,42795,37144,158,79939,23367.215796,26922.248546,12509.538523,0,1.0,reflect,native,1,99d1c7fab316,1431,9
java,bytes,message,100,79,msgpack,0.9.8,126824,65076,114,191900,7884.942913,15366.648227,5211.047421,0,1.0,reflect,native,1,99d1c7fab316,1432,10
java,bytes,message,100,79,fory,1.3.0,34287,28121,133,62408,29165.572958,35560.613065,16023.586720,0,1.0,message,adapted,1,99d1c7fab316,1433,11
java,bytes,message,100,79,hessian,4.0.66,31102,33603,143,64705,32152.273166,29759.247686,15454.756201,0,1.0,message,native,1,99d1c7fab316,1434,12
java,bytes,message,100,79,jackson,2.18.3,52111,141084,158,193195,19189.806375,7087.975958,5176.117394,0,1.0,reflect,native,1,99d1c7fab316,1435,13
java,bytes,message,100,79,bson,5.3.1,49643,59790,134,109433,20143.826924,16725.204884,9138.011386,0,1.0,message,adapted,1,99d1c7fab316,1436,14
java,bytes,message,100,79,jackson-cbor,2.18.3,41059,35982,115,77041,24355.196181,27791.673615,12980.101504,0,1.0,reflect,native,1,99d1c7fab316,1437,15
java,bytes,message,100,79,fastjson2,2.0.57,35762,30463,158,66225,27962.641910,32826.707809,15100.037750,0,1.0,reflect,adapted,1,99d1c7fab316,1438,16
java,bytes,message,100,79,protobuf,4.28.3,15283,17594,50,32877,65432.179546,56837.558258,30416.400523,0,1.0,message,native,1,99d1c7fab316,1439,17
java,bytes,message,100,80,hessian,4.0.66,19539,19413,143,38952,51179.691898,51511.873487,25672.622715,0,1.0,message,native,1,99d1c7fab316,1440,0
java,bytes,message,100,80,kryo,5.6.2,27676,17867,46,45543,36132.389074,55969.105054,21957.271150,0,1.0,message,native,1,99d1c7fab316,1441,1
java,bytes,message,100,80,bson,5.3.1,34400,33173,134,67573,29069.767442,30144.997438,14798.810176,0,1.0,message,adapted,1,99d1c7fab316,1442,2
java,bytes,message,100,80,protobuf,4.28.3,9011,9302,50,18313,110975.474420,107503.762632,54606.017583,0,1.0,message,native,1,99d1c7fab316,1443,3
java,bytes,message,100,80,jackson,2.18.3,37889,45665,158,83554,26392.884478,21898.609438,11968.307921,0,1.0,reflect,native,1,99d1c7fab316,1444,4
java,bytes,message,100,80,avro,1.12.0,32504,43405,44,75909,30765.444253,23038.820412,13173.668471,0,1.0,schema,native,1,99d1c7fab316,1445,5
java,bytes,message,100,80,java-serialization,21.0.11,36698,81336,206,118034,27249.441386,12294.678863,8472.135147,0,1.0,message,native,1,99d1c7fab316,1446,6
java,bytes,message,100,80,jsoniter,0.9.23,18147,16087,150,34234,55105.527084,62161.994157,29210.726179,0,1.0,reflect,adapted,1,99d1c7fab316,1447,7
java,bytes,message,100,80,jackson-cbor,2.18.3,27312,33640,115,60952,36613.942589,29726.516052,16406.352540,0,1.0,reflect,native,1,99d1c7fab316,1448,8
java,bytes,message,100,80,fory,1.3.0,18265,20791,133,39056,54749.520942,48097.734597,25604.260549,0,1.0,message,adapted,1,99d1c7fab316,1449,9
java,bytes,message,100,80,dsl-json,2.0.2,36661,30988,158,67649,27276.942800,32270.556344,14782.184511,0,1.0,reflect,native,1,99d1c7fab316,1450,10
java,bytes,message,100,80,moshi,1.15.2,27379,30781,158,58160,36524.343475,32487.573503,17193.947730,0,1.0,reflect,native,1,99d1c7fab316,1451,11
java,bytes,message,100,80,gson,2.12.1,25716,24981,158,50697,38886.296469,40030.423122,19725.033039,0,1.0,reflect,native,1,99d1c7fab316,1452,12
java,bytes,message,100,80,msgpack,0.9.8,30015,27297,114,57312,33316.674996,36634.062351,17448.352875,0,1.0,reflect,native,1,99d1c7fab316,1453,13
java,bytes,message,100,80,fastjson2,2.0.57,22861,20150,158,43011,43742.618433,49627.791563,23249.866313,0,1.0,reflect,adapted,1,99d1c7fab316,1454,14
java,bytes,message,100,80,jackson-smile,2.18.3,22288,23515,119,45803,44867.193108,42526.047204,21832.631050,0,1.0,reflect,native,1,99d1c7fab316,1455,15
java,bytes,message,100,80,ion,2.18.3,78988,81211,144,160199,12660.150909,12313.602837,6242.236219,0,1.0,reflect,native,1,99d1c7fab316,1456,16
java,bytes,message,100,80,protostuff,1.8.0,17784,11509,52,29293,56230.319388,86888.522026,34137.848633,0,1.0,schema,native,1,99d1c7fab316,1457,17
java,bytes,message,100,81,jackson-smile,2.18.3,18437,18509,119,36946,54238.759017,54027.770274,27066.529530,0,1.0,reflect,native,1,99d1c7fab316,1458,0
java,bytes,message,100,81,moshi,1.15.2,19650,21576,158,41226,50890.585242,46347.793845,24256.537137,0,1.0,reflect,native,1,99d1c7fab316,1459,1
java,bytes,message,100,81,jackson,2.18.3,21916,37362,158,59278,45628.764373,26765.162465,16869.664968,0,1.0,reflect,native,1,99d1c7fab316,1460,2
java,bytes,message,100,81,jackson-cbor,2.18.3,16317,22261,115,38578,61285.775571,44921.611787,25921.509669,0,1.0,reflect,native,1,99d1c7fab316,1461,3
java,bytes,message,100,81,protobuf,4.28.3,10729,10877,50,21606,93205.331345,91937.115013,46283.439785,0,1.0,message,native,1,99d1c7fab316,1462,4
java,bytes,message,100,81,kryo,5.6.2,23985,14633,46,38618,41692.724620,68338.686530,25894.660521,0,1.0,message,native,1,99d1c7fab316,1463,5
java,bytes,message,100,81,bson,5.3.1,31044,30388,134,61432,32212.343770,32907.726734,16278.161219,0,1.0,message,adapted,1,99d1c7fab316,1464,6
java,bytes,message,100,81,msgpack,0.9.8,23889,21285,114,45174,41860.270417,46981.442330,22136.627263,0,1.0,reflect,native,1,99d1c7fab316,1465,7
java,bytes,message,100,81,ion,2.18.3,62822,67461,144,130283,15917.990513,14823.379434,7675.598505,0,1.0,reflect,native,1,99d1c7fab316,1466,8
java,bytes,message,100,81,java-serialization,21.0.11,32605,63069,206,95674,30670.142616,15855.650161,10452.160462,0,1.0,message,native,1,99d1c7fab316,1467,9
java,bytes,message,100,81,hessian,4.0.66,16564,16898,143,33462,60371.890848,59178.601018,29884.645269,0,1.0,message,native,1,99d1c7fab316,1468,10
java,bytes,message,100,81,protostuff,1.8.0,12408,9132,52,21540,80593.165700,109505.037232,46425.255339,0,1.0,schema,native,1,99d1c7fab316,1469,11
java,bytes,message,100,81,gson,2.12.1,22372,22451,158,44823,44698.730556,44541.445815,22309.974790,0,1.0,reflect,native,1,99d1c7fab316,1470,12
java,bytes,message,100,81,dsl-json,2.0.2,34752,28587,158,63339,28775.322284,34980.935390,15788.061068,0,1.0,reflect,native,1,99d1c7fab316,1471,13
java,bytes,message,100,81,jsoniter,0.9.23,14148,13004,150,27152,70681.368391,76899.415564,36829.699470,0,1.0,reflect,adapted,1,99d1c7fab316,1472,14
java,bytes,message,100,81,avro,1.12.0,29670,43436,44,73106,33704.078193,23022.377751,13678.767817,0,1.0,schema,native,1,99d1c7fab316,1473,15
java,bytes,message,100,81,fory,1.3.0,16194,15867,133,32061,61751.265901,63023.886053,31190.543027,0,1.0,message,adapted,1,99d1c7fab316,1474,16
java,bytes,message,100,81,fastjson2,2.0.57,21961,20341,158,42302,45535.267064,49161.791456,23639.544230,0,1.0,reflect,adapted,1,99d1c7fab316,1475,17
java,bytes,message,100,82,kryo,5.6.2,19100,18102,46,37202,52356.020942,55242.514639,26880.275254,0,1.0,message,native,1,99d1c7fab316,1476,0
java,bytes,message,100,82,gson,2.12.1,20647,21832,158,42479,48433.186419,45804.323928,23541.043810,0,1.0,reflect,native,1,99d1c7fab316,1477,1
java,bytes,message,100,82,ion,2.18.3,60944,65561,144,126505,16408.506170,15252.970516,7904.825896,0,1.0,reflect,native,1,99d1c7fab316,1478,2
java,bytes,message,100,82,jackson-smile,2.18.3,18915,20968,119,39883,52868.094105,47691.720717,25073.339518,0,1.0,reflect,native,1,99d1c7fab316,1479,3
java,bytes,message,100,82,avro,1.12.0,32456,29848,44,62304,30810.944047,33503.082284,16050.333847,0,1.0,schema,native,1,99d1c7fab316,1480,4
java,bytes,message,100,82,hessian,4.0.66,16128,16694,143,32822,62003.968254,59901.761112,30467.369447,0,1.0,message,native,1,99d1c7fab316,1481,5
java,bytes,message,100,82,fastjson2,2.0.57,19726,19083,158,38809,50694.514853,52402.662055,25767.218944,0,1.0,reflect,adapted,1,99d1c7fab316,1482,6
java,bytes,message,100,82,moshi,1.15.2,23257,26296,158,49553,42997.807112,38028.597505,20180.412891,0,1.0,reflect,native,1,99d1c7fab316,1483,7
java,bytes,message,100,82,protobuf,4.28.3,10659,11263,50,21922,93817.431279,88786.291397,45616.275887,0,1.0,message,native,1,99d1c7fab316,1484,8
java,bytes,message,100,82,jackson-cbor,2.18.3,20251,22734,115,42985,49380.277517,43986.979854,23263.929278,0,1.0,reflect,native,1,99d1c7fab316,1485,9
java,bytes,message,100,82,jackson,2.18.3,22026,37424,158,59450,45400.889857,26720.820864,16820.857864,0,1.0,reflect,native,1,99d1c7fab316,1486,10
java,bytes,message,100,82,fory,1.3.0,23363,14596,133,37959,42802.722253,68511.921074,26344.213494,0,1.0,message,adapted,1,99d1c7fab316,1487,11
java,bytes,message,100,82,protostuff,1.8.0,14169,9994,52,24163,70576.610911,100060.036022,41385.589538,0,1.0,schema,native,1,99d1c7fab316,1488,12
java,bytes,message,100,82,java-serialization,21.0.11,38733,68783,206,107516,25817.778122,14538.476077,9300.941255,0,1.0,message,native,1,99d1c7fab316,1489,13
java,bytes,message,100,82,jsoniter,0.9.23,15064,14622,150,29686,66383.430696,68390.097114,33685.912551,0,1.0,reflect,adapted,1,99d1c7fab316,1490,14
java,bytes,message,100,82,bson,5.3.1,37343,39178,134,76521,26778.780494,25524.529072,13068.308046,0,1.0,message,adapted,1,99d1c7fab316,1491,15
java,bytes,message,100,82,dsl-json,2.0.2,40323,32522,158,72845,24799.742083,30748.416457,13727.778159,0,1.0,reflect,native,1,99d1c7fab316,1492,16
java,bytes,message,100,82,msgpack,0.9.8,40178,29132,114,69310,24889.242869,34326.513799,14427.932477,0,1.0,reflect,native,1,99d1c7fab316,1493,17
java,bytes,message,100,83,kryo,5.6.2,20651,14022,46,34673,48423.805143,71316.502639,28840.884838,0,1.0,message,native,1,99d1c7fab316,1494,0
java,bytes,message,100,83,bson,5.3.1,28320,28730,134,57050,35310.734463,34806.822137,17528.483786,0,1.0,message,adapted,1,99d1c7fab316,1495,1
java,bytes,message,100,83,moshi,1.15.2,23838,26425,158,50263,41949.828006,37842.951750,19895.350457,0,1.0,reflect,native,1,99d1c7fab316,1496,2
java,bytes,message,100,83,fory,1.3.0,22998,13829,133,36827,43482.041917,72311.808518,27153.990279,0,1.0,message,adapted,1,99d1c7fab316,1497,3
java,bytes,message,100,83,hessian,4.0.66,17885,18267,143,36152,55912.776069,54743.526578,27660.986944,0,1.0,message,native,1,99d1c7fab316,1498,4
java,bytes,message,100,83,jackson-cbor,2.18.3,22906,25685,115,48591,43656.683838,38933.229511,20579.942788,0,1.0,reflect,native,1,99d1c7fab316,1499,5
java,bytes,message,100,83,gson,2.12.1,22750,22662,158,45412,43956.043956,44126.731974,22020.611292,0,1.0,reflect,native,1,99d1c7fab316,1500,6
java,bytes,message,100,83,protobuf,4.28.3,10601,11253,50,21854,94330.723517,88865.191504,45758.213599,0,1.0,message,native,1,99d1c7fab316,1501,7
java,bytes,message,100,83,avro,1.12.0,23825,30654,44,54479,41972.717733,32622.170027,18355.696690,0,1.0,schema,native,1,99d1c7fab316,1502,8
java,bytes,message,100,83,jsoniter,0.9.23,13644,14189,150,27833,73292.289651,70477.130171,35928.573995,0,1.0,reflect,adapted,1,99d1c7fab316,1503,9
java,bytes,message,100,83,java-serialization,21.0.11,37977,61238,206,99215,26331.727098,16329.729906,10079.121101,0,1.0,message,native,1,99d1c7fab316,1504,10
java,bytes,message,100,83,fastjson2,2.0.57,21760,19531,158,41291,45955.882353,51200.655368,24218.352668,0,1.0,reflect,adapted,1,99d1c7fab316,1505,11
java,bytes,message,100,83,ion,2.18.3,71256,83393,144,154649,14033.905917,11991.414147,6466.255844,0,1.0,reflect,native,1,99d1c7fab316,1506,12
java,bytes,message,100,83,jackson,2.18.3,24784,28614,158,53398,40348.612008,34947.927588,18727.293157,0,1.0,reflect,native,1,99d1c7fab316,1507,13
java,bytes,message,100,83,msgpack,0.9.8,29508,20441,114,49949,33889.114816,48921.285651,20020.420829,0,1.0,reflect,native,1,99d1c7fab316,1508,14
java,bytes,message,100,83,dsl-json,2.0.2,35344,30151,158,65495,28293.345405,33166.395808,15268.341095,0,1.0,reflect,native,1,99d1c7fab316,1509,15
java,bytes,message,100,83,jackson-smile,2.18.3,19694,21586,119,41280,50776.886361,46326.322617,24224.806202,0,1.0,reflect,native,1,99d1c7fab316,1510,16
java,bytes,message,100,83,protostuff,1.8.0,13754,8941,52,22695,72706.121855,111844.312717,44062.568848,0,1.0,schema,native,1,99d1c7fab316,1511,17
java,bytes,message,100,84,protobuf,4.28.3,8611,9668,50,18279,116130.530717,103434.009102,54707.587942,0,1.0,message,native,1,99d1c7fab316,1512,0
java,bytes,message,100,84,moshi,1.15.2,20282,24636,158,44918,49304.802288,40591.005033,22262.789973,0,1.0,reflect,native,1,99d1c7fab316,1513,1
java,bytes,message,100,84,ion,2.18.3,273040,79340,144,352380,3662.467038,12603.982859,2837.845508,0,1.0,reflect,native,1,99d1c7fab316,1514,2
java,bytes,message,100,84,jackson-smile,2.18.3,20174,19697,119,39871,49568.751859,50769.152663,25080.885857,0,1.0,reflect,native,1,99d1c7fab316,1515,3
java,bytes,message,100,84,hessian,4.0.66,18023,24506,143,42529,55484.658492,40806.333143,23513.367349,0,1.0,message,native,1,99d1c7fab316,1516,4
java,bytes,message,100,84,gson,2.12.1,23765,23643,158,47408,42078.687145,42295.816944,21093.486331,0,1.0,reflect,native,1,99d1c7fab316,1517,5
java,bytes,message,100,84,bson,5.3.1,50079,33050,134,83129,19968.449849,30257.186082,12029.496325,0,1.0,message,adapted,1,99d1c7fab316,1518,6
java,bytes,message,100,84,java-serialization,21.0.11,40587,71400,206,111987,24638.431025,14005.602241,8929.607901,0,1.0,message,native,1,99d1c7fab316,1519,7
java,bytes,message,100,84,jackson-cbor,2.18.3,24230,32757,115,56987,41271.151465,30527.826114,17547.861793,0,1.0,reflect,native,1,99d1c7fab316,1520,8
java,bytes,message,100,84,fory,1.3.0,18587,15323,133,33910,53801.043740,65261.371794,29489.826010,0,1.0,message,adapted,1,99d1c7fab316,1521,9
java,bytes,message,100,84,jsoniter,0.9.23,17918,13674,150,31592,55809.800201,73131.490420,31653.583186,0,1.0,reflect,adapted,1,99d1c7fab316,1522,10
java,bytes,message,100,84,fastjson2,2.0.57,23920,22462,158,46382,41806.020067,44519.633158,21560.087965,0,1.0,reflect,adapted,1,99d1c7fab316,1523,11
java,bytes,message,100,84,jackson,2.18.3,23217,87817,158,111034,43071.886979,11387.316807,9006.250338,0,1.0,reflect,native,1,99d1c7fab316,1524,12
java,bytes,message,100,84,msgpack,0.9.8,28399,35681,114,64080,35212.507483,28026.120344,15605.493134,0,1.0,reflect,native,1,99d1c7fab316,1525,13
java,bytes,message,100,84,dsl-json,2.0.2,36036,32089,158,68125,27750.027750,31163.326997,14678.899083,0,1.0,reflect,native,1,99d1c7fab316,1526,14
java,bytes,message,100,84,kryo,5.6.2,26951,16459,46,43410,37104.374606,60757.032627,23036.166782,0,1.0,message,native,1,99d1c7fab316,1527,15
java,bytes,message,100,84,protostuff,1.8.0,14363,9001,52,23364,69623.337743,111098.766804,42800.890259,0,1.0,schema,native,1,99d1c7fab316,1528,16
java,bytes,message,100,84,avro,1.12.0,29531,44061,44,73592,33862.720531,22695.808084,13588.433525,0,1.0,schema,native,1,99d1c7fab316,1529,17
java,bytes,message,100,85,avro,1.12.0,15338,44427,44,59765,65197.548572,22508.834718,16732.201121,0,1.0,schema,native,1,99d1c7fab316,1530,0
java,bytes,message,100,85,java-serialization,21.0.11,83947,71889,206,155836,11912.277985,13910.333987,6417.002490,0,1.0,message,native,1,99d1c7fab316,1531,1
java,bytes,message,100,85,jackson-smile,2.18.3,25734,34202,119,59936,38859.096915,29238.056254,16684.463428,0,1.0,reflect,native,1,99d1c7fab316,1532,2
java,bytes,message,100,85,jackson,2.18.3,25878,29142,158,55020,38642.862663,34314.734747,18175.209015,0,1.0,reflect,native,1,99d1c7fab316,1533,3
java,bytes,message,100,85,fory,1.3.0,17226,15612,133,32838,58051.782190,64053.292339,30452.524514,0,1.0,message,adapted,1,99d1c7fab316,1534,4
java,bytes,message,100,85,dsl-json,2.0.2,56511,30764,158,87275,17695.669870,32505.525939,11458.034947,0,1.0,reflect,native,1,99d1c7fab316,1535,5
java,bytes,message,100,85,kryo,5.6.2,25257,18655,46,43912,39592.984123,53604.931654,22772.818364,0,1.0,message,native,1,99d1c7fab316,1536,6
java,bytes,message,100,85,jsoniter,0.9.23,15329,13148,150,28477,65235.827516,76057.195011,35116.058574,0,1.0,reflect,adapted,1,99d1c7fab316,1537,7
java,bytes,message,100,85,msgpack,0.9.8,27083,25660,114,52743,36923.531367,38971.161341,18959.861972,0,1.0,reflect,native,1,99d1c7fab316,1538,8
java,bytes,message,100,85,protostuff,1.8.0,13351,8444,52,21795,74900.756498,118427.285647,45882.083047,0,1.0,schema,native,1,99d1c7fab316,1539,9
java,bytes,message,100,85,hessian,4.0.66,57620,46481,143,104101,17355.085040,21514.167079,9606.055657,0,1.0,message,native,1,99d1c7fab316,1540,10
java,bytes,message,100,85,moshi,1.15.2,31542,34090,158,65632,31703.760066,29334.115576,15236.470015,0,1.0,reflect,native,1,99d1c7fab316,1541,11
java,bytes,message,100,85,ion,2.18.3,97125,91251,144,188376,10296.010296,10958.784013,5308.531872,0,1.0,reflect,native,1,99d1c7fab316,1542,12
java,bytes,message,100,85,jackson-cbor,2.18.3,21952,29068,115,51020,45553.935860,34402.091647,19600.156801,0,1.0,reflect,native,1,99d1c7fab316,1543,13
java,bytes,message,100,85,fastjson2,2.0.57,29078,24468,158,53546,34390.260678,40869.707373,18675.531319,0,1.0,reflect,adapted,1,99d1c7fab316,1544,14
java,bytes,message,100,85,protobuf,4.28.3,14547,14639,50,29186,68742.696089,68310.676959,34263.002810,0,1.0,message,native,1,99d1c7fab316,1545,15
java,bytes,message,100,85,gson,2.12.1,29830,27694,158,57524,33523.298693,36108.904456,17384.048397,0,1.0,reflect,native,1,99d1c7fab316,1546,16
java,bytes,message,100,85,bson,5.3.1,35095,37410,134,72505,28494.087477,26730.820636,13792.152265,0,1.0,message,adapted,1,99d1c7fab316,1547,17
java,bytes,message,100,86,protobuf,4.28.3,11046,11048,50,22094,90530.508781,90514.120203,45261.156875,0,1.0,message,native,1,99d1c7fab316,1548,0
java,bytes,message,100,86,moshi,1.15.2,36751,28521,158,65272,27210.143942,35061.884226,15320.504964,0,1.0,reflect,native,1,99d1c7fab316,1549,1
java,bytes,message,100,86,msgpack,0.9.8,25934,23803,114,49737,38559.420066,42011.511154,20105.756278,0,1.0,reflect,native,1,99d1c7fab316,1550,2
java,bytes,message,100,86,fastjson2,2.0.57,23593,22173,158,45766,42385.453312,45099.896270,21850.281869,0,1.0,reflect,adapted,1,99d1c7fab316,1551,3
java,bytes,message,100,86,java-serialization,21.0.11,67825,84095,206,151920,14743.826023,11891.313396,6582.411796,0,1.0,message,native,1,99d1c7fab316,1552,4
java,bytes,message,100,86,fory,1.3.0,16330,19371,133,35701,61236.987140,51623.560993,28010.419876,0,1.0,message,adapted,1,99d1c7fab316,1553,5
java,bytes,message,100,86,bson,5.3.1,27943,29533,134,57476,35787.138103,33860.427319,17398.566358,0,1.0,message,adapted,1,99d1c7fab316,1554,6
java,bytes,message,100,86,kryo,5.6.2,25119,15376,46,40495,39810.502010,65036.420395,24694.406717,0,1.0,message,native,1,99d1c7fab316,1555,7
java,bytes,message,100,86,jackson-smile,2.18.3,23502,24270,119,47772,42549.570249,41203.131438,20932.763962,0,1.0,reflect,native,1,99d1c7fab316,1556,8
java,bytes,message,100,86,jackson,2.18.3,23023,33907,158,56930,43434.826044,29492.435190,17565.431231,0,1.0,reflect,native,1,99d1c7fab316,1557,9
java,bytes,message,100,86,avro,1.12.0,39909,44253,44,84162,25057.004686,22597.338034,11881.846914,0,1.0,schema,native,1,99d1c7fab316,1558,10
java,bytes,message,100,86,jackson-cbor,2.18.3,20452,21438,115,41890,48894.973597,46646.142364,23872.045834,0,1.0,reflect,native,1,99d1c7fab316,1559,11
java,bytes,message,100,86,jsoniter,0.9.23,13678,13435,150,27113,73110.103816,74432.452549,36882.676207,0,1.0,reflect,adapted,1,99d1c7fab316,1560,12
java,bytes,message,100,86,ion,2.18.3,77982,71669,144,149651,12823.472083,13953.034087,6682.213951,0,1.0,reflect,native,1,99d1c7fab316,1561,13
java,bytes,message,100,86,dsl-json,2.0.2,32516,27550,158,60066,30754.090294,36297.640653,16648.353478,0,1.0,reflect,native,1,99d1c7fab316,1562,14
java,bytes,message,100,86,gson,2.12.1,23356,21968,158,45324,42815.550608,45520.757465,22063.365987,0,1.0,reflect,native,1,99d1c7fab316,1563,15
java,bytes,message,100,86,hessian,4.0.66,21140,29473,143,50613,47303.689688,33929.359074,19757.769743,0,1.0,message,native,1,99d1c7fab316,1564,16
java,bytes,message,100,86,protostuff,1.8.0,11974,7470,52,19444,83514.280942,133868.808568,51429.746966,0,1.0,schema,native,1,99d1c7fab316,1565,17
java,bytes,message,100,87,dsl-json,2.0.2,23924,22342,158,46266,41799.030262,44758.750336,21614.144296,0,1.0,reflect,native,1,99d1c7fab316,1566,0
java,bytes,message,100,87,java-serialization,21.0.11,22919,50094,206,73013,43631.921113,19962.470555,13696.191089,0,1.0,message,native,1,99d1c7fab316,1567,1
java,bytes,message,100,87,bson,5.3.1,23772,24693,134,48465,42066.296483,40497.306929,20633.446817,0,1.0,message,adapted,1,99d1c7fab316,1568,2
java,bytes,message,100,87,gson,2.12.1,17442,19937,158,37379,57332.874670,50157.997693,26752.989647,0,1.0,reflect,native,1,99d1c7fab316,1569,3
java,bytes,message,100,87,protobuf,4.28.3,10475,10870,50,21345,95465.393795,91996.320147,46849.379246,0,1.0,message,native,1,99d1c7fab316,1570,4
java,bytes,message,100,87,fastjson2,2.0.57,20959,18878,158,39837,47712.200010,52971.713105,25102.291839,0,1.0,reflect,adapted,1,99d1c7fab316,1571,5
java,bytes,message,100,87,msgpack,0.9.8,22505,22047,114,44552,44434.570096,45357.645031,22445.681451,0,1.0,reflect,native,1,99d1c7fab316,1572,6
java,bytes,message,100,87,jackson,2.18.3,20260,27463,158,47723,49358.341560,36412.627899,20954.256857,0,1.0,reflect,native,1,99d1c7fab316,1573,7
java,bytes,message,100,87,ion,2.18.3,51210,58359,144,109569,19527.436048,17135.317603,9126.669040,0,1.0,reflect,native,1,99d1c7fab316,1574,8
java,bytes,message,100,87,moshi,1.15.2,35410,33306,158,68716,28240.609997,30024.620189,14552.651493,0,1.0,reflect,native,1,99d1c7fab316,1575,9
java,bytes,message,100,87,jsoniter,0.9.23,11987,10670,150,22657,83423.709018,93720.712277,44136.469965,0,1.0,reflect,adapted,1,99d1c7fab316,1576,10
java,bytes,message,100,87,protostuff,1.8.0,10952,7260,52,18212,91307.523740,137741.046832,54908.851307,0,1.0,schema,native,1,99d1c7fab316,1577,11
java,bytes,message,100,87,jackson-cbor,2.18.3,17577,19011,115,36588,56892.530011,52601.125664,27331.365475,0,1.0,reflect,native,1,99d1c7fab316,1578,12
java,bytes,message,100,87,kryo,5.6.2,17414,33619,46,51033,57425.060296,29745.084625,19595.163914,0,1.0,message,native,1,99d1c7fab316,1579,13
java,bytes,message,100,87,fory,1.3.0,12792,12599,133,25391,78173.858662,79371.378681,39384.033713,0,1.0,message,adapted,1,99d1c7fab316,1580,14
java,bytes,message,100,87,avro,1.12.0,17933,24770,44,42703,55763.118274,40371.417037,23417.558485,0,1.0,schema,native,1,99d1c7fab316,1581,15
java,bytes,message,100,87,hessian,4.0.66,13330,15985,143,29315,75018.754689,62558.648733,34112.229234,0,1.0,message,native,1,99d1c7fab316,1582,16
java,bytes,message,100,87,jackson-smile,2.18.3,18727,19837,119,38564,53398.835905,50410.848415,25930.920029,0,1.0,reflect,native,1,99d1c7fab316,1583,17
java,bytes,message,100,88,jackson-smile,2.18.3,13448,13017,119,26465,74360.499703,76822.616578,37785.754770,0,1.0,reflect,native,1,99d1c7fab316,1584,0
java,bytes,message,100,88,fastjson2,2.0.57,18461,17913,158,36374,54168.246574,55825.378217,27492.164733,0,1.0,reflect,adapted,1,99d1c7fab316,1585,1
java,bytes,message,100,88,protostuff,1.8.0,9412,6967,52,16379,106247.343816,143533.802210,61053.788388,0,1.0,schema,native,1,99d1c7fab316,1586,2
java,bytes,message,100,88,msgpack,0.9.8,20232,18736,114,38968,49426.650850,53373.185312,25662.081708,0,1.0,reflect,native,1,99d1c7fab316,1587,3
java,bytes,message,100,88,jackson-cbor,2.18.3,15004,16823,115,31827,66648.893628,59442.430007,31419.863638,0,1.0,reflect,native,1,99d1c7fab316,1588,4
java,bytes,message,100,88,jackson,2.18.3,18202,22600,158,40802,54939.017690,44247.787611,24508.602519,0,1.0,reflect,native,1,99d1c7fab316,1589,5
java,bytes,message,100,88,avro,1.12.0,17529,23423,44,40952,57048.319927,42693.079452,24418.831803,0,1.0,schema,native,1,99d1c7fab316,1590,6
java,bytes,message,100,88,protobuf,4.28.3,10748,10213,50,20961,93040.565687,97914.422794,47707.647536,0,1.0,message,native,1,99d1c7fab316,1591,7
java,bytes,message,100,88,kryo,5.6.2,16320,12066,46,28386,61274.509804,82877.507045,35228.633834,0,1.0,message,native,1,99d1c7fab316,1592,8
java,bytes,message,100,88,ion,2.18.3,54115,67068,144,121183,18479.164742,14910.240353,8251.982539,0,1.0,reflect,native,1,99d1c7fab316,1593,9
java,bytes,message,100,88,moshi,1.15.2,18527,22282,158,40809,53975.279322,44879.274751,24504.398540,0,1.0,reflect,native,1,99d1c7fab316,1594,10
java,bytes,message,100,88,jsoniter,0.9.23,11665,10382,150,22047,85726.532362,96320.554806,45357.645031,0,1.0,reflect,adapted,1,99d1c7fab316,1595,11
java,bytes,message,100,88,fory,1.3.0,12548,12791,133,25339,79693.975135,78179.970292,39464.856545,0,1.0,message,adapted,1,99d1c7fab316,1596,12
java,bytes,message,100,88,bson,5.3.1,23750,25376,134,49126,42105.263158,39407.313997,20355.819729,0,1.0,message,adapted,1,99d1c7fab316,1597,13
java,bytes,message,100,88,gson,2.12.1,18697,20388,158,39085,53484.516233,49048.459878,25585.262889,0,1.0,reflect,native,1,99d1c7fab316,1598,14
java,bytes,message,100,88,dsl-json,2.0.2,28490,25896,158,54386,35100.035100,38616.002471,18387.084912,0,1.0,reflect,native,1,99d1c7fab316,1599,15
java,bytes,message,100,88,hessian,4.0.66,14486,15460,143,29946,69032.168991,64683.053040,33393.441528,0,1.0,message,native,1,99d1c7fab316,1600,16
java,bytes,message,100,88,java-serialization,21.0.11,24505,55037,206,79542,40807.998368,18169.595000,12571.974554,0,1.0,message,native,1,99d1c7fab316,1601,17
java,bytes,message,100,89,jsoniter,0.9.23,15005,11828,150,26833,66644.451849,84545.147109,37267.543696,0,1.0,reflect,adapted,1,99d1c7fab316,1602,0
java,bytes,message,100,89,jackson-smile,2.18.3,20801,21715,119,42516,48074.611798,46051.116740,23520.556967,0,1.0,reflect,native,1,99d1c7fab316,1603,1
java,bytes,message,100,89,protobuf,4.28.3,11518,9409,50,20927,86820.628581,106281.220108,47785.157930,0,1.0,message,native,1,99d1c7fab316,1604,2
java,bytes,message,100,89,ion,2.18.3,52502,60592,144,113094,19046.893452,16503.828888,8842.202062,0,1.0,reflect,native,1,99d1c7fab316,1605,3
java,bytes,message,100,89,bson,5.3.1,23540,25098,134,48638,42480.883602,39843.812256,20560.055923,0,1.0,message,adapted,1,99d1c7fab316,1606,4
java,bytes,message,100,89,kryo,5.6.2,19981,13013,46,32994,50047.545168,76846.230692,30308.540947,0,1.0,message,native,1,99d1c7fab316,1607,5
java,bytes,message,100,89,jackson-cbor,2.18.3,20011,21179,115,41190,49972.515117,47216.582464,24277.737315,0,1.0,reflect,native,1,99d1c7fab316,1608,6
java,bytes,message,100,89,gson,2.12.1,23624,19756,158,43380,42329.834067,50617.533914,23052.097741,0,1.0,reflect,native,1,99d1c7fab316,1609,7
java,bytes,message,100,89,fory,1.3.0,13041,12409,133,25450,76681.236102,80586.670965,39292.730845,0,1.0,message,adapted,1,99d1c7fab316,1610,8
java,bytes,message,100,89,fastjson2,2.0.57,20283,19088,158,39371,49302.371444,52388.935457,25399.405654,0,1.0,reflect,adapted,1,99d1c7fab316,1611,9
java,bytes,message,100,89,jackson,2.18.3,22583,27551,158,50134,44281.096400,36296.323182,19946.543264,0,1.0,reflect,native,1,99d1c7fab316,1612,10
java,bytes,message,100,89,avro,1.12.0,20956,26488,44,47444,47719.030349,37752.944730,21077.480819,0,1.0,schema,native,1,99d1c7fab316,1613,11
java,bytes,message,100,89,protostuff,1.8.0,13159,7644,52,20803,75993.616536,130821.559393,48069.989905,0,1.0,schema,native,1,99d1c7fab316,1614,12
java,bytes,message,100,89,hessian,4.0.66,13518,14353,143,27871,73975.440154,69671.845607,35879.588102,0,1.0,message,native,1,99d1c7fab316,1615,13
java,bytes,message,100,89,java-serialization,21.0.11,22306,53145,206,75451,44830.987178,18816.445573,13253.634809,0,1.0,message,native,1,99d1c7fab316,1616,14
java,bytes,message,100,89,dsl-json,2.0.2,30666,27041,158,57707,32609.404552,36980.880885,17328.920235,0,1.0,reflect,native,1,99d1c7fab316,1617,15
java,bytes,message,100,89,msgpack,0.9.8,25602,23431,114,49033,39059.448481,42678.502838,20394.428242,0,1.0,reflect,native,1,99d1c7fab316,1618,16
java,bytes,message,100,89,moshi,1.15.2,20999,38017,158,59016,47621.315301,26304.021885,16944.557408,0,1.0,reflect,native,1,99d1c7fab316,1619,17
java,bytes,message,100,90,java-serialization,21.0.11,21622,46634,206,68256,46249.190639,21443.581936,14650.726676,0,1.0,message,native,1,99d1c7fab316,1620,0
java,bytes,message,100,90,gson,2.12.1,18667,20623,158,39290,53570.471956,48489.550502,25451.768898,0,1.0,reflect,native,1,99d1c7fab316,1621,1
java,bytes,message,100,90,msgpack,0.9.8,22543,20129,114,42672,44359.668190,49679.566794,23434.570679,0,1.0,reflect,native,1,99d1c7fab316,1622,2
java,bytes,message,100,90,protobuf,4.28.3,9838,10575,50,20413,101646.676154,94562.647754,48988.389752,0,1.0,message,native,1,99d1c7fab316,1623,3
java,bytes,message,100,90,jackson-smile,2.18.3,17507,18650,119,36157,57120.009139,53619.302949,27657.161822,0,1.0,reflect,native,1,99d1c7fab316,1624,4
java,bytes,message,100,90,hessian,4.0.66,13418,14085,143,27503,74526.755105,70997.515087,36359.669854,0,1.0,message,native,1,99d1c7fab316,1625,5
java,bytes,message,100,90,jackson-cbor,2.18.3,16517,18329,115,34846,60543.682267,54558.350155,28697.698445,0,1.0,reflect,native,1,99d1c7fab316,1626,6
java,bytes,message,100,90,fastjson2,2.0.57,20446,18540,158,38986,48909.322117,53937.432578,25650.233417,0,1.0,reflect,adapted,1,99d1c7fab316,1627,7
java,bytes,message,100,90,dsl-json,2.0.2,30552,31348,158,61900,32731.081435,31899.961720,16155.088853,0,1.0,reflect,native,1,99d1c7fab316,1628,8
java,bytes,message,100,90,kryo,5.6.2,25238,12681,46,37919,39622.791029,78858.134217,26372.003481,0,1.0,message,native,1,99d1c7fab316,1629,9
java,bytes,message,100,90,moshi,1.15.2,20462,23806,158,44268,48871.078096,42006.216920,22589.681034,0,1.0,reflect,native,1,99d1c7fab316,1630,10
java,bytes,message,100,90,avro,1.12.0,20522,24961,44,45483,48728.194133,40062.497496,21986.236616,0,1.0,schema,native,1,99d1c7fab316,1631,11
java,bytes,message,100,90,jackson,2.18.3,22717,32604,158,55321,44019.896993,30671.083303,18076.318216,0,1.0,reflect,native,1,99d1c7fab316,1632,12
java,bytes,message,100,90,jsoniter,0.9.23,19236,13356,150,32592,51985.859846,74872.716382,30682.376043,0,1.0,reflect,adapted,1,99d1c7fab316,1633,13
java,bytes,message,100,90,fory,1.3.0,15399,13659,133,29058,64939.281772,73211.801742,34413.930759,0,1.0,message,adapted,1,99d1c7fab316,1634,14
java,bytes,message,100,90,bson,5.3.1,31954,32502,134,64456,31294.986543,30767.337395,15514.459476,0,1.0,message,adapted,1,99d1c7fab316,1635,15
java,bytes,message,100,90,protostuff,1.8.0,17143,7570,52,24713,58332.847226,132100.396301,40464.532837,0,1.0,schema,native,1,99d1c7fab316,1636,16
java,bytes,message,100,90,ion,2.18.3,63350,68550,144,131900,15785.319653,14587.892050,7581.501137,0,1.0,reflect,native,1,99d1c7fab316,1637,17
java,bytes,message,100,91,hessian,4.0.66,13200,14268,143,27468,75757.575758,70086.907766,36405.999709,0,1.0,message,native,1,99d1c7fab316,1638,0
java,bytes,message,100,91,fory,1.3.0,12872,12154,133,25026,77688.004972,82277.439526,39958.443219,0,1.0,message,adapted,1,99d1c7fab316,1639,1
java,bytes,message,100,91,protostuff,1.8.0,10130,7283,52,17413,98716.683119,137306.055197,57428.358123,0,1.0,schema,native,1,99d1c7fab316,1640,2
java,bytes,message,100,91,dsl-json,2.0.2,28782,25049,158,53831,34743.937183,39921.753363,18576.656573,0,1.0,reflect,native,1,99d1c7fab316,1641,3
java,bytes,message,100,91,fastjson2,2.0.57,18472,17591,158,36063,54135.989606,56847.251435,27729.251587,0,1.0,reflect,adapted,1,99d1c7fab316,1642,4
java,bytes,message,100,91,jsoniter,0.9.23,10570,10519,150,21089,94607.379376,95066.070919,47418.085258,0,1.0,reflect,adapted,1,99d1c7fab316,1643,5
java,bytes,message,100,91,jackson-smile,2.18.3,19780,20306,119,40086,50556.117290,49246.528120,24946.365315,0,1.0,reflect,native,1,99d1c7fab316,1644,6
java,bytes,message,100,91,protobuf,4.28.3,15588,10213,50,25801,64151.911727,97914.422794,38758.187667,0,1.0,message,native,1,99d1c7fab316,1645,7
java,bytes,message,100,91,jackson,2.18.3,19487,23339,158,42826,51316.262123,42846.737221,23350.301219,0,1.0,reflect,native,1,99d1c7fab316,1646,8
java,bytes,message,100,91,ion,2.18.3,74023,56685,144,130708,13509.314672,17641.351328,7650.641124,0,1.0,reflect,native,1,99d1c7fab316,1647,9
java,bytes,message,100,91,msgpack,0.9.8,22822,20492,114,43314,43817.369205,48799.531524,23087.223530,0,1.0,reflect,native,1,99d1c7fab316,1648,10
java,bytes,message,100,91,kryo,5.6.2,16864,12624,46,29488,59297.912713,79214.195184,33912.099837,0,1.0,message,native,1,99d1c7fab316,1649,11
java,bytes,message,100,91,gson,2.12.1,21040,20854,158,41894,47528.517110,47952.431188,23869.766554,0,1.0,reflect,native,1,99d1c7fab316,1650,12
java,bytes,message,100,91,avro,1.12.0,19343,25715,44,45058,51698.288787,38887.808672,22193.617116,0,1.0,schema,native,1,99d1c7fab316,1651,13
java,bytes,message,100,91,moshi,1.15.2,18710,21636,158,40346,53447.354356,46219.264189,24785.604521,0,1.0,reflect,native,1,99d1c7fab316,1652,14
java,bytes,message,100,91,bson,5.3.1,25539,28261,134,53800,39155.800932,35384.452072,18587.360595,0,1.0,message,adapted,1,99d1c7fab316,1653,15
java,bytes,message,100,91,java-serialization,21.0.11,28051,61978,206,90029,35649.352964,16134.757495,11107.532017,0,1.0,message,native,1,99d1c7fab316,1654,16
java,bytes,message,100,91,jackson-cbor,2.18.3,21098,24711,115,45809,47397.857617,40467.807859,21829.771442,0,1.0,reflect,native,1,99d1c7fab316,1655,17
java,bytes,message,100,92,kryo,5.6.2,15870,11829,46,27699,63011.972275,84537.999831,36102.386368,0,1.0,message,native,1,99d1c7fab316,1656,0
java,bytes,message,100,92,bson,5.3.1,23588,24554,134,48142,42394.437850,40726.561864,20771.883179,0,1.0,message,adapted,1,99d1c7fab316,1657,1
java,bytes,message,100,92,jackson-smile,2.18.3,18019,18732,119,36751,55496.975415,53384.582533,27210.143942,0,1.0,reflect,native,1,99d1c7fab316,1658,2
java,bytes,message,100,92,msgpack,0.9.8,21252,26961,114,48213,47054.394880,37090.612366,20741.293842,0,1.0,reflect,native,1,99d1c7fab316,1659,3
java,bytes,message,100,92,java-serialization,21.0.11,22389,50174,206,72563,44664.790745,19930.641368,13781.128123,0,1.0,message,native,1,99d1c7fab316,1660,4
java,bytes,message,100,92,dsl-json,2.0.2,26769,27073,158,53842,37356.643879,36937.169874,18572.861335,0,1.0,reflect,native,1,99d1c7fab316,1661,5
java,bytes,message,100,92,hessian,4.0.66,13743,14550,143,28293,72764.316379,68728.522337,35344.431485,0,1.0,message,native,1,99d1c7fab316,1662,6
java,bytes,message,100,92,jsoniter,0.9.23,20647,16046,150,36693,48433.186419,62320.827621,27253.154553,0,1.0,reflect,adapted,1,99d1c7fab316,1663,7
java,bytes,message,100,92,moshi,1.15.2,21475,25628,158,47103,46565.774156,39019.822070,21230.070272,0,1.0,reflect,native,1,99d1c7fab316,1664,8
java,bytes,message,100,92,protobuf,4.28.3,8843,9982,50,18825,113083.795092,100180.324584,53120.849934,0,1.0,message,native,1,99d1c7fab316,1665,9
java,bytes,message,100,92,fory,1.3.0,13230,13032,133,26262,75585.789872,76734.192756,38077.831087,0,1.0,message,adapted,1,99d1c7fab316,1666,10
java,bytes,message,100,92,jackson,2.18.3,21684,25465,158,47149,46116.952592,39269.585706,21209.357569,0,1.0,reflect,native,1,99d1c7fab316,1667,11
java,bytes,message,100,92,avro,1.12.0,25075,28223,44,53298,39880.358923,35432.094391,18762.430110,0,1.0,schema,native,1,99d1c7fab316,1668,12
java,bytes,message,100,92,protostuff,1.8.0,11634,8215,52,19849,85954.959601,121728.545344,50380.371807,0,1.0,schema,native,1,99d1c7fab316,1669,13
java,bytes,message,100,92,ion,2.18.3,56464,69432,144,125896,17710.399547,14402.580943,7943.064116,0,1.0,reflect,native,1,99d1c7fab316,1670,14
java,bytes,message,100,92,gson,2.12.1,20024,20731,158,40755,49940.071914,48236.939849,24536.866642,0,1.0,reflect,native,1,99d1c7fab316,1671,15
java,bytes,message,100,92,jackson-cbor,2.18.3,16412,18616,115,35028,60931.026078,53717.232488,28548.589700,0,1.0,reflect,native,1,99d1c7fab316,1672,16
java,bytes,message,100,92,fastjson2,2.0.57,20282,19140,158,39422,49304.802288,52246.603971,25366.546598,0,1.0,reflect,adapted,1,99d1c7fab316,1673,17
java,bytes,message,100,93,bson,5.3.1,23064,24664,134,47728,43357.613597,40544.923776,20952.061683,0,1.0,message,adapted,1,99d1c7fab316,1674,0
java,bytes,message,100,93,jackson-cbor,2.18.3,15531,17022,115,32553,64387.354324,58747.503231,30719.134949,0,1.0,reflect,native,1,99d1c7fab316,1675,1
java,bytes,message,100,93,ion,2.18.3,46722,49846,144,96568,21403.193356,20061.790314,10355.397233,0,1.0,reflect,native,1,99d1c7fab316,1676,2
java,bytes,message,100,93,fory,1.3.0,12844,12050,133,24894,77857.365307,82987.551867,40170.322166,0,1.0,message,adapted,1,99d1c7fab316,1677,3
java,bytes,message,100,93,gson,2.12.1,17062,18266,158,35328,58609.776111,54746.523596,28306.159420,0,1.0,reflect,native,1,99d1c7fab316,1678,4
java,bytes,message,100,93,jackson-smile,2.18.3,15960,16492,119,32452,62656.641604,60635.459617,30814.741772,0,1.0,reflect,native,1,99d1c7fab316,1679,5
java,bytes,message,100,93,jackson,2.18.3,17479,20714,158,38193,57211.510956,48276.527952,26182.808368,0,1.0,reflect,native,1,99d1c7fab316,1680,6
java,bytes,message,100,93,jsoniter,0.9.23,20242,9523,150,29765,49402.232981,105008.925759,33596.505963,0,1.0,reflect,adapted,1,99d1c7fab316,1681,7
java,bytes,message,100,93,protostuff,1.8.0,9820,7303,52,17123,101832.993890,136930.028755,58400.981136,0,1.0,schema,native,1,99d1c7fab316,1682,8
java,bytes,message,100,93,kryo,5.6.2,15702,16791,46,32493,63686.154630,59555.714371,30775.859416,0,1.0,message,native,1,99d1c7fab316,1683,9
java,bytes,message,100,93,moshi,1.15.2,18460,21084,158,39544,54171.180932,47429.330298,25288.286466,0,1.0,reflect,native,1,99d1c7fab316,1684,10
java,bytes,message,100,93,dsl-json,2.0.2,29339,24495,158,53834,34084.324619,40824.658093,18575.621355,0,1.0,reflect,native,1,99d1c7fab316,1685,11
java,bytes,message,100,93,avro,1.12.0,18964,24176,44,43140,52731.491247,41363.335539,23180.343069,0,1.0,schema,native,1,99d1c7fab316,1686,12
java,bytes,message,100,93,java-serialization,21.0.11,23185,50965,206,74150,43131.334915,19621.308741,13486.176669,0,1.0,message,native,1,99d1c7fab316,1687,13
java,bytes,message,100,93,hessian,4.0.66,13177,13942,143,27119,75889.807999,71725.720843,36874.516022,0,1.0,message,native,1,99d1c7fab316,1688,14
java,bytes,message,100,93,fastjson2,2.0.57,17739,25945,158,43684,56372.963527,38543.071883,22891.676586,0,1.0,reflect,adapted,1,99d1c7fab316,1689,15
java,bytes,message,100,93,msgpack,0.9.8,24403,22098,114,46501,40978.568209,45252.964069,21504.913873,0,1.0,reflect,native,1,99d1c7fab316,1690,16
java,bytes,message,100,93,protobuf,4.28.3,7793,9191,50,16984,128320.287437,108802.089000,58878.944889,0,1.0,message,native,1,99d1c7fab316,1691,17
java,bytes,message,100,94,fory,1.3.0,11750,11560,133,23310,85106.382979,86505.190311,42900.042900,0,1.0,message,adapted,1,99d1c7fab316,1692,0
java,bytes,message,100,94,msgpack,0.9.8,19309,16454,114,35763,51789.321042,60775.495320,27961.860023,0,1.0,reflect,native,1,99d1c7fab316,1693,1
java,bytes,message,100,94,hessian,4.0.66,12584,12944,143,25528,79465.988557,77255.871446,39172.673143,0,1.0,message,native,1,99d1c7fab316,1694,2
java,bytes,message,100,94,jackson-cbor,2.18.3,16073,18718,115,34791,62216.138866,53424.511166,28743.065735,0,1.0,reflect,native,1,99d1c7fab316,1695,3
java,bytes,message,100,94,protobuf,4.28.3,6833,8289,50,15122,146348.602371,120641.814453,66128.818939,0,1.0,message,native,1,99d1c7fab316,1696,4
java,bytes,message,100,94,fastjson2,2.0.57,17439,17200,158,34639,57342.737542,58139.534884,28869.193683,0,1.0,reflect,adapted,1,99d1c7fab316,1697,5
java,bytes,message,100,94,protostuff,1.8.0,9039,6812,52,15851,110631.707047,146799.765120,63087.502366,0,1.0,schema,native,1,99d1c7fab316,1698,6
java,bytes,message,100,94,kryo,5.6.2,14554,17845,46,32399,68709.633091,56038.105912,30865.150159,0,1.0,message,native,1,99d1c7fab316,1699,7
java,bytes,message,100,94,bson,5.3.1,24106,28932,134,53038,41483.448104,34563.804784,18854.406275,0,1.0,message,adapted,1,99d1c7fab316,1700,8
java,bytes,message,100,94,jackson,2.18.3,21107,25697,158,46804,47377.647226,38915.048449,21365.695240,0,1.0,reflect,native,1,99d1c7fab316,1701,9
java,bytes,message,100,94,avro,1.12.0,18063,22530,44,40593,55361.789293,44385.264092,24634.789249,0,1.0,schema,native,1,99d1c7fab316,1702,10
java,bytes,message,100,94,java-serialization,21.0.11,20786,47997,206,68783,48109.304339,20834.635498,14538.476077,0,1.0,message,native,1,99d1c7fab316,1703,11
java,bytes,message,100,94,gson,2.12.1,23162,29348,158,52510,43174.164580,34073.872155,19043.991621,0,1.0,reflect,native,1,99d1c7fab316,1704,12
java,bytes,message,100,94,ion,2.18.3,52498,57566,144,110064,19048.344699,17371.365042,9085.622910,0,1.0,reflect,native,1,99d1c7fab316,1705,13
java,bytes,message,100,94,moshi,1.15.2,17893,19309,158,37202,55887.777343,51789.321042,26880.275254,0,1.0,reflect,native,1,99d1c7fab316,1706,14
java,bytes,message,100,94,jsoniter,0.9.23,10264,9485,150,19749,97427.903352,105429.625725,50635.475214,0,1.0,reflect,adapted,1,99d1c7fab316,1707,15
java,bytes,message,100,94,dsl-json,2.0.2,26092,25248,158,51340,38325.923655,39607.097592,19477.989871,0,1.0,reflect,native,1,99d1c7fab316,1708,16
java,bytes,message,100,94,jackson-smile,2.18.3,17641,18400,119,36041,56686.128904,54347.826087,27746.177964,0,1.0,reflect,native,1,99d1c7fab316,1709,17
java,bytes,message,100,95,java-serialization,21.0.11,20703,47154,206,67857,48302.178428,21207.108623,14736.873130,0,1.0,message,native,1,99d1c7fab316,1710,0
java,bytes,message,100,95,fastjson2,2.0.57,17397,16983,158,34380,57481.174915,58882.411824,29086.678301,0,1.0,reflect,adapted,1,99d1c7fab316,1711,1
java,bytes,message,100,95,protostuff,1.8.0,9008,7180,52,16188,111012.433393,139275.766017,61774.153694,0,1.0,schema,native,1,99d1c7fab316,1712,2
java,bytes,message,100,95,kryo,5.6.2,21609,34809,46,56418,46277.014207,28728.202476,17724.839590,0,1.0,message,native,1,99d1c7fab316,1713,3
java,bytes,message,100,95,jsoniter,0.9.23,10699,9296,150,19995,93466.679129,107573.149742,50012.503126,0,1.0,reflect,adapted,1,99d1c7fab316,1714,4
java,bytes,message,100,95,bson,5.3.1,22894,30686,134,53580,43679.566699,32588.150948,18663.680478,0,1.0,message,adapted,1,99d1c7fab316,1715,5
java,bytes,message,100,95,avro,1.12.0,18657,26314,44,44971,53599.185292,38002.584176,22236.552445,0,1.0,schema,native,1,99d1c7fab316,1716,6
java,bytes,message,100,95,fory,1.3.0,12184,11471,133,23655,82074.852265,87176.357772,42274.360600,0,1.0,message,adapted,1,99d1c7fab316,1717,7
java,bytes,message,100,95,dsl-json,2.0.2,24013,24132,158,48145,41644.109441,41438.753522,20770.588846,0,1.0,reflect,native,1,99d1c7fab316,1718,8
java,bytes,message,100,95,jackson,2.18.3,21709,25183,158,46892,46063.844488,39709.327721,21325.599249,0,1.0,reflect,native,1,99d1c7fab316,1719,9
java,bytes,message,100,95,gson,2.12.1,17356,19713,158,37069,57616.962434,50727.946025,26976.719091,0,1.0,reflect,native,1,99d1c7fab316,1720,10
java,bytes,message,100,95,jackson-smile,2.18.3,15835,16238,119,32073,63151.247237,61583.938909,31178.873196,0,1.0,reflect,native,1,99d1c7fab316,1721,11
java,bytes,message,100,95,ion,2.18.3,60506,68262,144,128768,16527.286550,14649.438926,7765.904573,0,1.0,reflect,native,1,99d1c7fab316,1722,12
java,bytes,message,100,95,protobuf,4.28.3,7244,8824,50,16068,138045.278851,113327.289211,62235.499129,0,1.0,message,native,1,99d1c7fab316,1723,13
java,bytes,message,100,95,moshi,1.15.2,20752,20906,158,41658,48188.126446,47833.157945,24004.993039,0,1.0,reflect,native,1,99d1c7fab316,1724,14
java,bytes,message,100,95,jackson-cbor,2.18.3,24239,20861,115,45100,41255.827386,47936.340540,22172.949002,0,1.0,reflect,native,1,99d1c7fab316,1725,15
java,bytes,message,100,95,msgpack,0.9.8,21417,52527,114,73944,46691.880282,19037.828165,13523.747701,0,1.0,reflect,native,1,99d1c7fab316,1726,16
java,bytes,message,100,95,hessian,4.0.66,14332,14551,143,28883,69773.932459,68723.799052,34622.442267,0,1.0,message,native,1,99d1c7fab316,1727,17
java,bytes,message,100,96,kryo,5.6.2,17346,11491,46,28837,57650.178716,87024.627970,34677.671048,0,1.0,message,native,1,99d1c7fab316,1728,0
java,bytes,message,100,96,ion,2.18.3,65090,54905,144,119995,15363.343063,18213.277479,8333.680570,0,1.0,reflect,native,1,99d1c7fab316,1729,1
java,bytes,message,100,96,jackson,2.18.3,19131,22279,158,41410,52271.182897,44885.318012,24148.756339,0,1.0,reflect,native,1,99d1c7fab316,1730,2
java,bytes,message,100,96,fastjson2,2.0.57,18590,18018,158,36608,53792.361485,55500.055500,27316.433566,0,1.0,reflect,adapted,1,99d1c7fab316,1731,3
java,bytes,message,100,96,msgpack,0.9.8,20051,17713,114,37764,49872.824298,56455.710495,26480.245737,0,1.0,reflect,native,1,99d1c7fab316,1732,4
java,bytes,message,100,96,jsoniter,0.9.23,10454,9448,150,19902,95657.164722,105842.506351,50246.206411,0,1.0,reflect,adapted,1,99d1c7fab316,1733,5
java,bytes,message,100,96,java-serialization,21.0.11,23699,51956,206,75655,42195.873244,19247.055201,13217.897033,0,1.0,message,native,1,99d1c7fab316,1734,6
java,bytes,message,100,96,avro,1.12.0,19451,25665,44,45116,51411.238497,38963.569063,22165.085557,0,1.0,schema,native,1,99d1c7fab316,1735,7
java,bytes,message,100,96,moshi,1.15.2,19404,19140,158,38544,51535.765821,52246.603971,25944.375259,0,1.0,reflect,native,1,99d1c7fab316,1736,8
java,bytes,message,100,96,jackson-cbor,2.18.3,19611,27139,115,46750,50991.790322,36847.341464,21390.374332,0,1.0,reflect,native,1,99d1c7fab316,1737,9
java,bytes,message,100,96,gson,2.12.1,17905,20367,158,38272,55850.321139,49099.032749,26128.762542,0,1.0,reflect,native,1,99d1c7fab316,1738,10
java,bytes,message,100,96,hessian,4.0.66,13537,15278,143,28815,73871.611140,65453.593402,34704.147146,0,1.0,message,native,1,99d1c7fab316,1739,11
java,bytes,message,100,96,protobuf,4.28.3,7264,9032,50,16296,137665.198238,110717.449070,61364.752086,0,1.0,message,native,1,99d1c7fab316,1740,12
java,bytes,message,100,96,jackson-smile,2.18.3,16593,31461,119,48054,60266.377388,31785.385080,20809.922171,0,1.0,reflect,native,1,99d1c7fab316,1741,13
java,bytes,message,100,96,dsl-json,2.0.2,26267,24969,158,51236,38070.582861,40049.661580,19517.526739,0,1.0,reflect,native,1,99d1c7fab316,1742,14
java,bytes,message,100,96,fory,1.3.0,13164,11701,133,24865,75964.752355,85462.780959,40217.172733,0,1.0,message,adapted,1,99d1c7fab316,1743,15
java,bytes,message,100,96,protostuff,1.8.0,9289,7119,52,16408,107654.214663,140469.167018,60945.880059,0,1.0,schema,native,1,99d1c7fab316,1744,16
java,bytes,message,100,96,bson,5.3.1,24619,26389,134,51008,40619.034079,37894.577286,19604.767880,0,1.0,message,adapted,1,99d1c7fab316,1745,17
java,bytes,message,100,97,jackson-cbor,2.18.3,17032,25261,115,42293,58713.010803,39586.714699,23644.574752,0,1.0,reflect,native,1,99d1c7fab316,1746,0
java,bytes,message,100,97,bson,5.3.1,20101,20600,134,40701,49748.768718,48543.689320,24569.420899,0,1.0,message,adapted,1,99d1c7fab316,1747,1
java,bytes,message,100,97,fastjson2,2.0.57,18280,17319,158,35599,54704.595186,57740.054276,28090.676704,0,1.0,reflect,adapted,1,99d1c7fab316,1748,2
java,bytes,message,100,97,protobuf,4.28.3,6672,8388,50,15060,149880.095923,119217.930377,66401.062417,0,1.0,message,native,1,99d1c7fab316,1749,3
java,bytes,message,100,97,jsoniter,0.9.23,9614,9216,150,18830,104014.978157,108506.944444,53106.744557,0,1.0,reflect,adapted,1,99d1c7fab316,1750,4
java,bytes,message,100,97,dsl-json,2.0.2,23715,23049,158,46764,42167.404596,43385.830188,21383.970576,0,1.0,reflect,native,1,99d1c7fab316,1751,5
java,bytes,message,100,97,protostuff,1.8.0,9726,6942,52,16668,102817.191034,144050.705848,59995.200384,0,1.0,schema,native,1,99d1c7fab316,1752,6
java,bytes,message,100,97,fory,1.3.0,11730,10999,133,22729,85251.491901,90917.356123,43996.656254,0,1.0,message,adapted,1,99d1c7fab316,1753,7
java,bytes,message,100,97,java-serialization,21.0.11,23826,50279,206,74105,41970.956098,19889.019272,13494.366102,0,1.0,message,native,1,99d1c7fab316,1754,8
java,bytes,message,100,97,avro,1.12.0,19112,24922,44,44034,52323.147761,40125.190595,22709.724304,0,1.0,schema,native,1,99d1c7fab316,1755,9
java,bytes,message,100,97,ion,2.18.3,52638,58717,144,111355,18997.682283,17030.842856,8980.288267,0,1.0,reflect,native,1,99d1c7fab316,1756,10
java,bytes,message,100,97,jackson,2.18.3,31085,23321,158,54406,32169.856844,42879.807898,18380.325699,0,1.0,reflect,native,1,99d1c7fab316,1757,11
java,bytes,message,100,97,hessian,4.0.66,13989,14487,143,28476,71484.738008,69027.403879,35117.291754,0,1.0,message,native,1,99d1c7fab316,1758,12
java,bytes,message,100,97,jackson-smile,2.18.3,19057,16408,119,35465,52474.156478,60945.880059,28196.813760,0,1.0,reflect,native,1,99d1c7fab316,1759,13
java,bytes,message,100,97,moshi,1.15.2,19493,19427,158,38920,51300.466834,51474.751634,25693.730730,0,1.0,reflect,native,1,99d1c7fab316,1760,14
java,bytes,message,100,97,msgpack,0.9.8,26686,18758,114,45444,37472.832197,53310.587483,22005.105184,0,1.0,reflect,native,1,99d1c7fab316,1761,15
java,bytes,message,100,97,kryo,5.6.2,15680,14584,46,30264,63775.510204,68568.294021,33042.558816,0,1.0,message,native,1,99d1c7fab316,1762,16
java,bytes,message,100,97,gson,2.12.1,18094,19447,158,37541,55266.939317,51421.813133,26637.542953,0,1.0,reflect,native,1,99d1c7fab316,1763,17
java,bytes,message,100,98,bson,5.3.1,23578,25348,134,48926,42412.418356,39450.844248,20439.030372,0,1.0,message,adapted,1,99d1c7fab316,1764,0
java,bytes,message,100,98,msgpack,0.9.8,20245,17741,114,37986,49394.912324,56366.608421,26325.488338,0,1.0,reflect,native,1,99d1c7fab316,1765,1
java,bytes,message,100,98,dsl-json,2.0.2,25564,24378,158,49942,39117.508997,41020.592337,20023.226943,0,1.0,reflect,native,1,99d1c7fab316,1766,2
java,bytes,message,100,98,jackson,2.18.3,19776,22165,158,41941,50566.343042,45116.174148,23843.017572,0,1.0,reflect,native,1,99d1c7fab316,1767,3
java,bytes,message,100,98,kryo,5.6.2,14194,18045,46,32239,70452.303790,55417.013023,31018.331834,0,1.0,message,native,1,99d1c7fab316,1768,4
java,bytes,message,100,98,protobuf,4.28.3,7455,9344,50,16799,134138.162307,107020.547945,59527.352819,0,1.0,message,native,1,99d1c7fab316,1769,5
java,bytes,message,100,98,gson,2.12.1,16806,18716,158,35522,59502.558610,53430.220133,28151.568042,0,1.0,reflect,native,1,99d1c7fab316,1770,6
java,bytes,message,100,98,fory,1.3.0,14125,12001,133,26126,70796.460177,83326.389468,38276.046850,0,1.0,message,adapted,1,99d1c7fab316,1771,7
java,bytes,message,100,98,protostuff,1.8.0,9477,6847,52,16324,105518.624037,146049.364685,61259.495222,0,1.0,schema,native,1,99d1c7fab316,1772,8
java,bytes,message,100,98,hessian,4.0.66,13135,13831,143,26966,76132.470499,72301.352035,37083.735074,0,1.0,message,native,1,99d1c7fab316,1773,9
java,bytes,message,100,98,avro,1.12.0,18671,24097,44,42768,53558.995233,41498.941777,23381.967826,0,1.0,schema,native,1,99d1c7fab316,1774,10
java,bytes,message,100,98,jackson-smile,2.18.3,19227,17091,119,36318,52010.193998,58510.327073,27534.555868,0,1.0,reflect,native,1,99d1c7fab316,1775,11
java,bytes,message,100,98,ion,2.18.3,49859,58475,144,108334,20056.559498,17101.325353,9230.712426,0,1.0,reflect,native,1,99d1c7fab316,1776,12
java,bytes,message,100,98,java-serialization,21.0.11,25159,55919,206,81078,39747.207759,17883.009353,12333.802018,0,1.0,message,native,1,99d1c7fab316,1777,13
java,bytes,message,100,98,moshi,1.15.2,18663,21082,158,39745,53581.953598,47433.829807,25160.397534,0,1.0,reflect,native,1,99d1c7fab316,1778,14
java,bytes,message,100,98,fastjson2,2.0.57,19970,20229,158,40199,50075.112669,49433.980918,24876.240703,0,1.0,reflect,adapted,1,99d1c7fab316,1779,15
java,bytes,message,100,98,jackson-cbor,2.18.3,18183,20518,115,38701,54996.425232,48737.693732,25839.125604,0,1.0,reflect,native,1,99d1c7fab316,1780,16
java,bytes,message,100,98,jsoniter,0.9.23,11381,16841,150,28222,87865.741148,59378.896740,35433.349869,0,1.0,reflect,adapted,1,99d1c7fab316,1781,17
java,bytes,message,100,99,gson,2.12.1,17390,19322,158,36712,57504.312823,51754.476762,27239.049902,0,1.0,reflect,native,1,99d1c7fab316,1782,0
java,bytes,message,100,99,protostuff,1.8.0,9972,8974,52,18946,100280.786201,111433.028750,52781.589781,0,1.0,schema,native,1,99d1c7fab316,1783,1
java,bytes,message,100,99,ion,2.18.3,48108,63700,144,111808,20786.563565,15698.587127,8943.903835,0,1.0,reflect,native,1,99d1c7fab316,1784,2
java,bytes,message,100,99,jackson,2.18.3,18409,22328,158,40737,54321.255907,44786.814762,24547.708471,0,1.0,reflect,native,1,99d1c7fab316,1785,3
java,bytes,message,100,99,jackson-smile,2.18.3,13861,15197,119,29058,72144.866893,65802.461012,34413.930759,0,1.0,reflect,native,1,99d1c7fab316,1786,4
java,bytes,message,100,99,jsoniter,0.9.23,9942,9443,150,19385,100583.383625,105898.549190,51586.278050,0,1.0,reflect,adapted,1,99d1c7fab316,1787,5
java,bytes,message,100,99,bson,5.3.1,24080,26158,134,50238,41528.239203,38229.222418,19905.251005,0,1.0,message,adapted,1,99d1c7fab316,1788,6
java,bytes,message,100,99,msgpack,0.9.8,21780,19150,114,40930,45913.682277,52219.321149,24431.957000,0,1.0,reflect,native,1,99d1c7fab316,1789,7
java,bytes,message,100,99,dsl-json,2.0.2,26879,24639,158,51518,37203.765021,40586.062746,19410.691409,0,1.0,reflect,native,1,99d1c7fab316,1790,8
java,bytes,message,100,99,protobuf,4.28.3,7512,9107,50,16619,133120.340788,109805.644010,60172.092184,0,1.0,message,native,1,99d1c7fab316,1791,9
java,bytes,message,100,99,moshi,1.15.2,17543,19669,158,37212,57002.793137,50841.425594,26873.051704,0,1.0,reflect,native,1,99d1c7fab316,1792,10
java,bytes,message,100,99,avro,1.12.0,19621,23816,44,43437,50965.801947,41988.579106,23021.847733,0,1.0,schema,native,1,99d1c7fab316,1793,11
java,bytes,message,100,99,fory,1.3.0,12923,12364,133,25287,77381.412985,80879.974118,39546.011785,0,1.0,message,adapted,1,99d1c7fab316,1794,12
java,bytes,message,100,99,jackson-cbor,2.18.3,16706,31279,115,47985,59858.733389,31970.331532,20839.845785,0,1.0,reflect,native,1,99d1c7fab316,1795,13
java,bytes,message,100,99,java-serialization,21.0.11,23425,52909,206,76334,42689.434365,18900.376117,13100.322268,0,1.0,message,native,1,99d1c7fab316,1796,14
java,bytes,message,100,99,hessian,4.0.66,14744,15452,143,30196,67824.199674,64716.541548,33116.969135,0,1.0,message,native,1,99d1c7fab316,1797,15
java,bytes,message,100,99,kryo,5.6.2,17776,10939,46,28715,56255.625563,91416.034372,34825.004353,0,1.0,message,native,1,99d1c7fab316,1798,16
java,bytes,message,100,99,fastjson2,2.0.57,19441,19094,158,38535,51437.683247,52372.473028,25950.434670,0,1.0,reflect,adapted,1,99d1c7fab316,1799,17
java,stream,message,100,0,msgpack,0.9.8,66133,744832,114,810965,15121.043957,1342.584637,1233.098839,0,1.0,reflect,native,1,99d1c7fab316,1800,0
java,stream,message,100,0,jsoniter,0.9.23,18403,15246,150,33649,54338.966473,65590.974682,29718.565188,0,1.0,reflect,adapted,1,99d1c7fab316,1801,1
java,stream,message,100,0,moshi,1.15.2,27797,2084836,158,2112633,35975.105227,479.654035,473.342980,0,1.0,reflect,native,1,99d1c7fab316,1802,2
java,stream,message,100,0,avro,1.12.0,64169,401807,44,465976,15583.848899,2488.757040,2146.033272,0,1.0,schema,native,1,99d1c7fab316,1803,3
java,stream,message,100,0,hessian,4.0.66,49884,26617,143,76501,20046.507898,37569.974077,13071.724553,0,1.0,message,native,1,99d1c7fab316,1804,4
java,stream,message,100,0,bson,5.3.1,49471,51668,134,101139,20213.862667,19354.339243,9887.382711,0,1.0,message,adapted,1,99d1c7fab316,1805,5
java,stream,message,100,0,gson,2.12.1,182004,74820,158,256824,5494.384739,13365.410318,3893.717098,0,1.0,reflect,native,1,99d1c7fab316,1806,6
java,stream,message,100,0,dsl-json,2.0.2,69032,67440,158,136472,14486.035462,14827.995255,7327.510405,0,1.0,reflect,native,1,99d1c7fab316,1807,7
java,stream,message,100,0,protobuf,4.28.3,197207,219505,50,416712,5070.813916,4555.704881,2399.738908,0,1.0,message,native,1,99d1c7fab316,1808,8
java,stream,message,100,0,fory,1.3.0,39411,28472,133,67883,25373.626652,35122.225344,14731.228732,0,1.0,message,adapted,1,99d1c7fab316,1809,9
java,stream,message,100,0,jackson,2.18.3,60606,89043,158,149649,16500.016500,11230.529070,6682.303256,0,1.0,reflect,native,1,99d1c7fab316,1810,10
java,stream,message,100,0,java-serialization,21.0.11,68420,106009,206,174429,14615.609471,9433.161335,5732.991647,0,1.0,message,native,1,99d1c7fab316,1811,11
java,stream,message,100,0,ion,2.18.3,134037,1101501,144,1235538,7460.626543,907.852104,809.364018,0,1.0,reflect,native,1,99d1c7fab316,1812,12
java,stream,message,100,0,jackson-smile,2.18.3,47264,72122,119,119386,21157.752200,13865.394748,8376.191513,0,1.0,reflect,native,1,99d1c7fab316,1813,13
java,stream,message,100,0,kryo,5.6.2,41581,27969,46,69550,24049.445660,35753.870356,14378.145219,0,1.0,message,native,1,99d1c7fab316,1814,14
java,stream,message,100,0,protostuff,1.8.0,305078,428389,52,733467,3277.850255,2334.326979,1363.387855,0,1.0,schema,native,1,99d1c7fab316,1815,15
java,stream,message,100,0,fastjson2,2.0.57,33360,31227,158,64587,29976.019185,32023.569347,15482.991933,0,1.0,reflect,adapted,1,99d1c7fab316,1816,16
java,stream,message,100,0,jackson-cbor,2.18.3,37176,52676,115,89852,26899.074672,18983.977523,11129.412812,0,1.0,reflect,native,1,99d1c7fab316,1817,17
java,stream,message,100,1,gson,2.12.1,282369,51652,158,334021,3541.465246,19360.334547,2993.823742,0,1.0,reflect,native,1,99d1c7fab316,1818,0
java,stream,message,100,1,kryo,5.6.2,25532,14265,46,39797,39166.536112,70101.647389,25127.522175,0,1.0,message,native,1,99d1c7fab316,1819,1
java,stream,message,100,1,dsl-json,2.0.2,41260,36905,158,78165,24236.548715,27096.599377,12793.449754,0,1.0,reflect,native,1,99d1c7fab316,1820,2
java,stream,message,100,1,msgpack,0.9.8,38041,62138,114,100179,26287.426724,16093.211883,9982.131984,0,1.0,reflect,native,1,99d1c7fab316,1821,3
java,stream,message,100,1,moshi,1.15.2,31909,166637,158,198546,31339.120624,6001.068190,5036.616200,0,1.0,reflect,native,1,99d1c7fab316,1822,4
java,stream,message,100,1,protobuf,4.28.3,17223,19426,50,36649,58061.893979,51477.401421,27285.874103,0,1.0,message,native,1,99d1c7fab316,1823,5
java,stream,message,100,1,fory,1.3.0,27680,22078,133,49758,36127.167630,45293.957786,20097.270791,0,1.0,message,adapted,1,99d1c7fab316,1824,6
java,stream,message,100,1,jackson-smile,2.18.3,27632,34378,119,62010,36189.924725,29088.370469,16126.431221,0,1.0,reflect,native,1,99d1c7fab316,1825,7
java,stream,message,100,1,hessian,4.0.66,22396,24487,143,46883,44650.830505,40837.995671,21329.693066,0,1.0,message,native,1,99d1c7fab316,1826,8
java,stream,message,100,1,bson,5.3.1,45082,59431,134,104513,22181.802050,16826.235466,9568.187690,0,1.0,message,adapted,1,99d1c7fab316,1827,9
java,stream,message,100,1,jackson-cbor,2.18.3,24858,29633,115,54491,40228.497868,33746.161374,18351.654402,0,1.0,reflect,native,1,99d1c7fab316,1828,10
java,stream,message,100,1,protostuff,1.8.0,17831,15104,52,32935,56082.104201,66207.627119,30362.835889,0,1.0,schema,native,1,99d1c7fab316,1829,11
java,stream,message,100,1,fastjson2,2.0.57,30915,31353,158,62268,32346.757238,31894.874494,16059.613285,0,1.0,reflect,adapted,1,99d1c7fab316,1830,12
java,stream,message,100,1,jackson,2.18.3,29852,38724,158,68576,33498.593059,25823.778535,14582.361176,0,1.0,reflect,native,1,99d1c7fab316,1831,13
java,stream,message,100,1,java-serialization,21.0.11,43388,84309,206,127697,23047.847331,11861.129891,7831.037534,0,1.0,message,native,1,99d1c7fab316,1832,14
java,stream,message,100,1,jsoniter,0.9.23,26899,15427,150,42326,37176.103201,64821.416996,23626.139961,0,1.0,reflect,adapted,1,99d1c7fab316,1833,15
java,stream,message,100,1,avro,1.12.0,36400,47132,44,83532,27472.527473,21217.007553,11971.460039,0,1.0,schema,native,1,99d1c7fab316,1834,16
java,stream,message,100,1,ion,2.18.3,96748,127838,144,224586,10336.130979,7822.400225,4452.637297,0,1.0,reflect,native,1,99d1c7fab316,1835,17
java,stream,message,100,2,dsl-json,2.0.2,56814,45828,158,102642,17601.295455,21820.720957,9742.600495,0,1.0,reflect,native,1,99d1c7fab316,1836,0
java,stream,message,100,2,moshi,1.15.2,33450,66881,158,100331,29895.366218,14951.929547,9967.009200,0,1.0,reflect,native,1,99d1c7fab316,1837,1
java,stream,message,100,2,msgpack,0.9.8,40737,37118,114,77855,24547.708471,26941.106741,12844.390213,0,1.0,reflect,native,1,99d1c7fab316,1838,2
java,stream,message,100,2,avro,1.12.0,27448,40333,44,67781,36432.526960,24793.593335,14753.396970,0,1.0,schema,native,1,99d1c7fab316,1839,3
java,stream,message,100,2,fastjson2,2.0.57,32469,36448,158,68917,30798.607903,27436.347673,14510.207931,0,1.0,reflect,adapted,1,99d1c7fab316,1840,4
java,stream,message,100,2,gson,2.12.1,258117,67494,158,325611,3874.212082,14816.131804,3071.149316,0,1.0,reflect,native,1,99d1c7fab316,1841,5
java,stream,message,100,2,jackson,2.18.3,47733,143884,158,191617,20949.866968,6950.043090,5218.743640,0,1.0,reflect,native,1,99d1c7fab316,1842,6
java,stream,message,100,2,protostuff,1.8.0,18218,16645,52,34863,54890.767373,60078.101532,28683.704787,0,1.0,schema,native,1,99d1c7fab316,1843,7
java,stream,message,100,2,jsoniter,0.9.23,18916,15538,150,34454,52865.299218,64358.347278,29024.206188,0,1.0,reflect,adapted,1,99d1c7fab316,1844,8
java,stream,message,100,2,ion,2.18.3,86686,132273,144,218959,11535.888148,7560.121869,4567.065067,0,1.0,reflect,native,1,99d1c7fab316,1845,9
java,stream,message,100,2,kryo,5.6.2,31074,18521,46,49595,32181.244771,53992.764969,20163.322916,0,1.0,message,native,1,99d1c7fab316,1846,10
java,stream,message,100,2,hessian,4.0.66,24330,25337,143,49667,41101.520756,39467.971741,20134.093060,0,1.0,message,native,1,99d1c7fab316,1847,11
java,stream,message,100,2,jackson-smile,2.18.3,27663,43348,119,71011,36149.369194,23069.115069,14082.325274,0,1.0,reflect,native,1,99d1c7fab316,1848,12
java,stream,message,100,2,jackson-cbor,2.18.3,21756,39835,115,61591,45964.331679,25103.552153,16236.138397,0,1.0,reflect,native,1,99d1c7fab316,1849,13
java,stream,message,100,2,protobuf,4.28.3,27642,22472,50,50114,36176.832357,44499.822001,19954.503731,0,1.0,message,native,1,99d1c7fab316,1850,14
java,stream,message,100,2,fory,1.3.0,27045,23570,133,50615,36975.411351,42426.813746,19756.989035,0,1.0,message,adapted,1,99d1c7fab316,1851,15
java,stream,message,100,2,java-serialization,21.0.11,48114,93675,206,141789,20783.971401,10675.206832,7052.733287,0,1.0,message,native,1,99d1c7fab316,1852,16
java,stream,message,100,2,bson,5.3.1,52139,65322,134,117461,19179.500949,15308.778053,8513.464043,0,1.0,message,adapted,1,99d1c7fab316,1853,17
java,stream,message,100,3,msgpack,0.9.8,43924,54485,114,98409,22766.596849,18353.675323,10161.672205,0,1.0,reflect,native,1,99d1c7fab316,1854,0
java,stream,message,100,3,ion,2.18.3,90461,142186,144,232647,11054.487569,7033.041228,4298.357598,0,1.0,reflect,native,1,99d1c7fab316,1855,1
java,stream,message,100,3,java-serialization,21.0.11,37871,84758,206,122629,26405.428956,11798.296326,8154.677931,0,1.0,message,native,1,99d1c7fab316,1856,2
java,stream,message,100,3,bson,5.3.1,41052,50636,134,91688,24359.349118,19748.795323,10906.552657,0,1.0,message,adapted,1,99d1c7fab316,1857,3
java,stream,message,100,3,protobuf,4.28.3,29083,18909,50,47992,34384.348245,52884.869639,20836.806134,0,1.0,message,native,1,99d1c7fab316,1858,4
java,stream,message,100,3,jackson-cbor,2.18.3,27490,33645,115,61135,36376.864314,29722.098380,16357.242169,0,1.0,reflect,native,1,99d1c7fab316,1859,5
java,stream,message,100,3,hessian,4.0.66,23050,28045,143,51095,43383.947939,35656.979854,19571.386633,0,1.0,message,native,1,99d1c7fab316,1860,6
java,stream,message,100,3,jackson-smile,2.18.3,21153,23716,119,44869,47274.618257,42165.626581,22287.102454,0,1.0,reflect,native,1,99d1c7fab316,1861,7
java,stream,message,100,3,protostuff,1.8.0,17480,15020,52,32500,57208.237986,66577.896138,30769.230769,0,1.0,schema,native,1,99d1c7fab316,1862,8
java,stream,message,100,3,avro,1.12.0,26502,34649,44,61151,37733.001283,28860.861785,16352.962339,0,1.0,schema,native,1,99d1c7fab316,1863,9
java,stream,message,100,3,jsoniter,0.9.23,14910,12926,150,27836,67069.081154,77363.453505,35924.701825,0,1.0,reflect,adapted,1,99d1c7fab316,1864,10
java,stream,message,100,3,fory,1.3.0,17458,17080,133,34538,57280.329935,58548.009368,28953.616307,0,1.0,message,adapted,1,99d1c7fab316,1865,11
java,stream,message,100,3,jackson,2.18.3,25022,32029,158,57051,39964.830949,31221.705330,17528.176544,0,1.0,reflect,native,1,99d1c7fab316,1866,12
java,stream,message,100,3,kryo,5.6.2,23205,15256,46,38461,43094.160741,65547.981122,26000.364005,0,1.0,message,native,1,99d1c7fab316,1867,13
java,stream,message,100,3,fastjson2,2.0.57,26184,25383,158,51567,38191.261839,39396.446441,19392.246980,0,1.0,reflect,adapted,1,99d1c7fab316,1868,14
java,stream,message,100,3,gson,2.12.1,112638,42348,158,154986,8877.998544,23613.866062,6452.195682,0,1.0,reflect,native,1,99d1c7fab316,1869,15
java,stream,message,100,3,moshi,1.15.2,28515,55412,158,83927,35069.261792,18046.632498,11915.116709,0,1.0,reflect,native,1,99d1c7fab316,1870,16
java,stream,message,100,3,dsl-json,2.0.2,45861,47509,158,93370,21805.019515,21048.643415,10710.078184,0,1.0,reflect,native,1,99d1c7fab316,1871,17
java,stream,message,100,4,jsoniter,0.9.23,13840,13082,150,26922,72254.335260,76440.911176,37144.342917,0,1.0,reflect,adapted,1,99d1c7fab316,1872,0
java,stream,message,100,4,msgpack,0.9.8,31778,27750,114,59528,31468.311410,36036.036036,16798.817363,0,1.0,reflect,native,1,99d1c7fab316,1873,1
java,stream,message,100,4,jackson-smile,2.18.3,21042,23512,119,44554,47523.999620,42531.473290,22444.673879,0,1.0,reflect,native,1,99d1c7fab316,1874,2
java,stream,message,100,4,dsl-json,2.0.2,34700,34571,158,69271,28818.443804,28925.978421,14436.055492,0,1.0,reflect,native,1,99d1c7fab316,1875,3
java,stream,message,100,4,kryo,5.6.2,23724,13882,46,37606,42151.407857,72035.729722,26591.501356,0,1.0,message,native,1,99d1c7fab316,1876,4
java,stream,message,100,4,avro,1.12.0,24662,38775,44,63437,40548.211824,25789.813024,15763.671044,0,1.0,schema,native,1,99d1c7fab316,1877,5
java,stream,message,100,4,jackson,2.18.3,21077,27395,158,48472,47445.082317,36503.011498,20630.467074,0,1.0,reflect,native,1,99d1c7fab316,1878,6
java,stream,message,100,4,fory,1.3.0,15663,14569,133,30232,63844.729618,68638.890796,33077.533739,0,1.0,message,adapted,1,99d1c7fab316,1879,7
java,stream,message,100,4,moshi,1.15.2,23277,80007,158,103284,42960.862654,12498.906346,9682.041749,0,1.0,reflect,native,1,99d1c7fab316,1880,8
java,stream,message,100,4,bson,5.3.1,27596,28228,134,55824,36237.135817,35425.818336,17913.442247,0,1.0,message,adapted,1,99d1c7fab316,1881,9
java,stream,message,100,4,gson,2.12.1,138443,34314,158,172757,7223.189327,29142.624002,5788.477457,0,1.0,reflect,native,1,99d1c7fab316,1882,10
java,stream,message,100,4,jackson-cbor,2.18.3,20352,22197,115,42549,49135.220126,45051.133036,23502.314978,0,1.0,reflect,native,1,99d1c7fab316,1883,11
java,stream,message,100,4,ion,2.18.3,64365,86540,144,150905,15536.394003,11555.350127,6626.685663,0,1.0,reflect,native,1,99d1c7fab316,1884,12
java,stream,message,100,4,protobuf,4.28.3,11513,14142,50,25655,86858.334057,70711.356244,38978.756578,0,1.0,message,native,1,99d1c7fab316,1885,13
java,stream,message,100,4,java-serialization,21.0.11,29276,62876,206,92152,34157.671813,15904.319613,10851.636427,0,1.0,message,native,1,99d1c7fab316,1886,14
java,stream,message,100,4,hessian,4.0.66,18423,18821,143,37244,54279.976117,53132.139631,26849.962410,0,1.0,message,native,1,99d1c7fab316,1887,15
java,stream,message,100,4,protostuff,1.8.0,13225,14108,52,27333,75614.366730,70881.769209,36585.812022,0,1.0,schema,native,1,99d1c7fab316,1888,16
java,stream,message,100,4,fastjson2,2.0.57,24614,23619,158,48233,40627.285285,42338.795038,20732.693384,0,1.0,reflect,adapted,1,99d1c7fab316,1889,17
java,stream,message,100,5,jackson,2.18.3,21400,27323,158,48723,46728.971963,36599.202137,20524.187755,0,1.0,reflect,native,1,99d1c7fab316,1890,0
java,stream,message,100,5,fory,1.3.0,14541,13210,133,27751,68771.061137,75700.227101,36034.737487,0,1.0,message,adapted,1,99d1c7fab316,1891,1
java,stream,message,100,5,avro,1.12.0,20579,28231,44,48810,48593.226104,35422.053771,20487.604999,0,1.0,schema,native,1,99d1c7fab316,1892,2
java,stream,message,100,5,java-serialization,21.0.11,23308,48704,206,72012,42903.724043,20532.194481,13886.574460,0,1.0,message,native,1,99d1c7fab316,1893,3
java,stream,message,100,5,ion,2.18.3,67249,68900,144,136149,14870.109593,14513.788099,7344.894197,0,1.0,reflect,native,1,99d1c7fab316,1894,4
java,stream,message,100,5,hessian,4.0.66,16451,15930,143,32381,60786.578324,62774.639046,30882.307526,0,1.0,message,native,1,99d1c7fab316,1895,5
java,stream,message,100,5,jsoniter,0.9.23,14583,17165,150,31748,68572.995954,58258.083309,31498.047121,0,1.0,reflect,adapted,1,99d1c7fab316,1896,6
java,stream,message,100,5,protostuff,1.8.0,12963,12794,52,25757,77142.636735,78161.638268,38824.397251,0,1.0,schema,native,1,99d1c7fab316,1897,7
java,stream,message,100,5,jackson-cbor,2.18.3,18198,21695,115,39893,54951.093527,46093.569947,25067.054370,0,1.0,reflect,native,1,99d1c7fab316,1898,8
java,stream,message,100,5,bson,5.3.1,32394,40907,134,73301,30869.914182,24445.693891,13642.378685,0,1.0,message,adapted,1,99d1c7fab316,1899,9
java,stream,message,100,5,dsl-json,2.0.2,42907,34537,158,77444,23306.220430,28954.454643,12912.556170,0,1.0,reflect,native,1,99d1c7fab316,1900,10
java,stream,message,100,5,jackson-smile,2.18.3,22301,26594,119,48895,44841.038518,37602.466722,20451.988956,0,1.0,reflect,native,1,99d1c7fab316,1901,11
java,stream,message,100,5,msgpack,0.9.8,31725,43778,114,75503,31520.882585,22842.523642,13244.506841,0,1.0,reflect,native,1,99d1c7fab316,1902,12
java,stream,message,100,5,moshi,1.15.2,26444,56030,158,82474,37815.761609,17847.581653,12125.033344,0,1.0,reflect,native,1,99d1c7fab316,1903,13
java,stream,message,100,5,fastjson2,2.0.57,28505,26608,158,55113,35081.564638,37582.681900,18144.539401,0,1.0,reflect,adapted,1,99d1c7fab316,1904,14
java,stream,message,100,5,kryo,5.6.2,27691,16169,46,43860,36112.816439,61846.743769,22799.817601,0,1.0,message,native,1,99d1c7fab316,1905,15
java,stream,message,100,5,gson,2.12.1,59553,34716,158,94269,16791.765318,28805.161885,10607.941105,0,1.0,reflect,native,1,99d1c7fab316,1906,16
java,stream,message,100,5,protobuf,4.28.3,13343,21098,50,34441,74945.664393,47397.857617,29035.161581,0,1.0,message,native,1,99d1c7fab316,1907,17
java,stream,message,100,6,fory,1.3.0,15888,12984,133,28872,62940.584089,77017.868145,34635.633139,0,1.0,message,adapted,1,99d1c7fab316,1908,0
java,stream,message,100,6,jackson-cbor,2.18.3,20886,23047,115,43933,47878.961984,43389.595175,22761.932943,0,1.0,reflect,native,1,99d1c7fab316,1909,1
java,stream,message,100,6,fastjson2,2.0.57,22806,21862,158,44668,43848.110146,45741.469216,22387.391421,0,1.0,reflect,adapted,1,99d1c7fab316,1910,2
java,stream,message,100,6,msgpack,0.9.8,27972,21985,114,49957,35750.035750,45485.558335,20017.214805,0,1.0,reflect,native,1,99d1c7fab316,1911,3
java,stream,message,100,6,avro,1.12.0,22764,32726,44,55490,43929.010719,30556.743873,18021.265093,0,1.0,schema,native,1,99d1c7fab316,1912,4
java,stream,message,100,6,bson,5.3.1,29614,29906,134,59520,33767.812521,33438.106066,16801.075269,0,1.0,message,adapted,1,99d1c7fab316,1913,5
java,stream,message,100,6,moshi,1.15.2,23190,39924,158,63114,43122.035360,25047.590422,15844.345153,0,1.0,reflect,native,1,99d1c7fab316,1914,6
java,stream,message,100,6,hessian,4.0.66,23385,18314,143,41699,42762.454565,54603.035929,23981.390441,0,1.0,message,native,1,99d1c7fab316,1915,7
java,stream,message,100,6,gson,2.12.1,53384,28856,158,82240,18732.204406,34654.837815,12159.533074,0,1.0,reflect,native,1,99d1c7fab316,1916,8
java,stream,message,100,6,protostuff,1.8.0,13920,14114,52,28034,71839.080460,70851.636673,35670.970964,0,1.0,schema,native,1,99d1c7fab316,1917,9
java,stream,message,100,6,protobuf,4.28.3,11151,18890,50,30041,89678.055780,52938.062467,33287.839952,0,1.0,message,native,1,99d1c7fab316,1918,10
java,stream,message,100,6,jsoniter,0.9.23,15483,18485,150,33968,64586.966350,54097.917230,29439.472445,0,1.0,reflect,adapted,1,99d1c7fab316,1919,11
java,stream,message,100,6,jackson,2.18.3,24518,47947,158,72465,40786.361041,20856.362233,13799.765404,0,1.0,reflect,native,1,99d1c7fab316,1920,12
java,stream,message,100,6,jackson-smile,2.18.3,28281,24823,119,53104,35359.428592,40285.219353,18830.973185,0,1.0,reflect,native,1,99d1c7fab316,1921,13
java,stream,message,100,6,ion,2.18.3,79478,86672,144,166150,12582.098191,11537.751523,6018.657839,0,1.0,reflect,native,1,99d1c7fab316,1922,14
java,stream,message,100,6,dsl-json,2.0.2,40532,38607,158,79139,24671.864206,25902.038490,12635.994895,0,1.0,reflect,native,1,99d1c7fab316,1923,15
java,stream,message,100,6,kryo,5.6.2,24223,13942,46,38165,41283.078066,71725.720843,26202.017555,0,1.0,message,native,1,99d1c7fab316,1924,16
java,stream,message,100,6,java-serialization,21.0.11,37286,76702,206,113988,26819.717857,13037.469688,8772.853283,0,1.0,message,native,1,99d1c7fab316,1925,17
java,stream,message,100,7,bson,5.3.1,27748,31813,134,59561,36038.633415,31433.690630,16789.509914,0,1.0,message,adapted,1,99d1c7fab316,1926,0
java,stream,message,100,7,hessian,4.0.66,15960,15496,143,31456,62656.641604,64532.782654,31790.437436,0,1.0,message,native,1,99d1c7fab316,1927,1
java,stream,message,100,7,kryo,5.6.2,18497,11227,46,29724,54062.820998,89070.989579,33642.847531,0,1.0,message,native,1,99d1c7fab316,1928,2
java,stream,message,100,7,msgpack,0.9.8,37838,28751,114,66589,26428.458164,34781.398908,15017.495382,0,1.0,reflect,native,1,99d1c7fab316,1929,3
java,stream,message,100,7,avro,1.12.0,100574,40955,44,141529,9942.927596,24417.043096,7065.689717,0,1.0,schema,native,1,99d1c7fab316,1930,4
java,stream,message,100,7,jsoniter,0.9.23,13507,26381,150,39888,74035.685200,37906.068762,25070.196550,0,1.0,reflect,adapted,1,99d1c7fab316,1931,5
java,stream,message,100,7,dsl-json,2.0.2,35947,37185,158,73132,27818.733135,26892.564206,13673.904720,0,1.0,reflect,native,1,99d1c7fab316,1932,6
java,stream,message,100,7,ion,2.18.3,68677,85328,144,154005,14560.915590,11719.482468,6493.295672,0,1.0,reflect,native,1,99d1c7fab316,1933,7
java,stream,message,100,7,moshi,1.15.2,25820,78124,158,103944,38729.666925,12800.163842,9620.564920,0,1.0,reflect,native,1,99d1c7fab316,1934,8
java,stream,message,100,7,protobuf,4.28.3,13182,14744,50,27926,75861.022607,67824.199674,35808.923584,0,1.0,message,native,1,99d1c7fab316,1935,9
java,stream,message,100,7,fastjson2,2.0.57,27783,38022,158,65805,35993.233272,26300.562832,15196.413646,0,1.0,reflect,adapted,1,99d1c7fab316,1936,10
java,stream,message,100,7,jackson-smile,2.18.3,25341,32379,119,57720,39461.741841,30884.215078,17325.017325,0,1.0,reflect,native,1,99d1c7fab316,1937,11
java,stream,message,100,7,fory,1.3.0,18211,17180,133,35391,54911.866454,58207.217695,28255.771241,0,1.0,message,adapted,1,99d1c7fab316,1938,12
java,stream,message,100,7,protostuff,1.8.0,15510,14952,52,30462,64474.532560,66880.684858,32827.785438,0,1.0,schema,native,1,99d1c7fab316,1939,13
java,stream,message,100,7,gson,2.12.1,64578,32585,158,97163,15485.149741,30688.967316,10291.983574,0,1.0,reflect,native,1,99d1c7fab316,1940,14
java,stream,message,100,7,jackson-cbor,2.18.3,22952,25883,115,48835,43569.187870,38635.397751,20477.116822,0,1.0,reflect,native,1,99d1c7fab316,1941,15
java,stream,message,100,7,java-serialization,21.0.11,32470,67887,206,100357,30797.659378,14730.360747,9964.426996,0,1.0,message,native,1,99d1c7fab316,1942,16
java,stream,message,100,7,jackson,2.18.3,24323,32613,158,56936,41113.349505,30662.619201,17563.580160,0,1.0,reflect,native,1,99d1c7fab316,1943,17
java,stream,message,100,8,moshi,1.15.2,20941,34726,158,55667,47753.211403,28796.866901,17963.964288,0,1.0,reflect,native,1,99d1c7fab316,1944,0
java,stream,message,100,8,jackson,2.18.3,17264,20190,158,37454,57924.003707,49529.470035,26699.417953,0,1.0,reflect,native,1,99d1c7fab316,1945,1
java,stream,message,100,8,dsl-json,2.0.2,28784,27621,158,56405,34741.523068,36204.337280,17728.924741,0,1.0,reflect,native,1,99d1c7fab316,1946,2
java,stream,message,100,8,java-serialization,21.0.11,24003,50052,206,74055,41661.458984,19979.221610,13503.477145,0,1.0,message,native,1,99d1c7fab316,1947,3
java,stream,message,100,8,jackson-smile,2.18.3,19789,21479,119,41268,50533.124463,46557.102286,24231.850344,0,1.0,reflect,native,1,99d1c7fab316,1948,4
java,stream,message,100,8,msgpack,0.9.8,28156,48268,114,76424,35516.408581,20717.659733,13084.894797,0,1.0,reflect,native,1,99d1c7fab316,1949,5
java,stream,message,100,8,protostuff,1.8.0,13563,18471,52,32034,73730.000737,54138.920470,31216.832116,0,1.0,schema,native,1,99d1c7fab316,1950,6
java,stream,message,100,8,ion,2.18.3,128586,85259,144,213845,7776.896396,11728.967030,4676.284225,0,1.0,reflect,native,1,99d1c7fab316,1951,7
java,stream,message,100,8,fastjson2,2.0.57,24219,28819,158,53038,41289.896362,34699.330303,18854.406275,0,1.0,reflect,adapted,1,99d1c7fab316,1952,8
java,stream,message,100,8,gson,2.12.1,60190,29074,158,89264,16614.055491,34394.992089,11202.724503,0,1.0,reflect,native,1,99d1c7fab316,1953,9
java,stream,message,100,8,bson,5.3.1,35849,35848,134,71697,27894.780886,27895.559027,13947.584976,0,1.0,message,adapted,1,99d1c7fab316,1954,10
java,stream,message,100,8,jsoniter,0.9.23,12888,11615,150,24503,77591.558038,86095.566078,40811.329225,0,1.0,reflect,adapted,1,99d1c7fab316,1955,11
java,stream,message,100,8,protobuf,4.28.3,12043,13427,50,25470,83035.788425,74476.800477,39261.876718,0,1.0,message,native,1,99d1c7fab316,1956,12
java,stream,message,100,8,fory,1.3.0,23228,15261,133,38489,43051.489582,65526.505471,25981.449245,0,1.0,message,adapted,1,99d1c7fab316,1957,13
java,stream,message,100,8,hessian,4.0.66,19057,20371,143,39428,52474.156478,49089.391782,25362.686416,0,1.0,message,native,1,99d1c7fab316,1958,14
java,stream,message,100,8,kryo,5.6.2,20656,13720,46,34376,48412.083656,72886.297376,29090.062835,0,1.0,message,native,1,99d1c7fab316,1959,15
java,stream,message,100,8,avro,1.12.0,30006,37037,44,67043,33326.668000,27000.027000,14915.800307,0,1.0,schema,native,1,99d1c7fab316,1960,16
java,stream,message,100,8,jackson-cbor,2.18.3,21531,22360,115,43891,46444.661186,44722.719141,22783.714201,0,1.0,reflect,native,1,99d1c7fab316,1961,17
java,stream,message,100,9,gson,2.12.1,42272,26624,158,68896,23656.320969,37560.096154,14514.630748,0,1.0,reflect,native,1,99d1c7fab316,1962,0
java,stream,message,100,9,ion,2.18.3,64504,66827,144,131331,15502.914548,14964.011552,7614.348478,0,1.0,reflect,native,1,99d1c7fab316,1963,1
java,stream,message,100,9,moshi,1.15.2,24392,87722,158,112114,40997.048213,11399.648891,8919.492659,0,1.0,reflect,native,1,99d1c7fab316,1964,2
java,stream,message,100,9,jackson,2.18.3,24919,30778,158,55697,40130.021269,32490.740139,17954.288382,0,1.0,reflect,native,1,99d1c7fab316,1965,3
java,stream,message,100,9,jackson-smile,2.18.3,18778,21420,119,40198,53253.807647,46685.340803,24876.859545,0,1.0,reflect,native,1,99d1c7fab316,1966,4
java,stream,message,100,9,msgpack,0.9.8,28998,28017,114,57015,34485.136906,35692.615198,17539.244059,0,1.0,reflect,native,1,99d1c7fab316,1967,5
java,stream,message,100,9,bson,5.3.1,35849,40210,134,76059,27894.780886,24869.435464,13147.687979,0,1.0,message,adapted,1,99d1c7fab316,1968,6
java,stream,message,100,9,avro,1.12.0,37311,39865,44,77176,26801.747474,25084.660730,12957.396082,0,1.0,schema,native,1,99d1c7fab316,1969,7
java,stream,message,100,9,jsoniter,0.9.23,19171,13359,150,32530,52162.119869,74855.902388,30740.854596,0,1.0,reflect,adapted,1,99d1c7fab316,1970,8
java,stream,message,100,9,java-serialization,21.0.11,52944,83946,206,136890,18887.881535,11912.419889,7305.135510,0,1.0,message,native,1,99d1c7fab316,1971,9
java,stream,message,100,9,fastjson2,2.0.57,28042,29882,158,57924,35660.794523,33464.962185,17264.001105,0,1.0,reflect,adapted,1,99d1c7fab316,1972,10
java,stream,message,100,9,protostuff,1.8.0,16764,16837,52,33601,59651.634455,59393.003504,29761.019017,0,1.0,schema,native,1,99d1c7fab316,1973,11
java,stream,message,100,9,jackson-cbor,2.18.3,23575,26368,115,49943,42417.815483,37924.757282,20022.826022,0,1.0,reflect,native,1,99d1c7fab316,1974,12
java,stream,message,100,9,kryo,5.6.2,21891,14203,46,36094,45680.873418,70407.660353,27705.435807,0,1.0,message,native,1,99d1c7fab316,1975,13
java,stream,message,100,9,fory,1.3.0,23751,16041,133,39792,42103.490379,62340.253101,25130.679534,0,1.0,message,adapted,1,99d1c7fab316,1976,14
java,stream,message,100,9,hessian,4.0.66,18789,22773,143,41562,53222.630262,43911.649761,24060.439825,0,1.0,message,native,1,99d1c7fab316,1977,15
java,stream,message,100,9,protobuf,4.28.3,13076,14053,50,27129,76475.986540,71159.183093,36860.923735,0,1.0,message,native,1,99d1c7fab316,1978,16
java,stream,message,100,9,dsl-json,2.0.2,44214,36598,158,80812,22617.270548,27323.897481,12374.399842,0,1.0,reflect,native,1,99d1c7fab316,1979,17
java,stream,message,100,10,bson,5.3.1,33481,29880,134,63361,29867.686150,33467.202142,15782.579189,0,1.0,message,adapted,1,99d1c7fab316,1980,0
java,stream,message,100,10,protostuff,1.8.0,12540,12617,52,25157,79744.816587,79258.143774,39750.367691,0,1.0,schema,native,1,99d1c7fab316,1981,1
java,stream,message,100,10,kryo,5.6.2,19393,12837,46,32230,51564.997680,77899.820830,31026.993484,0,1.0,message,native,1,99d1c7fab316,1982,2
java,stream,message,100,10,avro,1.12.0,26902,41135,44,68037,37171.957475,24310.198128,14697.884974,0,1.0,schema,native,1,99d1c7fab316,1983,3
java,stream,message,100,10,protobuf,4.28.3,12184,19398,50,31582,82074.852265,51551.706361,31663.605851,0,1.0,message,native,1,99d1c7fab316,1984,4
java,stream,message,100,10,jackson-smile,2.18.3,22000,28209,119,50209,45454.545455,35449.679180,19916.747993,0,1.0,reflect,native,1,99d1c7fab316,1985,5
java,stream,message,100,10,jackson-cbor,2.18.3,22239,19795,115,42034,44966.050632,50517.807527,23790.265024,0,1.0,reflect,native,1,99d1c7fab316,1986,6
java,stream,message,100,10,msgpack,0.9.8,24962,21342,114,46304,40060.892557,46855.964764,21596.406358,0,1.0,reflect,native,1,99d1c7fab316,1987,7
java,stream,message,100,10,fastjson2,2.0.57,24365,23021,158,47386,41042.478966,43438.599540,21103.279450,0,1.0,reflect,adapted,1,99d1c7fab316,1988,8
java,stream,message,100,10,ion,2.18.3,71328,81627,144,152955,14019.739794,12250.848371,6537.870616,0,1.0,reflect,native,1,99d1c7fab316,1989,9
java,stream,message,100,10,fory,1.3.0,16368,159563,133,175931,61094.819159,6267.117063,5684.046586,0,1.0,message,adapted,1,99d1c7fab316,1990,10
java,stream,message,100,10,jsoniter,0.9.23,14824,13650,150,28474,67458.175931,73260.073260,35119.758376,0,1.0,reflect,adapted,1,99d1c7fab316,1991,11
java,stream,message,100,10,java-serialization,21.0.11,36116,84270,206,120386,27688.559087,11866.619200,8306.613726,0,1.0,message,native,1,99d1c7fab316,1992,12
java,stream,message,100,10,hessian,4.0.66,19764,28651,143,48415,50597.045133,34902.795714,20654.755758,0,1.0,message,native,1,99d1c7fab316,1993,13
java,stream,message,100,10,gson,2.12.1,66054,35407,158,101461,15139.128592,28243.002796,9856.003785,0,1.0,reflect,native,1,99d1c7fab316,1994,14
java,stream,message,100,10,dsl-json,2.0.2,33679,32297,158,65976,29692.092996,30962.628108,15157.026798,0,1.0,reflect,native,1,99d1c7fab316,1995,15
java,stream,message,100,10,moshi,1.15.2,25279,49211,158,74490,39558.526840,20320.660015,13424.620754,0,1.0,reflect,native,1,99d1c7fab316,1996,16
java,stream,message,100,10,jackson,2.18.3,30002,31213,158,61215,33331.111259,32037.932913,16335.865392,0,1.0,reflect,native,1,99d1c7fab316,1997,17
java,stream,message,100,11,java-serialization,21.0.11,24756,55269,206,80025,40394.247859,18093.325372,12496.094970,0,1.0,message,native,1,99d1c7fab316,1998,0
java,stream,message,100,11,jackson-smile,2.18.3,18275,21204,119,39479,54719.562244,47160.913035,25329.922237,0,1.0,reflect,native,1,99d1c7fab316,1999,1
java,stream,message,100,11,kryo,5.6.2,17616,11652,46,29268,56766.575840,85822.176450,34167.008337,0,1.0,message,native,1,99d1c7fab316,2000,2
java,stream,message,100,11,avro,1.12.0,19106,50159,44,69265,52339.579190,19936.601607,14437.305999,0,1.0,schema,native,1,99d1c7fab316,2001,3
java,stream,message,100,11,jsoniter,0.9.23,11116,10536,150,21652,89960.417416,94912.680334,46185.109921,0,1.0,reflect,adapted,1,99d1c7fab316,2002,4
java,stream,message,100,11,dsl-json,2.0.2,29136,28731,158,57867,34321.801208,34805.610664,17281.006446,0,1.0,reflect,native,1,99d1c7fab316,2003,5
java,stream,message,100,11,msgpack,0.9.8,24793,22012,114,46805,40333.965232,45429.765582,21365.238757,0,1.0,reflect,native,1,99d1c7fab316,2004,6
java,stream,message,100,11,fory,1.3.0,15299,12470,133,27769,65363.749265,80192.461909,36011.379596,0,1.0,message,adapted,1,99d1c7fab316,2005,7
java,stream,message,100,11,jackson,2.18.3,21149,26204,158,47353,47283.559506,38162.112655,21117.986189,0,1.0,reflect,native,1,99d1c7fab316,2006,8
java,stream,message,100,11,bson,5.3.1,30023,30407,134,60430,33307.797355,32887.164140,16548.072150,0,1.0,message,adapted,1,99d1c7fab316,2007,9
java,stream,message,100,11,gson,2.12.1,52126,35500,158,87626,19184.284234,28169.014085,11412.137950,0,1.0,reflect,native,1,99d1c7fab316,2008,10
java,stream,message,100,11,moshi,1.15.2,19957,37188,158,57145,50107.731623,26890.394751,17499.343775,0,1.0,reflect,native,1,99d1c7fab316,2009,11
java,stream,message,100,11,hessian,4.0.66,16491,16765,143,33256,60639.136499,59648.076350,30069.761847,0,1.0,message,native,1,99d1c7fab316,2010,12
java,stream,message,100,11,fastjson2,2.0.57,22223,21849,158,44072,44998.425055,45768.685066,22690.143402,0,1.0,reflect,adapted,1,99d1c7fab316,2011,13
java,stream,message,100,11,protobuf,4.28.3,14734,13493,50,28227,67870.232116,74112.502779,35427.073369,0,1.0,message,native,1,99d1c7fab316,2012,14
java,stream,message,100,11,protostuff,1.8.0,12900,12450,52,25350,77519.379845,80321.285141,39447.731755,0,1.0,schema,native,1,99d1c7fab316,2013,15
java,stream,message,100,11,ion,2.18.3,62797,75172,144,137969,15924.327595,13302.825520,7248.004987,0,1.0,reflect,native,1,99d1c7fab316,2014,16
java,stream,message,100,11,jackson-cbor,2.18.3,20334,22027,115,42361,49178.715452,45398.828710,23606.619296,0,1.0,reflect,native,1,99d1c7fab316,2015,17
java,stream,message,100,12,jackson-smile,2.18.3,15971,19171,119,35142,62613.486945,52162.119869,28455.978601,0,1.0,reflect,native,1,99d1c7fab316,2016,0
java,stream,message,100,12,jackson,2.18.3,16828,22033,158,38861,59424.768243,45386.465756,25732.739765,0,1.0,reflect,native,1,99d1c7fab316,2017,1
java,stream,message,100,12,fory,1.3.0,13393,18738,133,32131,74665.870231,53367.488526,31122.591889,0,1.0,message,adapted,1,99d1c7fab316,2018,2
java,stream,message,100,12,hessian,4.0.66,14474,15228,143,29702,69089.401686,65668.505385,33667.766480,0,1.0,message,native,1,99d1c7fab316,2019,3
java,stream,message,100,12,dsl-json,2.0.2,28064,27957,158,56021,35632.839225,35769.217012,17850.448939,0,1.0,reflect,native,1,99d1c7fab316,2020,4
java,stream,message,100,12,java-serialization,21.0.11,82449,59514,206,141963,12128.709869,16802.769096,7044.088953,0,1.0,message,native,1,99d1c7fab316,2021,5
java,stream,message,100,12,fastjson2,2.0.57,21424,19972,158,41396,46676.624347,50070.098137,24156.923374,0,1.0,reflect,adapted,1,99d1c7fab316,2022,6
java,stream,message,100,12,moshi,1.15.2,21154,37350,158,58504,47272.383474,26773.761714,17092.848352,0,1.0,reflect,native,1,99d1c7fab316,2023,7
java,stream,message,100,12,jsoniter,0.9.23,12502,12106,150,24608,79987.202048,82603.667603,40637.191157,0,1.0,reflect,adapted,1,99d1c7fab316,2024,8
java,stream,message,100,12,avro,1.12.0,29659,32445,44,62104,33716.578442,30821.390045,16102.022414,0,1.0,schema,native,1,99d1c7fab316,2025,9
java,stream,message,100,12,kryo,5.6.2,19764,13161,46,32925,50597.045133,75982.068232,30372.057707,0,1.0,message,native,1,99d1c7fab316,2026,10
java,stream,message,100,12,bson,5.3.1,28574,29853,134,58427,34996.850283,33497.470941,17115.374741,0,1.0,message,adapted,1,99d1c7fab316,2027,11
java,stream,message,100,12,protobuf,4.28.3,16311,13146,50,29457,61308.319539,76068.766165,33947.788302,0,1.0,message,native,1,99d1c7fab316,2028,12
java,stream,message,100,12,protostuff,1.8.0,12100,12503,52,24603,82644.628099,79980.804607,40645.449742,0,1.0,schema,native,1,99d1c7fab316,2029,13
java,stream,message,100,12,jackson-cbor,2.18.3,20454,22438,115,42892,48890.192627,44567.251983,23314.370978,0,1.0,reflect,native,1,99d1c7fab316,2030,14
java,stream,message,100,12,ion,2.18.3,66627,67857,144,134484,15008.930314,14736.873130,7435.828797,0,1.0,reflect,native,1,99d1c7fab316,2031,15
java,stream,message,100,12,msgpack,0.9.8,25876,21142,114,47018,38645.849436,47299.214833,21268.450381,0,1.0,reflect,native,1,99d1c7fab316,2032,16
java,stream,message,100,12,gson,2.12.1,57099,29631,158,86730,17513.441566,33748.439135,11530.035743,0,1.0,reflect,native,1,99d1c7fab316,2033,17
java,stream,message,100,13,fastjson2,2.0.57,23659,19216,158,42875,42267.213323,52039.966694,23323.615160,0,1.0,reflect,adapted,1,99d1c7fab316,2034,0
java,stream,message,100,13,protobuf,4.28.3,11387,11947,50,23334,87819.443225,83703.021679,42855.918402,0,1.0,message,native,1,99d1c7fab316,2035,1
java,stream,message,100,13,gson,2.12.1,34903,24419,158,59322,28650.832307,40951.717925,16857.152490,0,1.0,reflect,native,1,99d1c7fab316,2036,2
java,stream,message,100,13,avro,1.12.0,17257,22759,44,40016,57947.499565,43938.661628,24990.003998,0,1.0,schema,native,1,99d1c7fab316,2037,3
java,stream,message,100,13,kryo,5.6.2,15276,10915,46,26191,65462.162870,91617.040770,38181.054561,0,1.0,message,native,1,99d1c7fab316,2038,4
java,stream,message,100,13,jackson,2.18.3,20244,29286,158,49530,49397.352302,34146.008332,20189.783969,0,1.0,reflect,native,1,99d1c7fab316,2039,5
java,stream,message,100,13,moshi,1.15.2,18459,24377,158,42836,54174.115608,41022.275095,23344.850126,0,1.0,reflect,native,1,99d1c7fab316,2040,6
java,stream,message,100,13,msgpack,0.9.8,26938,20183,114,47121,37122.280793,49546.648169,21221.960485,0,1.0,reflect,native,1,99d1c7fab316,2041,7
java,stream,message,100,13,ion,2.18.3,61536,68195,144,129731,16250.650026,14663.831659,7708.257857,0,1.0,reflect,native,1,99d1c7fab316,2042,8
java,stream,message,100,13,dsl-json,2.0.2,27011,25943,158,52954,37021.954019,38546.043249,18884.314688,0,1.0,reflect,native,1,99d1c7fab316,2043,9
java,stream,message,100,13,jsoniter,0.9.23,10444,9879,150,20323,95748.755266,101224.820326,49205.333858,0,1.0,reflect,adapted,1,99d1c7fab316,2044,10
java,stream,message,100,13,protostuff,1.8.0,10697,10611,52,21308,93484.154436,94241.824522,46930.730242,0,1.0,schema,native,1,99d1c7fab316,2045,11
java,stream,message,100,13,hessian,4.0.66,15181,14282,143,29463,65871.813451,70018.204733,33940.874996,0,1.0,message,native,1,99d1c7fab316,2046,12
java,stream,message,100,13,bson,5.3.1,23399,27957,134,51356,42736.869097,35769.217012,19471.921489,0,1.0,message,adapted,1,99d1c7fab316,2047,13
java,stream,message,100,13,fory,1.3.0,14480,12826,133,27306,69060.773481,77966.630282,36621.987842,0,1.0,message,adapted,1,99d1c7fab316,2048,14
java,stream,message,100,13,java-serialization,21.0.11,35429,55289,206,90718,28225.465015,18086.780372,11023.170705,0,1.0,message,native,1,99d1c7fab316,2049,15
java,stream,message,100,13,jackson-smile,2.18.3,19596,23001,119,42597,51030.822617,43476.370593,23475.831631,0,1.0,reflect,native,1,99d1c7fab316,2050,16
java,stream,message,100,13,jackson-cbor,2.18.3,15547,22149,115,37696,64321.090886,45148.765181,26528.013582,0,1.0,reflect,native,1,99d1c7fab316,2051,17
java,stream,message,100,14,protostuff,1.8.0,9887,11123,52,21010,101142.914939,89903.802931,47596.382675,0,1.0,schema,native,1,99d1c7fab316,2052,0
java,stream,message,100,14,jsoniter,0.9.23,9807,10049,150,19856,101967.982054,99512.389292,50362.610798,0,1.0,reflect,adapted,1,99d1c7fab316,2053,1
java,stream,message,100,14,ion,2.18.3,46562,63488,144,110050,21476.740690,15751.008065,9086.778737,0,1.0,reflect,native,1,99d1c7fab316,2054,2
java,stream,message,100,14,java-serialization,21.0.11,22811,51326,206,74137,43838.498970,19483.302809,13488.541484,0,1.0,message,native,1,99d1c7fab316,2055,3
java,stream,message,100,14,moshi,1.15.2,19249,26758,158,46007,51950.750688,37372.000897,21735.822810,0,1.0,reflect,native,1,99d1c7fab316,2056,4
java,stream,message,100,14,dsl-json,2.0.2,25921,24861,158,50782,38578.758536,40223.643458,19692.016856,0,1.0,reflect,native,1,99d1c7fab316,2057,5
java,stream,message,100,14,avro,1.12.0,18885,22959,44,41844,52952.078369,43555.904003,23898.288883,0,1.0,schema,native,1,99d1c7fab316,2058,6
java,stream,message,100,14,bson,5.3.1,24596,30196,134,54792,40657.017401,33116.969135,18250.839539,0,1.0,message,adapted,1,99d1c7fab316,2059,7
java,stream,message,100,14,msgpack,0.9.8,24745,26307,114,51052,40412.204486,38012.696241,19587.871190,0,1.0,reflect,native,1,99d1c7fab316,2060,8
java,stream,message,100,14,jackson,2.18.3,19257,32410,158,51667,51929.168614,30854.674483,19354.713841,0,1.0,reflect,native,1,99d1c7fab316,2061,9
java,stream,message,100,14,protobuf,4.28.3,10487,11670,50,22157,95356.155240,85689.802913,45132.463781,0,1.0,message,native,1,99d1c7fab316,2062,10
java,stream,message,100,14,jackson-cbor,2.18.3,15159,17710,115,32869,65967.412098,56465.273857,30423.803584,0,1.0,reflect,native,1,99d1c7fab316,2063,11
java,stream,message,100,14,fory,1.3.0,13633,14365,133,27998,73351.426685,69613.644274,35716.836917,0,1.0,message,adapted,1,99d1c7fab316,2064,12
java,stream,message,100,14,jackson-smile,2.18.3,15354,17305,119,32659,65129.607920,57786.766830,30619.431091,0,1.0,reflect,native,1,99d1c7fab316,2065,13
java,stream,message,100,14,fastjson2,2.0.57,25756,18362,158,44118,38825.904644,54460.298442,22666.485335,0,1.0,reflect,adapted,1,99d1c7fab316,2066,14
java,stream,message,100,14,kryo,5.6.2,15535,11210,46,26745,64370.775668,89206.066012,37390.166386,0,1.0,message,native,1,99d1c7fab316,2067,15
java,stream,message,100,14,gson,2.12.1,43951,31843,158,75794,22752.610862,31404.076249,13193.656490,0,1.0,reflect,native,1,99d1c7fab316,2068,16
java,stream,message,100,14,hessian,4.0.66,17177,16660,143,33837,58217.383711,60024.009604,29553.447410,0,1.0,message,native,1,99d1c7fab316,2069,17
java,stream,message,100,15,kryo,5.6.2,13056,10385,46,23441,76593.137255,96292.729899,42660.296062,0,1.0,message,native,1,99d1c7fab316,2070,0
java,stream,message,100,15,bson,5.3.1,22307,24102,134,46409,44828.977451,41490.332752,21547.544657,0,1.0,message,adapted,1,99d1c7fab316,2071,1
java,stream,message,100,15,gson,2.12.1,27442,24768,158,52210,36440.492675,40374.677003,19153.418885,0,1.0,reflect,native,1,99d1c7fab316,2072,2
java,stream,message,100,15,dsl-json,2.0.2,25081,24382,158,49463,39870.818548,41013.862686,20217.131998,0,1.0,reflect,native,1,99d1c7fab316,2073,3
java,stream,message,100,15,protobuf,4.28.3,9301,11996,50,21297,107515.320933,83361.120373,46954.970184,0,1.0,message,native,1,99d1c7fab316,2074,4
java,stream,message,100,15,protostuff,1.8.0,9407,16743,52,26150,106303.816307,59726.452846,38240.917782,0,1.0,schema,native,1,99d1c7fab316,2075,5
java,stream,message,100,15,moshi,1.15.2,17564,24378,158,41942,56934.639034,41020.592337,23842.449096,0,1.0,reflect,native,1,99d1c7fab316,2076,6
java,stream,message,100,15,avro,1.12.0,16714,21979,44,38693,59830.082566,45497.975340,25844.467992,0,1.0,schema,native,1,99d1c7fab316,2077,7
java,stream,message,100,15,hessian,4.0.66,12745,13200,143,25945,78462.142016,75757.575758,38543.071883,0,1.0,message,native,1,99d1c7fab316,2078,8
java,stream,message,100,15,fastjson2,2.0.57,17408,24052,158,41460,57444.852941,41576.584068,24119.633382,0,1.0,reflect,adapted,1,99d1c7fab316,2079,9
java,stream,message,100,15,msgpack,0.9.8,22429,21318,114,43747,44585.135316,46908.715639,22858.710312,0,1.0,reflect,native,1,99d1c7fab316,2080,10
java,stream,message,100,15,fory,1.3.0,18529,12494,133,31023,53969.453289,80038.418441,32234.148857,0,1.0,message,adapted,1,99d1c7fab316,2081,11
java,stream,message,100,15,ion,2.18.3,52905,62899,144,115804,18901.805122,15898.503951,8635.280301,0,1.0,reflect,native,1,99d1c7fab316,2082,12
java,stream,message,100,15,jackson-cbor,2.18.3,16136,18651,115,34787,61973.227566,53616.428074,28746.370771,0,1.0,reflect,native,1,99d1c7fab316,2083,13
java,stream,message,100,15,java-serialization,21.0.11,23035,51703,206,74738,43412.198828,19341.237452,13380.074393,0,1.0,message,native,1,99d1c7fab316,2084,14
java,stream,message,100,15,jackson,2.18.3,18514,24072,158,42586,54013.179216,41542.040545,23481.895459,0,1.0,reflect,native,1,99d1c7fab316,2085,15
java,stream,message,100,15,jsoniter,0.9.23,11300,10677,150,21977,88495.575221,93659.267585,45502.115848,0,1.0,reflect,adapted,1,99d1c7fab316,2086,16
java,stream,message,100,15,jackson-smile,2.18.3,14699,17278,119,31977,68031.838901,57877.069105,31272.477093,0,1.0,reflect,native,1,99d1c7fab316,2087,17
java,stream,message,100,16,gson,2.12.1,30761,25744,158,56505,32508.696076,38844.002486,17697.548889,0,1.0,reflect,native,1,99d1c7fab316,2088,0
java,stream,message,100,16,moshi,1.15.2,25948,24279,158,50227,38538.615693,41187.857820,19909.610369,0,1.0,reflect,native,1,99d1c7fab316,2089,1
java,stream,message,100,16,jackson,2.18.3,18845,22366,158,41211,53064.473335,44710.721631,24265.366043,0,1.0,reflect,native,1,99d1c7fab316,2090,2
java,stream,message,100,16,jsoniter,0.9.23,10005,9372,150,19377,99950.024988,106700.810926,51607.575992,0,1.0,reflect,adapted,1,99d1c7fab316,2091,3
java,stream,message,100,16,protobuf,4.28.3,10003,10794,50,20797,99970.008997,92644.061516,48083.858249,0,1.0,message,native,1,99d1c7fab316,2092,4
java,stream,message,100,16,java-serialization,21.0.11,20761,47215,206,67976,48167.236646,21179.709838,14711.074497,0,1.0,message,native,1,99d1c7fab316,2093,5
java,stream,message,100,16,msgpack,0.9.8,21904,18599,114,40503,45653.761870,53766.331523,24689.529171,0,1.0,reflect,native,1,99d1c7fab316,2094,6
java,stream,message,100,16,bson,5.3.1,23758,24358,134,48116,42091.085108,41054.273750,20783.107490,0,1.0,message,adapted,1,99d1c7fab316,2095,7
java,stream,message,100,16,jackson-smile,2.18.3,15186,17446,119,32632,65850.125115,57319.729451,30644.765874,0,1.0,reflect,native,1,99d1c7fab316,2096,8
java,stream,message,100,16,avro,1.12.0,17461,27297,44,44758,57270.488517,36634.062351,22342.374548,0,1.0,schema,native,1,99d1c7fab316,2097,9
java,stream,message,100,16,fastjson2,2.0.57,196022,23560,158,219582,5101.468203,42444.821732,4554.107349,0,1.0,reflect,adapted,1,99d1c7fab316,2098,10
java,stream,message,100,16,kryo,5.6.2,16522,11800,46,28322,60525.360126,84745.762712,35308.240943,0,1.0,message,native,1,99d1c7fab316,2099,11
java,stream,message,100,16,fory,1.3.0,14482,12236,133,26718,69051.236017,81726.054266,37427.951194,0,1.0,message,adapted,1,99d1c7fab316,2100,12
java,stream,message,100,16,hessian,4.0.66,13656,14427,143,28083,73227.885179,69314.479795,35608.731261,0,1.0,message,native,1,99d1c7fab316,2101,13
java,stream,message,100,16,dsl-json,2.0.2,29242,28802,158,58044,34197.387320,34719.811124,17228.309558,0,1.0,reflect,native,1,99d1c7fab316,2102,14
java,stream,message,100,16,ion,2.18.3,56445,73304,144,129749,17716.361059,13641.820365,7707.188495,0,1.0,reflect,native,1,99d1c7fab316,2103,15
java,stream,message,100,16,protostuff,1.8.0,9826,18988,52,28814,101770.812131,52664.840952,34705.351565,0,1.0,schema,native,1,99d1c7fab316,2104,16
java,stream,message,100,16,jackson-cbor,2.18.3,18249,20697,115,38946,54797.523152,48316.181089,25676.577826,0,1.0,reflect,native,1,99d1c7fab316,2105,17
java,stream,message,100,17,fory,1.3.0,11946,12503,133,24449,83710.028461,79980.804607,40901.468363,0,1.0,message,adapted,1,99d1c7fab316,2106,0
java,stream,message,100,17,bson,5.3.1,23367,24723,134,48090,42795.395215,40448.165676,20794.343938,0,1.0,message,adapted,1,99d1c7fab316,2107,1
java,stream,message,100,17,gson,2.12.1,31719,26820,158,58539,31526.845109,37285.607755,17082.628675,0,1.0,reflect,native,1,99d1c7fab316,2108,2
java,stream,message,100,17,jsoniter,0.9.23,10776,9938,150,20714,92798.812175,100623.867981,48276.527952,0,1.0,reflect,adapted,1,99d1c7fab316,2109,3
java,stream,message,100,17,jackson-smile,2.18.3,17210,19904,119,37114,58105.752469,50241.157556,26944.010346,0,1.0,reflect,native,1,99d1c7fab316,2110,4
java,stream,message,100,17,protostuff,1.8.0,9281,18860,52,28141,107747.010020,53022.269353,35535.339896,0,1.0,schema,native,1,99d1c7fab316,2111,5
java,stream,message,100,17,avro,1.12.0,17483,22486,44,39969,57198.421324,44472.115983,25019.390027,0,1.0,schema,native,1,99d1c7fab316,2112,6
java,stream,message,100,17,fastjson2,2.0.57,17838,17908,158,35746,56060.096423,55840.964932,27975.158060,0,1.0,reflect,adapted,1,99d1c7fab316,2113,7
java,stream,message,100,17,hessian,4.0.66,18614,13838,143,32452,53723.004190,72264.778147,30814.741772,0,1.0,message,native,1,99d1c7fab316,2114,8
java,stream,message,100,17,moshi,1.15.2,33181,34319,158,67500,30137.729423,29138.378158,14814.814815,0,1.0,reflect,native,1,99d1c7fab316,2115,9
java,stream,message,100,17,ion,2.18.3,50330,64504,144,114834,19868.865488,15502.914548,8708.222303,0,1.0,reflect,native,1,99d1c7fab316,2116,10
java,stream,message,100,17,jackson,2.18.3,18983,23787,158,42770,52678.712532,42039.769622,23380.874445,0,1.0,reflect,native,1,99d1c7fab316,2117,11
java,stream,message,100,17,java-serialization,21.0.11,24320,53693,206,78013,41118.421053,18624.401691,12818.376424,0,1.0,message,native,1,99d1c7fab316,2118,12
java,stream,message,100,17,kryo,5.6.2,19567,11336,46,30903,51106.454745,88214.537756,32359.317866,0,1.0,message,native,1,99d1c7fab316,2119,13
java,stream,message,100,17,jackson-cbor,2.18.3,17843,19098,115,36941,56044.387155,52361.503822,27070.193010,0,1.0,reflect,native,1,99d1c7fab316,2120,14
java,stream,message,100,17,dsl-json,2.0.2,26740,26304,158,53044,37397.157816,38017.031630,18852.273584,0,1.0,reflect,native,1,99d1c7fab316,2121,15
java,stream,message,100,17,msgpack,0.9.8,21988,20939,114,42927,45479.352374,47757.772577,23295.361893,0,1.0,reflect,native,1,99d1c7fab316,2122,16
java,stream,message,100,17,protobuf,4.28.3,10842,11390,50,22232,92233.905184,87796.312555,44980.208708,0,1.0,message,native,1,99d1c7fab316,2123,17
java,stream,message,100,18,avro,1.12.0,16739,22954,44,39693,59740.725252,43565.391653,25193.359031,0,1.0,schema,native,1,99d1c7fab316,2124,0
java,stream,message,100,18,fory,1.3.0,12593,11541,133,24134,79409.195585,86647.604194,41435.319466,0,1.0,message,adapted,1,99d1c7fab316,2125,1
java,stream,message,100,18,bson,5.3.1,25204,24180,134,49384,39676.241866,41356.492969,20249.473514,0,1.0,message,adapted,1,99d1c7fab316,2126,2
java,stream,message,100,18,msgpack,0.9.8,21017,18280,114,39297,47580.530047,54704.595186,25447.235158,0,1.0,reflect,native,1,99d1c7fab316,2127,3
java,stream,message,100,18,dsl-json,2.0.2,24722,23605,158,48327,40449.801796,42363.905952,20692.366586,0,1.0,reflect,native,1,99d1c7fab316,2128,4
java,stream,message,100,18,protobuf,4.28.3,10541,10680,50,21221,94867.659615,93632.958801,47123.132746,0,1.0,message,native,1,99d1c7fab316,2129,5
java,stream,message,100,18,kryo,5.6.2,17110,10386,46,27496,58445.353594,96283.458502,36368.926389,0,1.0,message,native,1,99d1c7fab316,2130,6
java,stream,message,100,18,protostuff,1.8.0,8850,43952,52,52802,112994.350282,22752.093193,18938.676565,0,1.0,schema,native,1,99d1c7fab316,2131,7
java,stream,message,100,18,moshi,1.15.2,19185,46775,158,65960,52124.055251,21378.941742,15160.703457,0,1.0,reflect,native,1,99d1c7fab316,2132,8
java,stream,message,100,18,ion,2.18.3,47468,60925,144,108393,21066.823966,16413.623307,9225.688006,0,1.0,reflect,native,1,99d1c7fab316,2133,9
java,stream,message,100,18,jackson-smile,2.18.3,15659,18376,119,34035,63861.038380,54418.807140,29381.519025,0,1.0,reflect,native,1,99d1c7fab316,2134,10
java,stream,message,100,18,jackson,2.18.3,18055,27239,158,45294,55386.319579,36712.067257,22077.979423,0,1.0,reflect,native,1,99d1c7fab316,2135,11
java,stream,message,100,18,jackson-cbor,2.18.3,14102,25136,115,39238,70911.927386,39783.577339,25485.498751,0,1.0,reflect,native,1,99d1c7fab316,2136,12
java,stream,message,100,18,jsoniter,0.9.23,10544,10049,150,20593,94840.667678,99512.389292,48560.190356,0,1.0,reflect,adapted,1,99d1c7fab316,2137,13
java,stream,message,100,18,gson,2.12.1,31560,25648,158,57208,31685.678074,38989.394885,17480.072717,0,1.0,reflect,native,1,99d1c7fab316,2138,14
java,stream,message,100,18,fastjson2,2.0.57,18502,18113,158,36615,54048.211004,55208.965936,27311.211252,0,1.0,reflect,adapted,1,99d1c7fab316,2139,15
java,stream,message,100,18,hessian,4.0.66,12834,13502,143,26336,77918.030232,74063.101763,37970.838396,0,1.0,message,native,1,99d1c7fab316,2140,16
java,stream,message,100,18,java-serialization,21.0.11,22551,50524,206,73075,44343.931533,19792.573826,13684.570647,0,1.0,message,native,1,99d1c7fab316,2141,17
java,stream,message,100,19,ion,2.18.3,46529,60351,144,106880,21491.972748,16569.733724,9356.287425,0,1.0,reflect,native,1,99d1c7fab316,2142,0
java,stream,message,100,19,bson,5.3.1,23826,24212,134,48038,41970.956098,41301.833801,20816.853324,0,1.0,message,adapted,1,99d1c7fab316,2143,1
java,stream,message,100,19,protostuff,1.8.0,9644,21586,52,31230,103691.414351,46326.322617,32020.493116,0,1.0,schema,native,1,99d1c7fab316,2144,2
java,stream,message,100,19,dsl-json,2.0.2,26914,26683,158,53597,37155.383815,37477.045310,18657.760696,0,1.0,reflect,native,1,99d1c7fab316,2145,3
java,stream,message,100,19,jsoniter,0.9.23,10450,9971,150,20421,95693.779904,100290.843446,48969.198374,0,1.0,reflect,adapted,1,99d1c7fab316,2146,4
java,stream,message,100,19,jackson-cbor,2.18.3,18474,20484,115,38958,54130.128830,48818.590119,25668.668823,0,1.0,reflect,native,1,99d1c7fab316,2147,5
java,stream,message,100,19,java-serialization,21.0.11,21844,48871,206,70715,45779.161326,20462.032698,14141.271300,0,1.0,message,native,1,99d1c7fab316,2148,6
java,stream,message,100,19,protobuf,4.28.3,9657,17100,50,26757,103551.827690,58479.532164,37373.397616,0,1.0,message,native,1,99d1c7fab316,2149,7
java,stream,message,100,19,hessian,4.0.66,12891,13051,143,25942,77573.500892,76622.481036,38547.529103,0,1.0,message,native,1,99d1c7fab316,2150,8
java,stream,message,100,19,jackson-smile,2.18.3,16423,19784,119,36207,60890.214942,50545.895673,27618.968708,0,1.0,reflect,native,1,99d1c7fab316,2151,9
java,stream,message,100,19,msgpack,0.9.8,20697,17746,114,38443,48316.181089,56350.726924,26012.538043,0,1.0,reflect,native,1,99d1c7fab316,2152,10
java,stream,message,100,19,moshi,1.15.2,18748,25225,158,43973,53339.022829,39643.211100,22741.227571,0,1.0,reflect,native,1,99d1c7fab316,2153,11
java,stream,message,100,19,fastjson2,2.0.57,18349,18619,158,36968,54498.882773,53708.577260,27050.421987,0,1.0,reflect,adapted,1,99d1c7fab316,2154,12
java,stream,message,100,19,fory,1.3.0,12426,12027,133,24453,80476.420409,83146.254261,40894.777737,0,1.0,message,adapted,1,99d1c7fab316,2155,13
java,stream,message,100,19,gson,2.12.1,30835,30687,158,61522,32430.679423,32587.088995,16254.348038,0,1.0,reflect,native,1,99d1c7fab316,2156,14
java,stream,message,100,19,jackson,2.18.3,19315,23527,158,42842,51773.233238,42504.356697,23341.580692,0,1.0,reflect,native,1,99d1c7fab316,2157,15
java,stream,message,100,19,kryo,5.6.2,14695,19184,46,33879,68050.357264,52126.772310,29516.809823,0,1.0,message,native,1,99d1c7fab316,2158,16
java,stream,message,100,19,avro,1.12.0,17935,22936,44,40871,55756.899916,43599.581444,24467.226151,0,1.0,schema,native,1,99d1c7fab316,2159,17
java,stream,message,100,20,jackson-smile,2.18.3,19117,18757,119,37874,52309.462782,53313.429653,26403.337382,0,1.0,reflect,native,1,99d1c7fab316,2160,0
java,stream,message,100,20,bson,5.3.1,24549,23547,134,48096,40734.856817,42468.254979,20791.749834,0,1.0,message,adapted,1,99d1c7fab316,2161,1
java,stream,message,100,20,java-serialization,21.0.11,21520,47999,206,69519,46468.401487,20833.767370,14384.556740,0,1.0,message,native,1,99d1c7fab316,2162,2
java,stream,message,100,20,avro,1.12.0,14788,21472,44,36260,67622.396538,46572.280179,27578.599007,0,1.0,schema,native,1,99d1c7fab316,2163,3
java,stream,message,100,20,moshi,1.15.2,16450,23360,158,39810,60790.273556,42808.219178,25119.316755,0,1.0,reflect,native,1,99d1c7fab316,2164,4
java,stream,message,100,20,kryo,5.6.2,15246,10833,46,26079,65590.974682,92310.532632,38345.028567,0,1.0,message,native,1,99d1c7fab316,2165,5
java,stream,message,100,20,fory,1.3.0,12000,11525,133,23525,83333.333333,86767.895879,42507.970244,0,1.0,message,adapted,1,99d1c7fab316,2166,6
java,stream,message,100,20,jackson-cbor,2.18.3,17474,25638,115,43112,57227.881424,39004.602543,23195.398033,0,1.0,reflect,native,1,99d1c7fab316,2167,7
java,stream,message,100,20,hessian,4.0.66,12744,13321,143,26065,78468.298807,75069.439231,38365.624401,0,1.0,message,native,1,99d1c7fab316,2168,8
java,stream,message,100,20,dsl-json,2.0.2,30988,25336,158,56324,32270.556344,39469.529523,17754.420851,0,1.0,reflect,native,1,99d1c7fab316,2169,9
java,stream,message,100,20,jsoniter,0.9.23,10317,9559,150,19876,96927.401376,104613.453290,50311.933991,0,1.0,reflect,adapted,1,99d1c7fab316,2170,10
java,stream,message,100,20,gson,2.12.1,36236,29540,158,65776,27596.864996,33852.403521,15203.113598,0,1.0,reflect,native,1,99d1c7fab316,2171,11
java,stream,message,100,20,protobuf,4.28.3,10093,12338,50,22431,99078.569305,81050.413357,44581.160002,0,1.0,message,native,1,99d1c7fab316,2172,12
java,stream,message,100,20,protostuff,1.8.0,9749,12061,52,21810,102574.623038,82911.864688,45850.527281,0,1.0,schema,native,1,99d1c7fab316,2173,13
java,stream,message,100,20,msgpack,0.9.8,23204,22880,114,46084,43096.017928,43706.293706,21699.505251,0,1.0,reflect,native,1,99d1c7fab316,2174,14
java,stream,message,100,20,ion,2.18.3,50143,71472,144,121615,19942.963125,13991.493172,8222.669901,0,1.0,reflect,native,1,99d1c7fab316,2175,15
java,stream,message,100,20,fastjson2,2.0.57,18710,18584,158,37294,53447.354356,53809.728799,26813.964713,0,1.0,reflect,adapted,1,99d1c7fab316,2176,16
java,stream,message,100,20,jackson,2.18.3,19088,33065,158,52153,52388.935457,30243.459852,19174.352386,0,1.0,reflect,native,1,99d1c7fab316,2177,17
java,stream,message,100,21,msgpack,0.9.8,20231,18200,114,38431,49429.093965,54945.054945,26020.660404,0,1.0,reflect,native,1,99d1c7fab316,2178,0
java,stream,message,100,21,jsoniter,0.9.23,9813,9610,150,19423,101905.635382,104058.272633,51485.352417,0,1.0,reflect,adapted,1,99d1c7fab316,2179,1
java,stream,message,100,21,ion,2.18.3,45842,65779,144,111621,21814.056978,15202.420225,8958.887665,0,1.0,reflect,native,1,99d1c7fab316,2180,2
java,stream,message,100,21,moshi,1.15.2,17495,67961,158,85456,57159.188340,14714.321449,11701.928478,0,1.0,reflect,native,1,99d1c7fab316,2181,3
java,stream,message,100,21,kryo,5.6.2,16718,20604,46,37322,59815.767436,48534.265191,26793.848132,0,1.0,message,native,1,99d1c7fab316,2182,4
java,stream,message,100,21,bson,5.3.1,28254,28051,134,56305,35393.218659,35649.352964,17760.412042,0,1.0,message,adapted,1,99d1c7fab316,2183,5
java,stream,message,100,21,fastjson2,2.0.57,18408,18893,158,37301,54324.206867,52929.656487,26808.932736,0,1.0,reflect,adapted,1,99d1c7fab316,2184,6
java,stream,message,100,21,gson,2.12.1,32711,33709,158,66420,30570.756015,29665.667923,15055.706113,0,1.0,reflect,native,1,99d1c7fab316,2185,7
java,stream,message,100,21,jackson-cbor,2.18.3,19693,21953,115,41646,50779.464784,45551.860794,24011.909907,0,1.0,reflect,native,1,99d1c7fab316,2186,8
java,stream,message,100,21,jackson-smile,2.18.3,15190,23956,119,39146,65832.784727,41743.195859,25545.394165,0,1.0,reflect,native,1,99d1c7fab316,2187,9
java,stream,message,100,21,protobuf,4.28.3,9797,11396,50,21193,102072.062876,87750.087750,47185.391403,0,1.0,message,native,1,99d1c7fab316,2188,10
java,stream,message,100,21,java-serialization,21.0.11,26247,58369,206,84616,38099.592334,17132.381915,11818.095868,0,1.0,message,native,1,99d1c7fab316,2189,11
java,stream,message,100,21,dsl-json,2.0.2,29945,26587,158,56532,33394.556687,37612.366946,17689.096441,0,1.0,reflect,native,1,99d1c7fab316,2190,12
java,stream,message,100,21,jackson,2.18.3,20538,60305,158,80843,48690.232739,16582.372938,12369.654763,0,1.0,reflect,native,1,99d1c7fab316,2191,13
java,stream,message,100,21,hessian,4.0.66,22348,17258,143,39606,44746.733488,57944.141847,25248.699692,0,1.0,message,native,1,99d1c7fab316,2192,14
java,stream,message,100,21,protostuff,1.8.0,10812,13662,52,24474,92489.826119,73195.725370,40859.687832,0,1.0,schema,native,1,99d1c7fab316,2193,15
java,stream,message,100,21,avro,1.12.0,23680,32070,44,55750,42229.729730,31181.789835,17937.219731,0,1.0,schema,native,1,99d1c7fab316,2194,16
java,stream,message,100,21,fory,1.3.0,20296,16747,133,37043,49270.792274,59712.187257,26995.653700,0,1.0,message,adapted,1,99d1c7fab316,2195,17
java,stream,message,100,22,hessian,4.0.66,16784,12526,143,29310,59580.552908,79833.945394,34118.048448,0,1.0,message,native,1,99d1c7fab316,2196,0
java,stream,message,100,22,gson,2.12.1,35722,32585,158,68307,27993.953306,30688.967316,14639.788016,0,1.0,reflect,native,1,99d1c7fab316,2197,1
java,stream,message,100,22,protobuf,4.28.3,9958,12662,50,22620,100421.771440,78976.465013,44208.664898,0,1.0,message,native,1,99d1c7fab316,2198,2
java,stream,message,100,22,java-serialization,21.0.11,24352,54720,206,79072,41064.388962,18274.853801,12646.701740,0,1.0,message,native,1,99d1c7fab316,2199,3
java,stream,message,100,22,jackson-cbor,2.18.3,27237,26186,115,53423,36714.763006,38188.344917,18718.529472,0,1.0,reflect,native,1,99d1c7fab316,2200,4
java,stream,message,100,22,jsoniter,0.9.23,14548,12582,150,27130,68737.970855,79478.620251,36859.565057,0,1.0,reflect,adapted,1,99d1c7fab316,2201,5
java,stream,message,100,22,dsl-json,2.0.2,31625,33825,158,65450,31620.553360,29563.932003,15278.838808,0,1.0,reflect,native,1,99d1c7fab316,2202,6
java,stream,message,100,22,protostuff,1.8.0,12060,13258,52,25318,82918.739635,75426.157792,39497.590647,0,1.0,schema,native,1,99d1c7fab316,2203,7
java,stream,message,100,22,jackson,2.18.3,31495,49313,158,80808,31751.071599,20278.628354,12375.012375,0,1.0,reflect,native,1,99d1c7fab316,2204,8
java,stream,message,100,22,avro,1.12.0,22915,35899,44,58814,43639.537421,27855.929135,17002.754446,0,1.0,schema,native,1,99d1c7fab316,2205,9
java,stream,message,100,22,jackson-smile,2.18.3,25880,23294,119,49174,38639.876352,42929.509745,20335.949892,0,1.0,reflect,native,1,99d1c7fab316,2206,10
java,stream,message,100,22,kryo,5.6.2,25637,13327,46,38964,39006.123961,75035.641930,25664.716148,0,1.0,message,native,1,99d1c7fab316,2207,11
java,stream,message,100,22,moshi,1.15.2,24586,30905,158,55491,40673.554055,32357.223750,18020.940333,0,1.0,reflect,native,1,99d1c7fab316,2208,12
java,stream,message,100,22,bson,5.3.1,36136,31797,134,67933,27673.234448,31449.507815,14720.386263,0,1.0,message,adapted,1,99d1c7fab316,2209,13
java,stream,message,100,22,fory,1.3.0,19561,15464,133,35025,51122.130770,64666.321780,28551.034975,0,1.0,message,adapted,1,99d1c7fab316,2210,14
java,stream,message,100,22,msgpack,0.9.8,32422,34439,114,66861,30843.254580,29036.847760,14956.402088,0,1.0,reflect,native,1,99d1c7fab316,2211,15
java,stream,message,100,22,ion,2.18.3,72350,116864,144,189214,13821.700069,8556.955093,5285.021193,0,1.0,reflect,native,1,99d1c7fab316,2212,16
java,stream,message,100,22,fastjson2,2.0.57,27038,35754,158,62792,36984.984096,27968.898585,15925.595617,0,1.0,reflect,adapted,1,99d1c7fab316,2213,17
java,stream,message,100,23,jackson-cbor,2.18.3,25983,26149,115,52132,38486.702844,38242.380206,19182.076268,0,1.0,reflect,native,1,99d1c7fab316,2214,0
java,stream,message,100,23,gson,2.12.1,49127,35034,158,84161,20355.405378,28543.700405,11881.988094,0,1.0,reflect,native,1,99d1c7fab316,2215,1
java,stream,message,100,23,jackson,2.18.3,25601,32835,158,58436,39060.974181,30455.306837,17112.738723,0,1.0,reflect,native,1,99d1c7fab316,2216,2
java,stream,message,100,23,protostuff,1.8.0,17100,14646,52,31746,58479.532164,68278.028131,31500.031500,0,1.0,schema,native,1,99d1c7fab316,2217,3
java,stream,message,100,23,bson,5.3.1,35919,34281,134,70200,27840.418720,29170.677635,14245.014245,0,1.0,message,adapted,1,99d1c7fab316,2218,4
java,stream,message,100,23,ion,2.18.3,64309,95015,144,159324,15549.923028,10524.654002,6276.518290,0,1.0,reflect,native,1,99d1c7fab316,2219,5
java,stream,message,100,23,fory,1.3.0,30635,15600,133,46235,32642.402481,64102.564103,21628.636314,0,1.0,message,adapted,1,99d1c7fab316,2220,6
java,stream,message,100,23,jsoniter,0.9.23,14598,13157,150,27755,68502.534594,76005.168351,36029.544226,0,1.0,reflect,adapted,1,99d1c7fab316,2221,7
java,stream,message,100,23,avro,1.12.0,29127,46263,44,75390,34332.406358,21615.545901,13264.358668,0,1.0,schema,native,1,99d1c7fab316,2222,8
java,stream,message,100,23,kryo,5.6.2,22949,15388,46,38337,43574.883437,64985.703145,26084.461486,0,1.0,message,native,1,99d1c7fab316,2223,9
java,stream,message,100,23,java-serialization,21.0.11,39468,88048,206,127516,25336.981859,11357.441396,7842.153142,0,1.0,message,native,1,99d1c7fab316,2224,10
java,stream,message,100,23,jackson-smile,2.18.3,31161,32665,119,63826,32091.396297,30613.806827,15667.596277,0,1.0,reflect,native,1,99d1c7fab316,2225,11
java,stream,message,100,23,msgpack,0.9.8,34482,32870,114,67352,29000.638014,30422.878004,14847.369046,0,1.0,reflect,native,1,99d1c7fab316,2226,12
java,stream,message,100,23,fastjson2,2.0.57,26997,25712,158,52709,37041.152721,38892.345986,18972.092053,0,1.0,reflect,adapted,1,99d1c7fab316,2227,13
java,stream,message,100,23,moshi,1.15.2,30464,36843,158,67307,32825.630252,27142.197975,14857.295675,0,1.0,reflect,native,1,99d1c7fab316,2228,14
java,stream,message,100,23,protobuf,4.28.3,27851,25920,50,53771,35905.353488,38580.246914,18597.385208,0,1.0,message,native,1,99d1c7fab316,2229,15
java,stream,message,100,23,dsl-json,2.0.2,50350,38841,158,89191,19860.973188,25745.990062,11211.893577,0,1.0,reflect,native,1,99d1c7fab316,2230,16
java,stream,message,100,23,hessian,4.0.66,26185,25550,143,51735,38189.803323,39138.943249,19329.274186,0,1.0,message,native,1,99d1c7fab316,2231,17
java,stream,message,100,24,protostuff,1.8.0,13189,16944,52,30133,75820.759724,59017.941454,33186.207812,0,1.0,schema,native,1,99d1c7fab316,2232,0
java,stream,message,100,24,hessian,4.0.66,20016,13756,143,33772,49960.031974,72695.551032,29610.328082,0,1.0,message,native,1,99d1c7fab316,2233,1
java,stream,message,100,24,protobuf,4.28.3,23168,17722,50,40890,43162.983425,56427.039837,24455.857178,0,1.0,message,native,1,99d1c7fab316,2234,2
java,stream,message,100,24,jsoniter,0.9.23,20025,13883,150,33908,49937.578027,72030.540949,29491.565412,0,1.0,reflect,adapted,1,99d1c7fab316,2235,3
java,stream,message,100,24,msgpack,0.9.8,47918,33467,114,81385,20868.984515,29880.180476,12287.276525,0,1.0,reflect,native,1,99d1c7fab316,2236,4
java,stream,message,100,24,fastjson2,2.0.57,21941,26584,158,48525,45576.774076,37616.611496,20607.934055,0,1.0,reflect,adapted,1,99d1c7fab316,2237,5
java,stream,message,100,24,dsl-json,2.0.2,35698,33420,158,69118,28012.773825,29922.202274,14468.011227,0,1.0,reflect,native,1,99d1c7fab316,2238,6
java,stream,message,100,24,jackson-smile,2.18.3,22779,26781,119,49560,43900.083410,37339.905157,20177.562550,0,1.0,reflect,native,1,99d1c7fab316,2239,7
java,stream,message,100,24,kryo,5.6.2,23939,15703,46,39642,41772.839300,63682.098962,25225.770647,0,1.0,message,native,1,99d1c7fab316,2240,8
java,stream,message,100,24,gson,2.12.1,57659,52401,158,110060,17343.346225,19083.605275,9085.953116,0,1.0,reflect,native,1,99d1c7fab316,2241,9
java,stream,message,100,24,fory,1.3.0,20926,28555,133,49481,47787.441460,35020.136579,20209.777490,0,1.0,message,adapted,1,99d1c7fab316,2242,10
java,stream,message,100,24,jackson,2.18.3,28460,41039,158,69499,35137.034434,24367.065474,14388.696240,0,1.0,reflect,native,1,99d1c7fab316,2243,11
java,stream,message,100,24,bson,5.3.1,57097,47248,134,104345,17514.055029,21164.917034,9583.592889,0,1.0,message,adapted,1,99d1c7fab316,2244,12
java,stream,message,100,24,jackson-cbor,2.18.3,25303,32070,115,57373,39521.005414,31181.789835,17429.801475,0,1.0,reflect,native,1,99d1c7fab316,2245,13
java,stream,message,100,24,ion,2.18.3,90538,125858,144,216396,11045.086041,7945.462346,4621.157508,0,1.0,reflect,native,1,99d1c7fab316,2246,14
java,stream,message,100,24,java-serialization,21.0.11,44979,90861,206,135840,22232.597434,11005.822080,7361.601885,0,1.0,message,native,1,99d1c7fab316,2247,15
java,stream,message,100,24,avro,1.12.0,35252,42576,44,77828,28367.184841,23487.410748,12848.846174,0,1.0,schema,native,1,99d1c7fab316,2248,16
java,stream,message,100,24,moshi,1.15.2,29489,34212,158,63701,33910.949846,29229.510113,15698.340685,0,1.0,reflect,native,1,99d1c7fab316,2249,17
java,stream,message,100,25,jackson-smile,2.18.3,20739,25663,119,46402,48218.332610,38966.605619,21550.795224,0,1.0,reflect,native,1,99d1c7fab316,2250,0
java,stream,message,100,25,dsl-json,2.0.2,35643,31418,158,67061,28055.999776,31828.887899,14911.796722,0,1.0,reflect,native,1,99d1c7fab316,2251,1
java,stream,message,100,25,fastjson2,2.0.57,22577,21038,158,43615,44292.864420,47533.035460,22927.891780,0,1.0,reflect,adapted,1,99d1c7fab316,2252,2
java,stream,message,100,25,jackson,2.18.3,23811,30631,158,54442,41997.396161,32646.665143,18368.171632,0,1.0,reflect,native,1,99d1c7fab316,2253,3
java,stream,message,100,25,msgpack,0.9.8,29147,56904,114,86051,34308.848252,17573.457050,11621.015444,0,1.0,reflect,native,1,99d1c7fab316,2254,4
java,stream,message,100,25,bson,5.3.1,39840,38105,134,77945,25100.401606,26243.275161,12829.559305,0,1.0,message,adapted,1,99d1c7fab316,2255,5
java,stream,message,100,25,avro,1.12.0,24757,41640,44,66397,40392.616230,24015.369837,15060.921427,0,1.0,schema,native,1,99d1c7fab316,2256,6
java,stream,message,100,25,moshi,1.15.2,24562,29240,158,53802,40713.296963,34199.726402,18586.669641,0,1.0,reflect,native,1,99d1c7fab316,2257,7
java,stream,message,100,25,jackson-cbor,2.18.3,23030,27187,115,50217,43421.623969,36782.285651,19913.575084,0,1.0,reflect,native,1,99d1c7fab316,2258,8
java,stream,message,100,25,protostuff,1.8.0,20551,19072,52,39623,48659.432631,52432.885906,25237.866895,0,1.0,schema,native,1,99d1c7fab316,2259,9
java,stream,message,100,25,gson,2.12.1,49783,41411,158,91194,20087.178354,24148.173191,10965.633704,0,1.0,reflect,native,1,99d1c7fab316,2260,10
java,stream,message,100,25,java-serialization,21.0.11,59519,87462,206,146981,16801.357550,11433.536850,6803.600465,0,1.0,message,native,1,99d1c7fab316,2261,11
java,stream,message,100,25,fory,1.3.0,81993,24839,133,106832,12196.163087,40259.269697,9360.491239,0,1.0,message,adapted,1,99d1c7fab316,2262,12
java,stream,message,100,25,ion,2.18.3,108158,138772,144,246930,9245.733094,7206.064624,4049.730693,0,1.0,reflect,native,1,99d1c7fab316,2263,13
java,stream,message,100,25,jsoniter,0.9.23,24832,21456,150,46288,40270.618557,46607.009694,21603.871414,0,1.0,reflect,adapted,1,99d1c7fab316,2264,14
java,stream,message,100,25,protobuf,4.28.3,18694,34302,50,52996,53493.099390,29152.819078,18869.348630,0,1.0,message,native,1,99d1c7fab316,2265,15
java,stream,message,100,25,hessian,4.0.66,33783,28448,143,62231,29600.686736,35151.856018,16069.161672,0,1.0,message,native,1,99d1c7fab316,2266,16
java,stream,message,100,25,kryo,5.6.2,30302,17821,46,48123,33001.122038,56113.573874,20780.084367,0,1.0,message,native,1,99d1c7fab316,2267,17
java,stream,message,100,26,jackson,2.18.3,34223,43856,158,78079,29220.115127,22801.897118,12807.541080,0,1.0,reflect,native,1,99d1c7fab316,2268,0
java,stream,message,100,26,msgpack,0.9.8,37649,56838,114,94487,26561.130442,17593.863260,10583.466509,0,1.0,reflect,native,1,99d1c7fab316,2269,1
java,stream,message,100,26,jsoniter,0.9.23,16116,16864,150,32980,62050.136510,59297.912713,30321.406913,0,1.0,reflect,adapted,1,99d1c7fab316,2270,2
java,stream,message,100,26,fastjson2,2.0.57,28986,27634,158,56620,34499.413510,36187.305493,17661.603674,0,1.0,reflect,adapted,1,99d1c7fab316,2271,3
java,stream,message,100,26,dsl-json,2.0.2,57885,37097,158,94982,17275.632720,26956.357657,10528.310627,0,1.0,reflect,native,1,99d1c7fab316,2272,4
java,stream,message,100,26,moshi,1.15.2,29752,34219,158,63971,33611.185803,29223.530787,15632.083288,0,1.0,reflect,native,1,99d1c7fab316,2273,5
java,stream,message,100,26,jackson-smile,2.18.3,27036,30948,119,57984,36987.720077,32312.265736,17246.136865,0,1.0,reflect,native,1,99d1c7fab316,2274,6
java,stream,message,100,26,ion,2.18.3,166131,120116,144,286247,6019.346179,8325.285557,3493.486395,0,1.0,reflect,native,1,99d1c7fab316,2275,7
java,stream,message,100,26,kryo,5.6.2,31822,19740,46,51562,31424.800453,50658.561297,19394.127458,0,1.0,message,native,1,99d1c7fab316,2276,8
java,stream,message,100,26,java-serialization,21.0.11,53330,92389,206,145719,18751.171948,10823.799370,6862.523075,0,1.0,message,native,1,99d1c7fab316,2277,9
java,stream,message,100,26,hessian,4.0.66,31670,22195,143,53865,31575.623619,45055.192611,18564.930846,0,1.0,message,native,1,99d1c7fab316,2278,10
java,stream,message,100,26,avro,1.12.0,39215,57306,44,96521,25500.446258,17450.179737,10360.439697,0,1.0,schema,native,1,99d1c7fab316,2279,11
java,stream,message,100,26,protobuf,4.28.3,41499,24105,50,65604,24096.966192,41485.169052,15242.972989,0,1.0,message,native,1,99d1c7fab316,2280,12
java,stream,message,100,26,gson,2.12.1,62686,47774,158,110460,15952.525285,20931.887638,9053.050878,0,1.0,reflect,native,1,99d1c7fab316,2281,13
java,stream,message,100,26,jackson-cbor,2.18.3,31119,33392,115,64511,32134.708699,29947.292765,15501.232348,0,1.0,reflect,native,1,99d1c7fab316,2282,14
java,stream,message,100,26,protostuff,1.8.0,21474,23511,52,44985,46567.942628,42533.282293,22229.632100,0,1.0,schema,native,1,99d1c7fab316,2283,15
java,stream,message,100,26,bson,5.3.1,58549,63206,134,121755,17079.711011,15821.282790,8213.215063,0,1.0,message,adapted,1,99d1c7fab316,2284,16
java,stream,message,100,26,fory,1.3.0,42836,78141,133,120977,23344.850126,12797.379097,8266.034040,0,1.0,message,adapted,1,99d1c7fab316,2285,17
java,stream,message,100,27,bson,5.3.1,73598,76302,134,149900,13587.325743,13105.816361,6671.114076,0,1.0,message,adapted,1,99d1c7fab316,2286,0
java,stream,message,100,27,ion,2.18.3,310705,255210,144,565915,3218.486989,3918.341758,1767.049822,0,1.0,reflect,native,1,99d1c7fab316,2287,1
java,stream,message,100,27,msgpack,0.9.8,70888,59108,114,129996,14106.759959,16918.183664,7692.544386,0,1.0,reflect,native,1,99d1c7fab316,2288,2
java,stream,message,100,27,protobuf,4.28.3,27495,28280,50,55775,36370.249136,35360.678925,17929.179740,0,1.0,message,native,1,99d1c7fab316,2289,3
java,stream,message,100,27,jackson-cbor,2.18.3,95215,97506,115,192721,10502.546868,10255.779132,5188.848128,0,1.0,reflect,native,1,99d1c7fab316,2290,4
java,stream,message,100,27,kryo,5.6.2,54071,28276,46,82347,18494.202068,35365.681143,12143.733226,0,1.0,message,native,1,99d1c7fab316,2291,5
java,stream,message,100,27,protostuff,1.8.0,53721,19511,52,73232,18614.694440,51253.139255,13655.232685,0,1.0,schema,native,1,99d1c7fab316,2292,6
java,stream,message,100,27,jackson,2.18.3,127290,49274,158,176564,7856.076675,20294.678735,5663.668698,0,1.0,reflect,native,1,99d1c7fab316,2293,7
java,stream,message,100,27,jsoniter,0.9.23,306203,29708,150,335911,3265.807324,33660.966743,2976.979021,0,1.0,reflect,adapted,1,99d1c7fab316,2294,8
java,stream,message,100,27,avro,1.12.0,49266,62838,44,112104,20297.974262,15913.937426,8920.288304,0,1.0,schema,native,1,99d1c7fab316,2295,9
java,stream,message,100,27,gson,2.12.1,103280,77929,158,181209,9682.416731,12832.193407,5518.489700,0,1.0,reflect,native,1,99d1c7fab316,2296,10
java,stream,message,100,27,fastjson2,2.0.57,57805,312682,158,370487,17299.541562,3198.137405,2699.150038,0,1.0,reflect,adapted,1,99d1c7fab316,2297,11
java,stream,message,100,27,java-serialization,21.0.11,70511,260371,206,330882,14182.184340,3840.673501,3022.225446,0,1.0,message,native,1,99d1c7fab316,2298,12
java,stream,message,100,27,jackson-smile,2.18.3,62648,48181,119,110829,15962.201507,20755.069426,9022.909166,0,1.0,reflect,native,1,99d1c7fab316,2299,13
java,stream,message,100,27,fory,1.3.0,24243,45985,133,70228,41249.020336,21746.221594,14239.334738,0,1.0,message,adapted,1,99d1c7fab316,2300,14
java,stream,message,100,27,dsl-json,2.0.2,930100,1057964,158,1988064,1075.153209,945.211746,503.001915,0,1.0,reflect,native,1,99d1c7fab316,2301,15
java,stream,message,100,27,hessian,4.0.66,41579,71834,143,113413,24050.602468,13920.984492,8817.331346,0,1.0,message,native,1,99d1c7fab316,2302,16
java,stream,message,100,27,moshi,1.15.2,48900,60204,158,109104,20449.897751,16610.192014,9165.566799,0,1.0,reflect,native,1,99d1c7fab316,2303,17
java,stream,message,100,28,jackson-cbor,2.18.3,34827,37670,115,72497,28713.354581,26546.323334,13793.674221,0,1.0,reflect,native,1,99d1c7fab316,2304,0
java,stream,message,100,28,java-serialization,21.0.11,38957,123316,206,162273,25669.327720,8109.247786,6162.454629,0,1.0,message,native,1,99d1c7fab316,2305,1
java,stream,message,100,28,jackson-smile,2.18.3,30799,33405,119,64204,32468.586642,29935.638377,15575.353561,0,1.0,reflect,native,1,99d1c7fab316,2306,2
java,stream,message,100,28,moshi,1.15.2,25012,54773,158,79785,39980.809212,18257.170504,12533.684276,0,1.0,reflect,native,1,99d1c7fab316,2307,3
java,stream,message,100,28,protostuff,1.8.0,20003,20881,52,40884,49992.501125,47890.426704,24459.446238,0,1.0,schema,native,1,99d1c7fab316,2308,4
java,stream,message,100,28,jackson,2.18.3,38195,39120,158,77315,26181.437361,25562.372188,12934.100757,0,1.0,reflect,native,1,99d1c7fab316,2309,5
java,stream,message,100,28,msgpack,0.9.8,102736,36625,114,139361,9733.686342,27303.754266,7175.608671,0,1.0,reflect,native,1,99d1c7fab316,2310,6
java,stream,message,100,28,jsoniter,0.9.23,30813,23713,150,54526,32453.834421,42170.961076,18339.874555,0,1.0,reflect,adapted,1,99d1c7fab316,2311,7
java,stream,message,100,28,ion,2.18.3,163254,215808,144,379062,6125.424186,4633.748517,2638.090866,0,1.0,reflect,native,1,99d1c7fab316,2312,8
java,stream,message,100,28,bson,5.3.1,84424,74789,134,159213,11844.972993,13370.950273,6280.894148,0,1.0,message,adapted,1,99d1c7fab316,2313,9
java,stream,message,100,28,hessian,4.0.66,33463,33604,143,67067,29883.752204,29758.362100,14910.462672,0,1.0,message,native,1,99d1c7fab316,2314,10
java,stream,message,100,28,avro,1.12.0,50860,83594,44,134454,19661.816752,11962.581046,7437.487914,0,1.0,schema,native,1,99d1c7fab316,2315,11
java,stream,message,100,28,dsl-json,2.0.2,71776,112493,158,184269,13932.233616,8889.442010,5426.848792,0,1.0,reflect,native,1,99d1c7fab316,2316,12
java,stream,message,100,28,protobuf,4.28.3,35385,37345,50,72730,28260.562385,26777.346365,13749.484394,0,1.0,message,native,1,99d1c7fab316,2317,13
java,stream,message,100,28,gson,2.12.1,124864,59805,158,184669,8008.713480,16721.009949,5415.094033,0,1.0,reflect,native,1,99d1c7fab316,2318,14
java,stream,message,100,28,kryo,5.6.2,38225,27569,46,65794,26160.889470,36272.625050,15198.954312,0,1.0,message,native,1,99d1c7fab316,2319,15
java,stream,message,100,28,fory,1.3.0,40276,28339,133,68615,24828.682094,35287.060235,14574.072725,0,1.0,message,adapted,1,99d1c7fab316,2320,16
java,stream,message,100,28,fastjson2,2.0.57,42052,66650,158,108702,23780.081803,15003.750938,9199.462751,0,1.0,reflect,adapted,1,99d1c7fab316,2321,17
java,stream,message,100,29,jackson,2.18.3,43348,49388,158,92736,23069.115069,20247.833482,10783.298827,0,1.0,reflect,native,1,99d1c7fab316,2322,0
java,stream,message,100,29,msgpack,0.9.8,42730,72174,114,114904,23402.761526,13855.404993,8702.917218,0,1.0,reflect,native,1,99d1c7fab316,2323,1
java,stream,message,100,29,kryo,5.6.2,33816,25407,46,59223,29571.800331,39359.231708,16885.331712,0,1.0,message,native,1,99d1c7fab316,2324,2
java,stream,message,100,29,jackson-cbor,2.18.3,28238,35077,115,63315,35413.272895,28508.709411,15794.045645,0,1.0,reflect,native,1,99d1c7fab316,2325,3
java,stream,message,100,29,fory,1.3.0,34196,22314,133,56510,29243.186338,44814.914404,17695.983012,0,1.0,message,adapted,1,99d1c7fab316,2326,4
java,stream,message,100,29,jsoniter,0.9.23,25185,17347,150,42532,39706.174310,57646.855364,23511.708831,0,1.0,reflect,adapted,1,99d1c7fab316,2327,5
java,stream,message,100,29,moshi,1.15.2,34449,61845,158,96294,29028.418822,16169.455898,10384.863024,0,1.0,reflect,native,1,99d1c7fab316,2328,6
java,stream,message,100,29,jackson-smile,2.18.3,33618,33112,119,66730,29745.969421,30200.531529,14985.763525,0,1.0,reflect,native,1,99d1c7fab316,2329,7
java,stream,message,100,29,hessian,4.0.66,27201,30973,143,58174,36763.354288,32286.184742,17189.809881,0,1.0,message,native,1,99d1c7fab316,2330,8
java,stream,message,100,29,java-serialization,21.0.11,45686,93005,206,138691,21888.543536,10752.110102,7210.273197,0,1.0,message,native,1,99d1c7fab316,2331,9
java,stream,message,100,29,dsl-json,2.0.2,53888,37543,158,91431,18557.007126,26636.123911,10937.209480,0,1.0,reflect,native,1,99d1c7fab316,2332,10
java,stream,message,100,29,protobuf,4.28.3,25619,22386,50,48005,39033.529802,44670.776378,20831.163420,0,1.0,message,native,1,99d1c7fab316,2333,11
java,stream,message,100,29,bson,5.3.1,58925,60938,134,119863,16970.725499,16410.121763,8342.858096,0,1.0,message,adapted,1,99d1c7fab316,2334,12
java,stream,message,100,29,gson,2.12.1,61256,58650,158,119906,16324.931435,17050.298380,8339.866229,0,1.0,reflect,native,1,99d1c7fab316,2335,13
java,stream,message,100,29,protostuff,1.8.0,22660,25019,52,47679,44130.626655,39969.623086,20973.594245,0,1.0,schema,native,1,99d1c7fab316,2336,14
java,stream,message,100,29,fastjson2,2.0.57,37171,29961,158,67132,26902.692960,33376.723073,14896.025740,0,1.0,reflect,adapted,1,99d1c7fab316,2337,15
java,stream,message,100,29,ion,2.18.3,129763,153470,144,283233,7706.356974,6515.931452,3530.662034,0,1.0,reflect,native,1,99d1c7fab316,2338,16
java,stream,message,100,29,avro,1.12.0,34669,46001,44,80670,28844.212409,21738.657855,12396.181976,0,1.0,schema,native,1,99d1c7fab316,2339,17
java,stream,message,100,30,jackson-cbor,2.18.3,24101,29272,115,53373,41492.054272,34162.339437,18736.065052,0,1.0,reflect,native,1,99d1c7fab316,2340,0
java,stream,message,100,30,protobuf,4.28.3,12862,16994,50,29856,77748.406158,58844.297988,33494.105038,0,1.0,message,native,1,99d1c7fab316,2341,1
java,stream,message,100,30,jackson,2.18.3,24066,34047,158,58113,41552.397573,29371.163392,17207.853664,0,1.0,reflect,native,1,99d1c7fab316,2342,2
java,stream,message,100,30,fory,1.3.0,23442,21897,133,45339,42658.476239,45668.356396,22056.066521,0,1.0,message,adapted,1,99d1c7fab316,2343,3
java,stream,message,100,30,dsl-json,2.0.2,38365,147270,158,185635,26065.424215,6790.249202,5386.915183,0,1.0,reflect,native,1,99d1c7fab316,2344,4
java,stream,message,100,30,moshi,1.15.2,31350,48342,158,79692,31897.926635,20685.945968,12548.310997,0,1.0,reflect,native,1,99d1c7fab316,2345,5
java,stream,message,100,30,protostuff,1.8.0,17015,14148,52,31163,58771.672054,70681.368391,32089.336713,0,1.0,schema,native,1,99d1c7fab316,2346,6
java,stream,message,100,30,hessian,4.0.66,22718,24515,143,47233,44017.959327,40791.352233,21171.638473,0,1.0,message,native,1,99d1c7fab316,2347,7
java,stream,message,100,30,fastjson2,2.0.57,31467,27927,158,59394,31779.324372,35807.641351,16836.717514,0,1.0,reflect,adapted,1,99d1c7fab316,2348,8
java,stream,message,100,30,ion,2.18.3,84883,107299,144,192182,11780.921975,9319.751349,5203.400943,0,1.0,reflect,native,1,99d1c7fab316,2349,9
java,stream,message,100,30,java-serialization,21.0.11,31764,69375,206,101139,31482.181086,14414.414414,9887.382711,0,1.0,message,native,1,99d1c7fab316,2350,10
java,stream,message,100,30,bson,5.3.1,38244,39244,134,77488,26147.892480,25481.602283,12905.224035,0,1.0,message,adapted,1,99d1c7fab316,2351,11
java,stream,message,100,30,jackson-smile,2.18.3,23690,27104,119,50794,42211.903757,36894.923259,19687.364649,0,1.0,reflect,native,1,99d1c7fab316,2352,12
java,stream,message,100,30,gson,2.12.1,41346,36689,158,78035,24186.136507,27256.125814,12814.762607,0,1.0,reflect,native,1,99d1c7fab316,2353,13
java,stream,message,100,30,kryo,5.6.2,23740,14988,46,38728,42122.999158,66720.042701,25821.111341,0,1.0,message,native,1,99d1c7fab316,2354,14
java,stream,message,100,30,avro,1.12.0,21898,30830,44,52728,45666.270892,32435.939020,18965.255652,0,1.0,schema,native,1,99d1c7fab316,2355,15
java,stream,message,100,30,msgpack,0.9.8,35076,40421,114,75497,28509.522180,24739.615546,13245.559426,0,1.0,reflect,native,1,99d1c7fab316,2356,16
java,stream,message,100,30,jsoniter,0.9.23,22626,20513,150,43139,44196.941572,48749.573441,23180.880410,0,1.0,reflect,adapted,1,99d1c7fab316,2357,17
java,stream,message,100,31,gson,2.12.1,45955,36940,158,82895,21760.417800,27070.925826,12063.453767,0,1.0,reflect,native,1,99d1c7fab316,2358,0
java,stream,message,100,31,msgpack,0.9.8,32309,25910,114,58219,30951.128169,38595.137013,17176.523128,0,1.0,reflect,native,1,99d1c7fab316,2359,1
java,stream,message,100,31,jackson,2.18.3,24221,31717,158,55938,41286.486933,31528.833118,17876.935178,0,1.0,reflect,native,1,99d1c7fab316,2360,2
java,stream,message,100,31,java-serialization,21.0.11,30067,69528,206,99595,33259.054778,14382.694742,10040.664692,0,1.0,message,native,1,99d1c7fab316,2361,3
java,stream,message,100,31,hessian,4.0.66,15960,14227,143,30187,62656.641604,70288.887327,33126.842681,0,1.0,message,native,1,99d1c7fab316,2362,4
java,stream,message,100,31,bson,5.3.1,29602,33111,134,62713,33781.501250,30201.443629,15945.657200,0,1.0,message,adapted,1,99d1c7fab316,2363,5
java,stream,message,100,31,jackson-cbor,2.18.3,22359,24061,115,46420,44724.719352,41561.032376,21542.438604,0,1.0,reflect,native,1,99d1c7fab316,2364,6
java,stream,message,100,31,dsl-json,2.0.2,34292,25780,158,60072,29161.320425,38789.759503,16646.690638,0,1.0,reflect,native,1,99d1c7fab316,2365,7
java,stream,message,100,31,protobuf,4.28.3,11258,35303,50,46561,88825.723930,28326.204572,21477.201950,0,1.0,message,native,1,99d1c7fab316,2366,8
java,stream,message,100,31,jsoniter,0.9.23,12654,11638,150,24292,79026.394816,85925.416738,41165.815906,0,1.0,reflect,adapted,1,99d1c7fab316,2367,9
java,stream,message,100,31,jackson-smile,2.18.3,25804,30543,119,56347,38753.681600,32740.726189,17747.173763,0,1.0,reflect,native,1,99d1c7fab316,2368,10
java,stream,message,100,31,fory,1.3.0,19907,17883,133,37790,50233.586176,55919.029246,26462.026991,0,1.0,message,adapted,1,99d1c7fab316,2369,11
java,stream,message,100,31,protostuff,1.8.0,13150,13427,52,26577,76045.627376,74476.800477,37626.519171,0,1.0,schema,native,1,99d1c7fab316,2370,12
java,stream,message,100,31,kryo,5.6.2,21134,13585,46,34719,47317.119334,73610.599926,28802.672888,0,1.0,message,native,1,99d1c7fab316,2371,13
java,stream,message,100,31,ion,2.18.3,68166,101558,144,169724,14670.070123,9846.590126,5891.918644,0,1.0,reflect,native,1,99d1c7fab316,2372,14
java,stream,message,100,31,fastjson2,2.0.57,30167,23326,158,53493,33148.804986,42870.616479,18694.034734,0,1.0,reflect,adapted,1,99d1c7fab316,2373,15
java,stream,message,100,31,moshi,1.15.2,35965,47311,158,83276,27804.810232,21136.733529,12008.261684,0,1.0,reflect,native,1,99d1c7fab316,2374,16
java,stream,message,100,31,avro,1.12.0,27183,30384,44,57567,36787.698194,32912.058978,17371.063283,0,1.0,schema,native,1,99d1c7fab316,2375,17
java,stream,message,100,32,java-serialization,21.0.11,28039,60088,206,88127,35664.610007,16642.258022,11347.260204,0,1.0,message,native,1,99d1c7fab316,2376,0
java,stream,message,100,32,msgpack,0.9.8,29869,29487,114,59356,33479.527269,33913.249907,16847.496462,0,1.0,reflect,native,1,99d1c7fab316,2377,1
java,stream,message,100,32,hessian,4.0.66,18193,17750,143,35943,54966.195790,56338.028169,27821.829007,0,1.0,message,native,1,99d1c7fab316,2378,2
java,stream,message,100,32,bson,5.3.1,32951,28681,134,61632,30348.092622,34866.287786,16225.337487,0,1.0,message,adapted,1,99d1c7fab316,2379,3
java,stream,message,100,32,dsl-json,2.0.2,29350,25552,158,54902,34071.550256,39135.879775,18214.272704,0,1.0,reflect,native,1,99d1c7fab316,2380,4
java,stream,message,100,32,avro,1.12.0,17871,26930,44,44801,55956.577696,37133.308578,22320.930336,0,1.0,schema,native,1,99d1c7fab316,2381,5
java,stream,message,100,32,gson,2.12.1,35788,31602,158,67390,27942.327037,31643.566863,14838.996884,0,1.0,reflect,native,1,99d1c7fab316,2382,6
java,stream,message,100,32,fastjson2,2.0.57,19463,16798,158,36261,51379.540667,59530.896535,27577.838449,0,1.0,reflect,adapted,1,99d1c7fab316,2383,7
java,stream,message,100,32,jsoniter,0.9.23,10945,9958,150,20903,91365.920512,100421.771440,47840.022963,0,1.0,reflect,adapted,1,99d1c7fab316,2384,8
java,stream,message,100,32,jackson-cbor,2.18.3,20502,23805,115,44307,48775.729197,42007.981516,22569.797098,0,1.0,reflect,native,1,99d1c7fab316,2385,9
java,stream,message,100,32,fory,1.3.0,12681,16769,133,29450,78858.134217,59633.848172,33955.857385,0,1.0,message,adapted,1,99d1c7fab316,2386,10
java,stream,message,100,32,jackson-smile,2.18.3,16814,21104,119,37918,59474.247651,47384.382108,26372.698982,0,1.0,reflect,native,1,99d1c7fab316,2387,11
java,stream,message,100,32,kryo,5.6.2,15649,11134,46,26783,63901.846763,89814.981139,37337.116828,0,1.0,message,native,1,99d1c7fab316,2388,12
java,stream,message,100,32,ion,2.18.3,62402,86750,144,149152,16025.127400,11527.377522,6704.569835,0,1.0,reflect,native,1,99d1c7fab316,2389,13
java,stream,message,100,32,protobuf,4.28.3,10095,22743,50,32838,99058.940069,43969.573055,30452.524514,0,1.0,message,native,1,99d1c7fab316,2390,14
java,stream,message,100,32,protostuff,1.8.0,9605,8860,52,18465,104112.441437,112866.817156,54156.512321,0,1.0,schema,native,1,99d1c7fab316,2391,15
java,stream,message,100,32,jackson,2.18.3,19274,25032,158,44306,51883.366193,39948.865452,22570.306505,0,1.0,reflect,native,1,99d1c7fab316,2392,16
java,stream,message,100,32,moshi,1.15.2,18425,38173,158,56598,54274.084125,26196.526341,17668.468850,0,1.0,reflect,native,1,99d1c7fab316,2393,17
java,stream,message,100,33,jackson,2.18.3,16877,21707,158,38584,59252.236772,46068.088635,25917.478748,0,1.0,reflect,native,1,99d1c7fab316,2394,0
java,stream,message,100,33,protobuf,4.28.3,8213,10994,50,19207,121758.188238,90958.704748,52064.351539,0,1.0,message,native,1,99d1c7fab316,2395,1
java,stream,message,100,33,bson,5.3.1,24616,24921,134,49537,40623.984400,40126.800690,20186.930981,0,1.0,message,adapted,1,99d1c7fab316,2396,2
java,stream,message,100,33,gson,2.12.1,31533,28688,158,60221,31712.808803,34857.780257,16605.503064,0,1.0,reflect,native,1,99d1c7fab316,2397,3
java,stream,message,100,33,msgpack,0.9.8,22314,20789,114,43103,44814.914404,48102.361826,23200.241283,0,1.0,reflect,native,1,99d1c7fab316,2398,4
java,stream,message,100,33,fory,1.3.0,11456,10620,133,22076,87290.502793,94161.958569,45298.061243,0,1.0,message,adapted,1,99d1c7fab316,2399,5
java,stream,message,100,33,kryo,5.6.2,13788,9848,46,23636,72526.834929,101543.460601,42308.343205,0,1.0,message,native,1,99d1c7fab316,2400,6
java,stream,message,100,33,java-serialization,21.0.11,23217,49876,206,73093,43071.886979,20049.723314,13681.200662,0,1.0,message,native,1,99d1c7fab316,2401,7
java,stream,message,100,33,moshi,1.15.2,17991,34695,158,52686,55583.347229,28822.596916,18980.374293,0,1.0,reflect,native,1,99d1c7fab316,2402,8
java,stream,message,100,33,dsl-json,2.0.2,27833,23245,158,51078,35928.573995,43020.004302,19577.900466,0,1.0,reflect,native,1,99d1c7fab316,2403,9
java,stream,message,100,33,protostuff,1.8.0,9359,9907,52,19266,106849.022331,100938.730191,51904.910205,0,1.0,schema,native,1,99d1c7fab316,2404,10
java,stream,message,100,33,jackson-smile,2.18.3,23545,21427,119,44972,42471.862391,46670.089140,22236.057992,0,1.0,reflect,native,1,99d1c7fab316,2405,11
java,stream,message,100,33,ion,2.18.3,46175,74278,144,120453,21656.740661,13462.936536,8301.993309,0,1.0,reflect,native,1,99d1c7fab316,2406,12
java,stream,message,100,33,hessian,4.0.66,18684,14856,143,33540,53521.729822,67312.870221,29815.146094,0,1.0,message,native,1,99d1c7fab316,2407,13
java,stream,message,100,33,avro,1.12.0,18498,26662,44,45160,54059.898367,37506.563649,22143.489814,0,1.0,schema,native,1,99d1c7fab316,2408,14
java,stream,message,100,33,jackson-cbor,2.18.3,17931,19567,115,37498,55769.338018,51106.454745,26668.088965,0,1.0,reflect,native,1,99d1c7fab316,2409,15
java,stream,message,100,33,jsoniter,0.9.23,10426,10061,150,20487,95914.061001,99393.698440,48811.441402,0,1.0,reflect,adapted,1,99d1c7fab316,2410,16
java,stream,message,100,33,fastjson2,2.0.57,18059,15500,158,33559,55374.051719,64516.129032,29798.265741,0,1.0,reflect,adapted,1,99d1c7fab316,2411,17
java,stream,message,100,34,jackson,2.18.3,18784,24936,158,43720,53236.797274,40102.662817,22872.827081,0,1.0,reflect,native,1,99d1c7fab316,2412,0
java,stream,message,100,34,dsl-json,2.0.2,25881,22467,158,48348,38638.383370,44509.725375,20683.378837,0,1.0,reflect,native,1,99d1c7fab316,2413,1
java,stream,message,100,34,protostuff,1.8.0,8757,10788,52,19545,114194.358799,92695.587690,51163.980558,0,1.0,schema,native,1,99d1c7fab316,2414,2
java,stream,message,100,34,bson,5.3.1,25656,25890,134,51546,38977.237293,38624.951719,19400.147441,0,1.0,message,adapted,1,99d1c7fab316,2415,3
java,stream,message,100,34,fory,1.3.0,11622,12243,133,23865,86043.710205,81679.326962,41902.367484,0,1.0,message,adapted,1,99d1c7fab316,2416,4
java,stream,message,100,34,kryo,5.6.2,13710,9938,46,23648,72939.460248,100623.867981,42286.874154,0,1.0,message,native,1,99d1c7fab316,2417,5
java,stream,message,100,34,moshi,1.15.2,27102,23957,158,51059,36897.645930,41741.453437,19585.185765,0,1.0,reflect,native,1,99d1c7fab316,2418,6
java,stream,message,100,34,fastjson2,2.0.57,18364,13936,158,32300,54454.367240,71756.601607,30959.752322,0,1.0,reflect,adapted,1,99d1c7fab316,2419,7
java,stream,message,100,34,avro,1.12.0,17641,24221,44,41862,56686.128904,41286.486933,23888.012995,0,1.0,schema,native,1,99d1c7fab316,2420,8
java,stream,message,100,34,ion,2.18.3,68795,84227,144,153022,14535.940112,11872.677407,6535.008038,0,1.0,reflect,native,1,99d1c7fab316,2421,9
java,stream,message,100,34,jackson-cbor,2.18.3,18242,21111,115,39353,54818.550598,47368.670361,25411.023302,0,1.0,reflect,native,1,99d1c7fab316,2422,10
java,stream,message,100,34,protobuf,4.28.3,14002,12687,50,26689,71418.368804,78820.840230,37468.620031,0,1.0,message,native,1,99d1c7fab316,2423,11
java,stream,message,100,34,hessian,4.0.66,18258,17898,143,36156,54770.511557,55872.164488,27657.926762,0,1.0,message,native,1,99d1c7fab316,2424,12
java,stream,message,100,34,java-serialization,21.0.11,24299,51370,206,75669,41153.956953,19466.614756,13215.451506,0,1.0,message,native,1,99d1c7fab316,2425,13
java,stream,message,100,34,msgpack,0.9.8,24872,24699,114,49571,40205.853972,40487.469128,20173.085070,0,1.0,reflect,native,1,99d1c7fab316,2426,14
java,stream,message,100,34,jsoniter,0.9.23,10389,9294,150,19683,96255.655020,107596.298687,50805.263425,0,1.0,reflect,adapted,1,99d1c7fab316,2427,15
java,stream,message,100,34,jackson-smile,2.18.3,16277,19677,119,35954,61436.382626,50820.755196,27813.317016,0,1.0,reflect,native,1,99d1c7fab316,2428,16
java,stream,message,100,34,gson,2.12.1,36934,29990,158,66924,27075.323550,33344.448149,14942.322635,0,1.0,reflect,native,1,99d1c7fab316,2429,17
java,stream,message,100,35,jackson-cbor,2.18.3,16240,19854,115,36094,61576.354680,50367.684094,27705.435807,0,1.0,reflect,native,1,99d1c7fab316,2430,0
java,stream,message,100,35,fory,1.3.0,11043,10479,133,21522,90555.102780,95428.953144,46464.083264,0,1.0,message,adapted,1,99d1c7fab316,2431,1
java,stream,message,100,35,jsoniter,0.9.23,9190,8616,150,17806,108813.928183,116063.138347,56160.844659,0,1.0,reflect,adapted,1,99d1c7fab316,2432,2
java,stream,message,100,35,fastjson2,2.0.57,17646,15479,158,33125,56670.066871,64603.656567,30188.679245,0,1.0,reflect,adapted,1,99d1c7fab316,2433,3
java,stream,message,100,35,java-serialization,21.0.11,22274,49912,206,72186,44895.393733,20035.262061,13853.101709,0,1.0,message,native,1,99d1c7fab316,2434,4
java,stream,message,100,35,protostuff,1.8.0,9052,11382,52,20434,110472.823685,87858.021437,48938.044436,0,1.0,schema,native,1,99d1c7fab316,2435,5
java,stream,message,100,35,moshi,1.15.2,18600,24171,158,42771,53763.440860,41371.891937,23380.327792,0,1.0,reflect,native,1,99d1c7fab316,2436,6
java,stream,message,100,35,ion,2.18.3,46256,73055,144,119311,21618.817018,13688.317021,8381.456865,0,1.0,reflect,native,1,99d1c7fab316,2437,7
java,stream,message,100,35,gson,2.12.1,33646,28012,158,61658,29721.215003,35698.986149,16218.495572,0,1.0,reflect,native,1,99d1c7fab316,2438,8
java,stream,message,100,35,hessian,4.0.66,15926,15052,143,30978,62790.405626,66436.353973,32280.973594,0,1.0,message,native,1,99d1c7fab316,2439,9
java,stream,message,100,35,kryo,5.6.2,14557,10162,46,24719,68695.472968,98405.825625,40454.710951,0,1.0,message,native,1,99d1c7fab316,2440,10
java,stream,message,100,35,dsl-json,2.0.2,33601,24729,158,58330,29761.019017,40438.351733,17143.836791,0,1.0,reflect,native,1,99d1c7fab316,2441,11
java,stream,message,100,35,msgpack,0.9.8,24792,23268,114,48060,40335.592126,42977.479801,20807.324178,0,1.0,reflect,native,1,99d1c7fab316,2442,12
java,stream,message,100,35,jackson,2.18.3,19637,27475,158,47112,50924.275602,36396.724295,21226.014603,0,1.0,reflect,native,1,99d1c7fab316,2443,13
java,stream,message,100,35,protobuf,4.28.3,9669,11970,50,21639,103423.311614,83542.188805,46212.856417,0,1.0,message,native,1,99d1c7fab316,2444,14
java,stream,message,100,35,avro,1.12.0,20411,24739,44,45150,48993.189947,40422.005740,22148.394241,0,1.0,schema,native,1,99d1c7fab316,2445,15
java,stream,message,100,35,jackson-smile,2.18.3,17169,19008,119,36177,58244.510455,52609.427609,27641.871908,0,1.0,reflect,native,1,99d1c7fab316,2446,16
java,stream,message,100,35,bson,5.3.1,26998,27107,134,54105,37039.780724,36890.840004,18482.580168,0,1.0,message,adapted,1,99d1c7fab316,2447,17
java,stream,message,100,36,gson,2.12.1,29825,29344,158,59169,33528.918692,34078.516903,16900.741943,0,1.0,reflect,native,1,99d1c7fab316,2448,0
java,stream,message,100,36,fastjson2,2.0.57,18628,15955,158,34583,53682.628301,62676.277029,28915.941358,0,1.0,reflect,adapted,1,99d1c7fab316,2449,1
java,stream,message,100,36,hessian,4.0.66,15454,13637,143,29091,64708.166171,73329.911271,34374.892578,0,1.0,message,native,1,99d1c7fab316,2450,2
java,stream,message,100,36,protobuf,4.28.3,18150,10915,50,29065,55096.418733,91617.040770,34405.642525,0,1.0,message,native,1,99d1c7fab316,2451,3
java,stream,message,100,36,avro,1.12.0,15841,23864,44,39705,63127.327820,41904.123366,25185.744868,0,1.0,schema,native,1,99d1c7fab316,2452,4
java,stream,message,100,36,java-serialization,21.0.11,25144,49707,206,74851,39770.919504,20117.890840,13359.874952,0,1.0,message,native,1,99d1c7fab316,2453,5
java,stream,message,100,36,jackson,2.18.3,19808,26218,158,46026,50484.652666,38141.734686,21726.850041,0,1.0,reflect,native,1,99d1c7fab316,2454,6
java,stream,message,100,36,dsl-json,2.0.2,32120,22941,158,55061,31133.250311,43590.078898,18161.675233,0,1.0,reflect,native,1,99d1c7fab316,2455,7
java,stream,message,100,36,msgpack,0.9.8,22758,20635,114,43393,43940.592319,48461.352072,23045.191621,0,1.0,reflect,native,1,99d1c7fab316,2456,8
java,stream,message,100,36,fory,1.3.0,11477,10513,133,21990,87130.783306,95120.327214,45475.216007,0,1.0,message,adapted,1,99d1c7fab316,2457,9
java,stream,message,100,36,ion,2.18.3,57220,73079,144,130299,17476.406851,13683.821618,7674.655984,0,1.0,reflect,native,1,99d1c7fab316,2458,10
java,stream,message,100,36,protostuff,1.8.0,9634,17058,52,26692,103799.045049,58623.519756,37464.408812,0,1.0,schema,native,1,99d1c7fab316,2459,11
java,stream,message,100,36,jsoniter,0.9.23,10109,9613,150,19722,98921.752893,104025.798398,50704.796674,0,1.0,reflect,adapted,1,99d1c7fab316,2460,12
java,stream,message,100,36,moshi,1.15.2,17803,21752,158,39555,56170.308375,45972.784112,25281.253950,0,1.0,reflect,native,1,99d1c7fab316,2461,13
java,stream,message,100,36,kryo,5.6.2,14709,10628,46,25337,67985.587056,94091.080166,39467.971741,0,1.0,message,native,1,99d1c7fab316,2462,14
java,stream,message,100,36,bson,5.3.1,25317,27879,134,53196,39499.150768,35869.292299,18798.405895,0,1.0,message,adapted,1,99d1c7fab316,2463,15
java,stream,message,100,36,jackson-cbor,2.18.3,19465,22225,115,41690,51374.261495,44994.375703,23986.567522,0,1.0,reflect,native,1,99d1c7fab316,2464,16
java,stream,message,100,36,jackson-smile,2.18.3,14846,17645,119,32491,67358.210966,56673.278549,30777.753840,0,1.0,reflect,native,1,99d1c7fab316,2465,17
java,stream,message,100,37,avro,1.12.0,17199,24217,44,41416,58142.915286,41293.306355,24145.257871,0,1.0,schema,native,1,99d1c7fab316,2466,0
java,stream,message,100,37,moshi,1.15.2,20807,20087,158,40894,48060.748786,49783.442027,24453.465056,0,1.0,reflect,native,1,99d1c7fab316,2467,1
java,stream,message,100,37,hessian,4.0.66,15786,13829,143,29615,63347.269733,72311.808518,33766.672294,0,1.0,message,native,1,99d1c7fab316,2468,2
java,stream,message,100,37,bson,5.3.1,22311,22155,134,44466,44820.940343,45136.538028,22489.092790,0,1.0,message,adapted,1,99d1c7fab316,2469,3
java,stream,message,100,37,jackson-cbor,2.18.3,16893,18386,115,35279,59196.116735,54389.209181,28345.474645,0,1.0,reflect,native,1,99d1c7fab316,2470,4
java,stream,message,100,37,dsl-json,2.0.2,46209,22848,158,69057,21640.805904,43767.507003,14480.791230,0,1.0,reflect,native,1,99d1c7fab316,2471,5
java,stream,message,100,37,ion,2.18.3,44568,69985,144,114553,22437.623407,14288.776166,8729.583686,0,1.0,reflect,native,1,99d1c7fab316,2472,6
java,stream,message,100,37,msgpack,0.9.8,22140,19922,114,42062,45167.118338,50195.763478,23774.428225,0,1.0,reflect,native,1,99d1c7fab316,2473,7
java,stream,message,100,37,java-serialization,21.0.11,24534,52521,206,77055,40759.761963,19040.003046,12977.743170,0,1.0,message,native,1,99d1c7fab316,2474,8
java,stream,message,100,37,gson,2.12.1,32175,28872,158,61047,31080.031080,34635.633139,16380.821334,0,1.0,reflect,native,1,99d1c7fab316,2475,9
java,stream,message,100,37,jsoniter,0.9.23,9676,9415,150,19091,103348.491112,106213.489113,52380.702949,0,1.0,reflect,adapted,1,99d1c7fab316,2476,10
java,stream,message,100,37,fory,1.3.0,11198,10984,133,22182,89301.661011,91041.514931,45081.597692,0,1.0,message,adapted,1,99d1c7fab316,2477,11
java,stream,message,100,37,kryo,5.6.2,14186,14565,46,28751,70492.034400,68657.741160,34781.398908,0,1.0,message,native,1,99d1c7fab316,2478,12
java,stream,message,100,37,fastjson2,2.0.57,18462,15665,158,34127,54165.312534,63836.578359,29302.311952,0,1.0,reflect,adapted,1,99d1c7fab316,2479,13
java,stream,message,100,37,protobuf,4.28.3,10865,12759,50,23624,92038.656236,78376.048280,42329.834067,0,1.0,message,native,1,99d1c7fab316,2480,14
java,stream,message,100,37,jackson-smile,2.18.3,19324,21786,119,41110,51749.120265,45901.037363,24324.981756,0,1.0,reflect,native,1,99d1c7fab316,2481,15
java,stream,message,100,37,protostuff,1.8.0,9473,10369,52,19842,105563.179563,96441.315460,50398.145348,0,1.0,schema,native,1,99d1c7fab316,2482,16
java,stream,message,100,37,jackson,2.18.3,19141,24993,158,44134,52243.874406,40011.203137,22658.268002,0,1.0,reflect,native,1,99d1c7fab316,2483,17
java,stream,message,100,38,protostuff,1.8.0,8794,9275,52,18069,113713.895838,107816.711590,55343.405833,0,1.0,schema,native,1,99d1c7fab316,2484,0
java,stream,message,100,38,jackson-cbor,2.18.3,16850,19679,115,36529,59347.181009,50815.590223,27375.509869,0,1.0,reflect,native,1,99d1c7fab316,2485,1
java,stream,message,100,38,hessian,4.0.66,17554,16799,143,34353,56967.073032,59527.352819,29109.539196,0,1.0,message,native,1,99d1c7fab316,2486,2
java,stream,message,100,38,dsl-json,2.0.2,27994,26297,158,54291,35721.940416,38027.151386,18419.259177,0,1.0,reflect,native,1,99d1c7fab316,2487,3
java,stream,message,100,38,moshi,1.15.2,37177,22653,158,59830,26898.351131,44144.263453,16714.023065,0,1.0,reflect,native,1,99d1c7fab316,2488,4
java,stream,message,100,38,msgpack,0.9.8,24526,23882,114,48408,40773.057164,41872.539988,20657.742522,0,1.0,reflect,native,1,99d1c7fab316,2489,5
java,stream,message,100,38,bson,5.3.1,25875,24724,134,50599,38647.342995,40446.529688,19763.236428,0,1.0,message,adapted,1,99d1c7fab316,2490,6
java,stream,message,100,38,ion,2.18.3,45114,67132,144,112246,22166.068183,14896.025740,8909.003439,0,1.0,reflect,native,1,99d1c7fab316,2491,7
java,stream,message,100,38,jackson,2.18.3,17504,22875,158,40379,57129.798903,43715.846995,24765.348325,0,1.0,reflect,native,1,99d1c7fab316,2492,8
java,stream,message,100,38,gson,2.12.1,29945,24304,158,54249,33394.556687,41145.490454,18433.519512,0,1.0,reflect,native,1,99d1c7fab316,2493,9
java,stream,message,100,38,protobuf,4.28.3,9051,10164,50,19215,110485.029279,98386.462023,52042.674993,0,1.0,message,native,1,99d1c7fab316,2494,10
java,stream,message,100,38,jsoniter,0.9.23,9475,9760,150,19235,105540.897098,102459.016393,51988.562516,0,1.0,reflect,adapted,1,99d1c7fab316,2495,11
java,stream,message,100,38,fastjson2,2.0.57,19252,15144,158,34396,51942.655309,66032.752245,29073.148040,0,1.0,reflect,adapted,1,99d1c7fab316,2496,12
java,stream,message,100,38,java-serialization,21.0.11,23165,55245,206,78410,43168.573279,18101.185628,12753.475322,0,1.0,message,native,1,99d1c7fab316,2497,13
java,stream,message,100,38,avro,1.12.0,19398,24059,44,43457,51551.706361,41564.487302,23011.252502,0,1.0,schema,native,1,99d1c7fab316,2498,14
java,stream,message,100,38,kryo,5.6.2,15074,10431,46,25505,66339.392331,95868.085514,39207.998432,0,1.0,message,native,1,99d1c7fab316,2499,15
java,stream,message,100,38,jackson-smile,2.18.3,18040,31682,119,49722,55432.372506,31563.663910,20111.821729,0,1.0,reflect,native,1,99d1c7fab316,2500,16
java,stream,message,100,38,fory,1.3.0,11698,11804,133,23502,85484.698239,84717.045069,42549.570249,0,1.0,message,adapted,1,99d1c7fab316,2501,17
java,stream,message,100,39,jackson-smile,2.18.3,13477,16321,119,29798,74200.489723,61270.755468,33559.299282,0,1.0,reflect,native,1,99d1c7fab316,2502,0
java,stream,message,100,39,hessian,4.0.66,12877,14702,143,27579,77657.839559,68017.956741,36259.472787,0,1.0,message,native,1,99d1c7fab316,2503,1
java,stream,message,100,39,jackson,2.18.3,16944,23271,158,40215,59017.941454,42971.939324,24866.343404,0,1.0,reflect,native,1,99d1c7fab316,2504,2
java,stream,message,100,39,protobuf,4.28.3,9049,10698,50,19747,110509.448558,93475.415966,50640.603636,0,1.0,message,native,1,99d1c7fab316,2505,3
java,stream,message,100,39,fastjson2,2.0.57,19019,14959,158,33978,52578.999947,66849.388328,29430.808170,0,1.0,reflect,adapted,1,99d1c7fab316,2506,4
java,stream,message,100,39,msgpack,0.9.8,22948,18085,114,41033,43576.782290,55294.442908,24370.628519,0,1.0,reflect,native,1,99d1c7fab316,2507,5
java,stream,message,100,39,avro,1.12.0,15981,20969,44,36950,62574.306990,47689.446326,27063.599459,0,1.0,schema,native,1,99d1c7fab316,2508,6
java,stream,message,100,39,jsoniter,0.9.23,9359,9464,150,18823,106849.022331,105663.567202,53126.494183,0,1.0,reflect,adapted,1,99d1c7fab316,2509,7
java,stream,message,100,39,protostuff,1.8.0,10011,8714,52,18725,99890.120867,114757.860913,53404.539386,0,1.0,schema,native,1,99d1c7fab316,2510,8
java,stream,message,100,39,dsl-json,2.0.2,26039,23140,158,49179,38403.932563,43215.211755,20333.882348,0,1.0,reflect,native,1,99d1c7fab316,2511,9
java,stream,message,100,39,jackson-cbor,2.18.3,17056,19636,115,36692,58630.393996,50926.869016,27253.897307,0,1.0,reflect,native,1,99d1c7fab316,2512,10
java,stream,message,100,39,java-serialization,21.0.11,56647,50658,206,107305,17653.185517,19740.218722,9319.230232,0,1.0,message,native,1,99d1c7fab316,2513,11
java,stream,message,100,39,kryo,5.6.2,14401,9965,46,24366,69439.622248,100351.229303,41040.794550,0,1.0,message,native,1,99d1c7fab316,2514,12
java,stream,message,100,39,moshi,1.15.2,17685,22369,158,40054,56545.094713,44704.725289,24966.295501,0,1.0,reflect,native,1,99d1c7fab316,2515,13
java,stream,message,100,39,bson,5.3.1,25964,27574,134,53538,38514.866739,36266.047726,18678.321940,0,1.0,message,adapted,1,99d1c7fab316,2516,14
java,stream,message,100,39,ion,2.18.3,48313,68469,144,116782,20698.362760,14605.149776,8562.963470,0,1.0,reflect,native,1,99d1c7fab316,2517,15
java,stream,message,100,39,fory,1.3.0,16070,10964,133,27034,62227.753578,91207.588471,36990.456462,0,1.0,message,adapted,1,99d1c7fab316,2518,16
java,stream,message,100,39,gson,2.12.1,31816,32848,158,64664,31430.726678,30443.253775,15464.555239,0,1.0,reflect,native,1,99d1c7fab316,2519,17
java,stream,message,100,40,protostuff,1.8.0,9322,9021,52,18343,107273.117357,110852.455382,54516.709371,0,1.0,schema,native,1,99d1c7fab316,2520,0
java,stream,message,100,40,msgpack,0.9.8,22229,18996,114,41225,44986.279185,52642.661613,24257.125531,0,1.0,reflect,native,1,99d1c7fab316,2521,1
java,stream,message,100,40,gson,2.12.1,38264,22448,158,60712,26134.225382,44547.398432,16471.208328,0,1.0,reflect,native,1,99d1c7fab316,2522,2
java,stream,message,100,40,jsoniter,0.9.23,9339,9342,150,18681,107077.845594,107043.459645,53530.324929,0,1.0,reflect,adapted,1,99d1c7fab316,2523,3
java,stream,message,100,40,jackson-cbor,2.18.3,16809,19026,115,35835,59491.938842,52559.655209,27905.678806,0,1.0,reflect,native,1,99d1c7fab316,2524,4
java,stream,message,100,40,jackson-smile,2.18.3,13420,17039,119,30459,74515.648286,58688.890193,32831.018747,0,1.0,reflect,native,1,99d1c7fab316,2525,5
java,stream,message,100,40,moshi,1.15.2,15188,19729,158,34917,65841.453779,50686.806224,28639.344732,0,1.0,reflect,native,1,99d1c7fab316,2526,6
java,stream,message,100,40,jackson,2.18.3,16277,60547,158,76824,61436.382626,16516.094935,13016.765594,0,1.0,reflect,native,1,99d1c7fab316,2527,7
java,stream,message,100,40,ion,2.18.3,42760,60943,144,103703,23386.342376,16408.775413,9642.922577,0,1.0,reflect,native,1,99d1c7fab316,2528,8
java,stream,message,100,40,bson,5.3.1,25463,24603,134,50066,39272.670149,40645.449742,19973.634802,0,1.0,message,adapted,1,99d1c7fab316,2529,9
java,stream,message,100,40,hessian,4.0.66,13454,15280,143,28734,74327.337595,65445.026178,34801.976752,0,1.0,message,native,1,99d1c7fab316,2530,10
java,stream,message,100,40,protobuf,4.28.3,9170,10610,50,19780,109051.254089,94250.706880,50556.117290,0,1.0,message,native,1,99d1c7fab316,2531,11
java,stream,message,100,40,java-serialization,21.0.11,22479,49581,206,72060,44485.964678,20169.016357,13877.324452,0,1.0,message,native,1,99d1c7fab316,2532,12
java,stream,message,100,40,fory,1.3.0,10899,10502,133,21401,91751.536838,95219.958103,46726.788468,0,1.0,message,adapted,1,99d1c7fab316,2533,13
java,stream,message,100,40,dsl-json,2.0.2,26114,25580,158,51694,38293.635598,39093.041439,19344.604790,0,1.0,reflect,native,1,99d1c7fab316,2534,14
java,stream,message,100,40,kryo,5.6.2,14461,10490,46,24951,69151.510961,95328.884652,40078.553966,0,1.0,message,native,1,99d1c7fab316,2535,15
java,stream,message,100,40,avro,1.12.0,20088,24553,44,44641,49780.963759,40728.220584,22400.931879,0,1.0,schema,native,1,99d1c7fab316,2536,16
java,stream,message,100,40,fastjson2,2.0.57,24060,15826,158,39886,41562.759767,63187.160369,25071.453643,0,1.0,reflect,adapted,1,99d1c7fab316,2537,17
java,stream,message,100,41,fastjson2,2.0.57,13698,9696,158,23394,73003.358154,103135.313531,42746.003249,0,1.0,reflect,adapted,1,99d1c7fab316,2538,0
java,stream,message,100,41,fory,1.3.0,10238,9689,133,19927,97675.327212,103209.825575,50183.168565,0,1.0,message,adapted,1,99d1c7fab316,2539,1
java,stream,message,100,41,gson,2.12.1,32142,28317,158,60459,31111.940763,35314.475403,16540.134637,0,1.0,reflect,native,1,99d1c7fab316,2540,2
java,stream,message,100,41,protobuf,4.28.3,9065,9776,50,18841,110314.396029,102291.325696,53075.739080,0,1.0,message,native,1,99d1c7fab316,2541,3
java,stream,message,100,41,ion,2.18.3,78188,64986,144,143174,12789.686397,15387.929708,6984.508360,0,1.0,reflect,native,1,99d1c7fab316,2542,4
java,stream,message,100,41,jackson,2.18.3,24292,23431,158,47723,41165.815906,42678.502838,20954.256857,0,1.0,reflect,native,1,99d1c7fab316,2543,5
java,stream,message,100,41,java-serialization,21.0.11,22409,48798,206,71207,44624.927484,20492.643141,14043.563133,0,1.0,message,native,1,99d1c7fab316,2544,6
java,stream,message,100,41,dsl-json,2.0.2,24557,23213,158,47770,40721.586513,43079.309008,20933.640360,0,1.0,reflect,native,1,99d1c7fab316,2545,7
java,stream,message,100,41,protostuff,1.8.0,10126,9328,52,19454,98755.678452,107204.116638,51403.310373,0,1.0,schema,native,1,99d1c7fab316,2546,8
java,stream,message,100,41,kryo,5.6.2,14191,9636,46,23827,70467.197520,103777.501038,41969.194611,0,1.0,message,native,1,99d1c7fab316,2547,9
java,stream,message,100,41,bson,5.3.1,24649,25112,134,49761,40569.597144,39821.599235,20096.059163,0,1.0,message,adapted,1,99d1c7fab316,2548,10
java,stream,message,100,41,avro,1.12.0,17760,22175,44,39935,56306.306306,45095.828636,25040.691123,0,1.0,schema,native,1,99d1c7fab316,2549,11
java,stream,message,100,41,jsoniter,0.9.23,9762,10246,150,20008,102438.024995,97599.063049,49980.007997,0,1.0,reflect,adapted,1,99d1c7fab316,2550,12
java,stream,message,100,41,jackson-smile,2.18.3,18076,20076,119,38152,55321.973888,49810.719267,26210.945691,0,1.0,reflect,native,1,99d1c7fab316,2551,13
java,stream,message,100,41,hessian,4.0.66,12755,13915,143,26670,78400.627205,71864.893999,37495.313086,0,1.0,message,native,1,99d1c7fab316,2552,14
java,stream,message,100,41,moshi,1.15.2,17747,21803,158,39550,56347.551699,45865.247902,25284.450063,0,1.0,reflect,native,1,99d1c7fab316,2553,15
java,stream,message,100,41,msgpack,0.9.8,22599,19041,114,41640,44249.745564,52518.250092,24015.369837,0,1.0,reflect,native,1,99d1c7fab316,2554,16
java,stream,message,100,41,jackson-cbor,2.18.3,16265,17930,115,34195,61481.709192,55772.448410,29244.041527,0,1.0,reflect,native,1,99d1c7fab316,2555,17
java,stream,message,100,42,bson,5.3.1,30202,30211,134,60413,33110.390040,33100.526298,16552.728717,0,1.0,message,adapted,1,99d1c7fab316,2556,0
java,stream,message,100,42,jsoniter,0.9.23,9055,8969,150,18024,110436.223081,111495.149961,55481.580115,0,1.0,reflect,adapted,1,99d1c7fab316,2557,1
java,stream,message,100,42,msgpack,0.9.8,20686,38113,114,58799,48341.873731,26237.766641,17007.091957,0,1.0,reflect,native,1,99d1c7fab316,2558,2
java,stream,message,100,42,jackson,2.18.3,17587,22160,158,39747,56860.180815,45126.353791,25159.131507,0,1.0,reflect,native,1,99d1c7fab316,2559,3
java,stream,message,100,42,moshi,1.15.2,15390,19195,158,34585,64977.257960,52096.900234,28914.269192,0,1.0,reflect,native,1,99d1c7fab316,2560,4
java,stream,message,100,42,fory,1.3.0,11088,10433,133,21521,90187.590188,95849.707658,46466.242275,0,1.0,message,adapted,1,99d1c7fab316,2561,5
java,stream,message,100,42,jackson-cbor,2.18.3,15465,17658,115,33123,64662.140317,56631.555103,30190.502068,0,1.0,reflect,native,1,99d1c7fab316,2562,6
java,stream,message,100,42,hessian,4.0.66,12428,13351,143,25779,80463.469585,74900.756498,38791.264207,0,1.0,message,native,1,99d1c7fab316,2563,7
java,stream,message,100,42,fastjson2,2.0.57,18876,15938,158,34814,52977.325705,62743.129627,28724.076521,0,1.0,reflect,adapted,1,99d1c7fab316,2564,8
java,stream,message,100,42,dsl-json,2.0.2,24185,22550,158,46735,41347.942940,44345.898004,21397.239756,0,1.0,reflect,native,1,99d1c7fab316,2565,9
java,stream,message,100,42,protostuff,1.8.0,9333,12975,52,22308,107146.683810,77071.290944,44826.967904,0,1.0,schema,native,1,99d1c7fab316,2566,10
java,stream,message,100,42,java-serialization,21.0.11,24328,48175,206,72503,41104.899704,20757.654385,13792.532723,0,1.0,message,native,1,99d1c7fab316,2567,11
java,stream,message,100,42,avro,1.12.0,19487,23955,44,43442,51316.262123,41744.938426,23019.198011,0,1.0,schema,native,1,99d1c7fab316,2568,12
java,stream,message,100,42,jackson-smile,2.18.3,17820,19420,119,37240,56116.722783,51493.305870,26852.846402,0,1.0,reflect,native,1,99d1c7fab316,2569,13
java,stream,message,100,42,kryo,5.6.2,14142,10360,46,24502,70711.356244,96525.096525,40812.994858,0,1.0,message,native,1,99d1c7fab316,2570,14
java,stream,message,100,42,protobuf,4.28.3,9776,10452,50,20228,102291.325696,95675.468810,49436.424758,0,1.0,message,native,1,99d1c7fab316,2571,15
java,stream,message,100,42,gson,2.12.1,35438,27627,158,63065,28218.296744,36196.474463,15856.655831,0,1.0,reflect,native,1,99d1c7fab316,2572,16
java,stream,message,100,42,ion,2.18.3,45521,64679,144,110200,21967.882955,15460.968784,9074.410163,0,1.0,reflect,native,1,99d1c7fab316,2573,17
java,stream,message,100,43,gson,2.12.1,27543,22481,158,50024,36306.865628,44482.007028,19990.404606,0,1.0,reflect,native,1,99d1c7fab316,2574,0
java,stream,message,100,43,bson,5.3.1,25514,24137,134,49651,39194.167908,41430.169449,20140.581257,0,1.0,message,adapted,1,99d1c7fab316,2575,1
java,stream,message,100,43,java-serialization,21.0.11,21793,52236,206,74029,45886.293764,19143.885443,13508.219752,0,1.0,message,native,1,99d1c7fab316,2576,2
java,stream,message,100,43,msgpack,0.9.8,60194,24873,114,85067,16612.951457,40204.237527,11755.439830,0,1.0,reflect,native,1,99d1c7fab316,2577,3
java,stream,message,100,43,fory,1.3.0,11293,11910,133,23203,88550.429470,83963.056255,43097.875275,0,1.0,message,adapted,1,99d1c7fab316,2578,4
java,stream,message,100,43,avro,1.12.0,17588,21959,44,39547,56856.947919,45539.414363,25286.368119,0,1.0,schema,native,1,99d1c7fab316,2579,5
java,stream,message,100,43,hessian,4.0.66,13023,14195,143,27218,76787.222606,70447.340613,36740.392387,0,1.0,message,native,1,99d1c7fab316,2580,6
java,stream,message,100,43,jackson,2.18.3,20162,25383,158,45545,49598.254141,39396.446441,21956.306949,0,1.0,reflect,native,1,99d1c7fab316,2581,7
java,stream,message,100,43,kryo,5.6.2,14645,10267,46,24912,68282.690338,97399.435083,40141.297367,0,1.0,message,native,1,99d1c7fab316,2582,8
java,stream,message,100,43,protobuf,4.28.3,8506,10124,50,18630,117564.072419,98775.187673,53676.865271,0,1.0,message,native,1,99d1c7fab316,2583,9
java,stream,message,100,43,jackson-cbor,2.18.3,15674,18391,115,34065,63799.923440,54374.422272,29355.643622,0,1.0,reflect,native,1,99d1c7fab316,2584,10
java,stream,message,100,43,protostuff,1.8.0,9701,9626,52,19327,103082.156479,103885.310617,51741.087598,0,1.0,schema,native,1,99d1c7fab316,2585,11
java,stream,message,100,43,dsl-json,2.0.2,25630,25609,158,51239,39016.777214,39048.771916,19516.384004,0,1.0,reflect,native,1,99d1c7fab316,2586,12
java,stream,message,100,43,jackson-smile,2.18.3,15523,17990,119,33513,64420.537267,55586.436909,29839.166890,0,1.0,reflect,native,1,99d1c7fab316,2587,13
java,stream,message,100,43,jsoniter,0.9.23,9887,9464,150,19351,101142.914939,105663.567202,51676.915922,0,1.0,reflect,adapted,1,99d1c7fab316,2588,14
java,stream,message,100,43,ion,2.18.3,42011,59942,144,101953,23803.289615,16682.793367,9808.441144,0,1.0,reflect,native,1,99d1c7fab316,2589,15
java,stream,message,100,43,moshi,1.15.2,16848,20195,158,37043,59354.226021,49517.207230,26995.653700,0,1.0,reflect,native,1,99d1c7fab316,2590,16
java,stream,message,100,43,fastjson2,2.0.57,19792,15788,158,35580,50525.464834,63339.244996,28105.677347,0,1.0,reflect,adapted,1,99d1c7fab316,2591,17
java,stream,message,100,44,jackson-smile,2.18.3,16659,18863,119,35522,60027.612702,53013.836611,28151.568042,0,1.0,reflect,native,1,99d1c7fab316,2592,0
java,stream,message,100,44,dsl-json,2.0.2,23022,21638,158,44660,43436.712710,46214.992143,22391.401702,0,1.0,reflect,native,1,99d1c7fab316,2593,1
java,stream,message,100,44,fory,1.3.0,10920,10283,133,21203,91575.091575,97247.884859,47163.137292,0,1.0,message,adapted,1,99d1c7fab316,2594,2
java,stream,message,100,44,jackson,2.18.3,17788,22752,158,40540,56217.674837,43952.180028,24666.995560,0,1.0,reflect,native,1,99d1c7fab316,2595,3
java,stream,message,100,44,jsoniter,0.9.23,9452,9248,150,18700,105797.714769,108131.487889,53475.935829,0,1.0,reflect,adapted,1,99d1c7fab316,2596,4
java,stream,message,100,44,protobuf,4.28.3,8516,9756,50,18272,117426.021606,102501.025010,54728.546410,0,1.0,message,native,1,99d1c7fab316,2597,5
java,stream,message,100,44,hessian,4.0.66,12751,13622,143,26373,78425.221551,73410.659228,37917.567209,0,1.0,message,native,1,99d1c7fab316,2598,6
java,stream,message,100,44,jackson-cbor,2.18.3,15325,17766,115,33091,65252.854812,56287.290330,30219.697199,0,1.0,reflect,native,1,99d1c7fab316,2599,7
java,stream,message,100,44,kryo,5.6.2,12918,9647,46,22565,77411.363988,103659.168653,44316.419233,0,1.0,message,native,1,99d1c7fab316,2600,8
java,stream,message,100,44,ion,2.18.3,40764,59430,144,100194,24531.449318,16826.518593,9980.637563,0,1.0,reflect,native,1,99d1c7fab316,2601,9
java,stream,message,100,44,gson,2.12.1,31658,29278,158,60936,31587.592394,34155.338479,16410.660365,0,1.0,reflect,native,1,99d1c7fab316,2602,10
java,stream,message,100,44,moshi,1.15.2,15694,18936,158,34630,63718.618580,52809.463456,28876.696506,0,1.0,reflect,native,1,99d1c7fab316,2603,11
java,stream,message,100,44,fastjson2,2.0.57,19085,14959,158,34044,52397.170553,66849.388328,29373.751616,0,1.0,reflect,adapted,1,99d1c7fab316,2604,12
java,stream,message,100,44,msgpack,0.9.8,40550,21835,114,62385,24660.912454,45798.030685,16029.494269,0,1.0,reflect,native,1,99d1c7fab316,2605,13
java,stream,message,100,44,java-serialization,21.0.11,22864,50876,206,73740,43736.878936,19655.633305,13561.160835,0,1.0,message,native,1,99d1c7fab316,2606,14
java,stream,message,100,44,avro,1.12.0,17437,23258,44,40695,57349.314676,42995.958380,24573.043371,0,1.0,schema,native,1,99d1c7fab316,2607,15
java,stream,message,100,44,bson,5.3.1,24022,25798,134,49820,41628.507202,38762.694783,20072.260136,0,1.0,message,adapted,1,99d1c7fab316,2608,16
java,stream,message,100,44,protostuff,1.8.0,9102,9313,52,18415,109865.963525,107376.785139,54303.556883,0,1.0,schema,native,1,99d1c7fab316,2609,17
java,stream,message,100,45,java-serialization,21.0.11,26001,43530,206,69531,38460.059228,22972.662532,14382.074183,0,1.0,message,native,1,99d1c7fab316,2610,0
java,stream,message,100,45,jsoniter,0.9.23,9551,9263,150,18814,104701.078421,107956.385620,53151.908154,0,1.0,reflect,adapted,1,99d1c7fab316,2611,1
java,stream,message,100,45,jackson-cbor,2.18.3,18512,20959,115,39471,54019.014693,47712.200010,25335.056117,0,1.0,reflect,native,1,99d1c7fab316,2612,2
java,stream,message,100,45,fory,1.3.0,11071,10614,133,21685,90326.077138,94215.187488,46114.825917,0,1.0,message,adapted,1,99d1c7fab316,2613,3
java,stream,message,100,45,protostuff,1.8.0,8139,7555,52,15694,122865.216857,132362.673726,63718.618580,0,1.0,schema,native,1,99d1c7fab316,2614,4
java,stream,message,100,45,avro,1.12.0,15839,21280,44,37119,63135.298946,46992.481203,26940.380937,0,1.0,schema,native,1,99d1c7fab316,2615,5
java,stream,message,100,45,gson,2.12.1,30629,28223,158,58852,32648.796892,35432.094391,16991.775980,0,1.0,reflect,native,1,99d1c7fab316,2616,6
java,stream,message,100,45,jackson,2.18.3,23083,47682,158,70765,43321.925226,20972.274653,14131.279587,0,1.0,reflect,native,1,99d1c7fab316,2617,7
java,stream,message,100,45,ion,2.18.3,48252,86871,144,135123,20724.529553,11511.321385,7400.664580,0,1.0,reflect,native,1,99d1c7fab316,2618,8
java,stream,message,100,45,moshi,1.15.2,17426,21687,158,39113,57385.515896,46110.573154,25566.947051,0,1.0,reflect,native,1,99d1c7fab316,2619,9
java,stream,message,100,45,msgpack,0.9.8,22612,27084,114,49696,44224.305678,36922.168070,20122.343851,0,1.0,reflect,native,1,99d1c7fab316,2620,10
java,stream,message,100,45,kryo,5.6.2,16025,10848,46,26873,62402.496100,92182.890855,37212.071596,0,1.0,message,native,1,99d1c7fab316,2621,11
java,stream,message,100,45,fastjson2,2.0.57,19114,15720,158,34834,52317.672910,63613.231552,28707.584544,0,1.0,reflect,adapted,1,99d1c7fab316,2622,12
java,stream,message,100,45,protobuf,4.28.3,10041,12301,50,22342,99591.674136,81294.203723,44758.750336,0,1.0,message,native,1,99d1c7fab316,2623,13
java,stream,message,100,45,hessian,4.0.66,20950,15637,143,36587,47732.696897,63950.885720,27332.112499,0,1.0,message,native,1,99d1c7fab316,2624,14
java,stream,message,100,45,jackson-smile,2.18.3,18189,20963,119,39152,54978.283578,47703.095931,25541.479362,0,1.0,reflect,native,1,99d1c7fab316,2625,15
java,stream,message,100,45,dsl-json,2.0.2,29623,25176,158,54799,33757.553253,39720.368605,18248.508184,0,1.0,reflect,native,1,99d1c7fab316,2626,16
java,stream,message,100,45,bson,5.3.1,26811,26041,134,52852,37298.123904,38400.983065,18920.759858,0,1.0,message,adapted,1,99d1c7fab316,2627,17
java,stream,message,100,46,avro,1.12.0,17538,22155,44,39693,57019.044361,45136.538028,25193.359031,0,1.0,schema,native,1,99d1c7fab316,2628,0
java,stream,message,100,46,gson,2.12.1,29082,25685,158,54767,34385.530569,38933.229511,18259.170668,0,1.0,reflect,native,1,99d1c7fab316,2629,1
java,stream,message,100,46,fory,1.3.0,18021,11112,133,29133,55490.816270,89992.800576,34325.335530,0,1.0,message,adapted,1,99d1c7fab316,2630,2
java,stream,message,100,46,hessian,4.0.66,12087,14008,143,26095,82733.515347,71387.778412,38321.517532,0,1.0,message,native,1,99d1c7fab316,2631,3
java,stream,message,100,46,moshi,1.15.2,16037,20412,158,36449,62355.802207,48990.789732,27435.594941,0,1.0,reflect,native,1,99d1c7fab316,2632,4
java,stream,message,100,46,ion,2.18.3,44921,63618,144,108539,22261.303177,15718.821717,9213.278177,0,1.0,reflect,native,1,99d1c7fab316,2633,5
java,stream,message,100,46,java-serialization,21.0.11,32367,60638,206,93005,30895.665338,16491.309080,10752.110102,0,1.0,message,native,1,99d1c7fab316,2634,6
java,stream,message,100,46,fastjson2,2.0.57,39983,17938,158,57921,25010.629518,55747.574980,17264.895288,0,1.0,reflect,adapted,1,99d1c7fab316,2635,7
java,stream,message,100,46,kryo,5.6.2,16481,12202,46,28683,60675.929859,81953.778069,34863.856640,0,1.0,message,native,1,99d1c7fab316,2636,8
java,stream,message,100,46,protostuff,1.8.0,13199,12531,52,25730,75763.315403,79802.090815,38865.137971,0,1.0,schema,native,1,99d1c7fab316,2637,9
java,stream,message,100,46,bson,5.3.1,27756,28324,134,56080,36028.246145,35305.747776,17831.669044,0,1.0,message,adapted,1,99d1c7fab316,2638,10
java,stream,message,100,46,jackson-smile,2.18.3,22333,25594,119,47927,44776.787713,39071.657420,20865.065621,0,1.0,reflect,native,1,99d1c7fab316,2639,11
java,stream,message,100,46,dsl-json,2.0.2,41110,27049,158,68159,24324.981756,36969.943436,14671.576754,0,1.0,reflect,native,1,99d1c7fab316,2640,12
java,stream,message,100,46,jackson-cbor,2.18.3,22035,23256,115,45291,45382.346267,42999.656003,22079.441832,0,1.0,reflect,native,1,99d1c7fab316,2641,13
java,stream,message,100,46,jsoniter,0.9.23,16427,14556,150,30983,60875.388081,68700.192361,32275.764129,0,1.0,reflect,adapted,1,99d1c7fab316,2642,14
java,stream,message,100,46,jackson,2.18.3,22698,38805,158,61503,44056.745088,25769.875016,16259.369462,0,1.0,reflect,native,1,99d1c7fab316,2643,15
java,stream,message,100,46,msgpack,0.9.8,25505,19272,114,44777,39207.998432,51888.750519,22332.894120,0,1.0,reflect,native,1,99d1c7fab316,2644,16
java,stream,message,100,46,protobuf,4.28.3,12354,13610,50,25964,80945.442772,73475.385746,38514.866739,0,1.0,message,native,1,99d1c7fab316,2645,17
java,stream,message,100,47,moshi,1.15.2,38611,22454,158,61065,25899.355106,44535.494789,16375.992795,0,1.0,reflect,native,1,99d1c7fab316,2646,0
java,stream,message,100,47,jackson-smile,2.18.3,16518,18197,119,34715,60540.016951,54954.113315,28805.991646,0,1.0,reflect,native,1,99d1c7fab316,2647,1
java,stream,message,100,47,avro,1.12.0,21314,27051,44,48365,46917.519002,36967.210085,20676.108756,0,1.0,schema,native,1,99d1c7fab316,2648,2
java,stream,message,100,47,msgpack,0.9.8,21009,17185,114,38194,47598.648198,58190.282223,26182.122847,0,1.0,reflect,native,1,99d1c7fab316,2649,3
java,stream,message,100,47,gson,2.12.1,33456,29515,158,62971,29890.004782,33881.077418,15880.325864,0,1.0,reflect,native,1,99d1c7fab316,2650,4
java,stream,message,100,47,hessian,4.0.66,23170,19017,143,42187,43159.257661,52584.529631,23703.984640,0,1.0,message,native,1,99d1c7fab316,2651,5
java,stream,message,100,47,fory,1.3.0,18131,13823,133,31954,55154.155866,72343.196122,31294.986543,0,1.0,message,adapted,1,99d1c7fab316,2652,6
java,stream,message,100,47,jackson-cbor,2.18.3,18926,20929,115,39855,52837.366586,47780.591524,25090.954711,0,1.0,reflect,native,1,99d1c7fab316,2653,7
java,stream,message,100,47,java-serialization,21.0.11,39676,59412,206,99088,25204.153645,16831.616508,10092.039399,0,1.0,message,native,1,99d1c7fab316,2654,8
java,stream,message,100,47,bson,5.3.1,28165,27842,134,56007,35505.059471,35916.959989,17854.910993,0,1.0,message,adapted,1,99d1c7fab316,2655,9
java,stream,message,100,47,jackson,2.18.3,21836,29038,158,50874,45795.933321,34437.633446,19656.406023,0,1.0,reflect,native,1,99d1c7fab316,2656,10
java,stream,message,100,47,protostuff,1.8.0,13342,10609,52,23951,74951.281667,94259.590913,41751.910150,0,1.0,schema,native,1,99d1c7fab316,2657,11
java,stream,message,100,47,ion,2.18.3,69849,87634,144,157483,14316.597231,11411.096150,6349.891734,0,1.0,reflect,native,1,99d1c7fab316,2658,12
java,stream,message,100,47,dsl-json,2.0.2,35403,26804,158,62207,28246.193825,37307.864498,16075.361294,0,1.0,reflect,native,1,99d1c7fab316,2659,13
java,stream,message,100,47,protobuf,4.28.3,11762,12480,50,24242,85019.554498,80128.205128,41250.721888,0,1.0,message,native,1,99d1c7fab316,2660,14
java,stream,message,100,47,fastjson2,2.0.57,25346,24774,158,50120,39453.957232,40364.898684,19952.114924,0,1.0,reflect,adapted,1,99d1c7fab316,2661,15
java,stream,message,100,47,jsoniter,0.9.23,14186,12650,150,26836,70492.034400,79051.383399,37263.377553,0,1.0,reflect,adapted,1,99d1c7fab316,2662,16
java,stream,message,100,47,kryo,5.6.2,21540,13498,46,35038,46425.255339,74085.049637,28540.441806,0,1.0,message,native,1,99d1c7fab316,2663,17
java,stream,message,100,48,protostuff,1.8.0,11982,9977,52,21959,83458.521115,100230.530220,45539.414363,0,1.0,schema,native,1,99d1c7fab316,2664,0
java,stream,message,100,48,jackson,2.18.3,23242,27616,158,50858,43025.557181,36210.892236,19662.589956,0,1.0,reflect,native,1,99d1c7fab316,2665,1
java,stream,message,100,48,fastjson2,2.0.57,19275,15199,158,34474,51880.674449,65793.802224,29007.367871,0,1.0,reflect,adapted,1,99d1c7fab316,2666,2
java,stream,message,100,48,moshi,1.15.2,20325,31485,158,51810,49200.492005,31761.156106,19301.293187,0,1.0,reflect,native,1,99d1c7fab316,2667,3
java,stream,message,100,48,bson,5.3.1,33769,28938,134,62707,29612.958631,34556.638330,15947.182930,0,1.0,message,adapted,1,99d1c7fab316,2668,4
java,stream,message,100,48,msgpack,0.9.8,31862,21967,114,53829,31385.349319,45522.829699,18577.346783,0,1.0,reflect,native,1,99d1c7fab316,2669,5
java,stream,message,100,48,jackson-smile,2.18.3,18551,29558,119,48109,53905.449841,33831.788348,20786.131493,0,1.0,reflect,native,1,99d1c7fab316,2670,6
java,stream,message,100,48,dsl-json,2.0.2,33160,24252,158,57412,30156.815440,41233.712683,17417.961402,0,1.0,reflect,native,1,99d1c7fab316,2671,7
java,stream,message,100,48,hessian,4.0.66,28485,19016,143,47501,35106.196244,52587.294910,21052.188375,0,1.0,message,native,1,99d1c7fab316,2672,8
java,stream,message,100,48,jsoniter,0.9.23,84424,92915,150,177339,11844.972993,10762.524888,5638.917553,0,1.0,reflect,adapted,1,99d1c7fab316,2673,9
java,stream,message,100,48,ion,2.18.3,48449,67364,144,115813,20640.260893,14844.724185,8634.609241,0,1.0,reflect,native,1,99d1c7fab316,2674,10
java,stream,message,100,48,jackson-cbor,2.18.3,17425,20744,115,38169,57388.809182,48206.710374,26199.271660,0,1.0,reflect,native,1,99d1c7fab316,2675,11
java,stream,message,100,48,avro,1.12.0,22911,29771,44,52682,43647.156388,33589.734977,18981.815421,0,1.0,schema,native,1,99d1c7fab316,2676,12
java,stream,message,100,48,protobuf,4.28.3,10061,11372,50,21433,99393.698440,87935.279634,46657.024215,0,1.0,message,native,1,99d1c7fab316,2677,13
java,stream,message,100,48,java-serialization,21.0.11,29068,64678,206,93746,34402.091647,15461.207830,10667.121797,0,1.0,message,native,1,99d1c7fab316,2678,14
java,stream,message,100,48,fory,1.3.0,16481,16404,133,32885,60675.929859,60960.741283,30409.001064,0,1.0,message,adapted,1,99d1c7fab316,2679,15
java,stream,message,100,48,gson,2.12.1,42520,35705,158,78225,23518.344309,28007.281893,12783.636945,0,1.0,reflect,native,1,99d1c7fab316,2680,16
java,stream,message,100,48,kryo,5.6.2,18316,12509,46,30825,54597.073597,79942.441442,32441.200324,0,1.0,message,native,1,99d1c7fab316,2681,17
java,stream,message,100,49,protostuff,1.8.0,12750,11338,52,24088,78431.372549,88198.976892,41514.447028,0,1.0,schema,native,1,99d1c7fab316,2682,0
java,stream,message,100,49,hessian,4.0.66,19341,17278,143,36619,51703.634766,57877.069105,27308.227969,0,1.0,message,native,1,99d1c7fab316,2683,1
java,stream,message,100,49,fory,1.3.0,11335,13176,133,24511,88222.320247,75895.567699,40798.009057,0,1.0,message,adapted,1,99d1c7fab316,2684,2
java,stream,message,100,49,jackson,2.18.3,27016,43742,158,70758,37015.102162,22861.323213,14132.677577,0,1.0,reflect,native,1,99d1c7fab316,2685,3
java,stream,message,100,49,java-serialization,21.0.11,56350,57453,206,113803,17746.228926,17405.531478,8787.114575,0,1.0,message,native,1,99d1c7fab316,2686,4
java,stream,message,100,49,avro,1.12.0,23218,31871,44,55089,43070.031872,31376.486461,18152.444227,0,1.0,schema,native,1,99d1c7fab316,2687,5
java,stream,message,100,49,ion,2.18.3,63203,229369,144,292572,15822.033764,4359.787068,3417.962074,0,1.0,reflect,native,1,99d1c7fab316,2688,6
java,stream,message,100,49,bson,5.3.1,45197,43440,134,88637,22125.362303,23020.257827,11281.970283,0,1.0,message,adapted,1,99d1c7fab316,2689,7
java,stream,message,100,49,msgpack,0.9.8,35735,28888,114,64623,27983.769414,34616.449737,15474.366712,0,1.0,reflect,native,1,99d1c7fab316,2690,8
java,stream,message,100,49,moshi,1.15.2,27413,33607,158,61020,36479.042790,29755.705657,16388.069485,0,1.0,reflect,native,1,99d1c7fab316,2691,9
java,stream,message,100,49,jsoniter,0.9.23,16628,15664,150,32292,60139.523695,63840.653728,30967.422272,0,1.0,reflect,adapted,1,99d1c7fab316,2692,10
java,stream,message,100,49,dsl-json,2.0.2,45896,36319,158,82215,21788.391145,27533.797737,12163.230554,0,1.0,reflect,native,1,99d1c7fab316,2693,11
java,stream,message,100,49,gson,2.12.1,51423,40519,158,91942,19446.551154,24679.779856,10876.422092,0,1.0,reflect,native,1,99d1c7fab316,2694,12
java,stream,message,100,49,fastjson2,2.0.57,33695,37748,158,71443,29677.993768,26491.469747,13997.172571,0,1.0,reflect,adapted,1,99d1c7fab316,2695,13
java,stream,message,100,49,jackson-cbor,2.18.3,28988,35517,115,64505,34497.033255,28155.531154,15502.674211,0,1.0,reflect,native,1,99d1c7fab316,2696,14
java,stream,message,100,49,jackson-smile,2.18.3,22865,25351,119,48216,43734.966105,39446.175693,20740.003318,0,1.0,reflect,native,1,99d1c7fab316,2697,15
java,stream,message,100,49,kryo,5.6.2,24458,15238,46,39696,40886.417532,65625.410159,25191.455058,0,1.0,message,native,1,99d1c7fab316,2698,16
java,stream,message,100,49,protobuf,4.28.3,16259,23744,50,40003,61504.397564,42115.902965,24998.125141,0,1.0,message,native,1,99d1c7fab316,2699,17
java,stream,message,100,50,jackson-cbor,2.18.3,20482,22326,115,42808,48823.357094,44790.826839,23360.119604,0,1.0,reflect,native,1,99d1c7fab316,2700,0
java,stream,message,100,50,avro,1.12.0,28306,34049,44,62355,35328.198968,29369.438163,16037.206319,0,1.0,schema,native,1,99d1c7fab316,2701,1
java,stream,message,100,50,moshi,1.15.2,23583,29003,158,52586,42403.426197,34479.191808,19016.468262,0,1.0,reflect,native,1,99d1c7fab316,2702,2
java,stream,message,100,50,java-serialization,21.0.11,64419,98519,206,162938,15523.370434,10150.326333,6137.303760,0,1.0,message,native,1,99d1c7fab316,2703,3
java,stream,message,100,50,bson,5.3.1,60071,67237,134,127308,16646.967755,14872.763508,7854.965909,0,1.0,message,adapted,1,99d1c7fab316,2704,4
java,stream,message,100,50,jackson,2.18.3,42122,54897,158,97019,23740.563126,18215.931654,10307.259403,0,1.0,reflect,native,1,99d1c7fab316,2705,5
java,stream,message,100,50,gson,2.12.1,70439,49391,158,119830,14196.680816,20246.603632,8345.155637,0,1.0,reflect,native,1,99d1c7fab316,2706,6
java,stream,message,100,50,msgpack,0.9.8,50168,35395,114,85563,19933.025036,28252.578048,11687.294742,0,1.0,reflect,native,1,99d1c7fab316,2707,7
java,stream,message,100,50,protobuf,4.28.3,23935,23927,50,47862,41779.820347,41793.789443,20893.401864,0,1.0,message,native,1,99d1c7fab316,2708,8
java,stream,message,100,50,jsoniter,0.9.23,24201,18799,150,43000,41320.606587,53194.318847,23255.813953,0,1.0,reflect,adapted,1,99d1c7fab316,2709,9
java,stream,message,100,50,fastjson2,2.0.57,42022,40935,158,82957,23797.058684,24428.972762,12054.437841,0,1.0,reflect,adapted,1,99d1c7fab316,2710,10
java,stream,message,100,50,dsl-json,2.0.2,60876,42331,158,103207,16426.834877,23623.349318,9689.265263,0,1.0,reflect,native,1,99d1c7fab316,2711,11
java,stream,message,100,50,fory,1.3.0,28009,28025,133,56034,35702.809811,35682.426405,17846.307599,0,1.0,message,adapted,1,99d1c7fab316,2712,12
java,stream,message,100,50,kryo,5.6.2,26658,15832,46,42490,37512.191462,63163.213744,23534.949400,0,1.0,message,native,1,99d1c7fab316,2713,13
java,stream,message,100,50,hessian,4.0.66,28992,27806,143,56798,34492.273731,35963.461123,17606.253741,0,1.0,message,native,1,99d1c7fab316,2714,14
java,stream,message,100,50,ion,2.18.3,95863,123869,144,219732,10431.553363,8073.044910,4550.998489,0,1.0,reflect,native,1,99d1c7fab316,2715,15
java,stream,message,100,50,jackson-smile,2.18.3,25049,28568,119,53617,39921.753363,35004.200504,18650.801052,0,1.0,reflect,native,1,99d1c7fab316,2716,16
java,stream,message,100,50,protostuff,1.8.0,24384,16103,52,40487,41010.498688,62100.229771,24699.286191,0,1.0,schema,native,1,99d1c7fab316,2717,17
java,stream,message,100,51,protobuf,4.28.3,27022,17386,50,44408,37006.883280,57517.542851,22518.465141,0,1.0,message,native,1,99d1c7fab316,2718,0
java,stream,message,100,51,kryo,5.6.2,24014,14065,46,38079,41642.375281,71098.471383,26261.193834,0,1.0,message,native,1,99d1c7fab316,2719,1
java,stream,message,100,51,moshi,1.15.2,32609,38179,158,70788,30666.380447,26192.409440,14126.688139,0,1.0,reflect,native,1,99d1c7fab316,2720,2
java,stream,message,100,51,msgpack,0.9.8,101738,30446,114,132184,9829.169042,32845.037115,7565.212129,0,1.0,reflect,native,1,99d1c7fab316,2721,3
java,stream,message,100,51,dsl-json,2.0.2,49569,37039,158,86608,20173.899009,26998.569076,11546.277480,0,1.0,reflect,native,1,99d1c7fab316,2722,4
java,stream,message,100,51,jackson,2.18.3,32243,52393,158,84636,31014.483764,19086.519191,11815.303181,0,1.0,reflect,native,1,99d1c7fab316,2723,5
java,stream,message,100,51,avro,1.12.0,36179,48744,44,84923,27640.343846,20515.345478,11775.372985,0,1.0,schema,native,1,99d1c7fab316,2724,6
java,stream,message,100,51,ion,2.18.3,93944,112374,144,206318,10644.639360,8898.855607,4846.886845,0,1.0,reflect,native,1,99d1c7fab316,2725,7
java,stream,message,100,51,jsoniter,0.9.23,28128,17394,150,45522,35551.763367,57491.088881,21967.400378,0,1.0,reflect,adapted,1,99d1c7fab316,2726,8
java,stream,message,100,51,java-serialization,21.0.11,55478,99636,206,155114,18025.163128,10036.532980,6446.871333,0,1.0,message,native,1,99d1c7fab316,2727,9
java,stream,message,100,51,jackson-smile,2.18.3,36452,35784,119,72236,27433.336991,27945.450481,13843.512930,0,1.0,reflect,native,1,99d1c7fab316,2728,10
java,stream,message,100,51,protostuff,1.8.0,20895,14932,52,35827,47858.339316,66970.265202,27911.910012,0,1.0,schema,native,1,99d1c7fab316,2729,11
java,stream,message,100,51,jackson-cbor,2.18.3,25957,27703,115,53660,38525.253304,36097.173591,18635.855386,0,1.0,reflect,native,1,99d1c7fab316,2730,12
java,stream,message,100,51,fastjson2,2.0.57,32400,25725,158,58125,30864.197531,38872.691934,17204.301075,0,1.0,reflect,adapted,1,99d1c7fab316,2731,13
java,stream,message,100,51,gson,2.12.1,50639,39400,158,90039,19747.625348,25380.710660,11106.298382,0,1.0,reflect,native,1,99d1c7fab316,2732,14
java,stream,message,100,51,hessian,4.0.66,20489,24798,143,45287,48806.676753,40325.832728,22081.392011,0,1.0,message,native,1,99d1c7fab316,2733,15
java,stream,message,100,51,bson,5.3.1,42403,43806,134,86209,23583.237035,22827.923116,11599.716967,0,1.0,message,adapted,1,99d1c7fab316,2734,16
java,stream,message,100,51,fory,1.3.0,21099,19184,133,40283,47395.611166,52126.772310,24824.367599,0,1.0,message,adapted,1,99d1c7fab316,2735,17
java,stream,message,100,52,bson,5.3.1,23067,22177,134,45244,43351.974682,45091.761735,22102.378216,0,1.0,message,adapted,1,99d1c7fab316,2736,0
java,stream,message,100,52,jackson,2.18.3,25037,33071,158,58108,39940.887487,30237.972846,17209.334343,0,1.0,reflect,native,1,99d1c7fab316,2737,1
java,stream,message,100,52,gson,2.12.1,46635,30891,158,77526,21443.122119,32371.888252,12898.898434,0,1.0,reflect,native,1,99d1c7fab316,2738,2
java,stream,message,100,52,hessian,4.0.66,26000,19369,143,45369,38461.538462,51628.891528,22041.482069,0,1.0,message,native,1,99d1c7fab316,2739,3
java,stream,message,100,52,fastjson2,2.0.57,27702,27655,158,55357,36098.476644,36159.826433,18064.562747,0,1.0,reflect,adapted,1,99d1c7fab316,2740,4
java,stream,message,100,52,jackson-smile,2.18.3,22060,24935,119,46995,45330.915684,40104.271105,21278.859453,0,1.0,reflect,native,1,99d1c7fab316,2741,5
java,stream,message,100,52,fory,1.3.0,16626,15015,133,31641,60146.758090,66600.066600,31604.563699,0,1.0,message,adapted,1,99d1c7fab316,2742,6
java,stream,message,100,52,jackson-cbor,2.18.3,22586,24651,115,47237,44275.214735,40566.305627,21169.845672,0,1.0,reflect,native,1,99d1c7fab316,2743,7
java,stream,message,100,52,moshi,1.15.2,25842,32945,158,58787,38696.695302,30353.619669,17010.563560,0,1.0,reflect,native,1,99d1c7fab316,2744,8
java,stream,message,100,52,dsl-json,2.0.2,42417,41557,158,83974,23575.453238,24063.334697,11908.447853,0,1.0,reflect,native,1,99d1c7fab316,2745,9
java,stream,message,100,52,java-serialization,21.0.11,37960,88841,206,126801,26343.519494,11256.064205,7886.373136,0,1.0,message,native,1,99d1c7fab316,2746,10
java,stream,message,100,52,msgpack,0.9.8,39754,29751,114,69505,25154.701414,33612.315552,14387.454140,0,1.0,reflect,native,1,99d1c7fab316,2747,11
java,stream,message,100,52,avro,1.12.0,30653,44459,44,75112,32623.234267,22492.633662,13313.451912,0,1.0,schema,native,1,99d1c7fab316,2748,12
java,stream,message,100,52,kryo,5.6.2,25634,17183,46,42817,39010.688929,58197.055229,23355.209379,0,1.0,message,native,1,99d1c7fab316,2749,13
java,stream,message,100,52,jsoniter,0.9.23,15813,14374,150,30187,63239.107064,69570.057047,33126.842681,0,1.0,reflect,adapted,1,99d1c7fab316,2750,14
java,stream,message,100,52,ion,2.18.3,80171,94721,144,174892,12473.338240,10557.320974,5717.814423,0,1.0,reflect,native,1,99d1c7fab316,2751,15
java,stream,message,100,52,protostuff,1.8.0,17221,13061,52,30282,58068.637129,76563.815941,33022.917905,0,1.0,schema,native,1,99d1c7fab316,2752,16
java,stream,message,100,52,protobuf,4.28.3,28102,19735,50,47837,35584.655896,50671.395997,20904.320923,0,1.0,message,native,1,99d1c7fab316,2753,17
java,stream,message,100,53,msgpack,0.9.8,37761,27010,114,64771,26482.349514,37023.324695,15439.008198,0,1.0,reflect,native,1,99d1c7fab316,2754,0
java,stream,message,100,53,avro,1.12.0,25201,39416,44,64617,39680.965041,25370.407956,15475.803581,0,1.0,schema,native,1,99d1c7fab316,2755,1
java,stream,message,100,53,hessian,4.0.66,18182,20632,143,38814,54999.450005,48468.398604,25763.899624,0,1.0,message,native,1,99d1c7fab316,2756,2
java,stream,message,100,53,fory,1.3.0,16908,16837,133,33745,59143.600662,59393.003504,29634.019855,0,1.0,message,adapted,1,99d1c7fab316,2757,3
java,stream,message,100,53,java-serialization,21.0.11,34008,68983,206,102991,29404.845919,14496.325182,9709.586275,0,1.0,message,native,1,99d1c7fab316,2758,4
java,stream,message,100,53,jackson-cbor,2.18.3,25700,29809,115,55509,38910.505837,33546.915361,18015.096651,0,1.0,reflect,native,1,99d1c7fab316,2759,5
java,stream,message,100,53,jsoniter,0.9.23,24224,12985,150,37209,41281.373844,77011.936850,26875.218361,0,1.0,reflect,adapted,1,99d1c7fab316,2760,6
java,stream,message,100,53,dsl-json,2.0.2,54680,42316,158,96996,18288.222385,23631.723225,10309.703493,0,1.0,reflect,native,1,99d1c7fab316,2761,7
java,stream,message,100,53,ion,2.18.3,79739,100063,144,179802,12540.914734,9993.703967,5561.673396,0,1.0,reflect,native,1,99d1c7fab316,2762,8
java,stream,message,100,53,moshi,1.15.2,26168,32676,158,58844,38214.613268,30603.501041,16994.086058,0,1.0,reflect,native,1,99d1c7fab316,2763,9
java,stream,message,100,53,jackson,2.18.3,27341,46253,158,73594,36575.106982,21620.219229,13588.064244,0,1.0,reflect,native,1,99d1c7fab316,2764,10
java,stream,message,100,53,kryo,5.6.2,30418,18505,46,48923,32875.271221,54039.448798,20440.283711,0,1.0,message,native,1,99d1c7fab316,2765,11
java,stream,message,100,53,bson,5.3.1,68440,62835,134,131275,14611.338399,15914.697223,7617.596648,0,1.0,message,adapted,1,99d1c7fab316,2766,12
java,stream,message,100,53,fastjson2,2.0.57,35978,31904,158,67882,27794.763467,31344.032096,14731.445744,0,1.0,reflect,adapted,1,99d1c7fab316,2767,13
java,stream,message,100,53,gson,2.12.1,56636,42728,158,99364,17656.614168,23403.856956,10064.007085,0,1.0,reflect,native,1,99d1c7fab316,2768,14
java,stream,message,100,53,protostuff,1.8.0,22607,17434,52,40041,44234.086787,57359.183205,24974.401239,0,1.0,schema,native,1,99d1c7fab316,2769,15
java,stream,message,100,53,jackson-smile,2.18.3,35035,46956,119,81991,28542.885686,21296.532924,12196.460587,0,1.0,reflect,native,1,99d1c7fab316,2770,16
java,stream,message,100,53,protobuf,4.28.3,20606,36118,50,56724,48529.554499,27687.025860,17629.222199,0,1.0,message,native,1,99d1c7fab316,2771,17
java,stream,message,100,54,moshi,1.15.2,31148,40225,158,71373,32104.790035,24860.161591,14010.900481,0,1.0,reflect,native,1,99d1c7fab316,2772,0
java,stream,message,100,54,jsoniter,0.9.23,33440,19347,150,52787,29904.306220,51687.600145,18944.058196,0,1.0,reflect,adapted,1,99d1c7fab316,2773,1
java,stream,message,100,54,bson,5.3.1,131972,57463,134,189435,7577.364896,17402.502480,5278.855544,0,1.0,message,adapted,1,99d1c7fab316,2774,2
java,stream,message,100,54,fory,1.3.0,25402,21807,133,47209,39366.978978,45856.834961,21182.401661,0,1.0,message,adapted,1,99d1c7fab316,2775,3
java,stream,message,100,54,jackson,2.18.3,37315,40540,158,77855,26798.874447,24666.995560,12844.390213,0,1.0,reflect,native,1,99d1c7fab316,2776,4
java,stream,message,100,54,dsl-json,2.0.2,54908,44846,158,99754,18212.282363,22298.532757,10024.660665,0,1.0,reflect,native,1,99d1c7fab316,2777,5
java,stream,message,100,54,java-serialization,21.0.11,43215,88443,206,131658,23140.113387,11306.717321,7595.436662,0,1.0,message,native,1,99d1c7fab316,2778,6
java,stream,message,100,54,jackson-cbor,2.18.3,26099,29386,115,55485,38315.644278,34029.810114,18022.889069,0,1.0,reflect,native,1,99d1c7fab316,2779,7
java,stream,message,100,54,kryo,5.6.2,26773,17119,46,43892,37351.062638,58414.627023,22783.195115,0,1.0,message,native,1,99d1c7fab316,2780,8
java,stream,message,100,54,jackson-smile,2.18.3,20122,32048,119,52170,49696.849220,31203.195207,19168.104274,0,1.0,reflect,native,1,99d1c7fab316,2781,9
java,stream,message,100,54,hessian,4.0.66,21731,26476,143,48207,46017.210437,37770.055900,20743.875371,0,1.0,message,native,1,99d1c7fab316,2782,10
java,stream,message,100,54,fastjson2,2.0.57,31747,24804,158,56551,31499.039279,40316.078052,17683.153260,0,1.0,reflect,adapted,1,99d1c7fab316,2783,11
java,stream,message,100,54,avro,1.12.0,35791,42478,44,78269,27939.984912,23541.598004,12776.450447,0,1.0,schema,native,1,99d1c7fab316,2784,12
java,stream,message,100,54,msgpack,0.9.8,36363,30474,114,66837,27500.481258,32814.858568,14961.772671,0,1.0,reflect,native,1,99d1c7fab316,2785,13
java,stream,message,100,54,protobuf,4.28.3,13069,15347,50,28416,76516.948504,65159.314524,35191.441441,0,1.0,message,native,1,99d1c7fab316,2786,14
java,stream,message,100,54,protostuff,1.8.0,14337,14381,52,28718,69749.598940,69536.193589,34821.366390,0,1.0,schema,native,1,99d1c7fab316,2787,15
java,stream,message,100,54,gson,2.12.1,46427,42957,158,89384,21539.190557,23279.093047,11187.684597,0,1.0,reflect,native,1,99d1c7fab316,2788,16
java,stream,message,100,54,ion,2.18.3,83929,130712,144,214641,11914.832775,7650.407002,4658.942141,0,1.0,reflect,native,1,99d1c7fab316,2789,17
java,stream,message,100,55,jackson,2.18.3,25238,29620,158,54858,39622.791029,33760.972316,18228.881840,0,1.0,reflect,native,1,99d1c7fab316,2790,0
java,stream,message,100,55,ion,2.18.3,63857,66069,144,129926,15659.990291,15135.691474,7696.688884,0,1.0,reflect,native,1,99d1c7fab316,2791,1
java,stream,message,100,55,avro,1.12.0,20838,26939,44,47777,47989.250408,37120.902780,20930.573288,0,1.0,schema,native,1,99d1c7fab316,2792,2
java,stream,message,100,55,protobuf,4.28.3,11886,12513,50,24399,84132.592967,79916.886438,40985.286282,0,1.0,message,native,1,99d1c7fab316,2793,3
java,stream,message,100,55,jackson-cbor,2.18.3,19411,21614,115,41025,51517.180980,46266.308874,24375.380865,0,1.0,reflect,native,1,99d1c7fab316,2794,4
java,stream,message,100,55,dsl-json,2.0.2,40704,32324,158,73028,24567.610063,30936.765252,13693.377882,0,1.0,reflect,native,1,99d1c7fab316,2795,5
java,stream,message,100,55,java-serialization,21.0.11,32001,67919,206,99920,31249.023468,14723.420545,10008.006405,0,1.0,message,native,1,99d1c7fab316,2796,6
java,stream,message,100,55,fory,1.3.0,19800,18904,133,38704,50505.050505,52898.857385,25837.122778,0,1.0,message,adapted,1,99d1c7fab316,2797,7
java,stream,message,100,55,gson,2.12.1,36782,58856,158,95638,27187.211136,16990.621177,10456.094858,0,1.0,reflect,native,1,99d1c7fab316,2798,8
java,stream,message,100,55,jackson-smile,2.18.3,18841,20427,119,39268,53075.739080,48954.814706,25466.028318,0,1.0,reflect,native,1,99d1c7fab316,2799,9
java,stream,message,100,55,kryo,5.6.2,23719,12710,46,36429,42160.293436,78678.206137,27450.657443,0,1.0,message,native,1,99d1c7fab316,2800,10
java,stream,message,100,55,moshi,1.15.2,19491,25182,158,44673,51305.730850,39710.904614,22384.885725,0,1.0,reflect,native,1,99d1c7fab316,2801,11
java,stream,message,100,55,jsoniter,0.9.23,12627,11740,150,24367,79195.374990,85178.875639,41039.110272,0,1.0,reflect,adapted,1,99d1c7fab316,2802,12
java,stream,message,100,55,msgpack,0.9.8,25064,28500,114,53564,39897.861475,35087.719298,18669.255470,0,1.0,reflect,native,1,99d1c7fab316,2803,13
java,stream,message,100,55,hessian,4.0.66,17362,25893,143,43255,57597.051031,38620.476577,23118.714599,0,1.0,message,native,1,99d1c7fab316,2804,14
java,stream,message,100,55,fastjson2,2.0.57,32298,21061,158,53359,30961.669453,47481.126252,18740.980903,0,1.0,reflect,adapted,1,99d1c7fab316,2805,15
java,stream,message,100,55,bson,5.3.1,41591,46439,134,88030,24043.663293,21533.624755,11359.763717,0,1.0,message,adapted,1,99d1c7fab316,2806,16
java,stream,message,100,55,protostuff,1.8.0,17132,10819,52,27951,58370.301191,92429.984287,35776.895281,0,1.0,schema,native,1,99d1c7fab316,2807,17
java,stream,message,100,56,java-serialization,21.0.11,25275,57431,206,82706,39564.787339,17412.198987,12091.021208,0,1.0,message,native,1,99d1c7fab316,2808,0
java,stream,message,100,56,hessian,4.0.66,15294,15103,143,30397,65385.118347,66212.010859,32897.983354,0,1.0,message,native,1,99d1c7fab316,2809,1
java,stream,message,100,56,msgpack,0.9.8,29472,21480,114,50952,33930.510315,46554.934823,19626.314963,0,1.0,reflect,native,1,99d1c7fab316,2810,2
java,stream,message,100,56,moshi,1.15.2,18316,23056,158,41372,54597.073597,43372.657876,24170.936866,0,1.0,reflect,native,1,99d1c7fab316,2811,3
java,stream,message,100,56,fory,1.3.0,16287,17351,133,33638,61398.661509,57633.565789,29728.283489,0,1.0,message,adapted,1,99d1c7fab316,2812,4
java,stream,message,100,56,jackson,2.18.3,26087,28964,158,55051,38333.269445,34525.618009,18164.974297,0,1.0,reflect,native,1,99d1c7fab316,2813,5
java,stream,message,100,56,jackson-smile,2.18.3,16588,18866,119,35454,60284.543043,53005.406551,28205.562137,0,1.0,reflect,native,1,99d1c7fab316,2814,6
java,stream,message,100,56,jackson-cbor,2.18.3,16437,19764,115,36201,60838.352497,50597.045133,27623.546311,0,1.0,reflect,native,1,99d1c7fab316,2815,7
java,stream,message,100,56,dsl-json,2.0.2,41105,38628,158,79733,24327.940640,25887.956922,12541.858453,0,1.0,reflect,native,1,99d1c7fab316,2816,8
java,stream,message,100,56,gson,2.12.1,41966,35476,158,77442,23828.813802,28188.070808,12912.889646,0,1.0,reflect,native,1,99d1c7fab316,2817,9
java,stream,message,100,56,avro,1.12.0,25102,36929,44,62031,39837.463150,27078.989412,16120.971772,0,1.0,schema,native,1,99d1c7fab316,2818,10
java,stream,message,100,56,fastjson2,2.0.57,30345,26258,158,56603,32954.358214,38083.631655,17666.908114,0,1.0,reflect,adapted,1,99d1c7fab316,2819,11
java,stream,message,100,56,protostuff,1.8.0,14609,14074,52,28683,68450.954891,71053.005542,34863.856640,0,1.0,schema,native,1,99d1c7fab316,2820,12
java,stream,message,100,56,kryo,5.6.2,21067,12971,46,34038,47467.603361,77095.058207,29378.929432,0,1.0,message,native,1,99d1c7fab316,2821,13
java,stream,message,100,56,protobuf,4.28.3,12310,16047,50,28357,81234.768481,62316.943977,35264.661283,0,1.0,message,native,1,99d1c7fab316,2822,14
java,stream,message,100,56,jsoniter,0.9.23,16717,11382,150,28099,59819.345576,87858.021437,35588.455105,0,1.0,reflect,adapted,1,99d1c7fab316,2823,15
java,stream,message,100,56,ion,2.18.3,82619,96694,144,179313,12103.753374,10341.903324,5576.840497,0,1.0,reflect,native,1,99d1c7fab316,2824,16
java,stream,message,100,56,bson,5.3.1,44088,81852,134,125940,22681.908909,12217.172458,7940.289027,0,1.0,message,adapted,1,99d1c7fab316,2825,17
java,stream,message,100,57,jackson,2.18.3,28827,35983,158,64810,34689.700628,27790.901259,15429.717636,0,1.0,reflect,native,1,99d1c7fab316,2826,0
java,stream,message,100,57,kryo,5.6.2,18141,12529,46,30670,55123.752825,79814.829595,32605.151614,0,1.0,message,native,1,99d1c7fab316,2827,1
java,stream,message,100,57,jsoniter,0.9.23,11119,11611,150,22730,89936.145337,86125.226079,43994.720634,0,1.0,reflect,adapted,1,99d1c7fab316,2828,2
java,stream,message,100,57,bson,5.3.1,30772,28803,134,59575,32497.075263,34718.605701,16785.564415,0,1.0,message,adapted,1,99d1c7fab316,2829,3
java,stream,message,100,57,java-serialization,21.0.11,30019,88955,206,118974,33312.235584,11241.639031,8405.197774,0,1.0,message,native,1,99d1c7fab316,2830,4
java,stream,message,100,57,ion,2.18.3,65971,98028,144,163999,15158.175562,10201.167014,6097.598156,0,1.0,reflect,native,1,99d1c7fab316,2831,5
java,stream,message,100,57,moshi,1.15.2,25176,31816,158,56992,39720.368605,31430.726678,17546.322291,0,1.0,reflect,native,1,99d1c7fab316,2832,6
java,stream,message,100,57,hessian,4.0.66,25837,42934,143,68771,38704.183922,23291.563796,14541.012927,0,1.0,message,native,1,99d1c7fab316,2833,7
java,stream,message,100,57,protobuf,4.28.3,12151,15556,50,27707,82297.753271,64283.877603,36091.962320,0,1.0,message,native,1,99d1c7fab316,2834,8
java,stream,message,100,57,avro,1.12.0,37417,40163,44,77580,26725.819815,24898.538456,12889.920082,0,1.0,schema,native,1,99d1c7fab316,2835,9
java,stream,message,100,57,jackson-cbor,2.18.3,30629,27006,115,57635,32648.796892,37028.808413,17350.568231,0,1.0,reflect,native,1,99d1c7fab316,2836,10
java,stream,message,100,57,msgpack,0.9.8,28370,21911,114,50281,35248.501939,45639.176669,19888.228158,0,1.0,reflect,native,1,99d1c7fab316,2837,11
java,stream,message,100,57,jackson-smile,2.18.3,19535,21412,119,40947,51190.171487,46702.783486,24421.813564,0,1.0,reflect,native,1,99d1c7fab316,2838,12
java,stream,message,100,57,protostuff,1.8.0,14675,12061,52,26736,68143.100511,82911.864688,37402.752843,0,1.0,schema,native,1,99d1c7fab316,2839,13
java,stream,message,100,57,gson,2.12.1,45939,66895,158,112834,21767.996691,14948.800359,8862.576883,0,1.0,reflect,native,1,99d1c7fab316,2840,14
java,stream,message,100,57,fastjson2,2.0.57,24723,20683,158,45406,40448.165676,48348.885558,22023.521121,0,1.0,reflect,adapted,1,99d1c7fab316,2841,15
java,stream,message,100,57,dsl-json,2.0.2,39801,33401,158,73202,25124.996859,29939.223377,13660.828939,0,1.0,reflect,native,1,99d1c7fab316,2842,16
java,stream,message,100,57,fory,1.3.0,19273,23935,133,43208,51886.058216,41779.820347,23143.862248,0,1.0,message,adapted,1,99d1c7fab316,2843,17
java,stream,message,100,58,java-serialization,21.0.11,38645,65903,206,104548,25876.568767,15173.816063,9564.984505,0,1.0,message,native,1,99d1c7fab316,2844,0
java,stream,message,100,58,kryo,5.6.2,18612,13264,46,31876,53728.777133,75392.038601,31371.564814,0,1.0,message,native,1,99d1c7fab316,2845,1
java,stream,message,100,58,hessian,4.0.66,1354546,33347,143,1387893,738.254736,29987.705041,720.516639,0,1.0,message,native,1,99d1c7fab316,2846,2
java,stream,message,100,58,avro,1.12.0,35878,45026,44,80904,27872.233681,22209.390130,12360.328290,0,1.0,schema,native,1,99d1c7fab316,2847,3
java,stream,message,100,58,ion,2.18.3,90956,113191,144,204147,10994.326927,8834.624661,4898.431033,0,1.0,reflect,native,1,99d1c7fab316,2848,4
java,stream,message,100,58,fastjson2,2.0.57,29041,27908,158,56949,34434.075962,35832.019493,17559.570844,0,1.0,reflect,adapted,1,99d1c7fab316,2849,5
java,stream,message,100,58,jackson-smile,2.18.3,30879,29299,119,60178,32384.468409,34130.857708,16617.368474,0,1.0,reflect,native,1,99d1c7fab316,2850,6
java,stream,message,100,58,moshi,1.15.2,30897,34439,158,65336,32365.601838,29036.847760,15305.497735,0,1.0,reflect,native,1,99d1c7fab316,2851,7
java,stream,message,100,58,jackson,2.18.3,31466,35368,158,66834,31780.334329,28274.146121,14962.444265,0,1.0,reflect,native,1,99d1c7fab316,2852,8
java,stream,message,100,58,gson,2.12.1,51917,43652,158,95569,19261.513570,22908.457803,10463.644069,0,1.0,reflect,native,1,99d1c7fab316,2853,9
java,stream,message,100,58,protobuf,4.28.3,18338,24312,50,42650,54531.573781,41131.951300,23446.658851,0,1.0,message,native,1,99d1c7fab316,2854,10
java,stream,message,100,58,jsoniter,0.9.23,17326,16830,150,34156,57716.726307,59417.706477,29277.432955,0,1.0,reflect,adapted,1,99d1c7fab316,2855,11
java,stream,message,100,58,fory,1.3.0,22909,19329,133,42238,43650.966869,51735.733871,23675.363417,0,1.0,message,adapted,1,99d1c7fab316,2856,12
java,stream,message,100,58,protostuff,1.8.0,17602,13752,52,31354,56811.725940,72716.695753,31893.857243,0,1.0,schema,native,1,99d1c7fab316,2857,13
java,stream,message,100,58,bson,5.3.1,46019,65986,134,112005,21730.154936,15154.729791,8928.172849,0,1.0,message,adapted,1,99d1c7fab316,2858,14
java,stream,message,100,58,dsl-json,2.0.2,44672,36438,158,81110,22385.386819,27443.877271,12328.936013,0,1.0,reflect,native,1,99d1c7fab316,2859,15
java,stream,message,100,58,msgpack,0.9.8,36003,36437,114,72440,27775.463156,27444.630458,13804.527885,0,1.0,reflect,native,1,99d1c7fab316,2860,16
java,stream,message,100,58,jackson-cbor,2.18.3,29249,30042,115,59291,34189.203050,33286.731909,16865.966167,0,1.0,reflect,native,1,99d1c7fab316,2861,17
java,stream,message,100,59,fory,1.3.0,27733,23624,133,51357,36058.125699,42329.834067,19471.542341,0,1.0,message,adapted,1,99d1c7fab316,2862,0
java,stream,message,100,59,bson,5.3.1,58184,44120,134,102304,17186.855493,22665.457842,9774.788865,0,1.0,message,adapted,1,99d1c7fab316,2863,1
java,stream,message,100,59,java-serialization,21.0.11,54458,98715,206,153173,18362.774983,10130.172719,6528.565739,0,1.0,message,native,1,99d1c7fab316,2864,2
java,stream,message,100,59,msgpack,0.9.8,33954,30540,114,64494,29451.611003,32743.942371,15505.318324,0,1.0,reflect,native,1,99d1c7fab316,2865,3
java,stream,message,100,59,avro,1.12.0,32545,40667,44,73212,30726.686127,24589.962377,13658.963012,0,1.0,schema,native,1,99d1c7fab316,2866,4
java,stream,message,100,59,jackson-smile,2.18.3,28091,31223,119,59314,35598.590296,32027.671909,16859.426105,0,1.0,reflect,native,1,99d1c7fab316,2867,5
java,stream,message,100,59,moshi,1.15.2,27075,37748,158,64823,36934.441367,26491.469747,15426.623266,0,1.0,reflect,native,1,99d1c7fab316,2868,6
java,stream,message,100,59,dsl-json,2.0.2,43920,34058,158,77978,22768.670310,29361.677139,12824.129883,0,1.0,reflect,native,1,99d1c7fab316,2869,7
java,stream,message,100,59,protobuf,4.28.3,15312,18313,50,33625,65308.254963,54606.017583,29739.776952,0,1.0,message,native,1,99d1c7fab316,2870,8
java,stream,message,100,59,ion,2.18.3,75073,94984,144,170057,13320.368175,10528.088941,5880.381284,0,1.0,reflect,native,1,99d1c7fab316,2871,9
java,stream,message,100,59,gson,2.12.1,47312,33971,158,81283,21136.286777,29436.872627,12302.695521,0,1.0,reflect,native,1,99d1c7fab316,2872,10
java,stream,message,100,59,jackson,2.18.3,24591,34720,158,59311,40665.284047,28801.843318,16860.278869,0,1.0,reflect,native,1,99d1c7fab316,2873,11
java,stream,message,100,59,fastjson2,2.0.57,25491,21840,158,47331,39229.531992,45787.545788,21127.802075,0,1.0,reflect,adapted,1,99d1c7fab316,2874,12
java,stream,message,100,59,hessian,4.0.66,20893,51118,143,72011,47862.920595,19562.580696,13886.767299,0,1.0,message,native,1,99d1c7fab316,2875,13
java,stream,message,100,59,jsoniter,0.9.23,15276,13364,150,28640,65462.162870,74827.895840,34916.201117,0,1.0,reflect,adapted,1,99d1c7fab316,2876,14
java,stream,message,100,59,protostuff,1.8.0,14530,11218,52,25748,68823.124570,89142.449635,38837.967998,0,1.0,schema,native,1,99d1c7fab316,2877,15
java,stream,message,100,59,kryo,5.6.2,23831,14538,46,38369,41962.150141,68785.252442,26062.706873,0,1.0,message,native,1,99d1c7fab316,2878,16
java,stream,message,100,59,jackson-cbor,2.18.3,21392,48494,115,69886,46746.447270,20621.107766,14309.017543,0,1.0,reflect,native,1,99d1c7fab316,2879,17
java,stream,message,100,60,jackson-cbor,2.18.3,13368,14444,115,27812,74805.505685,69232.899474,35955.702574,0,1.0,reflect,native,1,99d1c7fab316,2880,0
java,stream,message,100,60,kryo,5.6.2,16964,18983,46,35947,58948.361236,52678.712532,27818.733135,0,1.0,message,native,1,99d1c7fab316,2881,1
java,stream,message,100,60,jsoniter,0.9.23,10764,10616,150,21380,92902.266815,94197.437830,46772.684752,0,1.0,reflect,adapted,1,99d1c7fab316,2882,2
java,stream,message,100,60,msgpack,0.9.8,23604,19029,114,42633,42365.700729,52551.368963,23456.008257,0,1.0,reflect,native,1,99d1c7fab316,2883,3
java,stream,message,100,60,hessian,4.0.66,15279,16504,143,31783,65449.309510,60591.371789,31463.360916,0,1.0,message,native,1,99d1c7fab316,2884,4
java,stream,message,100,60,fory,1.3.0,14496,13883,133,28379,68984.547461,72030.540949,35237.323373,0,1.0,message,adapted,1,99d1c7fab316,2885,5
java,stream,message,100,60,fastjson2,2.0.57,21596,16134,158,37730,46304.871272,61980.909880,26504.108137,0,1.0,reflect,adapted,1,99d1c7fab316,2886,6
java,stream,message,100,60,jackson,2.18.3,20840,30273,158,51113,47984.644914,33032.735441,19564.494356,0,1.0,reflect,native,1,99d1c7fab316,2887,7
java,stream,message,100,60,moshi,1.15.2,18195,21259,158,39454,54960.153888,47038.901171,25345.972525,0,1.0,reflect,native,1,99d1c7fab316,2888,8
java,stream,message,100,60,gson,2.12.1,37611,26631,158,64242,26587.966286,37550.223424,15566.140531,0,1.0,reflect,native,1,99d1c7fab316,2889,9
java,stream,message,100,60,avro,1.12.0,21344,25086,44,46430,46851.574213,39862.871721,21537.798837,0,1.0,schema,native,1,99d1c7fab316,2890,10
java,stream,message,100,60,protostuff,1.8.0,10526,8885,52,19411,95002.850086,112549.240293,51517.180980,0,1.0,schema,native,1,99d1c7fab316,2891,11
java,stream,message,100,60,bson,5.3.1,27188,28046,134,55234,36780.932764,35655.708479,18104.790528,0,1.0,message,adapted,1,99d1c7fab316,2892,12
java,stream,message,100,60,jackson-smile,2.18.3,23348,20068,119,43416,42830.221004,49830.576041,23032.983232,0,1.0,reflect,native,1,99d1c7fab316,2893,13
java,stream,message,100,60,java-serialization,21.0.11,27541,62489,206,90030,36309.502197,16002.816496,11107.408642,0,1.0,message,native,1,99d1c7fab316,2894,14
java,stream,message,100,60,ion,2.18.3,57790,79308,144,137098,17304.031839,12609.068442,7294.052430,0,1.0,reflect,native,1,99d1c7fab316,2895,15
java,stream,message,100,60,dsl-json,2.0.2,30177,34306,158,64483,33137.820194,29149.419927,15507.963339,0,1.0,reflect,native,1,99d1c7fab316,2896,16
java,stream,message,100,60,protobuf,4.28.3,12970,14871,50,27841,77101.002313,67244.973438,35918.250063,0,1.0,message,native,1,99d1c7fab316,2897,17
java,stream,message,100,61,kryo,5.6.2,17643,11727,46,29370,56679.702998,85273.300929,34048.348655,0,1.0,message,native,1,99d1c7fab316,2898,0
java,stream,message,100,61,jackson,2.18.3,20620,24520,158,45140,48496.605238,40783.034258,22153.300842,0,1.0,reflect,native,1,99d1c7fab316,2899,1
java,stream,message,100,61,protostuff,1.8.0,10393,8695,52,19088,96218.608679,115008.625647,52388.935457,0,1.0,schema,native,1,99d1c7fab316,2900,2
java,stream,message,100,61,dsl-json,2.0.2,24153,22933,158,47086,41402.724299,43605.284961,21237.735208,0,1.0,reflect,native,1,99d1c7fab316,2901,3
java,stream,message,100,61,hessian,4.0.66,51751,14308,143,66059,19323.298101,69890.970087,15137.982712,0,1.0,message,native,1,99d1c7fab316,2902,4
java,stream,message,100,61,fastjson2,2.0.57,17530,15292,158,32822,57045.065602,65393.669893,30467.369447,0,1.0,reflect,adapted,1,99d1c7fab316,2903,5
java,stream,message,100,61,protobuf,4.28.3,18174,12668,50,30842,55023.660174,78939.059046,32423.318851,0,1.0,message,native,1,99d1c7fab316,2904,6
java,stream,message,100,61,jackson-smile,2.18.3,18052,20563,119,38615,55395.524042,48631.036327,25896.672278,0,1.0,reflect,native,1,99d1c7fab316,2905,7
java,stream,message,100,61,ion,2.18.3,48679,67496,144,116175,20542.739169,14815.692782,8607.703895,0,1.0,reflect,native,1,99d1c7fab316,2906,8
java,stream,message,100,61,moshi,1.15.2,16260,20920,158,37180,61500.615006,47801.147228,26896.180742,0,1.0,reflect,native,1,99d1c7fab316,2907,9
java,stream,message,100,61,avro,1.12.0,21542,28874,44,50416,46420.945130,34633.234051,19834.973024,0,1.0,schema,native,1,99d1c7fab316,2908,10
java,stream,message,100,61,jackson-cbor,2.18.3,16250,24437,115,40687,61538.461538,40921.553382,24577.874997,0,1.0,reflect,native,1,99d1c7fab316,2909,11
java,stream,message,100,61,jsoniter,0.9.23,10584,9932,150,20516,94482.237339,100684.655658,48742.444921,0,1.0,reflect,adapted,1,99d1c7fab316,2910,12
java,stream,message,100,61,gson,2.12.1,34692,27713,158,62405,28825.089358,36084.148234,16024.357023,0,1.0,reflect,native,1,99d1c7fab316,2911,13
java,stream,message,100,61,java-serialization,21.0.11,24207,55965,206,80172,41310.364771,17868.310551,12473.182657,0,1.0,message,native,1,99d1c7fab316,2912,14
java,stream,message,100,61,msgpack,0.9.8,24019,19190,114,43209,41633.706649,52110.474205,23143.326622,0,1.0,reflect,native,1,99d1c7fab316,2913,15
java,stream,message,100,61,fory,1.3.0,12362,12071,133,24433,80893.059376,82843.177864,40928.252773,0,1.0,message,adapted,1,99d1c7fab316,2914,16
java,stream,message,100,61,bson,5.3.1,25878,25522,134,51400,38642.862663,39181.882298,19455.252918,0,1.0,message,adapted,1,99d1c7fab316,2915,17
java,stream,message,100,62,fory,1.3.0,8316,8694,133,17010,120250.120250,115021.854152,58788.947678,0,1.0,message,adapted,1,99d1c7fab316,2916,0
java,stream,message,100,62,dsl-json,2.0.2,25068,22931,158,47999,39891.495133,43609.088134,20833.767370,0,1.0,reflect,native,1,99d1c7fab316,2917,1
java,stream,message,100,62,java-serialization,21.0.11,20036,45920,206,65956,49910.161709,21777.003484,15161.622900,0,1.0,message,native,1,99d1c7fab316,2918,2
java,stream,message,100,62,jsoniter,0.9.23,9059,9462,150,18521,110387.459985,105685.901501,53992.764969,0,1.0,reflect,adapted,1,99d1c7fab316,2919,3
java,stream,message,100,62,hessian,4.0.66,12281,13470,143,25751,81426.593926,74239.049740,38833.443361,0,1.0,message,native,1,99d1c7fab316,2920,4
java,stream,message,100,62,jackson-smile,2.18.3,17716,19252,119,36968,56446.150373,51942.655309,27050.421987,0,1.0,reflect,native,1,99d1c7fab316,2921,5
java,stream,message,100,62,bson,5.3.1,23037,21343,134,44380,43408.429917,46853.769386,22532.672375,0,1.0,message,adapted,1,99d1c7fab316,2922,6
java,stream,message,100,62,fastjson2,2.0.57,17879,14902,158,32781,55931.539795,67105.086566,30505.475733,0,1.0,reflect,adapted,1,99d1c7fab316,2923,7
java,stream,message,100,62,gson,2.12.1,32215,25705,158,57920,31041.440323,38902.937172,17265.193370,0,1.0,reflect,native,1,99d1c7fab316,2924,8
java,stream,message,100,62,msgpack,0.9.8,21108,15790,114,36898,47375.402691,63331.222293,27101.739932,0,1.0,reflect,native,1,99d1c7fab316,2925,9
java,stream,message,100,62,protostuff,1.8.0,9830,8436,52,18266,101729.399797,118539.592224,54746.523596,0,1.0,schema,native,1,99d1c7fab316,2926,10
java,stream,message,100,62,kryo,5.6.2,16418,10814,46,27232,60908.758679,92472.720547,36721.504113,0,1.0,message,native,1,99d1c7fab316,2927,11
java,stream,message,100,62,jackson,2.18.3,19571,38685,158,58256,51096.009402,25849.812589,17165.613842,0,1.0,reflect,native,1,99d1c7fab316,2928,12
java,stream,message,100,62,protobuf,4.28.3,9231,10283,50,19514,108330.625068,97247.884859,51245.259813,0,1.0,message,native,1,99d1c7fab316,2929,13
java,stream,message,100,62,ion,2.18.3,47471,92594,144,140065,21065.492617,10799.835842,7139.542355,0,1.0,reflect,native,1,99d1c7fab316,2930,14
java,stream,message,100,62,avro,1.12.0,24757,24918,44,49675,40392.616230,40131.631752,20130.850528,0,1.0,schema,native,1,99d1c7fab316,2931,15
java,stream,message,100,62,moshi,1.15.2,15856,21414,158,37270,63067.608476,46698.421593,26831.231554,0,1.0,reflect,native,1,99d1c7fab316,2932,16
java,stream,message,100,62,jackson-cbor,2.18.3,17178,19347,115,36525,58213.994644,51687.600145,27378.507871,0,1.0,reflect,native,1,99d1c7fab316,2933,17
java,stream,message,100,63,fastjson2,2.0.57,18815,16018,158,34833,53149.083178,62429.766513,28708.408693,0,1.0,reflect,adapted,1,99d1c7fab316,2934,0
java,stream,message,100,63,jackson-smile,2.18.3,14874,17056,119,31930,67231.410515,58630.393996,31318.509239,0,1.0,reflect,native,1,99d1c7fab316,2935,1
java,stream,message,100,63,protostuff,1.8.0,10667,8942,52,19609,93747.070404,111831.804965,50996.991178,0,1.0,schema,native,1,99d1c7fab316,2936,2
java,stream,message,100,63,msgpack,0.9.8,17814,15004,114,32818,56135.623667,66648.893628,30471.082942,0,1.0,reflect,native,1,99d1c7fab316,2937,3
java,stream,message,100,63,jsoniter,0.9.23,8713,9377,150,18090,114771.031792,106643.915965,55279.159757,0,1.0,reflect,adapted,1,99d1c7fab316,2938,4
java,stream,message,100,63,kryo,5.6.2,15313,9978,46,25291,65303.990074,100220.485067,39539.757226,0,1.0,message,native,1,99d1c7fab316,2939,5
java,stream,message,100,63,jackson-cbor,2.18.3,14165,15843,115,30008,70596.540770,63119.358707,33324.446814,0,1.0,reflect,native,1,99d1c7fab316,2940,6
java,stream,message,100,63,java-serialization,21.0.11,20836,47562,206,68398,47993.856786,21025.188175,14620.310535,0,1.0,message,native,1,99d1c7fab316,2941,7
java,stream,message,100,63,ion,2.18.3,41775,271455,144,313230,23937.761819,3683.851835,3192.542221,0,1.0,reflect,native,1,99d1c7fab316,2942,8
java,stream,message,100,63,avro,1.12.0,24990,24962,44,49952,40016.006403,40060.892557,20019.218450,0,1.0,schema,native,1,99d1c7fab316,2943,9
java,stream,message,100,63,dsl-json,2.0.2,32176,25342,158,57518,31079.065142,39460.184674,17385.861817,0,1.0,reflect,native,1,99d1c7fab316,2944,10
java,stream,message,100,63,hessian,4.0.66,17100,15264,143,32364,58479.532164,65513.626834,30898.529230,0,1.0,message,native,1,99d1c7fab316,2945,11
java,stream,message,100,63,jackson,2.18.3,22983,34705,158,57688,43510.420746,28814.291889,17334.627652,0,1.0,reflect,native,1,99d1c7fab316,2946,12
java,stream,message,100,63,fory,1.3.0,12357,12015,133,24372,80925.791050,83229.296712,41030.690957,0,1.0,message,adapted,1,99d1c7fab316,2947,13
java,stream,message,100,63,bson,5.3.1,25165,27639,134,52804,39737.730976,36180.759072,18937.959246,0,1.0,message,adapted,1,99d1c7fab316,2948,14
java,stream,message,100,63,protobuf,4.28.3,10853,11836,50,22689,92140.422003,84488.002704,44074.220988,0,1.0,message,native,1,99d1c7fab316,2949,15
java,stream,message,100,63,gson,2.12.1,33111,27608,158,60719,30201.443629,36221.385106,16469.309442,0,1.0,reflect,native,1,99d1c7fab316,2950,16
java,stream,message,100,63,moshi,1.15.2,15031,20833,158,35864,66529.173042,48000.768012,27883.113986,0,1.0,reflect,native,1,99d1c7fab316,2951,17
java,stream,message,100,64,jackson-cbor,2.18.3,19126,21855,115,40981,52284.847851,45756.119881,24401.551939,0,1.0,reflect,native,1,99d1c7fab316,2952,0
java,stream,message,100,64,protostuff,1.8.0,10262,15874,52,26136,97446.891444,62996.094242,38261.401898,0,1.0,schema,native,1,99d1c7fab316,2953,1
java,stream,message,100,64,moshi,1.15.2,13277,17325,158,30602,75318.219477,57720.057720,32677.602771,0,1.0,reflect,native,1,99d1c7fab316,2954,2
java,stream,message,100,64,ion,2.18.3,44234,60532,144,104766,22607.044355,16520.187669,9545.081420,0,1.0,reflect,native,1,99d1c7fab316,2955,3
java,stream,message,100,64,dsl-json,2.0.2,23783,22437,158,46220,42046.840180,44569.238312,21635.655560,0,1.0,reflect,native,1,99d1c7fab316,2956,4
java,stream,message,100,64,jsoniter,0.9.23,9479,15007,150,24486,105496.360376,66635.570067,40839.663481,0,1.0,reflect,adapted,1,99d1c7fab316,2957,5
java,stream,message,100,64,jackson,2.18.3,18011,21548,158,39559,55521.625673,46408.019306,25278.697641,0,1.0,reflect,native,1,99d1c7fab316,2958,6
java,stream,message,100,64,fastjson2,2.0.57,19238,16157,158,35395,51980.455349,61892.678096,28252.578048,0,1.0,reflect,adapted,1,99d1c7fab316,2959,7
java,stream,message,100,64,bson,5.3.1,22526,25961,134,48487,44393.145698,38519.317438,20624.084806,0,1.0,message,adapted,1,99d1c7fab316,2960,8
java,stream,message,100,64,protobuf,4.28.3,9117,10122,50,19239,109685.203466,98794.704604,51977.753521,0,1.0,message,native,1,99d1c7fab316,2961,9
java,stream,message,100,64,msgpack,0.9.8,22631,26676,114,49307,44187.176881,37486.879592,20281.095990,0,1.0,reflect,native,1,99d1c7fab316,2962,10
java,stream,message,100,64,kryo,5.6.2,16828,11356,46,28184,59424.768243,88059.175766,35481.124042,0,1.0,message,native,1,99d1c7fab316,2963,11
java,stream,message,100,64,jackson-smile,2.18.3,16260,23637,119,39897,61500.615006,42306.553285,25064.541194,0,1.0,reflect,native,1,99d1c7fab316,2964,12
java,stream,message,100,64,gson,2.12.1,30016,25973,158,55989,33315.565032,38501.520810,17860.651199,0,1.0,reflect,native,1,99d1c7fab316,2965,13
java,stream,message,100,64,avro,1.12.0,25323,24955,44,50278,39489.791889,40072.129834,19889.414853,0,1.0,schema,native,1,99d1c7fab316,2966,14
java,stream,message,100,64,hessian,4.0.66,13376,15294,143,28670,74760.765550,65385.118347,34879.665155,0,1.0,message,native,1,99d1c7fab316,2967,15
java,stream,message,100,64,java-serialization,21.0.11,25607,69980,206,95587,39051.821767,14289.797085,10461.673659,0,1.0,message,native,1,99d1c7fab316,2968,16
java,stream,message,100,64,fory,1.3.0,11785,12178,133,23963,84853.627493,82115.289867,41731.001961,0,1.0,message,adapted,1,99d1c7fab316,2969,17
java,stream,message,100,65,fory,1.3.0,7205,7243,133,14448,138792.505205,138064.337981,69213.732004,0,1.0,message,adapted,1,99d1c7fab316,2970,0
java,stream,message,100,65,dsl-json,2.0.2,24509,23269,158,47778,40801.338284,42975.632816,20930.135209,0,1.0,reflect,native,1,99d1c7fab316,2971,1
java,stream,message,100,65,kryo,5.6.2,14546,10045,46,24591,68747.421972,99552.015928,40665.284047,0,1.0,message,native,1,99d1c7fab316,2972,2
java,stream,message,100,65,jackson-smile,2.18.3,17369,19916,119,37285,57573.838448,50210.885720,26820.437173,0,1.0,reflect,native,1,99d1c7fab316,2973,3
java,stream,message,100,65,java-serialization,21.0.11,21367,47576,206,68943,46801.141948,21019.001177,14504.735796,0,1.0,message,native,1,99d1c7fab316,2974,4
java,stream,message,100,65,jsoniter,0.9.23,9479,10501,150,19980,105496.360376,95229.025807,50050.050050,0,1.0,reflect,adapted,1,99d1c7fab316,2975,5
java,stream,message,100,65,protobuf,4.28.3,8942,10342,50,19284,111831.804965,96693.096113,51856.461315,0,1.0,message,native,1,99d1c7fab316,2976,6
java,stream,message,100,65,hessian,4.0.66,12028,13523,143,25551,83139.341536,73948.088442,39137.411452,0,1.0,message,native,1,99d1c7fab316,2977,7
java,stream,message,100,65,ion,2.18.3,47482,101055,144,148537,21060.612443,9895.601405,6732.329319,0,1.0,reflect,native,1,99d1c7fab316,2978,8
java,stream,message,100,65,bson,5.3.1,24732,24426,134,49158,40433.446547,40939.981986,20342.568860,0,1.0,message,adapted,1,99d1c7fab316,2979,9
java,stream,message,100,65,jackson,2.18.3,20850,34874,158,55724,47961.630695,28674.657338,17945.588974,0,1.0,reflect,native,1,99d1c7fab316,2980,10
java,stream,message,100,65,protostuff,1.8.0,11112,11967,52,23079,89992.800576,83563.131946,43329.433684,0,1.0,schema,native,1,99d1c7fab316,2981,11
java,stream,message,100,65,avro,1.12.0,18077,26426,44,44503,55318.913537,37841.519715,22470.395254,0,1.0,schema,native,1,99d1c7fab316,2982,12
java,stream,message,100,65,jackson-cbor,2.18.3,20855,21401,115,42256,47950.131863,46726.788468,23665.278304,0,1.0,reflect,native,1,99d1c7fab316,2983,13
java,stream,message,100,65,msgpack,0.9.8,23058,20366,114,43424,43368.895828,49101.443582,23028.739867,0,1.0,reflect,native,1,99d1c7fab316,2984,14
java,stream,message,100,65,fastjson2,2.0.57,22140,17964,158,40104,45167.118338,55666.889334,24935.168562,0,1.0,reflect,adapted,1,99d1c7fab316,2985,15
java,stream,message,100,65,moshi,1.15.2,21831,25485,158,47316,45806.422060,39238.767903,21134.499958,0,1.0,reflect,native,1,99d1c7fab316,2986,16
java,stream,message,100,65,gson,2.12.1,34104,29887,158,63991,29322.073657,33459.363603,15627.197575,0,1.0,reflect,native,1,99d1c7fab316,2987,17
java,stream,message,100,66,ion,2.18.3,48522,111205,144,159727,20609.208194,8992.401421,6260.682289,0,1.0,reflect,native,1,99d1c7fab316,2988,0
java,stream,message,100,66,avro,1.12.0,19235,34602,44,53837,51988.562516,28900.063580,18574.586251,0,1.0,schema,native,1,99d1c7fab316,2989,1
java,stream,message,100,66,gson,2.12.1,32369,30212,158,62581,30893.756372,33099.430690,15979.290839,0,1.0,reflect,native,1,99d1c7fab316,2990,2
java,stream,message,100,66,moshi,1.15.2,16649,20208,158,36857,60063.667488,49485.352336,27131.888108,0,1.0,reflect,native,1,99d1c7fab316,2991,3
java,stream,message,100,66,jackson,2.18.3,21184,27955,158,49139,47205.438066,35771.776069,20350.434482,0,1.0,reflect,native,1,99d1c7fab316,2992,4
java,stream,message,100,66,hessian,4.0.66,18861,18584,143,37445,53019.458141,53809.728799,26705.835225,0,1.0,message,native,1,99d1c7fab316,2993,5
java,stream,message,100,66,kryo,5.6.2,17818,11641,46,29459,56123.021663,85903.272915,33945.483553,0,1.0,message,native,1,99d1c7fab316,2994,6
java,stream,message,100,66,dsl-json,2.0.2,32224,29314,158,61538,31032.770606,34113.392918,16250.121876,0,1.0,reflect,native,1,99d1c7fab316,2995,7
java,stream,message,100,66,jackson-cbor,2.18.3,19347,21203,115,40550,51687.600145,47163.137292,24660.912454,0,1.0,reflect,native,1,99d1c7fab316,2996,8
java,stream,message,100,66,protostuff,1.8.0,11903,10577,52,22480,84012.433840,94544.766947,44483.985765,0,1.0,schema,native,1,99d1c7fab316,2997,9
java,stream,message,100,66,bson,5.3.1,27518,35043,134,62561,36339.850280,28536.369603,15984.399226,0,1.0,message,adapted,1,99d1c7fab316,2998,10
java,stream,message,100,66,fory,1.3.0,15561,14845,133,30406,64263.222158,67362.748400,32888.245741,0,1.0,message,adapted,1,99d1c7fab316,2999,11
java,stream,message,100,66,jsoniter,0.9.23,16563,11569,150,28132,60375.535833,86437.894373,35546.708375,0,1.0,reflect,adapted,1,99d1c7fab316,3000,12
java,stream,message,100,66,msgpack,0.9.8,23098,19641,114,42739,43293.791670,50913.904587,23397.833361,0,1.0,reflect,native,1,99d1c7fab316,3001,13
java,stream,message,100,66,jackson-smile,2.18.3,17712,22005,119,39717,56458.897922,45444.217223,25178.135307,0,1.0,reflect,native,1,99d1c7fab316,3002,14
java,stream,message,100,66,fastjson2,2.0.57,20938,16967,158,37905,47760.053491,58937.938351,26381.743833,0,1.0,reflect,adapted,1,99d1c7fab316,3003,15
java,stream,message,100,66,java-serialization,21.0.11,29397,72581,206,101978,34017.076572,13777.710420,9806.036596,0,1.0,message,native,1,99d1c7fab316,3004,16
java,stream,message,100,66,protobuf,4.28.3,11729,13766,50,25495,85258.760338,72642.742990,39223.377133,0,1.0,message,native,1,99d1c7fab316,3005,17
java,stream,message,100,67,java-serialization,21.0.11,17456,40887,206,58343,57286.892759,24457.651576,17140.016797,0,1.0,message,native,1,99d1c7fab316,3006,0
java,stream,message,100,67,kryo,5.6.2,14950,10592,46,25542,66889.632107,94410.876133,39151.201942,0,1.0,message,native,1,99d1c7fab316,3007,1
java,stream,message,100,67,fastjson2,2.0.57,18253,13999,158,32252,54785.514710,71433.673834,31005.829096,0,1.0,reflect,adapted,1,99d1c7fab316,3008,2
java,stream,message,100,67,jackson-smile,2.18.3,18005,20959,119,38964,55540.127742,47712.200010,25664.716148,0,1.0,reflect,native,1,99d1c7fab316,3009,3
java,stream,message,100,67,jackson,2.18.3,16144,20774,158,36918,61942.517344,48137.094445,27087.057804,0,1.0,reflect,native,1,99d1c7fab316,3010,4
java,stream,message,100,67,dsl-json,2.0.2,25643,23710,158,49353,38996.997231,42176.296921,20262.192775,0,1.0,reflect,native,1,99d1c7fab316,3011,5
java,stream,message,100,67,msgpack,0.9.8,19878,22168,114,42046,50306.871919,45110.068567,23783.475241,0,1.0,reflect,native,1,99d1c7fab316,3012,6
java,stream,message,100,67,jsoniter,0.9.23,10321,10543,150,20864,96889.836256,94849.663284,47929.447853,0,1.0,reflect,adapted,1,99d1c7fab316,3013,7
java,stream,message,100,67,ion,2.18.3,46752,74958,144,121710,21389.459274,13340.804184,8216.251746,0,1.0,reflect,native,1,99d1c7fab316,3014,8
java,stream,message,100,67,moshi,1.15.2,15622,20111,158,35733,64012.290360,49724.031624,27985.335684,0,1.0,reflect,native,1,99d1c7fab316,3015,9
java,stream,message,100,67,protobuf,4.28.3,26085,10858,50,36943,38336.208549,92097.992264,27068.727499,0,1.0,message,native,1,99d1c7fab316,3016,10
java,stream,message,100,67,avro,1.12.0,18445,27581,44,46026,54215.234481,36256.843479,21726.850041,0,1.0,schema,native,1,99d1c7fab316,3017,11
java,stream,message,100,67,bson,5.3.1,24610,25830,134,50440,40633.888663,38714.672861,19825.535289,0,1.0,message,adapted,1,99d1c7fab316,3018,12
java,stream,message,100,67,protostuff,1.8.0,11086,9716,52,20802,90203.860725,102923.013586,48072.300740,0,1.0,schema,native,1,99d1c7fab316,3019,13
java,stream,message,100,67,gson,2.12.1,37032,27929,158,64961,27003.672499,35805.077160,15393.851696,0,1.0,reflect,native,1,99d1c7fab316,3020,14
java,stream,message,100,67,fory,1.3.0,14500,13814,133,28314,68965.517241,72390.328652,35318.217136,0,1.0,message,adapted,1,99d1c7fab316,3021,15
java,stream,message,100,67,hessian,4.0.66,12629,14652,143,27281,79182.833162,68250.068250,36655.547817,0,1.0,message,native,1,99d1c7fab316,3022,16
java,stream,message,100,67,jackson-cbor,2.18.3,19371,20273,115,39644,51623.560993,49326.690672,25224.498032,0,1.0,reflect,native,1,99d1c7fab316,3023,17
java,stream,message,100,68,dsl-json,2.0.2,24676,22023,158,46699,40525.206679,45407.074422,21413.734769,0,1.0,reflect,native,1,99d1c7fab316,3024,0
java,stream,message,100,68,avro,1.12.0,16502,21102,44,37604,60598.715307,47388.873093,26592.915647,0,1.0,schema,native,1,99d1c7fab316,3025,1
java,stream,message,100,68,kryo,5.6.2,14036,10210,46,24246,71245.369051,97943.192948,41243.916522,0,1.0,message,native,1,99d1c7fab316,3026,2
java,stream,message,100,68,protobuf,4.28.3,22562,9881,50,32443,44322.311852,101204.331545,30823.290078,0,1.0,message,native,1,99d1c7fab316,3027,3
java,stream,message,100,68,ion,2.18.3,44338,88993,144,133331,22554.016870,11236.838852,7500.131252,0,1.0,reflect,native,1,99d1c7fab316,3028,4
java,stream,message,100,68,gson,2.12.1,28975,23539,158,52514,34512.510785,42482.688305,19042.541037,0,1.0,reflect,native,1,99d1c7fab316,3029,5
java,stream,message,100,68,bson,5.3.1,22943,22626,134,45569,43586.279039,44196.941572,21944.743137,0,1.0,message,adapted,1,99d1c7fab316,3030,6
java,stream,message,100,68,hessian,4.0.66,12267,13722,143,25989,81519.523926,72875.674100,38477.817538,0,1.0,message,native,1,99d1c7fab316,3031,7
java,stream,message,100,68,fastjson2,2.0.57,19282,15380,158,34662,51861.840058,65019.505852,28850.037505,0,1.0,reflect,adapted,1,99d1c7fab316,3032,8
java,stream,message,100,68,jackson-smile,2.18.3,17024,20106,119,37130,58740.601504,49736.397095,26932.399677,0,1.0,reflect,native,1,99d1c7fab316,3033,9
java,stream,message,100,68,protostuff,1.8.0,9742,8777,52,18519,102648.326832,113934.146064,53998.596037,0,1.0,schema,native,1,99d1c7fab316,3034,10
java,stream,message,100,68,msgpack,0.9.8,19173,15472,114,34645,52156.678663,64632.885212,28864.193967,0,1.0,reflect,native,1,99d1c7fab316,3035,11
java,stream,message,100,68,moshi,1.15.2,15035,40163,158,55198,66511.473229,24898.538456,18116.598427,0,1.0,reflect,native,1,99d1c7fab316,3036,12
java,stream,message,100,68,jackson,2.18.3,17191,21265,158,38456,58169.972660,47025.628968,26003.744539,0,1.0,reflect,native,1,99d1c7fab316,3037,13
java,stream,message,100,68,jsoniter,0.9.23,14748,9520,150,24268,67805.804177,105042.016807,41206.527114,0,1.0,reflect,adapted,1,99d1c7fab316,3038,14
java,stream,message,100,68,fory,1.3.0,12706,22214,133,34920,78702.974972,45016.656163,28636.884307,0,1.0,message,adapted,1,99d1c7fab316,3039,15
java,stream,message,100,68,java-serialization,21.0.11,25518,62252,206,87770,39188.024140,16063.740924,11393.414606,0,1.0,message,native,1,99d1c7fab316,3040,16
java,stream,message,100,68,jackson-cbor,2.18.3,17946,20207,115,38153,55722.723727,49487.801257,26210.258695,0,1.0,reflect,native,1,99d1c7fab316,3041,17
java,stream,message,100,69,jackson-smile,2.18.3,13950,16625,119,30575,71684.587814,60150.375940,32706.459526,0,1.0,reflect,native,1,99d1c7fab316,3042,0
java,stream,message,100,69,fory,1.3.0,10782,10804,133,21586,92747.171211,92558.311736,46326.322617,0,1.0,message,adapted,1,99d1c7fab316,3043,1
java,stream,message,100,69,bson,5.3.1,22526,22716,134,45242,44393.145698,44021.834830,22103.355289,0,1.0,message,adapted,1,99d1c7fab316,3044,2
java,stream,message,100,69,avro,1.12.0,17440,22051,44,39491,57339.449541,45349.417260,25322.225317,0,1.0,schema,native,1,99d1c7fab316,3045,3
java,stream,message,100,69,moshi,1.15.2,14718,19876,158,34594,67944.014132,50311.933991,28906.746835,0,1.0,reflect,native,1,99d1c7fab316,3046,4
java,stream,message,100,69,fastjson2,2.0.57,19378,14760,158,34138,51604.912788,67750.677507,29292.870115,0,1.0,reflect,adapted,1,99d1c7fab316,3047,5
java,stream,message,100,69,java-serialization,21.0.11,21567,55594,206,77161,46367.134975,17987.552614,12959.914983,0,1.0,message,native,1,99d1c7fab316,3048,6
java,stream,message,100,69,protostuff,1.8.0,9595,8823,52,18418,104220.948411,113340.133741,54294.711695,0,1.0,schema,native,1,99d1c7fab316,3049,7
java,stream,message,100,69,gson,2.12.1,30075,27208,158,57283,33250.207814,36753.895913,17457.186251,0,1.0,reflect,native,1,99d1c7fab316,3050,8
java,stream,message,100,69,hessian,4.0.66,11928,14062,143,25990,83836.351442,71113.639596,38476.337053,0,1.0,message,native,1,99d1c7fab316,3051,9
java,stream,message,100,69,jsoniter,0.9.23,9858,9717,150,19575,101440.454453,102912.421529,51085.568327,0,1.0,reflect,adapted,1,99d1c7fab316,3052,10
java,stream,message,100,69,jackson,2.18.3,21036,23489,158,44525,47537.554668,42573.119332,22459.292532,0,1.0,reflect,native,1,99d1c7fab316,3053,11
java,stream,message,100,69,kryo,5.6.2,14074,10140,46,24214,71053.005542,98619.329389,41298.422400,0,1.0,message,native,1,99d1c7fab316,3054,12
java,stream,message,100,69,ion,2.18.3,42916,60483,144,103399,23301.332836,16533.571417,9671.273417,0,1.0,reflect,native,1,99d1c7fab316,3055,13
java,stream,message,100,69,dsl-json,2.0.2,27252,23987,158,51239,36694.554528,41689.248343,19516.384004,0,1.0,reflect,native,1,99d1c7fab316,3056,14
java,stream,message,100,69,protobuf,4.28.3,9206,16283,50,25489,108624.809907,61413.744396,39232.610146,0,1.0,message,native,1,99d1c7fab316,3057,15
java,stream,message,100,69,msgpack,0.9.8,21372,17416,114,38788,46790.192776,57418.465779,25781.169434,0,1.0,reflect,native,1,99d1c7fab316,3058,16
java,stream,message,100,69,jackson-cbor,2.18.3,15445,17864,115,33309,64745.872451,55978.504254,30021.915999,0,1.0,reflect,native,1,99d1c7fab316,3059,17
java,stream,message,100,70,avro,1.12.0,18120,22802,44,40922,55187.637969,43855.802123,24436.733297,0,1.0,schema,native,1,99d1c7fab316,3060,0
java,stream,message,100,70,gson,2.12.1,28543,23492,158,52035,35034.859685,42567.682615,19217.834150,0,1.0,reflect,native,1,99d1c7fab316,3061,1
java,stream,message,100,70,jackson,2.18.3,17288,20254,158,37542,57843.590930,49372.963365,26636.833413,0,1.0,reflect,native,1,99d1c7fab316,3062,2
java,stream,message,100,70,jackson-cbor,2.18.3,13169,213760,115,226929,75935.910092,4678.143713,4406.664640,0,1.0,reflect,native,1,99d1c7fab316,3063,3
java,stream,message,100,70,java-serialization,21.0.11,27039,55229,206,82268,36983.616258,18106.429593,12155.394564,0,1.0,message,native,1,99d1c7fab316,3064,4
java,stream,message,100,70,hessian,4.0.66,11858,14097,143,25955,84331.253162,70937.078811,38528.221923,0,1.0,message,native,1,99d1c7fab316,3065,5
java,stream,message,100,70,moshi,1.15.2,20191,54789,158,74980,49527.016988,18251.838873,13336.889837,0,1.0,reflect,native,1,99d1c7fab316,3066,6
java,stream,message,100,70,msgpack,0.9.8,30741,19960,114,50701,32529.846134,50100.200401,19723.476854,0,1.0,reflect,native,1,99d1c7fab316,3067,7
java,stream,message,100,70,protobuf,4.28.3,9647,10974,50,20621,103659.168653,91124.476034,48494.253431,0,1.0,message,native,1,99d1c7fab316,3068,8
java,stream,message,100,70,protostuff,1.8.0,9783,8504,52,18287,102218.133497,117591.721543,54683.655056,0,1.0,schema,native,1,99d1c7fab316,3069,9
java,stream,message,100,70,ion,2.18.3,54268,63859,144,118127,18427.065674,15659.499836,8465.465135,0,1.0,reflect,native,1,99d1c7fab316,3070,10
java,stream,message,100,70,fastjson2,2.0.57,19065,16162,158,35227,52452.137425,61873.530504,28387.316547,0,1.0,reflect,adapted,1,99d1c7fab316,3071,11
java,stream,message,100,70,bson,5.3.1,30826,25981,134,56807,32440.147927,38489.665525,17603.464362,0,1.0,message,adapted,1,99d1c7fab316,3072,12
java,stream,message,100,70,jackson-smile,2.18.3,51970,29210,119,81180,19241.870310,34234.851078,12318.305001,0,1.0,reflect,native,1,99d1c7fab316,3073,13
java,stream,message,100,70,dsl-json,2.0.2,461157,34985,158,496142,2168.458898,28583.678719,2015.551999,0,1.0,reflect,native,1,99d1c7fab316,3074,14
java,stream,message,100,70,kryo,5.6.2,219221,42761,46,261982,4561.606780,23385.795468,3817.056134,0,1.0,message,native,1,99d1c7fab316,3075,15
java,stream,message,100,70,jsoniter,0.9.23,13173,11484,150,24657,75912.852046,87077.673285,40556.434278,0,1.0,reflect,adapted,1,99d1c7fab316,3076,16
java,stream,message,100,70,fory,1.3.0,16607,15134,133,31741,60215.571747,66076.384300,31504.993541,0,1.0,message,adapted,1,99d1c7fab316,3077,17
java,stream,message,100,71,protobuf,4.28.3,9801,20490,50,30291,102030.405061,48804.294778,33013.106203,0,1.0,message,native,1,99d1c7fab316,3078,0
java,stream,message,100,71,jackson-smile,2.18.3,38894,34054,119,72948,25710.906567,29365.125976,13708.395021,0,1.0,reflect,native,1,99d1c7fab316,3079,1
java,stream,message,100,71,avro,1.12.0,24509,30360,44,54869,40801.338284,32938.076416,18225.227360,0,1.0,schema,native,1,99d1c7fab316,3080,2
java,stream,message,100,71,protostuff,1.8.0,11709,9807,52,21516,85404.389786,101967.982054,46477.040342,0,1.0,schema,native,1,99d1c7fab316,3081,3
java,stream,message,100,71,java-serialization,21.0.11,28059,63368,206,91427,35639.188852,15780.835753,10937.687992,0,1.0,message,native,1,99d1c7fab316,3082,4
java,stream,message,100,71,gson,2.12.1,42769,45444,158,88213,23381.421123,22005.105184,11336.197613,0,1.0,reflect,native,1,99d1c7fab316,3083,5
java,stream,message,100,71,jackson-cbor,2.18.3,23783,26522,115,50305,42046.840180,37704.547168,19878.739688,0,1.0,reflect,native,1,99d1c7fab316,3084,6
java,stream,message,100,71,hessian,4.0.66,16267,19675,143,35942,61474.150120,50825.921220,27822.603083,0,1.0,message,native,1,99d1c7fab316,3085,7
java,stream,message,100,71,moshi,1.15.2,22301,29507,158,51808,44841.038518,33890.263327,19302.038295,0,1.0,reflect,native,1,99d1c7fab316,3086,8
java,stream,message,100,71,dsl-json,2.0.2,31963,27826,158,59789,31286.174639,35937.612305,16725.484621,0,1.0,reflect,native,1,99d1c7fab316,3087,9
java,stream,message,100,71,msgpack,0.9.8,35807,25151,114,60958,27927.500209,39759.850503,16404.737688,0,1.0,reflect,native,1,99d1c7fab316,3088,10
java,stream,message,100,71,kryo,5.6.2,37005,11952,46,48957,27023.375220,83668.005355,20426.088200,0,1.0,message,native,1,99d1c7fab316,3089,11
java,stream,message,100,71,fory,1.3.0,15273,15529,133,30802,65475.021279,64395.646854,32465.424323,0,1.0,message,adapted,1,99d1c7fab316,3090,12
java,stream,message,100,71,ion,2.18.3,69146,84556,144,153702,14462.152547,11826.481858,6506.096212,0,1.0,reflect,native,1,99d1c7fab316,3091,13
java,stream,message,100,71,fastjson2,2.0.57,27300,26689,158,53989,36630.036630,37468.620031,18522.291578,0,1.0,reflect,adapted,1,99d1c7fab316,3092,14
java,stream,message,100,71,jsoniter,0.9.23,13010,11016,150,24026,76863.950807,90777.051561,41621.576625,0,1.0,reflect,adapted,1,99d1c7fab316,3093,15
java,stream,message,100,71,jackson,2.18.3,35836,37989,158,73825,27904.900100,26323.409408,13545.546901,0,1.0,reflect,native,1,99d1c7fab316,3094,16
java,stream,message,100,71,bson,5.3.1,38080,37720,134,75800,26260.504202,26511.134677,13192.612137,0,1.0,message,adapted,1,99d1c7fab316,3095,17
java,stream,message,100,72,gson,2.12.1,35488,30457,158,65945,28178.539225,32833.174640,15164.151945,0,1.0,reflect,native,1,99d1c7fab316,3096,0
java,stream,message,100,72,avro,1.12.0,24166,28512,44,52678,41380.451875,35072.951740,18983.256768,0,1.0,schema,native,1,99d1c7fab316,3097,1
java,stream,message,100,72,jackson-smile,2.18.3,18981,22796,119,41777,52684.263211,43867.345148,23936.615841,0,1.0,reflect,native,1,99d1c7fab316,3098,2
java,stream,message,100,72,msgpack,0.9.8,23548,18611,114,42159,42466.451503,53731.664070,23719.727698,0,1.0,reflect,native,1,99d1c7fab316,3099,3
java,stream,message,100,72,dsl-json,2.0.2,27402,26023,158,53425,36493.686592,38427.544864,18717.828732,0,1.0,reflect,native,1,99d1c7fab316,3100,4
java,stream,message,100,72,protostuff,1.8.0,13125,12806,52,25931,76190.476190,78088.396064,38563.881069,0,1.0,schema,native,1,99d1c7fab316,3101,5
java,stream,message,100,72,fastjson2,2.0.57,26122,19101,158,45223,38281.907970,52353.279933,22112.641797,0,1.0,reflect,adapted,1,99d1c7fab316,3102,6
java,stream,message,100,72,java-serialization,21.0.11,28368,64399,206,92767,35250.987028,15528.191432,10779.695366,0,1.0,message,native,1,99d1c7fab316,3103,7
java,stream,message,100,72,bson,5.3.1,30353,31268,134,61621,32945.672586,31981.578611,16228.233881,0,1.0,message,adapted,1,99d1c7fab316,3104,8
java,stream,message,100,72,fory,1.3.0,15617,14058,133,29675,64032.784786,71133.873951,33698.399326,0,1.0,message,adapted,1,99d1c7fab316,3105,9
java,stream,message,100,72,hessian,4.0.66,15493,17985,143,33478,64545.278513,55601.890464,29870.362626,0,1.0,message,native,1,99d1c7fab316,3106,10
java,stream,message,100,72,jackson-cbor,2.18.3,22477,25842,115,48319,44489.923032,38696.695302,20695.792545,0,1.0,reflect,native,1,99d1c7fab316,3107,11
java,stream,message,100,72,moshi,1.15.2,21552,32214,158,53766,46399.406088,31042.403924,18599.114682,0,1.0,reflect,native,1,99d1c7fab316,3108,12
java,stream,message,100,72,kryo,5.6.2,46923,11740,46,58663,21311.510347,85178.875639,17046.519953,0,1.0,message,native,1,99d1c7fab316,3109,13
java,stream,message,100,72,protobuf,4.28.3,19133,16892,50,36025,52265.718915,59199.621122,27758.501041,0,1.0,message,native,1,99d1c7fab316,3110,14
java,stream,message,100,72,jackson,2.18.3,26141,31593,158,57734,38254.083623,31652.581268,17320.816157,0,1.0,reflect,native,1,99d1c7fab316,3111,15
java,stream,message,100,72,ion,2.18.3,69522,95098,144,164620,14383.936020,10515.468254,6074.596039,0,1.0,reflect,native,1,99d1c7fab316,3112,16
java,stream,message,100,72,jsoniter,0.9.23,15611,12573,150,28184,64057.395426,79535.512606,35481.124042,0,1.0,reflect,adapted,1,99d1c7fab316,3113,17
java,stream,message,100,73,jackson-smile,2.18.3,24895,23906,119,48801,40168.708576,41830.502803,20491.383373,0,1.0,reflect,native,1,99d1c7fab316,3114,0
java,stream,message,100,73,fastjson2,2.0.57,24998,18417,158,43415,40003.200256,54297.659771,23033.513763,0,1.0,reflect,adapted,1,99d1c7fab316,3115,1
java,stream,message,100,73,hessian,4.0.66,16256,19306,143,35562,61515.748031,51797.368694,28119.903268,0,1.0,message,native,1,99d1c7fab316,3116,2
java,stream,message,100,73,java-serialization,21.0.11,29253,62206,206,91459,34184.528083,16075.619715,10933.861074,0,1.0,message,native,1,99d1c7fab316,3117,3
java,stream,message,100,73,kryo,5.6.2,14130,10109,46,24239,70771.408351,98921.752893,41255.827386,0,1.0,message,native,1,99d1c7fab316,3118,4
java,stream,message,100,73,protobuf,4.28.3,11981,16201,50,28182,83465.487021,61724.584902,35483.642041,0,1.0,message,native,1,99d1c7fab316,3119,5
java,stream,message,100,73,jackson-cbor,2.18.3,21490,24839,115,46329,46533.271289,40259.269697,21584.752531,0,1.0,reflect,native,1,99d1c7fab316,3120,6
java,stream,message,100,73,msgpack,0.9.8,30561,23510,114,54071,32721.442361,42535.091450,18494.202068,0,1.0,reflect,native,1,99d1c7fab316,3121,7
java,stream,message,100,73,bson,5.3.1,33124,35437,134,68561,30189.590629,28219.093038,14585.551553,0,1.0,message,adapted,1,99d1c7fab316,3122,8
java,stream,message,100,73,avro,1.12.0,29760,41365,44,71125,33602.150538,24175.027197,14059.753954,0,1.0,schema,native,1,99d1c7fab316,3123,9
java,stream,message,100,73,protostuff,1.8.0,16329,13097,52,29426,61240.737338,76353.363366,33983.551961,0,1.0,schema,native,1,99d1c7fab316,3124,10
java,stream,message,100,73,jsoniter,0.9.23,11311,10439,150,21750,88409.512864,95794.616343,45977.011494,0,1.0,reflect,adapted,1,99d1c7fab316,3125,11
java,stream,message,100,73,dsl-json,2.0.2,43678,35099,158,78777,22894.821191,28490.840195,12694.060449,0,1.0,reflect,native,1,99d1c7fab316,3126,12
java,stream,message,100,73,ion,2.18.3,67754,92671,144,160425,14759.276205,10790.862298,6233.442419,0,1.0,reflect,native,1,99d1c7fab316,3127,13
java,stream,message,100,73,gson,2.12.1,60700,66210,158,126910,16474.464580,15103.458692,7879.599716,0,1.0,reflect,native,1,99d1c7fab316,3128,14
java,stream,message,100,73,jackson,2.18.3,27992,33630,158,61622,35724.492712,29735.355337,16227.970530,0,1.0,reflect,native,1,99d1c7fab316,3129,15
java,stream,message,100,73,moshi,1.15.2,25985,31800,158,57785,38483.740620,31446.540881,17305.529117,0,1.0,reflect,native,1,99d1c7fab316,3130,16
java,stream,message,100,73,fory,1.3.0,24701,22810,133,47511,40484.190923,43840.420868,21047.757361,0,1.0,message,adapted,1,99d1c7fab316,3131,17
java,stream,message,100,74,gson,2.12.1,41975,37701,158,79676,23823.704586,26524.495371,12550.830865,0,1.0,reflect,native,1,99d1c7fab316,3132,0
java,stream,message,100,74,dsl-json,2.0.2,38062,35101,158,73163,26272.923125,28489.216831,13668.110930,0,1.0,reflect,native,1,99d1c7fab316,3133,1
java,stream,message,100,74,moshi,1.15.2,17333,22017,158,39350,57693.417181,45419.448608,25412.960610,0,1.0,reflect,native,1,99d1c7fab316,3134,2
java,stream,message,100,74,hessian,4.0.66,19514,23483,143,42997,51245.259813,42583.996934,23257.436565,0,1.0,message,native,1,99d1c7fab316,3135,3
java,stream,message,100,74,protostuff,1.8.0,15244,12540,52,27784,65599.580163,79744.816587,35991.937806,0,1.0,schema,native,1,99d1c7fab316,3136,4
java,stream,message,100,74,java-serialization,21.0.11,48816,87493,206,136309,20485.086857,11429.485787,7336.272733,0,1.0,message,native,1,99d1c7fab316,3137,5
java,stream,message,100,74,fory,1.3.0,16421,15473,133,31894,60897.631082,64628.708072,31353.859660,0,1.0,message,adapted,1,99d1c7fab316,3138,6
java,stream,message,100,74,jsoniter,0.9.23,16791,14991,150,31782,59555.714371,66706.690681,31464.350890,0,1.0,reflect,adapted,1,99d1c7fab316,3139,7
java,stream,message,100,74,msgpack,0.9.8,39788,34043,114,73831,25133.205992,29374.614458,13544.446100,0,1.0,reflect,native,1,99d1c7fab316,3140,8
java,stream,message,100,74,protobuf,4.28.3,17767,19552,50,37319,56284.122249,51145.662848,26796.002036,0,1.0,message,native,1,99d1c7fab316,3141,9
java,stream,message,100,74,jackson-smile,2.18.3,29231,33266,119,62497,34210.256235,30060.722660,16000.768037,0,1.0,reflect,native,1,99d1c7fab316,3142,10
java,stream,message,100,74,avro,1.12.0,37609,57367,44,94976,26589.380202,17431.624453,10528.975741,0,1.0,schema,native,1,99d1c7fab316,3143,11
java,stream,message,100,74,jackson-cbor,2.18.3,36578,40667,115,77245,27338.837553,24589.962377,12945.821736,0,1.0,reflect,native,1,99d1c7fab316,3144,12
java,stream,message,100,74,fastjson2,2.0.57,36670,29797,158,66467,27270.248159,33560.425546,15045.059955,0,1.0,reflect,adapted,1,99d1c7fab316,3145,13
java,stream,message,100,74,bson,5.3.1,49084,50217,134,99301,20373.237715,19913.575084,10070.392040,0,1.0,message,adapted,1,99d1c7fab316,3146,14
java,stream,message,100,74,jackson,2.18.3,36794,42091,158,78885,27178.344295,23758.048039,12676.681245,0,1.0,reflect,native,1,99d1c7fab316,3147,15
java,stream,message,100,74,ion,2.18.3,80632,126383,144,207015,12402.024010,7912.456580,4830.567833,0,1.0,reflect,native,1,99d1c7fab316,3148,16
java,stream,message,100,74,kryo,5.6.2,27627,17445,46,45072,36196.474463,57323.015191,22186.723465,0,1.0,message,native,1,99d1c7fab316,3149,17
java,stream,message,100,75,jackson-smile,2.18.3,28862,32154,119,61016,34647.633567,31100.329663,16389.143831,0,1.0,reflect,native,1,99d1c7fab316,3150,0
java,stream,message,100,75,gson,2.12.1,57850,52165,158,110015,17286.084702,19169.941532,9089.669591,0,1.0,reflect,native,1,99d1c7fab316,3151,1
java,stream,message,100,75,fory,1.3.0,31847,21980,133,53827,31400.131881,45495.905369,18578.037045,0,1.0,message,adapted,1,99d1c7fab316,3152,2
java,stream,message,100,75,bson,5.3.1,50286,49307,134,99593,19886.250646,20281.095990,10040.866326,0,1.0,message,adapted,1,99d1c7fab316,3153,3
java,stream,message,100,75,protostuff,1.8.0,18113,19943,52,38056,55208.965936,50142.907286,26277.065377,0,1.0,schema,native,1,99d1c7fab316,3154,4
java,stream,message,100,75,moshi,1.15.2,32670,38913,158,71583,30609.121518,25698.352736,13969.797298,0,1.0,reflect,native,1,99d1c7fab316,3155,5
java,stream,message,100,75,kryo,5.6.2,20909,13494,46,34403,47826.294897,74107.010523,29067.232509,0,1.0,message,native,1,99d1c7fab316,3156,6
java,stream,message,100,75,dsl-json,2.0.2,52947,44599,158,97546,18886.811340,22422.027400,10251.573617,0,1.0,reflect,native,1,99d1c7fab316,3157,7
java,stream,message,100,75,msgpack,0.9.8,40681,34488,114,75169,24581.499963,28995.592670,13303.356437,0,1.0,reflect,native,1,99d1c7fab316,3158,8
java,stream,message,100,75,java-serialization,21.0.11,52951,106467,206,159418,18885.384601,9392.581739,6272.817373,0,1.0,message,native,1,99d1c7fab316,3159,9
java,stream,message,100,75,jackson-cbor,2.18.3,32757,36321,115,69078,30527.826114,27532.281600,14476.389010,0,1.0,reflect,native,1,99d1c7fab316,3160,10
java,stream,message,100,75,hessian,4.0.66,38394,36771,143,75165,26045.736313,27195.344157,13304.064392,0,1.0,message,native,1,99d1c7fab316,3161,11
java,stream,message,100,75,avro,1.12.0,54840,53417,44,108257,18234.865062,18720.632009,9237.277959,0,1.0,schema,native,1,99d1c7fab316,3162,12
java,stream,message,100,75,ion,2.18.3,142965,123031,144,265996,6994.718987,8128.032772,3759.455029,0,1.0,reflect,native,1,99d1c7fab316,3163,13
java,stream,message,100,75,jackson,2.18.3,34592,42026,158,76618,28908.418131,23794.793699,13051.763293,0,1.0,reflect,native,1,99d1c7fab316,3164,14
java,stream,message,100,75,protobuf,4.28.3,21343,23187,50,44530,46853.769386,43127.614612,22456.770716,0,1.0,message,native,1,99d1c7fab316,3165,15
java,stream,message,100,75,fastjson2,2.0.57,44006,36821,158,80827,22724.173976,27158.415035,12372.103381,0,1.0,reflect,adapted,1,99d1c7fab316,3166,16
java,stream,message,100,75,jsoniter,0.9.23,22920,19740,150,42660,43630.017452,50658.561297,23441.162682,0,1.0,reflect,adapted,1,99d1c7fab316,3167,17
java,stream,message,100,76,java-serialization,21.0.11,42253,81288,206,123541,23666.958559,12301.938786,8094.478756,0,1.0,message,native,1,99d1c7fab316,3168,0
java,stream,message,100,76,dsl-json,2.0.2,49491,42773,158,92264,20205.693965,23379.234564,10838.463539,0,1.0,reflect,native,1,99d1c7fab316,3169,1
java,stream,message,100,76,kryo,5.6.2,24844,16040,46,40884,40251.167284,62344.139651,24459.446238,0,1.0,message,native,1,99d1c7fab316,3170,2
java,stream,message,100,76,jsoniter,0.9.23,14814,16337,150,31151,67503.712704,61210.748607,32101.698180,0,1.0,reflect,adapted,1,99d1c7fab316,3171,3
java,stream,message,100,76,msgpack,0.9.8,37857,33425,114,71282,26415.194020,29917.726253,14028.787071,0,1.0,reflect,native,1,99d1c7fab316,3172,4
java,stream,message,100,76,jackson-smile,2.18.3,22207,25435,119,47642,45030.846130,39315.903283,20989.882876,0,1.0,reflect,native,1,99d1c7fab316,3173,5
java,stream,message,100,76,bson,5.3.1,46175,45179,134,91354,21656.740661,22134.177383,10946.428180,0,1.0,message,adapted,1,99d1c7fab316,3174,6
java,stream,message,100,76,ion,2.18.3,90143,88701,144,178844,11093.484796,11273.830058,5591.465188,0,1.0,reflect,native,1,99d1c7fab316,3175,7
java,stream,message,100,76,avro,1.12.0,32401,40144,44,72545,30863.244962,24910.322838,13784.547522,0,1.0,schema,native,1,99d1c7fab316,3176,8
java,stream,message,100,76,jackson,2.18.3,25660,31474,158,57134,38971.161341,31772.256466,17502.712921,0,1.0,reflect,native,1,99d1c7fab316,3177,9
java,stream,message,100,76,fory,1.3.0,23581,21632,133,45213,42407.022603,46227.810651,22117.532568,0,1.0,message,adapted,1,99d1c7fab316,3178,10
java,stream,message,100,76,jackson-cbor,2.18.3,26048,34303,115,60351,38390.663391,29151.969216,16569.733724,0,1.0,reflect,native,1,99d1c7fab316,3179,11
java,stream,message,100,76,fastjson2,2.0.57,27940,21676,158,49616,35790.980673,46133.973058,20154.788778,0,1.0,reflect,adapted,1,99d1c7fab316,3180,12
java,stream,message,100,76,hessian,4.0.66,22536,24784,143,47320,44373.446929,40348.612008,21132.713440,0,1.0,message,native,1,99d1c7fab316,3181,13
java,stream,message,100,76,gson,2.12.1,49403,40463,158,89866,20241.685728,24713.936189,11127.678989,0,1.0,reflect,native,1,99d1c7fab316,3182,14
java,stream,message,100,76,moshi,1.15.2,25033,29265,158,54298,39947.269604,34170.510849,18416.884600,0,1.0,reflect,native,1,99d1c7fab316,3183,15
java,stream,message,100,76,protostuff,1.8.0,18091,13556,52,31647,55276.104140,73768.073178,31598.571745,0,1.0,schema,native,1,99d1c7fab316,3184,16
java,stream,message,100,76,protobuf,4.28.3,13936,21054,50,34990,71756.601607,47496.912701,28579.594170,0,1.0,message,native,1,99d1c7fab316,3185,17
java,stream,message,100,77,avro,1.12.0,20677,26421,44,47098,48362.915317,37848.680973,21232.324090,0,1.0,schema,native,1,99d1c7fab316,3186,0
java,stream,message,100,77,kryo,5.6.2,16547,11171,46,27718,60433.915513,89517.500671,36077.639079,0,1.0,message,native,1,99d1c7fab316,3187,1
java,stream,message,100,77,jackson,2.18.3,21996,24349,158,46345,45462.811420,41069.448437,21577.300680,0,1.0,reflect,native,1,99d1c7fab316,3188,2
java,stream,message,100,77,java-serialization,21.0.11,28070,62069,206,90139,35625.222658,16111.102160,11093.977080,0,1.0,message,native,1,99d1c7fab316,3189,3
java,stream,message,100,77,protostuff,1.8.0,10040,8613,52,18653,99601.593625,116103.564379,53610.679247,0,1.0,schema,native,1,99d1c7fab316,3190,4
java,stream,message,100,77,dsl-json,2.0.2,33854,29621,158,63475,29538.606959,33759.832551,15754.233950,0,1.0,reflect,native,1,99d1c7fab316,3191,5
java,stream,message,100,77,fastjson2,2.0.57,33277,18099,158,51376,30050.785828,55251.671363,19464.341327,0,1.0,reflect,adapted,1,99d1c7fab316,3192,6
java,stream,message,100,77,bson,5.3.1,30713,30837,134,61550,32559.502491,32428.576061,16246.953696,0,1.0,message,adapted,1,99d1c7fab316,3193,7
java,stream,message,100,77,protobuf,4.28.3,12352,11499,50,23851,80958.549223,86964.083833,41926.963230,0,1.0,message,native,1,99d1c7fab316,3194,8
java,stream,message,100,77,jsoniter,0.9.23,12629,10726,150,23355,79182.833162,93231.400336,42817.383858,0,1.0,reflect,adapted,1,99d1c7fab316,3195,9
java,stream,message,100,77,jackson-cbor,2.18.3,21524,37828,115,59352,46459.765843,26435.444644,16848.631891,0,1.0,reflect,native,1,99d1c7fab316,3196,10
java,stream,message,100,77,gson,2.12.1,42611,30232,158,72843,23468.118561,33077.533739,13728.155073,0,1.0,reflect,native,1,99d1c7fab316,3197,11
java,stream,message,100,77,hessian,4.0.66,20817,20388,143,41205,48037.661527,49048.459878,24268.899405,0,1.0,message,native,1,99d1c7fab316,3198,12
java,stream,message,100,77,fory,1.3.0,17029,15530,133,32559,58723.354278,64391.500322,30713.474001,0,1.0,message,adapted,1,99d1c7fab316,3199,13
java,stream,message,100,77,msgpack,0.9.8,32085,25678,114,57763,31167.212093,38943.842978,17312.120215,0,1.0,reflect,native,1,99d1c7fab316,3200,14
java,stream,message,100,77,jackson-smile,2.18.3,23185,22532,119,45717,43131.334915,44381.324339,21873.701249,0,1.0,reflect,native,1,99d1c7fab316,3201,15
java,stream,message,100,77,moshi,1.15.2,19624,23755,158,43379,50958.010599,42096.400758,23052.629152,0,1.0,reflect,native,1,99d1c7fab316,3202,16
java,stream,message,100,77,ion,2.18.3,64923,78331,144,143254,15402.861852,12766.337721,6980.607871,0,1.0,reflect,native,1,99d1c7fab316,3203,17
java,stream,message,100,78,moshi,1.15.2,17162,19618,158,36780,58268.267102,50973.595677,27188.689505,0,1.0,reflect,native,1,99d1c7fab316,3204,0
java,stream,message,100,78,ion,2.18.3,50570,54832,144,105402,19774.569903,18237.525533,9487.486006,0,1.0,reflect,native,1,99d1c7fab316,3205,1
java,stream,message,100,78,msgpack,0.9.8,22075,18596,114,40671,45300.113250,53775.005378,24587.543950,0,1.0,reflect,native,1,99d1c7fab316,3206,2
java,stream,message,100,78,kryo,5.6.2,18510,12467,46,30977,54024.851432,80211.759044,32282.015689,0,1.0,message,native,1,99d1c7fab316,3207,3
java,stream,message,100,78,protostuff,1.8.0,12120,10629,52,22749,82508.250825,94082.227867,43957.976175,0,1.0,schema,native,1,99d1c7fab316,3208,4
java,stream,message,100,78,jackson-cbor,2.18.3,19645,23730,115,43375,50903.537796,42140.750105,23054.755043,0,1.0,reflect,native,1,99d1c7fab316,3209,5
java,stream,message,100,78,jsoniter,0.9.23,12866,11404,150,24270,77724.234416,87688.530340,41203.131438,0,1.0,reflect,adapted,1,99d1c7fab316,3210,6
java,stream,message,100,78,protobuf,4.28.3,15340,13239,50,28579,65189.048240,75534.405922,34990.727457,0,1.0,message,native,1,99d1c7fab316,3211,7
java,stream,message,100,78,bson,5.3.1,36366,35046,134,71412,27498.212616,28533.926839,14003.248754,0,1.0,message,adapted,1,99d1c7fab316,3212,8
java,stream,message,100,78,java-serialization,21.0.11,34986,88050,206,123036,28582.861716,11357.183419,8127.702461,0,1.0,message,native,1,99d1c7fab316,3213,9
java,stream,message,100,78,jackson,2.18.3,31802,41653,158,73455,31444.563235,24007.874583,13613.777142,0,1.0,reflect,native,1,99d1c7fab316,3214,10
java,stream,message,100,78,avro,1.12.0,36568,57069,44,93637,27346.313717,17522.648023,10679.539071,0,1.0,schema,native,1,99d1c7fab316,3215,11
java,stream,message,100,78,fory,1.3.0,20992,25906,133,46898,47637.195122,38601.096271,21322.870911,0,1.0,message,adapted,1,99d1c7fab316,3216,12
java,stream,message,100,78,gson,2.12.1,48869,39527,158,88396,20462.870122,25299.162598,11312.729083,0,1.0,reflect,native,1,99d1c7fab316,3217,13
java,stream,message,100,78,fastjson2,2.0.57,38340,26036,158,64376,26082.420449,38408.357659,15533.739282,0,1.0,reflect,adapted,1,99d1c7fab316,3218,14
java,stream,message,100,78,hessian,4.0.66,19200,25891,143,45091,52083.333333,38623.459890,22177.374642,0,1.0,message,native,1,99d1c7fab316,3219,15
java,stream,message,100,78,dsl-json,2.0.2,58218,40548,158,98766,17176.818166,24662.128835,10124.941782,0,1.0,reflect,native,1,99d1c7fab316,3220,16
java,stream,message,100,78,jackson-smile,2.18.3,26348,30065,119,56413,37953.544861,33261.267254,17726.410579,0,1.0,reflect,native,1,99d1c7fab316,3221,17
java,stream,message,100,79,msgpack,0.9.8,29352,23523,114,52875,34069.228673,42511.584407,18912.529551,0,1.0,reflect,native,1,99d1c7fab316,3222,0
java,stream,message,100,79,jackson-smile,2.18.3,14002,16396,119,30398,71418.368804,60990.485484,32896.901112,0,1.0,reflect,native,1,99d1c7fab316,3223,1
java,stream,message,100,79,java-serialization,21.0.11,31010,117808,206,148818,32247.662045,8488.387885,6719.617251,0,1.0,message,native,1,99d1c7fab316,3224,2
java,stream,message,100,79,fory,1.3.0,23888,25859,133,49747,41862.022773,38671.255656,20101.714676,0,1.0,message,adapted,1,99d1c7fab316,3225,3
java,stream,message,100,79,fastjson2,2.0.57,36381,30817,158,67198,27486.875017,32449.621962,14881.395280,0,1.0,reflect,adapted,1,99d1c7fab316,3226,4
java,stream,message,100,79,protobuf,4.28.3,29302,26450,50,55752,34127.363320,37807.183365,17936.576266,0,1.0,message,native,1,99d1c7fab316,3227,5
java,stream,message,100,79,moshi,1.15.2,41386,51325,158,92711,24162.760354,19483.682416,10786.206599,0,1.0,reflect,native,1,99d1c7fab316,3228,6
java,stream,message,100,79,avro,1.12.0,45319,58498,44,103817,22065.800216,17094.601525,9632.333818,0,1.0,schema,native,1,99d1c7fab316,3229,7
java,stream,message,100,79,hessian,4.0.66,39474,42034,143,81508,25333.130668,23790.265024,12268.734357,0,1.0,message,native,1,99d1c7fab316,3230,8
java,stream,message,100,79,protostuff,1.8.0,17983,14712,52,32695,55608.074292,67971.723763,30585.716470,0,1.0,schema,native,1,99d1c7fab316,3231,9
java,stream,message,100,79,bson,5.3.1,44360,44891,134,89251,22542.831380,22276.180081,11204.356254,0,1.0,message,adapted,1,99d1c7fab316,3232,10
java,stream,message,100,79,kryo,5.6.2,25291,15354,46,40645,39539.757226,65129.607920,24603.272235,0,1.0,message,native,1,99d1c7fab316,3233,11
java,stream,message,100,79,gson,2.12.1,53365,44026,158,97391,18738.873794,22713.850906,10267.889230,0,1.0,reflect,native,1,99d1c7fab316,3234,12
java,stream,message,100,79,jackson,2.18.3,36838,40912,158,77750,27145.881970,24442.706296,12861.736334,0,1.0,reflect,native,1,99d1c7fab316,3235,13
java,stream,message,100,79,jsoniter,0.9.23,20528,18108,150,38636,48713.951676,55224.210294,25882.596542,0,1.0,reflect,adapted,1,99d1c7fab316,3236,14
java,stream,message,100,79,dsl-json,2.0.2,61879,47198,158,109077,16160.571438,21187.338447,9167.835566,0,1.0,reflect,native,1,99d1c7fab316,3237,15
java,stream,message,100,79,jackson-cbor,2.18.3,30224,32725,115,62949,33086.289042,30557.677617,15885.875868,0,1.0,reflect,native,1,99d1c7fab316,3238,16
java,stream,message,100,79,ion,2.18.3,101006,124311,144,225317,9900.401956,8044.340404,4438.191526,0,1.0,reflect,native,1,99d1c7fab316,3239,17
java,stream,message,100,80,moshi,1.15.2,24865,29566,158,54431,40217.172733,33822.634107,18371.883669,0,1.0,reflect,native,1,99d1c7fab316,3240,0
java,stream,message,100,80,jackson-cbor,2.18.3,24016,26790,115,50806,41638.907395,37327.360956,19682.714640,0,1.0,reflect,native,1,99d1c7fab316,3241,1
java,stream,message,100,80,fory,1.3.0,19999,17994,133,37993,50002.500125,55574.080249,26320.638012,0,1.0,message,adapted,1,99d1c7fab316,3242,2
java,stream,message,100,80,protostuff,1.8.0,16352,12777,52,29129,61154.598826,78265.633560,34330.049092,0,1.0,schema,native,1,99d1c7fab316,3243,3
java,stream,message,100,80,protobuf,4.28.3,27467,18438,50,45905,36407.325154,54235.817334,21784.119377,0,1.0,message,native,1,99d1c7fab316,3244,4
java,stream,message,100,80,bson,5.3.1,43910,42412,134,86322,22773.855614,23578.232576,11584.532332,0,1.0,message,adapted,1,99d1c7fab316,3245,5
java,stream,message,100,80,java-serialization,21.0.11,35312,75962,206,111274,28318.985048,13164.476975,8986.825314,0,1.0,message,native,1,99d1c7fab316,3246,6
java,stream,message,100,80,jackson-smile,2.18.3,25845,33263,119,59108,38692.203521,30063.433845,16918.183664,0,1.0,reflect,native,1,99d1c7fab316,3247,7
java,stream,message,100,80,jackson,2.18.3,30822,30657,158,61479,32444.357926,32618.977721,16265.716749,0,1.0,reflect,native,1,99d1c7fab316,3248,8
java,stream,message,100,80,jsoniter,0.9.23,22844,15930,150,38774,43775.170723,62774.639046,25790.478155,0,1.0,reflect,adapted,1,99d1c7fab316,3249,9
java,stream,message,100,80,dsl-json,2.0.2,47288,38392,158,85680,21147.014042,26047.093144,11671.335201,0,1.0,reflect,native,1,99d1c7fab316,3250,10
java,stream,message,100,80,avro,1.12.0,33388,40087,44,73475,29950.880556,24945.743009,13610.071453,0,1.0,schema,native,1,99d1c7fab316,3251,11
java,stream,message,100,80,hessian,4.0.66,18301,23533,143,41834,54641.822851,42493.519738,23904.001530,0,1.0,message,native,1,99d1c7fab316,3252,12
java,stream,message,100,80,kryo,5.6.2,25372,17984,46,43356,39413.526722,55604.982206,23064.858382,0,1.0,message,native,1,99d1c7fab316,3253,13
java,stream,message,100,80,ion,2.18.3,86144,79893,144,166037,11608.469539,12516.741141,6022.753964,0,1.0,reflect,native,1,99d1c7fab316,3254,14
java,stream,message,100,80,msgpack,0.9.8,31629,24923,114,56552,31616.554428,40123.580628,17682.840572,0,1.0,reflect,native,1,99d1c7fab316,3255,15
java,stream,message,100,80,gson,2.12.1,45120,36855,158,81975,22163.120567,27133.360467,12198.841110,0,1.0,reflect,native,1,99d1c7fab316,3256,16
java,stream,message,100,80,fastjson2,2.0.57,26691,22090,158,48781,37465.812446,45269.352648,20499.784752,0,1.0,reflect,adapted,1,99d1c7fab316,3257,17
java,stream,message,100,81,hessian,4.0.66,24430,15282,143,39712,40933.278756,65436.461196,25181.305399,0,1.0,message,native,1,99d1c7fab316,3258,0
java,stream,message,100,81,protobuf,4.28.3,15553,12661,50,28214,64296.277246,78982.702788,35443.396895,0,1.0,message,native,1,99d1c7fab316,3259,1
java,stream,message,100,81,jackson,2.18.3,20489,25810,158,46299,48806.676753,38744.672608,21598.738634,0,1.0,reflect,native,1,99d1c7fab316,3260,2
java,stream,message,100,81,fory,1.3.0,13120,12902,133,26022,76219.512195,77507.363200,38429.021597,0,1.0,message,adapted,1,99d1c7fab316,3261,3
java,stream,message,100,81,fastjson2,2.0.57,18004,14671,158,32675,55543.212619,68161.679504,30604.437643,0,1.0,reflect,adapted,1,99d1c7fab316,3262,4
java,stream,message,100,81,java-serialization,21.0.11,30282,75286,206,105568,33022.917905,13282.682039,9472.567445,0,1.0,message,native,1,99d1c7fab316,3263,5
java,stream,message,100,81,jsoniter,0.9.23,11554,11221,150,22775,86550.112515,89118.616879,43907.793633,0,1.0,reflect,adapted,1,99d1c7fab316,3264,6
java,stream,message,100,81,avro,1.12.0,21832,27188,44,49020,45804.323928,36780.932764,20399.836801,0,1.0,schema,native,1,99d1c7fab316,3265,7
java,stream,message,100,81,ion,2.18.3,55226,69329,144,124555,18107.413175,14423.978422,8028.581751,0,1.0,reflect,native,1,99d1c7fab316,3266,8
java,stream,message,100,81,moshi,1.15.2,20144,23395,158,43539,49642.573471,42744.176106,22967.913824,0,1.0,reflect,native,1,99d1c7fab316,3267,9
java,stream,message,100,81,jackson-smile,2.18.3,18768,21271,119,40039,53282.182438,47012.364252,24975.648742,0,1.0,reflect,native,1,99d1c7fab316,3268,10
java,stream,message,100,81,msgpack,0.9.8,23969,18279,114,42248,41720.555718,54707.587942,23669.759515,0,1.0,reflect,native,1,99d1c7fab316,3269,11
java,stream,message,100,81,bson,5.3.1,33339,32628,134,65967,29994.900867,30648.522741,15159.094699,0,1.0,message,adapted,1,99d1c7fab316,3270,12
java,stream,message,100,81,protostuff,1.8.0,13643,11366,52,25009,73297.661805,87981.699806,39985.605182,0,1.0,schema,native,1,99d1c7fab316,3271,13
java,stream,message,100,81,gson,2.12.1,33205,28843,158,62048,30115.946394,34670.457303,16116.554925,0,1.0,reflect,native,1,99d1c7fab316,3272,14
java,stream,message,100,81,dsl-json,2.0.2,31983,30050,158,62033,31266.610387,33277.870216,16120.452017,0,1.0,reflect,native,1,99d1c7fab316,3273,15
java,stream,message,100,81,kryo,5.6.2,20790,12224,46,33014,48100.048100,81806.282723,30290.179924,0,1.0,message,native,1,99d1c7fab316,3274,16
java,stream,message,100,81,jackson-cbor,2.18.3,23602,25105,115,48707,42369.290738,39832.702649,20530.929846,0,1.0,reflect,native,1,99d1c7fab316,3275,17
java,stream,message,100,82,dsl-json,2.0.2,22855,21926,158,44781,43754.101947,45607.954027,22330.899265,0,1.0,reflect,native,1,99d1c7fab316,3276,0
java,stream,message,100,82,jsoniter,0.9.23,10843,10582,150,21425,92225.398875,94500.094500,46674.445741,0,1.0,reflect,adapted,1,99d1c7fab316,3277,1
java,stream,message,100,82,kryo,5.6.2,11609,8699,46,20308,86140.063744,114955.742039,49241.678156,0,1.0,message,native,1,99d1c7fab316,3278,2
java,stream,message,100,82,bson,5.3.1,40089,30299,134,70388,24944.498491,33004.389584,14206.967097,0,1.0,message,adapted,1,99d1c7fab316,3279,3
java,stream,message,100,82,jackson,2.18.3,20392,32024,158,52416,49038.838760,31226.580065,19078.144078,0,1.0,reflect,native,1,99d1c7fab316,3280,4
java,stream,message,100,82,ion,2.18.3,52123,81094,144,133217,19185.388408,12331.368535,7506.549464,0,1.0,reflect,native,1,99d1c7fab316,3281,5
java,stream,message,100,82,gson,2.12.1,39769,32987,158,72756,25145.213609,30314.972565,13744.570894,0,1.0,reflect,native,1,99d1c7fab316,3282,6
java,stream,message,100,82,protobuf,4.28.3,16857,21426,50,38283,59322.536632,46672.267339,26121.254865,0,1.0,message,native,1,99d1c7fab316,3283,7
java,stream,message,100,82,java-serialization,21.0.11,36298,65271,206,101569,27549.727258,15320.739685,9845.523733,0,1.0,message,native,1,99d1c7fab316,3284,8
java,stream,message,100,82,fastjson2,2.0.57,27416,18543,158,45959,36475.051065,53928.706250,21758.523902,0,1.0,reflect,adapted,1,99d1c7fab316,3285,9
java,stream,message,100,82,jackson-smile,2.18.3,20824,21764,119,42588,48021.513638,45947.436133,23480.792712,0,1.0,reflect,native,1,99d1c7fab316,3286,10
java,stream,message,100,82,moshi,1.15.2,20421,24761,158,45182,48969.198374,40386.091030,22132.707715,0,1.0,reflect,native,1,99d1c7fab316,3287,11
java,stream,message,100,82,hessian,4.0.66,14757,18404,143,33161,67764.450769,54336.013910,30155.906034,0,1.0,message,native,1,99d1c7fab316,3288,12
java,stream,message,100,82,jackson-cbor,2.18.3,18387,20301,115,38688,54386.251156,49258.657209,25847.808106,0,1.0,reflect,native,1,99d1c7fab316,3289,13
java,stream,message,100,82,msgpack,0.9.8,24211,20095,114,44306,41303.539713,49763.622792,22570.306505,0,1.0,reflect,native,1,99d1c7fab316,3290,14
java,stream,message,100,82,avro,1.12.0,24604,29972,44,54576,40643.797756,33364.473509,18323.072413,0,1.0,schema,native,1,99d1c7fab316,3291,15
java,stream,message,100,82,protostuff,1.8.0,16045,12892,52,28937,62324.711748,77567.483711,34557.832533,0,1.0,schema,native,1,99d1c7fab316,3292,16
java,stream,message,100,82,fory,1.3.0,16385,16574,133,32959,61031.431187,60335.465186,30340.726357,0,1.0,message,adapted,1,99d1c7fab316,3293,17
java,stream,message,100,83,jsoniter,0.9.23,10894,10363,150,21257,91793.647880,96497.153334,47043.326904,0,1.0,reflect,adapted,1,99d1c7fab316,3294,0
java,stream,message,100,83,protobuf,4.28.3,11275,12643,50,23918,88691.796009,79095.151467,41809.515846,0,1.0,message,native,1,99d1c7fab316,3295,1
java,stream,message,100,83,bson,5.3.1,34406,30640,134,65046,29064.698018,32637.075718,15373.735510,0,1.0,message,adapted,1,99d1c7fab316,3296,2
java,stream,message,100,83,dsl-json,2.0.2,29119,33824,158,62943,34341.838662,29564.806055,15887.390178,0,1.0,reflect,native,1,99d1c7fab316,3297,3
java,stream,message,100,83,avro,1.12.0,19679,27448,44,47127,50815.590223,36432.526960,21219.258599,0,1.0,schema,native,1,99d1c7fab316,3298,4
java,stream,message,100,83,hessian,4.0.66,13757,17339,143,31096,72690.266773,57673.452910,32158.476975,0,1.0,message,native,1,99d1c7fab316,3299,5
java,stream,message,100,83,fory,1.3.0,13590,13446,133,27036,73583.517292,74371.560315,36987.720077,0,1.0,message,adapted,1,99d1c7fab316,3300,6
java,stream,message,100,83,jackson-smile,2.18.3,20542,23708,119,44250,48680.751631,42179.854901,22598.870056,0,1.0,reflect,native,1,99d1c7fab316,3301,7
java,stream,message,100,83,ion,2.18.3,59416,73396,144,132812,16830.483371,13624.720693,7529.440111,0,1.0,reflect,native,1,99d1c7fab316,3302,8
java,stream,message,100,83,jackson-cbor,2.18.3,18434,19946,115,38380,54247.585982,50135.365487,26055.237103,0,1.0,reflect,native,1,99d1c7fab316,3303,9
java,stream,message,100,83,jackson,2.18.3,18170,25223,158,43393,55035.773253,39646.354518,23045.191621,0,1.0,reflect,native,1,99d1c7fab316,3304,10
java,stream,message,100,83,protostuff,1.8.0,11628,10262,52,21890,85999.312006,97446.891444,45682.960256,0,1.0,schema,native,1,99d1c7fab316,3305,11
java,stream,message,100,83,fastjson2,2.0.57,21225,17382,158,38607,47114.252061,57530.778967,25902.038490,0,1.0,reflect,adapted,1,99d1c7fab316,3306,12
java,stream,message,100,83,msgpack,0.9.8,23701,18457,114,42158,42192.312561,54179.985913,23720.290336,0,1.0,reflect,native,1,99d1c7fab316,3307,13
java,stream,message,100,83,kryo,5.6.2,16730,10915,46,27645,59772.863120,91617.040770,36172.906493,0,1.0,message,native,1,99d1c7fab316,3308,14
java,stream,message,100,83,gson,2.12.1,37756,30481,158,68237,26485.856553,32807.322594,14654.806044,0,1.0,reflect,native,1,99d1c7fab316,3309,15
java,stream,message,100,83,moshi,1.15.2,17305,21771,158,39076,57786.766830,45932.662716,25591.155697,0,1.0,reflect,native,1,99d1c7fab316,3310,16
java,stream,message,100,83,java-serialization,21.0.11,28962,64811,206,93773,34528.002210,15429.479564,10664.050420,0,1.0,message,native,1,99d1c7fab316,3311,17
java,stream,message,100,84,protobuf,4.28.3,11357,12642,50,23999,88051.422030,79101.408005,41668.402850,0,1.0,message,native,1,99d1c7fab316,3312,0
java,stream,message,100,84,bson,5.3.1,28503,33979,134,62482,35084.026243,29429.942023,16004.609327,0,1.0,message,adapted,1,99d1c7fab316,3313,1
java,stream,message,100,84,protostuff,1.8.0,10814,9312,52,20126,92472.720547,107388.316151,49686.972076,0,1.0,schema,native,1,99d1c7fab316,3314,2
java,stream,message,100,84,fory,1.3.0,12071,13101,133,25172,82843.177864,76330.051141,39726.680439,0,1.0,message,adapted,1,99d1c7fab316,3315,3
java,stream,message,100,84,gson,2.12.1,38528,31864,158,70392,25955.149502,31383.379362,14206.159791,0,1.0,reflect,native,1,99d1c7fab316,3316,4
java,stream,message,100,84,hessian,4.0.66,14072,16965,143,31037,71063.104036,58944.886531,32219.608854,0,1.0,message,native,1,99d1c7fab316,3317,5
java,stream,message,100,84,java-serialization,21.0.11,26509,56039,206,82548,37723.037459,17844.715288,12114.163880,0,1.0,message,native,1,99d1c7fab316,3318,6
java,stream,message,100,84,ion,2.18.3,58990,86090,144,145080,16952.025767,11615.750958,6892.748828,0,1.0,reflect,native,1,99d1c7fab316,3319,7
java,stream,message,100,84,dsl-json,2.0.2,31553,31798,158,63351,31692.707508,31448.518775,15785.070480,0,1.0,reflect,native,1,99d1c7fab316,3320,8
java,stream,message,100,84,msgpack,0.9.8,29641,21403,114,51044,33737.053406,46722.422090,19590.941149,0,1.0,reflect,native,1,99d1c7fab316,3321,9
java,stream,message,100,84,jackson-cbor,2.18.3,19236,22057,115,41293,51985.859846,45337.081199,24217.179667,0,1.0,reflect,native,1,99d1c7fab316,3322,10
java,stream,message,100,84,avro,1.12.0,24690,27593,44,52283,40502.227623,36241.075635,19126.675975,0,1.0,schema,native,1,99d1c7fab316,3323,11
java,stream,message,100,84,moshi,1.15.2,19674,36118,158,55792,50828.504625,27687.025860,17923.716662,0,1.0,reflect,native,1,99d1c7fab316,3324,12
java,stream,message,100,84,jackson-smile,2.18.3,18638,22461,119,41099,53653.825518,44521.615244,24331.492250,0,1.0,reflect,native,1,99d1c7fab316,3325,13
java,stream,message,100,84,jackson,2.18.3,22780,26146,158,48926,43898.156277,38246.768148,20439.030372,0,1.0,reflect,native,1,99d1c7fab316,3326,14
java,stream,message,100,84,kryo,5.6.2,18646,13314,46,31960,53630.805535,75108.907916,31289.111389,0,1.0,message,native,1,99d1c7fab316,3327,15
java,stream,message,100,84,jsoniter,0.9.23,13010,12531,150,25541,76863.950807,79802.090815,39152.734819,0,1.0,reflect,adapted,1,99d1c7fab316,3328,16
java,stream,message,100,84,fastjson2,2.0.57,30099,19551,158,49650,33223.695139,51148.278860,20140.986908,0,1.0,reflect,adapted,1,99d1c7fab316,3329,17
java,stream,message,100,85,protostuff,1.8.0,11769,10189,52,21958,84968.986320,98145.058396,45541.488296,0,1.0,schema,native,1,99d1c7fab316,3330,0
java,stream,message,100,85,fastjson2,2.0.57,21273,14406,158,35679,47007.944343,69415.521311,28027.691359,0,1.0,reflect,adapted,1,99d1c7fab316,3331,1
java,stream,message,100,85,fory,1.3.0,13500,12632,133,26132,74074.074074,79164.027866,38267.258534,0,1.0,message,adapted,1,99d1c7fab316,3332,2
java,stream,message,100,85,jackson-smile,2.18.3,19248,30916,119,50164,51953.449709,32345.710959,19934.614465,0,1.0,reflect,native,1,99d1c7fab316,3333,3
java,stream,message,100,85,dsl-json,2.0.2,30794,30298,158,61092,32473.858544,33005.478909,16368.755320,0,1.0,reflect,native,1,99d1c7fab316,3334,4
java,stream,message,100,85,jackson,2.18.3,20135,28644,158,48779,49664.762851,34911.325234,20500.625269,0,1.0,reflect,native,1,99d1c7fab316,3335,5
java,stream,message,100,85,avro,1.12.0,19977,28045,44,48022,50057.566201,35656.979854,20823.789097,0,1.0,schema,native,1,99d1c7fab316,3336,6
java,stream,message,100,85,moshi,1.15.2,27683,22992,158,50675,36123.252538,43493.389005,19733.596448,0,1.0,reflect,native,1,99d1c7fab316,3337,7
java,stream,message,100,85,msgpack,0.9.8,25623,21816,114,47439,39027.436288,45837.917125,21079.702355,0,1.0,reflect,native,1,99d1c7fab316,3338,8
java,stream,message,100,85,kryo,5.6.2,16866,11826,46,28692,59290.881062,84559.445290,34852.920675,0,1.0,message,native,1,99d1c7fab316,3339,9
java,stream,message,100,85,bson,5.3.1,35345,47803,134,83148,28292.544914,20919.189172,12026.747486,0,1.0,message,adapted,1,99d1c7fab316,3340,10
java,stream,message,100,85,protobuf,4.28.3,12954,15055,50,28009,77196.232824,66423.115244,35702.809811,0,1.0,message,native,1,99d1c7fab316,3341,11
java,stream,message,100,85,jackson-cbor,2.18.3,21312,35460,115,56772,46921.921922,28200.789622,17614.316917,0,1.0,reflect,native,1,99d1c7fab316,3342,12
java,stream,message,100,85,gson,2.12.1,41904,38103,158,80007,23864.070256,26244.652652,12498.906346,0,1.0,reflect,native,1,99d1c7fab316,3343,13
java,stream,message,100,85,java-serialization,21.0.11,31227,71875,206,103102,32023.569347,13913.043478,9699.132898,0,1.0,message,native,1,99d1c7fab316,3344,14
java,stream,message,100,85,hessian,4.0.66,15900,19805,143,35705,62893.081761,50492.299924,28007.281893,0,1.0,message,native,1,99d1c7fab316,3345,15
java,stream,message,100,85,ion,2.18.3,71965,116067,144,188032,13895.643716,8615.713338,5318.243703,0,1.0,reflect,native,1,99d1c7fab316,3346,16
java,stream,message,100,85,jsoniter,0.9.23,16235,14308,150,30543,61595.318756,69890.970087,32740.726189,0,1.0,reflect,adapted,1,99d1c7fab316,3347,17
java,stream,message,100,86,hessian,4.0.66,16199,20813,143,37012,61732.205692,48046.893768,27018.264347,0,1.0,message,native,1,99d1c7fab316,3348,0
java,stream,message,100,86,msgpack,0.9.8,27586,25215,114,52801,36250.271877,39658.933175,18939.035246,0,1.0,reflect,native,1,99d1c7fab316,3349,1
java,stream,message,100,86,gson,2.12.1,37007,30635,158,67642,27021.914773,32642.402481,14783.714260,0,1.0,reflect,native,1,99d1c7fab316,3350,2
java,stream,message,100,86,moshi,1.15.2,17954,23797,158,41751,55697.894620,42022.103627,23951.522119,0,1.0,reflect,native,1,99d1c7fab316,3351,3
java,stream,message,100,86,jsoniter,0.9.23,11045,10912,150,21957,90538.705297,91642.228739,45543.562417,0,1.0,reflect,adapted,1,99d1c7fab316,3352,4
java,stream,message,100,86,java-serialization,21.0.11,28804,62019,206,90823,34717.400361,16124.091004,11010.426874,0,1.0,message,native,1,99d1c7fab316,3353,5
java,stream,message,100,86,fastjson2,2.0.57,24096,20966,158,45062,41500.664011,47696.270152,22191.647064,0,1.0,reflect,adapted,1,99d1c7fab316,3354,6
java,stream,message,100,86,avro,1.12.0,24488,32934,44,57422,40836.327997,30363.757819,17414.928076,0,1.0,schema,native,1,99d1c7fab316,3355,7
java,stream,message,100,86,jackson,2.18.3,25054,42316,158,67370,39913.786222,23631.723225,14843.402108,0,1.0,reflect,native,1,99d1c7fab316,3356,8
java,stream,message,100,86,protostuff,1.8.0,14629,12599,52,27228,68357.372343,79371.378681,36726.898781,0,1.0,schema,native,1,99d1c7fab316,3357,9
java,stream,message,100,86,ion,2.18.3,57879,74399,144,132278,17277.423591,13441.040874,7559.836103,0,1.0,reflect,native,1,99d1c7fab316,3358,10
java,stream,message,100,86,protobuf,4.28.3,13944,22049,50,35993,71715.433161,45353.530772,27783.180063,0,1.0,message,native,1,99d1c7fab316,3359,11
java,stream,message,100,86,jackson-smile,2.18.3,20924,25357,119,46281,47792.009176,39436.841898,21607.138999,0,1.0,reflect,native,1,99d1c7fab316,3360,12
java,stream,message,100,86,jackson-cbor,2.18.3,19183,20119,115,39302,52129.489652,49704.259655,25443.997761,0,1.0,reflect,native,1,99d1c7fab316,3361,13
java,stream,message,100,86,fory,1.3.0,18685,18915,133,37600,53518.865400,52868.094105,26595.744681,0,1.0,message,adapted,1,99d1c7fab316,3362,14
java,stream,message,100,86,bson,5.3.1,35691,46507,134,82198,28018.267911,21502.139463,12165.746125,0,1.0,message,adapted,1,99d1c7fab316,3363,15
java,stream,message,100,86,dsl-json,2.0.2,45791,37841,158,83632,21838.352515,26426.362940,11957.145590,0,1.0,reflect,native,1,99d1c7fab316,3364,16
java,stream,message,100,86,kryo,5.6.2,18482,12589,46,31071,54106.698409,79434.426881,32184.351968,0,1.0,message,native,1,99d1c7fab316,3365,17
java,stream,message,100,87,jackson-cbor,2.18.3,19053,19227,115,38280,52485.172939,52010.193998,26123.301985,0,1.0,reflect,native,1,99d1c7fab316,3366,0
java,stream,message,100,87,protostuff,1.8.0,10881,9972,52,20853,91903.317710,100280.786201,47954.730734,0,1.0,schema,native,1,99d1c7fab316,3367,1
java,stream,message,100,87,fory,1.3.0,13588,13128,133,26716,73594.347954,76173.065204,37430.753107,0,1.0,message,adapted,1,99d1c7fab316,3368,2
java,stream,message,100,87,dsl-json,2.0.2,26781,24749,158,51530,37339.905157,40405.672956,19406.171162,0,1.0,reflect,native,1,99d1c7fab316,3369,3
java,stream,message,100,87,bson,5.3.1,26820,30461,134,57281,37285.607755,32828.863136,17457.795779,0,1.0,message,adapted,1,99d1c7fab316,3370,4
java,stream,message,100,87,fastjson2,2.0.57,21142,24535,158,45677,47299.214833,40758.100673,21892.856361,0,1.0,reflect,adapted,1,99d1c7fab316,3371,5
java,stream,message,100,87,jackson,2.18.3,20027,25382,158,45409,49932.591002,39397.998582,22022.066110,0,1.0,reflect,native,1,99d1c7fab316,3372,6
java,stream,message,100,87,avro,1.12.0,19875,30462,44,50337,50314.465409,32827.785438,19866.102469,0,1.0,schema,native,1,99d1c7fab316,3373,7
java,stream,message,100,87,moshi,1.15.2,47093,52819,158,99912,21234.578387,18932.581079,10008.807751,0,1.0,reflect,native,1,99d1c7fab316,3374,8
java,stream,message,100,87,jsoniter,0.9.23,16441,12274,150,28715,60823.550879,81473.032426,34825.004353,0,1.0,reflect,adapted,1,99d1c7fab316,3375,9
java,stream,message,100,87,protobuf,4.28.3,12667,18503,50,31170,78945.290913,54045.289953,32082.130253,0,1.0,message,native,1,99d1c7fab316,3376,10
java,stream,message,100,87,java-serialization,21.0.11,36310,82270,206,118580,27540.622418,12155.099064,8433.125316,0,1.0,message,native,1,99d1c7fab316,3377,11
java,stream,message,100,87,jackson-smile,2.18.3,23936,27814,119,51750,41778.074866,35953.117135,19323.671498,0,1.0,reflect,native,1,99d1c7fab316,3378,12
java,stream,message,100,87,msgpack,0.9.8,28726,23588,114,52314,34811.668871,42394.437850,19115.341973,0,1.0,reflect,native,1,99d1c7fab316,3379,13
java,stream,message,100,87,hessian,4.0.66,18225,26015,143,44240,54869.684499,38439.361907,22603.978300,0,1.0,message,native,1,99d1c7fab316,3380,14
java,stream,message,100,87,ion,2.18.3,61496,77946,144,139442,16261.220242,12829.394709,7171.440456,0,1.0,reflect,native,1,99d1c7fab316,3381,15
java,stream,message,100,87,kryo,5.6.2,16033,11579,46,27612,62371.359072,86363.243803,36216.137911,0,1.0,message,native,1,99d1c7fab316,3382,16
java,stream,message,100,87,gson,2.12.1,38433,35384,158,73817,26019.306325,28261.361067,13547.014915,0,1.0,reflect,native,1,99d1c7fab316,3383,17
java,stream,message,100,88,ion,2.18.3,42258,54112,144,96370,23664.158266,18480.189237,10376.673239,0,1.0,reflect,native,1,99d1c7fab316,3384,0
java,stream,message,100,88,jackson-smile,2.18.3,15508,17932,119,33440,64482.847563,55766.227972,29904.306220,0,1.0,reflect,native,1,99d1c7fab316,3385,1
java,stream,message,100,88,kryo,5.6.2,12599,9152,46,21751,79371.378681,109265.734266,45974.897706,0,1.0,message,native,1,99d1c7fab316,3386,2
java,stream,message,100,88,jackson,2.18.3,16786,20122,158,36908,59573.454069,49696.849220,27094.396879,0,1.0,reflect,native,1,99d1c7fab316,3387,3
java,stream,message,100,88,gson,2.12.1,28522,23000,158,51522,35060.654933,43478.260870,19409.184426,0,1.0,reflect,native,1,99d1c7fab316,3388,4
java,stream,message,100,88,fory,1.3.0,13641,13371,133,27012,73308.408474,74788.721861,37020.583444,0,1.0,message,adapted,1,99d1c7fab316,3389,5
java,stream,message,100,88,java-serialization,21.0.11,24233,58811,206,83044,41266.042174,17003.621771,12041.809161,0,1.0,message,native,1,99d1c7fab316,3390,6
java,stream,message,100,88,protostuff,1.8.0,12121,10271,52,22392,82501.443775,97361.503262,44658.806717,0,1.0,schema,native,1,99d1c7fab316,3391,7
java,stream,message,100,88,dsl-json,2.0.2,36593,30869,158,67462,27327.630968,32394.959344,14823.159705,0,1.0,reflect,native,1,99d1c7fab316,3392,8
java,stream,message,100,88,fastjson2,2.0.57,22464,19139,158,41603,44515.669516,52249.333821,24036.728121,0,1.0,reflect,adapted,1,99d1c7fab316,3393,9
java,stream,message,100,88,bson,5.3.1,32285,35161,134,67446,30974.136596,28440.601803,14826.676156,0,1.0,message,adapted,1,99d1c7fab316,3394,10
java,stream,message,100,88,avro,1.12.0,24592,29328,44,53920,40663.630449,34097.108565,18545.994065,0,1.0,schema,native,1,99d1c7fab316,3395,11
java,stream,message,100,88,jsoniter,0.9.23,11530,11165,150,22695,86730.268864,89565.606807,44062.568848,0,1.0,reflect,adapted,1,99d1c7fab316,3396,12
java,stream,message,100,88,moshi,1.15.2,19088,31230,158,50318,52388.935457,32020.493116,19873.603879,0,1.0,reflect,native,1,99d1c7fab316,3397,13
java,stream,message,100,88,msgpack,0.9.8,26150,25488,114,51638,38240.917782,39234.149404,19365.583485,0,1.0,reflect,native,1,99d1c7fab316,3398,14
java,stream,message,100,88,protobuf,4.28.3,12015,14204,50,26219,83229.296712,70402.703464,38140.279950,0,1.0,message,native,1,99d1c7fab316,3399,15
java,stream,message,100,88,jackson-cbor,2.18.3,20390,22688,115,43078,49043.648847,44076.163611,23213.705372,0,1.0,reflect,native,1,99d1c7fab316,3400,16
java,stream,message,100,88,hessian,4.0.66,19656,18759,143,38415,50875.050875,53307.745615,26031.498113,0,1.0,message,native,1,99d1c7fab316,3401,17
java,stream,message,100,89,jsoniter,0.9.23,9569,11677,150,21246,104504.127913,85638.434529,47067.683329,0,1.0,reflect,adapted,1,99d1c7fab316,3402,0
java,stream,message,100,89,jackson-cbor,2.18.3,15868,17078,115,32946,63019.914293,58554.865909,30352.698355,0,1.0,reflect,native,1,99d1c7fab316,3403,1
java,stream,message,100,89,protostuff,1.8.0,12033,11147,52,23180,83104.795147,89710.235938,43140.638481,0,1.0,schema,native,1,99d1c7fab316,3404,2
java,stream,message,100,89,avro,1.12.0,18090,24550,44,42640,55279.159757,40733.197556,23452.157598,0,1.0,schema,native,1,99d1c7fab316,3405,3
java,stream,message,100,89,ion,2.18.3,52179,61926,144,114105,19164.798099,16148.306043,8763.857850,0,1.0,reflect,native,1,99d1c7fab316,3406,4
java,stream,message,100,89,gson,2.12.1,30003,24203,158,54206,33330.000333,41317.192084,18448.142272,0,1.0,reflect,native,1,99d1c7fab316,3407,5
java,stream,message,100,89,jackson-smile,2.18.3,16593,19176,119,35769,60266.377388,52148.518982,27957.169616,0,1.0,reflect,native,1,99d1c7fab316,3408,6
java,stream,message,100,89,java-serialization,21.0.11,24184,61307,206,85491,41349.652663,16311.351069,11697.137710,0,1.0,message,native,1,99d1c7fab316,3409,7
java,stream,message,100,89,dsl-json,2.0.2,37736,29931,158,67667,26499.894000,33410.176740,14778.252324,0,1.0,reflect,native,1,99d1c7fab316,3410,8
java,stream,message,100,89,msgpack,0.9.8,25523,20913,114,46436,39180.347138,47817.147229,21535.015936,0,1.0,reflect,native,1,99d1c7fab316,3411,9
java,stream,message,100,89,fastjson2,2.0.57,22212,18741,158,40953,45020.709526,53358.945627,24418.235538,0,1.0,reflect,adapted,1,99d1c7fab316,3412,10
java,stream,message,100,89,hessian,4.0.66,14554,18016,143,32570,68709.633091,55506.216696,30703.101013,0,1.0,message,native,1,99d1c7fab316,3413,11
java,stream,message,100,89,jackson,2.18.3,22971,28310,158,51281,43533.150494,35323.207347,19500.399758,0,1.0,reflect,native,1,99d1c7fab316,3414,12
java,stream,message,100,89,kryo,5.6.2,22247,12496,46,34743,44949.880883,80025.608195,28782.776387,0,1.0,message,native,1,99d1c7fab316,3415,13
java,stream,message,100,89,fory,1.3.0,26043,16009,133,42052,38398.034021,62464.863514,23780.081803,0,1.0,message,adapted,1,99d1c7fab316,3416,14
java,stream,message,100,89,protobuf,4.28.3,12300,14584,50,26884,81300.813008,68568.294021,37196.845707,0,1.0,message,native,1,99d1c7fab316,3417,15
java,stream,message,100,89,moshi,1.15.2,19029,25221,158,44250,52551.368963,39649.498434,22598.870056,0,1.0,reflect,native,1,99d1c7fab316,3418,16
java,stream,message,100,89,bson,5.3.1,32559,32517,134,65076,30713.474001,30753.144509,15366.648227,0,1.0,message,adapted,1,99d1c7fab316,3419,17
java,stream,message,100,90,gson,2.12.1,35667,28069,158,63736,28037.121148,35626.491859,15689.720095,0,1.0,reflect,native,1,99d1c7fab316,3420,0
java,stream,message,100,90,ion,2.18.3,103117,78456,144,181573,9697.722005,12745.997757,5507.426765,0,1.0,reflect,native,1,99d1c7fab316,3421,1
java,stream,message,100,90,protostuff,1.8.0,14020,11888,52,25908,71326.676177,84118.438762,38598.116412,0,1.0,schema,native,1,99d1c7fab316,3422,2
java,stream,message,100,90,jackson-smile,2.18.3,17330,21914,119,39244,57703.404501,45632.928721,25481.602283,0,1.0,reflect,native,1,99d1c7fab316,3423,3
java,stream,message,100,90,moshi,1.15.2,16810,21416,158,38226,59488.399762,46694.060516,26160.205096,0,1.0,reflect,native,1,99d1c7fab316,3424,4
java,stream,message,100,90,bson,5.3.1,33614,28027,134,61641,29749.509133,35679.880116,16222.968479,0,1.0,message,adapted,1,99d1c7fab316,3425,5
java,stream,message,100,90,msgpack,0.9.8,22616,18476,114,41092,44216.483905,54124.269322,24335.637107,0,1.0,reflect,native,1,99d1c7fab316,3426,6
java,stream,message,100,90,jackson,2.18.3,18416,22463,158,40879,54300.608167,44517.651249,24462.437927,0,1.0,reflect,native,1,99d1c7fab316,3427,7
java,stream,message,100,90,jsoniter,0.9.23,13819,11804,150,25623,72364.136334,84717.045069,39027.436288,0,1.0,reflect,adapted,1,99d1c7fab316,3428,8
java,stream,message,100,90,java-serialization,21.0.11,25103,54911,206,80014,39835.876190,18211.287356,12497.812883,0,1.0,message,native,1,99d1c7fab316,3429,9
java,stream,message,100,90,avro,1.12.0,26600,32769,44,59369,37593.984962,30516.646831,16843.807374,0,1.0,schema,native,1,99d1c7fab316,3430,10
java,stream,message,100,90,fastjson2,2.0.57,20443,17056,158,37499,48916.499535,58630.393996,26667.377797,0,1.0,reflect,adapted,1,99d1c7fab316,3431,11
java,stream,message,100,90,protobuf,4.28.3,11171,12641,50,23812,89517.500671,79107.665533,41995.632454,0,1.0,message,native,1,99d1c7fab316,3432,12
java,stream,message,100,90,hessian,4.0.66,14311,16709,143,31020,69876.318916,59847.986115,32237.266280,0,1.0,message,native,1,99d1c7fab316,3433,13
java,stream,message,100,90,dsl-json,2.0.2,33117,28793,158,61910,30195.971857,34730.663703,16152.479406,0,1.0,reflect,native,1,99d1c7fab316,3434,14
java,stream,message,100,90,fory,1.3.0,23508,86208,133,109716,42538.710226,11599.851522,9114.440920,0,1.0,message,adapted,1,99d1c7fab316,3435,15
java,stream,message,100,90,jackson-cbor,2.18.3,23167,27224,115,50391,43164.846549,36732.295034,19844.813558,0,1.0,reflect,native,1,99d1c7fab316,3436,16
java,stream,message,100,90,kryo,5.6.2,17267,11410,46,28677,57913.939885,87642.418931,34871.151097,0,1.0,message,native,1,99d1c7fab316,3437,17
java,stream,message,100,91,moshi,1.15.2,26497,59654,158,86151,37740.121523,16763.335233,11607.526320,0,1.0,reflect,native,1,99d1c7fab316,3438,0
java,stream,message,100,91,avro,1.12.0,20688,36501,44,57189,48337.200309,27396.509685,17485.880152,0,1.0,schema,native,1,99d1c7fab316,3439,1
java,stream,message,100,91,fory,1.3.0,11305,14929,133,26234,88456.435206,66983.722955,38118.472212,0,1.0,message,adapted,1,99d1c7fab316,3440,2
java,stream,message,100,91,java-serialization,21.0.11,62203,63207,206,125410,16076.395029,15821.032481,7973.845786,0,1.0,message,native,1,99d1c7fab316,3441,3
java,stream,message,100,91,bson,5.3.1,36185,40051,134,76236,27635.760674,24968.165589,13117.162495,0,1.0,message,adapted,1,99d1c7fab316,3442,4
java,stream,message,100,91,ion,2.18.3,71496,81233,144,152729,13986.796464,12310.267995,6547.544998,0,1.0,reflect,native,1,99d1c7fab316,3443,5
java,stream,message,100,91,hessian,4.0.66,14234,17123,143,31357,70254.320641,58400.981136,31890.805881,0,1.0,message,native,1,99d1c7fab316,3444,6
java,stream,message,100,91,fastjson2,2.0.57,21717,16694,158,38411,46046.875719,59901.761112,26034.208951,0,1.0,reflect,adapted,1,99d1c7fab316,3445,7
java,stream,message,100,91,gson,2.12.1,39764,32680,158,72444,25148.375415,30599.755202,13803.765667,0,1.0,reflect,native,1,99d1c7fab316,3446,8
java,stream,message,100,91,dsl-json,2.0.2,31492,26308,158,57800,31754.096278,38011.251330,17301.038062,0,1.0,reflect,native,1,99d1c7fab316,3447,9
java,stream,message,100,91,protobuf,4.28.3,50437,13576,50,64013,19826.714515,73659.398939,15621.826816,0,1.0,message,native,1,99d1c7fab316,3448,10
java,stream,message,100,91,jackson-smile,2.18.3,20115,22432,119,42547,49714.143674,44579.172611,23503.419748,0,1.0,reflect,native,1,99d1c7fab316,3449,11
java,stream,message,100,91,protostuff,1.8.0,48132,11407,52,59539,20776.198787,87665.468572,16795.713734,0,1.0,schema,native,1,99d1c7fab316,3450,12
java,stream,message,100,91,msgpack,0.9.8,26826,31088,114,57914,37277.268322,32166.752445,17266.982077,0,1.0,reflect,native,1,99d1c7fab316,3451,13
java,stream,message,100,91,kryo,5.6.2,18000,13909,46,31909,55555.555556,71895.894744,31339.120624,0,1.0,message,native,1,99d1c7fab316,3452,14
java,stream,message,100,91,jackson-cbor,2.18.3,20330,23279,115,43609,49188.391540,42957.171700,22931.046344,0,1.0,reflect,native,1,99d1c7fab316,3453,15
java,stream,message,100,91,jackson,2.18.3,19941,26397,158,46338,50147.936412,37883.092776,21580.560231,0,1.0,reflect,native,1,99d1c7fab316,3454,16
java,stream,message,100,91,jsoniter,0.9.23,15953,14008,150,29961,62684.134646,71387.778412,33376.723073,0,1.0,reflect,adapted,1,99d1c7fab316,3455,17
java,stream,message,100,92,dsl-json,2.0.2,24375,27575,158,51950,41025.641026,36264.732548,19249.278152,0,1.0,reflect,native,1,99d1c7fab316,3456,0
java,stream,message,100,92,protobuf,4.28.3,9606,12553,50,22159,104101.603165,79662.232136,45128.390270,0,1.0,message,native,1,99d1c7fab316,3457,1
java,stream,message,100,92,jackson-smile,2.18.3,21372,19046,119,40418,46790.192776,52504.462879,24741.451828,0,1.0,reflect,native,1,99d1c7fab316,3458,2
java,stream,message,100,92,moshi,1.15.2,39339,37748,158,77087,25420.066601,26491.469747,12972.355910,0,1.0,reflect,native,1,99d1c7fab316,3459,3
java,stream,message,100,92,fastjson2,2.0.57,19629,15467,158,35096,50945.030312,64653.779013,28493.275587,0,1.0,reflect,adapted,1,99d1c7fab316,3460,4
java,stream,message,100,92,ion,2.18.3,50051,59380,144,109431,19979.620787,16840.687100,9138.178396,0,1.0,reflect,native,1,99d1c7fab316,3461,5
java,stream,message,100,92,fory,1.3.0,12064,11071,133,23135,82891.246684,90326.077138,43224.551545,0,1.0,message,adapted,1,99d1c7fab316,3462,6
java,stream,message,100,92,gson,2.12.1,91475,26078,158,117553,10931.948620,38346.498965,8506.801188,0,1.0,reflect,native,1,99d1c7fab316,3463,7
java,stream,message,100,92,jsoniter,0.9.23,11863,10525,150,22388,84295.709348,95011.876485,44666.785778,0,1.0,reflect,adapted,1,99d1c7fab316,3464,8
java,stream,message,100,92,msgpack,0.9.8,21423,17087,114,38510,46678.803155,58524.024112,25967.281226,0,1.0,reflect,native,1,99d1c7fab316,3465,9
java,stream,message,100,92,bson,5.3.1,28128,27369,134,55497,35551.763367,36537.688626,18018.992018,0,1.0,message,adapted,1,99d1c7fab316,3466,10
java,stream,message,100,92,avro,1.12.0,29034,25264,44,54298,34442.377902,39582.013933,18416.884600,0,1.0,schema,native,1,99d1c7fab316,3467,11
java,stream,message,100,92,jackson,2.18.3,19104,22810,158,41914,52345.058626,43840.420868,23858.376676,0,1.0,reflect,native,1,99d1c7fab316,3468,12
java,stream,message,100,92,jackson-cbor,2.18.3,15620,18167,115,33787,64020.486556,55044.861562,29597.182348,0,1.0,reflect,native,1,99d1c7fab316,3469,13
java,stream,message,100,92,hessian,4.0.66,11710,15020,143,26730,85397.096499,66577.896138,37411.148522,0,1.0,message,native,1,99d1c7fab316,3470,14
java,stream,message,100,92,kryo,5.6.2,13716,10240,46,23956,72907.553223,97656.250000,41743.195859,0,1.0,message,native,1,99d1c7fab316,3471,15
java,stream,message,100,92,protostuff,1.8.0,11372,10290,52,21662,87935.279634,97181.729835,46163.789124,0,1.0,schema,native,1,99d1c7fab316,3472,16
java,stream,message,100,92,java-serialization,21.0.11,32015,67717,206,99732,31235.358426,14767.340550,10026.872017,0,1.0,message,native,1,99d1c7fab316,3473,17
java,stream,message,100,93,jsoniter,0.9.23,9437,13513,150,22950,105965.878987,74002.812107,43572.984749,0,1.0,reflect,adapted,1,99d1c7fab316,3474,0
java,stream,message,100,93,msgpack,0.9.8,22890,22653,114,45543,43687.199651,44144.263453,21957.271150,0,1.0,reflect,native,1,99d1c7fab316,3475,1
java,stream,message,100,93,jackson-cbor,2.18.3,16490,17561,115,34051,60642.813827,56944.365355,29367.713136,0,1.0,reflect,native,1,99d1c7fab316,3476,2
java,stream,message,100,93,jackson-smile,2.18.3,13502,16383,119,29885,74063.101763,61038.881768,33461.602811,0,1.0,reflect,native,1,99d1c7fab316,3477,3
java,stream,message,100,93,gson,2.12.1,32973,30699,158,63672,30327.843994,32574.350956,15705.490640,0,1.0,reflect,native,1,99d1c7fab316,3478,4
java,stream,message,100,93,protobuf,4.28.3,14915,15224,50,30139,67046.597385,65685.759327,33179.601181,0,1.0,message,native,1,99d1c7fab316,3479,5
java,stream,message,100,93,jackson,2.18.3,18031,21917,158,39948,55460.041040,45626.682484,25032.542305,0,1.0,reflect,native,1,99d1c7fab316,3480,6
java,stream,message,100,93,avro,1.12.0,17845,23713,44,41558,56038.105912,42170.961076,24062.755667,0,1.0,schema,native,1,99d1c7fab316,3481,7
java,stream,message,100,93,dsl-json,2.0.2,25801,23232,158,49033,38758.187667,43044.077135,20394.428242,0,1.0,reflect,native,1,99d1c7fab316,3482,8
java,stream,message,100,93,bson,5.3.1,26123,30116,134,56239,38280.442522,33204.940895,17781.255001,0,1.0,message,adapted,1,99d1c7fab316,3483,9
java,stream,message,100,93,protostuff,1.8.0,10376,9209,52,19585,96376.252891,108589.423390,51059.484299,0,1.0,schema,native,1,99d1c7fab316,3484,10
java,stream,message,100,93,fory,1.3.0,11752,10322,133,22074,85091.899251,96880.449525,45302.165444,0,1.0,message,adapted,1,99d1c7fab316,3485,11
java,stream,message,100,93,kryo,5.6.2,13098,10178,46,23276,76347.533975,98251.129888,42962.708369,0,1.0,message,native,1,99d1c7fab316,3486,12
java,stream,message,100,93,fastjson2,2.0.57,19093,15920,158,35013,52375.216048,62814.070352,28560.820267,0,1.0,reflect,adapted,1,99d1c7fab316,3487,13
java,stream,message,100,93,hessian,4.0.66,12062,15159,143,27221,82904.990880,65967.412098,36736.343264,0,1.0,message,native,1,99d1c7fab316,3488,14
java,stream,message,100,93,ion,2.18.3,59574,81699,144,141273,16785.846175,12240.051898,7078.493413,0,1.0,reflect,native,1,99d1c7fab316,3489,15
java,stream,message,100,93,moshi,1.15.2,18618,42723,158,61341,53711.462026,23406.595979,16302.310037,0,1.0,reflect,native,1,99d1c7fab316,3490,16
java,stream,message,100,93,java-serialization,21.0.11,44990,65193,206,110183,22227.161591,15339.070146,9075.810243,0,1.0,message,native,1,99d1c7fab316,3491,17
java,stream,message,100,94,protostuff,1.8.0,9886,10783,52,20669,101153.145863,92738.569971,48381.634332,0,1.0,schema,native,1,99d1c7fab316,3492,0
java,stream,message,100,94,hessian,4.0.66,12163,18754,143,30917,82216.558415,53321.957982,32344.664748,0,1.0,message,native,1,99d1c7fab316,3493,1
java,stream,message,100,94,msgpack,0.9.8,30219,22473,114,52692,33091.763460,44497.841855,18978.213011,0,1.0,reflect,native,1,99d1c7fab316,3494,2
java,stream,message,100,94,ion,2.18.3,44950,58921,144,103871,22246.941046,16971.877599,9627.326203,0,1.0,reflect,native,1,99d1c7fab316,3495,3
java,stream,message,100,94,jackson-smile,2.18.3,17145,18461,119,35606,58326.042578,54168.246574,28085.154187,0,1.0,reflect,native,1,99d1c7fab316,3496,4
java,stream,message,100,94,jackson,2.18.3,16639,24133,158,40772,60099.765611,41437.036423,24526.635927,0,1.0,reflect,native,1,99d1c7fab316,3497,5
java,stream,message,100,94,jsoniter,0.9.23,20513,10449,150,30962,48749.573441,95702.938080,32297.655190,0,1.0,reflect,adapted,1,99d1c7fab316,3498,6
java,stream,message,100,94,gson,2.12.1,32047,27738,158,59785,31204.168877,36051.625928,16726.603663,0,1.0,reflect,native,1,99d1c7fab316,3499,7
java,stream,message,100,94,fory,1.3.0,11602,10647,133,22249,86192.035856,93923.170846,44945.840262,0,1.0,message,adapted,1,99d1c7fab316,3500,8
java,stream,message,100,94,dsl-json,2.0.2,25959,63547,158,89506,38522.285142,15736.384094,11172.435367,0,1.0,reflect,native,1,99d1c7fab316,3501,9
java,stream,message,100,94,bson,5.3.1,25540,25735,134,51275,39154.267815,38857.586944,19502.681619,0,1.0,message,adapted,1,99d1c7fab316,3502,10
java,stream,message,100,94,avro,1.12.0,21465,26447,44,47912,46587.467971,37811.472001,20871.597930,0,1.0,schema,native,1,99d1c7fab316,3503,11
java,stream,message,100,94,kryo,5.6.2,13633,10128,46,23761,73351.426685,98736.176935,42085.770801,0,1.0,message,native,1,99d1c7fab316,3504,12
java,stream,message,100,94,java-serialization,21.0.11,22336,52230,206,74566,44770.773639,19146.084626,13410.937961,0,1.0,message,native,1,99d1c7fab316,3505,13
java,stream,message,100,94,fastjson2,2.0.57,20445,17076,158,37521,48911.714356,58561.724057,26651.741691,0,1.0,reflect,adapted,1,99d1c7fab316,3506,14
java,stream,message,100,94,protobuf,4.28.3,11043,13091,50,24134,90555.102780,76388.358414,41435.319466,0,1.0,message,native,1,99d1c7fab316,3507,15
java,stream,message,100,94,jackson-cbor,2.18.3,22527,23713,115,46240,44391.175034,42170.961076,21626.297578,0,1.0,reflect,native,1,99d1c7fab316,3508,16
java,stream,message,100,94,moshi,1.15.2,16352,53577,158,69929,61154.598826,18664.725535,14300.218793,0,1.0,reflect,native,1,99d1c7fab316,3509,17
java,stream,message,100,95,moshi,1.15.2,11087,12315,158,23402,90195.724723,81201.786439,42731.390479,0,1.0,reflect,native,1,99d1c7fab316,3510,0
java,stream,message,100,95,msgpack,0.9.8,26595,19451,114,46046,37601.052829,51411.238497,21717.413022,0,1.0,reflect,native,1,99d1c7fab316,3511,1
java,stream,message,100,95,gson,2.12.1,30246,24798,158,55044,33062.223104,40325.832728,18167.284354,0,1.0,reflect,native,1,99d1c7fab316,3512,2
java,stream,message,100,95,hessian,4.0.66,11878,14134,143,26012,84189.257451,70751.379652,38443.795171,0,1.0,message,native,1,99d1c7fab316,3513,3
java,stream,message,100,95,java-serialization,21.0.11,20779,47737,206,68516,48125.511334,20948.111528,14595.131064,0,1.0,message,native,1,99d1c7fab316,3514,4
java,stream,message,100,95,avro,1.12.0,17972,23882,44,41854,55642.109949,41872.539988,23892.578965,0,1.0,schema,native,1,99d1c7fab316,3515,5
java,stream,message,100,95,kryo,5.6.2,11970,9789,46,21759,83542.188805,102155.480642,45957.994393,0,1.0,message,native,1,99d1c7fab316,3516,6
java,stream,message,100,95,fastjson2,2.0.57,17753,14954,158,32707,56328.507858,66871.740003,30574.494756,0,1.0,reflect,adapted,1,99d1c7fab316,3517,7
java,stream,message,100,95,jackson-cbor,2.18.3,18052,19723,115,37775,55395.524042,50702.225828,26472.534745,0,1.0,reflect,native,1,99d1c7fab316,3518,8
java,stream,message,100,95,dsl-json,2.0.2,26175,37827,158,64002,38204.393505,26436.143495,15624.511734,0,1.0,reflect,native,1,99d1c7fab316,3519,9
java,stream,message,100,95,jackson-smile,2.18.3,15336,17696,119,33032,65206.051122,56509.945750,30273.674013,0,1.0,reflect,native,1,99d1c7fab316,3520,10
java,stream,message,100,95,bson,5.3.1,25332,23805,134,49137,39475.761882,42007.981516,20351.262796,0,1.0,message,adapted,1,99d1c7fab316,3521,11
java,stream,message,100,95,jackson,2.18.3,17942,22084,158,40026,55735.146583,45281.651875,24983.760556,0,1.0,reflect,native,1,99d1c7fab316,3522,12
java,stream,message,100,95,protostuff,1.8.0,10332,9624,52,19956,96786.682153,103906.899418,50110.242534,0,1.0,schema,native,1,99d1c7fab316,3523,13
java,stream,message,100,95,fory,1.3.0,11200,10286,133,21486,89285.714286,97219.521680,46541.934283,0,1.0,message,adapted,1,99d1c7fab316,3524,14
java,stream,message,100,95,protobuf,4.28.3,8948,13308,50,22256,111756.817166,75142.771265,44931.703810,0,1.0,message,native,1,99d1c7fab316,3525,15
java,stream,message,100,95,jsoniter,0.9.23,10801,10353,150,21154,92584.019998,96590.360282,47272.383474,0,1.0,reflect,adapted,1,99d1c7fab316,3526,16
java,stream,message,100,95,ion,2.18.3,46369,72142,144,118511,21566.132545,13861.550830,8438.035288,0,1.0,reflect,native,1,99d1c7fab316,3527,17
java,stream,message,100,96,bson,5.3.1,22161,27053,134,49214,45124.317495,36964.477137,20319.421303,0,1.0,message,adapted,1,99d1c7fab316,3528,0
java,stream,message,100,96,ion,2.18.3,38545,55402,144,93947,25943.702166,18049.889896,10644.299445,0,1.0,reflect,native,1,99d1c7fab316,3529,1
java,stream,message,100,96,gson,2.12.1,37016,30532,158,67548,27015.344716,32752.521944,14804.287322,0,1.0,reflect,native,1,99d1c7fab316,3530,2
java,stream,message,100,96,moshi,1.15.2,14729,18396,158,33125,67893.271777,54359.643401,30188.679245,0,1.0,reflect,native,1,99d1c7fab316,3531,3
java,stream,message,100,96,fastjson2,2.0.57,18700,15605,158,34305,53475.935829,64082.024992,29150.269640,0,1.0,reflect,adapted,1,99d1c7fab316,3532,4
java,stream,message,100,96,jackson-cbor,2.18.3,17786,18569,115,36355,56223.996402,53853.196187,27506.532802,0,1.0,reflect,native,1,99d1c7fab316,3533,5
java,stream,message,100,96,jackson-smile,2.18.3,13330,15848,119,29178,75018.754689,63099.444725,34272.397011,0,1.0,reflect,native,1,99d1c7fab316,3534,6
java,stream,message,100,96,avro,1.12.0,17238,21865,44,39103,58011.370229,45735.193231,25573.485410,0,1.0,schema,native,1,99d1c7fab316,3535,7
java,stream,message,100,96,jackson,2.18.3,15372,19054,158,34426,65053.343742,52482.418390,29047.812700,0,1.0,reflect,native,1,99d1c7fab316,3536,8
java,stream,message,100,96,protostuff,1.8.0,9940,8721,52,18661,100603.621730,114665.749341,53587.696265,0,1.0,schema,native,1,99d1c7fab316,3537,9
java,stream,message,100,96,java-serialization,21.0.11,32636,53005,206,85641,30641.009928,18866.144703,11676.650203,0,1.0,message,native,1,99d1c7fab316,3538,10
java,stream,message,100,96,dsl-json,2.0.2,27282,25534,158,52816,36654.204237,39163.468317,18933.656468,0,1.0,reflect,native,1,99d1c7fab316,3539,11
java,stream,message,100,96,jsoniter,0.9.23,11433,11695,150,23128,87466.106884,85506.626764,43237.634037,0,1.0,reflect,adapted,1,99d1c7fab316,3540,12
java,stream,message,100,96,protobuf,4.28.3,9684,12655,50,22339,103263.114416,79020.150138,44764.761180,0,1.0,message,native,1,99d1c7fab316,3541,13
java,stream,message,100,96,hessian,4.0.66,11455,14523,143,25978,87298.123090,68856.296908,38494.110401,0,1.0,message,native,1,99d1c7fab316,3542,14
java,stream,message,100,96,fory,1.3.0,10443,9894,133,20337,95757.923968,101071.356378,49171.460884,0,1.0,message,adapted,1,99d1c7fab316,3543,15
java,stream,message,100,96,kryo,5.6.2,13403,10165,46,23568,74610.161904,98376.783079,42430.414121,0,1.0,message,native,1,99d1c7fab316,3544,16
java,stream,message,100,96,msgpack,0.9.8,31101,20115,114,51216,32153.306968,49714.143674,19525.148391,0,1.0,reflect,native,1,99d1c7fab316,3545,17
java,stream,message,100,97,protostuff,1.8.0,9002,8054,52,17056,111086.425239,124161.907127,58630.393996,0,1.0,schema,native,1,99d1c7fab316,3546,0
java,stream,message,100,97,dsl-json,2.0.2,21050,20543,158,41593,47505.938242,48678.381931,24042.507153,0,1.0,reflect,native,1,99d1c7fab316,3547,1
java,stream,message,100,97,bson,5.3.1,22973,23222,134,46195,43529.360554,43062.613039,21647.364433,0,1.0,message,adapted,1,99d1c7fab316,3548,2
java,stream,message,100,97,kryo,5.6.2,15494,8726,46,24220,64541.112689,114600.045840,41288.191577,0,1.0,message,native,1,99d1c7fab316,3549,3
java,stream,message,100,97,protobuf,4.28.3,8016,10160,50,18176,124750.499002,98425.196850,55017.605634,0,1.0,message,native,1,99d1c7fab316,3550,4
java,stream,message,100,97,jsoniter,0.9.23,8869,9141,150,18010,112752.283234,109397.221311,55524.708495,0,1.0,reflect,adapted,1,99d1c7fab316,3551,5
java,stream,message,100,97,ion,2.18.3,42623,67806,144,110429,23461.511391,14747.957408,9055.592281,0,1.0,reflect,native,1,99d1c7fab316,3552,6
java,stream,message,100,97,fastjson2,2.0.57,22421,15040,158,37461,44601.043664,66489.361702,26694.428873,0,1.0,reflect,adapted,1,99d1c7fab316,3553,7
java,stream,message,100,97,fory,1.3.0,10816,9871,133,20687,92455.621302,101306.858474,48339.536907,0,1.0,message,adapted,1,99d1c7fab316,3554,8
java,stream,message,100,97,avro,1.12.0,18222,23487,44,41709,54878.718033,42576.744582,23975.640749,0,1.0,schema,native,1,99d1c7fab316,3555,9
java,stream,message,100,97,jackson,2.18.3,18591,22102,158,40693,53789.468022,45244.774229,24574.251100,0,1.0,reflect,native,1,99d1c7fab316,3556,10
java,stream,message,100,97,gson,2.12.1,28739,23170,158,51909,34795.921918,43159.257661,19264.482074,0,1.0,reflect,native,1,99d1c7fab316,3557,11
java,stream,message,100,97,jackson-cbor,2.18.3,14872,16180,115,31052,67240.451856,61804.697157,32204.044828,0,1.0,reflect,native,1,99d1c7fab316,3558,12
java,stream,message,100,97,jackson-smile,2.18.3,13016,14576,119,27592,76828.518746,68605.927552,36242.389098,0,1.0,reflect,native,1,99d1c7fab316,3559,13
java,stream,message,100,97,moshi,1.15.2,14375,17571,158,31946,69565.217391,56911.957202,31302.823515,0,1.0,reflect,native,1,99d1c7fab316,3560,14
java,stream,message,100,97,java-serialization,21.0.11,22084,48770,206,70854,45281.651875,20504.408448,14113.529229,0,1.0,message,native,1,99d1c7fab316,3561,15
java,stream,message,100,97,hessian,4.0.66,11153,14649,143,25802,89661.974357,68264.045327,38756.685528,0,1.0,message,native,1,99d1c7fab316,3562,16
java,stream,message,100,97,msgpack,0.9.8,21433,16965,114,38398,46657.024215,58944.886531,26043.023074,0,1.0,reflect,native,1,99d1c7fab316,3563,17
java,stream,message,100,98,fory,1.3.0,10130,9610,133,19740,98716.683119,104058.272633,50658.561297,0,1.0,message,adapted,1,99d1c7fab316,3564,0
java,stream,message,100,98,fastjson2,2.0.57,16868,14180,158,31048,59283.851079,70521.861777,32208.193764,0,1.0,reflect,adapted,1,99d1c7fab316,3565,1
java,stream,message,100,98,kryo,5.6.2,12833,9611,46,22444,77924.101925,104047.445635,44555.337729,0,1.0,message,native,1,99d1c7fab316,3566,2
java,stream,message,100,98,dsl-json,2.0.2,22967,22217,158,45184,43540.732355,45010.577486,22131.728045,0,1.0,reflect,native,1,99d1c7fab316,3567,3
java,stream,message,100,98,protobuf,4.28.3,8162,10041,50,18203,122518.990444,99591.674136,54935.999561,0,1.0,message,native,1,99d1c7fab316,3568,4
java,stream,message,100,98,gson,2.12.1,28743,23976,158,52719,34791.079567,41708.375042,18968.493333,0,1.0,reflect,native,1,99d1c7fab316,3569,5
java,stream,message,100,98,protostuff,1.8.0,9328,8527,52,17855,107204.116638,117274.539697,56006.720806,0,1.0,schema,native,1,99d1c7fab316,3570,6
java,stream,message,100,98,jackson-cbor,2.18.3,17310,29967,115,47277,57770.075101,33370.040378,21151.934344,0,1.0,reflect,native,1,99d1c7fab316,3571,7
java,stream,message,100,98,jackson-smile,2.18.3,12637,14172,119,26809,79132.705547,70561.670900,37300.906412,0,1.0,reflect,native,1,99d1c7fab316,3572,8
java,stream,message,100,98,hessian,4.0.66,18479,13811,143,32290,54115.482440,72406.053146,30969.340353,0,1.0,message,native,1,99d1c7fab316,3573,9
java,stream,message,100,98,jackson,2.18.3,16387,19562,158,35949,61023.982425,51119.517432,27817.185457,0,1.0,reflect,native,1,99d1c7fab316,3574,10
java,stream,message,100,98,ion,2.18.3,41008,60140,144,101148,24385.485759,16627.868307,9886.502946,0,1.0,reflect,native,1,99d1c7fab316,3575,11
java,stream,message,100,98,java-serialization,21.0.11,19903,47797,206,67700,50243.681857,20921.815177,14771.048744,0,1.0,message,native,1,99d1c7fab316,3576,12
java,stream,message,100,98,jsoniter,0.9.23,10198,9907,150,20105,98058.442832,100938.730191,49738.870928,0,1.0,reflect,adapted,1,99d1c7fab316,3577,13
java,stream,message,100,98,bson,5.3.1,53267,23315,134,76582,18773.349353,42890.842805,13057.898723,0,1.0,message,adapted,1,99d1c7fab316,3578,14
java,stream,message,100,98,avro,1.12.0,19750,23861,44,43611,50632.911392,41909.391895,22929.994726,0,1.0,schema,native,1,99d1c7fab316,3579,15
java,stream,message,100,98,msgpack,0.9.8,20347,24593,114,44940,49147.294441,40661.976985,22251.891411,0,1.0,reflect,native,1,99d1c7fab316,3580,16
java,stream,message,100,98,moshi,1.15.2,14077,40232,158,54309,71037.863181,24855.836150,18413.154357,0,1.0,reflect,native,1,99d1c7fab316,3581,17
java,stream,message,100,99,kryo,5.6.2,11918,9469,46,21387,83906.695754,105607.772732,46757.375976,0,1.0,message,native,1,99d1c7fab316,3582,0
java,stream,message,100,99,fastjson2,2.0.57,17430,14608,158,32038,57372.346529,68455.640745,31212.934640,0,1.0,reflect,adapted,1,99d1c7fab316,3583,1
java,stream,message,100,99,dsl-json,2.0.2,22441,22386,158,44827,44561.294060,44670.776378,22307.984027,0,1.0,reflect,native,1,99d1c7fab316,3584,2
java,stream,message,100,99,msgpack,0.9.8,19086,19431,114,38517,52394.425233,51464.155216,25962.561986,0,1.0,reflect,native,1,99d1c7fab316,3585,3
java,stream,message,100,99,fory,1.3.0,10596,9647,133,20243,94375.235938,103659.168653,49399.792521,0,1.0,message,adapted,1,99d1c7fab316,3586,4
java,stream,message,100,99,protostuff,1.8.0,8913,7997,52,16910,112195.669247,125046.892585,59136.605559,0,1.0,schema,native,1,99d1c7fab316,3587,5
java,stream,message,100,99,ion,2.18.3,40631,102666,144,143297,24611.749649,9740.322989,6978.513158,0,1.0,reflect,native,1,99d1c7fab316,3588,6
java,stream,message,100,99,java-serialization,21.0.11,27321,45507,206,72828,36601.881337,21974.641264,13730.982589,0,1.0,message,native,1,99d1c7fab316,3589,7
java,stream,message,100,99,jackson-cbor,2.18.3,17577,24482,115,42059,56892.530011,40846.336084,23776.124016,0,1.0,reflect,native,1,99d1c7fab316,3590,8
java,stream,message,100,99,gson,2.12.1,38250,25996,158,64246,26143.790850,38467.456532,15565.171373,0,1.0,reflect,native,1,99d1c7fab316,3591,9
java,stream,message,100,99,moshi,1.15.2,13728,17020,158,30748,72843.822844,58754.406580,32522.440484,0,1.0,reflect,native,1,99d1c7fab316,3592,10
java,stream,message,100,99,hessian,4.0.66,13172,14029,143,27201,75918.615244,71280.918098,36763.354288,0,1.0,message,native,1,99d1c7fab316,3593,11
java,stream,message,100,99,avro,1.12.0,17170,22190,44,39360,58241.118229,45065.344750,25406.504065,0,1.0,schema,native,1,99d1c7fab316,3594,12
java,stream,message,100,99,jackson-smile,2.18.3,15298,17677,119,32975,65368.021964,56570.685071,30326.004549,0,1.0,reflect,native,1,99d1c7fab316,3595,13
java,stream,message,100,99,protobuf,4.28.3,8901,10113,50,19014,112346.927312,98882.626323,52592.826338,0,1.0,message,native,1,99d1c7fab316,3596,14
java,stream,message,100,99,jsoniter,0.9.23,9802,9599,150,19401,102019.995919,104177.518492,51543.734859,0,1.0,reflect,adapted,1,99d1c7fab316,3597,15
java,stream,message,100,99,bson,5.3.1,32833,23000,134,55833,30457.162002,43478.260870,17910.554690,0,1.0,message,adapted,1,99d1c7fab316,3598,16
java,stream,message,100,99,jackson,2.18.3,19257,22825,158,42082,51929.168614,43811.610077,23763.129129,0,1.0,reflect,native,1,99d1c7fab316,3599,17
