Language,StringOrStream,TestDataName,Repetitions,RepetitionIndex,SerializerName,SerializerVersion,TimeSer,TimeDeser,Size,TimeSerAndDeser,OpPerSecSer,OpPerSecDeser,OpPerSecSerAndDeser,MemoryPeakBytes,FidelityScore,NativeKind,StreamMode,DataTypeInstanceCount,TypeConfigHash,RunOrder,SchedulePosition
cpp,bytes,document,100,0,zpp_bits,4.4.25,1310,2065,227,3375,763358.778626,484261.501211,296296.296296,0,1.0,struct,adapted,1,c4a54cdecc67,0,0
cpp,bytes,document,100,0,rapidjson,1.1.0,2697,21175,458,23872,370782.350760,47225.501771,41890.080429,0,1.0,dom,native,1,c4a54cdecc67,1,1
cpp,bytes,document,100,0,avro_c,avro-c,10327,5239,125,15566,96833.543139,190876.121397,64242.579982,0,1.0,schema,adapted,1,c4a54cdecc67,2,2
cpp,bytes,document,100,0,yyjson,0.10.0,3365,12600,458,15965,297176.820208,79365.079365,62637.018478,0,1.0,dom,adapted,1,c4a54cdecc67,3,3
cpp,bytes,document,100,0,bitsery,5.2.4,995,1059,190,2054,1005025.125628,944287.063267,486854.917235,0,1.0,struct,adapted,1,c4a54cdecc67,4,4
cpp,bytes,document,100,0,jsoncons_cbor,0.177.0,5532,27467,338,32999,180766.449747,36407.325154,30303.948605,0,1.0,dom,native,1,c4a54cdecc67,5,5
cpp,bytes,document,100,0,nlohmann_json,3.11.3,2659,9174,458,11833,376081.233546,109003.706126,84509.422801,0,1.0,struct,native,1,c4a54cdecc67,6,6
cpp,bytes,document,100,0,cereal,1.3.2,5634,2100,267,7734,177493.787717,476190.476190,129299.198345,0,1.0,struct,native,1,c4a54cdecc67,7,7
cpp,bytes,document,100,0,flatbuffers,flatbuffers,2563,2117,188,4680,390167.772142,472366.556448,213675.213675,0,1.0,schema,adapted,1,c4a54cdecc67,8,8
cpp,bytes,document,100,0,arduinojson,7.2.1,3275,15318,458,18593,305343.511450,65282.673978,53783.682031,0,1.0,dom,native,1,c4a54cdecc67,9,9
cpp,bytes,document,100,0,simdjson,3.10.1,248,20277,458,20525,4032258.064516,49316.960103,48721.071864,0,1.0,dom,adapted,1,c4a54cdecc67,10,10
cpp,bytes,document,100,0,jsoncons_bson,0.177.0,6402,25630,502,32032,156201.187129,39016.777214,31218.781219,0,1.0,dom,native,1,c4a54cdecc67,11,11
cpp,bytes,document,100,0,avro,binary-1.11,1646,1803,125,3449,607533.414338,554631.170272,289939.112786,0,1.0,schema,adapted,1,c4a54cdecc67,12,12
cpp,bytes,document,100,0,cista,0.15,1550,2373,328,3923,645161.290323,421407.501054,254906.958960,0,1.0,archive,adapted,1,c4a54cdecc67,13,13
cpp,bytes,document,100,0,msgpack,msgpack-cxx,3428,3104,332,6532,291715.285881,322164.948454,153092.467851,0,1.0,struct,native,1,c4a54cdecc67,14,14
cpp,bytes,document,100,0,protobuf-wire,wire-v2,1972,1021,164,2993,507099.391481,979431.929481,334112.930170,0,1.0,schema,adapted,1,c4a54cdecc67,15,15
cpp,bytes,document,100,0,flexbuffers,flatbuffers-flex,8289,7338,467,15627,120641.814453,136276.914691,63991.809048,0,1.0,dom,adapted,1,c4a54cdecc67,16,16
cpp,bytes,document,100,0,nlohmann_msgpack,3.11.3,7422,15437,332,22859,134734.572891,64779.426054,43746.445601,0,1.0,dom,native,1,c4a54cdecc67,17,17
cpp,bytes,document,100,0,nlohmann_cbor,3.11.3,3208,8449,338,11657,311720.698254,118357.202036,85785.365017,0,1.0,dom,native,1,c4a54cdecc67,18,18
cpp,bytes,document,100,0,jsoncons_msgpack,0.177.0,4645,19842,332,24487,215285.252960,50398.145348,40837.995671,0,1.0,dom,native,1,c4a54cdecc67,19,19
cpp,bytes,document,100,0,thrift,TBinaryProtocol,2114,1343,324,3457,473036.896878,744601.638124,289268.151577,0,1.0,schema,adapted,1,c4a54cdecc67,20,20
cpp,bytes,document,100,0,capnproto,1.0.x,9590,10420,392,20010,104275.286757,95969.289827,49975.012494,0,1.0,schema,native,1,c4a54cdecc67,21,21
cpp,bytes,document,100,0,yas,7.x,2213,1354,274,3567,451875.282422,738552.437223,280347.631063,0,1.0,struct,adapted,1,c4a54cdecc67,22,22
cpp,bytes,document,100,0,custom_binary,harness,1573,1063,223,2636,635727.908455,940733.772342,379362.670713,0,1.0,struct,adapted,1,c4a54cdecc67,23,23
cpp,bytes,document,100,0,nlohmann_bson,3.11.3,3788,9736,502,13524,263991.552270,102711.585867,73942.620526,0,1.0,dom,native,1,c4a54cdecc67,24,24
cpp,bytes,document,100,0,nlohmann_ubjson,3.11.3,3219,9009,409,12228,310655.483069,111000.111000,81779.522408,0,1.0,dom,native,1,c4a54cdecc67,25,25
cpp,bytes,document,100,1,simdjson,3.10.1,139,9076,458,9215,7194244.604317,110180.696342,108518.719479,0,1.0,dom,adapted,1,c4a54cdecc67,26,0
cpp,bytes,document,100,1,nlohmann_msgpack,3.11.3,2483,6871,332,9354,402738.622634,145539.222821,106906.136412,0,1.0,dom,native,1,c4a54cdecc67,27,1
cpp,bytes,document,100,1,avro_c,avro-c,3008,3512,125,6520,332446.808511,284738.041002,153374.233129,0,1.0,schema,adapted,1,c4a54cdecc67,28,2
cpp,bytes,document,100,1,jsoncons_cbor,0.177.0,4214,18735,338,22949,237304.224015,53376.034161,43574.883437,0,1.0,dom,native,1,c4a54cdecc67,29,3
cpp,bytes,document,100,1,capnproto,1.0.x,1255,809,392,2064,796812.749004,1236093.943140,484496.124031,0,1.0,schema,native,1,c4a54cdecc67,30,4
cpp,bytes,document,100,1,flexbuffers,flatbuffers-flex,5655,6006,467,11661,176834.659593,166500.166500,85755.938599,0,1.0,dom,adapted,1,c4a54cdecc67,31,5
cpp,bytes,document,100,1,rapidjson,1.1.0,1757,12685,458,14442,569151.963574,78833.267639,69242.487190,0,1.0,dom,native,1,c4a54cdecc67,32,6
cpp,bytes,document,100,1,avro,binary-1.11,911,663,125,1574,1097694.840834,1508295.625943,635324.015248,0,1.0,schema,adapted,1,c4a54cdecc67,33,7
cpp,bytes,document,100,1,zpp_bits,4.4.25,904,537,227,1441,1106194.690265,1862197.392924,693962.526024,0,1.0,struct,adapted,1,c4a54cdecc67,34,8
cpp,bytes,document,100,1,nlohmann_json,3.11.3,2708,7873,458,10581,369276.218612,127016.385114,94509.025612,0,1.0,struct,native,1,c4a54cdecc67,35,9
cpp,bytes,document,100,1,arduinojson,7.2.1,2665,13190,458,15855,375234.521576,75815.011372,63071.586250,0,1.0,dom,native,1,c4a54cdecc67,36,10
cpp,bytes,document,100,1,custom_binary,harness,1146,532,223,1678,872600.349040,1879699.248120,595947.556615,0,1.0,struct,adapted,1,c4a54cdecc67,37,11
cpp,bytes,document,100,1,yyjson,0.10.0,1275,9901,458,11176,784313.725490,100999.899000,89477.451682,0,1.0,dom,adapted,1,c4a54cdecc67,38,12
cpp,bytes,document,100,1,nlohmann_cbor,3.11.3,2889,8354,338,11243,346140.533056,119703.136222,88944.231967,0,1.0,dom,native,1,c4a54cdecc67,39,13
cpp,bytes,document,100,1,yas,7.x,1509,615,274,2124,662690.523526,1626016.260163,470809.792844,0,1.0,struct,adapted,1,c4a54cdecc67,40,14
cpp,bytes,document,100,1,bitsery,5.2.4,392,488,190,880,2551020.408163,2049180.327869,1136363.636364,0,1.0,struct,adapted,1,c4a54cdecc67,41,15
cpp,bytes,document,100,1,jsoncons_bson,0.177.0,4920,18149,502,23069,203252.032520,55099.454515,43348.216221,0,1.0,dom,native,1,c4a54cdecc67,42,16
cpp,bytes,document,100,1,cereal,1.3.2,2153,1431,267,3584,464468.183929,698812.019567,279017.857143,0,1.0,struct,native,1,c4a54cdecc67,43,17
cpp,bytes,document,100,1,thrift,TBinaryProtocol,1182,617,324,1799,846023.688663,1620745.542950,555864.369094,0,1.0,schema,adapted,1,c4a54cdecc67,44,18
cpp,bytes,document,100,1,msgpack,msgpack-cxx,1571,1620,332,3191,636537.237428,617283.950617,313381.385146,0,1.0,struct,native,1,c4a54cdecc67,45,19
cpp,bytes,document,100,1,nlohmann_ubjson,3.11.3,2123,9174,409,11297,471031.559114,109003.706126,88519.075861,0,1.0,dom,native,1,c4a54cdecc67,46,20
cpp,bytes,document,100,1,nlohmann_bson,3.11.3,2992,7275,502,10267,334224.598930,137457.044674,97399.435083,0,1.0,dom,native,1,c4a54cdecc67,47,21
cpp,bytes,document,100,1,jsoncons_msgpack,0.177.0,3115,16516,332,19631,321027.287319,60547.348026,50939.840049,0,1.0,dom,native,1,c4a54cdecc67,48,22
cpp,bytes,document,100,1,protobuf-wire,wire-v2,1731,1010,164,2741,577700.751011,990099.009901,364830.353885,0,1.0,schema,adapted,1,c4a54cdecc67,49,23
cpp,bytes,document,100,1,flatbuffers,flatbuffers,836,800,188,1636,1196172.248804,1250000.000000,611246.943765,0,1.0,schema,adapted,1,c4a54cdecc67,50,24
cpp,bytes,document,100,1,cista,0.15,608,1211,328,1819,1644736.842105,825763.831544,549752.611325,0,1.0,archive,adapted,1,c4a54cdecc67,51,25
cpp,bytes,document,100,2,zpp_bits,4.4.25,654,409,227,1063,1529051.987768,2444987.775061,940733.772342,0,1.0,struct,adapted,1,c4a54cdecc67,52,0
cpp,bytes,document,100,2,flexbuffers,flatbuffers-flex,5125,5879,467,11004,195121.951220,170096.955265,90876.045075,0,1.0,dom,adapted,1,c4a54cdecc67,53,1
cpp,bytes,document,100,2,nlohmann_cbor,3.11.3,2458,7758,338,10216,406834.825061,128899.200825,97885.669538,0,1.0,dom,native,1,c4a54cdecc67,54,2
cpp,bytes,document,100,2,jsoncons_msgpack,0.177.0,2625,17038,332,19663,380952.380952,58692.334781,50856.939429,0,1.0,dom,native,1,c4a54cdecc67,55,3
cpp,bytes,document,100,2,yyjson,0.10.0,1236,8986,458,10222,809061.488673,111284.219898,97828.213657,0,1.0,dom,adapted,1,c4a54cdecc67,56,4
cpp,bytes,document,100,2,cista,0.15,387,862,328,1249,2583979.328165,1160092.807425,800640.512410,0,1.0,archive,adapted,1,c4a54cdecc67,57,5
cpp,bytes,document,100,2,jsoncons_cbor,0.177.0,3045,16108,338,19153,328407.224959,62080.953563,52211.141858,0,1.0,dom,native,1,c4a54cdecc67,58,6
cpp,bytes,document,100,2,nlohmann_ubjson,3.11.3,1868,8419,409,10287,535331.905782,118778.952370,97210.070963,0,1.0,dom,native,1,c4a54cdecc67,59,7
cpp,bytes,document,100,2,arduinojson,7.2.1,2701,14468,458,17169,370233.246946,69118.053636,58244.510455,0,1.0,dom,native,1,c4a54cdecc67,60,8
cpp,bytes,document,100,2,yas,7.x,610,457,274,1067,1639344.262295,2188183.807440,937207.122774,0,1.0,struct,adapted,1,c4a54cdecc67,61,9
cpp,bytes,document,100,2,capnproto,1.0.x,709,846,392,1555,1410437.235543,1182033.096927,643086.816720,0,1.0,schema,native,1,c4a54cdecc67,62,10
cpp,bytes,document,100,2,nlohmann_bson,3.11.3,2657,7891,502,10548,376364.320662,126726.650615,94804.702313,0,1.0,dom,native,1,c4a54cdecc67,63,11
cpp,bytes,document,100,2,protobuf-wire,wire-v2,1520,787,164,2307,657894.736842,1270648.030496,433463.372345,0,1.0,schema,adapted,1,c4a54cdecc67,64,12
cpp,bytes,document,100,2,jsoncons_bson,0.177.0,4442,16637,502,21079,225123.818100,60106.990443,47440.580673,0,1.0,dom,native,1,c4a54cdecc67,65,13
cpp,bytes,document,100,2,avro,binary-1.11,709,529,125,1238,1410437.235543,1890359.168242,807754.442649,0,1.0,schema,adapted,1,c4a54cdecc67,66,14
cpp,bytes,document,100,2,thrift,TBinaryProtocol,986,475,324,1461,1014198.782961,2105263.157895,684462.696783,0,1.0,schema,adapted,1,c4a54cdecc67,67,15
cpp,bytes,document,100,2,bitsery,5.2.4,239,394,190,633,4184100.418410,2538071.065990,1579778.830964,0,1.0,struct,adapted,1,c4a54cdecc67,68,16
cpp,bytes,document,100,2,nlohmann_msgpack,3.11.3,2503,7559,332,10062,399520.575310,132292.631300,99383.820314,0,1.0,dom,native,1,c4a54cdecc67,69,17
cpp,bytes,document,100,2,flatbuffers,flatbuffers,1219,751,188,1970,820344.544709,1331557.922770,507614.213198,0,1.0,schema,adapted,1,c4a54cdecc67,70,18
cpp,bytes,document,100,2,cereal,1.3.2,1533,1293,267,2826,652315.720809,773395.204950,353857.041755,0,1.0,struct,native,1,c4a54cdecc67,71,19
cpp,bytes,document,100,2,nlohmann_json,3.11.3,2496,7528,458,10024,400641.025641,132837.407014,99760.574621,0,1.0,struct,native,1,c4a54cdecc67,72,20
cpp,bytes,document,100,2,simdjson,3.10.1,156,8991,458,9147,6410256.410256,111222.333445,109325.461900,0,1.0,dom,adapted,1,c4a54cdecc67,73,21
cpp,bytes,document,100,2,msgpack,msgpack-cxx,1405,1299,332,2704,711743.772242,769822.940724,369822.485207,0,1.0,struct,native,1,c4a54cdecc67,74,22
cpp,bytes,document,100,2,rapidjson,1.1.0,1698,11158,458,12856,588928.150766,89621.796021,77784.691973,0,1.0,dom,native,1,c4a54cdecc67,75,23
cpp,bytes,document,100,2,custom_binary,harness,971,444,223,1415,1029866.117405,2252252.252252,706713.780919,0,1.0,struct,adapted,1,c4a54cdecc67,76,24
cpp,bytes,document,100,2,avro_c,avro-c,2770,3120,125,5890,361010.830325,320512.820513,169779.286927,0,1.0,schema,adapted,1,c4a54cdecc67,77,25
cpp,bytes,document,100,3,nlohmann_msgpack,3.11.3,2182,8287,332,10469,458295.142071,120670.930373,95520.106983,0,1.0,dom,native,1,c4a54cdecc67,78,0
cpp,bytes,document,100,3,avro,binary-1.11,617,385,125,1002,1620745.542950,2597402.597403,998003.992016,0,1.0,schema,adapted,1,c4a54cdecc67,79,1
cpp,bytes,document,100,3,avro_c,avro-c,1645,2084,125,3729,607902.735562,479846.449136,268168.409761,0,1.0,schema,adapted,1,c4a54cdecc67,80,2
cpp,bytes,document,100,3,thrift,TBinaryProtocol,727,398,324,1125,1375515.818432,2512562.814070,888888.888889,0,1.0,schema,adapted,1,c4a54cdecc67,81,3
cpp,bytes,document,100,3,yyjson,0.10.0,1611,8941,458,10552,620732.464308,111844.312717,94768.764215,0,1.0,dom,adapted,1,c4a54cdecc67,82,4
cpp,bytes,document,100,3,capnproto,1.0.x,977,636,392,1613,1023541.453429,1572327.044025,619962.802232,0,1.0,schema,native,1,c4a54cdecc67,83,5
cpp,bytes,document,100,3,simdjson,3.10.1,133,8992,458,9125,7518796.992481,111209.964413,109589.041096,0,1.0,dom,adapted,1,c4a54cdecc67,84,6
cpp,bytes,document,100,3,jsoncons_bson,0.177.0,3568,15475,502,19043,280269.058296,64620.355412,52512.734338,0,1.0,dom,native,1,c4a54cdecc67,85,7
cpp,bytes,document,100,3,protobuf-wire,wire-v2,1422,775,164,2197,703234.880450,1290322.580645,455166.135640,0,1.0,schema,adapted,1,c4a54cdecc67,86,8
cpp,bytes,document,100,3,cereal,1.3.2,1242,1169,267,2411,805152.979066,855431.993157,414765.657404,0,1.0,struct,native,1,c4a54cdecc67,87,9
cpp,bytes,document,100,3,msgpack,msgpack-cxx,1283,1204,332,2487,779423.226812,830564.784053,402090.872537,0,1.0,struct,native,1,c4a54cdecc67,88,10
cpp,bytes,document,100,3,nlohmann_json,3.11.3,2386,7033,458,9419,419111.483655,142186.833499,106168.383056,0,1.0,struct,native,1,c4a54cdecc67,89,11
cpp,bytes,document,100,3,nlohmann_cbor,3.11.3,2429,7764,338,10193,411692.054343,128799.587841,98106.543706,0,1.0,dom,native,1,c4a54cdecc67,90,12
cpp,bytes,document,100,3,nlohmann_ubjson,3.11.3,1758,7483,409,9241,568828.213879,133636.242149,108213.396819,0,1.0,dom,native,1,c4a54cdecc67,91,13
cpp,bytes,document,100,3,nlohmann_bson,3.11.3,2486,6471,502,8957,402252.614642,154535.620461,111644.523836,0,1.0,dom,native,1,c4a54cdecc67,92,14
cpp,bytes,document,100,3,zpp_bits,4.4.25,651,335,227,986,1536098.310292,2985074.626866,1014198.782961,0,1.0,struct,adapted,1,c4a54cdecc67,93,15
cpp,bytes,document,100,3,flexbuffers,flatbuffers-flex,5050,5733,467,10783,198019.801980,174428.745857,92738.569971,0,1.0,dom,adapted,1,c4a54cdecc67,94,16
cpp,bytes,document,100,3,custom_binary,harness,856,431,223,1287,1168224.299065,2320185.614849,777000.777001,0,1.0,struct,adapted,1,c4a54cdecc67,95,17
cpp,bytes,document,100,3,bitsery,5.2.4,242,324,190,566,4132231.404959,3086419.753086,1766784.452297,0,1.0,struct,adapted,1,c4a54cdecc67,96,18
cpp,bytes,document,100,3,jsoncons_cbor,0.177.0,3140,17255,338,20395,318471.337580,57954.216169,49031.625398,0,1.0,dom,native,1,c4a54cdecc67,97,19
cpp,bytes,document,100,3,cista,0.15,392,898,328,1290,2551020.408163,1113585.746102,775193.798450,0,1.0,archive,adapted,1,c4a54cdecc67,98,20
cpp,bytes,document,100,3,yas,7.x,2105,452,274,2557,475059.382423,2212389.380531,391083.300743,0,1.0,struct,adapted,1,c4a54cdecc67,99,21
cpp,bytes,document,100,3,rapidjson,1.1.0,1427,13873,458,15300,700770.847933,72082.462337,65359.477124,0,1.0,dom,native,1,c4a54cdecc67,100,22
cpp,bytes,document,100,3,flatbuffers,flatbuffers,473,818,188,1291,2114164.904863,1222493.887531,774593.338497,0,1.0,schema,adapted,1,c4a54cdecc67,101,23
cpp,bytes,document,100,3,arduinojson,7.2.1,2599,11670,458,14269,384763.370527,85689.802913,70081.995935,0,1.0,dom,native,1,c4a54cdecc67,102,24
cpp,bytes,document,100,3,jsoncons_msgpack,0.177.0,2761,15334,332,18095,362187.613184,65214.555889,55263.885051,0,1.0,dom,native,1,c4a54cdecc67,103,25
cpp,bytes,document,100,4,yyjson,0.10.0,1061,9082,458,10143,942507.068803,110107.905748,98590.160702,0,1.0,dom,adapted,1,c4a54cdecc67,104,0
cpp,bytes,document,100,4,cista,0.15,285,837,328,1122,3508771.929825,1194743.130227,891265.597148,0,1.0,archive,adapted,1,c4a54cdecc67,105,1
cpp,bytes,document,100,4,flexbuffers,flatbuffers-flex,4185,5040,467,9225,238948.626045,198412.698413,108401.084011,0,1.0,dom,adapted,1,c4a54cdecc67,106,2
cpp,bytes,document,100,4,nlohmann_cbor,3.11.3,2414,7368,338,9782,414250.207125,135722.041260,102228.583112,0,1.0,dom,native,1,c4a54cdecc67,107,3
cpp,bytes,document,100,4,custom_binary,harness,802,407,223,1209,1246882.793017,2457002.457002,827129.859388,0,1.0,struct,adapted,1,c4a54cdecc67,108,4
cpp,bytes,document,100,4,capnproto,1.0.x,2471,651,392,3122,404694.455686,1536098.310292,320307.495195,0,1.0,schema,native,1,c4a54cdecc67,109,5
cpp,bytes,document,100,4,nlohmann_ubjson,3.11.3,1787,11368,409,13155,559597.090095,87966.220971,76016.723679,0,1.0,dom,native,1,c4a54cdecc67,110,6
cpp,bytes,document,100,4,arduinojson,7.2.1,2526,12755,458,15281,395882.818686,78400.627205,65440.743407,0,1.0,dom,native,1,c4a54cdecc67,111,7
cpp,bytes,document,100,4,bitsery,5.2.4,256,333,190,589,3906250.000000,3003003.003003,1697792.869270,0,1.0,struct,adapted,1,c4a54cdecc67,112,8
cpp,bytes,document,100,4,rapidjson,1.1.0,1396,10242,458,11638,716332.378223,97637.180238,85925.416738,0,1.0,dom,native,1,c4a54cdecc67,113,9
cpp,bytes,document,100,4,msgpack,msgpack-cxx,1106,1329,332,2435,904159.132007,752445.447705,410677.618070,0,1.0,struct,native,1,c4a54cdecc67,114,10
cpp,bytes,document,100,4,nlohmann_bson,3.11.3,2460,8315,502,10775,406504.065041,120264.582081,92807.424594,0,1.0,dom,native,1,c4a54cdecc67,115,11
cpp,bytes,document,100,4,nlohmann_msgpack,3.11.3,2368,7229,332,9597,422297.297297,138331.719463,104199.228926,0,1.0,dom,native,1,c4a54cdecc67,116,12
cpp,bytes,document,100,4,zpp_bits,4.4.25,678,366,227,1044,1474926.253687,2732240.437158,957854.406130,0,1.0,struct,adapted,1,c4a54cdecc67,117,13
cpp,bytes,document,100,4,avro_c,avro-c,2580,2947,125,5527,387596.899225,339328.130302,180929.980098,0,1.0,schema,adapted,1,c4a54cdecc67,118,14
cpp,bytes,document,100,4,nlohmann_json,3.11.3,2529,6987,458,9516,395413.206801,143122.942608,105086.170660,0,1.0,struct,native,1,c4a54cdecc67,119,15
cpp,bytes,document,100,4,avro,binary-1.11,620,646,125,1266,1612903.225806,1547987.616099,789889.415482,0,1.0,schema,adapted,1,c4a54cdecc67,120,16
cpp,bytes,document,100,4,flatbuffers,flatbuffers,1216,921,188,2137,822368.421053,1085776.330076,467945.718297,0,1.0,schema,adapted,1,c4a54cdecc67,121,17
cpp,bytes,document,100,4,yas,7.x,489,423,274,912,2044989.775051,2364066.193853,1096491.228070,0,1.0,struct,adapted,1,c4a54cdecc67,122,18
cpp,bytes,document,100,4,jsoncons_msgpack,0.177.0,2965,17507,332,20472,337268.128162,57120.009139,48847.205940,0,1.0,dom,native,1,c4a54cdecc67,123,19
cpp,bytes,document,100,4,thrift,TBinaryProtocol,1006,597,324,1603,994035.785288,1675041.876047,623830.318153,0,1.0,schema,adapted,1,c4a54cdecc67,124,20
cpp,bytes,document,100,4,cereal,1.3.2,3001,1315,267,4316,333222.259247,760456.273764,231696.014829,0,1.0,struct,native,1,c4a54cdecc67,125,21
cpp,bytes,document,100,4,simdjson,3.10.1,213,8746,458,8959,4694835.680751,114337.983078,111619.600402,0,1.0,dom,adapted,1,c4a54cdecc67,126,22
cpp,bytes,document,100,4,jsoncons_bson,0.177.0,4328,16040,502,20368,231053.604436,62344.139651,49096.622152,0,1.0,dom,native,1,c4a54cdecc67,127,23
cpp,bytes,document,100,4,jsoncons_cbor,0.177.0,3749,16140,338,19889,266737.796746,61957.868649,50279.048720,0,1.0,dom,native,1,c4a54cdecc67,128,24
cpp,bytes,document,100,4,protobuf-wire,wire-v2,1616,862,164,2478,618811.881188,1160092.807425,403551.251009,0,1.0,schema,adapted,1,c4a54cdecc67,129,25
cpp,bytes,document,100,5,nlohmann_msgpack,3.11.3,2181,7808,332,9989,458505.272811,128073.770492,100110.121133,0,1.0,dom,native,1,c4a54cdecc67,130,0
cpp,bytes,document,100,5,arduinojson,7.2.1,2424,12909,458,15333,412541.254125,77465.334263,65218.809105,0,1.0,dom,native,1,c4a54cdecc67,131,1
cpp,bytes,document,100,5,simdjson,3.10.1,143,8447,458,8590,6993006.993007,118385.225524,116414.435390,0,1.0,dom,adapted,1,c4a54cdecc67,132,2
cpp,bytes,document,100,5,nlohmann_cbor,3.11.3,2526,7475,338,10001,395882.818686,133779.264214,99990.001000,0,1.0,dom,native,1,c4a54cdecc67,133,3
cpp,bytes,document,100,5,nlohmann_bson,3.11.3,2286,6648,502,8934,437445.319335,150421.179302,111931.945377,0,1.0,dom,native,1,c4a54cdecc67,134,4
cpp,bytes,document,100,5,custom_binary,harness,867,421,223,1288,1153402.537486,2375296.912114,776397.515528,0,1.0,struct,adapted,1,c4a54cdecc67,135,5
cpp,bytes,document,100,5,flexbuffers,flatbuffers-flex,5899,5631,467,11530,169520.257671,177588.350204,86730.268864,0,1.0,dom,adapted,1,c4a54cdecc67,136,6
cpp,bytes,document,100,5,protobuf-wire,wire-v2,1322,743,164,2065,756429.652042,1345895.020188,484261.501211,0,1.0,schema,adapted,1,c4a54cdecc67,137,7
cpp,bytes,document,100,5,jsoncons_bson,0.177.0,3825,16030,502,19855,261437.908497,62383.031815,50365.147318,0,1.0,dom,native,1,c4a54cdecc67,138,8
cpp,bytes,document,100,5,jsoncons_msgpack,0.177.0,2768,14561,332,17329,361271.676301,68676.601882,57706.734376,0,1.0,dom,native,1,c4a54cdecc67,139,9
cpp,bytes,document,100,5,jsoncons_cbor,0.177.0,3140,15185,338,18325,318471.337580,65854.461640,54570.259209,0,1.0,dom,native,1,c4a54cdecc67,140,10
cpp,bytes,document,100,5,cereal,1.3.2,1243,1206,267,2449,804505.229284,829187.396352,408329.930584,0,1.0,struct,native,1,c4a54cdecc67,141,11
cpp,bytes,document,100,5,capnproto,1.0.x,1079,673,392,1752,926784.059314,1485884.101040,570776.255708,0,1.0,schema,native,1,c4a54cdecc67,142,12
cpp,bytes,document,100,5,msgpack,msgpack-cxx,890,1278,332,2168,1123595.505618,782472.613459,461254.612546,0,1.0,struct,native,1,c4a54cdecc67,143,13
cpp,bytes,document,100,5,cista,0.15,404,897,328,1301,2475247.524752,1114827.201784,768639.508071,0,1.0,archive,adapted,1,c4a54cdecc67,144,14
cpp,bytes,document,100,5,nlohmann_json,3.11.3,2324,7200,458,9524,430292.598967,138888.888889,104997.900042,0,1.0,struct,native,1,c4a54cdecc67,145,15
cpp,bytes,document,100,5,flatbuffers,flatbuffers,616,732,188,1348,1623376.623377,1366120.218579,741839.762611,0,1.0,schema,adapted,1,c4a54cdecc67,146,16
cpp,bytes,document,100,5,avro_c,avro-c,2228,2660,125,4888,448833.034111,375939.849624,204582.651391,0,1.0,schema,adapted,1,c4a54cdecc67,147,17
cpp,bytes,document,100,5,yas,7.x,690,408,274,1098,1449275.362319,2450980.392157,910746.812386,0,1.0,struct,adapted,1,c4a54cdecc67,148,18
cpp,bytes,document,100,5,thrift,TBinaryProtocol,890,454,324,1344,1123595.505618,2202643.171806,744047.619048,0,1.0,schema,adapted,1,c4a54cdecc67,149,19
cpp,bytes,document,100,5,bitsery,5.2.4,246,301,190,547,4065040.650407,3322259.136213,1828153.564899,0,1.0,struct,adapted,1,c4a54cdecc67,150,20
cpp,bytes,document,100,5,nlohmann_ubjson,3.11.3,1833,8910,409,10743,545553.737043,112233.445567,93083.868566,0,1.0,dom,native,1,c4a54cdecc67,151,21
cpp,bytes,document,100,5,rapidjson,1.1.0,1718,10477,458,12195,582072.176950,95447.169991,82000.820008,0,1.0,dom,native,1,c4a54cdecc67,152,22
cpp,bytes,document,100,5,avro,binary-1.11,579,481,125,1060,1727115.716753,2079002.079002,943396.226415,0,1.0,schema,adapted,1,c4a54cdecc67,153,23
cpp,bytes,document,100,5,yyjson,0.10.0,1233,9057,458,10290,811030.008110,110411.836149,97181.729835,0,1.0,dom,adapted,1,c4a54cdecc67,154,24
cpp,bytes,document,100,5,zpp_bits,4.4.25,647,371,227,1018,1545595.054096,2695417.789757,982318.271120,0,1.0,struct,adapted,1,c4a54cdecc67,155,25
cpp,bytes,document,100,6,nlohmann_msgpack,3.11.3,2275,7478,332,9753,439560.439560,133725.595079,102532.554086,0,1.0,dom,native,1,c4a54cdecc67,156,0
cpp,bytes,document,100,6,zpp_bits,4.4.25,419,256,227,675,2386634.844869,3906250.000000,1481481.481481,0,1.0,struct,adapted,1,c4a54cdecc67,157,1
cpp,bytes,document,100,6,yyjson,0.10.0,1371,9318,458,10689,729394.602480,107319.167203,93554.121059,0,1.0,dom,adapted,1,c4a54cdecc67,158,2
cpp,bytes,document,100,6,capnproto,1.0.x,909,589,392,1498,1100110.011001,1697792.869270,667556.742323,0,1.0,schema,native,1,c4a54cdecc67,159,3
cpp,bytes,document,100,6,msgpack,msgpack-cxx,844,1152,332,1996,1184834.123223,868055.555556,501002.004008,0,1.0,struct,native,1,c4a54cdecc67,160,4
cpp,bytes,document,100,6,flatbuffers,flatbuffers,246,752,188,998,4065040.650407,1329787.234043,1002004.008016,0,1.0,schema,adapted,1,c4a54cdecc67,161,5
cpp,bytes,document,100,6,custom_binary,harness,724,410,223,1134,1381215.469613,2439024.390244,881834.215168,0,1.0,struct,adapted,1,c4a54cdecc67,162,6
cpp,bytes,document,100,6,protobuf-wire,wire-v2,1383,684,164,2067,723065.798988,1461988.304094,483792.936623,0,1.0,schema,adapted,1,c4a54cdecc67,163,7
cpp,bytes,document,100,6,jsoncons_cbor,0.177.0,2881,16017,338,18898,347101.700798,62433.664232,52915.652450,0,1.0,dom,native,1,c4a54cdecc67,164,8
cpp,bytes,document,100,6,nlohmann_json,3.11.3,2225,6365,458,8590,449438.202247,157109.190888,116414.435390,0,1.0,struct,native,1,c4a54cdecc67,165,9
cpp,bytes,document,100,6,avro_c,avro-c,2073,2271,125,4344,482392.667631,440334.654337,230202.578269,0,1.0,schema,adapted,1,c4a54cdecc67,166,10
cpp,bytes,document,100,6,simdjson,3.10.1,162,7942,458,8104,6172839.506173,125912.868295,123395.853899,0,1.0,dom,adapted,1,c4a54cdecc67,167,11
cpp,bytes,document,100,6,rapidjson,1.1.0,1943,10019,458,11962,514668.039115,99810.360315,83598.060525,0,1.0,dom,native,1,c4a54cdecc67,168,12
cpp,bytes,document,100,6,jsoncons_msgpack,0.177.0,2738,14065,332,16803,365230.094960,71098.471383,59513.182170,0,1.0,dom,native,1,c4a54cdecc67,169,13
cpp,bytes,document,100,6,cista,0.15,343,891,328,1234,2915451.895044,1122334.455668,810372.771475,0,1.0,archive,adapted,1,c4a54cdecc67,170,14
cpp,bytes,document,100,6,arduinojson,7.2.1,2551,11856,458,14407,392003.136025,84345.479082,69410.703130,0,1.0,dom,native,1,c4a54cdecc67,171,15
cpp,bytes,document,100,6,jsoncons_bson,0.177.0,3417,14923,502,18340,292654.375183,67010.654694,54525.627045,0,1.0,dom,native,1,c4a54cdecc67,172,16
cpp,bytes,document,100,6,nlohmann_cbor,3.11.3,2302,7421,338,9723,434404.865334,134752.728743,102848.914944,0,1.0,dom,native,1,c4a54cdecc67,173,17
cpp,bytes,document,100,6,bitsery,5.2.4,212,348,190,560,4716981.132075,2873563.218391,1785714.285714,0,1.0,struct,adapted,1,c4a54cdecc67,174,18
cpp,bytes,document,100,6,thrift,TBinaryProtocol,890,430,324,1320,1123595.505618,2325581.395349,757575.757576,0,1.0,schema,adapted,1,c4a54cdecc67,175,19
cpp,bytes,document,100,6,avro,binary-1.11,595,511,125,1106,1680672.268908,1956947.162427,904159.132007,0,1.0,schema,adapted,1,c4a54cdecc67,176,20
cpp,bytes,document,100,6,nlohmann_bson,3.11.3,2328,6995,502,9323,429553.264605,142959.256612,107261.611069,0,1.0,dom,native,1,c4a54cdecc67,177,21
cpp,bytes,document,100,6,cereal,1.3.2,1275,1177,267,2452,784313.725490,849617.672048,407830.342577,0,1.0,struct,native,1,c4a54cdecc67,178,22
cpp,bytes,document,100,6,nlohmann_ubjson,3.11.3,1762,7245,409,9007,567536.889898,138026.224983,111024.758521,0,1.0,dom,native,1,c4a54cdecc67,179,23
cpp,bytes,document,100,6,yas,7.x,2453,414,274,2867,407664.084794,2415458.937198,348796.651552,0,1.0,struct,adapted,1,c4a54cdecc67,180,24
cpp,bytes,document,100,6,flexbuffers,flatbuffers-flex,5063,5936,467,10999,197511.356903,168463.611860,90917.356123,0,1.0,dom,adapted,1,c4a54cdecc67,181,25
cpp,bytes,document,100,7,yyjson,0.10.0,1217,9033,458,10250,821692.686935,110705.192074,97560.975610,0,1.0,dom,adapted,1,c4a54cdecc67,182,0
cpp,bytes,document,100,7,nlohmann_bson,3.11.3,2190,7119,502,9309,456621.004566,140469.167018,107422.924052,0,1.0,dom,native,1,c4a54cdecc67,183,1
cpp,bytes,document,100,7,cista,0.15,326,854,328,1180,3067484.662577,1170960.187354,847457.627119,0,1.0,archive,adapted,1,c4a54cdecc67,184,2
cpp,bytes,document,100,7,nlohmann_json,3.11.3,2389,6390,458,8779,418585.182085,156494.522692,113908.189999,0,1.0,struct,native,1,c4a54cdecc67,185,3
cpp,bytes,document,100,7,avro_c,avro-c,2244,2543,125,4787,445632.798574,393236.335037,208899.101734,0,1.0,schema,adapted,1,c4a54cdecc67,186,4
cpp,bytes,document,100,7,yas,7.x,1151,299,274,1450,868809.730669,3344481.605351,689655.172414,0,1.0,struct,adapted,1,c4a54cdecc67,187,5
cpp,bytes,document,100,7,jsoncons_bson,0.177.0,3860,14516,502,18376,259067.357513,68889.501240,54418.807140,0,1.0,dom,native,1,c4a54cdecc67,188,6
cpp,bytes,document,100,7,nlohmann_cbor,3.11.3,2398,7062,338,9460,417014.178482,141602.945341,105708.245243,0,1.0,dom,native,1,c4a54cdecc67,189,7
cpp,bytes,document,100,7,protobuf-wire,wire-v2,1419,796,164,2215,704721.634954,1256281.407035,451467.268623,0,1.0,schema,adapted,1,c4a54cdecc67,190,8
cpp,bytes,document,100,7,simdjson,3.10.1,144,7565,458,7709,6944444.444444,132187.706543,129718.510831,0,1.0,dom,adapted,1,c4a54cdecc67,191,9
cpp,bytes,document,100,7,custom_binary,harness,725,435,223,1160,1379310.344828,2298850.574713,862068.965517,0,1.0,struct,adapted,1,c4a54cdecc67,192,10
cpp,bytes,document,100,7,avro,binary-1.11,522,371,125,893,1915708.812261,2695417.789757,1119820.828667,0,1.0,schema,adapted,1,c4a54cdecc67,193,11
cpp,bytes,document,100,7,flexbuffers,flatbuffers-flex,4440,5117,467,9557,225225.225225,195427.008013,104635.345820,0,1.0,dom,adapted,1,c4a54cdecc67,194,12
cpp,bytes,document,100,7,nlohmann_ubjson,3.11.3,1729,7538,409,9267,578368.999422,132661.183338,107909.787418,0,1.0,dom,native,1,c4a54cdecc67,195,13
cpp,bytes,document,100,7,jsoncons_msgpack,0.177.0,2602,15432,332,18034,384319.754035,64800.414723,55450.815127,0,1.0,dom,native,1,c4a54cdecc67,196,14
cpp,bytes,document,100,7,bitsery,5.2.4,229,372,190,601,4366812.227074,2688172.043011,1663893.510815,0,1.0,struct,adapted,1,c4a54cdecc67,197,15
cpp,bytes,document,100,7,thrift,TBinaryProtocol,818,424,324,1242,1222493.887531,2358490.566038,805152.979066,0,1.0,schema,adapted,1,c4a54cdecc67,198,16
cpp,bytes,document,100,7,arduinojson,7.2.1,2453,12053,458,14506,407664.084794,82966.896208,68936.991590,0,1.0,dom,native,1,c4a54cdecc67,199,17
cpp,bytes,document,100,7,cereal,1.3.2,1218,1137,267,2355,821018.062397,879507.475814,424628.450106,0,1.0,struct,native,1,c4a54cdecc67,200,18
cpp,bytes,document,100,7,rapidjson,1.1.0,1529,10110,458,11639,654022.236756,98911.968348,85918.034195,0,1.0,dom,native,1,c4a54cdecc67,201,19
cpp,bytes,document,100,7,flatbuffers,flatbuffers,401,777,188,1178,2493765.586035,1287001.287001,848896.434635,0,1.0,schema,adapted,1,c4a54cdecc67,202,20
cpp,bytes,document,100,7,nlohmann_msgpack,3.11.3,2165,7506,332,9671,461893.764434,133226.751932,103401.923276,0,1.0,dom,native,1,c4a54cdecc67,203,21
cpp,bytes,document,100,7,jsoncons_cbor,0.177.0,2833,15733,338,18566,352982.703848,63560.668658,53861.898093,0,1.0,dom,native,1,c4a54cdecc67,204,22
cpp,bytes,document,100,7,zpp_bits,4.4.25,567,322,227,889,1763668.430335,3105590.062112,1124859.392576,0,1.0,struct,adapted,1,c4a54cdecc67,205,23
cpp,bytes,document,100,7,msgpack,msgpack-cxx,1288,1233,332,2521,776397.515528,811030.008110,396667.988893,0,1.0,struct,native,1,c4a54cdecc67,206,24
cpp,bytes,document,100,7,capnproto,1.0.x,585,590,392,1175,1709401.709402,1694915.254237,851063.829787,0,1.0,schema,native,1,c4a54cdecc67,207,25
cpp,bytes,document,100,8,rapidjson,1.1.0,1150,10072,458,11222,869565.217391,99285.146942,89110.675459,0,1.0,dom,native,1,c4a54cdecc67,208,0
cpp,bytes,document,100,8,jsoncons_cbor,0.177.0,2311,14150,338,16461,432713.111207,70671.378092,60749.650690,0,1.0,dom,native,1,c4a54cdecc67,209,1
cpp,bytes,document,100,8,yyjson,0.10.0,924,8055,458,8979,1082251.082251,124146.492862,111370.976723,0,1.0,dom,adapted,1,c4a54cdecc67,210,2
cpp,bytes,document,100,8,nlohmann_msgpack,3.11.3,1977,7063,332,9040,505816.894284,141582.896786,110619.469027,0,1.0,dom,native,1,c4a54cdecc67,211,3
cpp,bytes,document,100,8,arduinojson,7.2.1,2337,10794,458,13131,427899.015832,92644.061516,76155.662173,0,1.0,dom,native,1,c4a54cdecc67,212,4
cpp,bytes,document,100,8,avro_c,avro-c,2178,2233,125,4411,459136.822773,447828.034035,226705.962367,0,1.0,schema,adapted,1,c4a54cdecc67,213,5
cpp,bytes,document,100,8,nlohmann_cbor,3.11.3,2162,6518,338,8680,462534.690102,153421.294876,115207.373272,0,1.0,dom,native,1,c4a54cdecc67,214,6
cpp,bytes,document,100,8,capnproto,1.0.x,1381,530,392,1911,724112.961622,1886792.452830,523286.237572,0,1.0,schema,native,1,c4a54cdecc67,215,7
cpp,bytes,document,100,8,nlohmann_json,3.11.3,2263,6860,458,9123,441891.294741,145772.594752,109613.065877,0,1.0,struct,native,1,c4a54cdecc67,216,8
cpp,bytes,document,100,8,jsoncons_bson,0.177.0,3410,14877,502,18287,293255.131965,67217.853062,54683.655056,0,1.0,dom,native,1,c4a54cdecc67,217,9
cpp,bytes,document,100,8,avro,binary-1.11,469,445,125,914,2132196.162047,2247191.011236,1094091.903720,0,1.0,schema,adapted,1,c4a54cdecc67,218,10
cpp,bytes,document,100,8,zpp_bits,4.4.25,520,320,227,840,1923076.923077,3125000.000000,1190476.190476,0,1.0,struct,adapted,1,c4a54cdecc67,219,11
cpp,bytes,document,100,8,simdjson,3.10.1,151,8058,458,8209,6622516.556291,124100.273021,121817.517359,0,1.0,dom,adapted,1,c4a54cdecc67,220,12
cpp,bytes,document,100,8,flexbuffers,flatbuffers-flex,4396,5261,467,9657,227479.526843,190077.931952,103551.827690,0,1.0,dom,adapted,1,c4a54cdecc67,221,13
cpp,bytes,document,100,8,thrift,TBinaryProtocol,764,436,324,1200,1308900.523560,2293577.981651,833333.333333,0,1.0,schema,adapted,1,c4a54cdecc67,222,14
cpp,bytes,document,100,8,flatbuffers,flatbuffers,712,843,188,1555,1404494.382022,1186239.620403,643086.816720,0,1.0,schema,adapted,1,c4a54cdecc67,223,15
cpp,bytes,document,100,8,cereal,1.3.2,1267,1270,267,2537,789265.982636,787401.574803,394166.338195,0,1.0,struct,native,1,c4a54cdecc67,224,16
cpp,bytes,document,100,8,bitsery,5.2.4,217,384,190,601,4608294.930876,2604166.666667,1663893.510815,0,1.0,struct,adapted,1,c4a54cdecc67,225,17
cpp,bytes,document,100,8,cista,0.15,345,934,328,1279,2898550.724638,1070663.811563,781860.828772,0,1.0,archive,adapted,1,c4a54cdecc67,226,18
cpp,bytes,document,100,8,protobuf-wire,wire-v2,1495,650,164,2145,668896.321070,1538461.538462,466200.466200,0,1.0,schema,adapted,1,c4a54cdecc67,227,19
cpp,bytes,document,100,8,nlohmann_bson,3.11.3,2496,8129,502,10625,400641.025641,123016.361176,94117.647059,0,1.0,dom,native,1,c4a54cdecc67,228,20
cpp,bytes,document,100,8,nlohmann_ubjson,3.11.3,1796,7761,409,9557,556792.873051,128849.375081,104635.345820,0,1.0,dom,native,1,c4a54cdecc67,229,21
cpp,bytes,document,100,8,yas,7.x,1461,408,274,1869,684462.696783,2450980.392157,535045.478866,0,1.0,struct,adapted,1,c4a54cdecc67,230,22
cpp,bytes,document,100,8,custom_binary,harness,870,432,223,1302,1149425.287356,2314814.814815,768049.155146,0,1.0,struct,adapted,1,c4a54cdecc67,231,23
cpp,bytes,document,100,8,jsoncons_msgpack,0.177.0,2989,16066,332,19055,334560.053530,62243.246608,52479.664130,0,1.0,dom,native,1,c4a54cdecc67,232,24
cpp,bytes,document,100,8,msgpack,msgpack-cxx,1414,1248,332,2662,707213.578501,801282.051282,375657.400451,0,1.0,struct,native,1,c4a54cdecc67,233,25
cpp,bytes,document,100,9,capnproto,1.0.x,764,621,392,1385,1308900.523560,1610305.958132,722021.660650,0,1.0,schema,native,1,c4a54cdecc67,234,0
cpp,bytes,document,100,9,nlohmann_msgpack,3.11.3,2209,8484,332,10693,452693.526483,117868.929750,93519.124661,0,1.0,dom,native,1,c4a54cdecc67,235,1
cpp,bytes,document,100,9,rapidjson,1.1.0,2561,11901,458,14462,390472.471691,84026.552391,69146.729360,0,1.0,dom,native,1,c4a54cdecc67,236,2
cpp,bytes,document,100,9,yas,7.x,567,359,274,926,1763668.430335,2785515.320334,1079913.606911,0,1.0,struct,adapted,1,c4a54cdecc67,237,3
cpp,bytes,document,100,9,msgpack,msgpack-cxx,773,1019,332,1792,1293661.060802,981354.268891,558035.714286,0,1.0,struct,native,1,c4a54cdecc67,238,4
cpp,bytes,document,100,9,nlohmann_cbor,3.11.3,2389,7954,338,10343,418585.182085,125722.906714,96683.747462,0,1.0,dom,native,1,c4a54cdecc67,239,5
cpp,bytes,document,100,9,jsoncons_msgpack,0.177.0,3021,16276,332,19297,331016.219795,61440.157287,51821.526662,0,1.0,dom,native,1,c4a54cdecc67,240,6
cpp,bytes,document,100,9,nlohmann_bson,3.11.3,2296,6924,502,9220,435540.069686,144425.187753,108459.869848,0,1.0,dom,native,1,c4a54cdecc67,241,7
cpp,bytes,document,100,9,bitsery,5.2.4,227,302,190,529,4405286.343612,3311258.278146,1890359.168242,0,1.0,struct,adapted,1,c4a54cdecc67,242,8
cpp,bytes,document,100,9,cereal,1.3.2,1206,1117,267,2323,829187.396352,895255.147717,430477.830392,0,1.0,struct,native,1,c4a54cdecc67,243,9
cpp,bytes,document,100,9,jsoncons_bson,0.177.0,4009,16558,502,20567,249438.762784,60393.767363,48621.578256,0,1.0,dom,native,1,c4a54cdecc67,244,10
cpp,bytes,document,100,9,protobuf-wire,wire-v2,1446,766,164,2212,691562.932227,1305483.028721,452079.566004,0,1.0,schema,adapted,1,c4a54cdecc67,245,11
cpp,bytes,document,100,9,zpp_bits,4.4.25,622,337,227,959,1607717.041801,2967359.050445,1042752.867570,0,1.0,struct,adapted,1,c4a54cdecc67,246,12
cpp,bytes,document,100,9,arduinojson,7.2.1,2584,12433,458,15017,386996.904025,80431.110754,66591.196644,0,1.0,dom,native,1,c4a54cdecc67,247,13
cpp,bytes,document,100,9,simdjson,3.10.1,158,8247,458,8405,6329113.924051,121256.214381,118976.799524,0,1.0,dom,adapted,1,c4a54cdecc67,248,14
cpp,bytes,document,100,9,avro,binary-1.11,523,406,125,929,1912045.889101,2463054.187192,1076426.264801,0,1.0,schema,adapted,1,c4a54cdecc67,249,15
cpp,bytes,document,100,9,jsoncons_cbor,0.177.0,3039,16731,338,19770,329055.610398,59769.290539,50581.689428,0,1.0,dom,native,1,c4a54cdecc67,250,16
cpp,bytes,document,100,9,custom_binary,harness,737,446,223,1183,1356852.103121,2242152.466368,845308.537616,0,1.0,struct,adapted,1,c4a54cdecc67,251,17
cpp,bytes,document,100,9,flatbuffers,flatbuffers,759,694,188,1453,1317523.056653,1440922.190202,688231.245699,0,1.0,schema,adapted,1,c4a54cdecc67,252,18
cpp,bytes,document,100,9,yyjson,0.10.0,873,9951,458,10824,1145475.372279,100492.412823,92387.287509,0,1.0,dom,adapted,1,c4a54cdecc67,253,19
cpp,bytes,document,100,9,avro_c,avro-c,2684,2755,125,5439,372578.241431,362976.406534,183857.326714,0,1.0,schema,adapted,1,c4a54cdecc67,254,20
cpp,bytes,document,100,9,cista,0.15,348,832,328,1180,2873563.218391,1201923.076923,847457.627119,0,1.0,archive,adapted,1,c4a54cdecc67,255,21
cpp,bytes,document,100,9,nlohmann_json,3.11.3,2579,7107,458,9686,387747.188833,140706.345856,103241.792278,0,1.0,struct,native,1,c4a54cdecc67,256,22
cpp,bytes,document,100,9,flexbuffers,flatbuffers-flex,4462,5480,467,9942,224114.746750,182481.751825,100583.383625,0,1.0,dom,adapted,1,c4a54cdecc67,257,23
cpp,bytes,document,100,9,nlohmann_ubjson,3.11.3,1798,8160,409,9958,556173.526140,122549.019608,100421.771440,0,1.0,dom,native,1,c4a54cdecc67,258,24
cpp,bytes,document,100,9,thrift,TBinaryProtocol,813,460,324,1273,1230012.300123,2173913.043478,785545.954438,0,1.0,schema,adapted,1,c4a54cdecc67,259,25
cpp,bytes,document,100,10,rapidjson,1.1.0,2633,11465,458,14098,379794.910748,87221.979939,70932.047099,0,1.0,dom,native,1,c4a54cdecc67,260,0
cpp,bytes,document,100,10,thrift,TBinaryProtocol,490,305,324,795,2040816.326531,3278688.524590,1257861.635220,0,1.0,schema,adapted,1,c4a54cdecc67,261,1
cpp,bytes,document,100,10,jsoncons_msgpack,0.177.0,2802,15954,332,18756,356887.937188,62680.205591,53316.272126,0,1.0,dom,native,1,c4a54cdecc67,262,2
cpp,bytes,document,100,10,jsoncons_bson,0.177.0,3669,14602,502,18271,272553.829381,68483.769347,54731.541788,0,1.0,dom,native,1,c4a54cdecc67,263,3
cpp,bytes,document,100,10,capnproto,1.0.x,1193,632,392,1825,838222.967309,1582278.481013,547945.205479,0,1.0,schema,native,1,c4a54cdecc67,264,4
cpp,bytes,document,100,10,nlohmann_msgpack,3.11.3,2331,8206,332,10537,429000.429000,121862.052157,94903.672772,0,1.0,dom,native,1,c4a54cdecc67,265,5
cpp,bytes,document,100,10,custom_binary,harness,797,428,223,1225,1254705.144291,2336448.598131,816326.530612,0,1.0,struct,adapted,1,c4a54cdecc67,266,6
cpp,bytes,document,100,10,nlohmann_json,3.11.3,2393,6714,458,9107,417885.499373,148942.508192,109805.644010,0,1.0,struct,native,1,c4a54cdecc67,267,7
cpp,bytes,document,100,10,jsoncons_cbor,0.177.0,3439,15413,338,18852,290782.204129,64880.295854,53044.769786,0,1.0,dom,native,1,c4a54cdecc67,268,8
cpp,bytes,document,100,10,nlohmann_bson,3.11.3,2382,7684,502,10066,419815.281276,130140.551796,99344.327439,0,1.0,dom,native,1,c4a54cdecc67,269,9
cpp,bytes,document,100,10,zpp_bits,4.4.25,562,328,227,890,1779359.430605,3048780.487805,1123595.505618,0,1.0,struct,adapted,1,c4a54cdecc67,270,10
cpp,bytes,document,100,10,nlohmann_ubjson,3.11.3,1695,7737,409,9432,589970.501475,129249.062944,106022.052587,0,1.0,dom,native,1,c4a54cdecc67,271,11
cpp,bytes,document,100,10,msgpack,msgpack-cxx,3227,1339,332,4566,309885.342423,746825.989544,219010.074463,0,1.0,struct,native,1,c4a54cdecc67,272,12
cpp,bytes,document,100,10,simdjson,3.10.1,161,8638,458,8799,6211180.124224,115767.538782,113649.278327,0,1.0,dom,adapted,1,c4a54cdecc67,273,13
cpp,bytes,document,100,10,nlohmann_cbor,3.11.3,2410,7521,338,9931,414937.759336,132961.042415,100694.794079,0,1.0,dom,native,1,c4a54cdecc67,274,14
cpp,bytes,document,100,10,cista,0.15,311,861,328,1172,3215434.083601,1161440.185830,853242.320819,0,1.0,archive,adapted,1,c4a54cdecc67,275,15
cpp,bytes,document,100,10,avro_c,avro-c,2381,2577,125,4958,419991.600168,388048.117967,201694.231545,0,1.0,schema,adapted,1,c4a54cdecc67,276,16
cpp,bytes,document,100,10,flatbuffers,flatbuffers,1199,846,188,2045,834028.356964,1182033.096927,488997.555012,0,1.0,schema,adapted,1,c4a54cdecc67,277,17
cpp,bytes,document,100,10,cereal,1.3.2,1468,1144,267,2612,681198.910082,874125.874126,382848.392037,0,1.0,struct,native,1,c4a54cdecc67,278,18
cpp,bytes,document,100,10,yas,7.x,479,427,274,906,2087682.672234,2341920.374707,1103752.759382,0,1.0,struct,adapted,1,c4a54cdecc67,279,19
cpp,bytes,document,100,10,protobuf-wire,wire-v2,1427,649,164,2076,700770.847933,1540832.049307,481695.568401,0,1.0,schema,adapted,1,c4a54cdecc67,280,20
cpp,bytes,document,100,10,flexbuffers,flatbuffers-flex,4440,6453,467,10893,225225.225225,154966.682163,91802.074727,0,1.0,dom,adapted,1,c4a54cdecc67,281,21
cpp,bytes,document,100,10,yyjson,0.10.0,981,9085,458,10066,1019367.991845,110071.546505,99344.327439,0,1.0,dom,adapted,1,c4a54cdecc67,282,22
cpp,bytes,document,100,10,bitsery,5.2.4,199,336,190,535,5025125.628141,2976190.476190,1869158.878505,0,1.0,struct,adapted,1,c4a54cdecc67,283,23
cpp,bytes,document,100,10,avro,binary-1.11,472,612,125,1084,2118644.067797,1633986.928105,922509.225092,0,1.0,schema,adapted,1,c4a54cdecc67,284,24
cpp,bytes,document,100,10,arduinojson,7.2.1,2603,12859,458,15462,384172.109105,77766.544832,64674.686328,0,1.0,dom,native,1,c4a54cdecc67,285,25
cpp,bytes,document,100,11,cista,0.15,282,820,328,1102,3546099.290780,1219512.195122,907441.016334,0,1.0,archive,adapted,1,c4a54cdecc67,286,0
cpp,bytes,document,100,11,thrift,TBinaryProtocol,849,419,324,1268,1177856.301531,2386634.844869,788643.533123,0,1.0,schema,adapted,1,c4a54cdecc67,287,1
cpp,bytes,document,100,11,avro_c,avro-c,2107,2456,125,4563,474608.448030,407166.123779,219154.065308,0,1.0,schema,adapted,1,c4a54cdecc67,288,2
cpp,bytes,document,100,11,nlohmann_bson,3.11.3,2600,7834,502,10434,384615.384615,127648.710748,95840.521372,0,1.0,dom,native,1,c4a54cdecc67,289,3
cpp,bytes,document,100,11,rapidjson,1.1.0,2323,10342,458,12665,430477.830392,96693.096113,78957.757600,0,1.0,dom,native,1,c4a54cdecc67,290,4
cpp,bytes,document,100,11,bitsery,5.2.4,168,260,190,428,5952380.952381,3846153.846154,2336448.598131,0,1.0,struct,adapted,1,c4a54cdecc67,291,5
cpp,bytes,document,100,11,arduinojson,7.2.1,2308,11557,458,13865,433275.563258,86527.645583,72124.053372,0,1.0,dom,native,1,c4a54cdecc67,292,6
cpp,bytes,document,100,11,yas,7.x,562,371,274,933,1779359.430605,2695417.789757,1071811.361200,0,1.0,struct,adapted,1,c4a54cdecc67,293,7
cpp,bytes,document,100,11,nlohmann_json,3.11.3,2332,7510,458,9842,428816.466552,133155.792277,101605.364763,0,1.0,struct,native,1,c4a54cdecc67,294,8
cpp,bytes,document,100,11,msgpack,msgpack-cxx,1318,1149,332,2467,758725.341426,870322.019147,405350.628293,0,1.0,struct,native,1,c4a54cdecc67,295,9
cpp,bytes,document,100,11,nlohmann_cbor,3.11.3,2384,7679,338,10063,419463.087248,130225.289751,99373.944152,0,1.0,dom,native,1,c4a54cdecc67,296,10
cpp,bytes,document,100,11,simdjson,3.10.1,141,8520,458,8661,7092198.581560,117370.892019,115460.108533,0,1.0,dom,adapted,1,c4a54cdecc67,297,11
cpp,bytes,document,100,11,capnproto,1.0.x,1437,534,392,1971,695894.224078,1872659.176030,507356.671740,0,1.0,schema,native,1,c4a54cdecc67,298,12
cpp,bytes,document,100,11,protobuf-wire,wire-v2,1455,759,164,2214,687285.223368,1317523.056653,451671.183379,0,1.0,schema,adapted,1,c4a54cdecc67,299,13
cpp,bytes,document,100,11,flatbuffers,flatbuffers,228,635,188,863,4385964.912281,1574803.149606,1158748.551564,0,1.0,schema,adapted,1,c4a54cdecc67,300,14
cpp,bytes,document,100,11,nlohmann_msgpack,3.11.3,2173,7799,332,9972,460193.281178,128221.566868,100280.786201,0,1.0,dom,native,1,c4a54cdecc67,301,15
cpp,bytes,document,100,11,jsoncons_msgpack,0.177.0,2690,16433,332,19123,371747.211896,60853.161322,52293.050254,0,1.0,dom,native,1,c4a54cdecc67,302,16
cpp,bytes,document,100,11,avro,binary-1.11,466,397,125,863,2145922.746781,2518891.687657,1158748.551564,0,1.0,schema,adapted,1,c4a54cdecc67,303,17
cpp,bytes,document,100,11,zpp_bits,4.4.25,503,289,227,792,1988071.570577,3460207.612457,1262626.262626,0,1.0,struct,adapted,1,c4a54cdecc67,304,18
cpp,bytes,document,100,11,flexbuffers,flatbuffers-flex,4157,5266,467,9423,240558.094780,189897.455374,106123.315292,0,1.0,dom,adapted,1,c4a54cdecc67,305,19
cpp,bytes,document,100,11,nlohmann_ubjson,3.11.3,1700,8532,409,10232,588235.294118,117205.813408,97732.603597,0,1.0,dom,native,1,c4a54cdecc67,306,20
cpp,bytes,document,100,11,custom_binary,harness,826,405,223,1231,1210653.753027,2469135.802469,812347.684809,0,1.0,struct,adapted,1,c4a54cdecc67,307,21
cpp,bytes,document,100,11,jsoncons_cbor,0.177.0,3182,16752,338,19934,314267.756128,59694.364852,50165.546303,0,1.0,dom,native,1,c4a54cdecc67,308,22
cpp,bytes,document,100,11,jsoncons_bson,0.177.0,4122,15009,502,19131,242600.679282,66626.690652,52271.182897,0,1.0,dom,native,1,c4a54cdecc67,309,23
cpp,bytes,document,100,11,yyjson,0.10.0,1121,9348,458,10469,892060.660125,106974.753958,95520.106983,0,1.0,dom,adapted,1,c4a54cdecc67,310,24
cpp,bytes,document,100,11,cereal,1.3.2,1331,1164,267,2495,751314.800902,859106.529210,400801.603206,0,1.0,struct,native,1,c4a54cdecc67,311,25
cpp,bytes,document,100,12,custom_binary,harness,648,353,223,1001,1543209.876543,2832861.189802,999000.999001,0,1.0,struct,adapted,1,c4a54cdecc67,312,0
cpp,bytes,document,100,12,protobuf-wire,wire-v2,1313,770,164,2083,761614.623001,1298701.298701,480076.812290,0,1.0,schema,adapted,1,c4a54cdecc67,313,1
cpp,bytes,document,100,12,nlohmann_ubjson,3.11.3,1642,8182,409,9824,609013.398295,122219.506233,101791.530945,0,1.0,dom,native,1,c4a54cdecc67,314,2
cpp,bytes,document,100,12,rapidjson,1.1.0,1897,11347,458,13244,527148.128624,88129.020887,75505.889459,0,1.0,dom,native,1,c4a54cdecc67,315,3
cpp,bytes,document,100,12,nlohmann_msgpack,3.11.3,2236,7801,332,10037,447227.191413,128188.693757,99631.363953,0,1.0,dom,native,1,c4a54cdecc67,316,4
cpp,bytes,document,100,12,jsoncons_bson,0.177.0,3655,15497,502,19152,273597.811218,64528.618442,52213.868003,0,1.0,dom,native,1,c4a54cdecc67,317,5
cpp,bytes,document,100,12,msgpack,msgpack-cxx,1365,1179,332,2544,732600.732601,848176.420696,393081.761006,0,1.0,struct,native,1,c4a54cdecc67,318,6
cpp,bytes,document,100,12,nlohmann_cbor,3.11.3,2324,7344,338,9668,430292.598967,136165.577342,103434.009102,0,1.0,dom,native,1,c4a54cdecc67,319,7
cpp,bytes,document,100,12,simdjson,3.10.1,141,7977,458,8118,7092198.581560,125360.411182,123183.050012,0,1.0,dom,adapted,1,c4a54cdecc67,320,8
cpp,bytes,document,100,12,zpp_bits,4.4.25,566,323,227,889,1766784.452297,3095975.232198,1124859.392576,0,1.0,struct,adapted,1,c4a54cdecc67,321,9
cpp,bytes,document,100,12,avro,binary-1.11,442,405,125,847,2262443.438914,2469135.802469,1180637.544274,0,1.0,schema,adapted,1,c4a54cdecc67,322,10
cpp,bytes,document,100,12,nlohmann_json,3.11.3,2482,6744,458,9226,402900.886382,148279.952550,108389.334489,0,1.0,struct,native,1,c4a54cdecc67,323,11
cpp,bytes,document,100,12,arduinojson,7.2.1,2474,12746,458,15220,404203.718674,78455.986192,65703.022339,0,1.0,dom,native,1,c4a54cdecc67,324,12
cpp,bytes,document,100,12,jsoncons_msgpack,0.177.0,2557,15102,332,17659,391083.300743,66216.395179,56628.348151,0,1.0,dom,native,1,c4a54cdecc67,325,13
cpp,bytes,document,100,12,bitsery,5.2.4,236,342,190,578,4237288.135593,2923976.608187,1730103.806228,0,1.0,struct,adapted,1,c4a54cdecc67,326,14
cpp,bytes,document,100,12,yyjson,0.10.0,967,8802,458,9769,1034126.163392,113610.543058,102364.622786,0,1.0,dom,adapted,1,c4a54cdecc67,327,15
cpp,bytes,document,100,12,cereal,1.3.2,1165,1123,267,2288,858369.098712,890471.950134,437062.937063,0,1.0,struct,native,1,c4a54cdecc67,328,16
cpp,bytes,document,100,12,flexbuffers,flatbuffers-flex,4164,5294,467,9458,240153.698367,188893.086513,105730.598435,0,1.0,dom,adapted,1,c4a54cdecc67,329,17
cpp,bytes,document,100,12,nlohmann_bson,3.11.3,2350,7573,502,9923,425531.914894,132048.065496,100775.975008,0,1.0,dom,native,1,c4a54cdecc67,330,18
cpp,bytes,document,100,12,jsoncons_cbor,0.177.0,7169,16928,338,24097,139489.468545,59073.724008,41498.941777,0,1.0,dom,native,1,c4a54cdecc67,331,19
cpp,bytes,document,100,12,cista,0.15,319,931,328,1250,3134796.238245,1074113.856069,800000.000000,0,1.0,archive,adapted,1,c4a54cdecc67,332,20
cpp,bytes,document,100,12,flatbuffers,flatbuffers,671,819,188,1490,1490312.965723,1221001.221001,671140.939597,0,1.0,schema,adapted,1,c4a54cdecc67,333,21
cpp,bytes,document,100,12,capnproto,1.0.x,665,568,392,1233,1503759.398496,1760563.380282,811030.008110,0,1.0,schema,native,1,c4a54cdecc67,334,22
cpp,bytes,document,100,12,thrift,TBinaryProtocol,834,443,324,1277,1199040.767386,2257336.343115,783085.356304,0,1.0,schema,adapted,1,c4a54cdecc67,335,23
cpp,bytes,document,100,12,avro_c,avro-c,2783,2731,125,5514,359324.469996,366166.239473,181356.546971,0,1.0,schema,adapted,1,c4a54cdecc67,336,24
cpp,bytes,document,100,12,yas,7.x,602,417,274,1019,1661129.568106,2398081.534772,981354.268891,0,1.0,struct,adapted,1,c4a54cdecc67,337,25
cpp,bytes,document,100,13,jsoncons_bson,0.177.0,3486,30867,502,34353,286861.732645,32397.058347,29109.539196,0,1.0,dom,native,1,c4a54cdecc67,338,0
cpp,bytes,document,100,13,cereal,1.3.2,1626,1302,267,2928,615006.150062,768049.155146,341530.054645,0,1.0,struct,native,1,c4a54cdecc67,339,1
cpp,bytes,document,100,13,nlohmann_msgpack,3.11.3,2372,8153,332,10525,421585.160202,122654.237704,95011.876485,0,1.0,dom,native,1,c4a54cdecc67,340,2
cpp,bytes,document,100,13,jsoncons_cbor,0.177.0,2943,16977,338,19920,339789.330615,58903.222006,50200.803213,0,1.0,dom,native,1,c4a54cdecc67,341,3
cpp,bytes,document,100,13,yyjson,0.10.0,896,8156,458,9052,1116071.428571,122609.122119,110472.823685,0,1.0,dom,adapted,1,c4a54cdecc67,342,4
cpp,bytes,document,100,13,simdjson,3.10.1,141,7357,458,7498,7092198.581560,135924.969417,133368.898373,0,1.0,dom,adapted,1,c4a54cdecc67,343,5
cpp,bytes,document,100,13,protobuf-wire,wire-v2,1233,746,164,1979,811030.008110,1340482.573727,505305.709955,0,1.0,schema,adapted,1,c4a54cdecc67,344,6
cpp,bytes,document,100,13,nlohmann_cbor,3.11.3,2119,6758,338,8877,471920.717319,147972.773010,112650.670271,0,1.0,dom,native,1,c4a54cdecc67,345,7
cpp,bytes,document,100,13,rapidjson,1.1.0,2270,11083,458,13353,440528.634361,90228.277542,74889.537932,0,1.0,dom,native,1,c4a54cdecc67,346,8
cpp,bytes,document,100,13,nlohmann_json,3.11.3,2185,6914,458,9099,457665.903890,144634.075788,109902.187054,0,1.0,struct,native,1,c4a54cdecc67,347,9
cpp,bytes,document,100,13,thrift,TBinaryProtocol,751,357,324,1108,1331557.922770,2801120.448179,902527.075812,0,1.0,schema,adapted,1,c4a54cdecc67,348,10
cpp,bytes,document,100,13,arduinojson,7.2.1,2473,10665,458,13138,404367.165386,93764.650727,76115.086010,0,1.0,dom,native,1,c4a54cdecc67,349,11
cpp,bytes,document,100,13,yas,7.x,1022,321,274,1343,978473.581213,3115264.797508,744601.638124,0,1.0,struct,adapted,1,c4a54cdecc67,350,12
cpp,bytes,document,100,13,cista,0.15,281,759,328,1040,3558718.861210,1317523.056653,961538.461538,0,1.0,archive,adapted,1,c4a54cdecc67,351,13
cpp,bytes,document,100,13,flexbuffers,flatbuffers-flex,3961,5393,467,9354,252461.499621,185425.551641,106906.136412,0,1.0,dom,adapted,1,c4a54cdecc67,352,14
cpp,bytes,document,100,13,jsoncons_msgpack,0.177.0,2527,15084,332,17611,395726.157499,66295.412357,56782.692635,0,1.0,dom,native,1,c4a54cdecc67,353,15
cpp,bytes,document,100,13,nlohmann_bson,3.11.3,4607,6867,502,11474,217060.994139,145623.998835,87153.564581,0,1.0,dom,native,1,c4a54cdecc67,354,16
cpp,bytes,document,100,13,flatbuffers,flatbuffers,1043,744,188,1787,958772.770853,1344086.021505,559597.090095,0,1.0,schema,adapted,1,c4a54cdecc67,355,17
cpp,bytes,document,100,13,avro_c,avro-c,2128,2259,125,4387,469924.812030,442673.749447,227946.204696,0,1.0,schema,adapted,1,c4a54cdecc67,356,18
cpp,bytes,document,100,13,msgpack,msgpack-cxx,1058,1179,332,2237,945179.584121,848176.420696,447027.268663,0,1.0,struct,native,1,c4a54cdecc67,357,19
cpp,bytes,document,100,13,custom_binary,harness,728,361,223,1089,1373626.373626,2770083.102493,918273.645546,0,1.0,struct,adapted,1,c4a54cdecc67,358,20
cpp,bytes,document,100,13,capnproto,1.0.x,578,575,392,1153,1730103.806228,1739130.434783,867302.688638,0,1.0,schema,native,1,c4a54cdecc67,359,21
cpp,bytes,document,100,13,bitsery,5.2.4,228,280,190,508,4385964.912281,3571428.571429,1968503.937008,0,1.0,struct,adapted,1,c4a54cdecc67,360,22
cpp,bytes,document,100,13,zpp_bits,4.4.25,560,337,227,897,1785714.285714,2967359.050445,1114827.201784,0,1.0,struct,adapted,1,c4a54cdecc67,361,23
cpp,bytes,document,100,13,nlohmann_ubjson,3.11.3,1710,8246,409,9956,584795.321637,121270.919234,100441.944556,0,1.0,dom,native,1,c4a54cdecc67,362,24
cpp,bytes,document,100,13,avro,binary-1.11,460,477,125,937,2173913.043478,2096436.058700,1067235.859125,0,1.0,schema,adapted,1,c4a54cdecc67,363,25
cpp,bytes,document,100,14,simdjson,3.10.1,130,8077,458,8207,7692307.692308,123808.344682,121847.203607,0,1.0,dom,adapted,1,c4a54cdecc67,364,0
cpp,bytes,document,100,14,thrift,TBinaryProtocol,807,433,324,1240,1239157.372986,2309468.822171,806451.612903,0,1.0,schema,adapted,1,c4a54cdecc67,365,1
cpp,bytes,document,100,14,yyjson,0.10.0,1482,8132,458,9614,674763.832659,122970.978849,104014.978157,0,1.0,dom,adapted,1,c4a54cdecc67,366,2
cpp,bytes,document,100,14,nlohmann_ubjson,3.11.3,1425,7573,409,8998,701754.385965,132048.065496,111135.807957,0,1.0,dom,native,1,c4a54cdecc67,367,3
cpp,bytes,document,100,14,flexbuffers,flatbuffers-flex,3777,4790,467,8567,264760.391845,208768.267223,116726.975604,0,1.0,dom,adapted,1,c4a54cdecc67,368,4
cpp,bytes,document,100,14,cereal,1.3.2,1304,1028,267,2332,766871.165644,972762.645914,428816.466552,0,1.0,struct,native,1,c4a54cdecc67,369,5
cpp,bytes,document,100,14,avro_c,avro-c,1743,2164,125,3907,573723.465290,462107.208872,255950.857435,0,1.0,schema,adapted,1,c4a54cdecc67,370,6
cpp,bytes,document,100,14,flatbuffers,flatbuffers,1065,760,188,1825,938967.136150,1315789.473684,547945.205479,0,1.0,schema,adapted,1,c4a54cdecc67,371,7
cpp,bytes,document,100,14,protobuf-wire,wire-v2,1337,579,164,1916,747943.156320,1727115.716753,521920.668058,0,1.0,schema,adapted,1,c4a54cdecc67,372,8
cpp,bytes,document,100,14,msgpack,msgpack-cxx,953,1029,332,1982,1049317.943337,971817.298348,504540.867810,0,1.0,struct,native,1,c4a54cdecc67,373,9
cpp,bytes,document,100,14,jsoncons_msgpack,0.177.0,2507,14705,332,17212,398883.127244,68004.080245,58099.000697,0,1.0,dom,native,1,c4a54cdecc67,374,10
cpp,bytes,document,100,14,nlohmann_cbor,3.11.3,2305,7454,338,9759,433839.479393,134156.157768,102469.515319,0,1.0,dom,native,1,c4a54cdecc67,375,11
cpp,bytes,document,100,14,jsoncons_cbor,0.177.0,3302,15910,338,19212,302846.759540,62853.551226,52050.801582,0,1.0,dom,native,1,c4a54cdecc67,376,12
cpp,bytes,document,100,14,arduinojson,7.2.1,2436,12577,458,15013,410509.031199,79510.217063,66608.938920,0,1.0,dom,native,1,c4a54cdecc67,377,13
cpp,bytes,document,100,14,nlohmann_json,3.11.3,2337,6868,458,9205,427899.015832,145602.795574,108636.610538,0,1.0,struct,native,1,c4a54cdecc67,378,14
cpp,bytes,document,100,14,nlohmann_msgpack,3.11.3,2343,7373,332,9716,426803.243705,135630.001356,102923.013586,0,1.0,dom,native,1,c4a54cdecc67,379,15
cpp,bytes,document,100,14,capnproto,1.0.x,1483,527,392,2010,674308.833446,1897533.206831,497512.437811,0,1.0,schema,native,1,c4a54cdecc67,380,16
cpp,bytes,document,100,14,rapidjson,1.1.0,1246,11107,458,12353,802568.218299,90033.312326,80951.995467,0,1.0,dom,native,1,c4a54cdecc67,381,17
cpp,bytes,document,100,14,nlohmann_bson,3.11.3,2222,6991,502,9213,450045.004500,143041.052782,108542.277217,0,1.0,dom,native,1,c4a54cdecc67,382,18
cpp,bytes,document,100,14,jsoncons_bson,0.177.0,4466,15281,502,19747,223914.017017,65440.743407,50640.603636,0,1.0,dom,native,1,c4a54cdecc67,383,19
cpp,bytes,document,100,14,custom_binary,harness,691,382,223,1073,1447178.002894,2617801.047120,931966.449208,0,1.0,struct,adapted,1,c4a54cdecc67,384,20
cpp,bytes,document,100,14,avro,binary-1.11,476,459,125,935,2100840.336134,2178649.237473,1069518.716578,0,1.0,schema,adapted,1,c4a54cdecc67,385,21
cpp,bytes,document,100,14,zpp_bits,4.4.25,574,330,227,904,1742160.278746,3030303.030303,1106194.690265,0,1.0,struct,adapted,1,c4a54cdecc67,386,22
cpp,bytes,document,100,14,cista,0.15,330,764,328,1094,3030303.030303,1308900.523560,914076.782450,0,1.0,archive,adapted,1,c4a54cdecc67,387,23
cpp,bytes,document,100,14,yas,7.x,845,373,274,1218,1183431.952663,2680965.147453,821018.062397,0,1.0,struct,adapted,1,c4a54cdecc67,388,24
cpp,bytes,document,100,14,bitsery,5.2.4,210,298,190,508,4761904.761905,3355704.697987,1968503.937008,0,1.0,struct,adapted,1,c4a54cdecc67,389,25
cpp,bytes,document,100,15,simdjson,3.10.1,123,8254,458,8377,8130081.300813,121153.380179,119374.477737,0,1.0,dom,adapted,1,c4a54cdecc67,390,0
cpp,bytes,document,100,15,msgpack,msgpack-cxx,1192,1049,332,2241,838926.174497,953288.846520,446229.361892,0,1.0,struct,native,1,c4a54cdecc67,391,1
cpp,bytes,document,100,15,arduinojson,7.2.1,2395,11234,458,13629,417536.534447,89015.488695,73372.954729,0,1.0,dom,native,1,c4a54cdecc67,392,2
cpp,bytes,document,100,15,nlohmann_msgpack,3.11.3,2194,7460,332,9654,455788.514129,134048.257373,103584.006629,0,1.0,dom,native,1,c4a54cdecc67,393,3
cpp,bytes,document,100,15,custom_binary,harness,632,380,223,1012,1582278.481013,2631578.947368,988142.292490,0,1.0,struct,adapted,1,c4a54cdecc67,394,4
cpp,bytes,document,100,15,nlohmann_json,3.11.3,2167,6386,458,8553,461467.466544,156592.546195,116918.040454,0,1.0,struct,native,1,c4a54cdecc67,395,5
cpp,bytes,document,100,15,cista,0.15,243,683,328,926,4115226.337449,1464128.843338,1079913.606911,0,1.0,archive,adapted,1,c4a54cdecc67,396,6
cpp,bytes,document,100,15,avro_c,avro-c,2045,2226,125,4271,488997.555012,449236.298293,234137.204402,0,1.0,schema,adapted,1,c4a54cdecc67,397,7
cpp,bytes,document,100,15,flexbuffers,flatbuffers-flex,3782,4877,467,8659,264410.364886,205044.084478,115486.776764,0,1.0,dom,adapted,1,c4a54cdecc67,398,8
cpp,bytes,document,100,15,nlohmann_ubjson,3.11.3,1604,7822,409,9426,623441.396509,127844.541038,106089.539571,0,1.0,dom,native,1,c4a54cdecc67,399,9
cpp,bytes,document,100,15,jsoncons_bson,0.177.0,3507,15715,502,19222,285143.997719,63633.471206,52023.722818,0,1.0,dom,native,1,c4a54cdecc67,400,10
cpp,bytes,document,100,15,protobuf-wire,wire-v2,1405,725,164,2130,711743.772242,1379310.344828,469483.568075,0,1.0,schema,adapted,1,c4a54cdecc67,401,11
cpp,bytes,document,100,15,rapidjson,1.1.0,1295,10778,458,12073,772200.772201,92781.592132,82829.454154,0,1.0,dom,native,1,c4a54cdecc67,402,12
cpp,bytes,document,100,15,avro,binary-1.11,388,367,125,755,2577319.587629,2724795.640327,1324503.311258,0,1.0,schema,adapted,1,c4a54cdecc67,403,13
cpp,bytes,document,100,15,bitsery,5.2.4,189,276,190,465,5291005.291005,3623188.405797,2150537.634409,0,1.0,struct,adapted,1,c4a54cdecc67,404,14
cpp,bytes,document,100,15,jsoncons_msgpack,0.177.0,2500,14279,332,16779,400000.000000,70032.915470,59598.307408,0,1.0,dom,native,1,c4a54cdecc67,405,15
cpp,bytes,document,100,15,cereal,1.3.2,1234,1083,267,2317,810372.771475,923361.034164,431592.576608,0,1.0,struct,native,1,c4a54cdecc67,406,16
cpp,bytes,document,100,15,nlohmann_cbor,3.11.3,2366,6985,338,9351,422654.268808,143163.922691,106940.434178,0,1.0,dom,native,1,c4a54cdecc67,407,17
cpp,bytes,document,100,15,jsoncons_cbor,0.177.0,3071,15119,338,18190,325626.831651,66141.940605,54975.261132,0,1.0,dom,native,1,c4a54cdecc67,408,18
cpp,bytes,document,100,15,capnproto,1.0.x,938,482,392,1420,1066098.081023,2074688.796680,704225.352113,0,1.0,schema,native,1,c4a54cdecc67,409,19
cpp,bytes,document,100,15,nlohmann_bson,3.11.3,2711,7218,502,9929,368867.576540,138542.532557,100715.077047,0,1.0,dom,native,1,c4a54cdecc67,410,20
cpp,bytes,document,100,15,yyjson,0.10.0,1287,8051,458,9338,777000.777001,124208.172898,107089.312487,0,1.0,dom,adapted,1,c4a54cdecc67,411,21
cpp,bytes,document,100,15,yas,7.x,748,379,274,1127,1336898.395722,2638522.427441,887311.446318,0,1.0,struct,adapted,1,c4a54cdecc67,412,22
cpp,bytes,document,100,15,flatbuffers,flatbuffers,224,675,188,899,4464285.714286,1481481.481481,1112347.052280,0,1.0,schema,adapted,1,c4a54cdecc67,413,23
cpp,bytes,document,100,15,zpp_bits,4.4.25,539,298,227,837,1855287.569573,3355704.697987,1194743.130227,0,1.0,struct,adapted,1,c4a54cdecc67,414,24
cpp,bytes,document,100,15,thrift,TBinaryProtocol,802,468,324,1270,1246882.793017,2136752.136752,787401.574803,0,1.0,schema,adapted,1,c4a54cdecc67,415,25
cpp,bytes,document,100,16,yas,7.x,356,205,274,561,2808988.764045,4878048.780488,1782531.194296,0,1.0,struct,adapted,1,c4a54cdecc67,416,0
cpp,bytes,document,100,16,yyjson,0.10.0,438,7557,458,7995,2283105.022831,132327.643245,125078.173859,0,1.0,dom,adapted,1,c4a54cdecc67,417,1
cpp,bytes,document,100,16,simdjson,3.10.1,141,7877,458,8018,7092198.581560,126951.885235,124719.381392,0,1.0,dom,adapted,1,c4a54cdecc67,418,2
cpp,bytes,document,100,16,jsoncons_bson,0.177.0,3564,14230,502,17794,280583.613917,70274.068869,56198.718669,0,1.0,dom,native,1,c4a54cdecc67,419,3
cpp,bytes,document,100,16,cista,0.15,335,768,328,1103,2985074.626866,1302083.333333,906618.313690,0,1.0,archive,adapted,1,c4a54cdecc67,420,4
cpp,bytes,document,100,16,msgpack,msgpack-cxx,1212,1074,332,2286,825082.508251,931098.696462,437445.319335,0,1.0,struct,native,1,c4a54cdecc67,421,5
cpp,bytes,document,100,16,flatbuffers,flatbuffers,207,682,188,889,4830917.874396,1466275.659824,1124859.392576,0,1.0,schema,adapted,1,c4a54cdecc67,422,6
cpp,bytes,document,100,16,nlohmann_cbor,3.11.3,2239,6869,338,9108,446627.958910,145581.598486,109793.588054,0,1.0,dom,native,1,c4a54cdecc67,423,7
cpp,bytes,document,100,16,flexbuffers,flatbuffers-flex,3644,4991,467,8635,274423.710209,200360.649169,115807.759120,0,1.0,dom,adapted,1,c4a54cdecc67,424,8
cpp,bytes,document,100,16,thrift,TBinaryProtocol,752,345,324,1097,1329787.234043,2898550.724638,911577.028259,0,1.0,schema,adapted,1,c4a54cdecc67,425,9
cpp,bytes,document,100,16,nlohmann_msgpack,3.11.3,2136,6508,332,8644,468164.794007,153657.037492,115687.181860,0,1.0,dom,native,1,c4a54cdecc67,426,10
cpp,bytes,document,100,16,protobuf-wire,wire-v2,1347,639,164,1986,742390.497402,1564945.226917,503524.672709,0,1.0,schema,adapted,1,c4a54cdecc67,427,11
cpp,bytes,document,100,16,nlohmann_json,3.11.3,2248,6327,458,8575,444839.857651,158052.789632,116618.075802,0,1.0,struct,native,1,c4a54cdecc67,428,12
cpp,bytes,document,100,16,avro,binary-1.11,429,399,125,828,2331002.331002,2506265.664160,1207729.468599,0,1.0,schema,adapted,1,c4a54cdecc67,429,13
cpp,bytes,document,100,16,nlohmann_bson,3.11.3,2188,6278,502,8466,457038.391225,159286.396942,118119.536971,0,1.0,dom,native,1,c4a54cdecc67,430,14
cpp,bytes,document,100,16,jsoncons_msgpack,0.177.0,2685,15030,332,17715,372439.478585,66533.599468,56449.336720,0,1.0,dom,native,1,c4a54cdecc67,431,15
cpp,bytes,document,100,16,bitsery,5.2.4,238,295,190,533,4201680.672269,3389830.508475,1876172.607880,0,1.0,struct,adapted,1,c4a54cdecc67,432,16
cpp,bytes,document,100,16,rapidjson,1.1.0,1188,12449,458,13637,841750.841751,80327.737168,73329.911271,0,1.0,dom,native,1,c4a54cdecc67,433,17
cpp,bytes,document,100,16,avro_c,avro-c,2110,2477,125,4587,473933.649289,403714.170367,218007.412252,0,1.0,schema,adapted,1,c4a54cdecc67,434,18
cpp,bytes,document,100,16,arduinojson,7.2.1,2302,11208,458,13510,434404.865334,89221.984297,74019.245004,0,1.0,dom,native,1,c4a54cdecc67,435,19
cpp,bytes,document,100,16,cereal,1.3.2,1206,1028,267,2234,829187.396352,972762.645914,447627.573859,0,1.0,struct,native,1,c4a54cdecc67,436,20
cpp,bytes,document,100,16,custom_binary,harness,703,341,223,1044,1422475.106686,2932551.319648,957854.406130,0,1.0,struct,adapted,1,c4a54cdecc67,437,21
cpp,bytes,document,100,16,zpp_bits,4.4.25,558,318,227,876,1792114.695341,3144654.088050,1141552.511416,0,1.0,struct,adapted,1,c4a54cdecc67,438,22
cpp,bytes,document,100,16,capnproto,1.0.x,721,497,392,1218,1386962.552011,2012072.434608,821018.062397,0,1.0,schema,native,1,c4a54cdecc67,439,23
cpp,bytes,document,100,16,nlohmann_ubjson,3.11.3,1629,8196,409,9825,613873.542050,122010.736945,101781.170483,0,1.0,dom,native,1,c4a54cdecc67,440,24
cpp,bytes,document,100,16,jsoncons_cbor,0.177.0,3313,15751,338,19064,301841.231512,63488.032506,52454.888796,0,1.0,dom,native,1,c4a54cdecc67,441,25
cpp,bytes,document,100,17,capnproto,1.0.x,844,439,392,1283,1184834.123223,2277904.328018,779423.226812,0,1.0,schema,native,1,c4a54cdecc67,442,0
cpp,bytes,document,100,17,nlohmann_cbor,3.11.3,2088,7188,338,9276,478927.203065,139120.756817,107805.088400,0,1.0,dom,native,1,c4a54cdecc67,443,1
cpp,bytes,document,100,17,zpp_bits,4.4.25,387,279,227,666,2583979.328165,3584229.390681,1501501.501502,0,1.0,struct,adapted,1,c4a54cdecc67,444,2
cpp,bytes,document,100,17,simdjson,3.10.1,144,7897,458,8041,6944444.444444,126630.365962,124362.641463,0,1.0,dom,adapted,1,c4a54cdecc67,445,3
cpp,bytes,document,100,17,nlohmann_ubjson,3.11.3,1458,7053,409,8511,685871.056241,141783.638168,117495.006462,0,1.0,dom,native,1,c4a54cdecc67,446,4
cpp,bytes,document,100,17,yyjson,0.10.0,1460,8547,458,10007,684931.506849,117000.117000,99930.048966,0,1.0,dom,adapted,1,c4a54cdecc67,447,5
cpp,bytes,document,100,17,arduinojson,7.2.1,2184,12927,458,15111,457875.457875,77357.468864,66176.957184,0,1.0,dom,native,1,c4a54cdecc67,448,6
cpp,bytes,document,100,17,custom_binary,harness,720,474,223,1194,1388888.888889,2109704.641350,837520.938023,0,1.0,struct,adapted,1,c4a54cdecc67,449,7
cpp,bytes,document,100,17,flatbuffers,flatbuffers,390,771,188,1161,2564102.564103,1297016.861219,861326.442722,0,1.0,schema,adapted,1,c4a54cdecc67,450,8
cpp,bytes,document,100,17,yas,7.x,393,362,274,755,2544529.262087,2762430.939227,1324503.311258,0,1.0,struct,adapted,1,c4a54cdecc67,451,9
cpp,bytes,document,100,17,msgpack,msgpack-cxx,828,1069,332,1897,1207729.468599,935453.695042,527148.128624,0,1.0,struct,native,1,c4a54cdecc67,452,10
cpp,bytes,document,100,17,nlohmann_bson,3.11.3,2104,7151,502,9255,475285.171103,139840.581737,108049.702863,0,1.0,dom,native,1,c4a54cdecc67,453,11
cpp,bytes,document,100,17,nlohmann_json,3.11.3,2261,6893,458,9154,442282.176028,145074.713477,109241.861481,0,1.0,struct,native,1,c4a54cdecc67,454,12
cpp,bytes,document,100,17,avro_c,avro-c,2233,12698,125,14931,447828.034035,78752.559458,66974.750519,0,1.0,schema,adapted,1,c4a54cdecc67,455,13
cpp,bytes,document,100,17,flexbuffers,flatbuffers-flex,3935,5110,467,9045,254129.606099,195694.716243,110558.319514,0,1.0,dom,adapted,1,c4a54cdecc67,456,14
cpp,bytes,document,100,17,nlohmann_msgpack,3.11.3,2207,6899,332,9106,453103.760761,144948.543267,109817.702614,0,1.0,dom,native,1,c4a54cdecc67,457,15
cpp,bytes,document,100,17,avro,binary-1.11,502,438,125,940,1992031.872510,2283105.022831,1063829.787234,0,1.0,schema,adapted,1,c4a54cdecc67,458,16
cpp,bytes,document,100,17,bitsery,5.2.4,225,300,190,525,4444444.444444,3333333.333333,1904761.904762,0,1.0,struct,adapted,1,c4a54cdecc67,459,17
cpp,bytes,document,100,17,thrift,TBinaryProtocol,880,450,324,1330,1136363.636364,2222222.222222,751879.699248,0,1.0,schema,adapted,1,c4a54cdecc67,460,18
cpp,bytes,document,100,17,jsoncons_cbor,0.177.0,3308,17373,338,20681,302297.460701,57560.582513,48353.561240,0,1.0,dom,native,1,c4a54cdecc67,461,19
cpp,bytes,document,100,17,protobuf-wire,wire-v2,1474,761,164,2235,678426.051560,1314060.446781,447427.293065,0,1.0,schema,adapted,1,c4a54cdecc67,462,20
cpp,bytes,document,100,17,jsoncons_msgpack,0.177.0,2873,14704,332,17577,348068.221371,68008.705114,56892.530011,0,1.0,dom,native,1,c4a54cdecc67,463,21
cpp,bytes,document,100,17,jsoncons_bson,0.177.0,4182,14819,502,19001,239120.038259,67480.936635,52628.809010,0,1.0,dom,native,1,c4a54cdecc67,464,22
cpp,bytes,document,100,17,cereal,1.3.2,1266,1119,267,2385,789889.415482,893655.049151,419287.211740,0,1.0,struct,native,1,c4a54cdecc67,465,23
cpp,bytes,document,100,17,rapidjson,1.1.0,1934,11843,458,13777,517063.081696,84438.064680,72584.742687,0,1.0,dom,native,1,c4a54cdecc67,466,24
cpp,bytes,document,100,17,cista,0.15,341,889,328,1230,2932551.319648,1124859.392576,813008.130081,0,1.0,archive,adapted,1,c4a54cdecc67,467,25
cpp,bytes,document,100,18,msgpack,msgpack-cxx,1141,2209,332,3350,876424.189308,452693.526483,298507.462687,0,1.0,struct,native,1,c4a54cdecc67,468,0
cpp,bytes,document,100,18,custom_binary,harness,830,361,223,1191,1204819.277108,2770083.102493,839630.562552,0,1.0,struct,adapted,1,c4a54cdecc67,469,1
cpp,bytes,document,100,18,bitsery,5.2.4,179,249,190,428,5586592.178771,4016064.257028,2336448.598131,0,1.0,struct,adapted,1,c4a54cdecc67,470,2
cpp,bytes,document,100,18,nlohmann_msgpack,3.11.3,2094,7959,332,10053,477554.918816,125643.925116,99472.794191,0,1.0,dom,native,1,c4a54cdecc67,471,3
cpp,bytes,document,100,18,simdjson,3.10.1,140,7631,458,7771,7142857.142857,131044.424060,128683.567108,0,1.0,dom,adapted,1,c4a54cdecc67,472,4
cpp,bytes,document,100,18,rapidjson,1.1.0,1497,9329,458,10826,668002.672011,107192.625147,92370.219841,0,1.0,dom,native,1,c4a54cdecc67,473,5
cpp,bytes,document,100,18,jsoncons_bson,0.177.0,3443,13333,502,16776,290444.379901,75001.875047,59608.965188,0,1.0,dom,native,1,c4a54cdecc67,474,6
cpp,bytes,document,100,18,thrift,TBinaryProtocol,780,382,324,1162,1282051.282051,2617801.047120,860585.197935,0,1.0,schema,adapted,1,c4a54cdecc67,475,7
cpp,bytes,document,100,18,yas,7.x,856,385,274,1241,1168224.299065,2597402.597403,805801.772764,0,1.0,struct,adapted,1,c4a54cdecc67,476,8
cpp,bytes,document,100,18,avro_c,avro-c,2180,2433,125,4613,458715.596330,411015.207563,216778.668979,0,1.0,schema,adapted,1,c4a54cdecc67,477,9
cpp,bytes,document,100,18,avro,binary-1.11,415,344,125,759,2409638.554217,2906976.744186,1317523.056653,0,1.0,schema,adapted,1,c4a54cdecc67,478,10
cpp,bytes,document,100,18,jsoncons_msgpack,0.177.0,2256,13497,332,15753,443262.411348,74090.538638,63479.972069,0,1.0,dom,native,1,c4a54cdecc67,479,11
cpp,bytes,document,100,18,nlohmann_cbor,3.11.3,2161,7105,338,9266,462748.727441,140745.953554,107921.433197,0,1.0,dom,native,1,c4a54cdecc67,480,12
cpp,bytes,document,100,18,cereal,1.3.2,1085,1005,267,2090,921658.986175,995024.875622,478468.899522,0,1.0,struct,native,1,c4a54cdecc67,481,13
cpp,bytes,document,100,18,jsoncons_cbor,0.177.0,2503,14743,338,17246,399520.575310,67828.800109,57984.460165,0,1.0,dom,native,1,c4a54cdecc67,482,14
cpp,bytes,document,100,18,flatbuffers,flatbuffers,611,767,188,1378,1636661.211129,1303780.964798,725689.404935,0,1.0,schema,adapted,1,c4a54cdecc67,483,15
cpp,bytes,document,100,18,yyjson,0.10.0,532,8004,458,8536,1879699.248120,124937.531234,117150.890347,0,1.0,dom,adapted,1,c4a54cdecc67,484,16
cpp,bytes,document,100,18,protobuf-wire,wire-v2,1261,591,164,1852,793021.411578,1692047.377327,539956.803456,0,1.0,schema,adapted,1,c4a54cdecc67,485,17
cpp,bytes,document,100,18,nlohmann_json,3.11.3,2225,5977,458,8202,449438.202247,167308.014054,121921.482565,0,1.0,struct,native,1,c4a54cdecc67,486,18
cpp,bytes,document,100,18,nlohmann_bson,3.11.3,2148,6563,502,8711,465549.348231,152369.343288,114797.382620,0,1.0,dom,native,1,c4a54cdecc67,487,19
cpp,bytes,document,100,18,arduinojson,7.2.1,2280,11856,458,14136,438596.491228,84345.479082,70741.369553,0,1.0,dom,native,1,c4a54cdecc67,488,20
cpp,bytes,document,100,18,capnproto,1.0.x,804,535,392,1339,1243781.094527,1869158.878505,746825.989544,0,1.0,schema,native,1,c4a54cdecc67,489,21
cpp,bytes,document,100,18,zpp_bits,4.4.25,512,299,227,811,1953125.000000,3344481.605351,1233045.622688,0,1.0,struct,adapted,1,c4a54cdecc67,490,22
cpp,bytes,document,100,18,cista,0.15,293,804,328,1097,3412969.283276,1243781.094527,911577.028259,0,1.0,archive,adapted,1,c4a54cdecc67,491,23
cpp,bytes,document,100,18,nlohmann_ubjson,3.11.3,1611,7925,409,9536,620732.464308,126182.965300,104865.771812,0,1.0,dom,native,1,c4a54cdecc67,492,24
cpp,bytes,document,100,18,flexbuffers,flatbuffers-flex,3818,4697,467,8515,261917.234154,212901.852246,117439.812096,0,1.0,dom,adapted,1,c4a54cdecc67,493,25
cpp,bytes,document,100,19,cista,0.15,216,623,328,839,4629629.629630,1605136.436597,1191895.113230,0,1.0,archive,adapted,1,c4a54cdecc67,494,0
cpp,bytes,document,100,19,bitsery,5.2.4,178,279,190,457,5617977.528090,3584229.390681,2188183.807440,0,1.0,struct,adapted,1,c4a54cdecc67,495,1
cpp,bytes,document,100,19,zpp_bits,4.4.25,375,214,227,589,2666666.666667,4672897.196262,1697792.869270,0,1.0,struct,adapted,1,c4a54cdecc67,496,2
cpp,bytes,document,100,19,arduinojson,7.2.1,2164,11459,458,13623,462107.208872,87267.649882,73405.270498,0,1.0,dom,native,1,c4a54cdecc67,497,3
cpp,bytes,document,100,19,yyjson,0.10.0,646,8080,458,8726,1547987.616099,123762.376238,114600.045840,0,1.0,dom,adapted,1,c4a54cdecc67,498,4
cpp,bytes,document,100,19,flexbuffers,flatbuffers-flex,3390,4483,467,7873,294985.250737,223064.911889,127016.385114,0,1.0,dom,adapted,1,c4a54cdecc67,499,5
cpp,bytes,document,100,19,nlohmann_cbor,3.11.3,2182,7315,338,9497,458295.142071,136705.399863,105296.409392,0,1.0,dom,native,1,c4a54cdecc67,500,6
cpp,bytes,document,100,19,rapidjson,1.1.0,1896,11166,458,13062,527426.160338,89557.585527,76557.954371,0,1.0,dom,native,1,c4a54cdecc67,501,7
cpp,bytes,document,100,19,avro_c,avro-c,2176,2275,125,4451,459558.823529,439560.439560,224668.613795,0,1.0,schema,adapted,1,c4a54cdecc67,502,8
cpp,bytes,document,100,19,avro,binary-1.11,414,455,125,869,2415458.937198,2197802.197802,1150747.986191,0,1.0,schema,adapted,1,c4a54cdecc67,503,9
cpp,bytes,document,100,19,jsoncons_msgpack,0.177.0,2529,15645,332,18174,395413.206801,63918.184724,55023.660174,0,1.0,dom,native,1,c4a54cdecc67,504,10
cpp,bytes,document,100,19,flatbuffers,flatbuffers,653,789,188,1442,1531393.568147,1267427.122940,693481.276006,0,1.0,schema,adapted,1,c4a54cdecc67,505,11
cpp,bytes,document,100,19,cereal,1.3.2,1164,1070,267,2234,859106.529210,934579.439252,447627.573859,0,1.0,struct,native,1,c4a54cdecc67,506,12
cpp,bytes,document,100,19,custom_binary,harness,662,374,223,1036,1510574.018127,2673796.791444,965250.965251,0,1.0,struct,adapted,1,c4a54cdecc67,507,13
cpp,bytes,document,100,19,capnproto,1.0.x,537,529,392,1066,1862197.392924,1890359.168242,938086.303940,0,1.0,schema,native,1,c4a54cdecc67,508,14
cpp,bytes,document,100,19,yas,7.x,399,327,274,726,2506265.664160,3058103.975535,1377410.468320,0,1.0,struct,adapted,1,c4a54cdecc67,509,15
cpp,bytes,document,100,19,nlohmann_json,3.11.3,2232,6752,458,8984,448028.673835,148104.265403,111308.993767,0,1.0,struct,native,1,c4a54cdecc67,510,16
cpp,bytes,document,100,19,nlohmann_msgpack,3.11.3,2228,6846,332,9074,448833.034111,146070.698218,110204.981265,0,1.0,dom,native,1,c4a54cdecc67,511,17
cpp,bytes,document,100,19,nlohmann_ubjson,3.11.3,1626,7110,409,8736,615006.150062,140646.976090,114468.864469,0,1.0,dom,native,1,c4a54cdecc67,512,18
cpp,bytes,document,100,19,simdjson,3.10.1,141,7979,458,8120,7092198.581560,125328.988595,123152.709360,0,1.0,dom,adapted,1,c4a54cdecc67,513,19
cpp,bytes,document,100,19,thrift,TBinaryProtocol,898,461,324,1359,1113585.746102,2169197.396963,735835.172921,0,1.0,schema,adapted,1,c4a54cdecc67,514,20
cpp,bytes,document,100,19,protobuf-wire,wire-v2,1341,682,164,2023,745712.155108,1466275.659824,494315.373208,0,1.0,schema,adapted,1,c4a54cdecc67,515,21
cpp,bytes,document,100,19,nlohmann_bson,3.11.3,2299,6381,502,8680,434971.726838,156715.248394,115207.373272,0,1.0,dom,native,1,c4a54cdecc67,516,22
cpp,bytes,document,100,19,msgpack,msgpack-cxx,1674,1155,332,2829,597371.565114,865800.865801,353481.795688,0,1.0,struct,native,1,c4a54cdecc67,517,23
cpp,bytes,document,100,19,jsoncons_cbor,0.177.0,2974,15054,338,18028,336247.478144,66427.527567,55469.270024,0,1.0,dom,native,1,c4a54cdecc67,518,24
cpp,bytes,document,100,19,jsoncons_bson,0.177.0,4637,14374,502,19011,215656.674574,69570.057047,52601.125664,0,1.0,dom,native,1,c4a54cdecc67,519,25
cpp,bytes,document,100,20,jsoncons_msgpack,0.177.0,2624,14190,332,16814,381097.560976,70472.163495,59474.247651,0,1.0,dom,native,1,c4a54cdecc67,520,0
cpp,bytes,document,100,20,avro,binary-1.11,422,342,125,764,2369668.246445,2923976.608187,1308900.523560,0,1.0,schema,adapted,1,c4a54cdecc67,521,1
cpp,bytes,document,100,20,custom_binary,harness,720,394,223,1114,1388888.888889,2538071.065990,897666.068223,0,1.0,struct,adapted,1,c4a54cdecc67,522,2
cpp,bytes,document,100,20,zpp_bits,4.4.25,561,319,227,880,1782531.194296,3134796.238245,1136363.636364,0,1.0,struct,adapted,1,c4a54cdecc67,523,3
cpp,bytes,document,100,20,cereal,1.3.2,1154,1031,267,2185,866551.126516,969932.104753,457665.903890,0,1.0,struct,native,1,c4a54cdecc67,524,4
cpp,bytes,document,100,20,thrift,TBinaryProtocol,848,343,324,1191,1179245.283019,2915451.895044,839630.562552,0,1.0,schema,adapted,1,c4a54cdecc67,525,5
cpp,bytes,document,100,20,nlohmann_json,3.11.3,2269,6280,458,8549,440722.785368,159235.668790,116972.745350,0,1.0,struct,native,1,c4a54cdecc67,526,6
cpp,bytes,document,100,20,nlohmann_ubjson,3.11.3,1603,7877,409,9480,623830.318153,126951.885235,105485.232068,0,1.0,dom,native,1,c4a54cdecc67,527,7
cpp,bytes,document,100,20,flatbuffers,flatbuffers,997,744,188,1741,1003009.027081,1344086.021505,574382.538771,0,1.0,schema,adapted,1,c4a54cdecc67,528,8
cpp,bytes,document,100,20,jsoncons_cbor,0.177.0,3062,15030,338,18092,326583.932071,66533.599468,55273.048861,0,1.0,dom,native,1,c4a54cdecc67,529,9
cpp,bytes,document,100,20,nlohmann_bson,3.11.3,2228,6425,502,8653,448833.034111,155642.023346,115566.855426,0,1.0,dom,native,1,c4a54cdecc67,530,10
cpp,bytes,document,100,20,cista,0.15,358,896,328,1254,2793296.089385,1116071.428571,797448.165869,0,1.0,archive,adapted,1,c4a54cdecc67,531,11
cpp,bytes,document,100,20,flexbuffers,flatbuffers-flex,3965,4672,467,8637,252206.809584,214041.095890,115780.942457,0,1.0,dom,adapted,1,c4a54cdecc67,532,12
cpp,bytes,document,100,20,protobuf-wire,wire-v2,1277,616,164,1893,783085.356304,1623376.623377,528262.017961,0,1.0,schema,adapted,1,c4a54cdecc67,533,13
cpp,bytes,document,100,20,msgpack,msgpack-cxx,1761,1080,332,2841,567859.170926,925925.925926,351988.736360,0,1.0,struct,native,1,c4a54cdecc67,534,14
cpp,bytes,document,100,20,avro_c,avro-c,2241,2470,125,4711,446229.361892,404858.299595,212269.157291,0,1.0,schema,adapted,1,c4a54cdecc67,535,15
cpp,bytes,document,100,20,simdjson,3.10.1,128,7833,458,7961,7812500.000000,127665.007022,125612.360256,0,1.0,dom,adapted,1,c4a54cdecc67,536,16
cpp,bytes,document,100,20,yas,7.x,822,305,274,1127,1216545.012165,3278688.524590,887311.446318,0,1.0,struct,adapted,1,c4a54cdecc67,537,17
cpp,bytes,document,100,20,arduinojson,7.2.1,2497,13156,458,15653,400480.576692,76010.945576,63885.517153,0,1.0,dom,native,1,c4a54cdecc67,538,18
cpp,bytes,document,100,20,nlohmann_cbor,3.11.3,2216,7514,338,9730,451263.537906,133084.908171,102774.922919,0,1.0,dom,native,1,c4a54cdecc67,539,19
cpp,bytes,document,100,20,rapidjson,1.1.0,1752,11472,458,13224,570776.255708,87168.758717,75620.084694,0,1.0,dom,native,1,c4a54cdecc67,540,20
cpp,bytes,document,100,20,capnproto,1.0.x,727,541,392,1268,1375515.818432,1848428.835490,788643.533123,0,1.0,schema,native,1,c4a54cdecc67,541,21
cpp,bytes,document,100,20,nlohmann_msgpack,3.11.3,2053,6982,332,9035,487092.060399,143225.436838,110680.686220,0,1.0,dom,native,1,c4a54cdecc67,542,22
cpp,bytes,document,100,20,bitsery,5.2.4,224,370,190,594,4464285.714286,2702702.702703,1683501.683502,0,1.0,struct,adapted,1,c4a54cdecc67,543,23
cpp,bytes,document,100,20,yyjson,0.10.0,1371,7824,458,9195,729394.602480,127811.860941,108754.758021,0,1.0,dom,adapted,1,c4a54cdecc67,544,24
cpp,bytes,document,100,20,jsoncons_bson,0.177.0,3946,15062,502,19008,253421.186011,66392.245386,52609.427609,0,1.0,dom,native,1,c4a54cdecc67,545,25
cpp,bytes,document,100,21,simdjson,3.10.1,116,7596,458,7712,8620689.655172,131648.235914,129668.049793,0,1.0,dom,adapted,1,c4a54cdecc67,546,0
cpp,bytes,document,100,21,capnproto,1.0.x,906,469,392,1375,1103752.759382,2132196.162047,727272.727273,0,1.0,schema,native,1,c4a54cdecc67,547,1
cpp,bytes,document,100,21,jsoncons_msgpack,0.177.0,2811,23077,332,25888,355745.286375,43333.188889,38627.935723,0,1.0,dom,native,1,c4a54cdecc67,548,2
cpp,bytes,document,100,21,jsoncons_cbor,0.177.0,2724,21141,338,23865,367107.195301,47301.452155,41902.367484,0,1.0,dom,native,1,c4a54cdecc67,549,3
cpp,bytes,document,100,21,jsoncons_bson,0.177.0,3456,14284,502,17740,289351.851852,70008.401008,56369.785795,0,1.0,dom,native,1,c4a54cdecc67,550,4
cpp,bytes,document,100,21,cereal,1.3.2,25188,1267,267,26455,39701.445133,789265.982636,37800.037800,0,1.0,struct,native,1,c4a54cdecc67,551,5
cpp,bytes,document,100,21,avro,binary-1.11,519,452,125,971,1926782.273603,2212389.380531,1029866.117405,0,1.0,schema,adapted,1,c4a54cdecc67,552,6
cpp,bytes,document,100,21,flexbuffers,flatbuffers-flex,4140,5239,467,9379,241545.893720,190876.121397,106621.174965,0,1.0,dom,adapted,1,c4a54cdecc67,553,7
cpp,bytes,document,100,21,arduinojson,7.2.1,2563,12519,458,15082,390167.772142,79878.584551,66304.203687,0,1.0,dom,native,1,c4a54cdecc67,554,8
cpp,bytes,document,100,21,zpp_bits,4.4.25,607,352,227,959,1647446.457990,2840909.090909,1042752.867570,0,1.0,struct,adapted,1,c4a54cdecc67,555,9
cpp,bytes,document,100,21,cista,0.15,329,937,328,1266,3039513.677812,1067235.859125,789889.415482,0,1.0,archive,adapted,1,c4a54cdecc67,556,10
cpp,bytes,document,100,21,nlohmann_json,3.11.3,2455,7051,458,9506,407331.975560,141823.854772,105196.717862,0,1.0,struct,native,1,c4a54cdecc67,557,11
cpp,bytes,document,100,21,yyjson,0.10.0,1246,8451,458,9697,802568.218299,118329.191812,103124.677735,0,1.0,dom,adapted,1,c4a54cdecc67,558,12
cpp,bytes,document,100,21,nlohmann_cbor,3.11.3,2385,11038,338,13423,419287.211740,90596.122486,74498.994264,0,1.0,dom,native,1,c4a54cdecc67,559,13
cpp,bytes,document,100,21,custom_binary,harness,787,427,223,1214,1270648.030496,2341920.374707,823723.228995,0,1.0,struct,adapted,1,c4a54cdecc67,560,14
cpp,bytes,document,100,21,yas,7.x,1309,390,274,1699,763941.940413,2564102.564103,588581.518540,0,1.0,struct,adapted,1,c4a54cdecc67,561,15
cpp,bytes,document,100,21,avro_c,avro-c,2190,2470,125,4660,456621.004566,404858.299595,214592.274678,0,1.0,schema,adapted,1,c4a54cdecc67,562,16
cpp,bytes,document,100,21,nlohmann_bson,3.11.3,2312,7235,502,9547,432525.951557,138217.000691,104744.946056,0,1.0,dom,native,1,c4a54cdecc67,563,17
cpp,bytes,document,100,21,protobuf-wire,wire-v2,1326,786,164,2112,754147.812971,1272264.631043,473484.848485,0,1.0,schema,adapted,1,c4a54cdecc67,564,18
cpp,bytes,document,100,21,flatbuffers,flatbuffers,1035,592,188,1627,966183.574879,1689189.189189,614628.149969,0,1.0,schema,adapted,1,c4a54cdecc67,565,19
cpp,bytes,document,100,21,msgpack,msgpack-cxx,778,1157,332,1935,1285347.043702,864304.235091,516795.865633,0,1.0,struct,native,1,c4a54cdecc67,566,20
cpp,bytes,document,100,21,rapidjson,1.1.0,1403,10228,458,11631,712758.374911,97770.825186,85977.130083,0,1.0,dom,native,1,c4a54cdecc67,567,21
cpp,bytes,document,100,21,nlohmann_msgpack,3.11.3,2254,7743,332,9997,443655.723159,129148.908692,100030.009003,0,1.0,dom,native,1,c4a54cdecc67,568,22
cpp,bytes,document,100,21,thrift,TBinaryProtocol,909,468,324,1377,1100110.011001,2136752.136752,726216.412491,0,1.0,schema,adapted,1,c4a54cdecc67,569,23
cpp,bytes,document,100,21,nlohmann_ubjson,3.11.3,1757,7683,409,9440,569151.963574,130157.490564,105932.203390,0,1.0,dom,native,1,c4a54cdecc67,570,24
cpp,bytes,document,100,21,bitsery,5.2.4,278,390,190,668,3597122.302158,2564102.564103,1497005.988024,0,1.0,struct,adapted,1,c4a54cdecc67,571,25
cpp,bytes,document,100,22,zpp_bits,4.4.25,510,294,227,804,1960784.313725,3401360.544218,1243781.094527,0,1.0,struct,adapted,1,c4a54cdecc67,572,0
cpp,bytes,document,100,22,flatbuffers,flatbuffers,987,630,188,1617,1013171.225937,1587301.587302,618429.189858,0,1.0,schema,adapted,1,c4a54cdecc67,573,1
cpp,bytes,document,100,22,bitsery,5.2.4,122,221,190,343,8196721.311475,4524886.877828,2915451.895044,0,1.0,struct,adapted,1,c4a54cdecc67,574,2
cpp,bytes,document,100,22,yas,7.x,343,303,274,646,2915451.895044,3300330.033003,1547987.616099,0,1.0,struct,adapted,1,c4a54cdecc67,575,3
cpp,bytes,document,100,22,jsoncons_bson,0.177.0,3753,14497,502,18250,266453.503864,68979.788922,54794.520548,0,1.0,dom,native,1,c4a54cdecc67,576,4
cpp,bytes,document,100,22,cereal,1.3.2,1116,1114,267,2230,896057.347670,897666.068223,448430.493274,0,1.0,struct,native,1,c4a54cdecc67,577,5
cpp,bytes,document,100,22,nlohmann_json,3.11.3,2167,6296,458,8463,461467.466544,158831.003812,118161.408484,0,1.0,struct,native,1,c4a54cdecc67,578,6
cpp,bytes,document,100,22,avro,binary-1.11,418,447,125,865,2392344.497608,2237136.465324,1156069.364162,0,1.0,schema,adapted,1,c4a54cdecc67,579,7
cpp,bytes,document,100,22,protobuf-wire,wire-v2,1165,619,164,1784,858369.098712,1615508.885299,560538.116592,0,1.0,schema,adapted,1,c4a54cdecc67,580,8
cpp,bytes,document,100,22,avro_c,avro-c,2095,2278,125,4373,477326.968974,438981.562774,228675.966156,0,1.0,schema,adapted,1,c4a54cdecc67,581,9
cpp,bytes,document,100,22,simdjson,3.10.1,128,7528,458,7656,7812500.000000,132837.407014,130616.509927,0,1.0,dom,adapted,1,c4a54cdecc67,582,10
cpp,bytes,document,100,22,capnproto,1.0.x,1285,615,392,1900,778210.116732,1626016.260163,526315.789474,0,1.0,schema,native,1,c4a54cdecc67,583,11
cpp,bytes,document,100,22,jsoncons_msgpack,0.177.0,2578,13762,332,16340,387897.595035,72663.856998,61199.510404,0,1.0,dom,native,1,c4a54cdecc67,584,12
cpp,bytes,document,100,22,cista,0.15,330,875,328,1205,3030303.030303,1142857.142857,829875.518672,0,1.0,archive,adapted,1,c4a54cdecc67,585,13
cpp,bytes,document,100,22,nlohmann_cbor,3.11.3,2193,7292,338,9485,455996.352029,137136.588042,105429.625725,0,1.0,dom,native,1,c4a54cdecc67,586,14
cpp,bytes,document,100,22,jsoncons_cbor,0.177.0,2801,14851,338,17652,357015.351660,67335.532961,56650.804441,0,1.0,dom,native,1,c4a54cdecc67,587,15
cpp,bytes,document,100,22,thrift,TBinaryProtocol,748,384,324,1132,1336898.395722,2604166.666667,883392.226148,0,1.0,schema,adapted,1,c4a54cdecc67,588,16
cpp,bytes,document,100,22,nlohmann_ubjson,3.11.3,1650,7578,409,9228,606060.606061,131960.939562,108365.843086,0,1.0,dom,native,1,c4a54cdecc67,589,17
cpp,bytes,document,100,22,msgpack,msgpack-cxx,1674,1056,332,2730,597371.565114,946969.696970,366300.366300,0,1.0,struct,native,1,c4a54cdecc67,590,18
cpp,bytes,document,100,22,nlohmann_msgpack,3.11.3,2039,7030,332,9069,490436.488475,142247.510669,110265.740434,0,1.0,dom,native,1,c4a54cdecc67,591,19
cpp,bytes,document,100,22,arduinojson,7.2.1,2250,11866,458,14116,444444.444444,84274.397438,70841.598186,0,1.0,dom,native,1,c4a54cdecc67,592,20
cpp,bytes,document,100,22,custom_binary,harness,734,424,223,1158,1362397.820163,2358490.566038,863557.858377,0,1.0,struct,adapted,1,c4a54cdecc67,593,21
cpp,bytes,document,100,22,nlohmann_bson,3.11.3,2200,7120,502,9320,454545.454545,140449.438202,107296.137339,0,1.0,dom,native,1,c4a54cdecc67,594,22
cpp,bytes,document,100,22,flexbuffers,flatbuffers-flex,3827,4777,467,8604,261301.280376,209336.403601,116225.011623,0,1.0,dom,adapted,1,c4a54cdecc67,595,23
cpp,bytes,document,100,22,yyjson,0.10.0,1278,7494,458,8772,782472.613459,133440.085402,113999.088007,0,1.0,dom,adapted,1,c4a54cdecc67,596,24
cpp,bytes,document,100,22,rapidjson,1.1.0,1850,10542,458,12392,540540.540541,94858.660596,80697.224015,0,1.0,dom,native,1,c4a54cdecc67,597,25
cpp,bytes,document,100,23,nlohmann_msgpack,3.11.3,1973,7358,332,9331,506842.372022,135906.496331,107169.649555,0,1.0,dom,native,1,c4a54cdecc67,598,0
cpp,bytes,document,100,23,bitsery,5.2.4,200,300,190,500,5000000.000000,3333333.333333,2000000.000000,0,1.0,struct,adapted,1,c4a54cdecc67,599,1
cpp,bytes,document,100,23,cereal,1.3.2,1240,1115,267,2355,806451.612903,896860.986547,424628.450106,0,1.0,struct,native,1,c4a54cdecc67,600,2
cpp,bytes,document,100,23,nlohmann_json,3.11.3,2146,6357,458,8503,465983.224604,157306.905773,117605.550982,0,1.0,struct,native,1,c4a54cdecc67,601,3
cpp,bytes,document,100,23,nlohmann_cbor,3.11.3,2093,5922,338,8015,477783.086479,168861.870990,124766.063631,0,1.0,dom,native,1,c4a54cdecc67,602,4
cpp,bytes,document,100,23,arduinojson,7.2.1,2186,11127,458,13313,457456.541629,89871.483778,75114.549688,0,1.0,dom,native,1,c4a54cdecc67,603,5
cpp,bytes,document,100,23,capnproto,1.0.x,688,535,392,1223,1453488.372093,1869158.878505,817661.488144,0,1.0,schema,native,1,c4a54cdecc67,604,6
cpp,bytes,document,100,23,jsoncons_bson,0.177.0,3688,14524,502,18212,271149.674620,68851.556045,54908.851307,0,1.0,dom,native,1,c4a54cdecc67,605,7
cpp,bytes,document,100,23,zpp_bits,4.4.25,529,322,227,851,1890359.168242,3105590.062112,1175088.131610,0,1.0,struct,adapted,1,c4a54cdecc67,606,8
cpp,bytes,document,100,23,yyjson,0.10.0,886,7441,458,8327,1128668.171558,134390.538906,120091.269365,0,1.0,dom,adapted,1,c4a54cdecc67,607,9
cpp,bytes,document,100,23,flatbuffers,flatbuffers,615,803,188,1418,1626016.260163,1245330.012453,705218.617772,0,1.0,schema,adapted,1,c4a54cdecc67,608,10
cpp,bytes,document,100,23,yas,7.x,388,347,274,735,2577319.587629,2881844.380403,1360544.217687,0,1.0,struct,adapted,1,c4a54cdecc67,609,11
cpp,bytes,document,100,23,msgpack,msgpack-cxx,789,1055,332,1844,1267427.122940,947867.298578,542299.349241,0,1.0,struct,native,1,c4a54cdecc67,610,12
cpp,bytes,document,100,23,avro,binary-1.11,399,395,125,794,2506265.664160,2531645.569620,1259445.843829,0,1.0,schema,adapted,1,c4a54cdecc67,611,13
cpp,bytes,document,100,23,jsoncons_msgpack,0.177.0,2541,13584,332,16125,393545.848091,73616.018846,62015.503876,0,1.0,dom,native,1,c4a54cdecc67,612,14
cpp,bytes,document,100,23,nlohmann_bson,3.11.3,2176,6747,502,8923,459558.823529,148214.021046,112069.931637,0,1.0,dom,native,1,c4a54cdecc67,613,15
cpp,bytes,document,100,23,flexbuffers,flatbuffers-flex,3719,4558,467,8277,268889.486421,219394.471259,120816.721034,0,1.0,dom,adapted,1,c4a54cdecc67,614,16
cpp,bytes,document,100,23,protobuf-wire,wire-v2,1298,630,164,1928,770416.024653,1587301.587302,518672.199170,0,1.0,schema,adapted,1,c4a54cdecc67,615,17
cpp,bytes,document,100,23,custom_binary,harness,680,333,223,1013,1470588.235294,3003003.003003,987166.831194,0,1.0,struct,adapted,1,c4a54cdecc67,616,18
cpp,bytes,document,100,23,rapidjson,1.1.0,1696,9803,458,11499,589622.641509,102009.588901,86964.083833,0,1.0,dom,native,1,c4a54cdecc67,617,19
cpp,bytes,document,100,23,avro_c,avro-c,2364,2325,125,4689,423011.844332,430107.526882,213265.088505,0,1.0,schema,adapted,1,c4a54cdecc67,618,20
cpp,bytes,document,100,23,simdjson,3.10.1,138,8343,458,8481,7246376.811594,119860.961285,117910.623747,0,1.0,dom,adapted,1,c4a54cdecc67,619,21
cpp,bytes,document,100,23,jsoncons_cbor,0.177.0,2750,14783,338,17533,363636.363636,67645.268213,57035.304854,0,1.0,dom,native,1,c4a54cdecc67,620,22
cpp,bytes,document,100,23,thrift,TBinaryProtocol,779,394,324,1173,1283697.047497,2538071.065990,852514.919011,0,1.0,schema,adapted,1,c4a54cdecc67,621,23
cpp,bytes,document,100,23,nlohmann_ubjson,3.11.3,1756,7824,409,9580,569476.082005,127811.860941,104384.133612,0,1.0,dom,native,1,c4a54cdecc67,622,24
cpp,bytes,document,100,23,cista,0.15,285,870,328,1155,3508771.929825,1149425.287356,865800.865801,0,1.0,archive,adapted,1,c4a54cdecc67,623,25
cpp,bytes,document,100,24,jsoncons_bson,0.177.0,3421,14964,502,18385,292312.189418,66827.051590,54392.167528,0,1.0,dom,native,1,c4a54cdecc67,624,0
cpp,bytes,document,100,24,nlohmann_msgpack,3.11.3,2279,6877,332,9156,438788.942519,145412.243711,109217.999126,0,1.0,dom,native,1,c4a54cdecc67,625,1
cpp,bytes,document,100,24,simdjson,3.10.1,134,7357,458,7491,7462686.567164,135924.969417,133493.525564,0,1.0,dom,adapted,1,c4a54cdecc67,626,2
cpp,bytes,document,100,24,nlohmann_cbor,3.11.3,2147,6206,338,8353,465766.185375,161134.386078,119717.466778,0,1.0,dom,native,1,c4a54cdecc67,627,3
cpp,bytes,document,100,24,cereal,1.3.2,1155,1059,267,2214,865800.865801,944287.063267,451671.183379,0,1.0,struct,native,1,c4a54cdecc67,628,4
cpp,bytes,document,100,24,yyjson,0.10.0,1523,7679,458,9202,656598.818122,130225.289751,108672.027820,0,1.0,dom,adapted,1,c4a54cdecc67,629,5
cpp,bytes,document,100,24,flatbuffers,flatbuffers,670,744,188,1414,1492537.313433,1344086.021505,707213.578501,0,1.0,schema,adapted,1,c4a54cdecc67,630,6
cpp,bytes,document,100,24,nlohmann_json,3.11.3,2266,6788,458,9054,441306.266549,147318.797879,110448.420588,0,1.0,struct,native,1,c4a54cdecc67,631,7
cpp,bytes,document,100,24,nlohmann_bson,3.11.3,2220,6830,502,9050,450450.450450,146412.884334,110497.237569,0,1.0,dom,native,1,c4a54cdecc67,632,8
cpp,bytes,document,100,24,custom_binary,harness,727,436,223,1163,1375515.818432,2293577.981651,859845.227859,0,1.0,struct,adapted,1,c4a54cdecc67,633,9
cpp,bytes,document,100,24,avro_c,avro-c,2077,2180,125,4257,481463.649494,458715.596330,234907.211651,0,1.0,schema,adapted,1,c4a54cdecc67,634,10
cpp,bytes,document,100,24,protobuf-wire,wire-v2,1343,625,164,1968,744601.638124,1600000.000000,508130.081301,0,1.0,schema,adapted,1,c4a54cdecc67,635,11
cpp,bytes,document,100,24,nlohmann_ubjson,3.11.3,1671,7305,409,8976,598444.045482,136892.539357,111408.199643,0,1.0,dom,native,1,c4a54cdecc67,636,12
cpp,bytes,document,100,24,jsoncons_msgpack,0.177.0,2633,15407,332,18040,379794.910748,64905.562407,55432.372506,0,1.0,dom,native,1,c4a54cdecc67,637,13
cpp,bytes,document,100,24,thrift,TBinaryProtocol,686,378,324,1064,1457725.947522,2645502.645503,939849.624060,0,1.0,schema,adapted,1,c4a54cdecc67,638,14
cpp,bytes,document,100,24,bitsery,5.2.4,211,289,190,500,4739336.492891,3460207.612457,2000000.000000,0,1.0,struct,adapted,1,c4a54cdecc67,639,15
cpp,bytes,document,100,24,jsoncons_cbor,0.177.0,2892,14812,338,17704,345781.466113,67512.827437,56484.410303,0,1.0,dom,native,1,c4a54cdecc67,640,16
cpp,bytes,document,100,24,zpp_bits,4.4.25,590,306,227,896,1694915.254237,3267973.856209,1116071.428571,0,1.0,struct,adapted,1,c4a54cdecc67,641,17
cpp,bytes,document,100,24,capnproto,1.0.x,972,513,392,1485,1028806.584362,1949317.738791,673400.673401,0,1.0,schema,native,1,c4a54cdecc67,642,18
cpp,bytes,document,100,24,yas,7.x,437,372,274,809,2288329.519451,2688172.043011,1236093.943140,0,1.0,struct,adapted,1,c4a54cdecc67,643,19
cpp,bytes,document,100,24,rapidjson,1.1.0,1141,10392,458,11533,876424.189308,96227.867590,86707.708315,0,1.0,dom,native,1,c4a54cdecc67,644,20
cpp,bytes,document,100,24,flexbuffers,flatbuffers-flex,4026,5552,467,9578,248385.494287,180115.273775,104405.930257,0,1.0,dom,adapted,1,c4a54cdecc67,645,21
cpp,bytes,document,100,24,avro,binary-1.11,423,457,125,880,2364066.193853,2188183.807440,1136363.636364,0,1.0,schema,adapted,1,c4a54cdecc67,646,22
cpp,bytes,document,100,24,cista,0.15,289,804,328,1093,3460207.612457,1243781.094527,914913.083257,0,1.0,archive,adapted,1,c4a54cdecc67,647,23
cpp,bytes,document,100,24,arduinojson,7.2.1,2436,11055,458,13491,410509.031199,90456.806875,74123.489734,0,1.0,dom,native,1,c4a54cdecc67,648,24
cpp,bytes,document,100,24,msgpack,msgpack-cxx,1414,1176,332,2590,707213.578501,850340.136054,386100.386100,0,1.0,struct,native,1,c4a54cdecc67,649,25
cpp,bytes,document,100,25,yas,7.x,471,270,274,741,2123142.250531,3703703.703704,1349527.665317,0,1.0,struct,adapted,1,c4a54cdecc67,650,0
cpp,bytes,document,100,25,capnproto,1.0.x,670,472,392,1142,1492537.313433,2118644.067797,875656.742557,0,1.0,schema,native,1,c4a54cdecc67,651,1
cpp,bytes,document,100,25,nlohmann_ubjson,3.11.3,1642,8538,409,10180,609013.398295,117123.448114,98231.827112,0,1.0,dom,native,1,c4a54cdecc67,652,2
cpp,bytes,document,100,25,nlohmann_msgpack,3.11.3,2410,6493,332,8903,414937.759336,154012.012937,112321.689318,0,1.0,dom,native,1,c4a54cdecc67,653,3
cpp,bytes,document,100,25,avro_c,avro-c,2070,2323,125,4393,483091.787440,430477.830392,227634.873663,0,1.0,schema,adapted,1,c4a54cdecc67,654,4
cpp,bytes,document,100,25,bitsery,5.2.4,209,337,190,546,4784688.995215,2967359.050445,1831501.831502,0,1.0,struct,adapted,1,c4a54cdecc67,655,5
cpp,bytes,document,100,25,cista,0.15,245,735,328,980,4081632.653061,1360544.217687,1020408.163265,0,1.0,archive,adapted,1,c4a54cdecc67,656,6
cpp,bytes,document,100,25,simdjson,3.10.1,131,8388,458,8519,7633587.786260,119217.930377,117384.669562,0,1.0,dom,adapted,1,c4a54cdecc67,657,7
cpp,bytes,document,100,25,nlohmann_bson,3.11.3,2241,6590,502,8831,446229.361892,151745.068285,113237.458951,0,1.0,dom,native,1,c4a54cdecc67,658,8
cpp,bytes,document,100,25,thrift,TBinaryProtocol,779,431,324,1210,1283697.047497,2320185.614849,826446.280992,0,1.0,schema,adapted,1,c4a54cdecc67,659,9
cpp,bytes,document,100,25,avro,binary-1.11,383,335,125,718,2610966.057441,2985074.626866,1392757.660167,0,1.0,schema,adapted,1,c4a54cdecc67,660,10
cpp,bytes,document,100,25,nlohmann_json,3.11.3,2248,6732,458,8980,444839.857651,148544.266191,111358.574610,0,1.0,struct,native,1,c4a54cdecc67,661,11
cpp,bytes,document,100,25,custom_binary,harness,842,388,223,1230,1187648.456057,2577319.587629,813008.130081,0,1.0,struct,adapted,1,c4a54cdecc67,662,12
cpp,bytes,document,100,25,nlohmann_cbor,3.11.3,2378,6295,338,8673,420521.446594,158856.235107,115300.357431,0,1.0,dom,native,1,c4a54cdecc67,663,13
cpp,bytes,document,100,25,jsoncons_bson,0.177.0,3555,16484,502,20039,281293.952180,60664.887163,49902.689755,0,1.0,dom,native,1,c4a54cdecc67,664,14
cpp,bytes,document,100,25,cereal,1.3.2,1238,1245,267,2483,807754.442649,803212.851406,402738.622634,0,1.0,struct,native,1,c4a54cdecc67,665,15
cpp,bytes,document,100,25,jsoncons_cbor,0.177.0,3138,15585,338,18723,318674.314850,64164.260507,53410.244085,0,1.0,dom,native,1,c4a54cdecc67,666,16
cpp,bytes,document,100,25,protobuf-wire,wire-v2,1495,810,164,2305,668896.321070,1234567.901235,433839.479393,0,1.0,schema,adapted,1,c4a54cdecc67,667,17
cpp,bytes,document,100,25,yyjson,0.10.0,1257,9100,458,10357,795544.948290,109890.109890,96553.055904,0,1.0,dom,adapted,1,c4a54cdecc67,668,18
cpp,bytes,document,100,25,arduinojson,7.2.1,2556,12065,458,14621,391236.306729,82884.376295,68394.774639,0,1.0,dom,native,1,c4a54cdecc67,669,19
cpp,bytes,document,100,25,jsoncons_msgpack,0.177.0,4162,14663,332,18825,240269.101394,68198.867899,53120.849934,0,1.0,dom,native,1,c4a54cdecc67,670,20
cpp,bytes,document,100,25,zpp_bits,4.4.25,840,349,227,1189,1190476.190476,2865329.512894,841042.893188,0,1.0,struct,adapted,1,c4a54cdecc67,671,21
cpp,bytes,document,100,25,flexbuffers,flatbuffers-flex,5022,5006,467,10028,199123.855038,199760.287655,99720.781811,0,1.0,dom,adapted,1,c4a54cdecc67,672,22
cpp,bytes,document,100,25,rapidjson,1.1.0,1676,11235,458,12911,596658.711217,89007.565643,77453.334366,0,1.0,dom,native,1,c4a54cdecc67,673,23
cpp,bytes,document,100,25,msgpack,msgpack-cxx,1034,1148,332,2182,967117.988395,871080.139373,458295.142071,0,1.0,struct,native,1,c4a54cdecc67,674,24
cpp,bytes,document,100,25,flatbuffers,flatbuffers,225,824,188,1049,4444444.444444,1213592.233010,953288.846520,0,1.0,schema,adapted,1,c4a54cdecc67,675,25
cpp,bytes,document,100,26,flatbuffers,flatbuffers,346,618,188,964,2890173.410405,1618122.977346,1037344.398340,0,1.0,schema,adapted,1,c4a54cdecc67,676,0
cpp,bytes,document,100,26,zpp_bits,4.4.25,513,249,227,762,1949317.738791,4016064.257028,1312335.958005,0,1.0,struct,adapted,1,c4a54cdecc67,677,1
cpp,bytes,document,100,26,msgpack,msgpack-cxx,632,847,332,1479,1582278.481013,1180637.544274,676132.521974,0,1.0,struct,native,1,c4a54cdecc67,678,2
cpp,bytes,document,100,26,thrift,TBinaryProtocol,931,427,324,1358,1074113.856069,2341920.374707,736377.025037,0,1.0,schema,adapted,1,c4a54cdecc67,679,3
cpp,bytes,document,100,26,nlohmann_ubjson,3.11.3,1940,8418,409,10358,515463.917526,118793.062485,96543.734312,0,1.0,dom,native,1,c4a54cdecc67,680,4
cpp,bytes,document,100,26,rapidjson,1.1.0,1580,9688,458,11268,632911.392405,103220.478943,88746.893859,0,1.0,dom,native,1,c4a54cdecc67,681,5
cpp,bytes,document,100,26,jsoncons_cbor,0.177.0,2770,17490,338,20260,361010.830325,57175.528874,49358.341560,0,1.0,dom,native,1,c4a54cdecc67,682,6
cpp,bytes,document,100,26,cereal,1.3.2,1246,1133,267,2379,802568.218299,882612.533098,420344.682640,0,1.0,struct,native,1,c4a54cdecc67,683,7
cpp,bytes,document,100,26,cista,0.15,293,838,328,1131,3412969.283276,1193317.422434,884173.297966,0,1.0,archive,adapted,1,c4a54cdecc67,684,8
cpp,bytes,document,100,26,capnproto,1.0.x,988,512,392,1500,1012145.748988,1953125.000000,666666.666667,0,1.0,schema,native,1,c4a54cdecc67,685,9
cpp,bytes,document,100,26,nlohmann_bson,3.11.3,2445,7716,502,10161,408997.955010,129600.829445,98415.510284,0,1.0,dom,native,1,c4a54cdecc67,686,10
cpp,bytes,document,100,26,avro,binary-1.11,413,438,125,851,2421307.506053,2283105.022831,1175088.131610,0,1.0,schema,adapted,1,c4a54cdecc67,687,11
cpp,bytes,document,100,26,yas,7.x,1195,408,274,1603,836820.083682,2450980.392157,623830.318153,0,1.0,struct,adapted,1,c4a54cdecc67,688,12
cpp,bytes,document,100,26,bitsery,5.2.4,221,305,190,526,4524886.877828,3278688.524590,1901140.684411,0,1.0,struct,adapted,1,c4a54cdecc67,689,13
cpp,bytes,document,100,26,custom_binary,harness,771,417,223,1188,1297016.861219,2398081.534772,841750.841751,0,1.0,struct,adapted,1,c4a54cdecc67,690,14
cpp,bytes,document,100,26,nlohmann_msgpack,3.11.3,2451,7356,332,9807,407996.736026,135943.447526,101967.982054,0,1.0,dom,native,1,c4a54cdecc67,691,15
cpp,bytes,document,100,26,nlohmann_json,3.11.3,2401,6750,458,9151,416493.127863,148148.148148,109277.674571,0,1.0,struct,native,1,c4a54cdecc67,692,16
cpp,bytes,document,100,26,jsoncons_msgpack,0.177.0,2739,16080,332,18819,365096.750639,62189.054726,53137.786280,0,1.0,dom,native,1,c4a54cdecc67,693,17
cpp,bytes,document,100,26,nlohmann_cbor,3.11.3,2490,7333,338,9823,401606.425703,136369.834992,101801.893515,0,1.0,dom,native,1,c4a54cdecc67,694,18
cpp,bytes,document,100,26,flexbuffers,flatbuffers-flex,4388,5202,467,9590,227894.257065,192233.756248,104275.286757,0,1.0,dom,adapted,1,c4a54cdecc67,695,19
cpp,bytes,document,100,26,arduinojson,7.2.1,2535,12850,458,15385,394477.317554,77821.011673,64998.375041,0,1.0,dom,native,1,c4a54cdecc67,696,20
cpp,bytes,document,100,26,yyjson,0.10.0,778,8522,458,9300,1285347.043702,117343.346632,107526.881720,0,1.0,dom,adapted,1,c4a54cdecc67,697,21
cpp,bytes,document,100,26,jsoncons_bson,0.177.0,3669,16533,502,20202,272553.829381,60485.090425,49500.049500,0,1.0,dom,native,1,c4a54cdecc67,698,22
cpp,bytes,document,100,26,protobuf-wire,wire-v2,1544,737,164,2281,647668.393782,1356852.103121,438404.208680,0,1.0,schema,adapted,1,c4a54cdecc67,699,23
cpp,bytes,document,100,26,simdjson,3.10.1,130,7948,458,8078,7692307.692308,125817.815803,123793.018074,0,1.0,dom,adapted,1,c4a54cdecc67,700,24
cpp,bytes,document,100,26,avro_c,avro-c,2200,4530,125,6730,454545.454545,220750.551876,148588.410104,0,1.0,schema,adapted,1,c4a54cdecc67,701,25
cpp,bytes,document,100,27,nlohmann_cbor,3.11.3,2110,7034,338,9144,473933.649289,142166.619278,109361.329834,0,1.0,dom,native,1,c4a54cdecc67,702,0
cpp,bytes,document,100,27,arduinojson,7.2.1,2402,12578,458,14980,416319.733555,79503.895691,66755.674232,0,1.0,dom,native,1,c4a54cdecc67,703,1
cpp,bytes,document,100,27,protobuf-wire,wire-v2,1136,666,164,1802,880281.690141,1501501.501502,554938.956715,0,1.0,schema,adapted,1,c4a54cdecc67,704,2
cpp,bytes,document,100,27,flatbuffers,flatbuffers,385,618,188,1003,2597402.597403,1618122.977346,997008.973081,0,1.0,schema,adapted,1,c4a54cdecc67,705,3
cpp,bytes,document,100,27,nlohmann_msgpack,3.11.3,2073,7809,332,9882,482392.667631,128057.369702,101194.090265,0,1.0,dom,native,1,c4a54cdecc67,706,4
cpp,bytes,document,100,27,flexbuffers,flatbuffers-flex,3880,4874,467,8754,257731.958763,205170.291342,114233.493260,0,1.0,dom,adapted,1,c4a54cdecc67,707,5
cpp,bytes,document,100,27,simdjson,3.10.1,127,7659,458,7786,7874015.748031,130565.347957,128435.653737,0,1.0,dom,adapted,1,c4a54cdecc67,708,6
cpp,bytes,document,100,27,jsoncons_bson,0.177.0,3705,14707,502,18412,269905.533063,67994.832393,54312.404953,0,1.0,dom,native,1,c4a54cdecc67,709,7
cpp,bytes,document,100,27,nlohmann_ubjson,3.11.3,1691,7618,409,9309,591366.055588,131268.049357,107422.924052,0,1.0,dom,native,1,c4a54cdecc67,710,8
cpp,bytes,document,100,27,rapidjson,1.1.0,1880,11167,458,13047,531914.893617,89549.565685,76645.972254,0,1.0,dom,native,1,c4a54cdecc67,711,9
cpp,bytes,document,100,27,jsoncons_cbor,0.177.0,2556,15424,338,17980,391236.306729,64834.024896,55617.352614,0,1.0,dom,native,1,c4a54cdecc67,712,10
cpp,bytes,document,100,27,yas,7.x,847,367,274,1214,1180637.544274,2724795.640327,823723.228995,0,1.0,struct,adapted,1,c4a54cdecc67,713,11
cpp,bytes,document,100,27,avro,binary-1.11,406,419,125,825,2463054.187192,2386634.844869,1212121.212121,0,1.0,schema,adapted,1,c4a54cdecc67,714,12
cpp,bytes,document,100,27,cereal,1.3.2,1275,1137,267,2412,784313.725490,879507.475814,414593.698176,0,1.0,struct,native,1,c4a54cdecc67,715,13
cpp,bytes,document,100,27,jsoncons_msgpack,0.177.0,2648,14493,332,17141,377643.504532,68998.827020,58339.653462,0,1.0,dom,native,1,c4a54cdecc67,716,14
cpp,bytes,document,100,27,msgpack,msgpack-cxx,3682,1148,332,4830,271591.526344,871080.139373,207039.337474,0,1.0,struct,native,1,c4a54cdecc67,717,15
cpp,bytes,document,100,27,thrift,TBinaryProtocol,884,411,324,1295,1131221.719457,2433090.024331,772200.772201,0,1.0,schema,adapted,1,c4a54cdecc67,718,16
cpp,bytes,document,100,27,capnproto,1.0.x,617,528,392,1145,1620745.542950,1893939.393939,873362.445415,0,1.0,schema,native,1,c4a54cdecc67,719,17
cpp,bytes,document,100,27,nlohmann_json,3.11.3,2217,6819,458,9036,451059.990979,146649.068778,110668.437362,0,1.0,struct,native,1,c4a54cdecc67,720,18
cpp,bytes,document,100,27,custom_binary,harness,629,347,223,976,1589825.119237,2881844.380403,1024590.163934,0,1.0,struct,adapted,1,c4a54cdecc67,721,19
cpp,bytes,document,100,27,avro_c,avro-c,2090,2402,125,4492,478468.899522,416319.733555,222617.987533,0,1.0,schema,adapted,1,c4a54cdecc67,722,20
cpp,bytes,document,100,27,cista,0.15,288,786,328,1074,3472222.222222,1272264.631043,931098.696462,0,1.0,archive,adapted,1,c4a54cdecc67,723,21
cpp,bytes,document,100,27,yyjson,0.10.0,1048,8251,458,9299,954198.473282,121197.430614,107538.444994,0,1.0,dom,adapted,1,c4a54cdecc67,724,22
cpp,bytes,document,100,27,nlohmann_bson,3.11.3,2275,7007,502,9282,439560.439560,142714.428429,107735.401853,0,1.0,dom,native,1,c4a54cdecc67,725,23
cpp,bytes,document,100,27,zpp_bits,4.4.25,619,336,227,955,1615508.885299,2976190.476190,1047120.418848,0,1.0,struct,adapted,1,c4a54cdecc67,726,24
cpp,bytes,document,100,27,bitsery,5.2.4,217,347,190,564,4608294.930876,2881844.380403,1773049.645390,0,1.0,struct,adapted,1,c4a54cdecc67,727,25
cpp,bytes,document,100,28,avro,binary-1.11,341,328,125,669,2932551.319648,3048780.487805,1494768.310912,0,1.0,schema,adapted,1,c4a54cdecc67,728,0
cpp,bytes,document,100,28,yas,7.x,1310,326,274,1636,763358.778626,3067484.662577,611246.943765,0,1.0,struct,adapted,1,c4a54cdecc67,729,1
cpp,bytes,document,100,28,nlohmann_cbor,3.11.3,2167,6820,338,8987,461467.466544,146627.565982,111271.837098,0,1.0,dom,native,1,c4a54cdecc67,730,2
cpp,bytes,document,100,28,nlohmann_msgpack,3.11.3,2085,6537,332,8622,479616.306954,152975.370965,115982.370680,0,1.0,dom,native,1,c4a54cdecc67,731,3
cpp,bytes,document,100,28,rapidjson,1.1.0,2051,10840,458,12891,487567.040468,92250.922509,77573.500892,0,1.0,dom,native,1,c4a54cdecc67,732,4
cpp,bytes,document,100,28,nlohmann_json,3.11.3,2119,7424,458,9543,471920.717319,134698.275862,104788.850466,0,1.0,struct,native,1,c4a54cdecc67,733,5
cpp,bytes,document,100,28,capnproto,1.0.x,994,498,392,1492,1006036.217304,2008032.128514,670241.286863,0,1.0,schema,native,1,c4a54cdecc67,734,6
cpp,bytes,document,100,28,flatbuffers,flatbuffers,202,811,188,1013,4950495.049505,1233045.622688,987166.831194,0,1.0,schema,adapted,1,c4a54cdecc67,735,7
cpp,bytes,document,100,28,avro_c,avro-c,2111,2558,125,4669,473709.142586,390930.414386,214178.624973,0,1.0,schema,adapted,1,c4a54cdecc67,736,8
cpp,bytes,document,100,28,jsoncons_cbor,0.177.0,3243,16361,338,19604,308356.460068,61120.958377,51009.997960,0,1.0,dom,native,1,c4a54cdecc67,737,9
cpp,bytes,document,100,28,zpp_bits,4.4.25,544,312,227,856,1838235.294118,3205128.205128,1168224.299065,0,1.0,struct,adapted,1,c4a54cdecc67,738,10
cpp,bytes,document,100,28,jsoncons_msgpack,0.177.0,2807,14507,332,17314,356252.226576,68932.239608,57756.728659,0,1.0,dom,native,1,c4a54cdecc67,739,11
cpp,bytes,document,100,28,msgpack,msgpack-cxx,1066,1191,332,2257,938086.303940,839630.562552,443066.016837,0,1.0,struct,native,1,c4a54cdecc67,740,12
cpp,bytes,document,100,28,yyjson,0.10.0,552,8460,458,9012,1811594.202899,118203.309693,110963.160231,0,1.0,dom,adapted,1,c4a54cdecc67,741,13
cpp,bytes,document,100,28,nlohmann_ubjson,3.11.3,1772,7917,409,9689,564334.085779,126310.471138,103209.825575,0,1.0,dom,native,1,c4a54cdecc67,742,14
cpp,bytes,document,100,28,simdjson,3.10.1,129,7804,458,7933,7751937.984496,128139.415684,126055.716627,0,1.0,dom,adapted,1,c4a54cdecc67,743,15
cpp,bytes,document,100,28,custom_binary,harness,644,397,223,1041,1552795.031056,2518891.687657,960614.793468,0,1.0,struct,adapted,1,c4a54cdecc67,744,16
cpp,bytes,document,100,28,flexbuffers,flatbuffers-flex,4351,5275,467,9626,229832.222478,189573.459716,103885.310617,0,1.0,dom,adapted,1,c4a54cdecc67,745,17
cpp,bytes,document,100,28,arduinojson,7.2.1,2518,12367,458,14885,397140.587768,80860.354168,67181.726570,0,1.0,dom,native,1,c4a54cdecc67,746,18
cpp,bytes,document,100,28,cereal,1.3.2,1327,1221,267,2548,753579.502638,819000.819001,392464.678179,0,1.0,struct,native,1,c4a54cdecc67,747,19
cpp,bytes,document,100,28,nlohmann_bson,3.11.3,2298,7781,502,10079,435161.009574,128518.185323,99216.192083,0,1.0,dom,native,1,c4a54cdecc67,748,20
cpp,bytes,document,100,28,bitsery,5.2.4,252,315,190,567,3968253.968254,3174603.174603,1763668.430335,0,1.0,struct,adapted,1,c4a54cdecc67,749,21
cpp,bytes,document,100,28,protobuf-wire,wire-v2,1471,809,164,2280,679809.653297,1236093.943140,438596.491228,0,1.0,schema,adapted,1,c4a54cdecc67,750,22
cpp,bytes,document,100,28,thrift,TBinaryProtocol,866,455,324,1321,1154734.411085,2197802.197802,757002.271007,0,1.0,schema,adapted,1,c4a54cdecc67,751,23
cpp,bytes,document,100,28,cista,0.15,302,836,328,1138,3311258.278146,1196172.248804,878734.622144,0,1.0,archive,adapted,1,c4a54cdecc67,752,24
cpp,bytes,document,100,28,jsoncons_bson,0.177.0,3897,16297,502,20194,256607.646908,61360.986685,49519.659305,0,1.0,dom,native,1,c4a54cdecc67,753,25
cpp,bytes,document,100,29,bitsery,5.2.4,172,240,190,412,5813953.488372,4166666.666667,2427184.466019,0,1.0,struct,adapted,1,c4a54cdecc67,754,0
cpp,bytes,document,100,29,flexbuffers,flatbuffers-flex,4047,4765,467,8812,247096.614776,209863.588667,113481.615978,0,1.0,dom,adapted,1,c4a54cdecc67,755,1
cpp,bytes,document,100,29,rapidjson,1.1.0,1597,10561,458,12158,626174.076393,94688.003030,82250.370127,0,1.0,dom,native,1,c4a54cdecc67,756,2
cpp,bytes,document,100,29,avro,binary-1.11,519,596,125,1115,1926782.273603,1677852.348993,896860.986547,0,1.0,schema,adapted,1,c4a54cdecc67,757,3
cpp,bytes,document,100,29,thrift,TBinaryProtocol,850,366,324,1216,1176470.588235,2732240.437158,822368.421053,0,1.0,schema,adapted,1,c4a54cdecc67,758,4
cpp,bytes,document,100,29,capnproto,1.0.x,803,506,392,1309,1245330.012453,1976284.584980,763941.940413,0,1.0,schema,native,1,c4a54cdecc67,759,5
cpp,bytes,document,100,29,cereal,1.3.2,1120,1098,267,2218,892857.142857,910746.812386,450856.627592,0,1.0,struct,native,1,c4a54cdecc67,760,6
cpp,bytes,document,100,29,arduinojson,7.2.1,2460,10399,458,12859,406504.065041,96163.092605,77766.544832,0,1.0,dom,native,1,c4a54cdecc67,761,7
cpp,bytes,document,100,29,cista,0.15,270,816,328,1086,3703703.703704,1225490.196078,920810.313076,0,1.0,archive,adapted,1,c4a54cdecc67,762,8
cpp,bytes,document,100,29,protobuf-wire,wire-v2,1361,746,164,2107,734753.857458,1340482.573727,474608.448030,0,1.0,schema,adapted,1,c4a54cdecc67,763,9
cpp,bytes,document,100,29,jsoncons_msgpack,0.177.0,2819,16206,332,19025,354735.721887,61705.541158,52562.417871,0,1.0,dom,native,1,c4a54cdecc67,764,10
cpp,bytes,document,100,29,msgpack,msgpack-cxx,1189,1067,332,2256,841042.893188,937207.122774,443262.411348,0,1.0,struct,native,1,c4a54cdecc67,765,11
cpp,bytes,document,100,29,zpp_bits,4.4.25,565,348,227,913,1769911.504425,2873563.218391,1095290.251917,0,1.0,struct,adapted,1,c4a54cdecc67,766,12
cpp,bytes,document,100,29,nlohmann_bson,3.11.3,2328,7388,502,9716,429553.264605,135354.629128,102923.013586,0,1.0,dom,native,1,c4a54cdecc67,767,13
cpp,bytes,document,100,29,yyjson,0.10.0,1205,8127,458,9332,829875.518672,123046.634675,107158.165452,0,1.0,dom,adapted,1,c4a54cdecc67,768,14
cpp,bytes,document,100,29,yas,7.x,771,401,274,1172,1297016.861219,2493765.586035,853242.320819,0,1.0,struct,adapted,1,c4a54cdecc67,769,15
cpp,bytes,document,100,29,flatbuffers,flatbuffers,231,700,188,931,4329004.329004,1428571.428571,1074113.856069,0,1.0,schema,adapted,1,c4a54cdecc67,770,16
cpp,bytes,document,100,29,nlohmann_cbor,3.11.3,2427,6699,338,9126,412031.314380,149276.011345,109577.032654,0,1.0,dom,native,1,c4a54cdecc67,771,17
cpp,bytes,document,100,29,nlohmann_msgpack,3.11.3,2148,6749,332,8897,465549.348231,148170.099274,112397.437338,0,1.0,dom,native,1,c4a54cdecc67,772,18
cpp,bytes,document,100,29,avro_c,avro-c,2389,2552,125,4941,418585.182085,391849.529781,202388.180530,0,1.0,schema,adapted,1,c4a54cdecc67,773,19
cpp,bytes,document,100,29,nlohmann_json,3.11.3,2278,6485,458,8763,438981.562774,154202.004626,114116.170261,0,1.0,struct,native,1,c4a54cdecc67,774,20
cpp,bytes,document,100,29,custom_binary,harness,733,408,223,1141,1364256.480218,2450980.392157,876424.189308,0,1.0,struct,adapted,1,c4a54cdecc67,775,21
cpp,bytes,document,100,29,jsoncons_cbor,0.177.0,2673,16593,338,19266,374111.485223,60266.377388,51904.910205,0,1.0,dom,native,1,c4a54cdecc67,776,22
cpp,bytes,document,100,29,jsoncons_bson,0.177.0,3465,14496,502,17961,288600.288600,68984.547461,55676.187295,0,1.0,dom,native,1,c4a54cdecc67,777,23
cpp,bytes,document,100,29,simdjson,3.10.1,133,7764,458,7897,7518796.992481,128799.587841,126630.365962,0,1.0,dom,adapted,1,c4a54cdecc67,778,24
cpp,bytes,document,100,29,nlohmann_ubjson,3.11.3,1839,8093,409,9932,543773.790103,123563.573459,100684.655658,0,1.0,dom,native,1,c4a54cdecc67,779,25
cpp,bytes,document,100,30,nlohmann_ubjson,3.11.3,1376,7328,409,8704,726744.186047,136462.882096,114889.705882,0,1.0,dom,native,1,c4a54cdecc67,780,0
cpp,bytes,document,100,30,thrift,TBinaryProtocol,943,404,324,1347,1060445.387063,2475247.524752,742390.497402,0,1.0,schema,adapted,1,c4a54cdecc67,781,1
cpp,bytes,document,100,30,cista,0.15,273,809,328,1082,3663003.663004,1236093.943140,924214.417745,0,1.0,archive,adapted,1,c4a54cdecc67,782,2
cpp,bytes,document,100,30,nlohmann_json,3.11.3,2128,6210,458,8338,469924.812030,161030.595813,119932.837611,0,1.0,struct,native,1,c4a54cdecc67,783,3
cpp,bytes,document,100,30,protobuf-wire,wire-v2,1334,729,164,2063,749625.187406,1371742.112483,484730.974309,0,1.0,schema,adapted,1,c4a54cdecc67,784,4
cpp,bytes,document,100,30,jsoncons_cbor,0.177.0,2811,15630,338,18441,355745.286375,63979.526552,54226.994198,0,1.0,dom,native,1,c4a54cdecc67,785,5
cpp,bytes,document,100,30,arduinojson,7.2.1,2458,11747,458,14205,406834.825061,85128.117817,70397.747272,0,1.0,dom,native,1,c4a54cdecc67,786,6
cpp,bytes,document,100,30,avro_c,avro-c,2111,2616,125,4727,473709.142586,382262.996942,211550.666385,0,1.0,schema,adapted,1,c4a54cdecc67,787,7
cpp,bytes,document,100,30,yyjson,0.10.0,712,7855,458,8567,1404494.382022,127307.447486,116726.975604,0,1.0,dom,adapted,1,c4a54cdecc67,788,8
cpp,bytes,document,100,30,cereal,1.3.2,17437,1068,267,18505,57349.314676,936329.588015,54039.448798,0,1.0,struct,native,1,c4a54cdecc67,789,9
cpp,bytes,document,100,30,custom_binary,harness,870,423,223,1293,1149425.287356,2364066.193853,773395.204950,0,1.0,struct,adapted,1,c4a54cdecc67,790,10
cpp,bytes,document,100,30,jsoncons_msgpack,0.177.0,2674,14417,332,17091,373971.578160,69362.558091,58510.327073,0,1.0,dom,native,1,c4a54cdecc67,791,11
cpp,bytes,document,100,30,simdjson,3.10.1,133,7651,458,7784,7518796.992481,130701.869037,128468.653649,0,1.0,dom,adapted,1,c4a54cdecc67,792,12
cpp,bytes,document,100,30,msgpack,msgpack-cxx,1294,1144,332,2438,772797.527048,874125.874126,410172.272354,0,1.0,struct,native,1,c4a54cdecc67,793,13
cpp,bytes,document,100,30,bitsery,5.2.4,259,317,190,576,3861003.861004,3154574.132492,1736111.111111,0,1.0,struct,adapted,1,c4a54cdecc67,794,14
cpp,bytes,document,100,30,flexbuffers,flatbuffers-flex,7292,5883,467,13175,137136.588042,169981.302057,75901.328273,0,1.0,dom,adapted,1,c4a54cdecc67,795,15
cpp,bytes,document,100,30,flatbuffers,flatbuffers,545,785,188,1330,1834862.385321,1273885.350318,751879.699248,0,1.0,schema,adapted,1,c4a54cdecc67,796,16
cpp,bytes,document,100,30,rapidjson,1.1.0,1153,10575,458,11728,867302.688638,94562.647754,85266.030014,0,1.0,dom,native,1,c4a54cdecc67,797,17
cpp,bytes,document,100,30,yas,7.x,627,391,274,1018,1594896.331738,2557544.757033,982318.271120,0,1.0,struct,adapted,1,c4a54cdecc67,798,18
cpp,bytes,document,100,30,capnproto,1.0.x,711,621,392,1332,1406469.760900,1610305.958132,750750.750751,0,1.0,schema,native,1,c4a54cdecc67,799,19
cpp,bytes,document,100,30,jsoncons_bson,0.177.0,3846,15097,502,18943,260010.400416,66238.325495,52789.948794,0,1.0,dom,native,1,c4a54cdecc67,800,20
cpp,bytes,document,100,30,zpp_bits,4.4.25,794,347,227,1141,1259445.843829,2881844.380403,876424.189308,0,1.0,struct,adapted,1,c4a54cdecc67,801,21
cpp,bytes,document,100,30,nlohmann_bson,3.11.3,2461,7906,502,10367,406338.886631,126486.213003,96459.920903,0,1.0,dom,native,1,c4a54cdecc67,802,22
cpp,bytes,document,100,30,nlohmann_msgpack,3.11.3,2501,7040,332,9541,399840.063974,142045.454545,104810.816476,0,1.0,dom,native,1,c4a54cdecc67,803,23
cpp,bytes,document,100,30,avro,binary-1.11,545,573,125,1118,1834862.385321,1745200.698080,894454.382826,0,1.0,schema,adapted,1,c4a54cdecc67,804,24
cpp,bytes,document,100,30,nlohmann_cbor,3.11.3,2385,6715,338,9100,419287.211740,148920.327625,109890.109890,0,1.0,dom,native,1,c4a54cdecc67,805,25
cpp,bytes,document,100,31,avro_c,avro-c,2834,2747,125,5581,352858.151023,364033.491081,179179.358538,0,1.0,schema,adapted,1,c4a54cdecc67,806,0
cpp,bytes,document,100,31,avro,binary-1.11,414,317,125,731,2415458.937198,3154574.132492,1367989.056088,0,1.0,schema,adapted,1,c4a54cdecc67,807,1
cpp,bytes,document,100,31,protobuf-wire,wire-v2,1343,765,164,2108,744601.638124,1307189.542484,474383.301708,0,1.0,schema,adapted,1,c4a54cdecc67,808,2
cpp,bytes,document,100,31,nlohmann_bson,3.11.3,1931,6643,502,8574,517866.390471,150534.397110,116631.677164,0,1.0,dom,native,1,c4a54cdecc67,809,3
cpp,bytes,document,100,31,simdjson,3.10.1,133,8363,458,8496,7518796.992481,119574.315437,117702.448211,0,1.0,dom,adapted,1,c4a54cdecc67,810,4
cpp,bytes,document,100,31,cereal,1.3.2,1395,1180,267,2575,716845.878136,847457.627119,388349.514563,0,1.0,struct,native,1,c4a54cdecc67,811,5
cpp,bytes,document,100,31,nlohmann_cbor,3.11.3,2000,6151,338,8151,500000.000000,162575.191026,122684.333211,0,1.0,dom,native,1,c4a54cdecc67,812,6
cpp,bytes,document,100,31,rapidjson,1.1.0,2112,12809,458,14921,473484.848485,78070.106956,67019.636754,0,1.0,dom,native,1,c4a54cdecc67,813,7
cpp,bytes,document,100,31,yas,7.x,637,411,274,1048,1569858.712716,2433090.024331,954198.473282,0,1.0,struct,adapted,1,c4a54cdecc67,814,8
cpp,bytes,document,100,31,zpp_bits,4.4.25,514,1538,227,2052,1945525.291829,650195.058518,487329.434698,0,1.0,struct,adapted,1,c4a54cdecc67,815,9
cpp,bytes,document,100,31,flexbuffers,flatbuffers-flex,4176,5851,467,10027,239463.601533,170910.955392,99730.727037,0,1.0,dom,adapted,1,c4a54cdecc67,816,10
cpp,bytes,document,100,31,thrift,TBinaryProtocol,782,435,324,1217,1278772.378517,2298850.574713,821692.686935,0,1.0,schema,adapted,1,c4a54cdecc67,817,11
cpp,bytes,document,100,31,jsoncons_msgpack,0.177.0,3069,17566,332,20635,325839.035516,56928.156666,48461.352072,0,1.0,dom,native,1,c4a54cdecc67,818,12
cpp,bytes,document,100,31,capnproto,1.0.x,1008,533,392,1541,992063.492063,1876172.607880,648929.266710,0,1.0,schema,native,1,c4a54cdecc67,819,13
cpp,bytes,document,100,31,jsoncons_cbor,0.177.0,2705,14628,338,17333,369685.767098,68362.045392,57693.417181,0,1.0,dom,native,1,c4a54cdecc67,820,14
cpp,bytes,document,100,31,nlohmann_json,3.11.3,2284,6445,458,8729,437828.371278,155159.038014,114560.659869,0,1.0,struct,native,1,c4a54cdecc67,821,15
cpp,bytes,document,100,31,yyjson,0.10.0,1086,8079,458,9165,920810.313076,123777.695259,109110.747409,0,1.0,dom,adapted,1,c4a54cdecc67,822,16
cpp,bytes,document,100,31,custom_binary,harness,829,411,223,1240,1206272.617612,2433090.024331,806451.612903,0,1.0,struct,adapted,1,c4a54cdecc67,823,17
cpp,bytes,document,100,31,jsoncons_bson,0.177.0,3813,14127,502,17940,262260.687123,70786.437319,55741.360089,0,1.0,dom,native,1,c4a54cdecc67,824,18
cpp,bytes,document,100,31,flatbuffers,flatbuffers,743,783,188,1526,1345895.020188,1277139.208174,655307.994758,0,1.0,schema,adapted,1,c4a54cdecc67,825,19
cpp,bytes,document,100,31,nlohmann_msgpack,3.11.3,2251,8051,332,10302,444247.001333,124208.172898,97068.530382,0,1.0,dom,native,1,c4a54cdecc67,826,20
cpp,bytes,document,100,31,nlohmann_ubjson,3.11.3,1890,7234,409,9124,529100.529101,138236.107271,109601.052170,0,1.0,dom,native,1,c4a54cdecc67,827,21
cpp,bytes,document,100,31,cista,0.15,421,888,328,1309,2375296.912114,1126126.126126,763941.940413,0,1.0,archive,adapted,1,c4a54cdecc67,828,22
cpp,bytes,document,100,31,msgpack,msgpack-cxx,1652,1180,332,2832,605326.876513,847457.627119,353107.344633,0,1.0,struct,native,1,c4a54cdecc67,829,23
cpp,bytes,document,100,31,bitsery,5.2.4,222,298,190,520,4504504.504505,3355704.697987,1923076.923077,0,1.0,struct,adapted,1,c4a54cdecc67,830,24
cpp,bytes,document,100,31,arduinojson,7.2.1,2368,105547,458,107915,422297.297297,9474.452140,9266.552379,0,1.0,dom,native,1,c4a54cdecc67,831,25
cpp,bytes,document,100,32,flatbuffers,flatbuffers,394,698,188,1092,2538071.065990,1432664.756447,915750.915751,0,1.0,schema,adapted,1,c4a54cdecc67,832,0
cpp,bytes,document,100,32,bitsery,5.2.4,132,209,190,341,7575757.575758,4784688.995215,2932551.319648,0,1.0,struct,adapted,1,c4a54cdecc67,833,1
cpp,bytes,document,100,32,nlohmann_msgpack,3.11.3,1797,7181,332,8978,556483.027268,139256.370979,111383.381599,0,1.0,dom,native,1,c4a54cdecc67,834,2
cpp,bytes,document,100,32,custom_binary,harness,683,318,223,1001,1464128.843338,3144654.088050,999000.999001,0,1.0,struct,adapted,1,c4a54cdecc67,835,3
cpp,bytes,document,100,32,yas,7.x,1208,319,274,1527,827814.569536,3134796.238245,654878.847413,0,1.0,struct,adapted,1,c4a54cdecc67,836,4
cpp,bytes,document,100,32,cereal,1.3.2,1262,988,267,2250,792393.026941,1012145.748988,444444.444444,0,1.0,struct,native,1,c4a54cdecc67,837,5
cpp,bytes,document,100,32,avro,binary-1.11,551,441,125,992,1814882.032668,2267573.696145,1008064.516129,0,1.0,schema,adapted,1,c4a54cdecc67,838,6
cpp,bytes,document,100,32,cista,0.15,264,711,328,975,3787878.787879,1406469.760900,1025641.025641,0,1.0,archive,adapted,1,c4a54cdecc67,839,7
cpp,bytes,document,100,32,zpp_bits,4.4.25,536,273,227,809,1865671.641791,3663003.663004,1236093.943140,0,1.0,struct,adapted,1,c4a54cdecc67,840,8
cpp,bytes,document,100,32,jsoncons_cbor,0.177.0,2812,15144,338,17956,355618.776671,66032.752245,55691.690800,0,1.0,dom,native,1,c4a54cdecc67,841,9
cpp,bytes,document,100,32,capnproto,1.0.x,961,499,392,1460,1040582.726327,2004008.016032,684931.506849,0,1.0,schema,native,1,c4a54cdecc67,842,10
cpp,bytes,document,100,32,jsoncons_bson,0.177.0,3717,13465,502,17182,269034.167339,74266.617156,58200.442323,0,1.0,dom,native,1,c4a54cdecc67,843,11
cpp,bytes,document,100,32,protobuf-wire,wire-v2,1273,691,164,1964,785545.954438,1447178.002894,509164.969450,0,1.0,schema,adapted,1,c4a54cdecc67,844,12
cpp,bytes,document,100,32,msgpack,msgpack-cxx,1173,1059,332,2232,852514.919011,944287.063267,448028.673835,0,1.0,struct,native,1,c4a54cdecc67,845,13
cpp,bytes,document,100,32,nlohmann_bson,3.11.3,2344,7234,502,9578,426621.160410,138236.107271,104405.930257,0,1.0,dom,native,1,c4a54cdecc67,846,14
cpp,bytes,document,100,32,rapidjson,1.1.0,2225,11119,458,13344,449438.202247,89936.145337,74940.047962,0,1.0,dom,native,1,c4a54cdecc67,847,15
cpp,bytes,document,100,32,avro_c,avro-c,2401,2602,125,5003,416493.127863,384319.754035,199880.071957,0,1.0,schema,adapted,1,c4a54cdecc67,848,16
cpp,bytes,document,100,32,flexbuffers,flatbuffers-flex,3555,5467,467,9022,281293.952180,182915.675873,110840.168477,0,1.0,dom,adapted,1,c4a54cdecc67,849,17
cpp,bytes,document,100,32,nlohmann_json,3.11.3,2213,6353,458,8566,451875.282422,157405.949945,116740.602382,0,1.0,struct,native,1,c4a54cdecc67,850,18
cpp,bytes,document,100,32,arduinojson,7.2.1,2375,11084,458,13459,421052.631579,90220.137135,74299.725091,0,1.0,dom,native,1,c4a54cdecc67,851,19
cpp,bytes,document,100,32,jsoncons_msgpack,0.177.0,2567,15713,332,18280,389559.797429,63641.570674,54704.595186,0,1.0,dom,native,1,c4a54cdecc67,852,20
cpp,bytes,document,100,32,nlohmann_ubjson,3.11.3,1645,7700,409,9345,607902.735562,129870.129870,107009.095773,0,1.0,dom,native,1,c4a54cdecc67,853,21
cpp,bytes,document,100,32,simdjson,3.10.1,151,8385,458,8536,6622516.556291,119260.584377,117150.890347,0,1.0,dom,adapted,1,c4a54cdecc67,854,22
cpp,bytes,document,100,32,nlohmann_cbor,3.11.3,2740,62497,338,65237,364963.503650,16000.768037,15328.724497,0,1.0,dom,native,1,c4a54cdecc67,855,23
cpp,bytes,document,100,32,thrift,TBinaryProtocol,9714,4878,324,14592,102944.204241,205002.050021,68530.701754,0,1.0,schema,adapted,1,c4a54cdecc67,856,24
cpp,bytes,document,100,32,yyjson,0.10.0,1642,9214,458,10856,609013.398295,108530.497070,92114.959469,0,1.0,dom,adapted,1,c4a54cdecc67,857,25
cpp,bytes,document,100,33,capnproto,1.0.x,1051,596,392,1647,951474.785918,1677852.348993,607164.541591,0,1.0,schema,native,1,c4a54cdecc67,858,0
cpp,bytes,document,100,33,custom_binary,harness,769,461,223,1230,1300390.117035,2169197.396963,813008.130081,0,1.0,struct,adapted,1,c4a54cdecc67,859,1
cpp,bytes,document,100,33,yyjson,0.10.0,499,8991,458,9490,2004008.016032,111222.333445,105374.077977,0,1.0,dom,adapted,1,c4a54cdecc67,860,2
cpp,bytes,document,100,33,jsoncons_cbor,0.177.0,2911,16200,338,19111,343524.562006,61728.395062,52325.885616,0,1.0,dom,native,1,c4a54cdecc67,861,3
cpp,bytes,document,100,33,nlohmann_ubjson,3.11.3,1518,7758,409,9276,658761.528327,128899.200825,107805.088400,0,1.0,dom,native,1,c4a54cdecc67,862,4
cpp,bytes,document,100,33,flatbuffers,flatbuffers,1100,919,188,2019,909090.909091,1088139.281828,495294.700347,0,1.0,schema,adapted,1,c4a54cdecc67,863,5
cpp,bytes,document,100,33,arduinojson,7.2.1,2526,11536,458,14062,395882.818686,86685.159501,71113.639596,0,1.0,dom,native,1,c4a54cdecc67,864,6
cpp,bytes,document,100,33,cereal,1.3.2,1409,1230,267,2639,709723.207949,813008.130081,378931.413414,0,1.0,struct,native,1,c4a54cdecc67,865,7
cpp,bytes,document,100,33,rapidjson,1.1.0,1878,12053,458,13931,532481.363152,82966.896208,71782.355897,0,1.0,dom,native,1,c4a54cdecc67,866,8
cpp,bytes,document,100,33,bitsery,5.2.4,227,373,190,600,4405286.343612,2680965.147453,1666666.666667,0,1.0,struct,adapted,1,c4a54cdecc67,867,9
cpp,bytes,document,100,33,jsoncons_bson,0.177.0,4365,15851,502,20216,229095.074456,63087.502366,49465.769687,0,1.0,dom,native,1,c4a54cdecc67,868,10
cpp,bytes,document,100,33,zpp_bits,4.4.25,593,349,227,942,1686340.640809,2865329.512894,1061571.125265,0,1.0,struct,adapted,1,c4a54cdecc67,869,11
cpp,bytes,document,100,33,thrift,TBinaryProtocol,823,402,324,1225,1215066.828676,2487562.189055,816326.530612,0,1.0,schema,adapted,1,c4a54cdecc67,870,12
cpp,bytes,document,100,33,avro,binary-1.11,537,493,125,1030,1862197.392924,2028397.565923,970873.786408,0,1.0,schema,adapted,1,c4a54cdecc67,871,13
cpp,bytes,document,100,33,nlohmann_cbor,3.11.3,2453,7635,338,10088,407664.084794,130975.769483,99127.676447,0,1.0,dom,native,1,c4a54cdecc67,872,14
cpp,bytes,document,100,33,msgpack,msgpack-cxx,1846,1281,332,3127,541711.809317,780640.124902,319795.330988,0,1.0,struct,native,1,c4a54cdecc67,873,15
cpp,bytes,document,100,33,cista,0.15,341,914,328,1255,2932551.319648,1094091.903720,796812.749004,0,1.0,archive,adapted,1,c4a54cdecc67,874,16
cpp,bytes,document,100,33,nlohmann_msgpack,3.11.3,2252,7892,332,10144,444049.733570,126710.593006,98580.441640,0,1.0,dom,native,1,c4a54cdecc67,875,17
cpp,bytes,document,100,33,jsoncons_msgpack,0.177.0,3127,16192,332,19319,319795.330988,61758.893281,51762.513588,0,1.0,dom,native,1,c4a54cdecc67,876,18
cpp,bytes,document,100,33,protobuf-wire,wire-v2,1529,826,164,2355,654022.236756,1210653.753027,424628.450106,0,1.0,schema,adapted,1,c4a54cdecc67,877,19
cpp,bytes,document,100,33,avro_c,avro-c,2507,2747,125,5254,398883.127244,364033.491081,190331.176247,0,1.0,schema,adapted,1,c4a54cdecc67,878,20
cpp,bytes,document,100,33,flexbuffers,flatbuffers-flex,4161,5361,467,9522,240326.844509,186532.363365,105019.953791,0,1.0,dom,adapted,1,c4a54cdecc67,879,21
cpp,bytes,document,100,33,simdjson,3.10.1,166,8449,458,8615,6024096.385542,118357.202036,116076.610563,0,1.0,dom,adapted,1,c4a54cdecc67,880,22
cpp,bytes,document,100,33,nlohmann_bson,3.11.3,2504,7496,502,10000,399361.022364,133404.482391,100000.000000,0,1.0,dom,native,1,c4a54cdecc67,881,23
cpp,bytes,document,100,33,nlohmann_json,3.11.3,2508,7147,458,9655,398724.082935,139918.847069,103573.278094,0,1.0,struct,native,1,c4a54cdecc67,882,24
cpp,bytes,document,100,33,yas,7.x,2837,462,274,3299,352485.019387,2164502.164502,303122.158230,0,1.0,struct,adapted,1,c4a54cdecc67,883,25
cpp,bytes,document,100,34,yyjson,0.10.0,714,9181,458,9895,1400560.224090,108920.596885,101061.141991,0,1.0,dom,adapted,1,c4a54cdecc67,884,0
cpp,bytes,document,100,34,rapidjson,1.1.0,1552,13854,458,15406,644329.896907,72181.319475,64909.775412,0,1.0,dom,native,1,c4a54cdecc67,885,1
cpp,bytes,document,100,34,flatbuffers,flatbuffers,419,866,188,1285,2386634.844869,1154734.411085,778210.116732,0,1.0,schema,adapted,1,c4a54cdecc67,886,2
cpp,bytes,document,100,34,zpp_bits,4.4.25,523,344,227,867,1912045.889101,2906976.744186,1153402.537486,0,1.0,struct,adapted,1,c4a54cdecc67,887,3
cpp,bytes,document,100,34,nlohmann_bson,3.11.3,2240,7626,502,9866,446428.571429,131130.343562,101358.199878,0,1.0,dom,native,1,c4a54cdecc67,888,4
cpp,bytes,document,100,34,avro_c,avro-c,2233,2481,125,4714,447828.034035,403063.280935,212134.068731,0,1.0,schema,adapted,1,c4a54cdecc67,889,5
cpp,bytes,document,100,34,simdjson,3.10.1,161,8690,458,8851,6211180.124224,115074.798619,112981.584002,0,1.0,dom,adapted,1,c4a54cdecc67,890,6
cpp,bytes,document,100,34,msgpack,msgpack-cxx,1782,1247,332,3029,561167.227834,801924.619086,330141.961043,0,1.0,struct,native,1,c4a54cdecc67,891,7
cpp,bytes,document,100,34,nlohmann_json,3.11.3,2286,7216,458,9502,437445.319335,138580.931264,105241.001894,0,1.0,struct,native,1,c4a54cdecc67,892,8
cpp,bytes,document,100,34,arduinojson,7.2.1,2665,12178,458,14843,375234.521576,82115.289867,67371.825103,0,1.0,dom,native,1,c4a54cdecc67,893,9
cpp,bytes,document,100,34,jsoncons_bson,0.177.0,3870,16345,502,20215,258397.932817,61180.789232,49468.216671,0,1.0,dom,native,1,c4a54cdecc67,894,10
cpp,bytes,document,100,34,cista,0.15,350,911,328,1261,2857142.857143,1097694.840834,793021.411578,0,1.0,archive,adapted,1,c4a54cdecc67,895,11
cpp,bytes,document,100,34,protobuf-wire,wire-v2,1487,774,164,2261,672494.956288,1291989.664083,442282.176028,0,1.0,schema,adapted,1,c4a54cdecc67,896,12
cpp,bytes,document,100,34,nlohmann_ubjson,3.11.3,1883,8518,409,10401,531067.445566,117398.450340,96144.601481,0,1.0,dom,native,1,c4a54cdecc67,897,13
cpp,bytes,document,100,34,capnproto,1.0.x,1660,567,392,2227,602409.638554,1763668.430335,449034.575662,0,1.0,schema,native,1,c4a54cdecc67,898,14
cpp,bytes,document,100,34,nlohmann_msgpack,3.11.3,2420,8042,332,10462,413223.140496,124347.177319,95584.018352,0,1.0,dom,native,1,c4a54cdecc67,899,15
cpp,bytes,document,100,34,jsoncons_msgpack,0.177.0,2826,16198,332,19024,353857.041755,61736.016792,52565.180824,0,1.0,dom,native,1,c4a54cdecc67,900,16
cpp,bytes,document,100,34,cereal,1.3.2,1469,1298,267,2767,680735.194010,770416.024653,361402.240694,0,1.0,struct,native,1,c4a54cdecc67,901,17
cpp,bytes,document,100,34,thrift,TBinaryProtocol,924,474,324,1398,1082251.082251,2109704.641350,715307.582260,0,1.0,schema,adapted,1,c4a54cdecc67,902,18
cpp,bytes,document,100,34,flexbuffers,flatbuffers-flex,4157,5558,467,9715,240558.094780,179920.834833,102933.607823,0,1.0,dom,adapted,1,c4a54cdecc67,903,19
cpp,bytes,document,100,34,bitsery,5.2.4,240,381,190,621,4166666.666667,2624671.916010,1610305.958132,0,1.0,struct,adapted,1,c4a54cdecc67,904,20
cpp,bytes,document,100,34,custom_binary,harness,802,454,223,1256,1246882.793017,2202643.171806,796178.343949,0,1.0,struct,adapted,1,c4a54cdecc67,905,21
cpp,bytes,document,100,34,yas,7.x,926,378,274,1304,1079913.606911,2645502.645503,766871.165644,0,1.0,struct,adapted,1,c4a54cdecc67,906,22
cpp,bytes,document,100,34,jsoncons_cbor,0.177.0,2899,16440,338,19339,344946.533287,60827.250608,51708.981850,0,1.0,dom,native,1,c4a54cdecc67,907,23
cpp,bytes,document,100,34,avro,binary-1.11,548,600,125,1148,1824817.518248,1666666.666667,871080.139373,0,1.0,schema,adapted,1,c4a54cdecc67,908,24
cpp,bytes,document,100,34,nlohmann_cbor,3.11.3,2743,7332,338,10075,364564.345607,136388.434261,99255.583127,0,1.0,dom,native,1,c4a54cdecc67,909,25
cpp,bytes,document,100,35,capnproto,1.0.x,1435,536,392,1971,696864.111498,1865671.641791,507356.671740,0,1.0,schema,native,1,c4a54cdecc67,910,0
cpp,bytes,document,100,35,arduinojson,7.2.1,2517,12682,458,15199,397298.371077,78851.916102,65793.802224,0,1.0,dom,native,1,c4a54cdecc67,911,1
cpp,bytes,document,100,35,jsoncons_msgpack,0.177.0,2893,16079,332,18972,345661.942620,62192.922445,52709.255745,0,1.0,dom,native,1,c4a54cdecc67,912,2
cpp,bytes,document,100,35,cereal,1.3.2,1218,1120,267,2338,821018.062397,892857.142857,427715.996578,0,1.0,struct,native,1,c4a54cdecc67,913,3
cpp,bytes,document,100,35,nlohmann_ubjson,3.11.3,1876,8502,409,10378,533049.040512,117619.383674,96357.679707,0,1.0,dom,native,1,c4a54cdecc67,914,4
cpp,bytes,document,100,35,rapidjson,1.1.0,2024,11099,458,13123,494071.146245,90098.207046,76202.087937,0,1.0,dom,native,1,c4a54cdecc67,915,5
cpp,bytes,document,100,35,flatbuffers,flatbuffers,482,903,188,1385,2074688.796680,1107419.712071,722021.660650,0,1.0,schema,adapted,1,c4a54cdecc67,916,6
cpp,bytes,document,100,35,cista,0.15,330,928,328,1258,3030303.030303,1077586.206897,794912.559618,0,1.0,archive,adapted,1,c4a54cdecc67,917,7
cpp,bytes,document,100,35,jsoncons_bson,0.177.0,4367,15496,502,19863,228990.153423,64532.782654,50344.862307,0,1.0,dom,native,1,c4a54cdecc67,918,8
cpp,bytes,document,100,35,zpp_bits,4.4.25,666,373,227,1039,1501501.501502,2680965.147453,962463.907603,0,1.0,struct,adapted,1,c4a54cdecc67,919,9
cpp,bytes,document,100,35,protobuf-wire,wire-v2,1622,738,164,2360,616522.811344,1355013.550136,423728.813559,0,1.0,schema,adapted,1,c4a54cdecc67,920,10
cpp,bytes,document,100,35,avro_c,avro-c,2555,2667,125,5222,391389.432485,374953.130859,191497.510532,0,1.0,schema,adapted,1,c4a54cdecc67,921,11
cpp,bytes,document,100,35,yas,7.x,973,415,274,1388,1027749.229188,2409638.554217,720461.095101,0,1.0,struct,adapted,1,c4a54cdecc67,922,12
cpp,bytes,document,100,35,simdjson,3.10.1,156,9346,458,9502,6410256.410256,106997.646052,105241.001894,0,1.0,dom,adapted,1,c4a54cdecc67,923,13
cpp,bytes,document,100,35,yyjson,0.10.0,1281,9574,458,10855,780640.124902,104449.550867,92123.445417,0,1.0,dom,adapted,1,c4a54cdecc67,924,14
cpp,bytes,document,100,35,nlohmann_msgpack,3.11.3,2662,8306,332,10968,375657.400451,120394.895256,91174.325310,0,1.0,dom,native,1,c4a54cdecc67,925,15
cpp,bytes,document,100,35,bitsery,5.2.4,227,338,190,565,4405286.343612,2958579.881657,1769911.504425,0,1.0,struct,adapted,1,c4a54cdecc67,926,16
cpp,bytes,document,100,35,nlohmann_cbor,3.11.3,2641,6713,338,9354,378644.452859,148964.695367,106906.136412,0,1.0,dom,native,1,c4a54cdecc67,927,17
cpp,bytes,document,100,35,avro,binary-1.11,498,485,125,983,2008032.128514,2061855.670103,1017293.997965,0,1.0,schema,adapted,1,c4a54cdecc67,928,18
cpp,bytes,document,100,35,custom_binary,harness,723,407,223,1130,1383125.864454,2457002.457002,884955.752212,0,1.0,struct,adapted,1,c4a54cdecc67,929,19
cpp,bytes,document,100,35,msgpack,msgpack-cxx,1825,1293,332,3118,547945.205479,773395.204950,320718.409237,0,1.0,struct,native,1,c4a54cdecc67,930,20
cpp,bytes,document,100,35,nlohmann_bson,3.11.3,2660,8599,502,11259,375939.849624,116292.592162,88817.834621,0,1.0,dom,native,1,c4a54cdecc67,931,21
cpp,bytes,document,100,35,flexbuffers,flatbuffers-flex,4351,5542,467,9893,229832.222478,180440.274269,101081.572829,0,1.0,dom,adapted,1,c4a54cdecc67,932,22
cpp,bytes,document,100,35,nlohmann_json,3.11.3,2809,7214,458,10023,355998.576006,138619.351261,99770.527786,0,1.0,struct,native,1,c4a54cdecc67,933,23
cpp,bytes,document,100,35,thrift,TBinaryProtocol,877,453,324,1330,1140250.855188,2207505.518764,751879.699248,0,1.0,schema,adapted,1,c4a54cdecc67,934,24
cpp,bytes,document,100,35,jsoncons_cbor,0.177.0,3009,17875,338,20884,332336.324360,55944.055944,47883.547213,0,1.0,dom,native,1,c4a54cdecc67,935,25
cpp,bytes,document,100,36,avro,binary-1.11,446,432,125,878,2242152.466368,2314814.814815,1138952.164009,0,1.0,schema,adapted,1,c4a54cdecc67,936,0
cpp,bytes,document,100,36,capnproto,1.0.x,1199,561,392,1760,834028.356964,1782531.194296,568181.818182,0,1.0,schema,native,1,c4a54cdecc67,937,1
cpp,bytes,document,100,36,cista,0.15,325,829,328,1154,3076923.076923,1206272.617612,866551.126516,0,1.0,archive,adapted,1,c4a54cdecc67,938,2
cpp,bytes,document,100,36,simdjson,3.10.1,142,9477,458,9619,7042253.521127,105518.624037,103960.910698,0,1.0,dom,adapted,1,c4a54cdecc67,939,3
cpp,bytes,document,100,36,thrift,TBinaryProtocol,733,313,324,1046,1364256.480218,3194888.178914,956022.944551,0,1.0,schema,adapted,1,c4a54cdecc67,940,4
cpp,bytes,document,100,36,msgpack,msgpack-cxx,1404,1181,332,2585,712250.712251,846740.050804,386847.195358,0,1.0,struct,native,1,c4a54cdecc67,941,5
cpp,bytes,document,100,36,rapidjson,1.1.0,1426,12260,458,13686,701262.272090,81566.068515,73067.368113,0,1.0,dom,native,1,c4a54cdecc67,942,6
cpp,bytes,document,100,36,custom_binary,harness,979,439,223,1418,1021450.459653,2277904.328018,705218.617772,0,1.0,struct,adapted,1,c4a54cdecc67,943,7
cpp,bytes,document,100,36,nlohmann_msgpack,3.11.3,2421,8329,332,10750,413052.457662,120062.432465,93023.255814,0,1.0,dom,native,1,c4a54cdecc67,944,8
cpp,bytes,document,100,36,flexbuffers,flatbuffers-flex,4060,5259,467,9319,246305.418719,190150.218673,107307.651036,0,1.0,dom,adapted,1,c4a54cdecc67,945,9
cpp,bytes,document,100,36,zpp_bits,4.4.25,631,399,227,1030,1584786.053883,2506265.664160,970873.786408,0,1.0,struct,adapted,1,c4a54cdecc67,946,10
cpp,bytes,document,100,36,bitsery,5.2.4,203,304,190,507,4926108.374384,3289473.684211,1972386.587771,0,1.0,struct,adapted,1,c4a54cdecc67,947,11
cpp,bytes,document,100,36,arduinojson,7.2.1,2651,13277,458,15928,377216.144851,75318.219477,62782.521346,0,1.0,dom,native,1,c4a54cdecc67,948,12
cpp,bytes,document,100,36,avro_c,avro-c,2486,2914,125,5400,402252.614642,343170.899108,185185.185185,0,1.0,schema,adapted,1,c4a54cdecc67,949,13
cpp,bytes,document,100,36,cereal,1.3.2,1469,1116,267,2585,680735.194010,896057.347670,386847.195358,0,1.0,struct,native,1,c4a54cdecc67,950,14
cpp,bytes,document,100,36,yyjson,0.10.0,913,10207,458,11120,1095290.251917,97971.980014,89928.057554,0,1.0,dom,adapted,1,c4a54cdecc67,951,15
cpp,bytes,document,100,36,yas,7.x,941,410,274,1351,1062699.256111,2439024.390244,740192.450037,0,1.0,struct,adapted,1,c4a54cdecc67,952,16
cpp,bytes,document,100,36,jsoncons_msgpack,0.177.0,3043,16431,332,19474,328623.069339,60860.568438,51350.518640,0,1.0,dom,native,1,c4a54cdecc67,953,17
cpp,bytes,document,100,36,nlohmann_cbor,3.11.3,2479,7450,338,9929,403388.463090,134228.187919,100715.077047,0,1.0,dom,native,1,c4a54cdecc67,954,18
cpp,bytes,document,100,36,nlohmann_ubjson,3.11.3,1779,7984,409,9763,562113.546936,125250.501002,102427.532521,0,1.0,dom,native,1,c4a54cdecc67,955,19
cpp,bytes,document,100,36,flatbuffers,flatbuffers,1158,977,188,2135,863557.858377,1023541.453429,468384.074941,0,1.0,schema,adapted,1,c4a54cdecc67,956,20
cpp,bytes,document,100,36,protobuf-wire,wire-v2,1650,673,164,2323,606060.606061,1485884.101040,430477.830392,0,1.0,schema,adapted,1,c4a54cdecc67,957,21
cpp,bytes,document,100,36,nlohmann_bson,3.11.3,2572,8419,502,10991,388802.488336,118778.952370,90983.531981,0,1.0,dom,native,1,c4a54cdecc67,958,22
cpp,bytes,document,100,36,jsoncons_bson,0.177.0,3955,20776,502,24731,252844.500632,48132.460531,40435.081477,0,1.0,dom,native,1,c4a54cdecc67,959,23
cpp,bytes,document,100,36,nlohmann_json,3.11.3,3220,9384,458,12604,310559.006211,106564.364876,79339.892098,0,1.0,struct,native,1,c4a54cdecc67,960,24
cpp,bytes,document,100,36,jsoncons_cbor,0.177.0,3402,20251,338,23653,293944.738389,49380.277517,42277.935146,0,1.0,dom,native,1,c4a54cdecc67,961,25
cpp,bytes,document,100,37,flatbuffers,flatbuffers,1018,915,188,1933,982318.271120,1092896.174863,517330.574237,0,1.0,schema,adapted,1,c4a54cdecc67,962,0
cpp,bytes,document,100,37,yyjson,0.10.0,716,11316,458,12032,1396648.044693,88370.448922,83111.702128,0,1.0,dom,adapted,1,c4a54cdecc67,963,1
cpp,bytes,document,100,37,flexbuffers,flatbuffers-flex,5213,6693,467,11906,191828.122003,149409.831167,83991.264908,0,1.0,dom,adapted,1,c4a54cdecc67,964,2
cpp,bytes,document,100,37,msgpack,msgpack-cxx,1723,1517,332,3240,580383.052815,659195.781147,308641.975309,0,1.0,struct,native,1,c4a54cdecc67,965,3
cpp,bytes,document,100,37,capnproto,1.0.x,766,613,392,1379,1305483.028721,1631321.370310,725163.161711,0,1.0,schema,native,1,c4a54cdecc67,966,4
cpp,bytes,document,100,37,nlohmann_cbor,3.11.3,2979,9962,338,12941,335683.115139,100381.449508,77273.781006,0,1.0,dom,native,1,c4a54cdecc67,967,5
cpp,bytes,document,100,37,nlohmann_json,3.11.3,2929,8146,458,11075,341413.451690,122759.636631,90293.453725,0,1.0,struct,native,1,c4a54cdecc67,968,6
cpp,bytes,document,100,37,custom_binary,harness,918,520,223,1438,1089324.618736,1923076.923077,695410.292072,0,1.0,struct,adapted,1,c4a54cdecc67,969,7
cpp,bytes,document,100,37,jsoncons_cbor,0.177.0,3375,20976,338,24351,296296.296296,47673.531655,41066.075315,0,1.0,dom,native,1,c4a54cdecc67,970,8
cpp,bytes,document,100,37,jsoncons_msgpack,0.177.0,3295,18279,332,21574,303490.136571,54707.587942,46352.090479,0,1.0,dom,native,1,c4a54cdecc67,971,9
cpp,bytes,document,100,37,nlohmann_ubjson,3.11.3,2189,10942,409,13131,456829.602558,91390.970572,76155.662173,0,1.0,dom,native,1,c4a54cdecc67,972,10
cpp,bytes,document,100,37,bitsery,5.2.4,244,413,190,657,4098360.655738,2421307.506053,1522070.015221,0,1.0,struct,adapted,1,c4a54cdecc67,973,11
cpp,bytes,document,100,37,nlohmann_bson,3.11.3,2952,8459,502,11411,338753.387534,118217.283367,87634.738410,0,1.0,dom,native,1,c4a54cdecc67,974,12
cpp,bytes,document,100,37,protobuf-wire,wire-v2,1773,1019,164,2792,564015.792442,981354.268891,358166.189112,0,1.0,schema,adapted,1,c4a54cdecc67,975,13
cpp,bytes,document,100,37,jsoncons_bson,0.177.0,4637,19479,502,24116,215656.674574,51337.337646,41466.246475,0,1.0,dom,native,1,c4a54cdecc67,976,14
cpp,bytes,document,100,37,thrift,TBinaryProtocol,1093,532,324,1625,914913.083257,1879699.248120,615384.615385,0,1.0,schema,adapted,1,c4a54cdecc67,977,15
cpp,bytes,document,100,37,avro_c,avro-c,3286,3086,125,6372,304321.363360,324044.069994,156936.597615,0,1.0,schema,adapted,1,c4a54cdecc67,978,16
cpp,bytes,document,100,37,rapidjson,1.1.0,2885,15080,458,17965,346620.450607,66312.997347,55663.790704,0,1.0,dom,native,1,c4a54cdecc67,979,17
cpp,bytes,document,100,37,nlohmann_msgpack,3.11.3,2821,9857,332,12678,354484.225452,101450.745663,78876.794447,0,1.0,dom,native,1,c4a54cdecc67,980,18
cpp,bytes,document,100,37,cista,0.15,397,1145,328,1542,2518891.687657,873362.445415,648508.430610,0,1.0,archive,adapted,1,c4a54cdecc67,981,19
cpp,bytes,document,100,37,avro,binary-1.11,637,493,125,1130,1569858.712716,2028397.565923,884955.752212,0,1.0,schema,adapted,1,c4a54cdecc67,982,20
cpp,bytes,document,100,37,yas,7.x,1511,450,274,1961,661813.368630,2222222.222222,509943.906170,0,1.0,struct,adapted,1,c4a54cdecc67,983,21
cpp,bytes,document,100,37,arduinojson,7.2.1,3320,14197,458,17517,301204.819277,70437.416356,57087.400811,0,1.0,dom,native,1,c4a54cdecc67,984,22
cpp,bytes,document,100,37,cereal,1.3.2,1630,1353,267,2983,613496.932515,739098.300074,335232.986926,0,1.0,struct,native,1,c4a54cdecc67,985,23
cpp,bytes,document,100,37,zpp_bits,4.4.25,827,448,227,1275,1209189.842805,2232142.857143,784313.725490,0,1.0,struct,adapted,1,c4a54cdecc67,986,24
cpp,bytes,document,100,37,simdjson,3.10.1,178,15062,458,15240,5617977.528090,66392.245386,65616.797900,0,1.0,dom,adapted,1,c4a54cdecc67,987,25
cpp,bytes,document,100,38,avro,binary-1.11,475,382,125,857,2105263.157895,2617801.047120,1166861.143524,0,1.0,schema,adapted,1,c4a54cdecc67,988,0
cpp,bytes,document,100,38,nlohmann_json,3.11.3,2862,8863,458,11725,349406.009783,112828.613336,85287.846482,0,1.0,struct,native,1,c4a54cdecc67,989,1
cpp,bytes,document,100,38,thrift,TBinaryProtocol,1008,522,324,1530,992063.492063,1915708.812261,653594.771242,0,1.0,schema,adapted,1,c4a54cdecc67,990,2
cpp,bytes,document,100,38,capnproto,1.0.x,1237,616,392,1853,808407.437348,1623376.623377,539665.407447,0,1.0,schema,native,1,c4a54cdecc67,991,3
cpp,bytes,document,100,38,nlohmann_msgpack,3.11.3,2711,9774,332,12485,368867.576540,102312.257008,80096.115338,0,1.0,dom,native,1,c4a54cdecc67,992,4
cpp,bytes,document,100,38,zpp_bits,4.4.25,610,296,227,906,1639344.262295,3378378.378378,1103752.759382,0,1.0,struct,adapted,1,c4a54cdecc67,993,5
cpp,bytes,document,100,38,nlohmann_ubjson,3.11.3,2136,9833,409,11969,468164.794007,101698.362656,83549.168686,0,1.0,dom,native,1,c4a54cdecc67,994,6
cpp,bytes,document,100,38,protobuf-wire,wire-v2,1779,1019,164,2798,562113.546936,981354.268891,357398.141530,0,1.0,schema,adapted,1,c4a54cdecc67,995,7
cpp,bytes,document,100,38,msgpack,msgpack-cxx,2063,1554,332,3617,484730.974309,643500.643501,276472.214542,0,1.0,struct,native,1,c4a54cdecc67,996,8
cpp,bytes,document,100,38,jsoncons_cbor,0.177.0,3507,20028,338,23535,285143.997719,49930.097863,42489.908647,0,1.0,dom,native,1,c4a54cdecc67,997,9
cpp,bytes,document,100,38,jsoncons_bson,0.177.0,4754,18976,502,23730,210349.179638,52698.145025,42140.750105,0,1.0,dom,native,1,c4a54cdecc67,998,10
cpp,bytes,document,100,38,nlohmann_cbor,3.11.3,3065,9243,338,12308,326264.274062,108189.981608,81247.968801,0,1.0,dom,native,1,c4a54cdecc67,999,11
cpp,bytes,document,100,38,cista,0.15,397,1151,328,1548,2518891.687657,868809.730669,645994.832041,0,1.0,archive,adapted,1,c4a54cdecc67,1000,12
cpp,bytes,document,100,38,jsoncons_msgpack,0.177.0,3262,19446,332,22708,306560.392397,51424.457472,44037.343667,0,1.0,dom,native,1,c4a54cdecc67,1001,13
cpp,bytes,document,100,38,avro_c,avro-c,2994,3066,125,6060,334001.336005,326157.860404,165016.501650,0,1.0,schema,adapted,1,c4a54cdecc67,1002,14
cpp,bytes,document,100,38,yyjson,0.10.0,1419,10647,458,12066,704721.634954,93923.170846,82877.507045,0,1.0,dom,adapted,1,c4a54cdecc67,1003,15
cpp,bytes,document,100,38,yas,7.x,1037,517,274,1554,964320.154291,1934235.976789,643500.643501,0,1.0,struct,adapted,1,c4a54cdecc67,1004,16
cpp,bytes,document,100,38,cereal,1.3.2,1571,1372,267,2943,636537.237428,728862.973761,339789.330615,0,1.0,struct,native,1,c4a54cdecc67,1005,17
cpp,bytes,document,100,38,flexbuffers,flatbuffers-flex,5230,7157,467,12387,191204.588910,139723.347771,80729.797368,0,1.0,dom,adapted,1,c4a54cdecc67,1006,18
cpp,bytes,document,100,38,arduinojson,7.2.1,3232,16163,458,19395,309405.940594,61869.702407,51559.680330,0,1.0,dom,native,1,c4a54cdecc67,1007,19
cpp,bytes,document,100,38,nlohmann_bson,3.11.3,3032,9242,502,12274,329815.303430,108201.687946,81473.032426,0,1.0,dom,native,1,c4a54cdecc67,1008,20
cpp,bytes,document,100,38,bitsery,5.2.4,274,426,190,700,3649635.036496,2347417.840376,1428571.428571,0,1.0,struct,adapted,1,c4a54cdecc67,1009,21
cpp,bytes,document,100,38,flatbuffers,flatbuffers,1822,1090,188,2912,548847.420417,917431.192661,343406.593407,0,1.0,schema,adapted,1,c4a54cdecc67,1010,22
cpp,bytes,document,100,38,rapidjson,1.1.0,1606,13718,458,15324,622665.006227,72896.923750,65257.113025,0,1.0,dom,native,1,c4a54cdecc67,1011,23
cpp,bytes,document,100,38,custom_binary,harness,972,491,223,1463,1028806.584362,2036659.877800,683526.999316,0,1.0,struct,adapted,1,c4a54cdecc67,1012,24
cpp,bytes,document,100,38,simdjson,3.10.1,193,11571,458,11764,5181347.150259,86422.953937,85005.100306,0,1.0,dom,adapted,1,c4a54cdecc67,1013,25
cpp,bytes,document,100,39,jsoncons_cbor,0.177.0,3418,20581,338,23999,292568.753657,48588.503960,41668.402850,0,1.0,dom,native,1,c4a54cdecc67,1014,0
cpp,bytes,document,100,39,protobuf-wire,wire-v2,1847,879,164,2726,541418.516513,1137656.427759,366837.857667,0,1.0,schema,adapted,1,c4a54cdecc67,1015,1
cpp,bytes,document,100,39,nlohmann_bson,3.11.3,2905,9623,502,12528,344234.079174,103917.697184,79821.200511,0,1.0,dom,native,1,c4a54cdecc67,1016,2
cpp,bytes,document,100,39,capnproto,1.0.x,1692,733,392,2425,591016.548463,1364256.480218,412371.134021,0,1.0,schema,native,1,c4a54cdecc67,1017,3
cpp,bytes,document,100,39,nlohmann_msgpack,3.11.3,3003,9754,332,12757,333000.333000,102522.042239,78388.335816,0,1.0,dom,native,1,c4a54cdecc67,1018,4
cpp,bytes,document,100,39,rapidjson,1.1.0,1847,13693,458,15540,541418.516513,73030.015336,64350.064350,0,1.0,dom,native,1,c4a54cdecc67,1019,5
cpp,bytes,document,100,39,jsoncons_bson,0.177.0,4754,19428,502,24182,210349.179638,51472.102121,41353.072533,0,1.0,dom,native,1,c4a54cdecc67,1020,6
cpp,bytes,document,100,39,cereal,1.3.2,1529,1428,267,2957,654022.236756,700280.112045,338180.588434,0,1.0,struct,native,1,c4a54cdecc67,1021,7
cpp,bytes,document,100,39,jsoncons_msgpack,0.177.0,3278,18735,332,22013,305064.063453,53376.034161,45427.701813,0,1.0,dom,native,1,c4a54cdecc67,1022,8
cpp,bytes,document,100,39,arduinojson,7.2.1,3043,16197,458,19240,328623.069339,61739.828363,51975.051975,0,1.0,dom,native,1,c4a54cdecc67,1023,9
cpp,bytes,document,100,39,bitsery,5.2.4,415,420,190,835,2409638.554217,2380952.380952,1197604.790419,0,1.0,struct,adapted,1,c4a54cdecc67,1024,10
cpp,bytes,document,100,39,custom_binary,harness,889,509,223,1398,1124859.392576,1964636.542240,715307.582260,0,1.0,struct,adapted,1,c4a54cdecc67,1025,11
cpp,bytes,document,100,39,nlohmann_cbor,3.11.3,3047,8934,338,11981,328191.663932,111931.945377,83465.487021,0,1.0,dom,native,1,c4a54cdecc67,1026,12
cpp,bytes,document,100,39,nlohmann_json,3.11.3,3121,9276,458,12397,320410.124960,107805.088400,80664.676938,0,1.0,struct,native,1,c4a54cdecc67,1027,13
cpp,bytes,document,100,39,flexbuffers,flatbuffers-flex,6247,7037,467,13284,160076.836882,142106.011084,75278.530563,0,1.0,dom,adapted,1,c4a54cdecc67,1028,14
cpp,bytes,document,100,39,thrift,TBinaryProtocol,1158,604,324,1762,863557.858377,1655629.139073,567536.889898,0,1.0,schema,adapted,1,c4a54cdecc67,1029,15
cpp,bytes,document,100,39,yyjson,0.10.0,2354,11258,458,13612,424808.836024,88825.723930,73464.590068,0,1.0,dom,adapted,1,c4a54cdecc67,1030,16
cpp,bytes,document,100,39,avro_c,avro-c,3148,3487,125,6635,317662.007624,286779.466590,150715.900528,0,1.0,schema,adapted,1,c4a54cdecc67,1031,17
cpp,bytes,document,100,39,nlohmann_ubjson,3.11.3,2558,12424,409,14982,390930.414386,80489.375402,66746.762782,0,1.0,dom,native,1,c4a54cdecc67,1032,18
cpp,bytes,document,100,39,avro,binary-1.11,699,668,125,1367,1430615.164521,1497005.988024,731528.895391,0,1.0,schema,adapted,1,c4a54cdecc67,1033,19
cpp,bytes,document,100,39,flatbuffers,flatbuffers,1789,1028,188,2817,558971.492454,972762.645914,354987.575435,0,1.0,schema,adapted,1,c4a54cdecc67,1034,20
cpp,bytes,document,100,39,msgpack,msgpack-cxx,1134,1681,332,2815,881834.215168,594883.997620,355239.786856,0,1.0,struct,native,1,c4a54cdecc67,1035,21
cpp,bytes,document,100,39,cista,0.15,476,1174,328,1650,2100840.336134,851788.756388,606060.606061,0,1.0,archive,adapted,1,c4a54cdecc67,1036,22
cpp,bytes,document,100,39,zpp_bits,4.4.25,871,484,227,1355,1148105.625718,2066115.702479,738007.380074,0,1.0,struct,adapted,1,c4a54cdecc67,1037,23
cpp,bytes,document,100,39,yas,7.x,508,516,274,1024,1968503.937008,1937984.496124,976562.500000,0,1.0,struct,adapted,1,c4a54cdecc67,1038,24
cpp,bytes,document,100,39,simdjson,3.10.1,304,12809,458,13113,3289473.684211,78070.106956,76260.199802,0,1.0,dom,adapted,1,c4a54cdecc67,1039,25
cpp,bytes,document,100,40,protobuf-wire,wire-v2,1730,900,164,2630,578034.682081,1111111.111111,380228.136882,0,1.0,schema,adapted,1,c4a54cdecc67,1040,0
cpp,bytes,document,100,40,yas,7.x,956,360,274,1316,1046025.104603,2777777.777778,759878.419453,0,1.0,struct,adapted,1,c4a54cdecc67,1041,1
cpp,bytes,document,100,40,msgpack,msgpack-cxx,983,1344,332,2327,1017293.997965,744047.619048,429737.859905,0,1.0,struct,native,1,c4a54cdecc67,1042,2
cpp,bytes,document,100,40,jsoncons_msgpack,0.177.0,3477,19544,332,23021,287604.256543,51166.598445,43438.599540,0,1.0,dom,native,1,c4a54cdecc67,1043,3
cpp,bytes,document,100,40,simdjson,3.10.1,173,10048,458,10221,5780346.820809,99522.292994,97837.784953,0,1.0,dom,adapted,1,c4a54cdecc67,1044,4
cpp,bytes,document,100,40,rapidjson,1.1.0,3006,15098,458,18104,332667.997339,66233.938270,55236.411843,0,1.0,dom,native,1,c4a54cdecc67,1045,5
cpp,bytes,document,100,40,arduinojson,7.2.1,3195,15014,458,18209,312989.045383,66604.502464,54917.897743,0,1.0,dom,native,1,c4a54cdecc67,1046,6
cpp,bytes,document,100,40,nlohmann_json,3.11.3,2997,9319,458,12316,333667.000334,107307.651036,81195.193245,0,1.0,struct,native,1,c4a54cdecc67,1047,7
cpp,bytes,document,100,40,jsoncons_bson,0.177.0,4449,18853,502,23302,224769.611149,53041.956187,42914.771264,0,1.0,dom,native,1,c4a54cdecc67,1048,8
cpp,bytes,document,100,40,nlohmann_bson,3.11.3,3108,9659,502,12767,321750.321750,103530.386168,78326.936634,0,1.0,dom,native,1,c4a54cdecc67,1049,9
cpp,bytes,document,100,40,cista,0.15,424,1083,328,1507,2358490.566038,923361.034164,663570.006636,0,1.0,archive,adapted,1,c4a54cdecc67,1050,10
cpp,bytes,document,100,40,custom_binary,harness,1063,529,223,1592,940733.772342,1890359.168242,628140.703518,0,1.0,struct,adapted,1,c4a54cdecc67,1051,11
cpp,bytes,document,100,40,bitsery,5.2.4,247,435,190,682,4048582.995951,2298850.574713,1466275.659824,0,1.0,struct,adapted,1,c4a54cdecc67,1052,12
cpp,bytes,document,100,40,yyjson,0.10.0,1793,11161,458,12954,557724.484105,89597.706299,77196.232824,0,1.0,dom,adapted,1,c4a54cdecc67,1053,13
cpp,bytes,document,100,40,nlohmann_cbor,3.11.3,2895,8964,338,11859,345423.143351,111557.340473,84324.142002,0,1.0,dom,native,1,c4a54cdecc67,1054,14
cpp,bytes,document,100,40,cereal,1.3.2,1656,1448,267,3104,603864.734300,690607.734807,322164.948454,0,1.0,struct,native,1,c4a54cdecc67,1055,15
cpp,bytes,document,100,40,capnproto,1.0.x,2028,675,392,2703,493096.646943,1481481.481481,369959.304477,0,1.0,schema,native,1,c4a54cdecc67,1056,16
cpp,bytes,document,100,40,flexbuffers,flatbuffers-flex,5384,7258,467,12642,185735.512630,137779.002480,79101.408005,0,1.0,dom,adapted,1,c4a54cdecc67,1057,17
cpp,bytes,document,100,40,jsoncons_cbor,0.177.0,3230,20847,338,24077,309597.523220,47968.532643,41533.413631,0,1.0,dom,native,1,c4a54cdecc67,1058,18
cpp,bytes,document,100,40,avro,binary-1.11,684,583,125,1267,1461988.304094,1715265.866209,789265.982636,0,1.0,schema,adapted,1,c4a54cdecc67,1059,19
cpp,bytes,document,100,40,nlohmann_msgpack,3.11.3,2853,10094,332,12947,350508.236944,99068.753715,77237.970186,0,1.0,dom,native,1,c4a54cdecc67,1060,20
cpp,bytes,document,100,40,nlohmann_ubjson,3.11.3,1999,8312,409,10311,500250.125063,120307.988450,96983.803705,0,1.0,dom,native,1,c4a54cdecc67,1061,21
cpp,bytes,document,100,40,flatbuffers,flatbuffers,1238,925,188,2163,807754.442649,1081081.081081,462320.850670,0,1.0,schema,adapted,1,c4a54cdecc67,1062,22
cpp,bytes,document,100,40,avro_c,avro-c,2623,2877,125,5500,381242.851697,347584.289190,181818.181818,0,1.0,schema,adapted,1,c4a54cdecc67,1063,23
cpp,bytes,document,100,40,zpp_bits,4.4.25,701,332,227,1033,1426533.523538,3012048.192771,968054.211036,0,1.0,struct,adapted,1,c4a54cdecc67,1064,24
cpp,bytes,document,100,40,thrift,TBinaryProtocol,963,519,324,1482,1038421.599169,1926782.273603,674763.832659,0,1.0,schema,adapted,1,c4a54cdecc67,1065,25
cpp,bytes,document,100,41,cista,0.15,317,928,328,1245,3154574.132492,1077586.206897,803212.851406,0,1.0,archive,adapted,1,c4a54cdecc67,1066,0
cpp,bytes,document,100,41,rapidjson,1.1.0,1311,12227,458,13538,762776.506484,81786.210845,73866.154528,0,1.0,dom,native,1,c4a54cdecc67,1067,1
cpp,bytes,document,100,41,jsoncons_bson,0.177.0,3783,16829,502,20612,264340.470526,59421.237150,48515.427906,0,1.0,dom,native,1,c4a54cdecc67,1068,2
cpp,bytes,document,100,41,msgpack,msgpack-cxx,1504,1288,332,2792,664893.617021,776397.515528,358166.189112,0,1.0,struct,native,1,c4a54cdecc67,1069,3
cpp,bytes,document,100,41,nlohmann_json,3.11.3,2562,7654,458,10216,390320.062451,130650.640188,97885.669538,0,1.0,struct,native,1,c4a54cdecc67,1070,4
cpp,bytes,document,100,41,avro_c,avro-c,2004,2521,125,4525,499001.996008,396667.988893,220994.475138,0,1.0,schema,adapted,1,c4a54cdecc67,1071,5
cpp,bytes,document,100,41,zpp_bits,4.4.25,599,287,227,886,1669449.081803,3484320.557491,1128668.171558,0,1.0,struct,adapted,1,c4a54cdecc67,1072,6
cpp,bytes,document,100,41,yas,7.x,1013,448,274,1461,987166.831194,2232142.857143,684462.696783,0,1.0,struct,adapted,1,c4a54cdecc67,1073,7
cpp,bytes,document,100,41,capnproto,1.0.x,623,574,392,1197,1605136.436597,1742160.278746,835421.888053,0,1.0,schema,native,1,c4a54cdecc67,1074,8
cpp,bytes,document,100,41,arduinojson,7.2.1,2647,12741,458,15388,377786.173026,78486.774978,64985.703145,0,1.0,dom,native,1,c4a54cdecc67,1075,9
cpp,bytes,document,100,41,avro,binary-1.11,495,529,125,1024,2020202.020202,1890359.168242,976562.500000,0,1.0,schema,adapted,1,c4a54cdecc67,1076,10
cpp,bytes,document,100,41,bitsery,5.2.4,214,342,190,556,4672897.196262,2923976.608187,1798561.151079,0,1.0,struct,adapted,1,c4a54cdecc67,1077,11
cpp,bytes,document,100,41,yyjson,0.10.0,818,10741,458,11559,1222493.887531,93101.201005,86512.674107,0,1.0,dom,adapted,1,c4a54cdecc67,1078,12
cpp,bytes,document,100,41,thrift,TBinaryProtocol,923,458,324,1381,1083423.618635,2183406.113537,724112.961622,0,1.0,schema,adapted,1,c4a54cdecc67,1079,13
cpp,bytes,document,100,41,nlohmann_msgpack,3.11.3,2410,8145,332,10555,414937.759336,122774.708410,94741.828517,0,1.0,dom,native,1,c4a54cdecc67,1080,14
cpp,bytes,document,100,41,jsoncons_msgpack,0.177.0,2849,18029,332,20878,351000.351000,55466.193355,47897.308171,0,1.0,dom,native,1,c4a54cdecc67,1081,15
cpp,bytes,document,100,41,custom_binary,harness,875,379,223,1254,1142857.142857,2638522.427441,797448.165869,0,1.0,struct,adapted,1,c4a54cdecc67,1082,16
cpp,bytes,document,100,41,nlohmann_ubjson,3.11.3,1895,8803,409,10698,527704.485488,113597.637169,93475.415966,0,1.0,dom,native,1,c4a54cdecc67,1083,17
cpp,bytes,document,100,41,simdjson,3.10.1,159,8510,458,8669,6289308.176101,117508.813161,115353.558657,0,1.0,dom,adapted,1,c4a54cdecc67,1084,18
cpp,bytes,document,100,41,nlohmann_cbor,3.11.3,2533,7561,338,10094,394788.787998,132257.637879,99068.753715,0,1.0,dom,native,1,c4a54cdecc67,1085,19
cpp,bytes,document,100,41,cereal,1.3.2,1413,1226,267,2639,707714.083510,815660.685155,378931.413414,0,1.0,struct,native,1,c4a54cdecc67,1086,20
cpp,bytes,document,100,41,protobuf-wire,wire-v2,1478,922,164,2400,676589.986468,1084598.698482,416666.666667,0,1.0,schema,adapted,1,c4a54cdecc67,1087,21
cpp,bytes,document,100,41,nlohmann_bson,3.11.3,2476,7308,502,9784,403877.221325,136836.343733,102207.686018,0,1.0,dom,native,1,c4a54cdecc67,1088,22
cpp,bytes,document,100,41,jsoncons_cbor,0.177.0,2926,18401,338,21327,341763.499658,54344.872561,46888.920148,0,1.0,dom,native,1,c4a54cdecc67,1089,23
cpp,bytes,document,100,41,flatbuffers,flatbuffers,904,822,188,1726,1106194.690265,1216545.012165,579374.275782,0,1.0,schema,adapted,1,c4a54cdecc67,1090,24
cpp,bytes,document,100,41,flexbuffers,flatbuffers-flex,4635,6206,467,10841,215749.730313,161134.386078,92242.413062,0,1.0,dom,adapted,1,c4a54cdecc67,1091,25
cpp,bytes,document,100,42,capnproto,1.0.x,1076,508,392,1584,929368.029740,1968503.937008,631313.131313,0,1.0,schema,native,1,c4a54cdecc67,1092,0
cpp,bytes,document,100,42,flatbuffers,flatbuffers,204,699,188,903,4901960.784314,1430615.164521,1107419.712071,0,1.0,schema,adapted,1,c4a54cdecc67,1093,1
cpp,bytes,document,100,42,jsoncons_msgpack,0.177.0,3293,16791,332,20084,303674.460978,59555.714371,49790.878311,0,1.0,dom,native,1,c4a54cdecc67,1094,2
cpp,bytes,document,100,42,nlohmann_ubjson,3.11.3,1833,8732,409,10565,545553.737043,114521.300962,94652.153336,0,1.0,dom,native,1,c4a54cdecc67,1095,3
cpp,bytes,document,100,42,bitsery,5.2.4,198,348,190,546,5050505.050505,2873563.218391,1831501.831502,0,1.0,struct,adapted,1,c4a54cdecc67,1096,4
cpp,bytes,document,100,42,protobuf-wire,wire-v2,1349,689,164,2038,741289.844329,1451378.809869,490677.134446,0,1.0,schema,adapted,1,c4a54cdecc67,1097,5
cpp,bytes,document,100,42,yas,7.x,1337,449,274,1786,747943.156320,2227171.492205,559910.414334,0,1.0,struct,adapted,1,c4a54cdecc67,1098,6
cpp,bytes,document,100,42,cista,0.15,353,876,328,1229,2832861.189802,1141552.511416,813669.650122,0,1.0,archive,adapted,1,c4a54cdecc67,1099,7
cpp,bytes,document,100,42,jsoncons_bson,0.177.0,3946,15842,502,19788,253421.186011,63123.343012,50535.678189,0,1.0,dom,native,1,c4a54cdecc67,1100,8
cpp,bytes,document,100,42,avro_c,avro-c,2468,2810,125,5278,405186.385737,355871.886121,189465.706707,0,1.0,schema,adapted,1,c4a54cdecc67,1101,9
cpp,bytes,document,100,42,simdjson,3.10.1,157,9055,458,9212,6369426.751592,110436.223081,108554.059922,0,1.0,dom,adapted,1,c4a54cdecc67,1102,10
cpp,bytes,document,100,42,nlohmann_bson,3.11.3,2646,7550,502,10196,377928.949358,132450.331126,98077.677521,0,1.0,dom,native,1,c4a54cdecc67,1103,11
cpp,bytes,document,100,42,msgpack,msgpack-cxx,2012,1302,332,3314,497017.892644,768049.155146,301750.150875,0,1.0,struct,native,1,c4a54cdecc67,1104,12
cpp,bytes,document,100,42,avro,binary-1.11,528,492,125,1020,1893939.393939,2032520.325203,980392.156863,0,1.0,schema,adapted,1,c4a54cdecc67,1105,13
cpp,bytes,document,100,42,nlohmann_json,3.11.3,2585,7871,458,10456,386847.195358,127048.659637,95638.867636,0,1.0,struct,native,1,c4a54cdecc67,1106,14
cpp,bytes,document,100,42,custom_binary,harness,847,458,223,1305,1180637.544274,2183406.113537,766283.524904,0,1.0,struct,adapted,1,c4a54cdecc67,1107,15
cpp,bytes,document,100,42,zpp_bits,4.4.25,646,357,227,1003,1547987.616099,2801120.448179,997008.973081,0,1.0,struct,adapted,1,c4a54cdecc67,1108,16
cpp,bytes,document,100,42,flexbuffers,flatbuffers-flex,4122,5592,467,9714,242600.679282,178826.895565,102944.204241,0,1.0,dom,adapted,1,c4a54cdecc67,1109,17
cpp,bytes,document,100,42,rapidjson,1.1.0,1282,12795,458,14077,780031.201248,78155.529504,71037.863181,0,1.0,dom,native,1,c4a54cdecc67,1110,18
cpp,bytes,document,100,42,nlohmann_msgpack,3.11.3,2588,8622,332,11210,386398.763524,115982.370680,89206.066012,0,1.0,dom,native,1,c4a54cdecc67,1111,19
cpp,bytes,document,100,42,cereal,1.3.2,1434,1368,267,2802,697350.069735,730994.152047,356887.937188,0,1.0,struct,native,1,c4a54cdecc67,1112,20
cpp,bytes,document,100,42,arduinojson,7.2.1,2795,13170,458,15965,357781.753131,75930.144267,62637.018478,0,1.0,dom,native,1,c4a54cdecc67,1113,21
cpp,bytes,document,100,42,jsoncons_cbor,0.177.0,3061,18028,338,21089,326690.623979,55469.270024,47418.085258,0,1.0,dom,native,1,c4a54cdecc67,1114,22
cpp,bytes,document,100,42,nlohmann_cbor,3.11.3,2438,7488,338,9926,410172.272354,133547.008547,100745.516825,0,1.0,dom,native,1,c4a54cdecc67,1115,23
cpp,bytes,document,100,42,thrift,TBinaryProtocol,930,501,324,1431,1075268.817204,1996007.984032,698812.019567,0,1.0,schema,adapted,1,c4a54cdecc67,1116,24
cpp,bytes,document,100,42,yyjson,0.10.0,1567,9386,458,10953,638162.093172,106541.657788,91299.187437,0,1.0,dom,adapted,1,c4a54cdecc67,1117,25
cpp,bytes,document,100,43,capnproto,1.0.x,1072,578,392,1650,932835.820896,1730103.806228,606060.606061,0,1.0,schema,native,1,c4a54cdecc67,1118,0
cpp,bytes,document,100,43,zpp_bits,4.4.25,565,297,227,862,1769911.504425,3367003.367003,1160092.807425,0,1.0,struct,adapted,1,c4a54cdecc67,1119,1
cpp,bytes,document,100,43,nlohmann_msgpack,3.11.3,2277,8364,332,10641,439174.352218,119560.019130,93976.130063,0,1.0,dom,native,1,c4a54cdecc67,1120,2
cpp,bytes,document,100,43,rapidjson,1.1.0,2493,11168,458,13661,401123.144805,89541.547278,73201.083376,0,1.0,dom,native,1,c4a54cdecc67,1121,3
cpp,bytes,document,100,43,msgpack,msgpack-cxx,1185,1300,332,2485,843881.856540,769230.769231,402414.486922,0,1.0,struct,native,1,c4a54cdecc67,1122,4
cpp,bytes,document,100,43,thrift,TBinaryProtocol,884,389,324,1273,1131221.719457,2570694.087404,785545.954438,0,1.0,schema,adapted,1,c4a54cdecc67,1123,5
cpp,bytes,document,100,43,jsoncons_msgpack,0.177.0,2836,16408,332,19244,352609.308886,60945.880059,51964.248597,0,1.0,dom,native,1,c4a54cdecc67,1124,6
cpp,bytes,document,100,43,flexbuffers,flatbuffers-flex,4369,5356,467,9725,228885.328450,186706.497386,102827.763496,0,1.0,dom,adapted,1,c4a54cdecc67,1125,7
cpp,bytes,document,100,43,nlohmann_cbor,3.11.3,2386,7496,338,9882,419111.483655,133404.482391,101194.090265,0,1.0,dom,native,1,c4a54cdecc67,1126,8
cpp,bytes,document,100,43,yyjson,0.10.0,1417,8908,458,10325,705716.302047,112258.643916,96852.300242,0,1.0,dom,adapted,1,c4a54cdecc67,1127,9
cpp,bytes,document,100,43,jsoncons_cbor,0.177.0,3142,17031,338,20173,318268.618714,58716.458223,49571.209042,0,1.0,dom,native,1,c4a54cdecc67,1128,10
cpp,bytes,document,100,43,bitsery,5.2.4,242,357,190,599,4132231.404959,2801120.448179,1669449.081803,0,1.0,struct,adapted,1,c4a54cdecc67,1129,11
cpp,bytes,document,100,43,arduinojson,7.2.1,2788,12733,458,15521,358680.057389,78536.087332,64428.838348,0,1.0,dom,native,1,c4a54cdecc67,1130,12
cpp,bytes,document,100,43,avro_c,avro-c,2381,2855,125,5236,419991.600168,350262.697023,190985.485103,0,1.0,schema,adapted,1,c4a54cdecc67,1131,13
cpp,bytes,document,100,43,cista,0.15,337,1027,328,1364,2967359.050445,973709.834469,733137.829912,0,1.0,archive,adapted,1,c4a54cdecc67,1132,14
cpp,bytes,document,100,43,avro,binary-1.11,534,458,125,992,1872659.176030,2183406.113537,1008064.516129,0,1.0,schema,adapted,1,c4a54cdecc67,1133,15
cpp,bytes,document,100,43,jsoncons_bson,0.177.0,4402,15733,502,20135,227169.468423,63560.668658,49664.762851,0,1.0,dom,native,1,c4a54cdecc67,1134,16
cpp,bytes,document,100,43,cereal,1.3.2,1439,1154,267,2593,694927.032662,866551.126516,385653.682993,0,1.0,struct,native,1,c4a54cdecc67,1135,17
cpp,bytes,document,100,43,custom_binary,harness,782,417,223,1199,1278772.378517,2398081.534772,834028.356964,0,1.0,struct,adapted,1,c4a54cdecc67,1136,18
cpp,bytes,document,100,43,nlohmann_bson,3.11.3,2571,8233,502,10804,388953.714508,121462.407385,92558.311736,0,1.0,dom,native,1,c4a54cdecc67,1137,19
cpp,bytes,document,100,43,simdjson,3.10.1,168,9106,458,9274,5952380.952381,109817.702614,107828.337287,0,1.0,dom,adapted,1,c4a54cdecc67,1138,20
cpp,bytes,document,100,43,nlohmann_ubjson,3.11.3,1883,8255,409,10138,531067.445566,121138.703816,98638.784770,0,1.0,dom,native,1,c4a54cdecc67,1139,21
cpp,bytes,document,100,43,flatbuffers,flatbuffers,1270,897,188,2167,787401.574803,1114827.201784,461467.466544,0,1.0,schema,adapted,1,c4a54cdecc67,1140,22
cpp,bytes,document,100,43,yas,7.x,508,387,274,895,1968503.937008,2583979.328165,1117318.435754,0,1.0,struct,adapted,1,c4a54cdecc67,1141,23
cpp,bytes,document,100,43,protobuf-wire,wire-v2,1373,684,164,2057,728332.119446,1461988.304094,486144.871172,0,1.0,schema,adapted,1,c4a54cdecc67,1142,24
cpp,bytes,document,100,43,nlohmann_json,3.11.3,2462,7494,458,9956,406173.842405,133440.085402,100441.944556,0,1.0,struct,native,1,c4a54cdecc67,1143,25
cpp,bytes,document,100,44,nlohmann_bson,3.11.3,2266,7956,502,10222,441306.266549,125691.302162,97828.213657,0,1.0,dom,native,1,c4a54cdecc67,1144,0
cpp,bytes,document,100,44,yas,7.x,1474,312,274,1786,678426.051560,3205128.205128,559910.414334,0,1.0,struct,adapted,1,c4a54cdecc67,1145,1
cpp,bytes,document,100,44,nlohmann_ubjson,3.11.3,1497,9255,409,10752,668002.672011,108049.702863,93005.952381,0,1.0,dom,native,1,c4a54cdecc67,1146,2
cpp,bytes,document,100,44,cista,0.15,297,884,328,1181,3367003.367003,1131221.719457,846740.050804,0,1.0,archive,adapted,1,c4a54cdecc67,1147,3
cpp,bytes,document,100,44,flatbuffers,flatbuffers,1010,706,188,1716,990099.009901,1416430.594901,582750.582751,0,1.0,schema,adapted,1,c4a54cdecc67,1148,4
cpp,bytes,document,100,44,rapidjson,1.1.0,1174,10550,458,11724,851788.756388,94786.729858,85295.121119,0,1.0,dom,native,1,c4a54cdecc67,1149,5
cpp,bytes,document,100,44,avro_c,avro-c,2251,2892,125,5143,444247.001333,345781.466113,194439.043360,0,1.0,schema,adapted,1,c4a54cdecc67,1150,6
cpp,bytes,document,100,44,custom_binary,harness,902,455,223,1357,1108647.450111,2197802.197802,736919.675755,0,1.0,struct,adapted,1,c4a54cdecc67,1151,7
cpp,bytes,document,100,44,nlohmann_msgpack,3.11.3,2524,8490,332,11014,396196.513471,117785.630153,90793.535500,0,1.0,dom,native,1,c4a54cdecc67,1152,8
cpp,bytes,document,100,44,zpp_bits,4.4.25,573,359,227,932,1745200.698080,2785515.320334,1072961.373391,0,1.0,struct,adapted,1,c4a54cdecc67,1153,9
cpp,bytes,document,100,44,capnproto,1.0.x,1555,581,392,2136,643086.816720,1721170.395869,468164.794007,0,1.0,schema,native,1,c4a54cdecc67,1154,10
cpp,bytes,document,100,44,jsoncons_bson,0.177.0,3836,16944,502,20780,260688.216893,59017.941454,48123.195380,0,1.0,dom,native,1,c4a54cdecc67,1155,11
cpp,bytes,document,100,44,yyjson,0.10.0,1051,9056,458,10107,951474.785918,110424.028269,98941.327793,0,1.0,dom,adapted,1,c4a54cdecc67,1156,12
cpp,bytes,document,100,44,nlohmann_json,3.11.3,2481,6972,458,9453,403063.280935,143430.866322,105786.522797,0,1.0,struct,native,1,c4a54cdecc67,1157,13
cpp,bytes,document,100,44,msgpack,msgpack-cxx,1398,1209,332,2607,715307.582260,827129.859388,383582.662064,0,1.0,struct,native,1,c4a54cdecc67,1158,14
cpp,bytes,document,100,44,jsoncons_cbor,0.177.0,3285,16344,338,19629,304414.003044,61184.532550,50945.030312,0,1.0,dom,native,1,c4a54cdecc67,1159,15
cpp,bytes,document,100,44,avro,binary-1.11,486,504,125,990,2057613.168724,1984126.984127,1010101.010101,0,1.0,schema,adapted,1,c4a54cdecc67,1160,16
cpp,bytes,document,100,44,nlohmann_cbor,3.11.3,2560,7567,338,10127,390625.000000,132152.768601,98745.926731,0,1.0,dom,native,1,c4a54cdecc67,1161,17
cpp,bytes,document,100,44,protobuf-wire,wire-v2,1384,810,164,2194,722543.352601,1234567.901235,455788.514129,0,1.0,schema,adapted,1,c4a54cdecc67,1162,18
cpp,bytes,document,100,44,simdjson,3.10.1,160,8522,458,8682,6250000.000000,117343.346632,115180.833909,0,1.0,dom,adapted,1,c4a54cdecc67,1163,19
cpp,bytes,document,100,44,arduinojson,7.2.1,2699,14069,458,16768,370507.595406,71078.257161,59637.404580,0,1.0,dom,native,1,c4a54cdecc67,1164,20
cpp,bytes,document,100,44,flexbuffers,flatbuffers-flex,4453,5803,467,10256,224567.707164,172324.659659,97503.900156,0,1.0,dom,adapted,1,c4a54cdecc67,1165,21
cpp,bytes,document,100,44,jsoncons_msgpack,0.177.0,3282,16368,332,19650,304692.260817,61094.819159,50890.585242,0,1.0,dom,native,1,c4a54cdecc67,1166,22
cpp,bytes,document,100,44,thrift,TBinaryProtocol,881,512,324,1393,1135073.779796,1953125.000000,717875.089734,0,1.0,schema,adapted,1,c4a54cdecc67,1167,23
cpp,bytes,document,100,44,bitsery,5.2.4,219,321,190,540,4566210.045662,3115264.797508,1851851.851852,0,1.0,struct,adapted,1,c4a54cdecc67,1168,24
cpp,bytes,document,100,44,cereal,1.3.2,1347,1253,267,2600,742390.497402,798084.596967,384615.384615,0,1.0,struct,native,1,c4a54cdecc67,1169,25
cpp,bytes,document,100,45,nlohmann_msgpack,3.11.3,2457,8160,332,10617,407000.407000,122549.019608,94188.565508,0,1.0,dom,native,1,c4a54cdecc67,1170,0
cpp,bytes,document,100,45,msgpack,msgpack-cxx,1858,1189,332,3047,538213.132400,841042.893188,328191.663932,0,1.0,struct,native,1,c4a54cdecc67,1171,1
cpp,bytes,document,100,45,avro_c,avro-c,2474,2753,125,5227,404203.718674,363240.101707,191314.329443,0,1.0,schema,adapted,1,c4a54cdecc67,1172,2
cpp,bytes,document,100,45,nlohmann_ubjson,3.11.3,1802,8949,409,10751,554938.956715,111744.328975,93014.603293,0,1.0,dom,native,1,c4a54cdecc67,1173,3
cpp,bytes,document,100,45,flexbuffers,flatbuffers-flex,4088,5181,467,9269,244618.395303,193012.931866,107886.503398,0,1.0,dom,adapted,1,c4a54cdecc67,1174,4
cpp,bytes,document,100,45,rapidjson,1.1.0,2572,11689,458,14261,388802.488336,85550.517581,70121.309866,0,1.0,dom,native,1,c4a54cdecc67,1175,5
cpp,bytes,document,100,45,jsoncons_cbor,0.177.0,3457,17835,338,21292,289268.151577,56069.526213,46965.996618,0,1.0,dom,native,1,c4a54cdecc67,1176,6
cpp,bytes,document,100,45,custom_binary,harness,887,437,223,1324,1127395.715896,2288329.519451,755287.009063,0,1.0,struct,adapted,1,c4a54cdecc67,1177,7
cpp,bytes,document,100,45,cereal,1.3.2,1214,1135,267,2349,823723.228995,881057.268722,425713.069391,0,1.0,struct,native,1,c4a54cdecc67,1178,8
cpp,bytes,document,100,45,thrift,TBinaryProtocol,878,440,324,1318,1138952.164009,2272727.272727,758725.341426,0,1.0,schema,adapted,1,c4a54cdecc67,1179,9
cpp,bytes,document,100,45,yyjson,0.10.0,1051,9055,458,10106,951474.785918,110436.223081,98951.118148,0,1.0,dom,adapted,1,c4a54cdecc67,1180,10
cpp,bytes,document,100,45,arduinojson,7.2.1,2545,24230,458,26775,392927.308448,41271.151465,37348.272642,0,1.0,dom,native,1,c4a54cdecc67,1181,11
cpp,bytes,document,100,45,zpp_bits,4.4.25,591,377,227,968,1692047.377327,2652519.893899,1033057.851240,0,1.0,struct,adapted,1,c4a54cdecc67,1182,12
cpp,bytes,document,100,45,jsoncons_bson,0.177.0,4527,15962,502,20489,220896.841175,62648.790878,48806.676753,0,1.0,dom,native,1,c4a54cdecc67,1183,13
cpp,bytes,document,100,45,nlohmann_json,3.11.3,2586,7253,458,9839,386697.602475,137873.983179,101636.345157,0,1.0,struct,native,1,c4a54cdecc67,1184,14
cpp,bytes,document,100,45,protobuf-wire,wire-v2,1669,866,164,2535,599161.174356,1154734.411085,394477.317554,0,1.0,schema,adapted,1,c4a54cdecc67,1185,15
cpp,bytes,document,100,45,capnproto,1.0.x,1215,627,392,1842,823045.267490,1594896.331738,542888.165038,0,1.0,schema,native,1,c4a54cdecc67,1186,16
cpp,bytes,document,100,45,flatbuffers,flatbuffers,278,736,188,1014,3597122.302158,1358695.652174,986193.293886,0,1.0,schema,adapted,1,c4a54cdecc67,1187,17
cpp,bytes,document,100,45,nlohmann_cbor,3.11.3,2443,8399,338,10842,409332.787556,119061.793071,92233.905184,0,1.0,dom,native,1,c4a54cdecc67,1188,18
cpp,bytes,document,100,45,cista,0.15,403,990,328,1393,2481389.578164,1010101.010101,717875.089734,0,1.0,archive,adapted,1,c4a54cdecc67,1189,19
cpp,bytes,document,100,45,yas,7.x,1434,431,274,1865,697350.069735,2320185.614849,536193.029491,0,1.0,struct,adapted,1,c4a54cdecc67,1190,20
cpp,bytes,document,100,45,nlohmann_bson,3.11.3,2552,7580,502,10132,391849.529781,131926.121372,98697.197000,0,1.0,dom,native,1,c4a54cdecc67,1191,21
cpp,bytes,document,100,45,jsoncons_msgpack,0.177.0,2873,17506,332,20379,348068.221371,57123.272021,49070.121203,0,1.0,dom,native,1,c4a54cdecc67,1192,22
cpp,bytes,document,100,45,bitsery,5.2.4,207,343,190,550,4830917.874396,2915451.895044,1818181.818182,0,1.0,struct,adapted,1,c4a54cdecc67,1193,23
cpp,bytes,document,100,45,simdjson,3.10.1,167,8604,458,8771,5988023.952096,116225.011623,114012.085281,0,1.0,dom,adapted,1,c4a54cdecc67,1194,24
cpp,bytes,document,100,45,avro,binary-1.11,509,535,125,1044,1964636.542240,1869158.878505,957854.406130,0,1.0,schema,adapted,1,c4a54cdecc67,1195,25
cpp,bytes,document,100,46,nlohmann_msgpack,3.11.3,2413,7884,332,10297,414421.881475,126839.167935,97115.664757,0,1.0,dom,native,1,c4a54cdecc67,1196,0
cpp,bytes,document,100,46,avro,binary-1.11,318,286,125,604,3144654.088050,3496503.496503,1655629.139073,0,1.0,schema,adapted,1,c4a54cdecc67,1197,1
cpp,bytes,document,100,46,thrift,TBinaryProtocol,954,476,324,1430,1048218.029350,2100840.336134,699300.699301,0,1.0,schema,adapted,1,c4a54cdecc67,1198,2
cpp,bytes,document,100,46,custom_binary,harness,836,491,223,1327,1196172.248804,2036659.877800,753579.502638,0,1.0,struct,adapted,1,c4a54cdecc67,1199,3
cpp,bytes,document,100,46,nlohmann_ubjson,3.11.3,1818,7984,409,9802,550055.005501,125250.501002,102019.995919,0,1.0,dom,native,1,c4a54cdecc67,1200,4
cpp,bytes,document,100,46,cista,0.15,286,891,328,1177,3496503.496503,1122334.455668,849617.672048,0,1.0,archive,adapted,1,c4a54cdecc67,1201,5
cpp,bytes,document,100,46,simdjson,3.10.1,147,8381,458,8528,6802721.088435,119317.503878,117260.787992,0,1.0,dom,adapted,1,c4a54cdecc67,1202,6
cpp,bytes,document,100,46,jsoncons_cbor,0.177.0,2923,18028,338,20951,342114.266165,55469.270024,47730.418596,0,1.0,dom,native,1,c4a54cdecc67,1203,7
cpp,bytes,document,100,46,nlohmann_bson,3.11.3,2455,7866,502,10321,407331.975560,127129.417747,96889.836256,0,1.0,dom,native,1,c4a54cdecc67,1204,8
cpp,bytes,document,100,46,rapidjson,1.1.0,2493,13136,458,15629,401123.144805,76126.674787,63983.620193,0,1.0,dom,native,1,c4a54cdecc67,1205,9
cpp,bytes,document,100,46,msgpack,msgpack-cxx,1160,1312,332,2472,862068.965517,762195.121951,404530.744337,0,1.0,struct,native,1,c4a54cdecc67,1206,10
cpp,bytes,document,100,46,jsoncons_bson,0.177.0,4025,15857,502,19882,248447.204969,63063.631204,50296.750830,0,1.0,dom,native,1,c4a54cdecc67,1207,11
cpp,bytes,document,100,46,protobuf-wire,wire-v2,1628,885,164,2513,614250.614251,1129943.502825,397930.760048,0,1.0,schema,adapted,1,c4a54cdecc67,1208,12
cpp,bytes,document,100,46,capnproto,1.0.x,1310,652,392,1962,763358.778626,1533742.331288,509683.995923,0,1.0,schema,native,1,c4a54cdecc67,1209,13
cpp,bytes,document,100,46,nlohmann_json,3.11.3,2648,7621,458,10269,377643.504532,131216.375804,97380.465479,0,1.0,struct,native,1,c4a54cdecc67,1210,14
cpp,bytes,document,100,46,cereal,1.3.2,1642,1309,267,2951,609013.398295,763941.940413,338868.180278,0,1.0,struct,native,1,c4a54cdecc67,1211,15
cpp,bytes,document,100,46,avro_c,avro-c,2705,3102,125,5807,369685.767098,322372.662798,172205.958326,0,1.0,schema,adapted,1,c4a54cdecc67,1212,16
cpp,bytes,document,100,46,flatbuffers,flatbuffers,856,817,188,1673,1168224.299065,1223990.208078,597728.631201,0,1.0,schema,adapted,1,c4a54cdecc67,1213,17
cpp,bytes,document,100,46,nlohmann_cbor,3.11.3,2705,8594,338,11299,369685.767098,116360.251338,88503.407381,0,1.0,dom,native,1,c4a54cdecc67,1214,18
cpp,bytes,document,100,46,yyjson,0.10.0,1529,9696,458,11225,654022.236756,103135.313531,89086.859688,0,1.0,dom,adapted,1,c4a54cdecc67,1215,19
cpp,bytes,document,100,46,zpp_bits,4.4.25,687,396,227,1083,1455604.075691,2525252.525253,923361.034164,0,1.0,struct,adapted,1,c4a54cdecc67,1216,20
cpp,bytes,document,100,46,yas,7.x,841,469,274,1310,1189060.642093,2132196.162047,763358.778626,0,1.0,struct,adapted,1,c4a54cdecc67,1217,21
cpp,bytes,document,100,46,arduinojson,7.2.1,2925,14270,458,17195,341880.341880,70077.084793,58156.440826,0,1.0,dom,native,1,c4a54cdecc67,1218,22
cpp,bytes,document,100,46,jsoncons_msgpack,0.177.0,3379,16117,332,19496,295945.546020,62046.286530,51292.572835,0,1.0,dom,native,1,c4a54cdecc67,1219,23
cpp,bytes,document,100,46,flexbuffers,flatbuffers-flex,5266,6010,467,11276,189897.455374,166389.351082,88683.930472,0,1.0,dom,adapted,1,c4a54cdecc67,1220,24
cpp,bytes,document,100,46,bitsery,5.2.4,238,322,190,560,4201680.672269,3105590.062112,1785714.285714,0,1.0,struct,adapted,1,c4a54cdecc67,1221,25
cpp,bytes,document,100,47,jsoncons_msgpack,0.177.0,3125,15823,332,18948,320000.000000,63199.140492,52776.018577,0,1.0,dom,native,1,c4a54cdecc67,1222,0
cpp,bytes,document,100,47,yyjson,0.10.0,1049,8864,458,9913,953288.846520,112815.884477,100877.635428,0,1.0,dom,adapted,1,c4a54cdecc67,1223,1
cpp,bytes,document,100,47,cista,0.15,314,941,328,1255,3184713.375796,1062699.256111,796812.749004,0,1.0,archive,adapted,1,c4a54cdecc67,1224,2
cpp,bytes,document,100,47,custom_binary,harness,803,366,223,1169,1245330.012453,2732240.437158,855431.993157,0,1.0,struct,adapted,1,c4a54cdecc67,1225,3
cpp,bytes,document,100,47,rapidjson,1.1.0,1910,12793,458,14703,523560.209424,78167.747987,68013.330613,0,1.0,dom,native,1,c4a54cdecc67,1226,4
cpp,bytes,document,100,47,arduinojson,7.2.1,2637,11836,458,14473,379218.809253,84488.002704,69094.175361,0,1.0,dom,native,1,c4a54cdecc67,1227,5
cpp,bytes,document,100,47,capnproto,1.0.x,822,590,392,1412,1216545.012165,1694915.254237,708215.297450,0,1.0,schema,native,1,c4a54cdecc67,1228,6
cpp,bytes,document,100,47,jsoncons_cbor,0.177.0,2766,16133,338,18899,361532.899494,61984.751751,52912.852532,0,1.0,dom,native,1,c4a54cdecc67,1229,7
cpp,bytes,document,100,47,cereal,1.3.2,1405,1228,267,2633,711743.772242,814332.247557,379794.910748,0,1.0,struct,native,1,c4a54cdecc67,1230,8
cpp,bytes,document,100,47,nlohmann_bson,3.11.3,2617,7696,502,10313,382116.927780,129937.629938,96964.995637,0,1.0,dom,native,1,c4a54cdecc67,1231,9
cpp,bytes,document,100,47,thrift,TBinaryProtocol,972,451,324,1423,1028806.584362,2217294.900222,702740.688686,0,1.0,schema,adapted,1,c4a54cdecc67,1232,10
cpp,bytes,document,100,47,nlohmann_json,3.11.3,2442,7115,458,9557,409500.409500,140548.137737,104635.345820,0,1.0,struct,native,1,c4a54cdecc67,1233,11
cpp,bytes,document,100,47,bitsery,5.2.4,214,319,190,533,4672897.196262,3134796.238245,1876172.607880,0,1.0,struct,adapted,1,c4a54cdecc67,1234,12
cpp,bytes,document,100,47,simdjson,3.10.1,152,8959,458,9111,6578947.368421,111619.600402,109757.436066,0,1.0,dom,adapted,1,c4a54cdecc67,1235,13
cpp,bytes,document,100,47,protobuf-wire,wire-v2,1423,819,164,2242,702740.688686,1221001.221001,446030.330062,0,1.0,schema,adapted,1,c4a54cdecc67,1236,14
cpp,bytes,document,100,47,flatbuffers,flatbuffers,1300,677,188,1977,769230.769231,1477104.874446,505816.894284,0,1.0,schema,adapted,1,c4a54cdecc67,1237,15
cpp,bytes,document,100,47,zpp_bits,4.4.25,614,369,227,983,1628664.495114,2710027.100271,1017293.997965,0,1.0,struct,adapted,1,c4a54cdecc67,1238,16
cpp,bytes,document,100,47,nlohmann_ubjson,3.11.3,1812,9212,409,11024,551876.379691,108554.059922,90711.175617,0,1.0,dom,native,1,c4a54cdecc67,1239,17
cpp,bytes,document,100,47,avro_c,avro-c,2582,2963,125,5545,387296.669249,337495.781303,180342.651037,0,1.0,schema,adapted,1,c4a54cdecc67,1240,18
cpp,bytes,document,100,47,msgpack,msgpack-cxx,1841,1318,332,3159,543183.052689,758725.341426,316555.872111,0,1.0,struct,native,1,c4a54cdecc67,1241,19
cpp,bytes,document,100,47,flexbuffers,flatbuffers-flex,4629,5970,467,10599,216029.379996,167504.187605,94348.523446,0,1.0,dom,adapted,1,c4a54cdecc67,1242,20
cpp,bytes,document,100,47,nlohmann_msgpack,3.11.3,2305,7699,332,10004,433839.479393,129886.998311,99960.015994,0,1.0,dom,native,1,c4a54cdecc67,1243,21
cpp,bytes,document,100,47,jsoncons_bson,0.177.0,3731,17164,502,20895,268024.658269,58261.477511,47858.339316,0,1.0,dom,native,1,c4a54cdecc67,1244,22
cpp,bytes,document,100,47,avro,binary-1.11,515,481,125,996,1941747.572816,2079002.079002,1004016.064257,0,1.0,schema,adapted,1,c4a54cdecc67,1245,23
cpp,bytes,document,100,47,yas,7.x,879,450,274,1329,1137656.427759,2222222.222222,752445.447705,0,1.0,struct,adapted,1,c4a54cdecc67,1246,24
cpp,bytes,document,100,47,nlohmann_cbor,3.11.3,2443,8078,338,10521,409332.787556,123793.018074,95047.999240,0,1.0,dom,native,1,c4a54cdecc67,1247,25
cpp,bytes,document,100,48,jsoncons_cbor,0.177.0,2850,17277,338,20127,350877.192982,57880.419054,49684.503403,0,1.0,dom,native,1,c4a54cdecc67,1248,0
cpp,bytes,document,100,48,yas,7.x,843,352,274,1195,1186239.620403,2840909.090909,836820.083682,0,1.0,struct,adapted,1,c4a54cdecc67,1249,1
cpp,bytes,document,100,48,capnproto,1.0.x,560,585,392,1145,1785714.285714,1709401.709402,873362.445415,0,1.0,schema,native,1,c4a54cdecc67,1250,2
cpp,bytes,document,100,48,rapidjson,1.1.0,1372,11293,458,12665,728862.973761,88550.429470,78957.757600,0,1.0,dom,native,1,c4a54cdecc67,1251,3
cpp,bytes,document,100,48,avro,binary-1.11,427,347,125,774,2341920.374707,2881844.380403,1291989.664083,0,1.0,schema,adapted,1,c4a54cdecc67,1252,4
cpp,bytes,document,100,48,flatbuffers,flatbuffers,472,852,188,1324,2118644.067797,1173708.920188,755287.009063,0,1.0,schema,adapted,1,c4a54cdecc67,1253,5
cpp,bytes,document,100,48,thrift,TBinaryProtocol,835,453,324,1288,1197604.790419,2207505.518764,776397.515528,0,1.0,schema,adapted,1,c4a54cdecc67,1254,6
cpp,bytes,document,100,48,custom_binary,harness,733,378,223,1111,1364256.480218,2645502.645503,900090.009001,0,1.0,struct,adapted,1,c4a54cdecc67,1255,7
cpp,bytes,document,100,48,zpp_bits,4.4.25,602,332,227,934,1661129.568106,3012048.192771,1070663.811563,0,1.0,struct,adapted,1,c4a54cdecc67,1256,8
cpp,bytes,document,100,48,jsoncons_msgpack,0.177.0,2845,15699,332,18544,351493.848858,63698.324734,53925.798102,0,1.0,dom,native,1,c4a54cdecc67,1257,9
cpp,bytes,document,100,48,cereal,1.3.2,1365,1211,267,2576,732600.732601,825763.831544,388198.757764,0,1.0,struct,native,1,c4a54cdecc67,1258,10
cpp,bytes,document,100,48,msgpack,msgpack-cxx,1338,1184,332,2522,747384.155456,844594.594595,396510.705789,0,1.0,struct,native,1,c4a54cdecc67,1259,11
cpp,bytes,document,100,48,simdjson,3.10.1,154,8559,458,8713,6493506.493506,116836.078981,114771.031792,0,1.0,dom,adapted,1,c4a54cdecc67,1260,12
cpp,bytes,document,100,48,jsoncons_bson,0.177.0,3738,15162,502,18900,267522.739433,65954.359583,52910.052910,0,1.0,dom,native,1,c4a54cdecc67,1261,13
cpp,bytes,document,100,48,nlohmann_cbor,3.11.3,2459,7821,338,10280,406669.377796,127860.887355,97276.264591,0,1.0,dom,native,1,c4a54cdecc67,1262,14
cpp,bytes,document,100,48,nlohmann_ubjson,3.11.3,1772,8082,409,9854,564334.085779,123731.749567,101481.631825,0,1.0,dom,native,1,c4a54cdecc67,1263,15
cpp,bytes,document,100,48,flexbuffers,flatbuffers-flex,4174,5328,467,9502,239578.342118,187687.687688,105241.001894,0,1.0,dom,adapted,1,c4a54cdecc67,1264,16
cpp,bytes,document,100,48,nlohmann_bson,3.11.3,2469,7061,502,9530,405022.276225,141622.999575,104931.794334,0,1.0,dom,native,1,c4a54cdecc67,1265,17
cpp,bytes,document,100,48,yyjson,0.10.0,1488,8868,458,10356,672043.010753,112764.997745,96562.379297,0,1.0,dom,adapted,1,c4a54cdecc67,1266,18
cpp,bytes,document,100,48,protobuf-wire,wire-v2,1491,844,164,2335,670690.811536,1184834.123223,428265.524625,0,1.0,schema,adapted,1,c4a54cdecc67,1267,19
cpp,bytes,document,100,48,bitsery,5.2.4,235,373,190,608,4255319.148936,2680965.147453,1644736.842105,0,1.0,struct,adapted,1,c4a54cdecc67,1268,20
cpp,bytes,document,100,48,avro_c,avro-c,2486,2826,125,5312,402252.614642,353857.041755,188253.012048,0,1.0,schema,adapted,1,c4a54cdecc67,1269,21
cpp,bytes,document,100,48,nlohmann_json,3.11.3,2477,7092,458,9569,403714.170367,141003.948111,104504.127913,0,1.0,struct,native,1,c4a54cdecc67,1270,22
cpp,bytes,document,100,48,nlohmann_msgpack,3.11.3,2300,8042,332,10342,434782.608696,124347.177319,96693.096113,0,1.0,dom,native,1,c4a54cdecc67,1271,23
cpp,bytes,document,100,48,cista,0.15,335,944,328,1279,2985074.626866,1059322.033898,781860.828772,0,1.0,archive,adapted,1,c4a54cdecc67,1272,24
cpp,bytes,document,100,48,arduinojson,7.2.1,2722,14827,458,17549,367376.928729,67444.526877,56983.303892,0,1.0,dom,native,1,c4a54cdecc67,1273,25
cpp,bytes,document,100,49,jsoncons_bson,0.177.0,3743,17036,502,20779,267165.375367,58699.225170,48125.511334,0,1.0,dom,native,1,c4a54cdecc67,1274,0
cpp,bytes,document,100,49,flexbuffers,flatbuffers-flex,4358,5391,467,9749,229463.056448,185494.342423,102574.623038,0,1.0,dom,adapted,1,c4a54cdecc67,1275,1
cpp,bytes,document,100,49,yyjson,0.10.0,1100,9035,458,10135,909090.909091,110680.686220,98667.982240,0,1.0,dom,adapted,1,c4a54cdecc67,1276,2
cpp,bytes,document,100,49,nlohmann_json,3.11.3,2377,6794,458,9171,420698.359276,147188.695908,109039.363210,0,1.0,struct,native,1,c4a54cdecc67,1277,3
cpp,bytes,document,100,49,custom_binary,harness,767,418,223,1185,1303780.964798,2392344.497608,843881.856540,0,1.0,struct,adapted,1,c4a54cdecc67,1278,4
cpp,bytes,document,100,49,simdjson,3.10.1,152,9383,458,9535,6578947.368421,106575.722051,104876.769795,0,1.0,dom,adapted,1,c4a54cdecc67,1279,5
cpp,bytes,document,100,49,bitsery,5.2.4,198,394,190,592,5050505.050505,2538071.065990,1689189.189189,0,1.0,struct,adapted,1,c4a54cdecc67,1280,6
cpp,bytes,document,100,49,nlohmann_msgpack,3.11.3,2351,7708,332,10059,425350.914504,129735.339907,99413.460583,0,1.0,dom,native,1,c4a54cdecc67,1281,7
cpp,bytes,document,100,49,thrift,TBinaryProtocol,896,477,324,1373,1116071.428571,2096436.058700,728332.119446,0,1.0,schema,adapted,1,c4a54cdecc67,1282,8
cpp,bytes,document,100,49,capnproto,1.0.x,1566,557,392,2123,638569.604087,1795332.136445,471031.559114,0,1.0,schema,native,1,c4a54cdecc67,1283,9
cpp,bytes,document,100,49,zpp_bits,4.4.25,568,328,227,896,1760563.380282,3048780.487805,1116071.428571,0,1.0,struct,adapted,1,c4a54cdecc67,1284,10
cpp,bytes,document,100,49,jsoncons_msgpack,0.177.0,2801,16057,332,18858,357015.351660,62278.134147,53027.892672,0,1.0,dom,native,1,c4a54cdecc67,1285,11
cpp,bytes,document,100,49,nlohmann_cbor,3.11.3,2221,9621,338,11842,450247.636200,103939.299449,84445.195068,0,1.0,dom,native,1,c4a54cdecc67,1286,12
cpp,bytes,document,100,49,yas,7.x,1522,444,274,1966,657030.223390,2252252.252252,508646.998983,0,1.0,struct,adapted,1,c4a54cdecc67,1287,13
cpp,bytes,document,100,49,nlohmann_bson,3.11.3,2403,7728,502,10131,416146.483562,129399.585921,98706.939098,0,1.0,dom,native,1,c4a54cdecc67,1288,14
cpp,bytes,document,100,49,jsoncons_cbor,0.177.0,2943,16667,338,19610,339789.330615,59998.800024,50994.390617,0,1.0,dom,native,1,c4a54cdecc67,1289,15
cpp,bytes,document,100,49,nlohmann_ubjson,3.11.3,1750,8392,409,10142,571428.571429,119161.105815,98599.881680,0,1.0,dom,native,1,c4a54cdecc67,1290,16
cpp,bytes,document,100,49,cereal,1.3.2,1402,1181,267,2583,713266.761769,846740.050804,387146.728610,0,1.0,struct,native,1,c4a54cdecc67,1291,17
cpp,bytes,document,100,49,arduinojson,7.2.1,2544,12891,458,15435,393081.761006,77573.500892,64787.819890,0,1.0,dom,native,1,c4a54cdecc67,1292,18
cpp,bytes,document,100,49,cista,0.15,300,945,328,1245,3333333.333333,1058201.058201,803212.851406,0,1.0,archive,adapted,1,c4a54cdecc67,1293,19
cpp,bytes,document,100,49,flatbuffers,flatbuffers,418,871,188,1289,2392344.497608,1148105.625718,775795.190070,0,1.0,schema,adapted,1,c4a54cdecc67,1294,20
cpp,bytes,document,100,49,protobuf-wire,wire-v2,1397,652,164,2049,715819.613457,1533742.331288,488042.947779,0,1.0,schema,adapted,1,c4a54cdecc67,1295,21
cpp,bytes,document,100,49,msgpack,msgpack-cxx,949,1227,332,2176,1053740.779768,814995.925020,459558.823529,0,1.0,struct,native,1,c4a54cdecc67,1296,22
cpp,bytes,document,100,49,avro,binary-1.11,516,433,125,949,1937984.496124,2309468.822171,1053740.779768,0,1.0,schema,adapted,1,c4a54cdecc67,1297,23
cpp,bytes,document,100,49,rapidjson,1.1.0,1396,10634,458,12030,716332.378223,94037.991349,83125.519534,0,1.0,dom,native,1,c4a54cdecc67,1298,24
cpp,bytes,document,100,49,avro_c,avro-c,2513,2961,125,5474,397930.760048,337723.741979,182681.768360,0,1.0,schema,adapted,1,c4a54cdecc67,1299,25
cpp,bytes,document,100,50,nlohmann_json,3.11.3,2370,7207,458,9577,421940.928270,138753.989177,104416.831993,0,1.0,struct,native,1,c4a54cdecc67,1300,0
cpp,bytes,document,100,50,flexbuffers,flatbuffers-flex,4067,5248,467,9315,245881.485124,190548.780488,107353.730542,0,1.0,dom,adapted,1,c4a54cdecc67,1301,1
cpp,bytes,document,100,50,msgpack,msgpack-cxx,1253,1170,332,2423,798084.596967,854700.854701,412711.514651,0,1.0,struct,native,1,c4a54cdecc67,1302,2
cpp,bytes,document,100,50,yas,7.x,448,383,274,831,2232142.857143,2610966.057441,1203369.434416,0,1.0,struct,adapted,1,c4a54cdecc67,1303,3
cpp,bytes,document,100,50,nlohmann_bson,3.11.3,2439,8109,502,10548,410004.100041,123319.768159,94804.702313,0,1.0,dom,native,1,c4a54cdecc67,1304,4
cpp,bytes,document,100,50,rapidjson,1.1.0,1527,11890,458,13417,654878.847413,84104.289319,74532.309756,0,1.0,dom,native,1,c4a54cdecc67,1305,5
cpp,bytes,document,100,50,jsoncons_cbor,0.177.0,2771,17566,338,20337,360880.548538,56928.156666,49171.460884,0,1.0,dom,native,1,c4a54cdecc67,1306,6
cpp,bytes,document,100,50,cista,0.15,336,867,328,1203,2976190.476190,1153402.537486,831255.195345,0,1.0,archive,adapted,1,c4a54cdecc67,1307,7
cpp,bytes,document,100,50,cereal,1.3.2,1314,1041,267,2355,761035.007610,960614.793468,424628.450106,0,1.0,struct,native,1,c4a54cdecc67,1308,8
cpp,bytes,document,100,50,custom_binary,harness,949,407,223,1356,1053740.779768,2457002.457002,737463.126844,0,1.0,struct,adapted,1,c4a54cdecc67,1309,9
cpp,bytes,document,100,50,arduinojson,7.2.1,2557,12424,458,14981,391083.300743,80489.375402,66751.218210,0,1.0,dom,native,1,c4a54cdecc67,1310,10
cpp,bytes,document,100,50,avro,binary-1.11,515,414,125,929,1941747.572816,2415458.937198,1076426.264801,0,1.0,schema,adapted,1,c4a54cdecc67,1311,11
cpp,bytes,document,100,50,zpp_bits,4.4.25,539,333,227,872,1855287.569573,3003003.003003,1146788.990826,0,1.0,struct,adapted,1,c4a54cdecc67,1312,12
cpp,bytes,document,100,50,nlohmann_ubjson,3.11.3,1794,9105,409,10899,557413.600892,109829.763866,91751.536838,0,1.0,dom,native,1,c4a54cdecc67,1313,13
cpp,bytes,document,100,50,bitsery,5.2.4,205,344,190,549,4878048.780488,2906976.744186,1821493.624772,0,1.0,struct,adapted,1,c4a54cdecc67,1314,14
cpp,bytes,document,100,50,avro_c,avro-c,2307,2637,125,4944,433463.372345,379218.809253,202265.372168,0,1.0,schema,adapted,1,c4a54cdecc67,1315,15
cpp,bytes,document,100,50,nlohmann_msgpack,3.11.3,2320,7439,332,9759,431034.482759,134426.670251,102469.515319,0,1.0,dom,native,1,c4a54cdecc67,1316,16
cpp,bytes,document,100,50,jsoncons_bson,0.177.0,3606,17076,502,20682,277315.585136,58561.724057,48351.223286,0,1.0,dom,native,1,c4a54cdecc67,1317,17
cpp,bytes,document,100,50,simdjson,3.10.1,156,8287,458,8443,6410256.410256,120670.930373,118441.312330,0,1.0,dom,adapted,1,c4a54cdecc67,1318,18
cpp,bytes,document,100,50,protobuf-wire,wire-v2,1407,859,164,2266,710732.054016,1164144.353900,441306.266549,0,1.0,schema,adapted,1,c4a54cdecc67,1319,19
cpp,bytes,document,100,50,thrift,TBinaryProtocol,889,492,324,1381,1124859.392576,2032520.325203,724112.961622,0,1.0,schema,adapted,1,c4a54cdecc67,1320,20
cpp,bytes,document,100,50,jsoncons_msgpack,0.177.0,2643,15656,332,18299,378357.926599,63873.275422,54647.794961,0,1.0,dom,native,1,c4a54cdecc67,1321,21
cpp,bytes,document,100,50,capnproto,1.0.x,1152,631,392,1783,868055.555556,1584786.053883,560852.495794,0,1.0,schema,native,1,c4a54cdecc67,1322,22
cpp,bytes,document,100,50,flatbuffers,flatbuffers,242,730,188,972,4132231.404959,1369863.013699,1028806.584362,0,1.0,schema,adapted,1,c4a54cdecc67,1323,23
cpp,bytes,document,100,50,nlohmann_cbor,3.11.3,2344,8008,338,10352,426621.160410,124875.124875,96599.690881,0,1.0,dom,native,1,c4a54cdecc67,1324,24
cpp,bytes,document,100,50,yyjson,0.10.0,1370,8827,458,10197,729927.007299,113288.773083,98068.059233,0,1.0,dom,adapted,1,c4a54cdecc67,1325,25
cpp,bytes,document,100,51,jsoncons_msgpack,0.177.0,2764,15738,332,18502,361794.500724,63540.475283,54048.211004,0,1.0,dom,native,1,c4a54cdecc67,1326,0
cpp,bytes,document,100,51,nlohmann_json,3.11.3,2426,6953,458,9379,412201.154163,143822.810298,106621.174965,0,1.0,struct,native,1,c4a54cdecc67,1327,1
cpp,bytes,document,100,51,yas,7.x,986,445,274,1431,1014198.782961,2247191.011236,698812.019567,0,1.0,struct,adapted,1,c4a54cdecc67,1328,2
cpp,bytes,document,100,51,bitsery,5.2.4,233,381,190,614,4291845.493562,2624671.916010,1628664.495114,0,1.0,struct,adapted,1,c4a54cdecc67,1329,3
cpp,bytes,document,100,51,flexbuffers,flatbuffers-flex,4186,5937,467,10123,238891.543239,168435.236652,98784.945174,0,1.0,dom,adapted,1,c4a54cdecc67,1330,4
cpp,bytes,document,100,51,thrift,TBinaryProtocol,672,422,324,1094,1488095.238095,2369668.246445,914076.782450,0,1.0,schema,adapted,1,c4a54cdecc67,1331,5
cpp,bytes,document,100,51,arduinojson,7.2.1,2618,11917,458,14535,381970.970206,83913.736679,68799.449604,0,1.0,dom,native,1,c4a54cdecc67,1332,6
cpp,bytes,document,100,51,zpp_bits,4.4.25,578,330,227,908,1730103.806228,3030303.030303,1101321.585903,0,1.0,struct,adapted,1,c4a54cdecc67,1333,7
cpp,bytes,document,100,51,cista,0.15,326,931,328,1257,3067484.662577,1074113.856069,795544.948290,0,1.0,archive,adapted,1,c4a54cdecc67,1334,8
cpp,bytes,document,100,51,avro_c,avro-c,2442,2968,125,5410,409500.409500,336927.223720,184842.883549,0,1.0,schema,adapted,1,c4a54cdecc67,1335,9
cpp,bytes,document,100,51,jsoncons_cbor,0.177.0,2922,17191,338,20113,342231.348392,58169.972660,49719.087158,0,1.0,dom,native,1,c4a54cdecc67,1336,10
cpp,bytes,document,100,51,msgpack,msgpack-cxx,1313,1295,332,2608,761614.623001,772200.772201,383435.582822,0,1.0,struct,native,1,c4a54cdecc67,1337,11
cpp,bytes,document,100,51,protobuf-wire,wire-v2,1420,841,164,2261,704225.352113,1189060.642093,442282.176028,0,1.0,schema,adapted,1,c4a54cdecc67,1338,12
cpp,bytes,document,100,51,jsoncons_bson,0.177.0,3968,15236,502,19204,252016.129032,65634.024678,52072.484899,0,1.0,dom,native,1,c4a54cdecc67,1339,13
cpp,bytes,document,100,51,capnproto,1.0.x,1097,541,392,1638,911577.028259,1848428.835490,610500.610501,0,1.0,schema,native,1,c4a54cdecc67,1340,14
cpp,bytes,document,100,51,nlohmann_ubjson,3.11.3,1911,8541,409,10452,523286.237572,117082.308863,95675.468810,0,1.0,dom,native,1,c4a54cdecc67,1341,15
cpp,bytes,document,100,51,nlohmann_cbor,3.11.3,2326,6996,338,9322,429922.613929,142938.822184,107273.117357,0,1.0,dom,native,1,c4a54cdecc67,1342,16
cpp,bytes,document,100,51,custom_binary,harness,738,479,223,1217,1355013.550136,2087682.672234,821692.686935,0,1.0,struct,adapted,1,c4a54cdecc67,1343,17
cpp,bytes,document,100,51,nlohmann_bson,3.11.3,2505,6933,502,9438,399201.596806,144237.703736,105954.651409,0,1.0,dom,native,1,c4a54cdecc67,1344,18
cpp,bytes,document,100,51,cereal,1.3.2,1377,1132,267,2509,726216.412491,883392.226148,398565.165405,0,1.0,struct,native,1,c4a54cdecc67,1345,19
cpp,bytes,document,100,51,rapidjson,1.1.0,2138,11989,458,14127,467726.847521,83409.792310,70786.437319,0,1.0,dom,native,1,c4a54cdecc67,1346,20
cpp,bytes,document,100,51,flatbuffers,flatbuffers,525,855,188,1380,1904761.904762,1169590.643275,724637.681159,0,1.0,schema,adapted,1,c4a54cdecc67,1347,21
cpp,bytes,document,100,51,simdjson,3.10.1,154,8991,458,9145,6493506.493506,111222.333445,109349.371241,0,1.0,dom,adapted,1,c4a54cdecc67,1348,22
cpp,bytes,document,100,51,nlohmann_msgpack,3.11.3,2385,7987,332,10372,419287.211740,125203.455615,96413.420748,0,1.0,dom,native,1,c4a54cdecc67,1349,23
cpp,bytes,document,100,51,avro,binary-1.11,533,466,125,999,1876172.607880,2145922.746781,1001001.001001,0,1.0,schema,adapted,1,c4a54cdecc67,1350,24
cpp,bytes,document,100,51,yyjson,0.10.0,1477,8902,458,10379,677048.070413,112334.306897,96348.395799,0,1.0,dom,adapted,1,c4a54cdecc67,1351,25
cpp,bytes,document,100,52,capnproto,1.0.x,927,485,392,1412,1078748.651564,2061855.670103,708215.297450,0,1.0,schema,native,1,c4a54cdecc67,1352,0
cpp,bytes,document,100,52,avro,binary-1.11,389,322,125,711,2570694.087404,3105590.062112,1406469.760900,0,1.0,schema,adapted,1,c4a54cdecc67,1353,1
cpp,bytes,document,100,52,nlohmann_bson,3.11.3,2325,7701,502,10026,430107.526882,129853.265810,99740.674247,0,1.0,dom,native,1,c4a54cdecc67,1354,2
cpp,bytes,document,100,52,thrift,TBinaryProtocol,893,461,324,1354,1119820.828667,2169197.396963,738552.437223,0,1.0,schema,adapted,1,c4a54cdecc67,1355,3
cpp,bytes,document,100,52,avro_c,avro-c,2431,2645,125,5076,411353.352530,378071.833648,197005.516154,0,1.0,schema,adapted,1,c4a54cdecc67,1356,4
cpp,bytes,document,100,52,nlohmann_cbor,3.11.3,2299,6773,338,9072,434971.726838,147645.061273,110229.276896,0,1.0,dom,native,1,c4a54cdecc67,1357,5
cpp,bytes,document,100,52,yas,7.x,1415,455,274,1870,706713.780919,2197802.197802,534759.358289,0,1.0,struct,adapted,1,c4a54cdecc67,1358,6
cpp,bytes,document,100,52,flexbuffers,flatbuffers-flex,3700,5807,467,9507,270270.270270,172205.958326,105185.652677,0,1.0,dom,adapted,1,c4a54cdecc67,1359,7
cpp,bytes,document,100,52,nlohmann_json,3.11.3,2433,7315,458,9748,411015.207563,136705.399863,102585.145671,0,1.0,struct,native,1,c4a54cdecc67,1360,8
cpp,bytes,document,100,52,jsoncons_bson,0.177.0,3996,16780,502,20776,250250.250250,59594.755662,48132.460531,0,1.0,dom,native,1,c4a54cdecc67,1361,9
cpp,bytes,document,100,52,bitsery,5.2.4,210,372,190,582,4761904.761905,2688172.043011,1718213.058419,0,1.0,struct,adapted,1,c4a54cdecc67,1362,10
cpp,bytes,document,100,52,cista,0.15,332,874,328,1206,3012048.192771,1144164.759725,829187.396352,0,1.0,archive,adapted,1,c4a54cdecc67,1363,11
cpp,bytes,document,100,52,arduinojson,7.2.1,2724,13805,458,16529,367107.195301,72437.522637,60499.727751,0,1.0,dom,native,1,c4a54cdecc67,1364,12
cpp,bytes,document,100,52,zpp_bits,4.4.25,574,382,227,956,1742160.278746,2617801.047120,1046025.104603,0,1.0,struct,adapted,1,c4a54cdecc67,1365,13
cpp,bytes,document,100,52,cereal,1.3.2,1296,1045,267,2341,771604.938272,956937.799043,427167.876976,0,1.0,struct,native,1,c4a54cdecc67,1366,14
cpp,bytes,document,100,52,jsoncons_cbor,0.177.0,2857,16659,338,19516,350017.500875,60027.612702,51240.008198,0,1.0,dom,native,1,c4a54cdecc67,1367,15
cpp,bytes,document,100,52,msgpack,msgpack-cxx,1389,1246,332,2635,719942.404608,802568.218299,379506.641366,0,1.0,struct,native,1,c4a54cdecc67,1368,16
cpp,bytes,document,100,52,rapidjson,1.1.0,1136,10463,458,11599,880281.690141,95574.882921,86214.328821,0,1.0,dom,native,1,c4a54cdecc67,1369,17
cpp,bytes,document,100,52,flatbuffers,flatbuffers,435,840,188,1275,2298850.574713,1190476.190476,784313.725490,0,1.0,schema,adapted,1,c4a54cdecc67,1370,18
cpp,bytes,document,100,52,simdjson,3.10.1,151,8888,458,9039,6622516.556291,112511.251125,110631.707047,0,1.0,dom,adapted,1,c4a54cdecc67,1371,19
cpp,bytes,document,100,52,nlohmann_ubjson,3.11.3,1796,8901,409,10697,556792.873051,112346.927312,93484.154436,0,1.0,dom,native,1,c4a54cdecc67,1372,20
cpp,bytes,document,100,52,nlohmann_msgpack,3.11.3,2396,7024,332,9420,417362.270451,142369.020501,106157.112527,0,1.0,dom,native,1,c4a54cdecc67,1373,21
cpp,bytes,document,100,52,jsoncons_msgpack,0.177.0,3274,16161,332,19435,305436.774588,61877.359074,51453.563159,0,1.0,dom,native,1,c4a54cdecc67,1374,22
cpp,bytes,document,100,52,yyjson,0.10.0,1003,8844,458,9847,997008.973081,113071.008593,101553.772723,0,1.0,dom,adapted,1,c4a54cdecc67,1375,23
cpp,bytes,document,100,52,protobuf-wire,wire-v2,1477,808,164,2285,677048.070413,1237623.762376,437636.761488,0,1.0,schema,adapted,1,c4a54cdecc67,1376,24
cpp,bytes,document,100,52,custom_binary,harness,1128,500,223,1628,886524.822695,2000000.000000,614250.614251,0,1.0,struct,adapted,1,c4a54cdecc67,1377,25
cpp,bytes,document,100,53,bitsery,5.2.4,238,330,190,568,4201680.672269,3030303.030303,1760563.380282,0,1.0,struct,adapted,1,c4a54cdecc67,1378,0
cpp,bytes,document,100,53,avro,binary-1.11,473,485,125,958,2114164.904863,2061855.670103,1043841.336117,0,1.0,schema,adapted,1,c4a54cdecc67,1379,1
cpp,bytes,document,100,53,flatbuffers,flatbuffers,668,724,188,1392,1497005.988024,1381215.469613,718390.804598,0,1.0,schema,adapted,1,c4a54cdecc67,1380,2
cpp,bytes,document,100,53,custom_binary,harness,631,275,223,906,1584786.053883,3636363.636364,1103752.759382,0,1.0,struct,adapted,1,c4a54cdecc67,1381,3
cpp,bytes,document,100,53,nlohmann_ubjson,3.11.3,1742,9275,409,11017,574052.812859,107816.711590,90768.811836,0,1.0,dom,native,1,c4a54cdecc67,1382,4
cpp,bytes,document,100,53,cista,0.15,324,886,328,1210,3086419.753086,1128668.171558,826446.280992,0,1.0,archive,adapted,1,c4a54cdecc67,1383,5
cpp,bytes,document,100,53,zpp_bits,4.4.25,599,322,227,921,1669449.081803,3105590.062112,1085776.330076,0,1.0,struct,adapted,1,c4a54cdecc67,1384,6
cpp,bytes,document,100,53,arduinojson,7.2.1,2784,13056,458,15840,359195.402299,76593.137255,63131.313131,0,1.0,dom,native,1,c4a54cdecc67,1385,7
cpp,bytes,document,100,53,avro_c,avro-c,2587,2957,125,5544,386548.125242,338180.588434,180375.180375,0,1.0,schema,adapted,1,c4a54cdecc67,1386,8
cpp,bytes,document,100,53,yyjson,0.10.0,746,8809,458,9555,1340482.573727,113520.263367,104657.247514,0,1.0,dom,adapted,1,c4a54cdecc67,1387,9
cpp,bytes,document,100,53,jsoncons_bson,0.177.0,3694,16619,502,20313,270709.258257,60172.092184,49229.557426,0,1.0,dom,native,1,c4a54cdecc67,1388,10
cpp,bytes,document,100,53,yas,7.x,920,409,274,1329,1086956.521739,2444987.775061,752445.447705,0,1.0,struct,adapted,1,c4a54cdecc67,1389,11
cpp,bytes,document,100,53,rapidjson,1.1.0,1162,11256,458,12418,860585.197935,88841.506752,80528.265421,0,1.0,dom,native,1,c4a54cdecc67,1390,12
cpp,bytes,document,100,53,capnproto,1.0.x,786,564,392,1350,1272264.631043,1773049.645390,740740.740741,0,1.0,schema,native,1,c4a54cdecc67,1391,13
cpp,bytes,document,100,53,cereal,1.3.2,1323,1133,267,2456,755857.898715,882612.533098,407166.123779,0,1.0,struct,native,1,c4a54cdecc67,1392,14
cpp,bytes,document,100,53,simdjson,3.10.1,157,9108,458,9265,6369426.751592,109793.588054,107933.081489,0,1.0,dom,adapted,1,c4a54cdecc67,1393,15
cpp,bytes,document,100,53,jsoncons_msgpack,0.177.0,3119,16002,332,19121,320615.581917,62492.188476,52298.519952,0,1.0,dom,native,1,c4a54cdecc67,1394,16
cpp,bytes,document,100,53,msgpack,msgpack-cxx,1397,1286,332,2683,715819.613457,777604.976672,372717.107715,0,1.0,struct,native,1,c4a54cdecc67,1395,17
cpp,bytes,document,100,53,jsoncons_cbor,0.177.0,2937,17682,338,20619,340483.486551,56554.688384,48498.957272,0,1.0,dom,native,1,c4a54cdecc67,1396,18
cpp,bytes,document,100,53,thrift,TBinaryProtocol,929,516,324,1445,1076426.264801,1937984.496124,692041.522491,0,1.0,schema,adapted,1,c4a54cdecc67,1397,19
cpp,bytes,document,100,53,flexbuffers,flatbuffers-flex,4367,5895,467,10262,228990.153423,169635.284139,97446.891444,0,1.0,dom,adapted,1,c4a54cdecc67,1398,20
cpp,bytes,document,100,53,protobuf-wire,wire-v2,1439,846,164,2285,694927.032662,1182033.096927,437636.761488,0,1.0,schema,adapted,1,c4a54cdecc67,1399,21
cpp,bytes,document,100,53,nlohmann_cbor,3.11.3,2509,8161,338,10670,398565.165405,122534.003186,93720.712277,0,1.0,dom,native,1,c4a54cdecc67,1400,22
cpp,bytes,document,100,53,nlohmann_json,3.11.3,2559,7318,458,9877,390777.647519,136649.357748,101245.317404,0,1.0,struct,native,1,c4a54cdecc67,1401,23
cpp,bytes,document,100,53,nlohmann_msgpack,3.11.3,2412,7595,332,10007,414593.698176,131665.569454,99930.048966,0,1.0,dom,native,1,c4a54cdecc67,1402,24
cpp,bytes,document,100,53,nlohmann_bson,3.11.3,2601,7088,502,9689,384467.512495,141083.521445,103209.825575,0,1.0,dom,native,1,c4a54cdecc67,1403,25
cpp,bytes,document,100,54,protobuf-wire,wire-v2,1255,700,164,1955,796812.749004,1428571.428571,511508.951407,0,1.0,schema,adapted,1,c4a54cdecc67,1404,0
cpp,bytes,document,100,54,nlohmann_msgpack,3.11.3,2114,6701,332,8815,473036.896878,149231.457991,113442.994895,0,1.0,dom,native,1,c4a54cdecc67,1405,1
cpp,bytes,document,100,54,jsoncons_msgpack,0.177.0,2837,17623,332,20460,352485.019387,56744.027691,48875.855327,0,1.0,dom,native,1,c4a54cdecc67,1406,2
cpp,bytes,document,100,54,zpp_bits,4.4.25,628,369,227,997,1592356.687898,2710027.100271,1003009.027081,0,1.0,struct,adapted,1,c4a54cdecc67,1407,3
cpp,bytes,document,100,54,avro_c,avro-c,2612,2893,125,5505,382848.392037,345661.942620,181653.042688,0,1.0,schema,adapted,1,c4a54cdecc67,1408,4
cpp,bytes,document,100,54,jsoncons_cbor,0.177.0,2843,16979,338,19822,351741.118537,58896.283645,50448.996065,0,1.0,dom,native,1,c4a54cdecc67,1409,5
cpp,bytes,document,100,54,bitsery,5.2.4,298,390,190,688,3355704.697987,2564102.564103,1453488.372093,0,1.0,struct,adapted,1,c4a54cdecc67,1410,6
cpp,bytes,document,100,54,yas,7.x,942,455,274,1397,1061571.125265,2197802.197802,715819.613457,0,1.0,struct,adapted,1,c4a54cdecc67,1411,7
cpp,bytes,document,100,54,cereal,1.3.2,1313,1173,267,2486,761614.623001,852514.919011,402252.614642,0,1.0,struct,native,1,c4a54cdecc67,1412,8
cpp,bytes,document,100,54,custom_binary,harness,870,443,223,1313,1149425.287356,2257336.343115,761614.623001,0,1.0,struct,adapted,1,c4a54cdecc67,1413,9
cpp,bytes,document,100,54,msgpack,msgpack-cxx,906,1288,332,2194,1103752.759382,776397.515528,455788.514129,0,1.0,struct,native,1,c4a54cdecc67,1414,10
cpp,bytes,document,100,54,flexbuffers,flatbuffers-flex,4164,6000,467,10164,240153.698367,166666.666667,98386.462023,0,1.0,dom,adapted,1,c4a54cdecc67,1415,11
cpp,bytes,document,100,54,yyjson,0.10.0,1149,9467,458,10616,870322.019147,105630.083448,94197.437830,0,1.0,dom,adapted,1,c4a54cdecc67,1416,12
cpp,bytes,document,100,54,simdjson,3.10.1,164,8755,458,8919,6097560.975610,114220.445460,112120.192847,0,1.0,dom,adapted,1,c4a54cdecc67,1417,13
cpp,bytes,document,100,54,jsoncons_bson,0.177.0,4325,16588,502,20913,231213.872832,60284.543043,47817.147229,0,1.0,dom,native,1,c4a54cdecc67,1418,14
cpp,bytes,document,100,54,cista,0.15,384,998,328,1382,2604166.666667,1002004.008016,723589.001447,0,1.0,archive,adapted,1,c4a54cdecc67,1419,15
cpp,bytes,document,100,54,rapidjson,1.1.0,1589,12539,458,14128,629326.620516,79751.176330,70781.426954,0,1.0,dom,native,1,c4a54cdecc67,1420,16
cpp,bytes,document,100,54,avro,binary-1.11,635,663,125,1298,1574803.149606,1508295.625943,770416.024653,0,1.0,schema,adapted,1,c4a54cdecc67,1421,17
cpp,bytes,document,100,54,thrift,TBinaryProtocol,969,452,324,1421,1031991.744066,2212389.380531,703729.767769,0,1.0,schema,adapted,1,c4a54cdecc67,1422,18
cpp,bytes,document,100,54,nlohmann_json,3.11.3,2535,7927,458,10462,394477.317554,126151.129053,95584.018352,0,1.0,struct,native,1,c4a54cdecc67,1423,19
cpp,bytes,document,100,54,nlohmann_ubjson,3.11.3,2175,9910,409,12085,459770.114943,100908.173562,82747.207282,0,1.0,dom,native,1,c4a54cdecc67,1424,20
cpp,bytes,document,100,54,capnproto,1.0.x,1780,602,392,2382,561797.752809,1661129.568106,419815.281276,0,1.0,schema,native,1,c4a54cdecc67,1425,21
cpp,bytes,document,100,54,nlohmann_cbor,3.11.3,2455,8739,338,11194,407331.975560,114429.568601,89333.571556,0,1.0,dom,native,1,c4a54cdecc67,1426,22
cpp,bytes,document,100,54,arduinojson,7.2.1,2824,14400,458,17224,354107.648725,69444.444444,58058.522991,0,1.0,dom,native,1,c4a54cdecc67,1427,23
cpp,bytes,document,100,54,nlohmann_bson,3.11.3,2506,8441,502,10947,399042.298484,118469.375666,91349.228099,0,1.0,dom,native,1,c4a54cdecc67,1428,24
cpp,bytes,document,100,54,flatbuffers,flatbuffers,1305,901,188,2206,766283.524904,1109877.913430,453309.156845,0,1.0,schema,adapted,1,c4a54cdecc67,1429,25
cpp,bytes,document,100,55,yyjson,0.10.0,756,9709,458,10465,1322751.322751,102997.219075,95556.617296,0,1.0,dom,adapted,1,c4a54cdecc67,1430,0
cpp,bytes,document,100,55,simdjson,3.10.1,153,9069,458,9222,6535947.712418,110265.740434,108436.347864,0,1.0,dom,adapted,1,c4a54cdecc67,1431,1
cpp,bytes,document,100,55,thrift,TBinaryProtocol,747,407,324,1154,1338688.085676,2457002.457002,866551.126516,0,1.0,schema,adapted,1,c4a54cdecc67,1432,2
cpp,bytes,document,100,55,nlohmann_json,3.11.3,2357,7154,458,9511,424268.137463,139781.940173,105141.415203,0,1.0,struct,native,1,c4a54cdecc67,1433,3
cpp,bytes,document,100,55,jsoncons_msgpack,0.177.0,3134,16688,332,19822,319081.046586,59923.298178,50448.996065,0,1.0,dom,native,1,c4a54cdecc67,1434,4
cpp,bytes,document,100,55,jsoncons_cbor,0.177.0,3396,15909,338,19305,294464.075383,62857.502043,51800.051800,0,1.0,dom,native,1,c4a54cdecc67,1435,5
cpp,bytes,document,100,55,cista,0.15,366,941,328,1307,2732240.437158,1062699.256111,765110.941086,0,1.0,archive,adapted,1,c4a54cdecc67,1436,6
cpp,bytes,document,100,55,nlohmann_ubjson,3.11.3,1954,9088,409,11042,511770.726714,110035.211268,90563.303749,0,1.0,dom,native,1,c4a54cdecc67,1437,7
cpp,bytes,document,100,55,nlohmann_bson,3.11.3,2357,6985,502,9342,424268.137463,143163.922691,107043.459645,0,1.0,dom,native,1,c4a54cdecc67,1438,8
cpp,bytes,document,100,55,msgpack,msgpack-cxx,1788,1202,332,2990,559284.116331,831946.755408,334448.160535,0,1.0,struct,native,1,c4a54cdecc67,1439,9
cpp,bytes,document,100,55,protobuf-wire,wire-v2,1420,795,164,2215,704225.352113,1257861.635220,451467.268623,0,1.0,schema,adapted,1,c4a54cdecc67,1440,10
cpp,bytes,document,100,55,rapidjson,1.1.0,1307,11752,458,13059,765110.941086,85091.899251,76575.541772,0,1.0,dom,native,1,c4a54cdecc67,1441,11
cpp,bytes,document,100,55,capnproto,1.0.x,768,559,392,1327,1302083.333333,1788908.765653,753579.502638,0,1.0,schema,native,1,c4a54cdecc67,1442,12
cpp,bytes,document,100,55,cereal,1.3.2,1436,1293,267,2729,696378.830084,773395.204950,366434.591425,0,1.0,struct,native,1,c4a54cdecc67,1443,13
cpp,bytes,document,100,55,bitsery,5.2.4,217,378,190,595,4608294.930876,2645502.645503,1680672.268908,0,1.0,struct,adapted,1,c4a54cdecc67,1444,14
cpp,bytes,document,100,55,yas,7.x,478,455,274,933,2092050.209205,2197802.197802,1071811.361200,0,1.0,struct,adapted,1,c4a54cdecc67,1445,15
cpp,bytes,document,100,55,flatbuffers,flatbuffers,233,739,188,972,4291845.493562,1353179.972936,1028806.584362,0,1.0,schema,adapted,1,c4a54cdecc67,1446,16
cpp,bytes,document,100,55,nlohmann_msgpack,3.11.3,2505,8548,332,11053,399201.596806,116986.429574,90473.174704,0,1.0,dom,native,1,c4a54cdecc67,1447,17
cpp,bytes,document,100,55,custom_binary,harness,911,468,223,1379,1097694.840834,2136752.136752,725163.161711,0,1.0,struct,adapted,1,c4a54cdecc67,1448,18
cpp,bytes,document,100,55,arduinojson,7.2.1,2833,14279,458,17112,352982.703848,70032.915470,58438.522674,0,1.0,dom,native,1,c4a54cdecc67,1449,19
cpp,bytes,document,100,55,zpp_bits,4.4.25,667,330,227,997,1499250.374813,3030303.030303,1003009.027081,0,1.0,struct,adapted,1,c4a54cdecc67,1450,20
cpp,bytes,document,100,55,avro_c,avro-c,2554,3241,125,5795,391542.678152,308546.744832,172562.553926,0,1.0,schema,adapted,1,c4a54cdecc67,1451,21
cpp,bytes,document,100,55,avro,binary-1.11,572,526,125,1098,1748251.748252,1901140.684411,910746.812386,0,1.0,schema,adapted,1,c4a54cdecc67,1452,22
cpp,bytes,document,100,55,nlohmann_cbor,3.11.3,2428,8396,338,10824,411861.614498,119104.335398,92387.287509,0,1.0,dom,native,1,c4a54cdecc67,1453,23
cpp,bytes,document,100,55,jsoncons_bson,0.177.0,4378,17793,502,22171,228414.801279,56201.877143,45103.964638,0,1.0,dom,native,1,c4a54cdecc67,1454,24
cpp,bytes,document,100,55,flexbuffers,flatbuffers-flex,4339,5856,467,10195,230467.849735,170765.027322,98087.297695,0,1.0,dom,adapted,1,c4a54cdecc67,1455,25
cpp,bytes,document,100,56,arduinojson,7.2.1,2696,13133,458,15829,370919.881306,76144.064570,63175.184787,0,1.0,dom,native,1,c4a54cdecc67,1456,0
cpp,bytes,document,100,56,msgpack,msgpack-cxx,1056,1276,332,2332,946969.696970,783699.059561,428816.466552,0,1.0,struct,native,1,c4a54cdecc67,1457,1
cpp,bytes,document,100,56,custom_binary,harness,1093,478,223,1571,914913.083257,2092050.209205,636537.237428,0,1.0,struct,adapted,1,c4a54cdecc67,1458,2
cpp,bytes,document,100,56,flexbuffers,flatbuffers-flex,3305,5359,467,8664,302571.860817,186601.977981,115420.129271,0,1.0,dom,adapted,1,c4a54cdecc67,1459,3
cpp,bytes,document,100,56,nlohmann_bson,3.11.3,2471,7841,502,10312,404694.455686,127534.753220,96974.398759,0,1.0,dom,native,1,c4a54cdecc67,1460,4
cpp,bytes,document,100,56,jsoncons_cbor,0.177.0,3030,17936,338,20966,330033.003300,55753.791258,47696.270152,0,1.0,dom,native,1,c4a54cdecc67,1461,5
cpp,bytes,document,100,56,flatbuffers,flatbuffers,712,888,188,1600,1404494.382022,1126126.126126,625000.000000,0,1.0,schema,adapted,1,c4a54cdecc67,1462,6
cpp,bytes,document,100,56,jsoncons_msgpack,0.177.0,2832,15000,332,17832,353107.344633,66666.666667,56078.959175,0,1.0,dom,native,1,c4a54cdecc67,1463,7
cpp,bytes,document,100,56,yas,7.x,918,470,274,1388,1089324.618736,2127659.574468,720461.095101,0,1.0,struct,adapted,1,c4a54cdecc67,1464,8
cpp,bytes,document,100,56,avro,binary-1.11,498,454,125,952,2008032.128514,2202643.171806,1050420.168067,0,1.0,schema,adapted,1,c4a54cdecc67,1465,9
cpp,bytes,document,100,56,cista,0.15,336,923,328,1259,2976190.476190,1083423.618635,794281.175536,0,1.0,archive,adapted,1,c4a54cdecc67,1466,10
cpp,bytes,document,100,56,capnproto,1.0.x,635,557,392,1192,1574803.149606,1795332.136445,838926.174497,0,1.0,schema,native,1,c4a54cdecc67,1467,11
cpp,bytes,document,100,56,yyjson,0.10.0,586,9104,458,9690,1706484.641638,109841.827768,103199.174407,0,1.0,dom,adapted,1,c4a54cdecc67,1468,12
cpp,bytes,document,100,56,nlohmann_ubjson,3.11.3,1874,8899,409,10773,533617.929562,112372.176649,92824.654228,0,1.0,dom,native,1,c4a54cdecc67,1469,13
cpp,bytes,document,100,56,simdjson,3.10.1,160,8545,458,8705,6250000.000000,117027.501463,114876.507754,0,1.0,dom,adapted,1,c4a54cdecc67,1470,14
cpp,bytes,document,100,56,nlohmann_json,3.11.3,2496,7218,458,9714,400641.025641,138542.532557,102944.204241,0,1.0,struct,native,1,c4a54cdecc67,1471,15
cpp,bytes,document,100,56,protobuf-wire,wire-v2,1415,717,164,2132,706713.780919,1394700.139470,469043.151970,0,1.0,schema,adapted,1,c4a54cdecc67,1472,16
cpp,bytes,document,100,56,nlohmann_msgpack,3.11.3,2502,7229,332,9731,399680.255795,138331.719463,102764.361319,0,1.0,dom,native,1,c4a54cdecc67,1473,17
cpp,bytes,document,100,56,thrift,TBinaryProtocol,949,453,324,1402,1053740.779768,2207505.518764,713266.761769,0,1.0,schema,adapted,1,c4a54cdecc67,1474,18
cpp,bytes,document,100,56,bitsery,5.2.4,260,368,190,628,3846153.846154,2717391.304348,1592356.687898,0,1.0,struct,adapted,1,c4a54cdecc67,1475,19
cpp,bytes,document,100,56,zpp_bits,4.4.25,564,333,227,897,1773049.645390,3003003.003003,1114827.201784,0,1.0,struct,adapted,1,c4a54cdecc67,1476,20
cpp,bytes,document,100,56,nlohmann_cbor,3.11.3,2387,6870,338,9257,418935.902807,145560.407569,108026.358431,0,1.0,dom,native,1,c4a54cdecc67,1477,21
cpp,bytes,document,100,56,avro_c,avro-c,2562,2620,125,5182,390320.062451,381679.389313,192975.685064,0,1.0,schema,adapted,1,c4a54cdecc67,1478,22
cpp,bytes,document,100,56,jsoncons_bson,0.177.0,3915,17286,502,21201,255427.841635,57850.283466,47167.586435,0,1.0,dom,native,1,c4a54cdecc67,1479,23
cpp,bytes,document,100,56,rapidjson,1.1.0,2245,14051,458,16296,445434.298441,71169.311793,61364.752086,0,1.0,dom,native,1,c4a54cdecc67,1480,24
cpp,bytes,document,100,56,cereal,1.3.2,1437,1264,267,2701,695894.224078,791139.240506,370233.246946,0,1.0,struct,native,1,c4a54cdecc67,1481,25
cpp,bytes,document,100,57,nlohmann_cbor,3.11.3,2247,8658,338,10905,445037.828215,115500.115500,91701.054562,0,1.0,dom,native,1,c4a54cdecc67,1482,0
cpp,bytes,document,100,57,yas,7.x,1405,432,274,1837,711743.772242,2314814.814815,544365.813827,0,1.0,struct,adapted,1,c4a54cdecc67,1483,1
cpp,bytes,document,100,57,jsoncons_cbor,0.177.0,2895,17189,338,20084,345423.143351,58176.740939,49790.878311,0,1.0,dom,native,1,c4a54cdecc67,1484,2
cpp,bytes,document,100,57,custom_binary,harness,648,477,223,1125,1543209.876543,2096436.058700,888888.888889,0,1.0,struct,adapted,1,c4a54cdecc67,1485,3
cpp,bytes,document,100,57,nlohmann_json,3.11.3,2599,7325,458,9924,384763.370527,136518.771331,100765.820234,0,1.0,struct,native,1,c4a54cdecc67,1486,4
cpp,bytes,document,100,57,jsoncons_msgpack,0.177.0,2800,16669,332,19469,357142.857143,59991.601176,51363.706405,0,1.0,dom,native,1,c4a54cdecc67,1487,5
cpp,bytes,document,100,57,zpp_bits,4.4.25,580,376,227,956,1724137.931034,2659574.468085,1046025.104603,0,1.0,struct,adapted,1,c4a54cdecc67,1488,6
cpp,bytes,document,100,57,nlohmann_bson,3.11.3,2546,8203,502,10749,392772.977219,121906.619529,93031.909945,0,1.0,dom,native,1,c4a54cdecc67,1489,7
cpp,bytes,document,100,57,flexbuffers,flatbuffers-flex,4298,5495,467,9793,232666.356445,181983.621474,102113.754723,0,1.0,dom,adapted,1,c4a54cdecc67,1490,8
cpp,bytes,document,100,57,cereal,1.3.2,1308,1149,267,2457,764525.993884,870322.019147,407000.407000,0,1.0,struct,native,1,c4a54cdecc67,1491,9
cpp,bytes,document,100,57,nlohmann_ubjson,3.11.3,1880,8718,409,10598,531914.893617,114705.207616,94357.425929,0,1.0,dom,native,1,c4a54cdecc67,1492,10
cpp,bytes,document,100,57,protobuf-wire,wire-v2,1456,844,164,2300,686813.186813,1184834.123223,434782.608696,0,1.0,schema,adapted,1,c4a54cdecc67,1493,11
cpp,bytes,document,100,57,simdjson,3.10.1,170,9083,458,9253,5882352.941176,110095.783331,108073.057387,0,1.0,dom,adapted,1,c4a54cdecc67,1494,12
cpp,bytes,document,100,57,rapidjson,1.1.0,2953,12560,458,15513,338638.672536,79617.834395,64462.064075,0,1.0,dom,native,1,c4a54cdecc67,1495,13
cpp,bytes,document,100,57,arduinojson,7.2.1,2846,12702,458,15548,351370.344343,78727.759408,64316.953949,0,1.0,dom,native,1,c4a54cdecc67,1496,14
cpp,bytes,document,100,57,thrift,TBinaryProtocol,971,445,324,1416,1029866.117405,2247191.011236,706214.689266,0,1.0,schema,adapted,1,c4a54cdecc67,1497,15
cpp,bytes,document,100,57,avro_c,avro-c,2417,2961,125,5378,413736.036409,337723.741979,185942.729639,0,1.0,schema,adapted,1,c4a54cdecc67,1498,16
cpp,bytes,document,100,57,jsoncons_bson,0.177.0,6952,17579,502,24531,143843.498274,56886.057227,40764.746647,0,1.0,dom,native,1,c4a54cdecc67,1499,17
cpp,bytes,document,100,57,msgpack,msgpack-cxx,1369,1264,332,2633,730460.189920,791139.240506,379794.910748,0,1.0,struct,native,1,c4a54cdecc67,1500,18
cpp,bytes,document,100,57,bitsery,5.2.4,247,355,190,602,4048582.995951,2816901.408451,1661129.568106,0,1.0,struct,adapted,1,c4a54cdecc67,1501,19
cpp,bytes,document,100,57,cista,0.15,373,999,328,1372,2680965.147453,1001001.001001,728862.973761,0,1.0,archive,adapted,1,c4a54cdecc67,1502,20
cpp,bytes,document,100,57,yyjson,0.10.0,678,9439,458,10117,1474926.253687,105943.426210,98843.530691,0,1.0,dom,adapted,1,c4a54cdecc67,1503,21
cpp,bytes,document,100,57,nlohmann_msgpack,3.11.3,2640,8583,332,11223,378787.878788,116509.379005,89102.735454,0,1.0,dom,native,1,c4a54cdecc67,1504,22
cpp,bytes,document,100,57,capnproto,1.0.x,1887,678,392,2565,529941.706412,1474926.253687,389863.547758,0,1.0,schema,native,1,c4a54cdecc67,1505,23
cpp,bytes,document,100,57,flatbuffers,flatbuffers,256,874,188,1130,3906250.000000,1144164.759725,884955.752212,0,1.0,schema,adapted,1,c4a54cdecc67,1506,24
cpp,bytes,document,100,57,avro,binary-1.11,671,618,125,1289,1490312.965723,1618122.977346,775795.190070,0,1.0,schema,adapted,1,c4a54cdecc67,1507,25
cpp,bytes,document,100,58,yyjson,0.10.0,670,9161,458,9831,1492537.313433,109158.388822,101719.051978,0,1.0,dom,adapted,1,c4a54cdecc67,1508,0
cpp,bytes,document,100,58,jsoncons_msgpack,0.177.0,2884,17090,332,19974,346740.638003,58513.750731,50065.084610,0,1.0,dom,native,1,c4a54cdecc67,1509,1
cpp,bytes,document,100,58,nlohmann_cbor,3.11.3,2612,8126,338,10738,382848.392037,123061.777012,93127.211771,0,1.0,dom,native,1,c4a54cdecc67,1510,2
cpp,bytes,document,100,58,rapidjson,1.1.0,2167,11761,458,13928,461467.466544,85026.783437,71797.817346,0,1.0,dom,native,1,c4a54cdecc67,1511,3
cpp,bytes,document,100,58,bitsery,5.2.4,217,343,190,560,4608294.930876,2915451.895044,1785714.285714,0,1.0,struct,adapted,1,c4a54cdecc67,1512,4
cpp,bytes,document,100,58,custom_binary,harness,805,439,223,1244,1242236.024845,2277904.328018,803858.520900,0,1.0,struct,adapted,1,c4a54cdecc67,1513,5
cpp,bytes,document,100,58,avro_c,avro-c,2701,3090,125,5791,370233.246946,323624.595469,172681.747539,0,1.0,schema,adapted,1,c4a54cdecc67,1514,6
cpp,bytes,document,100,58,nlohmann_bson,3.11.3,2638,8885,502,11523,379075.056861,112549.240293,86782.955827,0,1.0,dom,native,1,c4a54cdecc67,1515,7
cpp,bytes,document,100,58,avro,binary-1.11,498,425,125,923,2008032.128514,2352941.176471,1083423.618635,0,1.0,schema,adapted,1,c4a54cdecc67,1516,8
cpp,bytes,document,100,58,flexbuffers,flatbuffers-flex,4706,5935,467,10641,212494.687633,168491.996630,93976.130063,0,1.0,dom,adapted,1,c4a54cdecc67,1517,9
cpp,bytes,document,100,58,jsoncons_bson,0.177.0,4495,17509,502,22004,222469.410456,57113.484494,45446.282494,0,1.0,dom,native,1,c4a54cdecc67,1518,10
cpp,bytes,document,100,58,simdjson,3.10.1,161,9228,458,9389,6211180.124224,108365.843086,106507.615294,0,1.0,dom,adapted,1,c4a54cdecc67,1519,11
cpp,bytes,document,100,58,cista,0.15,359,997,328,1356,2785515.320334,1003009.027081,737463.126844,0,1.0,archive,adapted,1,c4a54cdecc67,1520,12
cpp,bytes,document,100,58,msgpack,msgpack-cxx,1646,1349,332,2995,607533.414338,741289.844329,333889.816361,0,1.0,struct,native,1,c4a54cdecc67,1521,13
cpp,bytes,document,100,58,flatbuffers,flatbuffers,239,867,188,1106,4184100.418410,1153402.537486,904159.132007,0,1.0,schema,adapted,1,c4a54cdecc67,1522,14
cpp,bytes,document,100,58,capnproto,1.0.x,696,554,392,1250,1436781.609195,1805054.151625,800000.000000,0,1.0,schema,native,1,c4a54cdecc67,1523,15
cpp,bytes,document,100,58,thrift,TBinaryProtocol,1106,537,324,1643,904159.132007,1862197.392924,608642.726719,0,1.0,schema,adapted,1,c4a54cdecc67,1524,16
cpp,bytes,document,100,58,nlohmann_json,3.11.3,2876,8146,458,11022,347705.146036,122759.636631,90727.635638,0,1.0,struct,native,1,c4a54cdecc67,1525,17
cpp,bytes,document,100,58,jsoncons_cbor,0.177.0,3642,18305,338,21947,274574.409665,54629.882546,45564.314029,0,1.0,dom,native,1,c4a54cdecc67,1526,18
cpp,bytes,document,100,58,protobuf-wire,wire-v2,1702,748,164,2450,587544.065805,1336898.395722,408163.265306,0,1.0,schema,adapted,1,c4a54cdecc67,1527,19
cpp,bytes,document,100,58,zpp_bits,4.4.25,746,409,227,1155,1340482.573727,2444987.775061,865800.865801,0,1.0,struct,adapted,1,c4a54cdecc67,1528,20
cpp,bytes,document,100,58,cereal,1.3.2,1549,1294,267,2843,645577.792124,772797.527048,351741.118537,0,1.0,struct,native,1,c4a54cdecc67,1529,21
cpp,bytes,document,100,58,arduinojson,7.2.1,2778,14382,458,17160,359971.202304,69531.358643,58275.058275,0,1.0,dom,native,1,c4a54cdecc67,1530,22
cpp,bytes,document,100,58,yas,7.x,697,498,274,1195,1434720.229555,2008032.128514,836820.083682,0,1.0,struct,adapted,1,c4a54cdecc67,1531,23
cpp,bytes,document,100,58,nlohmann_ubjson,3.11.3,2289,10219,409,12508,436871.996505,97856.933164,79948.832747,0,1.0,dom,native,1,c4a54cdecc67,1532,24
cpp,bytes,document,100,58,nlohmann_msgpack,3.11.3,2503,7570,332,10073,399520.575310,132100.396301,99275.290380,0,1.0,dom,native,1,c4a54cdecc67,1533,25
cpp,bytes,document,100,59,jsoncons_msgpack,0.177.0,2866,17810,332,20676,348918.353105,56148.231331,48365.254401,0,1.0,dom,native,1,c4a54cdecc67,1534,0
cpp,bytes,document,100,59,cista,0.15,308,942,328,1250,3246753.246753,1061571.125265,800000.000000,0,1.0,archive,adapted,1,c4a54cdecc67,1535,1
cpp,bytes,document,100,59,arduinojson,7.2.1,2589,14242,458,16831,386249.517188,70214.857464,59414.176222,0,1.0,dom,native,1,c4a54cdecc67,1536,2
cpp,bytes,document,100,59,zpp_bits,4.4.25,601,350,227,951,1663893.510815,2857142.857143,1051524.710831,0,1.0,struct,adapted,1,c4a54cdecc67,1537,3
cpp,bytes,document,100,59,yas,7.x,625,392,274,1017,1600000.000000,2551020.408163,983284.169125,0,1.0,struct,adapted,1,c4a54cdecc67,1538,4
cpp,bytes,document,100,59,flexbuffers,flatbuffers-flex,4913,6145,467,11058,203541.624262,162733.930024,90432.266233,0,1.0,dom,adapted,1,c4a54cdecc67,1539,5
cpp,bytes,document,100,59,jsoncons_bson,0.177.0,3894,16954,502,20848,256805.341551,58983.130825,47966.231773,0,1.0,dom,native,1,c4a54cdecc67,1540,6
cpp,bytes,document,100,59,bitsery,5.2.4,227,320,190,547,4405286.343612,3125000.000000,1828153.564899,0,1.0,struct,adapted,1,c4a54cdecc67,1541,7
cpp,bytes,document,100,59,nlohmann_cbor,3.11.3,2641,8111,338,10752,378644.452859,123289.360128,93005.952381,0,1.0,dom,native,1,c4a54cdecc67,1542,8
cpp,bytes,document,100,59,rapidjson,1.1.0,1982,12091,458,14073,504540.867810,82706.145067,71058.054430,0,1.0,dom,native,1,c4a54cdecc67,1543,9
cpp,bytes,document,100,59,nlohmann_ubjson,3.11.3,1926,9508,409,11434,519210.799585,105174.589819,87458.457233,0,1.0,dom,native,1,c4a54cdecc67,1544,10
cpp,bytes,document,100,59,yyjson,0.10.0,1534,9295,458,10829,651890.482399,107584.722969,92344.630160,0,1.0,dom,adapted,1,c4a54cdecc67,1545,11
cpp,bytes,document,100,59,cereal,1.3.2,1368,1237,267,2605,730994.152047,808407.437348,383877.159309,0,1.0,struct,native,1,c4a54cdecc67,1546,12
cpp,bytes,document,100,59,jsoncons_cbor,0.177.0,3802,17763,338,21565,263019.463440,56296.796712,46371.435196,0,1.0,dom,native,1,c4a54cdecc67,1547,13
cpp,bytes,document,100,59,thrift,TBinaryProtocol,967,468,324,1435,1034126.163392,2136752.136752,696864.111498,0,1.0,schema,adapted,1,c4a54cdecc67,1548,14
cpp,bytes,document,100,59,capnproto,1.0.x,1109,562,392,1671,901713.255185,1779359.430605,598444.045482,0,1.0,schema,native,1,c4a54cdecc67,1549,15
cpp,bytes,document,100,59,nlohmann_msgpack,3.11.3,2417,8277,332,10694,413736.036409,120816.721034,93510.379652,0,1.0,dom,native,1,c4a54cdecc67,1550,16
cpp,bytes,document,100,59,nlohmann_json,3.11.3,2554,7431,458,9985,391542.678152,134571.390122,100150.225338,0,1.0,struct,native,1,c4a54cdecc67,1551,17
cpp,bytes,document,100,59,simdjson,3.10.1,169,9400,458,9569,5917159.763314,106382.978723,104504.127913,0,1.0,dom,adapted,1,c4a54cdecc67,1552,18
cpp,bytes,document,100,59,nlohmann_bson,3.11.3,2665,7777,502,10442,375234.521576,128584.287000,95767.094426,0,1.0,dom,native,1,c4a54cdecc67,1553,19
cpp,bytes,document,100,59,avro,binary-1.11,558,521,125,1079,1792114.695341,1919385.796545,926784.059314,0,1.0,schema,adapted,1,c4a54cdecc67,1554,20
cpp,bytes,document,100,59,msgpack,msgpack-cxx,2075,1300,332,3375,481927.710843,769230.769231,296296.296296,0,1.0,struct,native,1,c4a54cdecc67,1555,21
cpp,bytes,document,100,59,custom_binary,harness,871,426,223,1297,1148105.625718,2347417.840376,771010.023130,0,1.0,struct,adapted,1,c4a54cdecc67,1556,22
cpp,bytes,document,100,59,protobuf-wire,wire-v2,1594,874,164,2468,627352.572146,1144164.759725,405186.385737,0,1.0,schema,adapted,1,c4a54cdecc67,1557,23
cpp,bytes,document,100,59,avro_c,avro-c,2605,2955,125,5560,383877.159309,338409.475465,179856.115108,0,1.0,schema,adapted,1,c4a54cdecc67,1558,24
cpp,bytes,document,100,59,flatbuffers,flatbuffers,479,769,188,1248,2087682.672234,1300390.117035,801282.051282,0,1.0,schema,adapted,1,c4a54cdecc67,1559,25
cpp,bytes,document,100,60,bitsery,5.2.4,223,323,190,546,4484304.932735,3095975.232198,1831501.831502,0,1.0,struct,adapted,1,c4a54cdecc67,1560,0
cpp,bytes,document,100,60,rapidjson,1.1.0,1752,13938,458,15690,570776.255708,71746.305065,63734.862970,0,1.0,dom,native,1,c4a54cdecc67,1561,1
cpp,bytes,document,100,60,cista,0.15,371,901,328,1272,2695417.789757,1109877.913430,786163.522013,0,1.0,archive,adapted,1,c4a54cdecc67,1562,2
cpp,bytes,document,100,60,protobuf-wire,wire-v2,1293,627,164,1920,773395.204950,1594896.331738,520833.333333,0,1.0,schema,adapted,1,c4a54cdecc67,1563,3
cpp,bytes,document,100,60,flatbuffers,flatbuffers,509,688,188,1197,1964636.542240,1453488.372093,835421.888053,0,1.0,schema,adapted,1,c4a54cdecc67,1564,4
cpp,bytes,document,100,60,nlohmann_json,3.11.3,2450,8042,458,10492,408163.265306,124347.177319,95310.712924,0,1.0,struct,native,1,c4a54cdecc67,1565,5
cpp,bytes,document,100,60,avro,binary-1.11,377,402,125,779,2652519.893899,2487562.189055,1283697.047497,0,1.0,schema,adapted,1,c4a54cdecc67,1566,6
cpp,bytes,document,100,60,arduinojson,7.2.1,2760,13048,458,15808,362318.840580,76640.098099,63259.109312,0,1.0,dom,native,1,c4a54cdecc67,1567,7
cpp,bytes,document,100,60,simdjson,3.10.1,154,10777,458,10931,6493506.493506,92790.201355,91482.938432,0,1.0,dom,adapted,1,c4a54cdecc67,1568,8
cpp,bytes,document,100,60,msgpack,msgpack-cxx,1349,1170,332,2519,741289.844329,854700.854701,396982.929734,0,1.0,struct,native,1,c4a54cdecc67,1569,9
cpp,bytes,document,100,60,jsoncons_bson,0.177.0,4120,16809,502,20929,242718.446602,59491.938842,47780.591524,0,1.0,dom,native,1,c4a54cdecc67,1570,10
cpp,bytes,document,100,60,jsoncons_cbor,0.177.0,2946,17014,338,19960,339443.312967,58775.126367,50100.200401,0,1.0,dom,native,1,c4a54cdecc67,1571,11
cpp,bytes,document,100,60,capnproto,1.0.x,1127,574,392,1701,887311.446318,1742160.278746,587889.476778,0,1.0,schema,native,1,c4a54cdecc67,1572,12
cpp,bytes,document,100,60,yas,7.x,442,536,274,978,2262443.438914,1865671.641791,1022494.887526,0,1.0,struct,adapted,1,c4a54cdecc67,1573,13
cpp,bytes,document,100,60,thrift,TBinaryProtocol,1034,418,324,1452,967117.988395,2392344.497608,688705.234160,0,1.0,schema,adapted,1,c4a54cdecc67,1574,14
cpp,bytes,document,100,60,zpp_bits,4.4.25,656,388,227,1044,1524390.243902,2577319.587629,957854.406130,0,1.0,struct,adapted,1,c4a54cdecc67,1575,15
cpp,bytes,document,100,60,avro_c,avro-c,2415,2588,125,5003,414078.674948,386398.763524,199880.071957,0,1.0,schema,adapted,1,c4a54cdecc67,1576,16
cpp,bytes,document,100,60,nlohmann_cbor,3.11.3,2683,8805,338,11488,372717.107715,113571.834185,87047.353760,0,1.0,dom,native,1,c4a54cdecc67,1577,17
cpp,bytes,document,100,60,yyjson,0.10.0,1617,9822,458,11439,618429.189858,101812.258196,87420.229041,0,1.0,dom,adapted,1,c4a54cdecc67,1578,18
cpp,bytes,document,100,60,flexbuffers,flatbuffers-flex,4267,5939,467,10206,234356.690884,168378.514901,97981.579463,0,1.0,dom,adapted,1,c4a54cdecc67,1579,19
cpp,bytes,document,100,60,cereal,1.3.2,1453,1275,267,2728,688231.245699,784313.725490,366568.914956,0,1.0,struct,native,1,c4a54cdecc67,1580,20
cpp,bytes,document,100,60,nlohmann_bson,3.11.3,2590,7889,502,10479,386100.386100,126758.778045,95428.953144,0,1.0,dom,native,1,c4a54cdecc67,1581,21
cpp,bytes,document,100,60,nlohmann_ubjson,3.11.3,1978,8456,409,10434,505561.172902,118259.224219,95840.521372,0,1.0,dom,native,1,c4a54cdecc67,1582,22
cpp,bytes,document,100,60,jsoncons_msgpack,0.177.0,3169,18344,332,21513,315556.958031,54513.737462,46483.521592,0,1.0,dom,native,1,c4a54cdecc67,1583,23
cpp,bytes,document,100,60,nlohmann_msgpack,3.11.3,2508,8460,332,10968,398724.082935,118203.309693,91174.325310,0,1.0,dom,native,1,c4a54cdecc67,1584,24
cpp,bytes,document,100,60,custom_binary,harness,1069,509,223,1578,935453.695042,1964636.542240,633713.561470,0,1.0,struct,adapted,1,c4a54cdecc67,1585,25
cpp,bytes,document,100,61,thrift,TBinaryProtocol,988,409,324,1397,1012145.748988,2444987.775061,715819.613457,0,1.0,schema,adapted,1,c4a54cdecc67,1586,0
cpp,bytes,document,100,61,nlohmann_bson,3.11.3,2338,7310,502,9648,427715.996578,136798.905609,103648.424544,0,1.0,dom,native,1,c4a54cdecc67,1587,1
cpp,bytes,document,100,61,nlohmann_cbor,3.11.3,2455,6934,338,9389,407331.975560,144216.902221,106507.615294,0,1.0,dom,native,1,c4a54cdecc67,1588,2
cpp,bytes,document,100,61,bitsery,5.2.4,245,383,190,628,4081632.653061,2610966.057441,1592356.687898,0,1.0,struct,adapted,1,c4a54cdecc67,1589,3
cpp,bytes,document,100,61,nlohmann_json,3.11.3,2523,7394,458,9917,396353.547364,135244.793075,100836.946657,0,1.0,struct,native,1,c4a54cdecc67,1590,4
cpp,bytes,document,100,61,msgpack,msgpack-cxx,2067,1287,332,3354,483792.936623,777000.777001,298151.460942,0,1.0,struct,native,1,c4a54cdecc67,1591,5
cpp,bytes,document,100,61,nlohmann_ubjson,3.11.3,1835,9523,409,11358,544959.128065,105008.925759,88043.669660,0,1.0,dom,native,1,c4a54cdecc67,1592,6
cpp,bytes,document,100,61,avro_c,avro-c,2307,2534,125,4841,433463.372345,394632.991318,206568.890725,0,1.0,schema,adapted,1,c4a54cdecc67,1593,7
cpp,bytes,document,100,61,yas,7.x,1582,464,274,2046,632111.251580,2155172.413793,488758.553275,0,1.0,struct,adapted,1,c4a54cdecc67,1594,8
cpp,bytes,document,100,61,jsoncons_bson,0.177.0,3968,16940,502,20908,252016.129032,59031.877214,47828.582361,0,1.0,dom,native,1,c4a54cdecc67,1595,9
cpp,bytes,document,100,61,rapidjson,1.1.0,1851,12141,458,13992,540248.514317,82365.538259,71469.411092,0,1.0,dom,native,1,c4a54cdecc67,1596,10
cpp,bytes,document,100,61,avro,binary-1.11,528,495,125,1023,1893939.393939,2020202.020202,977517.106549,0,1.0,schema,adapted,1,c4a54cdecc67,1597,11
cpp,bytes,document,100,61,yyjson,0.10.0,775,9082,458,9857,1290322.580645,110107.905748,101450.745663,0,1.0,dom,adapted,1,c4a54cdecc67,1598,12
cpp,bytes,document,100,61,flatbuffers,flatbuffers,610,943,188,1553,1639344.262295,1060445.387063,643915.003220,0,1.0,schema,adapted,1,c4a54cdecc67,1599,13
cpp,bytes,document,100,61,custom_binary,harness,923,434,223,1357,1083423.618635,2304147.465438,736919.675755,0,1.0,struct,adapted,1,c4a54cdecc67,1600,14
cpp,bytes,document,100,61,zpp_bits,4.4.25,636,343,227,979,1572327.044025,2915451.895044,1021450.459653,0,1.0,struct,adapted,1,c4a54cdecc67,1601,15
cpp,bytes,document,100,61,cista,0.15,327,940,328,1267,3058103.975535,1063829.787234,789265.982636,0,1.0,archive,adapted,1,c4a54cdecc67,1602,16
cpp,bytes,document,100,61,protobuf-wire,wire-v2,1524,701,164,2225,656167.979003,1426533.523538,449438.202247,0,1.0,schema,adapted,1,c4a54cdecc67,1603,17
cpp,bytes,document,100,61,jsoncons_cbor,0.177.0,3075,19175,338,22250,325203.252033,52151.238592,44943.820225,0,1.0,dom,native,1,c4a54cdecc67,1604,18
cpp,bytes,document,100,61,flexbuffers,flatbuffers-flex,4438,5991,467,10429,225326.723749,166917.042230,95886.470419,0,1.0,dom,adapted,1,c4a54cdecc67,1605,19
cpp,bytes,document,100,61,simdjson,3.10.1,167,8973,458,9140,5988023.952096,111445.447453,109409.190372,0,1.0,dom,adapted,1,c4a54cdecc67,1606,20
cpp,bytes,document,100,61,nlohmann_msgpack,3.11.3,2495,8123,332,10618,400801.603206,123107.226394,94179.694858,0,1.0,dom,native,1,c4a54cdecc67,1607,21
cpp,bytes,document,100,61,capnproto,1.0.x,1549,666,392,2215,645577.792124,1501501.501502,451467.268623,0,1.0,schema,native,1,c4a54cdecc67,1608,22
cpp,bytes,document,100,61,jsoncons_msgpack,0.177.0,2993,15595,332,18588,334112.930170,64123.116383,53798.149344,0,1.0,dom,native,1,c4a54cdecc67,1609,23
cpp,bytes,document,100,61,cereal,1.3.2,1438,1323,267,2761,695410.292072,755857.898715,362187.613184,0,1.0,struct,native,1,c4a54cdecc67,1610,24
cpp,bytes,document,100,61,arduinojson,7.2.1,2775,13464,458,16239,360360.360360,74272.133096,61580.146561,0,1.0,dom,native,1,c4a54cdecc67,1611,25
cpp,bytes,document,100,62,jsoncons_bson,0.177.0,3804,16307,502,20111,262881.177708,61323.358067,49724.031624,0,1.0,dom,native,1,c4a54cdecc67,1612,0
cpp,bytes,document,100,62,protobuf-wire,wire-v2,1518,909,164,2427,658761.528327,1100110.011001,412031.314380,0,1.0,schema,adapted,1,c4a54cdecc67,1613,1
cpp,bytes,document,100,62,jsoncons_msgpack,0.177.0,2751,15597,332,18348,363504.180298,64114.893890,54501.853063,0,1.0,dom,native,1,c4a54cdecc67,1614,2
cpp,bytes,document,100,62,cista,0.15,352,878,328,1230,2840909.090909,1138952.164009,813008.130081,0,1.0,archive,adapted,1,c4a54cdecc67,1615,3
cpp,bytes,document,100,62,flatbuffers,flatbuffers,780,767,188,1547,1282051.282051,1303780.964798,646412.411118,0,1.0,schema,adapted,1,c4a54cdecc67,1616,4
cpp,bytes,document,100,62,nlohmann_cbor,3.11.3,2543,8280,338,10823,393236.335037,120772.946860,92395.823709,0,1.0,dom,native,1,c4a54cdecc67,1617,5
cpp,bytes,document,100,62,nlohmann_json,3.11.3,2586,7431,458,10017,386697.602475,134571.390122,99830.288510,0,1.0,struct,native,1,c4a54cdecc67,1618,6
cpp,bytes,document,100,62,rapidjson,1.1.0,2241,12279,458,14520,446229.361892,81439.856666,68870.523416,0,1.0,dom,native,1,c4a54cdecc67,1619,7
cpp,bytes,document,100,62,bitsery,5.2.4,256,342,190,598,3906250.000000,2923976.608187,1672240.802676,0,1.0,struct,adapted,1,c4a54cdecc67,1620,8
cpp,bytes,document,100,62,nlohmann_msgpack,3.11.3,2554,9232,332,11786,391542.678152,108318.890815,84846.427965,0,1.0,dom,native,1,c4a54cdecc67,1621,9
cpp,bytes,document,100,62,cereal,1.3.2,1529,1289,267,2818,654022.236756,775795.190070,354861.603974,0,1.0,struct,native,1,c4a54cdecc67,1622,10
cpp,bytes,document,100,62,simdjson,3.10.1,163,9264,458,9427,6134969.325153,107944.732297,106078.285775,0,1.0,dom,adapted,1,c4a54cdecc67,1623,11
cpp,bytes,document,100,62,msgpack,msgpack-cxx,1893,1379,332,3272,528262.017961,725163.161711,305623.471883,0,1.0,struct,native,1,c4a54cdecc67,1624,12
cpp,bytes,document,100,62,nlohmann_ubjson,3.11.3,1946,9685,409,11631,513874.614594,103252.452246,85977.130083,0,1.0,dom,native,1,c4a54cdecc67,1625,13
cpp,bytes,document,100,62,nlohmann_bson,3.11.3,2542,7280,502,9822,393391.030685,137362.637363,101812.258196,0,1.0,dom,native,1,c4a54cdecc67,1626,14
cpp,bytes,document,100,62,capnproto,1.0.x,1442,590,392,2032,693481.276006,1694915.254237,492125.984252,0,1.0,schema,native,1,c4a54cdecc67,1627,15
cpp,bytes,document,100,62,jsoncons_cbor,0.177.0,2938,17305,338,20243,340367.597005,57786.766830,49399.792521,0,1.0,dom,native,1,c4a54cdecc67,1628,16
cpp,bytes,document,100,62,avro_c,avro-c,2381,2817,125,5198,419991.600168,354987.575435,192381.685264,0,1.0,schema,adapted,1,c4a54cdecc67,1629,17
cpp,bytes,document,100,62,zpp_bits,4.4.25,697,364,227,1061,1434720.229555,2747252.747253,942507.068803,0,1.0,struct,adapted,1,c4a54cdecc67,1630,18
cpp,bytes,document,100,62,arduinojson,7.2.1,2729,15491,458,18220,366434.591425,64553.611775,54884.742042,0,1.0,dom,native,1,c4a54cdecc67,1631,19
cpp,bytes,document,100,62,yas,7.x,609,492,274,1101,1642036.124795,2032520.325203,908265.213442,0,1.0,struct,adapted,1,c4a54cdecc67,1632,20
cpp,bytes,document,100,62,custom_binary,harness,831,404,223,1235,1203369.434416,2475247.524752,809716.599190,0,1.0,struct,adapted,1,c4a54cdecc67,1633,21
cpp,bytes,document,100,62,thrift,TBinaryProtocol,2533,457,324,2990,394788.787998,2188183.807440,334448.160535,0,1.0,schema,adapted,1,c4a54cdecc67,1634,22
cpp,bytes,document,100,62,flexbuffers,flatbuffers-flex,4181,6044,467,10225,239177.230328,165453.342158,97799.511002,0,1.0,dom,adapted,1,c4a54cdecc67,1635,23
cpp,bytes,document,100,62,avro,binary-1.11,556,473,125,1029,1798561.151079,2114164.904863,971817.298348,0,1.0,schema,adapted,1,c4a54cdecc67,1636,24
cpp,bytes,document,100,62,yyjson,0.10.0,1070,9364,458,10434,934579.439252,106791.969244,95840.521372,0,1.0,dom,adapted,1,c4a54cdecc67,1637,25
cpp,bytes,document,100,63,flatbuffers,flatbuffers,704,858,188,1562,1420454.545455,1165501.165501,640204.865557,0,1.0,schema,adapted,1,c4a54cdecc67,1638,0
cpp,bytes,document,100,63,nlohmann_msgpack,3.11.3,2355,8367,332,10722,424628.450106,119517.150711,93266.181683,0,1.0,dom,native,1,c4a54cdecc67,1639,1
cpp,bytes,document,100,63,nlohmann_cbor,3.11.3,2330,6947,338,9277,429184.549356,143947.027494,107793.467716,0,1.0,dom,native,1,c4a54cdecc67,1640,2
cpp,bytes,document,100,63,thrift,TBinaryProtocol,872,364,324,1236,1146788.990826,2747252.747253,809061.488673,0,1.0,schema,adapted,1,c4a54cdecc67,1641,3
cpp,bytes,document,100,63,yyjson,0.10.0,1461,8529,458,9990,684462.696783,117247.039512,100100.100100,0,1.0,dom,adapted,1,c4a54cdecc67,1642,4
cpp,bytes,document,100,63,jsoncons_bson,0.177.0,4774,17013,502,21787,209467.951403,58778.581085,45898.930555,0,1.0,dom,native,1,c4a54cdecc67,1643,5
cpp,bytes,document,100,63,nlohmann_json,3.11.3,2497,7322,458,9819,400480.576692,136574.706364,101843.364905,0,1.0,struct,native,1,c4a54cdecc67,1644,6
cpp,bytes,document,100,63,rapidjson,1.1.0,1761,11336,458,13097,567859.170926,88214.537756,76353.363366,0,1.0,dom,native,1,c4a54cdecc67,1645,7
cpp,bytes,document,100,63,simdjson,3.10.1,166,9452,458,9618,6024096.385542,105797.714769,103971.719692,0,1.0,dom,adapted,1,c4a54cdecc67,1646,8
cpp,bytes,document,100,63,msgpack,msgpack-cxx,1335,1219,332,2554,749063.670412,820344.544709,391542.678152,0,1.0,struct,native,1,c4a54cdecc67,1647,9
cpp,bytes,document,100,63,nlohmann_ubjson,3.11.3,1824,9241,409,11065,548245.614035,108213.396819,90375.056484,0,1.0,dom,native,1,c4a54cdecc67,1648,10
cpp,bytes,document,100,63,cereal,1.3.2,1358,1119,267,2477,736377.025037,893655.049151,403714.170367,0,1.0,struct,native,1,c4a54cdecc67,1649,11
cpp,bytes,document,100,63,cista,0.15,338,956,328,1294,2958579.881657,1046025.104603,772797.527048,0,1.0,archive,adapted,1,c4a54cdecc67,1650,12
cpp,bytes,document,100,63,capnproto,1.0.x,1521,519,392,2040,657462.195924,1926782.273603,490196.078431,0,1.0,schema,native,1,c4a54cdecc67,1651,13
cpp,bytes,document,100,63,flexbuffers,flatbuffers-flex,4128,5768,467,9896,242248.062016,173370.319001,101050.929669,0,1.0,dom,adapted,1,c4a54cdecc67,1652,14
cpp,bytes,document,100,63,nlohmann_bson,3.11.3,2488,8340,502,10828,401929.260450,119904.076739,92353.158478,0,1.0,dom,native,1,c4a54cdecc67,1653,15
cpp,bytes,document,100,63,arduinojson,7.2.1,2680,13197,458,15877,373134.328358,75774.797302,62984.190968,0,1.0,dom,native,1,c4a54cdecc67,1654,16
cpp,bytes,document,100,63,bitsery,5.2.4,209,354,190,563,4784688.995215,2824858.757062,1776198.934281,0,1.0,struct,adapted,1,c4a54cdecc67,1655,17
cpp,bytes,document,100,63,avro_c,avro-c,2396,2858,125,5254,417362.270451,349895.031491,190331.176247,0,1.0,schema,adapted,1,c4a54cdecc67,1656,18
cpp,bytes,document,100,63,zpp_bits,4.4.25,583,337,227,920,1715265.866209,2967359.050445,1086956.521739,0,1.0,struct,adapted,1,c4a54cdecc67,1657,19
cpp,bytes,document,100,63,custom_binary,harness,824,446,223,1270,1213592.233010,2242152.466368,787401.574803,0,1.0,struct,adapted,1,c4a54cdecc67,1658,20
cpp,bytes,document,100,63,avro,binary-1.11,450,524,125,974,2222222.222222,1908396.946565,1026694.045175,0,1.0,schema,adapted,1,c4a54cdecc67,1659,21
cpp,bytes,document,100,63,jsoncons_msgpack,0.177.0,2788,17344,332,20132,358680.057389,57656.826568,49672.163719,0,1.0,dom,native,1,c4a54cdecc67,1660,22
cpp,bytes,document,100,63,yas,7.x,974,443,274,1417,1026694.045175,2257336.343115,705716.302047,0,1.0,struct,adapted,1,c4a54cdecc67,1661,23
cpp,bytes,document,100,63,jsoncons_cbor,0.177.0,2722,16074,338,18796,367376.928729,62212.268259,53202.809108,0,1.0,dom,native,1,c4a54cdecc67,1662,24
cpp,bytes,document,100,63,protobuf-wire,wire-v2,1433,836,164,2269,697836.706211,1196172.248804,440722.785368,0,1.0,schema,adapted,1,c4a54cdecc67,1663,25
cpp,bytes,document,100,64,rapidjson,1.1.0,1591,11014,458,12605,628535.512256,90793.535500,79333.597779,0,1.0,dom,native,1,c4a54cdecc67,1664,0
cpp,bytes,document,100,64,jsoncons_msgpack,0.177.0,2877,15428,332,18305,347584.289190,64817.215452,54629.882546,0,1.0,dom,native,1,c4a54cdecc67,1665,1
cpp,bytes,document,100,64,capnproto,1.0.x,1119,519,392,1638,893655.049151,1926782.273603,610500.610501,0,1.0,schema,native,1,c4a54cdecc67,1666,2
cpp,bytes,document,100,64,msgpack,msgpack-cxx,865,1224,332,2089,1156069.364162,816993.464052,478697.941599,0,1.0,struct,native,1,c4a54cdecc67,1667,3
cpp,bytes,document,100,64,cista,0.15,351,919,328,1270,2849002.849003,1088139.281828,787401.574803,0,1.0,archive,adapted,1,c4a54cdecc67,1668,4
cpp,bytes,document,100,64,avro_c,avro-c,2137,2583,125,4720,467945.718297,387146.728610,211864.406780,0,1.0,schema,adapted,1,c4a54cdecc67,1669,5
cpp,bytes,document,100,64,avro,binary-1.11,424,411,125,835,2358490.566038,2433090.024331,1197604.790419,0,1.0,schema,adapted,1,c4a54cdecc67,1670,6
cpp,bytes,document,100,64,nlohmann_bson,3.11.3,2558,8343,502,10901,390930.414386,119860.961285,91734.703238,0,1.0,dom,native,1,c4a54cdecc67,1671,7
cpp,bytes,document,100,64,nlohmann_cbor,3.11.3,2461,7235,338,9696,406338.886631,138217.000691,103135.313531,0,1.0,dom,native,1,c4a54cdecc67,1672,8
cpp,bytes,document,100,64,protobuf-wire,wire-v2,1381,832,164,2213,724112.961622,1201923.076923,451875.282422,0,1.0,schema,adapted,1,c4a54cdecc67,1673,9
cpp,bytes,document,100,64,bitsery,5.2.4,206,386,190,592,4854368.932039,2590673.575130,1689189.189189,0,1.0,struct,adapted,1,c4a54cdecc67,1674,10
cpp,bytes,document,100,64,simdjson,3.10.1,161,8711,458,8872,6211180.124224,114797.382620,112714.156898,0,1.0,dom,adapted,1,c4a54cdecc67,1675,11
cpp,bytes,document,100,64,thrift,TBinaryProtocol,891,508,324,1399,1122334.455668,1968503.937008,714796.283059,0,1.0,schema,adapted,1,c4a54cdecc67,1676,12
cpp,bytes,document,100,64,jsoncons_bson,0.177.0,3764,16622,502,20386,265674.814028,60161.232102,49053.271853,0,1.0,dom,native,1,c4a54cdecc67,1677,13
cpp,bytes,document,100,64,flatbuffers,flatbuffers,729,730,188,1459,1371742.112483,1369863.013699,685400.959561,0,1.0,schema,adapted,1,c4a54cdecc67,1678,14
cpp,bytes,document,100,64,jsoncons_cbor,0.177.0,3033,15978,338,19011,329706.561161,62586.055827,52601.125664,0,1.0,dom,native,1,c4a54cdecc67,1679,15
cpp,bytes,document,100,64,nlohmann_msgpack,3.11.3,2459,8405,332,10864,406669.377796,118976.799524,92047.128130,0,1.0,dom,native,1,c4a54cdecc67,1680,16
cpp,bytes,document,100,64,nlohmann_json,3.11.3,2560,7070,458,9630,390625.000000,141442.715700,103842.159917,0,1.0,struct,native,1,c4a54cdecc67,1681,17
cpp,bytes,document,100,64,nlohmann_ubjson,3.11.3,1883,8128,409,10011,531067.445566,123031.496063,99890.120867,0,1.0,dom,native,1,c4a54cdecc67,1682,18
cpp,bytes,document,100,64,custom_binary,harness,845,392,223,1237,1183431.952663,2551020.408163,808407.437348,0,1.0,struct,adapted,1,c4a54cdecc67,1683,19
cpp,bytes,document,100,64,yyjson,0.10.0,1636,9092,458,10728,611246.943765,109986.801584,93214.019389,0,1.0,dom,adapted,1,c4a54cdecc67,1684,20
cpp,bytes,document,100,64,cereal,1.3.2,1489,1229,267,2718,671591.672263,813669.650122,367917.586461,0,1.0,struct,native,1,c4a54cdecc67,1685,21
cpp,bytes,document,100,64,flexbuffers,flatbuffers-flex,4188,5892,467,10080,238777.459408,169721.656483,99206.349206,0,1.0,dom,adapted,1,c4a54cdecc67,1686,22
cpp,bytes,document,100,64,arduinojson,7.2.1,2703,13445,458,16148,369959.304477,74377.091856,61927.173644,0,1.0,dom,native,1,c4a54cdecc67,1687,23
cpp,bytes,document,100,64,zpp_bits,4.4.25,657,412,227,1069,1522070.015221,2427184.466019,935453.695042,0,1.0,struct,adapted,1,c4a54cdecc67,1688,24
cpp,bytes,document,100,64,yas,7.x,599,420,274,1019,1669449.081803,2380952.380952,981354.268891,0,1.0,struct,adapted,1,c4a54cdecc67,1689,25
cpp,bytes,document,100,65,zpp_bits,4.4.25,427,181,227,608,2341920.374707,5524861.878453,1644736.842105,0,1.0,struct,adapted,1,c4a54cdecc67,1690,0
cpp,bytes,document,100,65,custom_binary,harness,687,385,223,1072,1455604.075691,2597402.597403,932835.820896,0,1.0,struct,adapted,1,c4a54cdecc67,1691,1
cpp,bytes,document,100,65,nlohmann_json,3.11.3,2474,7708,458,10182,404203.718674,129735.339907,98212.531919,0,1.0,struct,native,1,c4a54cdecc67,1692,2
cpp,bytes,document,100,65,jsoncons_cbor,0.177.0,3280,18564,338,21844,304878.048780,53867.700927,45779.161326,0,1.0,dom,native,1,c4a54cdecc67,1693,3
cpp,bytes,document,100,65,avro,binary-1.11,522,530,125,1052,1915708.812261,1886792.452830,950570.342205,0,1.0,schema,adapted,1,c4a54cdecc67,1694,4
cpp,bytes,document,100,65,jsoncons_msgpack,0.177.0,2884,17014,332,19898,346740.638003,58775.126367,50256.307167,0,1.0,dom,native,1,c4a54cdecc67,1695,5
cpp,bytes,document,100,65,yas,7.x,870,388,274,1258,1149425.287356,2577319.587629,794912.559618,0,1.0,struct,adapted,1,c4a54cdecc67,1696,6
cpp,bytes,document,100,65,capnproto,1.0.x,676,658,392,1334,1479289.940828,1519756.838906,749625.187406,0,1.0,schema,native,1,c4a54cdecc67,1697,7
cpp,bytes,document,100,65,rapidjson,1.1.0,1232,11166,458,12398,811688.311688,89557.585527,80658.170673,0,1.0,dom,native,1,c4a54cdecc67,1698,8
cpp,bytes,document,100,65,yyjson,0.10.0,789,8714,458,9503,1267427.122940,114757.860913,105229.927391,0,1.0,dom,adapted,1,c4a54cdecc67,1699,9
cpp,bytes,document,100,65,nlohmann_ubjson,3.11.3,2070,9117,409,11187,483091.787440,109685.203466,89389.469920,0,1.0,dom,native,1,c4a54cdecc67,1700,10
cpp,bytes,document,100,65,nlohmann_bson,3.11.3,2696,7254,502,9950,370919.881306,137854.976565,100502.512563,0,1.0,dom,native,1,c4a54cdecc67,1701,11
cpp,bytes,document,100,65,avro_c,avro-c,2562,2827,125,5389,390320.062451,353731.871242,185563.184264,0,1.0,schema,adapted,1,c4a54cdecc67,1702,12
cpp,bytes,document,100,65,flexbuffers,flatbuffers-flex,4467,5489,467,9956,223863.890754,182182.546912,100441.944556,0,1.0,dom,adapted,1,c4a54cdecc67,1703,13
cpp,bytes,document,100,65,msgpack,msgpack-cxx,1961,1335,332,3296,509943.906170,749063.670412,303398.058252,0,1.0,struct,native,1,c4a54cdecc67,1704,14
cpp,bytes,document,100,65,arduinojson,7.2.1,2806,13011,458,15817,356379.187455,76858.043194,63223.114371,0,1.0,dom,native,1,c4a54cdecc67,1705,15
cpp,bytes,document,100,65,simdjson,3.10.1,157,13330,458,13487,6369426.751592,75018.754689,74145.473419,0,1.0,dom,adapted,1,c4a54cdecc67,1706,16
cpp,bytes,document,100,65,thrift,TBinaryProtocol,1011,583,324,1594,989119.683482,1715265.866209,627352.572146,0,1.0,schema,adapted,1,c4a54cdecc67,1707,17
cpp,bytes,document,100,65,cereal,1.3.2,1498,1260,267,2758,667556.742323,793650.793651,362581.580856,0,1.0,struct,native,1,c4a54cdecc67,1708,18
cpp,bytes,document,100,65,cista,0.15,400,1032,328,1432,2500000.000000,968992.248062,698324.022346,0,1.0,archive,adapted,1,c4a54cdecc67,1709,19
cpp,bytes,document,100,65,nlohmann_msgpack,3.11.3,2781,8437,332,11218,359582.883855,118525.542254,89142.449635,0,1.0,dom,native,1,c4a54cdecc67,1710,20
cpp,bytes,document,100,65,bitsery,5.2.4,284,387,190,671,3521126.760563,2583979.328165,1490312.965723,0,1.0,struct,adapted,1,c4a54cdecc67,1711,21
cpp,bytes,document,100,65,jsoncons_bson,0.177.0,4238,17817,502,22055,235960.358660,56126.171634,45341.192473,0,1.0,dom,native,1,c4a54cdecc67,1712,22
cpp,bytes,document,100,65,protobuf-wire,wire-v2,1731,953,164,2684,577700.751011,1049317.943337,372578.241431,0,1.0,schema,adapted,1,c4a54cdecc67,1713,23
cpp,bytes,document,100,65,flatbuffers,flatbuffers,757,735,188,1492,1321003.963012,1360544.217687,670241.286863,0,1.0,schema,adapted,1,c4a54cdecc67,1714,24
cpp,bytes,document,100,65,nlohmann_cbor,3.11.3,2680,8250,338,10930,373134.328358,121212.121212,91491.308326,0,1.0,dom,native,1,c4a54cdecc67,1715,25
cpp,bytes,document,100,66,jsoncons_bson,0.177.0,3992,15795,502,19787,250501.002004,63311.174422,50538.232173,0,1.0,dom,native,1,c4a54cdecc67,1716,0
cpp,bytes,document,100,66,yas,7.x,902,456,274,1358,1108647.450111,2192982.456140,736377.025037,0,1.0,struct,adapted,1,c4a54cdecc67,1717,1
cpp,bytes,document,100,66,zpp_bits,4.4.25,621,366,227,987,1610305.958132,2732240.437158,1013171.225937,0,1.0,struct,adapted,1,c4a54cdecc67,1718,2
cpp,bytes,document,100,66,thrift,TBinaryProtocol,833,520,324,1353,1200480.192077,1923076.923077,739098.300074,0,1.0,schema,adapted,1,c4a54cdecc67,1719,3
cpp,bytes,document,100,66,rapidjson,1.1.0,1177,11463,458,12640,849617.672048,87237.197941,79113.924051,0,1.0,dom,native,1,c4a54cdecc67,1720,4
cpp,bytes,document,100,66,cereal,1.3.2,1226,1171,267,2397,815660.685155,853970.964987,417188.151856,0,1.0,struct,native,1,c4a54cdecc67,1721,5
cpp,bytes,document,100,66,avro,binary-1.11,535,549,125,1084,1869158.878505,1821493.624772,922509.225092,0,1.0,schema,adapted,1,c4a54cdecc67,1722,6
cpp,bytes,document,100,66,jsoncons_cbor,0.177.0,2828,16569,338,19397,353606.789250,60353.672521,51554.364077,0,1.0,dom,native,1,c4a54cdecc67,1723,7
cpp,bytes,document,100,66,nlohmann_msgpack,3.11.3,2498,8375,332,10873,400320.256205,119402.985075,91970.937184,0,1.0,dom,native,1,c4a54cdecc67,1724,8
cpp,bytes,document,100,66,nlohmann_ubjson,3.11.3,1865,8108,409,9973,536193.029491,123334.977800,100270.730974,0,1.0,dom,native,1,c4a54cdecc67,1725,9
cpp,bytes,document,100,66,custom_binary,harness,703,417,223,1120,1422475.106686,2398081.534772,892857.142857,0,1.0,struct,adapted,1,c4a54cdecc67,1726,10
cpp,bytes,document,100,66,capnproto,1.0.x,1709,762,392,2471,585137.507314,1312335.958005,404694.455686,0,1.0,schema,native,1,c4a54cdecc67,1727,11
cpp,bytes,document,100,66,arduinojson,7.2.1,2857,12077,458,14934,350017.500875,82802.020369,66961.296371,0,1.0,dom,native,1,c4a54cdecc67,1728,12
cpp,bytes,document,100,66,flexbuffers,flatbuffers-flex,4294,5938,467,10232,232883.092687,168406.871000,97732.603597,0,1.0,dom,adapted,1,c4a54cdecc67,1729,13
cpp,bytes,document,100,66,cista,0.15,377,962,328,1339,2652519.893899,1039501.039501,746825.989544,0,1.0,archive,adapted,1,c4a54cdecc67,1730,14
cpp,bytes,document,100,66,flatbuffers,flatbuffers,753,899,188,1652,1328021.248340,1112347.052280,605326.876513,0,1.0,schema,adapted,1,c4a54cdecc67,1731,15
cpp,bytes,document,100,66,bitsery,5.2.4,235,391,190,626,4255319.148936,2557544.757033,1597444.089457,0,1.0,struct,adapted,1,c4a54cdecc67,1732,16
cpp,bytes,document,100,66,avro_c,avro-c,2463,2896,125,5359,406008.932197,345303.867403,186601.977981,0,1.0,schema,adapted,1,c4a54cdecc67,1733,17
cpp,bytes,document,100,66,nlohmann_cbor,3.11.3,2602,8976,338,11578,384319.754035,111408.199643,86370.703058,0,1.0,dom,native,1,c4a54cdecc67,1734,18
cpp,bytes,document,100,66,msgpack,msgpack-cxx,1875,1351,332,3226,533333.333333,740192.450037,309981.401116,0,1.0,struct,native,1,c4a54cdecc67,1735,19
cpp,bytes,document,100,66,nlohmann_json,3.11.3,2712,7679,458,10391,368731.563422,130225.289751,96237.128284,0,1.0,struct,native,1,c4a54cdecc67,1736,20
cpp,bytes,document,100,66,jsoncons_msgpack,0.177.0,3440,17718,332,21158,290697.674419,56439.778756,47263.446451,0,1.0,dom,native,1,c4a54cdecc67,1737,21
cpp,bytes,document,100,66,simdjson,3.10.1,160,9138,458,9298,6250000.000000,109433.136354,107550.010755,0,1.0,dom,adapted,1,c4a54cdecc67,1738,22
cpp,bytes,document,100,66,nlohmann_bson,3.11.3,2807,7863,502,10670,356252.226576,127177.921913,93720.712277,0,1.0,dom,native,1,c4a54cdecc67,1739,23
cpp,bytes,document,100,66,protobuf-wire,wire-v2,1614,835,164,2449,619578.686493,1197604.790419,408329.930584,0,1.0,schema,adapted,1,c4a54cdecc67,1740,24
cpp,bytes,document,100,66,yyjson,0.10.0,1580,9149,458,10729,632911.392405,109301.563012,93205.331345,0,1.0,dom,adapted,1,c4a54cdecc67,1741,25
cpp,bytes,document,100,67,cereal,1.3.2,1351,1230,267,2581,740192.450037,813008.130081,387446.726075,0,1.0,struct,native,1,c4a54cdecc67,1742,0
cpp,bytes,document,100,67,cista,0.15,331,938,328,1269,3021148.036254,1066098.081023,788022.064618,0,1.0,archive,adapted,1,c4a54cdecc67,1743,1
cpp,bytes,document,100,67,nlohmann_json,3.11.3,2334,7176,458,9510,428449.014567,139353.400223,105152.471083,0,1.0,struct,native,1,c4a54cdecc67,1744,2
cpp,bytes,document,100,67,jsoncons_msgpack,0.177.0,3147,16697,332,19844,317762.948840,59890.998383,50393.065914,0,1.0,dom,native,1,c4a54cdecc67,1745,3
cpp,bytes,document,100,67,nlohmann_bson,3.11.3,2133,7394,502,9527,468823.253633,135244.793075,104964.836780,0,1.0,dom,native,1,c4a54cdecc67,1746,4
cpp,bytes,document,100,67,arduinojson,7.2.1,2629,13696,458,16325,380372.765310,73014.018692,61255.742726,0,1.0,dom,native,1,c4a54cdecc67,1747,5
cpp,bytes,document,100,67,nlohmann_msgpack,3.11.3,2388,8308,332,10696,418760.469012,120365.912374,93492.894540,0,1.0,dom,native,1,c4a54cdecc67,1748,6
cpp,bytes,document,100,67,capnproto,1.0.x,1488,622,392,2110,672043.010753,1607717.041801,473933.649289,0,1.0,schema,native,1,c4a54cdecc67,1749,7
cpp,bytes,document,100,67,jsoncons_cbor,0.177.0,2908,16669,338,19577,343878.954608,59991.601176,51080.349390,0,1.0,dom,native,1,c4a54cdecc67,1750,8
cpp,bytes,document,100,67,yyjson,0.10.0,1002,9526,458,10528,998003.992016,104975.855553,94984.802432,0,1.0,dom,adapted,1,c4a54cdecc67,1751,9
cpp,bytes,document,100,67,zpp_bits,4.4.25,585,312,227,897,1709401.709402,3205128.205128,1114827.201784,0,1.0,struct,adapted,1,c4a54cdecc67,1752,10
cpp,bytes,document,100,67,simdjson,3.10.1,161,9029,458,9190,6211180.124224,110754.236350,108813.928183,0,1.0,dom,adapted,1,c4a54cdecc67,1753,11
cpp,bytes,document,100,67,avro,binary-1.11,523,492,125,1015,1912045.889101,2032520.325203,985221.674877,0,1.0,schema,adapted,1,c4a54cdecc67,1754,12
cpp,bytes,document,100,67,avro_c,avro-c,2267,2582,125,4849,441111.601235,387296.669249,206228.088266,0,1.0,schema,adapted,1,c4a54cdecc67,1755,13
cpp,bytes,document,100,67,nlohmann_ubjson,3.11.3,1977,8806,409,10783,505816.894284,113558.937088,92738.569971,0,1.0,dom,native,1,c4a54cdecc67,1756,14
cpp,bytes,document,100,67,flatbuffers,flatbuffers,1062,865,188,1927,941619.585687,1156069.364162,518941.359626,0,1.0,schema,adapted,1,c4a54cdecc67,1757,15
cpp,bytes,document,100,67,rapidjson,1.1.0,1210,12078,458,13288,826446.280992,82795.164762,75255.869958,0,1.0,dom,native,1,c4a54cdecc67,1758,16
cpp,bytes,document,100,67,jsoncons_bson,0.177.0,4676,16419,502,21095,213857.998289,60905.049029,47404.598246,0,1.0,dom,native,1,c4a54cdecc67,1759,17
cpp,bytes,document,100,67,thrift,TBinaryProtocol,938,539,324,1477,1066098.081023,1855287.569573,677048.070413,0,1.0,schema,adapted,1,c4a54cdecc67,1760,18
cpp,bytes,document,100,67,msgpack,msgpack-cxx,1371,1232,332,2603,729394.602480,811688.311688,384172.109105,0,1.0,struct,native,1,c4a54cdecc67,1761,19
cpp,bytes,document,100,67,nlohmann_cbor,3.11.3,2521,8238,338,10759,396667.988893,121388.686574,92945.441026,0,1.0,dom,native,1,c4a54cdecc67,1762,20
cpp,bytes,document,100,67,protobuf-wire,wire-v2,1563,783,164,2346,639795.265515,1277139.208174,426257.459506,0,1.0,schema,adapted,1,c4a54cdecc67,1763,21
cpp,bytes,document,100,67,custom_binary,harness,887,488,223,1375,1127395.715896,2049180.327869,727272.727273,0,1.0,struct,adapted,1,c4a54cdecc67,1764,22
cpp,bytes,document,100,67,flexbuffers,flatbuffers-flex,4881,5601,467,10482,204876.049990,178539.546510,95401.640908,0,1.0,dom,adapted,1,c4a54cdecc67,1765,23
cpp,bytes,document,100,67,bitsery,5.2.4,295,369,190,664,3389830.508475,2710027.100271,1506024.096386,0,1.0,struct,adapted,1,c4a54cdecc67,1766,24
cpp,bytes,document,100,67,yas,7.x,1333,422,274,1755,750187.546887,2369668.246445,569800.569801,0,1.0,struct,adapted,1,c4a54cdecc67,1767,25
cpp,bytes,document,100,68,flexbuffers,flatbuffers-flex,3191,5174,467,8365,313381.385146,193274.062621,119545.726240,0,1.0,dom,adapted,1,c4a54cdecc67,1768,0
cpp,bytes,document,100,68,nlohmann_cbor,3.11.3,2315,8453,338,10768,431965.442765,118301.194842,92867.756315,0,1.0,dom,native,1,c4a54cdecc67,1769,1
cpp,bytes,document,100,68,cereal,1.3.2,1338,1155,267,2493,747384.155456,865800.865801,401123.144805,0,1.0,struct,native,1,c4a54cdecc67,1770,2
cpp,bytes,document,100,68,jsoncons_cbor,0.177.0,3277,18902,338,22179,305157.155935,52904.454555,45087.695568,0,1.0,dom,native,1,c4a54cdecc67,1771,3
cpp,bytes,document,100,68,bitsery,5.2.4,204,299,190,503,4901960.784314,3344481.605351,1988071.570577,0,1.0,struct,adapted,1,c4a54cdecc67,1772,4
cpp,bytes,document,100,68,nlohmann_bson,3.11.3,2528,8184,502,10712,395569.620253,122189.638319,93353.248693,0,1.0,dom,native,1,c4a54cdecc67,1773,5
cpp,bytes,document,100,68,thrift,TBinaryProtocol,739,408,324,1147,1353179.972936,2450980.392157,871839.581517,0,1.0,schema,adapted,1,c4a54cdecc67,1774,6
cpp,bytes,document,100,68,custom_binary,harness,714,421,223,1135,1400560.224090,2375296.912114,881057.268722,0,1.0,struct,adapted,1,c4a54cdecc67,1775,7
cpp,bytes,document,100,68,capnproto,1.0.x,1684,628,392,2312,593824.228029,1592356.687898,432525.951557,0,1.0,schema,native,1,c4a54cdecc67,1776,8
cpp,bytes,document,100,68,yyjson,0.10.0,573,9561,458,10134,1745200.698080,104591.569919,98677.718571,0,1.0,dom,adapted,1,c4a54cdecc67,1777,9
cpp,bytes,document,100,68,avro,binary-1.11,553,504,125,1057,1808318.264014,1984126.984127,946073.793756,0,1.0,schema,adapted,1,c4a54cdecc67,1778,10
cpp,bytes,document,100,68,rapidjson,1.1.0,2103,12597,458,14700,475511.174513,79383.980313,68027.210884,0,1.0,dom,native,1,c4a54cdecc67,1779,11
cpp,bytes,document,100,68,avro_c,avro-c,2550,2801,125,5351,392156.862745,357015.351660,186880.956830,0,1.0,schema,adapted,1,c4a54cdecc67,1780,12
cpp,bytes,document,100,68,arduinojson,7.2.1,2747,13153,458,15900,364033.491081,76028.282521,62893.081761,0,1.0,dom,native,1,c4a54cdecc67,1781,13
cpp,bytes,document,100,68,protobuf-wire,wire-v2,1536,876,164,2412,651041.666667,1141552.511416,414593.698176,0,1.0,schema,adapted,1,c4a54cdecc67,1782,14
cpp,bytes,document,100,68,msgpack,msgpack-cxx,1098,1281,332,2379,910746.812386,780640.124902,420344.682640,0,1.0,struct,native,1,c4a54cdecc67,1783,15
cpp,bytes,document,100,68,simdjson,3.10.1,159,9952,458,10111,6289308.176101,100482.315113,98902.185738,0,1.0,dom,adapted,1,c4a54cdecc67,1784,16
cpp,bytes,document,100,68,flatbuffers,flatbuffers,691,743,188,1434,1447178.002894,1345895.020188,697350.069735,0,1.0,schema,adapted,1,c4a54cdecc67,1785,17
cpp,bytes,document,100,68,yas,7.x,476,446,274,922,2100840.336134,2242152.466368,1084598.698482,0,1.0,struct,adapted,1,c4a54cdecc67,1786,18
cpp,bytes,document,100,68,cista,0.15,341,1024,328,1365,2932551.319648,976562.500000,732600.732601,0,1.0,archive,adapted,1,c4a54cdecc67,1787,19
cpp,bytes,document,100,68,zpp_bits,4.4.25,615,330,227,945,1626016.260163,3030303.030303,1058201.058201,0,1.0,struct,adapted,1,c4a54cdecc67,1788,20
cpp,bytes,document,100,68,nlohmann_json,3.11.3,2704,8016,458,10720,369822.485207,124750.499002,93283.582090,0,1.0,struct,native,1,c4a54cdecc67,1789,21
cpp,bytes,document,100,68,jsoncons_bson,0.177.0,3965,16760,502,20725,252206.809584,59665.871122,48250.904704,0,1.0,dom,native,1,c4a54cdecc67,1790,22
cpp,bytes,document,100,68,nlohmann_ubjson,3.11.3,2165,8950,409,11115,461893.764434,111731.843575,89968.511021,0,1.0,dom,native,1,c4a54cdecc67,1791,23
cpp,bytes,document,100,68,nlohmann_msgpack,3.11.3,2485,7545,332,10030,402414.486922,132538.104705,99700.897308,0,1.0,dom,native,1,c4a54cdecc67,1792,24
cpp,bytes,document,100,68,jsoncons_msgpack,0.177.0,3227,17389,332,20616,309885.342423,57507.619760,48506.014746,0,1.0,dom,native,1,c4a54cdecc67,1793,25
cpp,bytes,document,100,69,jsoncons_cbor,0.177.0,2927,16763,338,19690,341646.737274,59655.192985,50787.201625,0,1.0,dom,native,1,c4a54cdecc67,1794,0
cpp,bytes,document,100,69,simdjson,3.10.1,136,9017,458,9153,7352941.176471,110901.630254,109253.796569,0,1.0,dom,adapted,1,c4a54cdecc67,1795,1
cpp,bytes,document,100,69,zpp_bits,4.4.25,647,306,227,953,1545595.054096,3267973.856209,1049317.943337,0,1.0,struct,adapted,1,c4a54cdecc67,1796,2
cpp,bytes,document,100,69,nlohmann_json,3.11.3,2469,7230,458,9699,405022.276225,138312.586445,103103.412723,0,1.0,struct,native,1,c4a54cdecc67,1797,3
cpp,bytes,document,100,69,jsoncons_bson,0.177.0,4085,16001,502,20086,244798.041616,62496.093994,49785.920542,0,1.0,dom,native,1,c4a54cdecc67,1798,4
cpp,bytes,document,100,69,arduinojson,7.2.1,2746,12944,458,15690,364166.059723,77255.871446,63734.862970,0,1.0,dom,native,1,c4a54cdecc67,1799,5
cpp,bytes,document,100,69,avro_c,avro-c,2508,2819,125,5327,398724.082935,354735.721887,187722.920969,0,1.0,schema,adapted,1,c4a54cdecc67,1800,6
cpp,bytes,document,100,69,nlohmann_msgpack,3.11.3,2507,8645,332,11152,398883.127244,115673.799884,89670.014347,0,1.0,dom,native,1,c4a54cdecc67,1801,7
cpp,bytes,document,100,69,bitsery,5.2.4,213,340,190,553,4694835.680751,2941176.470588,1808318.264014,0,1.0,struct,adapted,1,c4a54cdecc67,1802,8
cpp,bytes,document,100,69,cereal,1.3.2,1342,1231,267,2573,745156.482861,812347.684809,388651.379712,0,1.0,struct,native,1,c4a54cdecc67,1803,9
cpp,bytes,document,100,69,capnproto,1.0.x,1670,625,392,2295,598802.395210,1600000.000000,435729.847495,0,1.0,schema,native,1,c4a54cdecc67,1804,10
cpp,bytes,document,100,69,yyjson,0.10.0,573,9060,458,9633,1745200.698080,110375.275938,103809.820409,0,1.0,dom,adapted,1,c4a54cdecc67,1805,11
cpp,bytes,document,100,69,flexbuffers,flatbuffers-flex,5630,6004,467,11634,177619.893428,166555.629580,85954.959601,0,1.0,dom,adapted,1,c4a54cdecc67,1806,12
cpp,bytes,document,100,69,custom_binary,harness,897,416,223,1313,1114827.201784,2403846.153846,761614.623001,0,1.0,struct,adapted,1,c4a54cdecc67,1807,13
cpp,bytes,document,100,69,nlohmann_ubjson,3.11.3,2276,8946,409,11222,439367.311072,111781.801923,89110.675459,0,1.0,dom,native,1,c4a54cdecc67,1808,14
cpp,bytes,document,100,69,flatbuffers,flatbuffers,972,926,188,1898,1028806.584362,1079913.606911,526870.389884,0,1.0,schema,adapted,1,c4a54cdecc67,1809,15
cpp,bytes,document,100,69,yas,7.x,2206,469,274,2675,453309.156845,2132196.162047,373831.775701,0,1.0,struct,adapted,1,c4a54cdecc67,1810,16
cpp,bytes,document,100,69,cista,0.15,372,920,328,1292,2688172.043011,1086956.521739,773993.808050,0,1.0,archive,adapted,1,c4a54cdecc67,1811,17
cpp,bytes,document,100,69,msgpack,msgpack-cxx,921,1319,332,2240,1085776.330076,758150.113723,446428.571429,0,1.0,struct,native,1,c4a54cdecc67,1812,18
cpp,bytes,document,100,69,thrift,TBinaryProtocol,987,475,324,1462,1013171.225937,2105263.157895,683994.528044,0,1.0,schema,adapted,1,c4a54cdecc67,1813,19
cpp,bytes,document,100,69,jsoncons_msgpack,0.177.0,3072,17103,332,20175,325520.833333,58469.274396,49566.294919,0,1.0,dom,native,1,c4a54cdecc67,1814,20
cpp,bytes,document,100,69,nlohmann_cbor,3.11.3,2820,8012,338,10832,354609.929078,124812.780829,92319.054653,0,1.0,dom,native,1,c4a54cdecc67,1815,21
cpp,bytes,document,100,69,nlohmann_bson,3.11.3,2553,7093,502,9646,391696.043870,140984.068800,103669.914991,0,1.0,dom,native,1,c4a54cdecc67,1816,22
cpp,bytes,document,100,69,avro,binary-1.11,561,504,125,1065,1782531.194296,1984126.984127,938967.136150,0,1.0,schema,adapted,1,c4a54cdecc67,1817,23
cpp,bytes,document,100,69,rapidjson,1.1.0,2130,12493,458,14623,469483.568075,80044.825102,68385.420228,0,1.0,dom,native,1,c4a54cdecc67,1818,24
cpp,bytes,document,100,69,protobuf-wire,wire-v2,1607,876,164,2483,622277.535781,1141552.511416,402738.622634,0,1.0,schema,adapted,1,c4a54cdecc67,1819,25
cpp,bytes,document,100,70,nlohmann_bson,3.11.3,1910,8601,502,10511,523560.209424,116265.550517,95138.426410,0,1.0,dom,native,1,c4a54cdecc67,1820,0
cpp,bytes,document,100,70,jsoncons_bson,0.177.0,4186,17782,502,21968,238891.543239,56236.643797,45520.757465,0,1.0,dom,native,1,c4a54cdecc67,1821,1
cpp,bytes,document,100,70,jsoncons_msgpack,0.177.0,2674,16620,332,19294,373971.578160,60168.471721,51829.584327,0,1.0,dom,native,1,c4a54cdecc67,1822,2
cpp,bytes,document,100,70,flatbuffers,flatbuffers,774,773,188,1547,1291989.664083,1293661.060802,646412.411118,0,1.0,schema,adapted,1,c4a54cdecc67,1823,3
cpp,bytes,document,100,70,nlohmann_json,3.11.3,2489,7582,458,10071,401767.778224,131891.321551,99295.005461,0,1.0,struct,native,1,c4a54cdecc67,1824,4
cpp,bytes,document,100,70,protobuf-wire,wire-v2,1377,697,164,2074,726216.412491,1434720.229555,482160.077146,0,1.0,schema,adapted,1,c4a54cdecc67,1825,5
cpp,bytes,document,100,70,bitsery,5.2.4,220,428,190,648,4545454.545455,2336448.598131,1543209.876543,0,1.0,struct,adapted,1,c4a54cdecc67,1826,6
cpp,bytes,document,100,70,cista,0.15,328,915,328,1243,3048780.487805,1092896.174863,804505.229284,0,1.0,archive,adapted,1,c4a54cdecc67,1827,7
cpp,bytes,document,100,70,rapidjson,1.1.0,1108,12136,458,13244,902527.075812,82399.472643,75505.889459,0,1.0,dom,native,1,c4a54cdecc67,1828,8
cpp,bytes,document,100,70,cereal,1.3.2,1265,1209,267,2474,790513.833992,827129.859388,404203.718674,0,1.0,struct,native,1,c4a54cdecc67,1829,9
cpp,bytes,document,100,70,custom_binary,harness,737,412,223,1149,1356852.103121,2427184.466019,870322.019147,0,1.0,struct,adapted,1,c4a54cdecc67,1830,10
cpp,bytes,document,100,70,nlohmann_msgpack,3.11.3,2744,8625,332,11369,364431.486880,115942.028986,87958.483596,0,1.0,dom,native,1,c4a54cdecc67,1831,11
cpp,bytes,document,100,70,simdjson,3.10.1,168,8892,458,9060,5952380.952381,112460.638776,110375.275938,0,1.0,dom,adapted,1,c4a54cdecc67,1832,12
cpp,bytes,document,100,70,yyjson,0.10.0,1390,8993,458,10383,719424.460432,111197.598132,96311.278051,0,1.0,dom,adapted,1,c4a54cdecc67,1833,13
cpp,bytes,document,100,70,capnproto,1.0.x,1076,558,392,1634,929368.029740,1792114.695341,611995.104039,0,1.0,schema,native,1,c4a54cdecc67,1834,14
cpp,bytes,document,100,70,flexbuffers,flatbuffers-flex,5101,6602,467,11703,196039.992158,151469.251742,85448.175681,0,1.0,dom,adapted,1,c4a54cdecc67,1835,15
cpp,bytes,document,100,70,nlohmann_cbor,3.11.3,2551,8692,338,11243,392003.136025,115048.320295,88944.231967,0,1.0,dom,native,1,c4a54cdecc67,1836,16
cpp,bytes,document,100,70,zpp_bits,4.4.25,668,320,227,988,1497005.988024,3125000.000000,1012145.748988,0,1.0,struct,adapted,1,c4a54cdecc67,1837,17
cpp,bytes,document,100,70,thrift,TBinaryProtocol,997,432,324,1429,1003009.027081,2314814.814815,699790.062981,0,1.0,schema,adapted,1,c4a54cdecc67,1838,18
cpp,bytes,document,100,70,avro_c,avro-c,2400,2918,125,5318,416666.666667,342700.479781,188040.616773,0,1.0,schema,adapted,1,c4a54cdecc67,1839,19
cpp,bytes,document,100,70,arduinojson,7.2.1,2702,14498,458,17200,370096.225019,68975.031039,58139.534884,0,1.0,dom,native,1,c4a54cdecc67,1840,20
cpp,bytes,document,100,70,nlohmann_ubjson,3.11.3,1960,9551,409,11511,510204.081633,104701.078421,86873.425419,0,1.0,dom,native,1,c4a54cdecc67,1841,21
cpp,bytes,document,100,70,msgpack,msgpack-cxx,1837,1356,332,3193,544365.813827,737463.126844,313185.092390,0,1.0,struct,native,1,c4a54cdecc67,1842,22
cpp,bytes,document,100,70,jsoncons_cbor,0.177.0,3211,17785,338,20996,311429.461227,56227.157717,47628.119642,0,1.0,dom,native,1,c4a54cdecc67,1843,23
cpp,bytes,document,100,70,avro,binary-1.11,503,462,125,965,1988071.570577,2164502.164502,1036269.430052,0,1.0,schema,adapted,1,c4a54cdecc67,1844,24
cpp,bytes,document,100,70,yas,7.x,1048,475,274,1523,954198.473282,2105263.157895,656598.818122,0,1.0,struct,adapted,1,c4a54cdecc67,1845,25
cpp,bytes,document,100,71,thrift,TBinaryProtocol,922,406,324,1328,1084598.698482,2463054.187192,753012.048193,0,1.0,schema,adapted,1,c4a54cdecc67,1846,0
cpp,bytes,document,100,71,yas,7.x,412,256,274,668,2427184.466019,3906250.000000,1497005.988024,0,1.0,struct,adapted,1,c4a54cdecc67,1847,1
cpp,bytes,document,100,71,capnproto,1.0.x,544,526,392,1070,1838235.294118,1901140.684411,934579.439252,0,1.0,schema,native,1,c4a54cdecc67,1848,2
cpp,bytes,document,100,71,jsoncons_cbor,0.177.0,2585,16026,338,18611,386847.195358,62398.602271,53731.664070,0,1.0,dom,native,1,c4a54cdecc67,1849,3
cpp,bytes,document,100,71,nlohmann_msgpack,3.11.3,2527,8652,332,11179,395726.157499,115580.212668,89453.439485,0,1.0,dom,native,1,c4a54cdecc67,1850,4
cpp,bytes,document,100,71,cereal,1.3.2,1349,1196,267,2545,741289.844329,836120.401338,392927.308448,0,1.0,struct,native,1,c4a54cdecc67,1851,5
cpp,bytes,document,100,71,nlohmann_bson,3.11.3,2512,7462,502,9974,398089.171975,134012.329134,100260.677762,0,1.0,dom,native,1,c4a54cdecc67,1852,6
cpp,bytes,document,100,71,nlohmann_json,3.11.3,2576,7356,458,9932,388198.757764,135943.447526,100684.655658,0,1.0,struct,native,1,c4a54cdecc67,1853,7
cpp,bytes,document,100,71,avro_c,avro-c,2344,2590,125,4934,426621.160410,386100.386100,202675.314147,0,1.0,schema,adapted,1,c4a54cdecc67,1854,8
cpp,bytes,document,100,71,nlohmann_ubjson,3.11.3,1831,8217,409,10048,546149.645003,121698.916880,99522.292994,0,1.0,dom,native,1,c4a54cdecc67,1855,9
cpp,bytes,document,100,71,flexbuffers,flatbuffers-flex,4796,5546,467,10342,208507.089241,180310.133429,96693.096113,0,1.0,dom,adapted,1,c4a54cdecc67,1856,10
cpp,bytes,document,100,71,avro,binary-1.11,472,479,125,951,2118644.067797,2087682.672234,1051524.710831,0,1.0,schema,adapted,1,c4a54cdecc67,1857,11
cpp,bytes,document,100,71,zpp_bits,4.4.25,643,342,227,985,1555209.953344,2923976.608187,1015228.426396,0,1.0,struct,adapted,1,c4a54cdecc67,1858,12
cpp,bytes,document,100,71,protobuf-wire,wire-v2,1511,828,164,2339,661813.368630,1207729.468599,427533.133818,0,1.0,schema,adapted,1,c4a54cdecc67,1859,13
cpp,bytes,document,100,71,cista,0.15,314,893,328,1207,3184713.375796,1119820.828667,828500.414250,0,1.0,archive,adapted,1,c4a54cdecc67,1860,14
cpp,bytes,document,100,71,nlohmann_cbor,3.11.3,2392,7215,338,9607,418060.200669,138600.138600,104090.767149,0,1.0,dom,native,1,c4a54cdecc67,1861,15
cpp,bytes,document,100,71,rapidjson,1.1.0,2406,11804,458,14210,415627.597672,84717.045069,70372.976777,0,1.0,dom,native,1,c4a54cdecc67,1862,16
cpp,bytes,document,100,71,jsoncons_bson,0.177.0,4090,17165,502,21255,244498.777506,58258.083309,47047.753470,0,1.0,dom,native,1,c4a54cdecc67,1863,17
cpp,bytes,document,100,71,jsoncons_msgpack,0.177.0,3258,16692,332,19950,306936.771025,59908.938414,50125.313283,0,1.0,dom,native,1,c4a54cdecc67,1864,18
cpp,bytes,document,100,71,flatbuffers,flatbuffers,731,795,188,1526,1367989.056088,1257861.635220,655307.994758,0,1.0,schema,adapted,1,c4a54cdecc67,1865,19
cpp,bytes,document,100,71,msgpack,msgpack-cxx,990,1249,332,2239,1010101.010101,800640.512410,446627.958910,0,1.0,struct,native,1,c4a54cdecc67,1866,20
cpp,bytes,document,100,71,yyjson,0.10.0,558,9703,458,10261,1792114.695341,103060.908997,97456.388266,0,1.0,dom,adapted,1,c4a54cdecc67,1867,21
cpp,bytes,document,100,71,arduinojson,7.2.1,2845,12361,458,15206,351493.848858,80899.603592,65763.514402,0,1.0,dom,native,1,c4a54cdecc67,1868,22
cpp,bytes,document,100,71,custom_binary,harness,849,497,223,1346,1177856.301531,2012072.434608,742942.050520,0,1.0,struct,adapted,1,c4a54cdecc67,1869,23
cpp,bytes,document,100,71,simdjson,3.10.1,168,9671,458,9839,5952380.952381,103401.923276,101636.345157,0,1.0,dom,adapted,1,c4a54cdecc67,1870,24
cpp,bytes,document,100,71,bitsery,5.2.4,225,372,190,597,4444444.444444,2688172.043011,1675041.876047,0,1.0,struct,adapted,1,c4a54cdecc67,1871,25
cpp,bytes,document,100,72,jsoncons_msgpack,0.177.0,2708,16282,332,18990,369276.218612,61417.516276,52659.294365,0,1.0,dom,native,1,c4a54cdecc67,1872,0
cpp,bytes,document,100,72,nlohmann_cbor,3.11.3,2470,7781,338,10251,404858.299595,128518.185323,97551.458394,0,1.0,dom,native,1,c4a54cdecc67,1873,1
cpp,bytes,document,100,72,msgpack,msgpack-cxx,1834,1098,332,2932,545256.270447,910746.812386,341064.120055,0,1.0,struct,native,1,c4a54cdecc67,1874,2
cpp,bytes,document,100,72,custom_binary,harness,818,340,223,1158,1222493.887531,2941176.470588,863557.858377,0,1.0,struct,adapted,1,c4a54cdecc67,1875,3
cpp,bytes,document,100,72,nlohmann_json,3.11.3,2506,7742,458,10248,399042.298484,129165.590287,97580.015613,0,1.0,struct,native,1,c4a54cdecc67,1876,4
cpp,bytes,document,100,72,nlohmann_msgpack,3.11.3,2636,7683,332,10319,379362.670713,130157.490564,96908.615176,0,1.0,dom,native,1,c4a54cdecc67,1877,5
cpp,bytes,document,100,72,arduinojson,7.2.1,2672,13289,458,15961,374251.497006,75250.206938,62652.715995,0,1.0,dom,native,1,c4a54cdecc67,1878,6
cpp,bytes,document,100,72,yyjson,0.10.0,675,8711,458,9386,1481481.481481,114797.382620,106541.657788,0,1.0,dom,adapted,1,c4a54cdecc67,1879,7
cpp,bytes,document,100,72,flexbuffers,flatbuffers-flex,4408,5525,467,9933,226860.254083,180995.475113,100674.519279,0,1.0,dom,adapted,1,c4a54cdecc67,1880,8
cpp,bytes,document,100,72,cista,0.15,332,934,328,1266,3012048.192771,1070663.811563,789889.415482,0,1.0,archive,adapted,1,c4a54cdecc67,1881,9
cpp,bytes,document,100,72,simdjson,3.10.1,170,9266,458,9436,5882352.941176,107921.433197,105977.108944,0,1.0,dom,adapted,1,c4a54cdecc67,1882,10
cpp,bytes,document,100,72,zpp_bits,4.4.25,648,326,227,974,1543209.876543,3067484.662577,1026694.045175,0,1.0,struct,adapted,1,c4a54cdecc67,1883,11
cpp,bytes,document,100,72,avro,binary-1.11,491,428,125,919,2036659.877800,2336448.598131,1088139.281828,0,1.0,schema,adapted,1,c4a54cdecc67,1884,12
cpp,bytes,document,100,72,yas,7.x,803,422,274,1225,1245330.012453,2369668.246445,816326.530612,0,1.0,struct,adapted,1,c4a54cdecc67,1885,13
cpp,bytes,document,100,72,rapidjson,1.1.0,1704,11552,458,13256,586854.460094,86565.096953,75437.537719,0,1.0,dom,native,1,c4a54cdecc67,1886,14
cpp,bytes,document,100,72,nlohmann_ubjson,3.11.3,1822,9183,409,11005,548847.420417,108896.874660,90867.787369,0,1.0,dom,native,1,c4a54cdecc67,1887,15
cpp,bytes,document,100,72,cereal,1.3.2,1331,1198,267,2529,751314.800902,834724.540902,395413.206801,0,1.0,struct,native,1,c4a54cdecc67,1888,16
cpp,bytes,document,100,72,thrift,TBinaryProtocol,941,441,324,1382,1062699.256111,2267573.696145,723589.001447,0,1.0,schema,adapted,1,c4a54cdecc67,1889,17
cpp,bytes,document,100,72,avro_c,avro-c,2246,2604,125,4850,445235.975067,384024.577573,206185.567010,0,1.0,schema,adapted,1,c4a54cdecc67,1890,18
cpp,bytes,document,100,72,jsoncons_cbor,0.177.0,3282,18687,338,21969,304692.260817,53513.137475,45518.685420,0,1.0,dom,native,1,c4a54cdecc67,1891,19
cpp,bytes,document,100,72,capnproto,1.0.x,1131,607,392,1738,884173.297966,1647446.457990,575373.993096,0,1.0,schema,native,1,c4a54cdecc67,1892,20
cpp,bytes,document,100,72,flatbuffers,flatbuffers,257,878,188,1135,3891050.583658,1138952.164009,881057.268722,0,1.0,schema,adapted,1,c4a54cdecc67,1893,21
cpp,bytes,document,100,72,protobuf-wire,wire-v2,1495,704,164,2199,668896.321070,1420454.545455,454752.160073,0,1.0,schema,adapted,1,c4a54cdecc67,1894,22
cpp,bytes,document,100,72,bitsery,5.2.4,184,361,190,545,5434782.608696,2770083.102493,1834862.385321,0,1.0,struct,adapted,1,c4a54cdecc67,1895,23
cpp,bytes,document,100,72,jsoncons_bson,0.177.0,3969,15934,502,19903,251952.632905,62758.880382,50243.681857,0,1.0,dom,native,1,c4a54cdecc67,1896,24
cpp,bytes,document,100,72,nlohmann_bson,3.11.3,2588,7654,502,10242,386398.763524,130650.640188,97637.180238,0,1.0,dom,native,1,c4a54cdecc67,1897,25
cpp,bytes,document,100,73,flatbuffers,flatbuffers,1157,781,188,1938,864304.235091,1280409.731114,515995.872033,0,1.0,schema,adapted,1,c4a54cdecc67,1898,0
cpp,bytes,document,100,73,nlohmann_json,3.11.3,2457,7859,458,10316,407000.407000,127242.651737,96936.797208,0,1.0,struct,native,1,c4a54cdecc67,1899,1
cpp,bytes,document,100,73,bitsery,5.2.4,160,306,190,466,6250000.000000,3267973.856209,2145922.746781,0,1.0,struct,adapted,1,c4a54cdecc67,1900,2
cpp,bytes,document,100,73,capnproto,1.0.x,918,537,392,1455,1089324.618736,1862197.392924,687285.223368,0,1.0,schema,native,1,c4a54cdecc67,1901,3
cpp,bytes,document,100,73,jsoncons_msgpack,0.177.0,2650,16247,332,18897,377358.490566,61549.824583,52918.452664,0,1.0,dom,native,1,c4a54cdecc67,1902,4
cpp,bytes,document,100,73,thrift,TBinaryProtocol,829,383,324,1212,1206272.617612,2610966.057441,825082.508251,0,1.0,schema,adapted,1,c4a54cdecc67,1903,5
cpp,bytes,document,100,73,avro,binary-1.11,513,485,125,998,1949317.738791,2061855.670103,1002004.008016,0,1.0,schema,adapted,1,c4a54cdecc67,1904,6
cpp,bytes,document,100,73,cereal,1.3.2,1385,1126,267,2511,722021.660650,888099.467140,398247.710076,0,1.0,struct,native,1,c4a54cdecc67,1905,7
cpp,bytes,document,100,73,yas,7.x,888,454,274,1342,1126126.126126,2202643.171806,745156.482861,0,1.0,struct,adapted,1,c4a54cdecc67,1906,8
cpp,bytes,document,100,73,nlohmann_bson,3.11.3,2260,8121,502,10381,442477.876106,123137.544637,96329.833349,0,1.0,dom,native,1,c4a54cdecc67,1907,9
cpp,bytes,document,100,73,avro_c,avro-c,2464,2507,125,4971,405844.155844,398883.127244,201166.767250,0,1.0,schema,adapted,1,c4a54cdecc67,1908,10
cpp,bytes,document,100,73,protobuf-wire,wire-v2,1410,773,164,2183,709219.858156,1293661.060802,458085.203848,0,1.0,schema,adapted,1,c4a54cdecc67,1909,11
cpp,bytes,document,100,73,custom_binary,harness,823,414,223,1237,1215066.828676,2415458.937198,808407.437348,0,1.0,struct,adapted,1,c4a54cdecc67,1910,12
cpp,bytes,document,100,73,nlohmann_ubjson,3.11.3,1807,8248,409,10055,553403.431101,121241.513094,99453.008454,0,1.0,dom,native,1,c4a54cdecc67,1911,13
cpp,bytes,document,100,73,msgpack,msgpack-cxx,1878,1297,332,3175,532481.363152,771010.023130,314960.629921,0,1.0,struct,native,1,c4a54cdecc67,1912,14
cpp,bytes,document,100,73,simdjson,3.10.1,168,9147,458,9315,5952380.952381,109325.461900,107353.730542,0,1.0,dom,adapted,1,c4a54cdecc67,1913,15
cpp,bytes,document,100,73,rapidjson,1.1.0,2109,12817,458,14926,474158.368895,78021.377858,66997.186118,0,1.0,dom,native,1,c4a54cdecc67,1914,16
cpp,bytes,document,100,73,nlohmann_cbor,3.11.3,2400,8921,338,11321,416666.666667,112095.056608,88331.419486,0,1.0,dom,native,1,c4a54cdecc67,1915,17
cpp,bytes,document,100,73,arduinojson,7.2.1,2942,13740,458,16682,339904.826649,72780.203785,59944.850737,0,1.0,dom,native,1,c4a54cdecc67,1916,18
cpp,bytes,document,100,73,nlohmann_msgpack,3.11.3,2314,8246,332,10560,432152.117545,121270.919234,94696.969697,0,1.0,dom,native,1,c4a54cdecc67,1917,19
cpp,bytes,document,100,73,yyjson,0.10.0,1423,13286,458,14709,702740.688686,75267.198555,67985.587056,0,1.0,dom,adapted,1,c4a54cdecc67,1918,20
cpp,bytes,document,100,73,zpp_bits,4.4.25,696,382,227,1078,1436781.609195,2617801.047120,927643.784787,0,1.0,struct,adapted,1,c4a54cdecc67,1919,21
cpp,bytes,document,100,73,flexbuffers,flatbuffers-flex,4963,5984,467,10947,201491.033649,167112.299465,91349.228099,0,1.0,dom,adapted,1,c4a54cdecc67,1920,22
cpp,bytes,document,100,73,cista,0.15,389,1072,328,1461,2570694.087404,932835.820896,684462.696783,0,1.0,archive,adapted,1,c4a54cdecc67,1921,23
cpp,bytes,document,100,73,jsoncons_bson,0.177.0,4192,17708,502,21900,238549.618321,56471.651231,45662.100457,0,1.0,dom,native,1,c4a54cdecc67,1922,24
cpp,bytes,document,100,73,jsoncons_cbor,0.177.0,3599,17305,338,20904,277854.959711,57786.766830,47837.734405,0,1.0,dom,native,1,c4a54cdecc67,1923,25
cpp,bytes,document,100,74,custom_binary,harness,794,463,223,1257,1259445.843829,2159827.213823,795544.948290,0,1.0,struct,adapted,1,c4a54cdecc67,1924,0
cpp,bytes,document,100,74,zpp_bits,4.4.25,562,316,227,878,1779359.430605,3164556.962025,1138952.164009,0,1.0,struct,adapted,1,c4a54cdecc67,1925,1
cpp,bytes,document,100,74,nlohmann_msgpack,3.11.3,2446,8629,332,11075,408830.744072,115888.283695,90293.453725,0,1.0,dom,native,1,c4a54cdecc67,1926,2
cpp,bytes,document,100,74,flatbuffers,flatbuffers,1313,1000,188,2313,761614.623001,1000000.000000,432338.953740,0,1.0,schema,adapted,1,c4a54cdecc67,1927,3
cpp,bytes,document,100,74,arduinojson,7.2.1,2739,13088,458,15827,365096.750639,76405.867971,63183.168004,0,1.0,dom,native,1,c4a54cdecc67,1928,4
cpp,bytes,document,100,74,msgpack,msgpack-cxx,1170,1264,332,2434,854700.854701,791139.240506,410846.343468,0,1.0,struct,native,1,c4a54cdecc67,1929,5
cpp,bytes,document,100,74,avro,binary-1.11,580,546,125,1126,1724137.931034,1831501.831502,888099.467140,0,1.0,schema,adapted,1,c4a54cdecc67,1930,6
cpp,bytes,document,100,74,cereal,1.3.2,1514,1353,267,2867,660501.981506,739098.300074,348796.651552,0,1.0,struct,native,1,c4a54cdecc67,1931,7
cpp,bytes,document,100,74,nlohmann_bson,3.11.3,2859,8411,502,11270,349772.647779,118891.927238,88731.144632,0,1.0,dom,native,1,c4a54cdecc67,1932,8
cpp,bytes,document,100,74,simdjson,3.10.1,159,9054,458,9213,6289308.176101,110448.420588,108542.277217,0,1.0,dom,adapted,1,c4a54cdecc67,1933,9
cpp,bytes,document,100,74,yyjson,0.10.0,1423,8813,458,10236,702740.688686,113468.739362,97694.411880,0,1.0,dom,adapted,1,c4a54cdecc67,1934,10
cpp,bytes,document,100,74,capnproto,1.0.x,1276,718,392,1994,783699.059561,1392757.660167,501504.513541,0,1.0,schema,native,1,c4a54cdecc67,1935,11
cpp,bytes,document,100,74,avro_c,avro-c,2438,2874,125,5312,410172.272354,347947.112039,188253.012048,0,1.0,schema,adapted,1,c4a54cdecc67,1936,12
cpp,bytes,document,100,74,bitsery,5.2.4,276,390,190,666,3623188.405797,2564102.564103,1501501.501502,0,1.0,struct,adapted,1,c4a54cdecc67,1937,13
cpp,bytes,document,100,74,rapidjson,1.1.0,1830,12676,458,14506,546448.087432,78889.239508,68936.991590,0,1.0,dom,native,1,c4a54cdecc67,1938,14
cpp,bytes,document,100,74,flexbuffers,flatbuffers-flex,4672,6068,467,10740,214041.095890,164798.945287,93109.869646,0,1.0,dom,adapted,1,c4a54cdecc67,1939,15
cpp,bytes,document,100,74,jsoncons_cbor,0.177.0,3167,18859,338,22026,315756.236186,53025.080863,45400.889857,0,1.0,dom,native,1,c4a54cdecc67,1940,16
cpp,bytes,document,100,74,jsoncons_bson,0.177.0,3917,16416,502,20333,255297.421496,60916.179337,49181.134117,0,1.0,dom,native,1,c4a54cdecc67,1941,17
cpp,bytes,document,100,74,protobuf-wire,wire-v2,1666,894,164,2560,600240.096038,1118568.232662,390625.000000,0,1.0,schema,adapted,1,c4a54cdecc67,1942,18
cpp,bytes,document,100,74,yas,7.x,1037,501,274,1538,964320.154291,1996007.984032,650195.058518,0,1.0,struct,adapted,1,c4a54cdecc67,1943,19
cpp,bytes,document,100,74,nlohmann_ubjson,3.11.3,2229,9439,409,11668,448631.673396,105943.426210,85704.490915,0,1.0,dom,native,1,c4a54cdecc67,1944,20
cpp,bytes,document,100,74,cista,0.15,348,984,328,1332,2873563.218391,1016260.162602,750750.750751,0,1.0,archive,adapted,1,c4a54cdecc67,1945,21
cpp,bytes,document,100,74,nlohmann_json,3.11.3,2857,7993,458,10850,350017.500875,125109.470787,92165.898618,0,1.0,struct,native,1,c4a54cdecc67,1946,22
cpp,bytes,document,100,74,nlohmann_cbor,3.11.3,2452,7179,338,9631,407830.342577,139295.166458,103831.377842,0,1.0,dom,native,1,c4a54cdecc67,1947,23
cpp,bytes,document,100,74,jsoncons_msgpack,0.177.0,3277,18331,332,21608,305157.155935,54552.397578,46279.155868,0,1.0,dom,native,1,c4a54cdecc67,1948,24
cpp,bytes,document,100,74,thrift,TBinaryProtocol,1008,532,324,1540,992063.492063,1879699.248120,649350.649351,0,1.0,schema,adapted,1,c4a54cdecc67,1949,25
cpp,bytes,document,100,75,yyjson,0.10.0,1272,9396,458,10668,786163.522013,106428.267348,93738.282715,0,1.0,dom,adapted,1,c4a54cdecc67,1950,0
cpp,bytes,document,100,75,thrift,TBinaryProtocol,797,353,324,1150,1254705.144291,2832861.189802,869565.217391,0,1.0,schema,adapted,1,c4a54cdecc67,1951,1
cpp,bytes,document,100,75,jsoncons_cbor,0.177.0,5236,16911,338,22147,190985.485103,59133.108628,45152.842371,0,1.0,dom,native,1,c4a54cdecc67,1952,2
cpp,bytes,document,100,75,flexbuffers,flatbuffers-flex,4532,5729,467,10261,220653.133274,174550.532379,97456.388266,0,1.0,dom,adapted,1,c4a54cdecc67,1953,3
cpp,bytes,document,100,75,arduinojson,7.2.1,2788,13431,458,16219,358680.057389,74454.619909,61656.082373,0,1.0,dom,native,1,c4a54cdecc67,1954,4
cpp,bytes,document,100,75,flatbuffers,flatbuffers,471,915,188,1386,2123142.250531,1092896.174863,721500.721501,0,1.0,schema,adapted,1,c4a54cdecc67,1955,5
cpp,bytes,document,100,75,bitsery,5.2.4,251,415,190,666,3984063.745020,2409638.554217,1501501.501502,0,1.0,struct,adapted,1,c4a54cdecc67,1956,6
cpp,bytes,document,100,75,nlohmann_json,3.11.3,2689,7757,458,10446,371885.459279,128915.817971,95730.423128,0,1.0,struct,native,1,c4a54cdecc67,1957,7
cpp,bytes,document,100,75,nlohmann_msgpack,3.11.3,2502,8264,332,10766,399680.255795,121006.776379,92885.008360,0,1.0,dom,native,1,c4a54cdecc67,1958,8
cpp,bytes,document,100,75,nlohmann_cbor,3.11.3,2385,7274,338,9659,419287.211740,137475.941710,103530.386168,0,1.0,dom,native,1,c4a54cdecc67,1959,9
cpp,bytes,document,100,75,zpp_bits,4.4.25,635,353,227,988,1574803.149606,2832861.189802,1012145.748988,0,1.0,struct,adapted,1,c4a54cdecc67,1960,10
cpp,bytes,document,100,75,avro,binary-1.11,527,548,125,1075,1897533.206831,1824817.518248,930232.558140,0,1.0,schema,adapted,1,c4a54cdecc67,1961,11
cpp,bytes,document,100,75,msgpack,msgpack-cxx,2015,1379,332,3394,496277.915633,725163.161711,294637.595757,0,1.0,struct,native,1,c4a54cdecc67,1962,12
cpp,bytes,document,100,75,protobuf-wire,wire-v2,1700,771,164,2471,588235.294118,1297016.861219,404694.455686,0,1.0,schema,adapted,1,c4a54cdecc67,1963,13
cpp,bytes,document,100,75,simdjson,3.10.1,159,9767,458,9926,6289308.176101,102385.584110,100745.516825,0,1.0,dom,adapted,1,c4a54cdecc67,1964,14
cpp,bytes,document,100,75,nlohmann_ubjson,3.11.3,2641,9366,409,12007,378644.452859,106769.165065,83284.750562,0,1.0,dom,native,1,c4a54cdecc67,1965,15
cpp,bytes,document,100,75,jsoncons_bson,0.177.0,5309,18043,502,23352,188359.389716,55423.155794,42822.884550,0,1.0,dom,native,1,c4a54cdecc67,1966,16
cpp,bytes,document,100,75,cista,0.15,348,929,328,1277,2873563.218391,1076426.264801,783085.356304,0,1.0,archive,adapted,1,c4a54cdecc67,1967,17
cpp,bytes,document,100,75,nlohmann_bson,3.11.3,2737,8375,502,11112,365363.536719,119402.985075,89992.800576,0,1.0,dom,native,1,c4a54cdecc67,1968,18
cpp,bytes,document,100,75,cereal,1.3.2,1611,1408,267,3019,620732.464308,710227.272727,331235.508447,0,1.0,struct,native,1,c4a54cdecc67,1969,19
cpp,bytes,document,100,75,capnproto,1.0.x,1718,742,392,2460,582072.176950,1347708.894879,406504.065041,0,1.0,schema,native,1,c4a54cdecc67,1970,20
cpp,bytes,document,100,75,jsoncons_msgpack,0.177.0,3274,16711,332,19985,305436.774588,59840.823410,50037.528146,0,1.0,dom,native,1,c4a54cdecc67,1971,21
cpp,bytes,document,100,75,yas,7.x,998,421,274,1419,1002004.008016,2375296.912114,704721.634954,0,1.0,struct,adapted,1,c4a54cdecc67,1972,22
cpp,bytes,document,100,75,rapidjson,1.1.0,1197,12486,458,13683,835421.888053,80089.700465,73083.388146,0,1.0,dom,native,1,c4a54cdecc67,1973,23
cpp,bytes,document,100,75,avro_c,avro-c,2731,3281,125,6012,366166.239473,304785.126486,166333.998669,0,1.0,schema,adapted,1,c4a54cdecc67,1974,24
cpp,bytes,document,100,75,custom_binary,harness,978,507,223,1485,1022494.887526,1972386.587771,673400.673401,0,1.0,struct,adapted,1,c4a54cdecc67,1975,25
cpp,bytes,document,100,76,nlohmann_json,3.11.3,2560,8071,458,10631,390625.000000,123900.384091,94064.528266,0,1.0,struct,native,1,c4a54cdecc67,1976,0
cpp,bytes,document,100,76,thrift,TBinaryProtocol,986,497,324,1483,1014198.782961,2012072.434608,674308.833446,0,1.0,schema,adapted,1,c4a54cdecc67,1977,1
cpp,bytes,document,100,76,jsoncons_cbor,0.177.0,3088,17772,338,20860,323834.196891,56268.287193,47938.638543,0,1.0,dom,native,1,c4a54cdecc67,1978,2
cpp,bytes,document,100,76,avro_c,avro-c,2049,2322,125,4371,488042.947779,430663.221361,228780.599405,0,1.0,schema,adapted,1,c4a54cdecc67,1979,3
cpp,bytes,document,100,76,nlohmann_ubjson,3.11.3,2016,9002,409,11018,496031.746032,111086.425239,90760.573607,0,1.0,dom,native,1,c4a54cdecc67,1980,4
cpp,bytes,document,100,76,zpp_bits,4.4.25,657,344,227,1001,1522070.015221,2906976.744186,999000.999001,0,1.0,struct,adapted,1,c4a54cdecc67,1981,5
cpp,bytes,document,100,76,nlohmann_msgpack,3.11.3,2590,7450,332,10040,386100.386100,134228.187919,99601.593625,0,1.0,dom,native,1,c4a54cdecc67,1982,6
cpp,bytes,document,100,76,protobuf-wire,wire-v2,1576,902,164,2478,634517.766497,1108647.450111,403551.251009,0,1.0,schema,adapted,1,c4a54cdecc67,1983,7
cpp,bytes,document,100,76,msgpack,msgpack-cxx,2054,1325,332,3379,486854.917235,754716.981132,295945.546020,0,1.0,struct,native,1,c4a54cdecc67,1984,8
cpp,bytes,document,100,76,rapidjson,1.1.0,1799,12933,458,14732,555864.369094,77321.580453,67879.446104,0,1.0,dom,native,1,c4a54cdecc67,1985,9
cpp,bytes,document,100,76,jsoncons_bson,0.177.0,5291,16981,502,22272,189000.189000,58889.346917,44899.425287,0,1.0,dom,native,1,c4a54cdecc67,1986,10
cpp,bytes,document,100,76,cereal,1.3.2,1459,1465,267,2924,685400.959561,682593.856655,341997.264022,0,1.0,struct,native,1,c4a54cdecc67,1987,11
cpp,bytes,document,100,76,yas,7.x,928,476,274,1404,1077586.206897,2100840.336134,712250.712251,0,1.0,struct,adapted,1,c4a54cdecc67,1988,12
cpp,bytes,document,100,76,nlohmann_cbor,3.11.3,2464,8361,338,10825,405844.155844,119602.918311,92378.752887,0,1.0,dom,native,1,c4a54cdecc67,1989,13
cpp,bytes,document,100,76,nlohmann_bson,3.11.3,2781,7463,502,10244,359582.883855,133994.372236,97618.117923,0,1.0,dom,native,1,c4a54cdecc67,1990,14
cpp,bytes,document,100,76,custom_binary,harness,800,459,223,1259,1250000.000000,2178649.237473,794281.175536,0,1.0,struct,adapted,1,c4a54cdecc67,1991,15
cpp,bytes,document,100,76,avro,binary-1.11,471,443,125,914,2123142.250531,2257336.343115,1094091.903720,0,1.0,schema,adapted,1,c4a54cdecc67,1992,16
cpp,bytes,document,100,76,arduinojson,7.2.1,2839,13738,458,16577,352236.703064,72790.799243,60324.546058,0,1.0,dom,native,1,c4a54cdecc67,1993,17
cpp,bytes,document,100,76,yyjson,0.10.0,771,9384,458,10155,1297016.861219,106564.364876,98473.658296,0,1.0,dom,adapted,1,c4a54cdecc67,1994,18
cpp,bytes,document,100,76,cista,0.15,302,963,328,1265,3311258.278146,1038421.599169,790513.833992,0,1.0,archive,adapted,1,c4a54cdecc67,1995,19
cpp,bytes,document,100,76,bitsery,5.2.4,211,356,190,567,4739336.492891,2808988.764045,1763668.430335,0,1.0,struct,adapted,1,c4a54cdecc67,1996,20
cpp,bytes,document,100,76,capnproto,1.0.x,1045,621,392,1666,956937.799043,1610305.958132,600240.096038,0,1.0,schema,native,1,c4a54cdecc67,1997,21
cpp,bytes,document,100,76,flexbuffers,flatbuffers-flex,4436,6437,467,10873,225428.313796,155351.871990,91970.937184,0,1.0,dom,adapted,1,c4a54cdecc67,1998,22
cpp,bytes,document,100,76,flatbuffers,flatbuffers,716,905,188,1621,1396648.044693,1104972.375691,616903.146206,0,1.0,schema,adapted,1,c4a54cdecc67,1999,23
cpp,bytes,document,100,76,simdjson,3.10.1,164,9901,458,10065,6097560.975610,100999.899000,99354.197715,0,1.0,dom,adapted,1,c4a54cdecc67,2000,24
cpp,bytes,document,100,76,jsoncons_msgpack,0.177.0,3021,17122,332,20143,331016.219795,58404.392010,49645.037978,0,1.0,dom,native,1,c4a54cdecc67,2001,25
cpp,bytes,document,100,77,protobuf-wire,wire-v2,1543,784,164,2327,648088.139987,1275510.204082,429737.859905,0,1.0,schema,adapted,1,c4a54cdecc67,2002,0
cpp,bytes,document,100,77,rapidjson,1.1.0,1420,12637,458,14057,704225.352113,79132.705547,71138.934339,0,1.0,dom,native,1,c4a54cdecc67,2003,1
cpp,bytes,document,100,77,cereal,1.3.2,1335,1279,267,2614,749063.670412,781860.828772,382555.470543,0,1.0,struct,native,1,c4a54cdecc67,2004,2
cpp,bytes,document,100,77,nlohmann_bson,3.11.3,2579,8817,502,11396,387747.188833,113417.262107,87750.087750,0,1.0,dom,native,1,c4a54cdecc67,2005,3
cpp,bytes,document,100,77,capnproto,1.0.x,1465,587,392,2052,682593.856655,1703577.512777,487329.434698,0,1.0,schema,native,1,c4a54cdecc67,2006,4
cpp,bytes,document,100,77,thrift,TBinaryProtocol,990,477,324,1467,1010101.010101,2096436.058700,681663.258350,0,1.0,schema,adapted,1,c4a54cdecc67,2007,5
cpp,bytes,document,100,77,simdjson,3.10.1,151,8993,458,9144,6622516.556291,111197.598132,109361.329834,0,1.0,dom,adapted,1,c4a54cdecc67,2008,6
cpp,bytes,document,100,77,jsoncons_msgpack,0.177.0,3003,16035,332,19038,333000.333000,62363.579669,52526.525896,0,1.0,dom,native,1,c4a54cdecc67,2009,7
cpp,bytes,document,100,77,nlohmann_msgpack,3.11.3,2455,7727,332,10182,407331.975560,129416.332341,98212.531919,0,1.0,dom,native,1,c4a54cdecc67,2010,8
cpp,bytes,document,100,77,nlohmann_cbor,3.11.3,2294,7629,338,9923,435919.790759,131078.778346,100775.975008,0,1.0,dom,native,1,c4a54cdecc67,2011,9
cpp,bytes,document,100,77,flatbuffers,flatbuffers,1119,806,188,1925,893655.049151,1240694.789082,519480.519481,0,1.0,schema,adapted,1,c4a54cdecc67,2012,10
cpp,bytes,document,100,77,arduinojson,7.2.1,2716,12305,458,15021,368188.512518,81267.777326,66573.463817,0,1.0,dom,native,1,c4a54cdecc67,2013,11
cpp,bytes,document,100,77,yyjson,0.10.0,774,9091,458,9865,1291989.664083,109998.900011,101368.474404,0,1.0,dom,adapted,1,c4a54cdecc67,2014,12
cpp,bytes,document,100,77,msgpack,msgpack-cxx,1339,1298,332,2637,746825.989544,770416.024653,379218.809253,0,1.0,struct,native,1,c4a54cdecc67,2015,13
cpp,bytes,document,100,77,yas,7.x,461,443,274,904,2169197.396963,2257336.343115,1106194.690265,0,1.0,struct,adapted,1,c4a54cdecc67,2016,14
cpp,bytes,document,100,77,bitsery,5.2.4,255,331,190,586,3921568.627451,3021148.036254,1706484.641638,0,1.0,struct,adapted,1,c4a54cdecc67,2017,15
cpp,bytes,document,100,77,jsoncons_bson,0.177.0,3897,16634,502,20531,256607.646908,60117.830949,48706.833569,0,1.0,dom,native,1,c4a54cdecc67,2018,16
cpp,bytes,document,100,77,flexbuffers,flatbuffers-flex,4492,5582,467,10074,222617.987533,179147.259047,99265.435775,0,1.0,dom,adapted,1,c4a54cdecc67,2019,17
cpp,bytes,document,100,77,avro_c,avro-c,2438,2798,125,5236,410172.272354,357398.141530,190985.485103,0,1.0,schema,adapted,1,c4a54cdecc67,2020,18
cpp,bytes,document,100,77,nlohmann_ubjson,3.11.3,2023,9538,409,11561,494315.373208,104843.782764,86497.707811,0,1.0,dom,native,1,c4a54cdecc67,2021,19
cpp,bytes,document,100,77,custom_binary,harness,807,529,223,1336,1239157.372986,1890359.168242,748502.994012,0,1.0,struct,adapted,1,c4a54cdecc67,2022,20
cpp,bytes,document,100,77,jsoncons_cbor,0.177.0,3424,18629,338,22053,292056.074766,53679.746632,45345.304494,0,1.0,dom,native,1,c4a54cdecc67,2023,21
cpp,bytes,document,100,77,nlohmann_json,3.11.3,2689,7467,458,10156,371885.459279,133922.592741,98463.962190,0,1.0,struct,native,1,c4a54cdecc67,2024,22
cpp,bytes,document,100,77,avro,binary-1.11,537,550,125,1087,1862197.392924,1818181.818182,919963.201472,0,1.0,schema,adapted,1,c4a54cdecc67,2025,23
cpp,bytes,document,100,77,zpp_bits,4.4.25,787,393,227,1180,1270648.030496,2544529.262087,847457.627119,0,1.0,struct,adapted,1,c4a54cdecc67,2026,24
cpp,bytes,document,100,77,cista,0.15,354,1033,328,1387,2824858.757062,968054.211036,720980.533526,0,1.0,archive,adapted,1,c4a54cdecc67,2027,25
cpp,bytes,document,100,78,avro,binary-1.11,374,280,125,654,2673796.791444,3571428.571429,1529051.987768,0,1.0,schema,adapted,1,c4a54cdecc67,2028,0
cpp,bytes,document,100,78,cereal,1.3.2,1437,1217,267,2654,695894.224078,821692.686935,376789.751319,0,1.0,struct,native,1,c4a54cdecc67,2029,1
cpp,bytes,document,100,78,jsoncons_bson,0.177.0,3773,17625,502,21398,265041.081368,56737.588652,46733.339564,0,1.0,dom,native,1,c4a54cdecc67,2030,2
cpp,bytes,document,100,78,nlohmann_json,3.11.3,2399,7037,458,9436,416840.350146,142106.011084,105977.108944,0,1.0,struct,native,1,c4a54cdecc67,2031,3
cpp,bytes,document,100,78,nlohmann_ubjson,3.11.3,2017,8719,409,10736,495785.820526,114692.051841,93144.560358,0,1.0,dom,native,1,c4a54cdecc67,2032,4
cpp,bytes,document,100,78,thrift,TBinaryProtocol,904,446,324,1350,1106194.690265,2242152.466368,740740.740741,0,1.0,schema,adapted,1,c4a54cdecc67,2033,5
cpp,bytes,document,100,78,avro_c,avro-c,2388,2596,125,4984,418760.469012,385208.012327,200642.054575,0,1.0,schema,adapted,1,c4a54cdecc67,2034,6
cpp,bytes,document,100,78,custom_binary,harness,908,490,223,1398,1101321.585903,2040816.326531,715307.582260,0,1.0,struct,adapted,1,c4a54cdecc67,2035,7
cpp,bytes,document,100,78,flexbuffers,flatbuffers-flex,4168,5639,467,9807,239923.224568,177336.407164,101967.982054,0,1.0,dom,adapted,1,c4a54cdecc67,2036,8
cpp,bytes,document,100,78,simdjson,3.10.1,166,9323,458,9489,6024096.385542,107261.611069,105385.182843,0,1.0,dom,adapted,1,c4a54cdecc67,2037,9
cpp,bytes,document,100,78,flatbuffers,flatbuffers,1517,972,188,2489,659195.781147,1028806.584362,401767.778224,0,1.0,schema,adapted,1,c4a54cdecc67,2038,10
cpp,bytes,document,100,78,nlohmann_bson,3.11.3,2724,8787,502,11511,367107.195301,113804.483897,86873.425419,0,1.0,dom,native,1,c4a54cdecc67,2039,11
cpp,bytes,document,100,78,cista,0.15,328,915,328,1243,3048780.487805,1092896.174863,804505.229284,0,1.0,archive,adapted,1,c4a54cdecc67,2040,12
cpp,bytes,document,100,78,nlohmann_cbor,3.11.3,2528,7276,338,9804,395569.620253,137438.152831,101999.184007,0,1.0,dom,native,1,c4a54cdecc67,2041,13
cpp,bytes,document,100,78,yas,7.x,1355,420,274,1775,738007.380074,2380952.380952,563380.281690,0,1.0,struct,adapted,1,c4a54cdecc67,2042,14
cpp,bytes,document,100,78,capnproto,1.0.x,710,629,392,1339,1408450.704225,1589825.119237,746825.989544,0,1.0,schema,native,1,c4a54cdecc67,2043,15
cpp,bytes,document,100,78,msgpack,msgpack-cxx,923,1259,332,2182,1083423.618635,794281.175536,458295.142071,0,1.0,struct,native,1,c4a54cdecc67,2044,16
cpp,bytes,document,100,78,bitsery,5.2.4,226,342,190,568,4424778.761062,2923976.608187,1760563.380282,0,1.0,struct,adapted,1,c4a54cdecc67,2045,17
cpp,bytes,document,100,78,nlohmann_msgpack,3.11.3,2486,8717,332,11203,402252.614642,114718.366410,89261.804874,0,1.0,dom,native,1,c4a54cdecc67,2046,18
cpp,bytes,document,100,78,jsoncons_cbor,0.177.0,3006,18798,338,21804,332667.997339,53197.148633,45863.144377,0,1.0,dom,native,1,c4a54cdecc67,2047,19
cpp,bytes,document,100,78,protobuf-wire,wire-v2,1605,845,164,2450,623052.959502,1183431.952663,408163.265306,0,1.0,schema,adapted,1,c4a54cdecc67,2048,20
cpp,bytes,document,100,78,jsoncons_msgpack,0.177.0,2756,16133,332,18889,362844.702467,61984.751751,52940.865054,0,1.0,dom,native,1,c4a54cdecc67,2049,21
cpp,bytes,document,100,78,arduinojson,7.2.1,2819,13464,458,16283,354735.721887,74272.133096,61413.744396,0,1.0,dom,native,1,c4a54cdecc67,2050,22
cpp,bytes,document,100,78,zpp_bits,4.4.25,643,349,227,992,1555209.953344,2865329.512894,1008064.516129,0,1.0,struct,adapted,1,c4a54cdecc67,2051,23
cpp,bytes,document,100,78,yyjson,0.10.0,737,9145,458,9882,1356852.103121,109349.371241,101194.090265,0,1.0,dom,adapted,1,c4a54cdecc67,2052,24
cpp,bytes,document,100,78,rapidjson,1.1.0,1434,12182,458,13616,697350.069735,82088.327040,73443.008226,0,1.0,dom,native,1,c4a54cdecc67,2053,25
cpp,bytes,document,100,79,jsoncons_bson,0.177.0,4003,16415,502,20418,249812.640520,60919.890344,48976.393378,0,1.0,dom,native,1,c4a54cdecc67,2054,0
cpp,bytes,document,100,79,nlohmann_msgpack,3.11.3,2394,8079,332,10473,417710.944027,123777.695259,95483.624558,0,1.0,dom,native,1,c4a54cdecc67,2055,1
cpp,bytes,document,100,79,cereal,1.3.2,1468,1344,267,2812,681198.910082,744047.619048,355618.776671,0,1.0,struct,native,1,c4a54cdecc67,2056,2
cpp,bytes,document,100,79,yas,7.x,1483,377,274,1860,674308.833446,2652519.893899,537634.408602,0,1.0,struct,adapted,1,c4a54cdecc67,2057,3
cpp,bytes,document,100,79,jsoncons_msgpack,0.177.0,2744,15702,332,18446,364431.486880,63686.154630,54212.295349,0,1.0,dom,native,1,c4a54cdecc67,2058,4
cpp,bytes,document,100,79,rapidjson,1.1.0,990,11331,458,12321,1010101.010101,88253.463948,81162.243324,0,1.0,dom,native,1,c4a54cdecc67,2059,5
cpp,bytes,document,100,79,nlohmann_cbor,3.11.3,2479,8470,338,10949,403388.463090,118063.754427,91332.541785,0,1.0,dom,native,1,c4a54cdecc67,2060,6
cpp,bytes,document,100,79,arduinojson,7.2.1,2727,12361,458,15088,366703.337000,80899.603592,66277.836691,0,1.0,dom,native,1,c4a54cdecc67,2061,7
cpp,bytes,document,100,79,capnproto,1.0.x,3035,632,392,3667,329489.291598,1582278.481013,272702.481593,0,1.0,schema,native,1,c4a54cdecc67,2062,8
cpp,bytes,document,100,79,custom_binary,harness,749,442,223,1191,1335113.484646,2262443.438914,839630.562552,0,1.0,struct,adapted,1,c4a54cdecc67,2063,9
cpp,bytes,document,100,79,jsoncons_cbor,0.177.0,2854,16611,338,19465,350385.423966,60201.071579,51374.261495,0,1.0,dom,native,1,c4a54cdecc67,2064,10
cpp,bytes,document,100,79,simdjson,3.10.1,167,8959,458,9126,5988023.952096,111619.600402,109577.032654,0,1.0,dom,adapted,1,c4a54cdecc67,2065,11
cpp,bytes,document,100,79,nlohmann_bson,3.11.3,2655,8376,502,11031,376647.834275,119388.729704,90653.612546,0,1.0,dom,native,1,c4a54cdecc67,2066,12
cpp,bytes,document,100,79,nlohmann_json,3.11.3,2657,7369,458,10026,376364.320662,135703.623287,99740.674247,0,1.0,struct,native,1,c4a54cdecc67,2067,13
cpp,bytes,document,100,79,flexbuffers,flatbuffers-flex,4260,5525,467,9785,234741.784038,180995.475113,102197.240675,0,1.0,dom,adapted,1,c4a54cdecc67,2068,14
cpp,bytes,document,100,79,bitsery,5.2.4,240,419,190,659,4166666.666667,2386634.844869,1517450.682853,0,1.0,struct,adapted,1,c4a54cdecc67,2069,15
cpp,bytes,document,100,79,msgpack,msgpack-cxx,2058,1298,332,3356,485908.649174,770416.024653,297973.778308,0,1.0,struct,native,1,c4a54cdecc67,2070,16
cpp,bytes,document,100,79,thrift,TBinaryProtocol,965,447,324,1412,1036269.430052,2237136.465324,708215.297450,0,1.0,schema,adapted,1,c4a54cdecc67,2071,17
cpp,bytes,document,100,79,avro_c,avro-c,2899,2902,125,5801,344946.533287,344589.937974,172384.071712,0,1.0,schema,adapted,1,c4a54cdecc67,2072,18
cpp,bytes,document,100,79,yyjson,0.10.0,849,10613,458,11462,1177856.301531,94224.064826,87244.808934,0,1.0,dom,adapted,1,c4a54cdecc67,2073,19
cpp,bytes,document,100,79,protobuf-wire,wire-v2,1559,938,164,2497,641436.818473,1066098.081023,400480.576692,0,1.0,schema,adapted,1,c4a54cdecc67,2074,20
cpp,bytes,document,100,79,avro,binary-1.11,556,532,125,1088,1798561.151079,1879699.248120,919117.647059,0,1.0,schema,adapted,1,c4a54cdecc67,2075,21
cpp,bytes,document,100,79,flatbuffers,flatbuffers,789,763,188,1552,1267427.122940,1310615.989515,644329.896907,0,1.0,schema,adapted,1,c4a54cdecc67,2076,22
cpp,bytes,document,100,79,cista,0.15,382,1036,328,1418,2617801.047120,965250.965251,705218.617772,0,1.0,archive,adapted,1,c4a54cdecc67,2077,23
cpp,bytes,document,100,79,nlohmann_ubjson,3.11.3,2120,9716,409,11836,471698.113208,102923.013586,84488.002704,0,1.0,dom,native,1,c4a54cdecc67,2078,24
cpp,bytes,document,100,79,zpp_bits,4.4.25,653,345,227,998,1531393.568147,2898550.724638,1002004.008016,0,1.0,struct,adapted,1,c4a54cdecc67,2079,25
cpp,bytes,document,100,80,simdjson,3.10.1,163,9764,458,9927,6134969.325153,102417.042196,100735.368188,0,1.0,dom,adapted,1,c4a54cdecc67,2080,0
cpp,bytes,document,100,80,nlohmann_cbor,3.11.3,2521,7563,338,10084,396667.988893,132222.662964,99166.997223,0,1.0,dom,native,1,c4a54cdecc67,2081,1
cpp,bytes,document,100,80,avro_c,avro-c,2223,2485,125,4708,449842.555106,402414.486922,212404.418012,0,1.0,schema,adapted,1,c4a54cdecc67,2082,2
cpp,bytes,document,100,80,jsoncons_cbor,0.177.0,3122,18910,338,22032,320307.495195,52882.072977,45388.525781,0,1.0,dom,native,1,c4a54cdecc67,2083,3
cpp,bytes,document,100,80,yas,7.x,1052,436,274,1488,950570.342205,2293577.981651,672043.010753,0,1.0,struct,adapted,1,c4a54cdecc67,2084,4
cpp,bytes,document,100,80,rapidjson,1.1.0,1473,12601,458,14074,678886.625933,79358.781049,71053.005542,0,1.0,dom,native,1,c4a54cdecc67,2085,5
cpp,bytes,document,100,80,thrift,TBinaryProtocol,899,486,324,1385,1112347.052280,2057613.168724,722021.660650,0,1.0,schema,adapted,1,c4a54cdecc67,2086,6
cpp,bytes,document,100,80,msgpack,msgpack-cxx,1179,1327,332,2506,848176.420696,753579.502638,399042.298484,0,1.0,struct,native,1,c4a54cdecc67,2087,7
cpp,bytes,document,100,80,protobuf-wire,wire-v2,1608,888,164,2496,621890.547264,1126126.126126,400641.025641,0,1.0,schema,adapted,1,c4a54cdecc67,2088,8
cpp,bytes,document,100,80,jsoncons_bson,0.177.0,3887,17008,502,20895,257267.815796,58795.860771,47858.339316,0,1.0,dom,native,1,c4a54cdecc67,2089,9
cpp,bytes,document,100,80,cereal,1.3.2,1569,1403,267,2972,637348.629700,712758.374911,336473.755047,0,1.0,struct,native,1,c4a54cdecc67,2090,10
cpp,bytes,document,100,80,flexbuffers,flatbuffers-flex,4689,6125,467,10814,213265.088505,163265.306122,92472.720547,0,1.0,dom,adapted,1,c4a54cdecc67,2091,11
cpp,bytes,document,100,80,arduinojson,7.2.1,2934,14328,458,17262,340831.629175,69793.411502,57930.714865,0,1.0,dom,native,1,c4a54cdecc67,2092,12
cpp,bytes,document,100,80,nlohmann_msgpack,3.11.3,2664,9579,332,12243,375375.375375,104395.030797,81679.326962,0,1.0,dom,native,1,c4a54cdecc67,2093,13
cpp,bytes,document,100,80,custom_binary,harness,946,451,223,1397,1057082.452431,2217294.900222,715819.613457,0,1.0,struct,adapted,1,c4a54cdecc67,2094,14
cpp,bytes,document,100,80,cista,0.15,383,989,328,1372,2610966.057441,1011122.345804,728862.973761,0,1.0,archive,adapted,1,c4a54cdecc67,2095,15
cpp,bytes,document,100,80,nlohmann_bson,3.11.3,2838,8022,502,10860,352360.817477,124657.192720,92081.031308,0,1.0,dom,native,1,c4a54cdecc67,2096,16
cpp,bytes,document,100,80,nlohmann_json,3.11.3,2748,7797,458,10545,363901.018923,128254.456842,94831.673779,0,1.0,struct,native,1,c4a54cdecc67,2097,17
cpp,bytes,document,100,80,flatbuffers,flatbuffers,1210,883,188,2093,826446.280992,1132502.831257,477783.086479,0,1.0,schema,adapted,1,c4a54cdecc67,2098,18
cpp,bytes,document,100,80,yyjson,0.10.0,755,9795,458,10550,1324503.311258,102092.904543,94786.729858,0,1.0,dom,adapted,1,c4a54cdecc67,2099,19
cpp,bytes,document,100,80,zpp_bits,4.4.25,687,422,227,1109,1455604.075691,2369668.246445,901713.255185,0,1.0,struct,adapted,1,c4a54cdecc67,2100,20
cpp,bytes,document,100,80,nlohmann_ubjson,3.11.3,2111,9719,409,11830,473709.142586,102891.243955,84530.853762,0,1.0,dom,native,1,c4a54cdecc67,2101,21
cpp,bytes,document,100,80,bitsery,5.2.4,286,629,190,915,3496503.496503,1589825.119237,1092896.174863,0,1.0,struct,adapted,1,c4a54cdecc67,2102,22
cpp,bytes,document,100,80,capnproto,1.0.x,1626,640,392,2266,615006.150062,1562500.000000,441306.266549,0,1.0,schema,native,1,c4a54cdecc67,2103,23
cpp,bytes,document,100,80,avro,binary-1.11,656,547,125,1203,1524390.243902,1828153.564899,831255.195345,0,1.0,schema,adapted,1,c4a54cdecc67,2104,24
cpp,bytes,document,100,80,jsoncons_msgpack,0.177.0,3516,18328,332,21844,284414.106940,54561.326931,45779.161326,0,1.0,dom,native,1,c4a54cdecc67,2105,25
cpp,bytes,document,100,81,cista,0.15,411,963,328,1374,2433090.024331,1038421.599169,727802.037846,0,1.0,archive,adapted,1,c4a54cdecc67,2106,0
cpp,bytes,document,100,81,custom_binary,harness,811,382,223,1193,1233045.622688,2617801.047120,838222.967309,0,1.0,struct,adapted,1,c4a54cdecc67,2107,1
cpp,bytes,document,100,81,nlohmann_cbor,3.11.3,2521,8201,338,10722,396667.988893,121936.349226,93266.181683,0,1.0,dom,native,1,c4a54cdecc67,2108,2
cpp,bytes,document,100,81,simdjson,3.10.1,164,9009,458,9173,6097560.975610,111000.111000,109015.589229,0,1.0,dom,adapted,1,c4a54cdecc67,2109,3
cpp,bytes,document,100,81,thrift,TBinaryProtocol,937,452,324,1389,1067235.859125,2212389.380531,719942.404608,0,1.0,schema,adapted,1,c4a54cdecc67,2110,4
cpp,bytes,document,100,81,avro,binary-1.11,488,390,125,878,2049180.327869,2564102.564103,1138952.164009,0,1.0,schema,adapted,1,c4a54cdecc67,2111,5
cpp,bytes,document,100,81,nlohmann_bson,3.11.3,2650,7440,502,10090,377358.490566,134408.602151,99108.027750,0,1.0,dom,native,1,c4a54cdecc67,2112,6
cpp,bytes,document,100,81,msgpack,msgpack-cxx,1904,1361,332,3265,525210.084034,734753.857458,306278.713629,0,1.0,struct,native,1,c4a54cdecc67,2113,7
cpp,bytes,document,100,81,jsoncons_cbor,0.177.0,3477,17333,338,20810,287604.256543,57693.417181,48053.820279,0,1.0,dom,native,1,c4a54cdecc67,2114,8
cpp,bytes,document,100,81,jsoncons_msgpack,0.177.0,2944,16118,332,19062,339673.913043,62042.437027,52460.392404,0,1.0,dom,native,1,c4a54cdecc67,2115,9
cpp,bytes,document,100,81,nlohmann_ubjson,3.11.3,1926,8958,409,10884,519210.799585,111632.060728,91877.986035,0,1.0,dom,native,1,c4a54cdecc67,2116,10
cpp,bytes,document,100,81,zpp_bits,4.4.25,590,350,227,940,1694915.254237,2857142.857143,1063829.787234,0,1.0,struct,adapted,1,c4a54cdecc67,2117,11
cpp,bytes,document,100,81,rapidjson,1.1.0,2049,15101,458,17150,488042.947779,66220.780081,58309.037901,0,1.0,dom,native,1,c4a54cdecc67,2118,12
cpp,bytes,document,100,81,jsoncons_bson,0.177.0,4319,16286,502,20605,231535.077564,61402.431536,48531.909731,0,1.0,dom,native,1,c4a54cdecc67,2119,13
cpp,bytes,document,100,81,yas,7.x,915,469,274,1384,1092896.174863,2132196.162047,722543.352601,0,1.0,struct,adapted,1,c4a54cdecc67,2120,14
cpp,bytes,document,100,81,capnproto,1.0.x,649,610,392,1259,1540832.049307,1639344.262295,794281.175536,0,1.0,schema,native,1,c4a54cdecc67,2121,15
cpp,bytes,document,100,81,nlohmann_json,3.11.3,2681,7879,458,10560,372995.151063,126919.659855,94696.969697,0,1.0,struct,native,1,c4a54cdecc67,2122,16
cpp,bytes,document,100,81,bitsery,5.2.4,230,356,190,586,4347826.086957,2808988.764045,1706484.641638,0,1.0,struct,adapted,1,c4a54cdecc67,2123,17
cpp,bytes,document,100,81,protobuf-wire,wire-v2,1601,858,164,2459,624609.618988,1165501.165501,406669.377796,0,1.0,schema,adapted,1,c4a54cdecc67,2124,18
cpp,bytes,document,100,81,cereal,1.3.2,1506,1414,267,2920,664010.624170,707213.578501,342465.753425,0,1.0,struct,native,1,c4a54cdecc67,2125,19
cpp,bytes,document,100,81,avro_c,avro-c,2553,2816,125,5369,391696.043870,355113.636364,186254.423543,0,1.0,schema,adapted,1,c4a54cdecc67,2126,20
cpp,bytes,document,100,81,flatbuffers,flatbuffers,763,741,188,1504,1310615.989515,1349527.665317,664893.617021,0,1.0,schema,adapted,1,c4a54cdecc67,2127,21
cpp,bytes,document,100,81,arduinojson,7.2.1,2896,13010,458,15906,345303.867403,76863.950807,62869.357475,0,1.0,dom,native,1,c4a54cdecc67,2128,22
cpp,bytes,document,100,81,yyjson,0.10.0,852,9152,458,10004,1173708.920188,109265.734266,99960.015994,0,1.0,dom,adapted,1,c4a54cdecc67,2129,23
cpp,bytes,document,100,81,nlohmann_msgpack,3.11.3,2647,8717,332,11364,377786.173026,114718.366410,87997.184090,0,1.0,dom,native,1,c4a54cdecc67,2130,24
cpp,bytes,document,100,81,flexbuffers,flatbuffers-flex,5019,5973,467,10992,199242.877067,167420.056923,90975.254731,0,1.0,dom,adapted,1,c4a54cdecc67,2131,25
cpp,bytes,document,100,82,simdjson,3.10.1,158,9353,458,9511,6329113.924051,106917.566556,105141.415203,0,1.0,dom,adapted,1,c4a54cdecc67,2132,0
cpp,bytes,document,100,82,capnproto,1.0.x,1487,549,392,2036,672494.956288,1821493.624772,491159.135560,0,1.0,schema,native,1,c4a54cdecc67,2133,1
cpp,bytes,document,100,82,yas,7.x,408,467,274,875,2450980.392157,2141327.623126,1142857.142857,0,1.0,struct,adapted,1,c4a54cdecc67,2134,2
cpp,bytes,document,100,82,jsoncons_bson,0.177.0,4397,16445,502,20842,227427.791676,60808.756461,47980.040303,0,1.0,dom,native,1,c4a54cdecc67,2135,3
cpp,bytes,document,100,82,jsoncons_cbor,0.177.0,3152,16938,338,20090,317258.883249,59038.847562,49776.007964,0,1.0,dom,native,1,c4a54cdecc67,2136,4
cpp,bytes,document,100,82,msgpack,msgpack-cxx,1445,1316,332,2761,692041.522491,759878.419453,362187.613184,0,1.0,struct,native,1,c4a54cdecc67,2137,5
cpp,bytes,document,100,82,jsoncons_msgpack,0.177.0,2880,15863,332,18743,347222.222222,63039.778100,53353.251881,0,1.0,dom,native,1,c4a54cdecc67,2138,6
cpp,bytes,document,100,82,flexbuffers,flatbuffers-flex,3900,5768,467,9668,256410.256410,173370.319001,103434.009102,0,1.0,dom,adapted,1,c4a54cdecc67,2139,7
cpp,bytes,document,100,82,avro,binary-1.11,474,548,125,1022,2109704.641350,1824817.518248,978473.581213,0,1.0,schema,adapted,1,c4a54cdecc67,2140,8
cpp,bytes,document,100,82,custom_binary,harness,794,414,223,1208,1259445.843829,2415458.937198,827814.569536,0,1.0,struct,adapted,1,c4a54cdecc67,2141,9
cpp,bytes,document,100,82,nlohmann_json,3.11.3,2607,7424,458,10031,383582.662064,134698.275862,99690.958030,0,1.0,struct,native,1,c4a54cdecc67,2142,10
cpp,bytes,document,100,82,zpp_bits,4.4.25,748,366,227,1114,1336898.395722,2732240.437158,897666.068223,0,1.0,struct,adapted,1,c4a54cdecc67,2143,11
cpp,bytes,document,100,82,nlohmann_ubjson,3.11.3,2000,9101,409,11101,500000.000000,109878.035381,90081.974597,0,1.0,dom,native,1,c4a54cdecc67,2144,12
cpp,bytes,document,100,82,cereal,1.3.2,1447,1276,267,2723,691085.003455,783699.059561,367242.012486,0,1.0,struct,native,1,c4a54cdecc67,2145,13
cpp,bytes,document,100,82,nlohmann_cbor,3.11.3,2423,7187,338,9610,412711.514651,139140.114095,104058.272633,0,1.0,dom,native,1,c4a54cdecc67,2146,14
cpp,bytes,document,100,82,nlohmann_bson,3.11.3,2536,7197,502,9733,394321.766562,138946.783382,102743.244632,0,1.0,dom,native,1,c4a54cdecc67,2147,15
cpp,bytes,document,100,82,rapidjson,1.1.0,3002,12129,458,15131,333111.259161,82447.027785,66089.485163,0,1.0,dom,native,1,c4a54cdecc67,2148,16
cpp,bytes,document,100,82,flatbuffers,flatbuffers,456,944,188,1400,2192982.456140,1059322.033898,714285.714286,0,1.0,schema,adapted,1,c4a54cdecc67,2149,17
cpp,bytes,document,100,82,yyjson,0.10.0,543,9132,458,9675,1841620.626151,109505.037232,103359.173127,0,1.0,dom,adapted,1,c4a54cdecc67,2150,18
cpp,bytes,document,100,82,protobuf-wire,wire-v2,1584,677,164,2261,631313.131313,1477104.874446,442282.176028,0,1.0,schema,adapted,1,c4a54cdecc67,2151,19
cpp,bytes,document,100,82,arduinojson,7.2.1,2754,13048,458,15802,363108.206245,76640.098099,63283.128718,0,1.0,dom,native,1,c4a54cdecc67,2152,20
cpp,bytes,document,100,82,nlohmann_msgpack,3.11.3,2345,8865,332,11210,426439.232409,112803.158488,89206.066012,0,1.0,dom,native,1,c4a54cdecc67,2153,21
cpp,bytes,document,100,82,thrift,TBinaryProtocol,1072,467,324,1539,932835.820896,2141327.623126,649772.579597,0,1.0,schema,adapted,1,c4a54cdecc67,2154,22
cpp,bytes,document,100,82,avro_c,avro-c,2529,2748,125,5277,395413.206801,363901.018923,189501.610764,0,1.0,schema,adapted,1,c4a54cdecc67,2155,23
cpp,bytes,document,100,82,bitsery,5.2.4,237,400,190,637,4219409.282700,2500000.000000,1569858.712716,0,1.0,struct,adapted,1,c4a54cdecc67,2156,24
cpp,bytes,document,100,82,cista,0.15,341,1032,328,1373,2932551.319648,968992.248062,728332.119446,0,1.0,archive,adapted,1,c4a54cdecc67,2157,25
cpp,bytes,document,100,83,capnproto,1.0.x,1705,594,392,2299,586510.263930,1683501.683502,434971.726838,0,1.0,schema,native,1,c4a54cdecc67,2158,0
cpp,bytes,document,100,83,bitsery,5.2.4,161,235,190,396,6211180.124224,4255319.148936,2525252.525253,0,1.0,struct,adapted,1,c4a54cdecc67,2159,1
cpp,bytes,document,100,83,protobuf-wire,wire-v2,1335,698,164,2033,749063.670412,1432664.756447,491883.915396,0,1.0,schema,adapted,1,c4a54cdecc67,2160,2
cpp,bytes,document,100,83,yas,7.x,464,385,274,849,2155172.413793,2597402.597403,1177856.301531,0,1.0,struct,adapted,1,c4a54cdecc67,2161,3
cpp,bytes,document,100,83,nlohmann_json,3.11.3,2485,8089,458,10574,402414.486922,123624.675485,94571.590694,0,1.0,struct,native,1,c4a54cdecc67,2162,4
cpp,bytes,document,100,83,thrift,TBinaryProtocol,910,354,324,1264,1098901.098901,2824858.757062,791139.240506,0,1.0,schema,adapted,1,c4a54cdecc67,2163,5
cpp,bytes,document,100,83,jsoncons_msgpack,0.177.0,3051,18499,332,21550,327761.389708,54056.976053,46403.712297,0,1.0,dom,native,1,c4a54cdecc67,2164,6
cpp,bytes,document,100,83,nlohmann_ubjson,3.11.3,1944,8753,409,10697,514403.292181,114246.544042,93484.154436,0,1.0,dom,native,1,c4a54cdecc67,2165,7
cpp,bytes,document,100,83,simdjson,3.10.1,172,8816,458,8988,5813953.488372,113430.127042,111259.457054,0,1.0,dom,adapted,1,c4a54cdecc67,2166,8
cpp,bytes,document,100,83,jsoncons_cbor,0.177.0,3393,17522,338,20915,294724.432655,57071.110604,47812.574707,0,1.0,dom,native,1,c4a54cdecc67,2167,9
cpp,bytes,document,100,83,nlohmann_bson,3.11.3,2547,8195,502,10742,392618.767177,122025.625381,93092.533979,0,1.0,dom,native,1,c4a54cdecc67,2168,10
cpp,bytes,document,100,83,flexbuffers,flatbuffers-flex,4606,5739,467,10345,217108.119844,174246.384388,96665.055582,0,1.0,dom,adapted,1,c4a54cdecc67,2169,11
cpp,bytes,document,100,83,yyjson,0.10.0,1575,9663,458,11238,634920.634921,103487.529753,88983.804947,0,1.0,dom,adapted,1,c4a54cdecc67,2170,12
cpp,bytes,document,100,83,avro,binary-1.11,543,463,125,1006,1841620.626151,2159827.213823,994035.785288,0,1.0,schema,adapted,1,c4a54cdecc67,2171,13
cpp,bytes,document,100,83,jsoncons_bson,0.177.0,4035,17278,502,21313,247831.474597,57877.069105,46919.720358,0,1.0,dom,native,1,c4a54cdecc67,2172,14
cpp,bytes,document,100,83,nlohmann_cbor,3.11.3,2570,8536,338,11106,389105.058366,117150.890347,90041.419053,0,1.0,dom,native,1,c4a54cdecc67,2173,15
cpp,bytes,document,100,83,zpp_bits,4.4.25,689,406,227,1095,1451378.809869,2463054.187192,913242.009132,0,1.0,struct,adapted,1,c4a54cdecc67,2174,16
cpp,bytes,document,100,83,msgpack,msgpack-cxx,1964,1432,332,3396,509164.969450,698324.022346,294464.075383,0,1.0,struct,native,1,c4a54cdecc67,2175,17
cpp,bytes,document,100,83,cista,0.15,348,945,328,1293,2873563.218391,1058201.058201,773395.204950,0,1.0,archive,adapted,1,c4a54cdecc67,2176,18
cpp,bytes,document,100,83,custom_binary,harness,830,470,223,1300,1204819.277108,2127659.574468,769230.769231,0,1.0,struct,adapted,1,c4a54cdecc67,2177,19
cpp,bytes,document,100,83,avro_c,avro-c,2425,2824,125,5249,412371.134021,354107.648725,190512.478567,0,1.0,schema,adapted,1,c4a54cdecc67,2178,20
cpp,bytes,document,100,83,cereal,1.3.2,1622,1267,267,2889,616522.811344,789265.982636,346140.533056,0,1.0,struct,native,1,c4a54cdecc67,2179,21
cpp,bytes,document,100,83,arduinojson,7.2.1,2785,13604,458,16389,359066.427289,73507.791826,61016.535481,0,1.0,dom,native,1,c4a54cdecc67,2180,22
cpp,bytes,document,100,83,nlohmann_msgpack,3.11.3,2567,9097,332,11664,389559.797429,109926.349346,85733.882030,0,1.0,dom,native,1,c4a54cdecc67,2181,23
cpp,bytes,document,100,83,flatbuffers,flatbuffers,1185,898,188,2083,843881.856540,1113585.746102,480076.812290,0,1.0,schema,adapted,1,c4a54cdecc67,2182,24
cpp,bytes,document,100,83,rapidjson,1.1.0,1252,10624,458,11876,798722.044728,94126.506024,84203.435500,0,1.0,dom,native,1,c4a54cdecc67,2183,25
cpp,bytes,document,100,84,flexbuffers,flatbuffers-flex,4157,6143,467,10300,240558.094780,162786.911932,97087.378641,0,1.0,dom,adapted,1,c4a54cdecc67,2184,0
cpp,bytes,document,100,84,zpp_bits,4.4.25,571,304,227,875,1751313.485114,3289473.684211,1142857.142857,0,1.0,struct,adapted,1,c4a54cdecc67,2185,1
cpp,bytes,document,100,84,nlohmann_cbor,3.11.3,2407,8022,338,10429,415454.923141,124657.192720,95886.470419,0,1.0,dom,native,1,c4a54cdecc67,2186,2
cpp,bytes,document,100,84,cista,0.15,287,923,328,1210,3484320.557491,1083423.618635,826446.280992,0,1.0,archive,adapted,1,c4a54cdecc67,2187,3
cpp,bytes,document,100,84,msgpack,msgpack-cxx,1774,1134,332,2908,563697.857948,881834.215168,343878.954608,0,1.0,struct,native,1,c4a54cdecc67,2188,4
cpp,bytes,document,100,84,nlohmann_json,3.11.3,2596,8233,458,10829,385208.012327,121462.407385,92344.630160,0,1.0,struct,native,1,c4a54cdecc67,2189,5
cpp,bytes,document,100,84,simdjson,3.10.1,161,9433,458,9594,6211180.124224,106010.813103,104231.811549,0,1.0,dom,adapted,1,c4a54cdecc67,2190,6
cpp,bytes,document,100,84,protobuf-wire,wire-v2,1826,949,164,2775,547645.125958,1053740.779768,360360.360360,0,1.0,schema,adapted,1,c4a54cdecc67,2191,7
cpp,bytes,document,100,84,jsoncons_bson,0.177.0,4080,16603,502,20683,245098.039216,60230.078901,48348.885558,0,1.0,dom,native,1,c4a54cdecc67,2192,8
cpp,bytes,document,100,84,capnproto,1.0.x,1073,603,392,1676,931966.449208,1658374.792703,596658.711217,0,1.0,schema,native,1,c4a54cdecc67,2193,9
cpp,bytes,document,100,84,cereal,1.3.2,1300,1238,267,2538,769230.769231,807754.442649,394011.032309,0,1.0,struct,native,1,c4a54cdecc67,2194,10
cpp,bytes,document,100,84,custom_binary,harness,739,399,223,1138,1353179.972936,2506265.664160,878734.622144,0,1.0,struct,adapted,1,c4a54cdecc67,2195,11
cpp,bytes,document,100,84,jsoncons_msgpack,0.177.0,2916,16000,332,18916,342935.528121,62500.000000,52865.299218,0,1.0,dom,native,1,c4a54cdecc67,2196,12
cpp,bytes,document,100,84,avro_c,avro-c,2352,2790,125,5142,425170.068027,358422.939068,194476.857254,0,1.0,schema,adapted,1,c4a54cdecc67,2197,13
cpp,bytes,document,100,84,thrift,TBinaryProtocol,954,465,324,1419,1048218.029350,2150537.634409,704721.634954,0,1.0,schema,adapted,1,c4a54cdecc67,2198,14
cpp,bytes,document,100,84,avro,binary-1.11,557,405,125,962,1795332.136445,2469135.802469,1039501.039501,0,1.0,schema,adapted,1,c4a54cdecc67,2199,15
cpp,bytes,document,100,84,yas,7.x,1128,413,274,1541,886524.822695,2421307.506053,648929.266710,0,1.0,struct,adapted,1,c4a54cdecc67,2200,16
cpp,bytes,document,100,84,bitsery,5.2.4,232,354,190,586,4310344.827586,2824858.757062,1706484.641638,0,1.0,struct,adapted,1,c4a54cdecc67,2201,17
cpp,bytes,document,100,84,arduinojson,7.2.1,2812,13471,458,16283,355618.776671,74233.538713,61413.744396,0,1.0,dom,native,1,c4a54cdecc67,2202,18
cpp,bytes,document,100,84,yyjson,0.10.0,732,9202,458,9934,1366120.218579,108672.027820,100664.384941,0,1.0,dom,adapted,1,c4a54cdecc67,2203,19
cpp,bytes,document,100,84,nlohmann_msgpack,3.11.3,2514,8471,332,10985,397772.474145,118049.817023,91033.227128,0,1.0,dom,native,1,c4a54cdecc67,2204,20
cpp,bytes,document,100,84,flatbuffers,flatbuffers,1167,863,188,2030,856898.029135,1158748.551564,492610.837438,0,1.0,schema,adapted,1,c4a54cdecc67,2205,21
cpp,bytes,document,100,84,nlohmann_bson,3.11.3,2524,8493,502,11017,396196.513471,117744.024491,90768.811836,0,1.0,dom,native,1,c4a54cdecc67,2206,22
cpp,bytes,document,100,84,nlohmann_ubjson,3.11.3,1834,7882,409,9716,545256.270447,126871.352449,102923.013586,0,1.0,dom,native,1,c4a54cdecc67,2207,23
cpp,bytes,document,100,84,jsoncons_cbor,0.177.0,3298,18408,338,21706,303214.069133,54324.206867,46070.211002,0,1.0,dom,native,1,c4a54cdecc67,2208,24
cpp,bytes,document,100,84,rapidjson,1.1.0,1939,11699,458,13638,515729.757607,85477.391230,73324.534389,0,1.0,dom,native,1,c4a54cdecc67,2209,25
cpp,bytes,document,100,85,custom_binary,harness,923,476,223,1399,1083423.618635,2100840.336134,714796.283059,0,1.0,struct,adapted,1,c4a54cdecc67,2210,0
cpp,bytes,document,100,85,avro_c,avro-c,2567,2627,125,5194,389559.797429,380662.352493,192529.842126,0,1.0,schema,adapted,1,c4a54cdecc67,2211,1
cpp,bytes,document,100,85,msgpack,msgpack-cxx,1101,1259,332,2360,908265.213442,794281.175536,423728.813559,0,1.0,struct,native,1,c4a54cdecc67,2212,2
cpp,bytes,document,100,85,nlohmann_json,3.11.3,2486,8044,458,10530,402252.614642,124316.260567,94966.761633,0,1.0,struct,native,1,c4a54cdecc67,2213,3
cpp,bytes,document,100,85,simdjson,3.10.1,159,9137,458,9296,6289308.176101,109445.113276,107573.149742,0,1.0,dom,adapted,1,c4a54cdecc67,2214,4
cpp,bytes,document,100,85,jsoncons_msgpack,0.177.0,2798,16852,332,19650,357398.141530,59340.137669,50890.585242,0,1.0,dom,native,1,c4a54cdecc67,2215,5
cpp,bytes,document,100,85,nlohmann_cbor,3.11.3,2471,8211,338,10682,404694.455686,121787.845573,93615.427823,0,1.0,dom,native,1,c4a54cdecc67,2216,6
cpp,bytes,document,100,85,cista,0.15,331,995,328,1326,3021148.036254,1005025.125628,754147.812971,0,1.0,archive,adapted,1,c4a54cdecc67,2217,7
cpp,bytes,document,100,85,cereal,1.3.2,1382,1236,267,2618,723589.001447,809061.488673,381970.970206,0,1.0,struct,native,1,c4a54cdecc67,2218,8
cpp,bytes,document,100,85,protobuf-wire,wire-v2,1571,860,164,2431,636537.237428,1162790.697674,411353.352530,0,1.0,schema,adapted,1,c4a54cdecc67,2219,9
cpp,bytes,document,100,85,nlohmann_ubjson,3.11.3,1846,8261,409,10107,541711.809317,121050.720252,98941.327793,0,1.0,dom,native,1,c4a54cdecc67,2220,10
cpp,bytes,document,100,85,avro,binary-1.11,513,437,125,950,1949317.738791,2288329.519451,1052631.578947,0,1.0,schema,adapted,1,c4a54cdecc67,2221,11
cpp,bytes,document,100,85,yas,7.x,1490,384,274,1874,671140.939597,2604166.666667,533617.929562,0,1.0,struct,adapted,1,c4a54cdecc67,2222,12
cpp,bytes,document,100,85,nlohmann_bson,3.11.3,2511,8562,502,11073,398247.710076,116795.141322,90309.762485,0,1.0,dom,native,1,c4a54cdecc67,2223,13
cpp,bytes,document,100,85,flexbuffers,flatbuffers-flex,7380,5745,467,13125,135501.355014,174064.403829,76190.476190,0,1.0,dom,adapted,1,c4a54cdecc67,2224,14
cpp,bytes,document,100,85,nlohmann_msgpack,3.11.3,2394,7585,332,9979,417710.944027,131839.156229,100210.441928,0,1.0,dom,native,1,c4a54cdecc67,2225,15
cpp,bytes,document,100,85,arduinojson,7.2.1,2884,14323,458,17207,346740.638003,69817.775606,58115.883071,0,1.0,dom,native,1,c4a54cdecc67,2226,16
cpp,bytes,document,100,85,jsoncons_bson,0.177.0,4380,18000,502,22380,228310.502283,55555.555556,44682.752458,0,1.0,dom,native,1,c4a54cdecc67,2227,17
cpp,bytes,document,100,85,bitsery,5.2.4,254,374,190,628,3937007.874016,2673796.791444,1592356.687898,0,1.0,struct,adapted,1,c4a54cdecc67,2228,18
cpp,bytes,document,100,85,yyjson,0.10.0,1190,9750,458,10940,840336.134454,102564.102564,91407.678245,0,1.0,dom,adapted,1,c4a54cdecc67,2229,19
cpp,bytes,document,100,85,jsoncons_cbor,0.177.0,3390,18564,338,21954,294985.250737,53867.700927,45549.785916,0,1.0,dom,native,1,c4a54cdecc67,2230,20
cpp,bytes,document,100,85,flatbuffers,flatbuffers,782,916,188,1698,1278772.378517,1091703.056769,588928.150766,0,1.0,schema,adapted,1,c4a54cdecc67,2231,21
cpp,bytes,document,100,85,zpp_bits,4.4.25,776,420,227,1196,1288659.793814,2380952.380952,836120.401338,0,1.0,struct,adapted,1,c4a54cdecc67,2232,22
cpp,bytes,document,100,85,rapidjson,1.1.0,1421,11828,458,13249,703729.767769,84545.147109,75477.394520,0,1.0,dom,native,1,c4a54cdecc67,2233,23
cpp,bytes,document,100,85,thrift,TBinaryProtocol,1026,559,324,1585,974658.869396,1788908.765653,630914.826498,0,1.0,schema,adapted,1,c4a54cdecc67,2234,24
cpp,bytes,document,100,85,capnproto,1.0.x,904,675,392,1579,1106194.690265,1481481.481481,633312.222926,0,1.0,schema,native,1,c4a54cdecc67,2235,25
cpp,bytes,document,100,86,bitsery,5.2.4,233,308,190,541,4291845.493562,3246753.246753,1848428.835490,0,1.0,struct,adapted,1,c4a54cdecc67,2236,0
cpp,bytes,document,100,86,nlohmann_ubjson,3.11.3,1890,9698,409,11588,529100.529101,103114.044133,86296.168450,0,1.0,dom,native,1,c4a54cdecc67,2237,1
cpp,bytes,document,100,86,thrift,TBinaryProtocol,613,421,324,1034,1631321.370310,2375296.912114,967117.988395,0,1.0,schema,adapted,1,c4a54cdecc67,2238,2
cpp,bytes,document,100,86,arduinojson,7.2.1,2814,13233,458,16047,355366.027008,75568.654122,62316.943977,0,1.0,dom,native,1,c4a54cdecc67,2239,3
cpp,bytes,document,100,86,nlohmann_json,3.11.3,2773,8394,458,11167,360620.266859,119132.713843,89549.565685,0,1.0,struct,native,1,c4a54cdecc67,2240,4
cpp,bytes,document,100,86,custom_binary,harness,958,476,223,1434,1043841.336117,2100840.336134,697350.069735,0,1.0,struct,adapted,1,c4a54cdecc67,2241,5
cpp,bytes,document,100,86,nlohmann_cbor,3.11.3,2427,7956,338,10383,412031.314380,125691.302162,96311.278051,0,1.0,dom,native,1,c4a54cdecc67,2242,6
cpp,bytes,document,100,86,msgpack,msgpack-cxx,2114,1366,332,3480,473036.896878,732064.421669,287356.321839,0,1.0,struct,native,1,c4a54cdecc67,2243,7
cpp,bytes,document,100,86,capnproto,1.0.x,603,528,392,1131,1658374.792703,1893939.393939,884173.297966,0,1.0,schema,native,1,c4a54cdecc67,2244,8
cpp,bytes,document,100,86,flexbuffers,flatbuffers-flex,4786,6694,467,11480,208942.749687,149387.511204,87108.013937,0,1.0,dom,adapted,1,c4a54cdecc67,2245,9
cpp,bytes,document,100,86,jsoncons_msgpack,0.177.0,3055,18684,332,21739,327332.242226,53521.729822,46000.276002,0,1.0,dom,native,1,c4a54cdecc67,2246,10
cpp,bytes,document,100,86,avro_c,avro-c,2720,2959,125,5679,367647.058824,337952.010814,176087.339320,0,1.0,schema,adapted,1,c4a54cdecc67,2247,11
cpp,bytes,document,100,86,zpp_bits,4.4.25,699,347,227,1046,1430615.164521,2881844.380403,956022.944551,0,1.0,struct,adapted,1,c4a54cdecc67,2248,12
cpp,bytes,document,100,86,flatbuffers,flatbuffers,930,923,188,1853,1075268.817204,1083423.618635,539665.407447,0,1.0,schema,adapted,1,c4a54cdecc67,2249,13
cpp,bytes,document,100,86,simdjson,3.10.1,165,9922,458,10087,6060606.060606,100786.131828,99137.503718,0,1.0,dom,adapted,1,c4a54cdecc67,2250,14
cpp,bytes,document,100,86,yyjson,0.10.0,1015,9259,458,10274,985221.674877,108003.024085,97333.073778,0,1.0,dom,adapted,1,c4a54cdecc67,2251,15
cpp,bytes,document,100,86,nlohmann_msgpack,3.11.3,2578,8476,332,11054,387897.595035,117980.179330,90464.990049,0,1.0,dom,native,1,c4a54cdecc67,2252,16
cpp,bytes,document,100,86,protobuf-wire,wire-v2,1616,761,164,2377,618811.881188,1314060.446781,420698.359276,0,1.0,schema,adapted,1,c4a54cdecc67,2253,17
cpp,bytes,document,100,86,jsoncons_bson,0.177.0,4039,17452,502,21491,247586.036148,57300.022920,46531.106044,0,1.0,dom,native,1,c4a54cdecc67,2254,18
cpp,bytes,document,100,86,nlohmann_bson,3.11.3,2567,8231,502,10798,389559.797429,121491.920787,92609.742545,0,1.0,dom,native,1,c4a54cdecc67,2255,19
cpp,bytes,document,100,86,cista,0.15,374,1005,328,1379,2673796.791444,995024.875622,725163.161711,0,1.0,archive,adapted,1,c4a54cdecc67,2256,20
cpp,bytes,document,100,86,avro,binary-1.11,604,527,125,1131,1655629.139073,1897533.206831,884173.297966,0,1.0,schema,adapted,1,c4a54cdecc67,2257,21
cpp,bytes,document,100,86,yas,7.x,1274,433,274,1707,784929.356358,2309468.822171,585823.081429,0,1.0,struct,adapted,1,c4a54cdecc67,2258,22
cpp,bytes,document,100,86,rapidjson,1.1.0,1266,11762,458,13028,789889.415482,85019.554498,76757.752533,0,1.0,dom,native,1,c4a54cdecc67,2259,23
cpp,bytes,document,100,86,jsoncons_cbor,0.177.0,3306,17110,338,20416,302480.338778,58445.353594,48981.191223,0,1.0,dom,native,1,c4a54cdecc67,2260,24
cpp,bytes,document,100,86,cereal,1.3.2,1535,1221,267,2756,651465.798046,819000.819001,362844.702467,0,1.0,struct,native,1,c4a54cdecc67,2261,25
cpp,bytes,document,100,87,cista,0.15,314,798,328,1112,3184713.375796,1253132.832080,899280.575540,0,1.0,archive,adapted,1,c4a54cdecc67,2262,0
cpp,bytes,document,100,87,arduinojson,7.2.1,2891,13139,458,16030,345901.072293,76109.292945,62383.031815,0,1.0,dom,native,1,c4a54cdecc67,2263,1
cpp,bytes,document,100,87,rapidjson,1.1.0,1256,10195,458,11451,796178.343949,98087.297695,87328.617588,0,1.0,dom,native,1,c4a54cdecc67,2264,2
cpp,bytes,document,100,87,bitsery,5.2.4,216,358,190,574,4629629.629630,2793296.089385,1742160.278746,0,1.0,struct,adapted,1,c4a54cdecc67,2265,3
cpp,bytes,document,100,87,msgpack,msgpack-cxx,1318,1372,332,2690,758725.341426,728862.973761,371747.211896,0,1.0,struct,native,1,c4a54cdecc67,2266,4
cpp,bytes,document,100,87,jsoncons_msgpack,0.177.0,3119,16390,332,19509,320615.581917,61012.812691,51258.393562,0,1.0,dom,native,1,c4a54cdecc67,2267,5
cpp,bytes,document,100,87,flatbuffers,flatbuffers,722,868,188,1590,1385041.551247,1152073.732719,628930.817610,0,1.0,schema,adapted,1,c4a54cdecc67,2268,6
cpp,bytes,document,100,87,capnproto,1.0.x,629,584,392,1213,1589825.119237,1712328.767123,824402.308326,0,1.0,schema,native,1,c4a54cdecc67,2269,7
cpp,bytes,document,100,87,avro,binary-1.11,465,413,125,878,2150537.634409,2421307.506053,1138952.164009,0,1.0,schema,adapted,1,c4a54cdecc67,2270,8
cpp,bytes,document,100,87,protobuf-wire,wire-v2,1535,685,164,2220,651465.798046,1459854.014599,450450.450450,0,1.0,schema,adapted,1,c4a54cdecc67,2271,9
cpp,bytes,document,100,87,custom_binary,harness,890,455,223,1345,1123595.505618,2197802.197802,743494.423792,0,1.0,struct,adapted,1,c4a54cdecc67,2272,10
cpp,bytes,document,100,87,thrift,TBinaryProtocol,973,512,324,1485,1027749.229188,1953125.000000,673400.673401,0,1.0,schema,adapted,1,c4a54cdecc67,2273,11
cpp,bytes,document,100,87,jsoncons_bson,0.177.0,4040,15747,502,19787,247524.752475,63504.159522,50538.232173,0,1.0,dom,native,1,c4a54cdecc67,2274,12
cpp,bytes,document,100,87,nlohmann_json,3.11.3,2635,7682,458,10317,379506.641366,130174.433741,96927.401376,0,1.0,struct,native,1,c4a54cdecc67,2275,13
cpp,bytes,document,100,87,jsoncons_cbor,0.177.0,3210,17100,338,20310,311526.479751,58479.532164,49236.829148,0,1.0,dom,native,1,c4a54cdecc67,2276,14
cpp,bytes,document,100,87,nlohmann_cbor,3.11.3,2686,8231,338,10917,372300.819062,121491.920787,91600.256481,0,1.0,dom,native,1,c4a54cdecc67,2277,15
cpp,bytes,document,100,87,nlohmann_msgpack,3.11.3,2506,7437,332,9943,399042.298484,134462.821030,100573.267625,0,1.0,dom,native,1,c4a54cdecc67,2278,16
cpp,bytes,document,100,87,nlohmann_bson,3.11.3,2544,7040,502,9584,393081.761006,142045.454545,104340.567613,0,1.0,dom,native,1,c4a54cdecc67,2279,17
cpp,bytes,document,100,87,avro_c,avro-c,2547,2847,125,5394,392618.767177,351246.926589,185391.175380,0,1.0,schema,adapted,1,c4a54cdecc67,2280,18
cpp,bytes,document,100,87,flexbuffers,flatbuffers-flex,4480,5886,467,10366,223214.285714,169894.665308,96469.226317,0,1.0,dom,adapted,1,c4a54cdecc67,2281,19
cpp,bytes,document,100,87,cereal,1.3.2,1442,1268,267,2710,693481.276006,788643.533123,369003.690037,0,1.0,struct,native,1,c4a54cdecc67,2282,20
cpp,bytes,document,100,87,nlohmann_ubjson,3.11.3,1847,8589,409,10436,541418.516513,116427.989289,95822.154082,0,1.0,dom,native,1,c4a54cdecc67,2283,21
cpp,bytes,document,100,87,yas,7.x,1647,427,274,2074,607164.541591,2341920.374707,482160.077146,0,1.0,struct,adapted,1,c4a54cdecc67,2284,22
cpp,bytes,document,100,87,simdjson,3.10.1,152,10096,458,10248,6578947.368421,99049.128368,97580.015613,0,1.0,dom,adapted,1,c4a54cdecc67,2285,23
cpp,bytes,document,100,87,zpp_bits,4.4.25,677,346,227,1023,1477104.874446,2890173.410405,977517.106549,0,1.0,struct,adapted,1,c4a54cdecc67,2286,24
cpp,bytes,document,100,87,yyjson,0.10.0,1124,9496,458,10620,889679.715302,105307.497894,94161.958569,0,1.0,dom,adapted,1,c4a54cdecc67,2287,25
cpp,bytes,document,100,88,nlohmann_ubjson,3.11.3,1685,9431,409,11116,593471.810089,106033.294454,89960.417416,0,1.0,dom,native,1,c4a54cdecc67,2288,0
cpp,bytes,document,100,88,rapidjson,1.1.0,1936,12736,458,14672,516528.925620,78517.587940,68157.033806,0,1.0,dom,native,1,c4a54cdecc67,2289,1
cpp,bytes,document,100,88,avro_c,avro-c,2591,2879,125,5470,385951.370127,347342.827371,182815.356490,0,1.0,schema,adapted,1,c4a54cdecc67,2290,2
cpp,bytes,document,100,88,yas,7.x,585,382,274,967,1709401.709402,2617801.047120,1034126.163392,0,1.0,struct,adapted,1,c4a54cdecc67,2291,3
cpp,bytes,document,100,88,cista,0.15,367,1014,328,1381,2724795.640327,986193.293886,724112.961622,0,1.0,archive,adapted,1,c4a54cdecc67,2292,4
cpp,bytes,document,100,88,protobuf-wire,wire-v2,1567,849,164,2416,638162.093172,1177856.301531,413907.284768,0,1.0,schema,adapted,1,c4a54cdecc67,2293,5
cpp,bytes,document,100,88,arduinojson,7.2.1,2731,12504,458,15235,366166.239473,79974.408189,65638.332786,0,1.0,dom,native,1,c4a54cdecc67,2294,6
cpp,bytes,document,100,88,jsoncons_msgpack,0.177.0,3156,18145,332,21301,316856.780735,55111.600992,46946.152763,0,1.0,dom,native,1,c4a54cdecc67,2295,7
cpp,bytes,document,100,88,jsoncons_bson,0.177.0,4012,16309,502,20321,249252.243270,61315.837881,49210.176665,0,1.0,dom,native,1,c4a54cdecc67,2296,8
cpp,bytes,document,100,88,flexbuffers,flatbuffers-flex,4277,5550,467,9827,233808.744447,180180.180180,101760.455887,0,1.0,dom,adapted,1,c4a54cdecc67,2297,9
cpp,bytes,document,100,88,nlohmann_cbor,3.11.3,2400,8292,338,10692,416666.666667,120598.166908,93527.871306,0,1.0,dom,native,1,c4a54cdecc67,2298,10
cpp,bytes,document,100,88,nlohmann_bson,3.11.3,2456,7311,502,9767,407166.123779,136780.194228,102385.584110,0,1.0,dom,native,1,c4a54cdecc67,2299,11
cpp,bytes,document,100,88,zpp_bits,4.4.25,641,350,227,991,1560062.402496,2857142.857143,1009081.735621,0,1.0,struct,adapted,1,c4a54cdecc67,2300,12
cpp,bytes,document,100,88,simdjson,3.10.1,150,9484,458,9634,6666666.666667,105440.742303,103799.045049,0,1.0,dom,adapted,1,c4a54cdecc67,2301,13
cpp,bytes,document,100,88,jsoncons_cbor,0.177.0,3438,18850,338,22288,290866.783013,53050.397878,44867.193108,0,1.0,dom,native,1,c4a54cdecc67,2302,14
cpp,bytes,document,100,88,bitsery,5.2.4,257,347,190,604,3891050.583658,2881844.380403,1655629.139073,0,1.0,struct,adapted,1,c4a54cdecc67,2303,15
cpp,bytes,document,100,88,cereal,1.3.2,1410,1359,267,2769,709219.858156,735835.172921,361141.206212,0,1.0,struct,native,1,c4a54cdecc67,2304,16
cpp,bytes,document,100,88,avro,binary-1.11,472,484,125,956,2118644.067797,2066115.702479,1046025.104603,0,1.0,schema,adapted,1,c4a54cdecc67,2305,17
cpp,bytes,document,100,88,flatbuffers,flatbuffers,738,857,188,1595,1355013.550136,1166861.143524,626959.247649,0,1.0,schema,adapted,1,c4a54cdecc67,2306,18
cpp,bytes,document,100,88,yyjson,0.10.0,543,10019,458,10562,1841620.626151,99810.360315,94679.038061,0,1.0,dom,adapted,1,c4a54cdecc67,2307,19
cpp,bytes,document,100,88,nlohmann_msgpack,3.11.3,2560,8576,332,11136,390625.000000,116604.477612,89798.850575,0,1.0,dom,native,1,c4a54cdecc67,2308,20
cpp,bytes,document,100,88,capnproto,1.0.x,1550,612,392,2162,645161.290323,1633986.928105,462534.690102,0,1.0,schema,native,1,c4a54cdecc67,2309,21
cpp,bytes,document,100,88,custom_binary,harness,1147,497,223,1644,871839.581517,2012072.434608,608272.506083,0,1.0,struct,adapted,1,c4a54cdecc67,2310,22
cpp,bytes,document,100,88,msgpack,msgpack-cxx,955,1337,332,2292,1047120.418848,747943.156320,436300.174520,0,1.0,struct,native,1,c4a54cdecc67,2311,23
cpp,bytes,document,100,88,thrift,TBinaryProtocol,1011,492,324,1503,989119.683482,2032520.325203,665335.994677,0,1.0,schema,adapted,1,c4a54cdecc67,2312,24
cpp,bytes,document,100,88,nlohmann_json,3.11.3,2686,8123,458,10809,372300.819062,123107.226394,92515.496346,0,1.0,struct,native,1,c4a54cdecc67,2313,25
cpp,bytes,document,100,89,arduinojson,7.2.1,3054,12515,458,15569,327439.423707,79904.115062,64230.201041,0,1.0,dom,native,1,c4a54cdecc67,2314,0
cpp,bytes,document,100,89,rapidjson,1.1.0,1496,12085,458,13581,668449.197861,82747.207282,73632.280392,0,1.0,dom,native,1,c4a54cdecc67,2315,1
cpp,bytes,document,100,89,nlohmann_json,3.11.3,2237,7452,458,9689,447027.268663,134192.163178,103209.825575,0,1.0,struct,native,1,c4a54cdecc67,2316,2
cpp,bytes,document,100,89,flatbuffers,flatbuffers,628,813,188,1441,1592356.687898,1230012.300123,693962.526024,0,1.0,schema,adapted,1,c4a54cdecc67,2317,3
cpp,bytes,document,100,89,simdjson,3.10.1,159,9637,458,9796,6289308.176101,103766.732386,102082.482646,0,1.0,dom,adapted,1,c4a54cdecc67,2318,4
cpp,bytes,document,100,89,avro,binary-1.11,469,439,125,908,2132196.162047,2277904.328018,1101321.585903,0,1.0,schema,adapted,1,c4a54cdecc67,2319,5
cpp,bytes,document,100,89,jsoncons_cbor,0.177.0,3032,18126,338,21158,329815.303430,55169.369966,47263.446451,0,1.0,dom,native,1,c4a54cdecc67,2320,6
cpp,bytes,document,100,89,yas,7.x,1028,438,274,1466,972762.645914,2283105.022831,682128.240109,0,1.0,struct,adapted,1,c4a54cdecc67,2321,7
cpp,bytes,document,100,89,zpp_bits,4.4.25,589,289,227,878,1697792.869270,3460207.612457,1138952.164009,0,1.0,struct,adapted,1,c4a54cdecc67,2322,8
cpp,bytes,document,100,89,nlohmann_ubjson,3.11.3,1893,12510,409,14403,528262.017961,79936.051159,69429.979865,0,1.0,dom,native,1,c4a54cdecc67,2323,9
cpp,bytes,document,100,89,capnproto,1.0.x,1464,566,392,2030,683060.109290,1766784.452297,492610.837438,0,1.0,schema,native,1,c4a54cdecc67,2324,10
cpp,bytes,document,100,89,jsoncons_bson,0.177.0,3853,15705,502,19558,259538.022320,63673.989175,51129.972390,0,1.0,dom,native,1,c4a54cdecc67,2325,11
cpp,bytes,document,100,89,cereal,1.3.2,1423,1393,267,2816,702740.688686,717875.089734,355113.636364,0,1.0,struct,native,1,c4a54cdecc67,2326,12
cpp,bytes,document,100,89,cista,0.15,385,992,328,1377,2597402.597403,1008064.516129,726216.412491,0,1.0,archive,adapted,1,c4a54cdecc67,2327,13
cpp,bytes,document,100,89,nlohmann_msgpack,3.11.3,2467,8199,332,10666,405350.628293,121966.093426,93755.859741,0,1.0,dom,native,1,c4a54cdecc67,2328,14
cpp,bytes,document,100,89,bitsery,5.2.4,219,326,190,545,4566210.045662,3067484.662577,1834862.385321,0,1.0,struct,adapted,1,c4a54cdecc67,2329,15
cpp,bytes,document,100,89,msgpack,msgpack-cxx,1987,1292,332,3279,503271.263211,773993.808050,304971.027752,0,1.0,struct,native,1,c4a54cdecc67,2330,16
cpp,bytes,document,100,89,flexbuffers,flatbuffers-flex,4577,6212,467,10789,218483.722963,160978.750805,92686.996014,0,1.0,dom,adapted,1,c4a54cdecc67,2331,17
cpp,bytes,document,100,89,avro_c,avro-c,2545,3058,125,5603,392927.308448,327011.118378,178475.816527,0,1.0,schema,adapted,1,c4a54cdecc67,2332,18
cpp,bytes,document,100,89,jsoncons_msgpack,0.177.0,3168,17253,332,20421,315656.565657,57960.934330,48969.198374,0,1.0,dom,native,1,c4a54cdecc67,2333,19
cpp,bytes,document,100,89,yyjson,0.10.0,1020,10095,458,11115,980392.156863,99058.940069,89968.511021,0,1.0,dom,adapted,1,c4a54cdecc67,2334,20
cpp,bytes,document,100,89,custom_binary,harness,878,444,223,1322,1138952.164009,2252252.252252,756429.652042,0,1.0,struct,adapted,1,c4a54cdecc67,2335,21
cpp,bytes,document,100,89,nlohmann_cbor,3.11.3,2538,7687,338,10225,394011.032309,130089.761936,97799.511002,0,1.0,dom,native,1,c4a54cdecc67,2336,22
cpp,bytes,document,100,89,thrift,TBinaryProtocol,910,489,324,1399,1098901.098901,2044989.775051,714796.283059,0,1.0,schema,adapted,1,c4a54cdecc67,2337,23
cpp,bytes,document,100,89,nlohmann_bson,3.11.3,2578,7368,502,9946,387897.595035,135722.041260,100542.931832,0,1.0,dom,native,1,c4a54cdecc67,2338,24
cpp,bytes,document,100,89,protobuf-wire,wire-v2,1499,876,164,2375,667111.407605,1141552.511416,421052.631579,0,1.0,schema,adapted,1,c4a54cdecc67,2339,25
cpp,bytes,document,100,90,thrift,TBinaryProtocol,549,312,324,861,1821493.624772,3205128.205128,1161440.185830,0,1.0,schema,adapted,1,c4a54cdecc67,2340,0
cpp,bytes,document,100,90,nlohmann_cbor,3.11.3,2054,6527,338,8581,486854.917235,153209.744140,116536.534203,0,1.0,dom,native,1,c4a54cdecc67,2341,1
cpp,bytes,document,100,90,custom_binary,harness,788,391,223,1179,1269035.532995,2557544.757033,848176.420696,0,1.0,struct,adapted,1,c4a54cdecc67,2342,2
cpp,bytes,document,100,90,cereal,1.3.2,1356,1170,267,2526,737463.126844,854700.854701,395882.818686,0,1.0,struct,native,1,c4a54cdecc67,2343,3
cpp,bytes,document,100,90,nlohmann_ubjson,3.11.3,1839,7590,409,9429,543773.790103,131752.305665,106055.785343,0,1.0,dom,native,1,c4a54cdecc67,2344,4
cpp,bytes,document,100,90,avro_c,avro-c,2395,2612,125,5007,417536.534447,382848.392037,199720.391452,0,1.0,schema,adapted,1,c4a54cdecc67,2345,5
cpp,bytes,document,100,90,nlohmann_json,3.11.3,2515,7235,458,9750,397614.314115,138217.000691,102564.102564,0,1.0,struct,native,1,c4a54cdecc67,2346,6
cpp,bytes,document,100,90,capnproto,1.0.x,1927,603,392,2530,518941.359626,1658374.792703,395256.916996,0,1.0,schema,native,1,c4a54cdecc67,2347,7
cpp,bytes,document,100,90,simdjson,3.10.1,157,9621,458,9778,6369426.751592,103939.299449,102270.402945,0,1.0,dom,adapted,1,c4a54cdecc67,2348,8
cpp,bytes,document,100,90,msgpack,msgpack-cxx,1422,1304,332,2726,703234.880450,766871.165644,366837.857667,0,1.0,struct,native,1,c4a54cdecc67,2349,9
cpp,bytes,document,100,90,rapidjson,1.1.0,1228,12028,458,13256,814332.247557,83139.341536,75437.537719,0,1.0,dom,native,1,c4a54cdecc67,2350,10
cpp,bytes,document,100,90,cista,0.15,357,945,328,1302,2801120.448179,1058201.058201,768049.155146,0,1.0,archive,adapted,1,c4a54cdecc67,2351,11
cpp,bytes,document,100,90,avro,binary-1.11,490,518,125,1008,2040816.326531,1930501.930502,992063.492063,0,1.0,schema,adapted,1,c4a54cdecc67,2352,12
cpp,bytes,document,100,90,nlohmann_msgpack,3.11.3,2576,9265,332,11841,388198.757764,107933.081489,84452.326662,0,1.0,dom,native,1,c4a54cdecc67,2353,13
cpp,bytes,document,100,90,yyjson,0.10.0,1532,9072,458,10604,652741.514360,110229.276896,94304.036213,0,1.0,dom,adapted,1,c4a54cdecc67,2354,14
cpp,bytes,document,100,90,yas,7.x,787,423,274,1210,1270648.030496,2364066.193853,826446.280992,0,1.0,struct,adapted,1,c4a54cdecc67,2355,15
cpp,bytes,document,100,90,zpp_bits,4.4.25,625,370,227,995,1600000.000000,2702702.702703,1005025.125628,0,1.0,struct,adapted,1,c4a54cdecc67,2356,16
cpp,bytes,document,100,90,bitsery,5.2.4,214,328,190,542,4672897.196262,3048780.487805,1845018.450185,0,1.0,struct,adapted,1,c4a54cdecc67,2357,17
cpp,bytes,document,100,90,flexbuffers,flatbuffers-flex,4234,5974,467,10208,236183.278224,167392.032139,97962.382445,0,1.0,dom,adapted,1,c4a54cdecc67,2358,18
cpp,bytes,document,100,90,arduinojson,7.2.1,2885,12868,458,15753,346620.450607,77712.154181,63479.972069,0,1.0,dom,native,1,c4a54cdecc67,2359,19
cpp,bytes,document,100,90,flatbuffers,flatbuffers,433,902,188,1335,2309468.822171,1108647.450111,749063.670412,0,1.0,schema,adapted,1,c4a54cdecc67,2360,20
cpp,bytes,document,100,90,nlohmann_bson,3.11.3,2525,8304,502,10829,396039.603960,120423.892100,92344.630160,0,1.0,dom,native,1,c4a54cdecc67,2361,21
cpp,bytes,document,100,90,jsoncons_cbor,0.177.0,3584,18708,338,22292,279017.857143,53453.068206,44859.142293,0,1.0,dom,native,1,c4a54cdecc67,2362,22
cpp,bytes,document,100,90,jsoncons_bson,0.177.0,3762,15764,502,19526,265816.055290,63435.676224,51213.766260,0,1.0,dom,native,1,c4a54cdecc67,2363,23
cpp,bytes,document,100,90,protobuf-wire,wire-v2,1510,702,164,2212,662251.655629,1424501.424501,452079.566004,0,1.0,schema,adapted,1,c4a54cdecc67,2364,24
cpp,bytes,document,100,90,jsoncons_msgpack,0.177.0,3105,16715,332,19820,322061.191626,59826.503141,50454.086781,0,1.0,dom,native,1,c4a54cdecc67,2365,25
cpp,bytes,document,100,91,jsoncons_msgpack,0.177.0,2878,15498,332,18376,347463.516331,64524.454768,54418.807140,0,1.0,dom,native,1,c4a54cdecc67,2366,0
cpp,bytes,document,100,91,msgpack,msgpack-cxx,1561,1228,332,2789,640614.990391,814332.247557,358551.452133,0,1.0,struct,native,1,c4a54cdecc67,2367,1
cpp,bytes,document,100,91,nlohmann_ubjson,3.11.3,1887,9773,409,11660,529941.706412,102322.725877,85763.293310,0,1.0,dom,native,1,c4a54cdecc67,2368,2
cpp,bytes,document,100,91,flexbuffers,flatbuffers-flex,4904,7551,467,12455,203915.171289,132432.790359,80289.040546,0,1.0,dom,adapted,1,c4a54cdecc67,2369,3
cpp,bytes,document,100,91,thrift,TBinaryProtocol,963,649,324,1612,1038421.599169,1540832.049307,620347.394541,0,1.0,schema,adapted,1,c4a54cdecc67,2370,4
cpp,bytes,document,100,91,nlohmann_cbor,3.11.3,2804,9655,338,12459,356633.380884,103573.278094,80263.263504,0,1.0,dom,native,1,c4a54cdecc67,2371,5
cpp,bytes,document,100,91,simdjson,3.10.1,423,12483,458,12906,2364066.193853,80108.948170,77483.341082,0,1.0,dom,adapted,1,c4a54cdecc67,2372,6
cpp,bytes,document,100,91,capnproto,1.0.x,2519,990,392,3509,396982.929734,1010101.010101,284981.476204,0,1.0,schema,native,1,c4a54cdecc67,2373,7
cpp,bytes,document,100,91,rapidjson,1.1.0,2117,19824,458,21941,472366.556448,50443.906376,45576.774076,0,1.0,dom,native,1,c4a54cdecc67,2374,8
cpp,bytes,document,100,91,jsoncons_cbor,0.177.0,4675,28411,338,33086,213903.743316,35197.634719,30224.264039,0,1.0,dom,native,1,c4a54cdecc67,2375,9
cpp,bytes,document,100,91,cereal,1.3.2,2305,1784,267,4089,433839.479393,560538.116592,244558.571778,0,1.0,struct,native,1,c4a54cdecc67,2376,10
cpp,bytes,document,100,91,bitsery,5.2.4,506,568,190,1074,1976284.584980,1760563.380282,931098.696462,0,1.0,struct,adapted,1,c4a54cdecc67,2377,11
cpp,bytes,document,100,91,arduinojson,7.2.1,4377,23900,458,28277,228466.986520,41841.004184,35364.430456,0,1.0,dom,native,1,c4a54cdecc67,2378,12
cpp,bytes,document,100,91,avro,binary-1.11,1187,1127,125,2314,842459.983151,887311.446318,432152.117545,0,1.0,schema,adapted,1,c4a54cdecc67,2379,13
cpp,bytes,document,100,91,flatbuffers,flatbuffers,809,1636,188,2445,1236093.943140,611246.943765,408997.955010,0,1.0,schema,adapted,1,c4a54cdecc67,2380,14
cpp,bytes,document,100,91,zpp_bits,4.4.25,1226,731,227,1957,815660.685155,1367989.056088,510986.203373,0,1.0,struct,adapted,1,c4a54cdecc67,2381,15
cpp,bytes,document,100,91,jsoncons_bson,0.177.0,7195,28840,502,36035,138985.406532,34674.063800,27750.797835,0,1.0,dom,native,1,c4a54cdecc67,2382,16
cpp,bytes,document,100,91,cista,0.15,777,1768,328,2545,1287001.287001,565610.859729,392927.308448,0,1.0,archive,adapted,1,c4a54cdecc67,2383,17
cpp,bytes,document,100,91,nlohmann_bson,3.11.3,4694,14068,502,18762,213037.920750,71083.309639,53299.221831,0,1.0,dom,native,1,c4a54cdecc67,2384,18
cpp,bytes,document,100,91,nlohmann_json,3.11.3,4952,12903,458,17855,201938.610662,77501.356274,56006.720806,0,1.0,struct,native,1,c4a54cdecc67,2385,19
cpp,bytes,document,100,91,avro_c,avro-c,5605,5219,125,10824,178412.132025,191607.587660,92387.287509,0,1.0,schema,adapted,1,c4a54cdecc67,2386,20
cpp,bytes,document,100,91,protobuf-wire,wire-v2,2771,1576,164,4347,360880.548538,634517.766497,230043.708305,0,1.0,schema,adapted,1,c4a54cdecc67,2387,21
cpp,bytes,document,100,91,yyjson,0.10.0,3231,16805,458,20036,309501.702259,59506.099375,49910.161709,0,1.0,dom,adapted,1,c4a54cdecc67,2388,22
cpp,bytes,document,100,91,custom_binary,harness,1673,905,223,2578,597728.631201,1104972.375691,387897.595035,0,1.0,struct,adapted,1,c4a54cdecc67,2389,23
cpp,bytes,document,100,91,nlohmann_msgpack,3.11.3,5241,14979,332,20220,190803.281816,66760.130850,49455.984174,0,1.0,dom,native,1,c4a54cdecc67,2390,24
cpp,bytes,document,100,91,yas,7.x,2413,934,274,3347,414421.881475,1070663.811563,298775.022408,0,1.0,struct,adapted,1,c4a54cdecc67,2391,25
cpp,bytes,document,100,92,flatbuffers,flatbuffers,545,1473,188,2018,1834862.385321,678886.625933,495540.138751,0,1.0,schema,adapted,1,c4a54cdecc67,2392,0
cpp,bytes,document,100,92,nlohmann_bson,3.11.3,4017,14099,502,18116,248941.996515,70927.016100,55199.823361,0,1.0,dom,native,1,c4a54cdecc67,2393,1
cpp,bytes,document,100,92,cista,0.15,607,1563,328,2170,1647446.457990,639795.265515,460829.493088,0,1.0,archive,adapted,1,c4a54cdecc67,2394,2
cpp,bytes,document,100,92,protobuf-wire,wire-v2,2304,1180,164,3484,434027.777778,847457.627119,287026.406429,0,1.0,schema,adapted,1,c4a54cdecc67,2395,3
cpp,bytes,document,100,92,arduinojson,7.2.1,4628,23592,458,28220,216076.058773,42387.249915,35435.861091,0,1.0,dom,native,1,c4a54cdecc67,2396,4
cpp,bytes,document,100,92,jsoncons_msgpack,0.177.0,5261,31147,332,36408,190077.931952,32105.820785,27466.490881,0,1.0,dom,native,1,c4a54cdecc67,2397,5
cpp,bytes,document,100,92,custom_binary,harness,1465,659,223,2124,682593.856655,1517450.682853,470809.792844,0,1.0,struct,adapted,1,c4a54cdecc67,2398,6
cpp,bytes,document,100,92,avro,binary-1.11,915,788,125,1703,1092896.174863,1269035.532995,587199.060482,0,1.0,schema,adapted,1,c4a54cdecc67,2399,7
cpp,bytes,document,100,92,cereal,1.3.2,2169,1929,267,4098,461041.954818,518403.317781,244021.473890,0,1.0,struct,native,1,c4a54cdecc67,2400,8
cpp,bytes,document,100,92,yas,7.x,1729,678,274,2407,578368.999422,1474926.253687,415454.923141,0,1.0,struct,adapted,1,c4a54cdecc67,2401,9
cpp,bytes,document,100,92,capnproto,1.0.x,1313,1287,392,2600,761614.623001,777000.777001,384615.384615,0,1.0,schema,native,1,c4a54cdecc67,2402,10
cpp,bytes,document,100,92,bitsery,5.2.4,553,577,190,1130,1808318.264014,1733102.253033,884955.752212,0,1.0,struct,adapted,1,c4a54cdecc67,2403,11
cpp,bytes,document,100,92,yyjson,0.10.0,1289,16496,458,17785,775795.190070,60620.756547,56227.157717,0,1.0,dom,adapted,1,c4a54cdecc67,2404,12
cpp,bytes,document,100,92,zpp_bits,4.4.25,1105,710,227,1815,904977.375566,1408450.704225,550964.187328,0,1.0,struct,adapted,1,c4a54cdecc67,2405,13
cpp,bytes,document,100,92,simdjson,3.10.1,478,15267,458,15745,2092050.209205,65500.753259,63512.226104,0,1.0,dom,adapted,1,c4a54cdecc67,2406,14
cpp,bytes,document,100,92,avro_c,avro-c,4298,4892,125,9190,232666.356445,204415.372036,108813.928183,0,1.0,schema,adapted,1,c4a54cdecc67,2407,15
cpp,bytes,document,100,92,rapidjson,1.1.0,7728,20937,458,28665,129399.585921,47762.334623,34885.749171,0,1.0,dom,native,1,c4a54cdecc67,2408,16
cpp,bytes,document,100,92,nlohmann_json,3.11.3,4401,13867,458,18268,227221.086117,72113.651114,54740.529888,0,1.0,struct,native,1,c4a54cdecc67,2409,17
cpp,bytes,document,100,92,flexbuffers,flatbuffers-flex,10490,11026,467,21516,95328.884652,90694.721567,46477.040342,0,1.0,dom,adapted,1,c4a54cdecc67,2410,18
cpp,bytes,document,100,92,msgpack,msgpack-cxx,2468,2793,332,5261,405186.385737,358037.952023,190077.931952,0,1.0,struct,native,1,c4a54cdecc67,2411,19
cpp,bytes,document,100,92,thrift,TBinaryProtocol,1566,915,324,2481,638569.604087,1092896.174863,403063.280935,0,1.0,schema,adapted,1,c4a54cdecc67,2412,20
cpp,bytes,document,100,92,nlohmann_msgpack,3.11.3,4948,15231,332,20179,202101.859337,65655.570875,49556.469597,0,1.0,dom,native,1,c4a54cdecc67,2413,21
cpp,bytes,document,100,92,jsoncons_bson,0.177.0,7318,30439,502,37757,136649.357748,32852.590427,26485.155071,0,1.0,dom,native,1,c4a54cdecc67,2414,22
cpp,bytes,document,100,92,jsoncons_cbor,0.177.0,5002,30325,338,35327,199920.031987,32976.092333,28306.960682,0,1.0,dom,native,1,c4a54cdecc67,2415,23
cpp,bytes,document,100,92,nlohmann_cbor,3.11.3,4133,12837,338,16970,241954.996371,77899.820830,58927.519151,0,1.0,dom,native,1,c4a54cdecc67,2416,24
cpp,bytes,document,100,92,nlohmann_ubjson,3.11.3,4268,14375,409,18643,234301.780694,69565.217391,53639.435713,0,1.0,dom,native,1,c4a54cdecc67,2417,25
cpp,bytes,document,100,93,custom_binary,harness,1575,601,223,2176,634920.634921,1663893.510815,459558.823529,0,1.0,struct,adapted,1,c4a54cdecc67,2418,0
cpp,bytes,document,100,93,protobuf-wire,wire-v2,2653,1479,164,4132,376931.775349,676132.521974,242013.552759,0,1.0,schema,adapted,1,c4a54cdecc67,2419,1
cpp,bytes,document,100,93,nlohmann_json,3.11.3,4159,12209,458,16368,240442.414042,81906.790073,61094.819159,0,1.0,struct,native,1,c4a54cdecc67,2420,2
cpp,bytes,document,100,93,flexbuffers,flatbuffers-flex,9646,9513,467,19159,103669.914991,105119.310417,52194.790960,0,1.0,dom,adapted,1,c4a54cdecc67,2421,3
cpp,bytes,document,100,93,jsoncons_cbor,0.177.0,4610,32484,338,37094,216919.739696,30784.386159,26958.537769,0,1.0,dom,native,1,c4a54cdecc67,2422,4
cpp,bytes,document,100,93,nlohmann_bson,3.11.3,4470,13837,502,18307,223713.646532,72270.000723,54623.914350,0,1.0,dom,native,1,c4a54cdecc67,2423,5
cpp,bytes,document,100,93,thrift,TBinaryProtocol,1291,770,324,2061,774593.338497,1298701.298701,485201.358564,0,1.0,schema,adapted,1,c4a54cdecc67,2424,6
cpp,bytes,document,100,93,zpp_bits,4.4.25,1110,720,227,1830,900900.900901,1388888.888889,546448.087432,0,1.0,struct,adapted,1,c4a54cdecc67,2425,7
cpp,bytes,document,100,93,avro,binary-1.11,1154,1349,125,2503,866551.126516,741289.844329,399520.575310,0,1.0,schema,adapted,1,c4a54cdecc67,2426,8
cpp,bytes,document,100,93,jsoncons_bson,0.177.0,6427,29864,502,36291,155593.589544,33485.132601,27555.041195,0,1.0,dom,native,1,c4a54cdecc67,2427,9
cpp,bytes,document,100,93,yyjson,0.10.0,1966,15936,458,17902,508646.998983,62751.004016,55859.680483,0,1.0,dom,adapted,1,c4a54cdecc67,2428,10
cpp,bytes,document,100,93,avro_c,avro-c,4267,5084,125,9351,234356.690884,196695.515342,106940.434178,0,1.0,schema,adapted,1,c4a54cdecc67,2429,11
cpp,bytes,document,100,93,cista,0.15,651,1717,328,2368,1536098.310292,582411.182295,422297.297297,0,1.0,archive,adapted,1,c4a54cdecc67,2430,12
cpp,bytes,document,100,93,bitsery,5.2.4,535,678,190,1213,1869158.878505,1474926.253687,824402.308326,0,1.0,struct,adapted,1,c4a54cdecc67,2431,13
cpp,bytes,document,100,93,nlohmann_msgpack,3.11.3,4206,13994,332,18200,237755.587256,71459.196799,54945.054945,0,1.0,dom,native,1,c4a54cdecc67,2432,14
cpp,bytes,document,100,93,arduinojson,7.2.1,4537,24007,458,28544,220409.962530,41654.517432,35033.632287,0,1.0,dom,native,1,c4a54cdecc67,2433,15
cpp,bytes,document,100,93,jsoncons_msgpack,0.177.0,4920,29257,332,34177,203252.032520,34179.854394,29259.443485,0,1.0,dom,native,1,c4a54cdecc67,2434,16
cpp,bytes,document,100,93,capnproto,1.0.x,2088,1516,392,3604,478927.203065,659630.606860,277469.478357,0,1.0,schema,native,1,c4a54cdecc67,2435,17
cpp,bytes,document,100,93,nlohmann_cbor,3.11.3,3804,13146,338,16950,262881.177708,76068.766165,58997.050147,0,1.0,dom,native,1,c4a54cdecc67,2436,18
cpp,bytes,document,100,93,flatbuffers,flatbuffers,1825,1626,188,3451,547945.205479,615006.150062,289771.080846,0,1.0,schema,adapted,1,c4a54cdecc67,2437,19
cpp,bytes,document,100,93,yas,7.x,816,786,274,1602,1225490.196078,1272264.631043,624219.725343,0,1.0,struct,adapted,1,c4a54cdecc67,2438,20
cpp,bytes,document,100,93,cereal,1.3.2,2729,1974,267,4703,366434.591425,506585.612969,212630.236020,0,1.0,struct,native,1,c4a54cdecc67,2439,21
cpp,bytes,document,100,93,nlohmann_ubjson,3.11.3,3303,15787,409,19090,302755.071147,63343.257110,52383.446831,0,1.0,dom,native,1,c4a54cdecc67,2440,22
cpp,bytes,document,100,93,rapidjson,1.1.0,3465,20239,458,23704,288600.288600,49409.555808,42186.972663,0,1.0,dom,native,1,c4a54cdecc67,2441,23
cpp,bytes,document,100,93,msgpack,msgpack-cxx,1904,2485,332,4389,525210.084034,402414.486922,227842.333105,0,1.0,struct,native,1,c4a54cdecc67,2442,24
cpp,bytes,document,100,93,simdjson,3.10.1,309,16950,458,17259,3236245.954693,58997.050147,57940.784518,0,1.0,dom,adapted,1,c4a54cdecc67,2443,25
cpp,bytes,document,100,94,yas,7.x,1272,610,274,1882,786163.522013,1639344.262295,531349.628055,0,1.0,struct,adapted,1,c4a54cdecc67,2444,0
cpp,bytes,document,100,94,zpp_bits,4.4.25,1218,651,227,1869,821018.062397,1536098.310292,535045.478866,0,1.0,struct,adapted,1,c4a54cdecc67,2445,1
cpp,bytes,document,100,94,jsoncons_msgpack,0.177.0,4807,30156,332,34963,208029.956314,33160.896671,28601.664617,0,1.0,dom,native,1,c4a54cdecc67,2446,2
cpp,bytes,document,100,94,jsoncons_bson,0.177.0,6701,28726,502,35427,149231.457991,34811.668871,28227.058458,0,1.0,dom,native,1,c4a54cdecc67,2447,3
cpp,bytes,document,100,94,cista,0.15,826,1648,328,2474,1210653.753027,606796.116505,404203.718674,0,1.0,archive,adapted,1,c4a54cdecc67,2448,4
cpp,bytes,document,100,94,msgpack,msgpack-cxx,2223,1980,332,4203,449842.555106,505050.505051,237925.291458,0,1.0,struct,native,1,c4a54cdecc67,2449,5
cpp,bytes,document,100,94,flatbuffers,flatbuffers,386,1465,188,1851,2590673.575130,682593.856655,540248.514317,0,1.0,schema,adapted,1,c4a54cdecc67,2450,6
cpp,bytes,document,100,94,simdjson,3.10.1,296,15368,458,15664,3378378.378378,65070.275898,63840.653728,0,1.0,dom,adapted,1,c4a54cdecc67,2451,7
cpp,bytes,document,100,94,rapidjson,1.1.0,2275,19500,458,21775,439560.439560,51282.051282,45924.225029,0,1.0,dom,native,1,c4a54cdecc67,2452,8
cpp,bytes,document,100,94,avro,binary-1.11,1128,1029,125,2157,886524.822695,971817.298348,463606.861382,0,1.0,schema,adapted,1,c4a54cdecc67,2453,9
cpp,bytes,document,100,94,protobuf-wire,wire-v2,2893,1187,164,4080,345661.942620,842459.983151,245098.039216,0,1.0,schema,adapted,1,c4a54cdecc67,2454,10
cpp,bytes,document,100,94,custom_binary,harness,1580,784,223,2364,632911.392405,1275510.204082,423011.844332,0,1.0,struct,adapted,1,c4a54cdecc67,2455,11
cpp,bytes,document,100,94,nlohmann_msgpack,3.11.3,4328,15508,332,19836,231053.604436,64482.847563,50413.389796,0,1.0,dom,native,1,c4a54cdecc67,2456,12
cpp,bytes,document,100,94,avro_c,avro-c,4358,5310,125,9668,229463.056448,188323.917137,103434.009102,0,1.0,schema,adapted,1,c4a54cdecc67,2457,13
cpp,bytes,document,100,94,flexbuffers,flatbuffers-flex,10038,9973,467,20011,99621.438534,100270.730974,49972.515117,0,1.0,dom,adapted,1,c4a54cdecc67,2458,14
cpp,bytes,document,100,94,capnproto,1.0.x,2817,1438,392,4255,354987.575435,695410.292072,235017.626322,0,1.0,schema,native,1,c4a54cdecc67,2459,15
cpp,bytes,document,100,94,nlohmann_bson,3.11.3,4658,14930,502,19588,214684.413912,66979.236437,51051.664284,0,1.0,dom,native,1,c4a54cdecc67,2460,16
cpp,bytes,document,100,94,bitsery,5.2.4,489,652,190,1141,2044989.775051,1533742.331288,876424.189308,0,1.0,struct,adapted,1,c4a54cdecc67,2461,17
cpp,bytes,document,100,94,arduinojson,7.2.1,4645,24873,458,29518,215285.252960,40204.237527,33877.633986,0,1.0,dom,native,1,c4a54cdecc67,2462,18
cpp,bytes,document,100,94,nlohmann_ubjson,3.11.3,3169,15301,409,18470,315556.958031,65355.205542,54141.851651,0,1.0,dom,native,1,c4a54cdecc67,2463,19
cpp,bytes,document,100,94,nlohmann_json,3.11.3,12328,13211,458,25539,81116.158339,75694.497010,39155.800932,0,1.0,struct,native,1,c4a54cdecc67,2464,20
cpp,bytes,document,100,94,thrift,TBinaryProtocol,1823,1090,324,2913,548546.352167,917431.192661,343288.705802,0,1.0,schema,adapted,1,c4a54cdecc67,2465,21
cpp,bytes,document,100,94,yyjson,0.10.0,3160,17002,458,20162,316455.696203,58816.609811,49598.254141,0,1.0,dom,adapted,1,c4a54cdecc67,2466,22
cpp,bytes,document,100,94,nlohmann_cbor,3.11.3,4396,13988,338,18384,227479.526843,71489.848442,54395.126197,0,1.0,dom,native,1,c4a54cdecc67,2467,23
cpp,bytes,document,100,94,cereal,1.3.2,2331,2034,267,4365,429000.429000,491642.084562,229095.074456,0,1.0,struct,native,1,c4a54cdecc67,2468,24
cpp,bytes,document,100,94,jsoncons_cbor,0.177.0,5514,34169,338,39683,181356.546971,29266.294009,25199.707683,0,1.0,dom,native,1,c4a54cdecc67,2469,25
cpp,bytes,document,100,95,nlohmann_ubjson,3.11.3,2700,15216,409,17916,370370.370370,65720.294427,55816.030364,0,1.0,dom,native,1,c4a54cdecc67,2470,0
cpp,bytes,document,100,95,jsoncons_bson,0.177.0,6871,29450,502,36321,145539.222821,33955.857385,27532.281600,0,1.0,dom,native,1,c4a54cdecc67,2471,1
cpp,bytes,document,100,95,nlohmann_msgpack,3.11.3,4091,13885,332,17976,244439.012466,72020.165646,55629.728527,0,1.0,dom,native,1,c4a54cdecc67,2472,2
cpp,bytes,document,100,95,nlohmann_bson,3.11.3,3969,12127,502,16096,251952.632905,82460.625052,62127.236581,0,1.0,dom,native,1,c4a54cdecc67,2473,3
cpp,bytes,document,100,95,custom_binary,harness,1429,774,223,2203,699790.062981,1291989.664083,453926.463913,0,1.0,struct,adapted,1,c4a54cdecc67,2474,4
cpp,bytes,document,100,95,thrift,TBinaryProtocol,1451,836,324,2287,689179.875948,1196172.248804,437254.044600,0,1.0,schema,adapted,1,c4a54cdecc67,2475,5
cpp,bytes,document,100,95,capnproto,1.0.x,2747,1340,392,4087,364033.491081,746268.656716,244678.248104,0,1.0,schema,native,1,c4a54cdecc67,2476,6
cpp,bytes,document,100,95,bitsery,5.2.4,444,620,190,1064,2252252.252252,1612903.225806,939849.624060,0,1.0,struct,adapted,1,c4a54cdecc67,2477,7
cpp,bytes,document,100,95,flexbuffers,flatbuffers-flex,9195,9641,467,18836,108754.758021,103723.680116,53089.827989,0,1.0,dom,adapted,1,c4a54cdecc67,2478,8
cpp,bytes,document,100,95,avro,binary-1.11,1242,1312,125,2554,805152.979066,762195.121951,391542.678152,0,1.0,schema,adapted,1,c4a54cdecc67,2479,9
cpp,bytes,document,100,95,cista,0.15,672,1636,328,2308,1488095.238095,611246.943765,433275.563258,0,1.0,archive,adapted,1,c4a54cdecc67,2480,10
cpp,bytes,document,100,95,jsoncons_cbor,0.177.0,5178,31511,338,36689,193124.758594,31734.949700,27256.125814,0,1.0,dom,native,1,c4a54cdecc67,2481,11
cpp,bytes,document,100,95,jsoncons_msgpack,0.177.0,4589,28621,332,33210,217912.399216,34939.380175,30111.412225,0,1.0,dom,native,1,c4a54cdecc67,2482,12
cpp,bytes,document,100,95,zpp_bits,4.4.25,1303,721,227,2024,767459.708365,1386962.552011,494071.146245,0,1.0,struct,adapted,1,c4a54cdecc67,2483,13
cpp,bytes,document,100,95,avro_c,avro-c,4348,5209,125,9557,229990.800368,191975.427145,104635.345820,0,1.0,schema,adapted,1,c4a54cdecc67,2484,14
cpp,bytes,document,100,95,nlohmann_cbor,3.11.3,4020,13655,338,17675,248756.218905,73233.247895,56577.086280,0,1.0,dom,native,1,c4a54cdecc67,2485,15
cpp,bytes,document,100,95,protobuf-wire,wire-v2,2725,1640,164,4365,366972.477064,609756.097561,229095.074456,0,1.0,schema,adapted,1,c4a54cdecc67,2486,16
cpp,bytes,document,100,95,yas,7.x,2480,860,274,3340,403225.806452,1162790.697674,299401.197605,0,1.0,struct,adapted,1,c4a54cdecc67,2487,17
cpp,bytes,document,100,95,arduinojson,7.2.1,4391,25559,458,29950,227738.556138,39125.161391,33388.981636,0,1.0,dom,native,1,c4a54cdecc67,2488,18
cpp,bytes,document,100,95,rapidjson,1.1.0,2885,18879,458,21764,346620.450607,52968.907251,45947.436133,0,1.0,dom,native,1,c4a54cdecc67,2489,19
cpp,bytes,document,100,95,msgpack,msgpack-cxx,2098,2401,332,4499,476644.423260,416493.127863,222271.615915,0,1.0,struct,native,1,c4a54cdecc67,2490,20
cpp,bytes,document,100,95,yyjson,0.10.0,1501,17400,458,18901,666222.518321,57471.264368,52907.253584,0,1.0,dom,adapted,1,c4a54cdecc67,2491,21
cpp,bytes,document,100,95,flatbuffers,flatbuffers,1348,1449,188,2797,741839.762611,690131.124914,357525.920629,0,1.0,schema,adapted,1,c4a54cdecc67,2492,22
cpp,bytes,document,100,95,simdjson,3.10.1,301,16943,458,17244,3322259.136213,59021.424777,57991.185340,0,1.0,dom,adapted,1,c4a54cdecc67,2493,23
cpp,bytes,document,100,95,nlohmann_json,3.11.3,4558,13130,458,17688,219394.471259,76161.462300,56535.504297,0,1.0,struct,native,1,c4a54cdecc67,2494,24
cpp,bytes,document,100,95,cereal,1.3.2,2272,1969,267,4241,440140.845070,507872.016252,235793.444942,0,1.0,struct,native,1,c4a54cdecc67,2495,25
cpp,bytes,document,100,96,jsoncons_bson,0.177.0,7198,30788,502,37986,138927.479856,32480.187086,26325.488338,0,1.0,dom,native,1,c4a54cdecc67,2496,0
cpp,bytes,document,100,96,rapidjson,1.1.0,2230,20181,458,22411,448430.493274,49551.558397,44620.945072,0,1.0,dom,native,1,c4a54cdecc67,2497,1
cpp,bytes,document,100,96,avro,binary-1.11,1068,1112,125,2180,936329.588015,899280.575540,458715.596330,0,1.0,schema,adapted,1,c4a54cdecc67,2498,2
cpp,bytes,document,100,96,capnproto,1.0.x,1574,1191,392,2765,635324.015248,839630.562552,361663.652803,0,1.0,schema,native,1,c4a54cdecc67,2499,3
cpp,bytes,document,100,96,nlohmann_json,3.11.3,3931,13042,458,16973,254388.196388,76675.356540,58917.103635,0,1.0,struct,native,1,c4a54cdecc67,2500,4
cpp,bytes,document,100,96,simdjson,3.10.1,283,14980,458,15263,3533568.904594,66755.674232,65517.919151,0,1.0,dom,adapted,1,c4a54cdecc67,2501,5
cpp,bytes,document,100,96,cista,0.15,596,1678,328,2274,1677852.348993,595947.556615,439753.737907,0,1.0,archive,adapted,1,c4a54cdecc67,2502,6
cpp,bytes,document,100,96,custom_binary,harness,1635,712,223,2347,611620.795107,1404494.382022,426075.841500,0,1.0,struct,adapted,1,c4a54cdecc67,2503,7
cpp,bytes,document,100,96,arduinojson,7.2.1,4530,23171,458,27701,220750.551876,43157.395020,36099.779791,0,1.0,dom,native,1,c4a54cdecc67,2504,8
cpp,bytes,document,100,96,flexbuffers,flatbuffers-flex,9160,10774,467,19934,109170.305677,92816.038611,50165.546303,0,1.0,dom,adapted,1,c4a54cdecc67,2505,9
cpp,bytes,document,100,96,cereal,1.3.2,1976,1899,267,3875,506072.874494,526592.943655,258064.516129,0,1.0,struct,native,1,c4a54cdecc67,2506,10
cpp,bytes,document,100,96,nlohmann_ubjson,3.11.3,3243,15702,409,18945,308356.460068,63686.154630,52784.375825,0,1.0,dom,native,1,c4a54cdecc67,2507,11
cpp,bytes,document,100,96,yyjson,0.10.0,2851,17238,458,20089,350754.121361,58011.370229,49778.485738,0,1.0,dom,adapted,1,c4a54cdecc67,2508,12
cpp,bytes,document,100,96,thrift,TBinaryProtocol,1594,905,324,2499,627352.572146,1104972.375691,400160.064026,0,1.0,schema,adapted,1,c4a54cdecc67,2509,13
cpp,bytes,document,100,96,yas,7.x,1359,751,274,2110,735835.172921,1331557.922770,473933.649289,0,1.0,struct,adapted,1,c4a54cdecc67,2510,14
cpp,bytes,document,100,96,avro_c,avro-c,4174,4998,125,9172,239578.342118,200080.032013,109027.474924,0,1.0,schema,adapted,1,c4a54cdecc67,2511,15
cpp,bytes,document,100,96,nlohmann_cbor,3.11.3,4102,13821,338,17923,243783.520234,72353.664713,55794.230877,0,1.0,dom,native,1,c4a54cdecc67,2512,16
cpp,bytes,document,100,96,jsoncons_msgpack,0.177.0,4798,32551,332,37349,208420.175073,30721.022396,26774.478567,0,1.0,dom,native,1,c4a54cdecc67,2513,17
cpp,bytes,document,100,96,zpp_bits,4.4.25,1267,679,227,1946,789265.982636,1472754.050074,513874.614594,0,1.0,struct,adapted,1,c4a54cdecc67,2514,18
cpp,bytes,document,100,96,nlohmann_msgpack,3.11.3,3917,14121,332,18038,255297.421496,70816.514411,55438.518683,0,1.0,dom,native,1,c4a54cdecc67,2515,19
cpp,bytes,document,100,96,bitsery,5.2.4,505,643,190,1148,1980198.019802,1555209.953344,871080.139373,0,1.0,struct,adapted,1,c4a54cdecc67,2516,20
cpp,bytes,document,100,96,jsoncons_cbor,0.177.0,5255,32212,338,37467,190294.957184,31044.331305,26690.154002,0,1.0,dom,native,1,c4a54cdecc67,2517,21
cpp,bytes,document,100,96,protobuf-wire,wire-v2,2656,1556,164,4212,376506.024096,642673.521851,237416.904084,0,1.0,schema,adapted,1,c4a54cdecc67,2518,22
cpp,bytes,document,100,96,msgpack,msgpack-cxx,2465,2373,332,4838,405679.513185,421407.501054,206696.982224,0,1.0,struct,native,1,c4a54cdecc67,2519,23
cpp,bytes,document,100,96,flatbuffers,flatbuffers,440,1382,188,1822,2272727.272727,723589.001447,548847.420417,0,1.0,schema,adapted,1,c4a54cdecc67,2520,24
cpp,bytes,document,100,96,nlohmann_bson,3.11.3,4544,19121,502,23665,220070.422535,52298.519952,42256.496936,0,1.0,dom,native,1,c4a54cdecc67,2521,25
cpp,bytes,document,100,97,jsoncons_cbor,0.177.0,5014,31445,338,36459,199441.563622,31801.558276,27428.069887,0,1.0,dom,native,1,c4a54cdecc67,2522,0
cpp,bytes,document,100,97,nlohmann_json,3.11.3,4359,13242,458,17601,229410.415233,75517.293460,56814.953696,0,1.0,struct,native,1,c4a54cdecc67,2523,1
cpp,bytes,document,100,97,custom_binary,harness,1577,702,223,2279,634115.409004,1424501.424501,438788.942519,0,1.0,struct,adapted,1,c4a54cdecc67,2524,2
cpp,bytes,document,100,97,nlohmann_msgpack,3.11.3,4189,13420,332,17609,238720.458343,74515.648286,56789.141916,0,1.0,dom,native,1,c4a54cdecc67,2525,3
cpp,bytes,document,100,97,cista,0.15,644,1793,328,2437,1552795.031056,557724.484105,410340.582684,0,1.0,archive,adapted,1,c4a54cdecc67,2526,4
cpp,bytes,document,100,97,nlohmann_ubjson,3.11.3,3261,14884,409,18145,306654.400491,67186.240258,55111.600992,0,1.0,dom,native,1,c4a54cdecc67,2527,5
cpp,bytes,document,100,97,bitsery,5.2.4,1396,1343,190,2739,716332.378223,744601.638124,365096.750639,0,1.0,struct,adapted,1,c4a54cdecc67,2528,6
cpp,bytes,document,100,97,yyjson,0.10.0,5613,18761,458,24374,178157.847853,53302.062790,41027.324198,0,1.0,dom,adapted,1,c4a54cdecc67,2529,7
cpp,bytes,document,100,97,jsoncons_bson,0.177.0,6873,28972,502,35845,145496.871817,34516.084495,27897.893709,0,1.0,dom,native,1,c4a54cdecc67,2530,8
cpp,bytes,document,100,97,flatbuffers,flatbuffers,1479,1917,188,3396,676132.521974,521648.408972,294464.075383,0,1.0,schema,adapted,1,c4a54cdecc67,2531,9
cpp,bytes,document,100,97,yas,7.x,1135,892,274,2027,881057.268722,1121076.233184,493339.911199,0,1.0,struct,adapted,1,c4a54cdecc67,2532,10
cpp,bytes,document,100,97,rapidjson,1.1.0,2860,16763,458,19623,349650.349650,59655.192985,50960.607450,0,1.0,dom,native,1,c4a54cdecc67,2533,11
cpp,bytes,document,100,97,protobuf-wire,wire-v2,2669,988,164,3657,374672.161858,1012145.748988,273448.181570,0,1.0,schema,adapted,1,c4a54cdecc67,2534,12
cpp,bytes,document,100,97,simdjson,3.10.1,388,14495,458,14883,2577319.587629,68989.306657,67190.754552,0,1.0,dom,adapted,1,c4a54cdecc67,2535,13
cpp,bytes,document,100,97,avro_c,avro-c,5371,4903,125,10274,186185.067958,203956.761167,97333.073778,0,1.0,schema,adapted,1,c4a54cdecc67,2536,14
cpp,bytes,document,100,97,flexbuffers,flatbuffers-flex,8345,8062,467,16407,119832.234871,124038.700074,60949.594685,0,1.0,dom,adapted,1,c4a54cdecc67,2537,15
cpp,bytes,document,100,97,thrift,TBinaryProtocol,1695,1260,324,2955,589970.501475,793650.793651,338409.475465,0,1.0,schema,adapted,1,c4a54cdecc67,2538,16
cpp,bytes,document,100,97,cereal,1.3.2,3958,1791,267,5749,252652.854977,558347.292016,173943.294486,0,1.0,struct,native,1,c4a54cdecc67,2539,17
cpp,bytes,document,100,97,jsoncons_msgpack,0.177.0,4720,22659,332,27379,211864.406780,44132.574253,36524.343475,0,1.0,dom,native,1,c4a54cdecc67,2540,18
cpp,bytes,document,100,97,avro,binary-1.11,1215,1065,125,2280,823045.267490,938967.136150,438596.491228,0,1.0,schema,adapted,1,c4a54cdecc67,2541,19
cpp,bytes,document,100,97,nlohmann_bson,3.11.3,4331,11260,502,15591,230893.558070,88809.946714,64139.567699,0,1.0,dom,native,1,c4a54cdecc67,2542,20
cpp,bytes,document,100,97,zpp_bits,4.4.25,1242,694,227,1936,805152.979066,1440922.190202,516528.925620,0,1.0,struct,adapted,1,c4a54cdecc67,2543,21
cpp,bytes,document,100,97,capnproto,1.0.x,2971,1992,392,4963,336587.007742,502008.032129,201491.033649,0,1.0,schema,native,1,c4a54cdecc67,2544,22
cpp,bytes,document,100,97,nlohmann_cbor,3.11.3,3772,10549,338,14321,265111.346766,94795.715234,69827.526011,0,1.0,dom,native,1,c4a54cdecc67,2545,23
cpp,bytes,document,100,97,msgpack,msgpack-cxx,2508,2481,332,4989,398724.082935,403063.280935,200440.970134,0,1.0,struct,native,1,c4a54cdecc67,2546,24
cpp,bytes,document,100,97,arduinojson,7.2.1,3614,17111,458,20725,276701.715551,58441.937935,48250.904704,0,1.0,dom,native,1,c4a54cdecc67,2547,25
cpp,bytes,document,100,98,nlohmann_bson,3.11.3,2478,9414,502,11892,403551.251009,106224.771617,84090.144635,0,1.0,dom,native,1,c4a54cdecc67,2548,0
cpp,bytes,document,100,98,nlohmann_ubjson,3.11.3,2975,9892,409,12867,336134.453782,101091.791347,77718.193829,0,1.0,dom,native,1,c4a54cdecc67,2549,1
cpp,bytes,document,100,98,nlohmann_msgpack,3.11.3,3321,8912,332,12233,301114.122252,112208.258528,81746.096624,0,1.0,dom,native,1,c4a54cdecc67,2550,2
cpp,bytes,document,100,98,arduinojson,7.2.1,2760,15932,458,18692,362318.840580,62766.758725,53498.823026,0,1.0,dom,native,1,c4a54cdecc67,2551,3
cpp,bytes,document,100,98,msgpack,msgpack-cxx,1118,1253,332,2371,894454.382826,798084.596967,421762.969211,0,1.0,struct,native,1,c4a54cdecc67,2552,4
cpp,bytes,document,100,98,rapidjson,1.1.0,2355,13268,458,15623,424628.450106,75369.309617,64008.193049,0,1.0,dom,native,1,c4a54cdecc67,2553,5
cpp,bytes,document,100,98,yyjson,0.10.0,1263,11508,458,12771,791765.637371,86896.072298,78302.403884,0,1.0,dom,adapted,1,c4a54cdecc67,2554,6
cpp,bytes,document,100,98,flatbuffers,flatbuffers,848,1141,188,1989,1179245.283019,876424.189308,502765.208648,0,1.0,schema,adapted,1,c4a54cdecc67,2555,7
cpp,bytes,document,100,98,custom_binary,harness,1440,894,223,2334,694444.444444,1118568.232662,428449.014567,0,1.0,struct,adapted,1,c4a54cdecc67,2556,8
cpp,bytes,document,100,98,jsoncons_bson,0.177.0,5764,19761,502,25525,173490.631506,50604.726481,39177.277179,0,1.0,dom,native,1,c4a54cdecc67,2557,9
cpp,bytes,document,100,98,jsoncons_msgpack,0.177.0,3723,53213,332,56936,268600.590921,18792.400353,17563.580160,0,1.0,dom,native,1,c4a54cdecc67,2558,10
cpp,bytes,document,100,98,avro_c,avro-c,4837,4844,125,9681,206739.714699,206440.957886,103295.114141,0,1.0,schema,adapted,1,c4a54cdecc67,2559,11
cpp,bytes,document,100,98,bitsery,5.2.4,681,684,190,1365,1468428.781204,1461988.304094,732600.732601,0,1.0,struct,adapted,1,c4a54cdecc67,2560,12
cpp,bytes,document,100,98,protobuf-wire,wire-v2,2359,1556,164,3915,423908.435778,642673.521851,255427.841635,0,1.0,schema,adapted,1,c4a54cdecc67,2561,13
cpp,bytes,document,100,98,cereal,1.3.2,3191,1738,267,4929,313381.385146,575373.993096,202880.908906,0,1.0,struct,native,1,c4a54cdecc67,2562,14
cpp,bytes,document,100,98,nlohmann_cbor,3.11.3,4144,10916,338,15060,241312.741313,91608.647856,66401.062417,0,1.0,dom,native,1,c4a54cdecc67,2563,15
cpp,bytes,document,100,98,flexbuffers,flatbuffers-flex,7767,7773,467,15540,128749.839063,128650.456709,64350.064350,0,1.0,dom,adapted,1,c4a54cdecc67,2564,16
cpp,bytes,document,100,98,zpp_bits,4.4.25,1228,615,227,1843,814332.247557,1626016.260163,542593.597396,0,1.0,struct,adapted,1,c4a54cdecc67,2565,17
cpp,bytes,document,100,98,capnproto,1.0.x,2922,1702,392,4624,342231.348392,587544.065805,216262.975779,0,1.0,schema,native,1,c4a54cdecc67,2566,18
cpp,bytes,document,100,98,nlohmann_json,3.11.3,3809,9646,458,13455,262536.098714,103669.914991,74321.813452,0,1.0,struct,native,1,c4a54cdecc67,2567,19
cpp,bytes,document,100,98,jsoncons_cbor,0.177.0,4466,21311,338,25777,223914.017017,46924.123692,38794.273965,0,1.0,dom,native,1,c4a54cdecc67,2568,20
cpp,bytes,document,100,98,cista,0.15,842,1683,328,2525,1187648.456057,594177.064765,396039.603960,0,1.0,archive,adapted,1,c4a54cdecc67,2569,21
cpp,bytes,document,100,98,simdjson,3.10.1,221,16404,458,16625,4524886.877828,60960.741283,60150.375940,0,1.0,dom,adapted,1,c4a54cdecc67,2570,22
cpp,bytes,document,100,98,avro,binary-1.11,1331,1282,125,2613,751314.800902,780031.201248,382701.875239,0,1.0,schema,adapted,1,c4a54cdecc67,2571,23
cpp,bytes,document,100,98,yas,7.x,1986,999,274,2985,503524.672709,1001001.001001,335008.375209,0,1.0,struct,adapted,1,c4a54cdecc67,2572,24
cpp,bytes,document,100,98,thrift,TBinaryProtocol,1915,1188,324,3103,522193.211488,841750.841751,322268.772156,0,1.0,schema,adapted,1,c4a54cdecc67,2573,25
cpp,bytes,document,100,99,flatbuffers,flatbuffers,729,1364,188,2093,1371742.112483,733137.829912,477783.086479,0,1.0,schema,adapted,1,c4a54cdecc67,2574,0
cpp,bytes,document,100,99,cereal,1.3.2,2175,1785,267,3960,459770.114943,560224.089636,252525.252525,0,1.0,struct,native,1,c4a54cdecc67,2575,1
cpp,bytes,document,100,99,yyjson,0.10.0,2000,18741,458,20741,500000.000000,53358.945627,48213.683043,0,1.0,dom,adapted,1,c4a54cdecc67,2576,2
cpp,bytes,document,100,99,avro_c,avro-c,4359,5208,125,9567,229410.415233,192012.288786,104525.974705,0,1.0,schema,adapted,1,c4a54cdecc67,2577,3
cpp,bytes,document,100,99,capnproto,1.0.x,2108,1475,392,3583,474383.301708,677966.101695,279095.729835,0,1.0,schema,native,1,c4a54cdecc67,2578,4
cpp,bytes,document,100,99,nlohmann_ubjson,3.11.3,3512,11469,409,14981,284738.041002,87191.559857,66751.218210,0,1.0,dom,native,1,c4a54cdecc67,2579,5
cpp,bytes,document,100,99,nlohmann_msgpack,3.11.3,3133,8912,332,12045,319182.891797,112208.258528,83022.000830,0,1.0,dom,native,1,c4a54cdecc67,2580,6
cpp,bytes,document,100,99,jsoncons_bson,0.177.0,5387,21228,502,26615,185632.077223,47107.593744,37572.797295,0,1.0,dom,native,1,c4a54cdecc67,2581,7
cpp,bytes,document,100,99,msgpack,msgpack-cxx,2086,2351,332,4437,479386.385427,425350.914504,225377.507325,0,1.0,struct,native,1,c4a54cdecc67,2582,8
cpp,bytes,document,100,99,protobuf-wire,wire-v2,1973,956,164,2929,506842.372022,1046025.104603,341413.451690,0,1.0,schema,adapted,1,c4a54cdecc67,2583,9
cpp,bytes,document,100,99,nlohmann_json,3.11.3,3358,8698,458,12056,297796.307326,114968.958381,82946.250829,0,1.0,struct,native,1,c4a54cdecc67,2584,10
cpp,bytes,document,100,99,nlohmann_bson,3.11.3,3465,9858,502,13323,288600.288600,101440.454453,75058.170082,0,1.0,dom,native,1,c4a54cdecc67,2585,11
cpp,bytes,document,100,99,avro,binary-1.11,912,907,125,1819,1096491.228070,1102535.832415,549752.611325,0,1.0,schema,adapted,1,c4a54cdecc67,2586,12
cpp,bytes,document,100,99,arduinojson,7.2.1,3323,22295,458,25618,300932.891965,44853.106078,39035.053478,0,1.0,dom,native,1,c4a54cdecc67,2587,13
cpp,bytes,document,100,99,nlohmann_cbor,3.11.3,3108,9856,338,12964,321750.321750,101461.038961,77136.686208,0,1.0,dom,native,1,c4a54cdecc67,2588,14
cpp,bytes,document,100,99,jsoncons_msgpack,0.177.0,4151,20570,332,24721,240905.805830,48614.487117,40451.438049,0,1.0,dom,native,1,c4a54cdecc67,2589,15
cpp,bytes,document,100,99,thrift,TBinaryProtocol,1546,970,324,2516,646830.530401,1030927.835052,397456.279809,0,1.0,schema,adapted,1,c4a54cdecc67,2590,16
cpp,bytes,document,100,99,jsoncons_cbor,0.177.0,3769,19095,338,22864,265322.366676,52369.730296,43736.878936,0,1.0,dom,native,1,c4a54cdecc67,2591,17
cpp,bytes,document,100,99,flexbuffers,flatbuffers-flex,7587,7497,467,15084,131804.402267,133386.688009,66295.412357,0,1.0,dom,adapted,1,c4a54cdecc67,2592,18
cpp,bytes,document,100,99,custom_binary,harness,1275,812,223,2087,784313.725490,1231527.093596,479156.684236,0,1.0,struct,adapted,1,c4a54cdecc67,2593,19
cpp,bytes,document,100,99,yas,7.x,1348,812,274,2160,741839.762611,1231527.093596,462962.962963,0,1.0,struct,adapted,1,c4a54cdecc67,2594,20
cpp,bytes,document,100,99,zpp_bits,4.4.25,1095,573,227,1668,913242.009132,1745200.698080,599520.383693,0,1.0,struct,adapted,1,c4a54cdecc67,2595,21
cpp,bytes,document,100,99,rapidjson,1.1.0,2869,15280,458,18149,348553.502963,65445.026178,55099.454515,0,1.0,dom,native,1,c4a54cdecc67,2596,22
cpp,bytes,document,100,99,bitsery,5.2.4,570,499,190,1069,1754385.964912,2004008.016032,935453.695042,0,1.0,struct,adapted,1,c4a54cdecc67,2597,23
cpp,bytes,document,100,99,simdjson,3.10.1,161,12060,458,12221,6211180.124224,82918.739635,81826.364455,0,1.0,dom,adapted,1,c4a54cdecc67,2598,24
cpp,bytes,document,100,99,cista,0.15,535,1421,328,1956,1869158.878505,703729.767769,511247.443763,0,1.0,archive,adapted,1,c4a54cdecc67,2599,25
cpp,stream,document,100,0,cereal,1.3.2,3870,1544,267,5414,258397.932817,647668.393782,184706.316956,0,1.0,struct,native,1,c4a54cdecc67,2600,0
cpp,stream,document,100,0,jsoncons_bson,0.177.0,6316,27744,502,34060,158328.055731,36043.829296,29359.953024,0,1.0,dom,native,1,c4a54cdecc67,2601,1
cpp,stream,document,100,0,bitsery,5.2.4,769,372,190,1141,1300390.117035,2688172.043011,876424.189308,0,1.0,struct,adapted,1,c4a54cdecc67,2602,2
cpp,stream,document,100,0,nlohmann_json,3.11.3,4915,13124,458,18039,203458.799593,76196.281621,55435.445424,0,1.0,struct,native,1,c4a54cdecc67,2603,3
cpp,stream,document,100,0,protobuf-wire,wire-v2,2946,1065,164,4011,339443.312967,938967.136150,249314.385440,0,1.0,schema,adapted,1,c4a54cdecc67,2604,4
cpp,stream,document,100,0,nlohmann_bson,3.11.3,4294,13902,502,18196,232883.092687,71932.096101,54957.133436,0,1.0,dom,native,1,c4a54cdecc67,2605,5
cpp,stream,document,100,0,arduinojson,7.2.1,6733,22513,458,29246,148522.204070,44418.780260,34192.710114,0,1.0,dom,native,1,c4a54cdecc67,2606,6
cpp,stream,document,100,0,msgpack,msgpack-cxx,2080,6955,332,9035,480769.230769,143781.452193,110680.686220,0,1.0,struct,native,1,c4a54cdecc67,2607,7
cpp,stream,document,100,0,yas,7.x,1816,674,274,2490,550660.792952,1483679.525223,401606.425703,0,1.0,struct,adapted,1,c4a54cdecc67,2608,8
cpp,stream,document,100,0,zpp_bits,4.4.25,889,455,227,1344,1124859.392576,2197802.197802,744047.619048,0,1.0,struct,adapted,1,c4a54cdecc67,2609,9
cpp,stream,document,100,0,capnproto,1.0.x,5074,2129,392,7203,197083.169097,469704.086426,138831.042621,0,1.0,schema,native,1,c4a54cdecc67,2610,10
cpp,stream,document,100,0,avro_c,avro-c,4175,4173,125,8348,239520.958084,239635.753654,119789.171059,0,1.0,schema,adapted,1,c4a54cdecc67,2611,11
cpp,stream,document,100,0,simdjson,3.10.1,370,11426,458,11796,2702702.702703,87519.691931,84774.499830,0,1.0,dom,adapted,1,c4a54cdecc67,2612,12
cpp,stream,document,100,0,nlohmann_cbor,3.11.3,4152,11026,338,15178,240847.784200,90694.721567,65884.833311,0,1.0,dom,native,1,c4a54cdecc67,2613,13
cpp,stream,document,100,0,custom_binary,harness,2310,660,223,2970,432900.432900,1515151.515152,336700.336700,0,1.0,struct,adapted,1,c4a54cdecc67,2614,14
cpp,stream,document,100,0,thrift,TBinaryProtocol,1626,764,324,2390,615006.150062,1308900.523560,418410.041841,0,1.0,schema,adapted,1,c4a54cdecc67,2615,15
cpp,stream,document,100,0,jsoncons_msgpack,0.177.0,12208,29534,332,41742,81913.499345,33859.280829,23956.686311,0,1.0,dom,native,1,c4a54cdecc67,2616,16
cpp,stream,document,100,0,flexbuffers,flatbuffers-flex,7810,8060,467,15870,128040.973111,124069.478908,63011.972275,0,1.0,dom,adapted,1,c4a54cdecc67,2617,17
cpp,stream,document,100,0,avro,binary-1.11,1429,908,125,2337,699790.062981,1101321.585903,427899.015832,0,1.0,schema,adapted,1,c4a54cdecc67,2618,18
cpp,stream,document,100,0,nlohmann_msgpack,3.11.3,3990,10999,332,14989,250626.566416,90917.356123,66715.591434,0,1.0,dom,native,1,c4a54cdecc67,2619,19
cpp,stream,document,100,0,flatbuffers,flatbuffers,1984,1423,188,3407,504032.258065,702740.688686,293513.354858,0,1.0,schema,adapted,1,c4a54cdecc67,2620,20
cpp,stream,document,100,0,nlohmann_ubjson,3.11.3,4039,12203,409,16242,247586.036148,81947.062198,61568.772319,0,1.0,dom,native,1,c4a54cdecc67,2621,21
cpp,stream,document,100,0,rapidjson,1.1.0,7112,24918,458,32030,140607.424072,40131.631752,31220.730565,0,1.0,dom,native,1,c4a54cdecc67,2622,22
cpp,stream,document,100,0,yyjson,0.10.0,1916,12505,458,14421,521920.668058,79968.012795,69343.318771,0,1.0,dom,adapted,1,c4a54cdecc67,2623,23
cpp,stream,document,100,0,jsoncons_cbor,0.177.0,11230,31981,338,43211,89047.195013,31268.565711,23142.255444,0,1.0,dom,native,1,c4a54cdecc67,2624,24
cpp,stream,document,100,0,cista,0.15,874,1300,328,2174,1144164.759725,769230.769231,459981.600736,0,1.0,archive,adapted,1,c4a54cdecc67,2625,25
cpp,stream,document,100,1,flatbuffers,flatbuffers,714,1123,188,1837,1400560.224090,890471.950134,544365.813827,0,1.0,schema,adapted,1,c4a54cdecc67,2626,0
cpp,stream,document,100,1,nlohmann_ubjson,3.11.3,3129,10259,409,13388,319590.923618,97475.387465,74693.755602,0,1.0,dom,native,1,c4a54cdecc67,2627,1
cpp,stream,document,100,1,rapidjson,1.1.0,4898,21444,458,26342,204164.965292,46633.090841,37962.189659,0,1.0,dom,native,1,c4a54cdecc67,2628,2
cpp,stream,document,100,1,jsoncons_cbor,0.177.0,3635,23107,338,26742,275103.163686,43276.929069,37394.360930,0,1.0,dom,native,1,c4a54cdecc67,2629,3
cpp,stream,document,100,1,capnproto,1.0.x,2034,1396,392,3430,491642.084562,716332.378223,291545.189504,0,1.0,schema,native,1,c4a54cdecc67,2630,4
cpp,stream,document,100,1,protobuf-wire,wire-v2,1926,882,164,2808,519210.799585,1133786.848073,356125.356125,0,1.0,schema,adapted,1,c4a54cdecc67,2631,5
cpp,stream,document,100,1,arduinojson,7.2.1,6154,18087,458,24241,162495.937602,55288.328634,41252.423580,0,1.0,dom,native,1,c4a54cdecc67,2632,6
cpp,stream,document,100,1,cereal,1.3.2,1668,1749,267,3417,599520.383693,571755.288736,292654.375183,0,1.0,struct,native,1,c4a54cdecc67,2633,7
cpp,stream,document,100,1,thrift,TBinaryProtocol,1268,647,324,1915,788643.533123,1545595.054096,522193.211488,0,1.0,schema,adapted,1,c4a54cdecc67,2634,8
cpp,stream,document,100,1,yas,7.x,3002,537,274,3539,333111.259161,1862197.392924,282565.696524,0,1.0,struct,adapted,1,c4a54cdecc67,2635,9
cpp,stream,document,100,1,jsoncons_bson,0.177.0,6629,21278,502,27907,150852.315583,46996.898205,35833.303472,0,1.0,dom,native,1,c4a54cdecc67,2636,10
cpp,stream,document,100,1,nlohmann_bson,3.11.3,3809,10221,502,14030,262536.098714,97837.784953,71275.837491,0,1.0,dom,native,1,c4a54cdecc67,2637,11
cpp,stream,document,100,1,avro,binary-1.11,898,736,125,1634,1113585.746102,1358695.652174,611995.104039,0,1.0,schema,adapted,1,c4a54cdecc67,2638,12
cpp,stream,document,100,1,custom_binary,harness,1195,496,223,1691,836820.083682,2016129.032258,591366.055588,0,1.0,struct,adapted,1,c4a54cdecc67,2639,13
cpp,stream,document,100,1,yyjson,0.10.0,2056,12709,458,14765,486381.322957,78684.396884,67727.734507,0,1.0,dom,adapted,1,c4a54cdecc67,2640,14
cpp,stream,document,100,1,jsoncons_msgpack,0.177.0,4284,20530,332,24814,233426.704015,48709.206040,40299.830741,0,1.0,dom,native,1,c4a54cdecc67,2641,15
cpp,stream,document,100,1,nlohmann_json,3.11.3,4443,10522,458,14965,225073.148773,95038.965976,66822.586034,0,1.0,struct,native,1,c4a54cdecc67,2642,16
cpp,stream,document,100,1,avro_c,avro-c,3120,6648,125,9768,320512.820513,150421.179302,102375.102375,0,1.0,schema,adapted,1,c4a54cdecc67,2643,17
cpp,stream,document,100,1,msgpack,msgpack-cxx,1495,3207,332,4702,668896.321070,311817.898347,212675.457252,0,1.0,struct,native,1,c4a54cdecc67,2644,18
cpp,stream,document,100,1,simdjson,3.10.1,192,11218,458,11410,5208333.333333,89142.449635,87642.418931,0,1.0,dom,adapted,1,c4a54cdecc67,2645,19
cpp,stream,document,100,1,cista,0.15,560,1055,328,1615,1785714.285714,947867.298578,619195.046440,0,1.0,archive,adapted,1,c4a54cdecc67,2646,20
cpp,stream,document,100,1,nlohmann_cbor,3.11.3,3272,8602,338,11874,305623.471883,116252.034411,84217.618326,0,1.0,dom,native,1,c4a54cdecc67,2647,21
cpp,stream,document,100,1,flexbuffers,flatbuffers-flex,6146,6697,467,12843,162707.452001,149320.591310,77863.427548,0,1.0,dom,adapted,1,c4a54cdecc67,2648,22
cpp,stream,document,100,1,zpp_bits,4.4.25,824,515,227,1339,1213592.233010,1941747.572816,746825.989544,0,1.0,struct,adapted,1,c4a54cdecc67,2649,23
cpp,stream,document,100,1,nlohmann_msgpack,3.11.3,3055,13951,332,17006,327332.242226,71679.449502,58802.775491,0,1.0,dom,native,1,c4a54cdecc67,2650,24
cpp,stream,document,100,1,bitsery,5.2.4,385,526,190,911,2597402.597403,1901140.684411,1097694.840834,0,1.0,struct,adapted,1,c4a54cdecc67,2651,25
cpp,stream,document,100,2,rapidjson,1.1.0,4897,21098,458,25995,204206.657137,47397.857617,38468.936334,0,1.0,dom,native,1,c4a54cdecc67,2652,0
cpp,stream,document,100,2,custom_binary,harness,1140,524,223,1664,877192.982456,1908396.946565,600961.538462,0,1.0,struct,adapted,1,c4a54cdecc67,2653,1
cpp,stream,document,100,2,jsoncons_msgpack,0.177.0,3491,20325,332,23816,286450.873675,49200.492005,41988.579106,0,1.0,dom,native,1,c4a54cdecc67,2654,2
cpp,stream,document,100,2,jsoncons_bson,0.177.0,4888,18195,502,23083,204582.651391,54960.153888,43321.925226,0,1.0,dom,native,1,c4a54cdecc67,2655,3
cpp,stream,document,100,2,zpp_bits,4.4.25,647,403,227,1050,1545595.054096,2481389.578164,952380.952381,0,1.0,struct,adapted,1,c4a54cdecc67,2656,4
cpp,stream,document,100,2,nlohmann_ubjson,3.11.3,2951,10059,409,13010,338868.180278,99413.460583,76863.950807,0,1.0,dom,native,1,c4a54cdecc67,2657,5
cpp,stream,document,100,2,flexbuffers,flatbuffers-flex,5037,5880,467,10917,198530.871551,170068.027211,91600.256481,0,1.0,dom,adapted,1,c4a54cdecc67,2658,6
cpp,stream,document,100,2,nlohmann_json,3.11.3,3876,9373,458,13249,257997.936017,106689.427078,75477.394520,0,1.0,struct,native,1,c4a54cdecc67,2659,7
cpp,stream,document,100,2,simdjson,3.10.1,201,9947,458,10148,4975124.378109,100532.823967,98541.584549,0,1.0,dom,adapted,1,c4a54cdecc67,2660,8
cpp,stream,document,100,2,nlohmann_msgpack,3.11.3,2945,8234,332,11179,339558.573854,121447.656060,89453.439485,0,1.0,dom,native,1,c4a54cdecc67,2661,9
cpp,stream,document,100,2,nlohmann_cbor,3.11.3,2958,7561,338,10519,338066.260987,132257.637879,95066.070919,0,1.0,dom,native,1,c4a54cdecc67,2662,10
cpp,stream,document,100,2,cista,0.15,380,1013,328,1393,2631578.947368,987166.831194,717875.089734,0,1.0,archive,adapted,1,c4a54cdecc67,2663,11
cpp,stream,document,100,2,yas,7.x,3334,490,274,3824,299940.011998,2040816.326531,261506.276151,0,1.0,struct,adapted,1,c4a54cdecc67,2664,12
cpp,stream,document,100,2,jsoncons_cbor,0.177.0,4467,20302,338,24769,223863.890754,49256.230913,40373.046954,0,1.0,dom,native,1,c4a54cdecc67,2665,13
cpp,stream,document,100,2,avro_c,avro-c,2602,3100,125,5702,384319.754035,322580.645161,175377.060680,0,1.0,schema,adapted,1,c4a54cdecc67,2666,14
cpp,stream,document,100,2,arduinojson,7.2.1,5924,18882,458,24806,168804.861580,52960.491473,40312.827542,0,1.0,dom,native,1,c4a54cdecc67,2667,15
cpp,stream,document,100,2,bitsery,5.2.4,427,416,190,843,2341920.374707,2403846.153846,1186239.620403,0,1.0,struct,adapted,1,c4a54cdecc67,2668,16
cpp,stream,document,100,2,protobuf-wire,wire-v2,2243,1003,164,3246,445831.475702,997008.973081,308071.472582,0,1.0,schema,adapted,1,c4a54cdecc67,2669,17
cpp,stream,document,100,2,nlohmann_bson,3.11.3,3532,9727,502,13259,283125.707814,102806.620746,75420.469115,0,1.0,dom,native,1,c4a54cdecc67,2670,18
cpp,stream,document,100,2,msgpack,msgpack-cxx,1320,3377,332,4697,757575.757576,296120.817293,212901.852246,0,1.0,struct,native,1,c4a54cdecc67,2671,19
cpp,stream,document,100,2,capnproto,1.0.x,1192,1283,392,2475,838926.174497,779423.226812,404040.404040,0,1.0,schema,native,1,c4a54cdecc67,2672,20
cpp,stream,document,100,2,yyjson,0.10.0,789,10898,458,11687,1267427.122940,91759.955955,85565.157868,0,1.0,dom,adapted,1,c4a54cdecc67,2673,21
cpp,stream,document,100,2,flatbuffers,flatbuffers,1015,1265,188,2280,985221.674877,790513.833992,438596.491228,0,1.0,schema,adapted,1,c4a54cdecc67,2674,22
cpp,stream,document,100,2,thrift,TBinaryProtocol,1208,655,324,1863,827814.569536,1526717.557252,536768.652711,0,1.0,schema,adapted,1,c4a54cdecc67,2675,23
cpp,stream,document,100,2,cereal,1.3.2,1179,1202,267,2381,848176.420696,831946.755408,419991.600168,0,1.0,struct,native,1,c4a54cdecc67,2676,24
cpp,stream,document,100,2,avro,binary-1.11,1036,652,125,1688,965250.965251,1533742.331288,592417.061611,0,1.0,schema,adapted,1,c4a54cdecc67,2677,25
cpp,stream,document,100,3,capnproto,1.0.x,823,649,392,1472,1215066.828676,1540832.049307,679347.826087,0,1.0,schema,native,1,c4a54cdecc67,2678,0
cpp,stream,document,100,3,cereal,1.3.2,643,670,267,1313,1555209.953344,1492537.313433,761614.623001,0,1.0,struct,native,1,c4a54cdecc67,2679,1
cpp,stream,document,100,3,zpp_bits,4.4.25,682,522,227,1204,1466275.659824,1915708.812261,830564.784053,0,1.0,struct,adapted,1,c4a54cdecc67,2680,2
cpp,stream,document,100,3,nlohmann_ubjson,3.11.3,2904,11117,409,14021,344352.617080,89952.325268,71321.589045,0,1.0,dom,native,1,c4a54cdecc67,2681,3
cpp,stream,document,100,3,yyjson,0.10.0,1610,9335,458,10945,621118.012422,107123.727906,91365.920512,0,1.0,dom,adapted,1,c4a54cdecc67,2682,4
cpp,stream,document,100,3,simdjson,3.10.1,182,10777,458,10959,5494505.494505,92790.201355,91249.201569,0,1.0,dom,adapted,1,c4a54cdecc67,2683,5
cpp,stream,document,100,3,avro,binary-1.11,500,341,125,841,2000000.000000,2932551.319648,1189060.642093,0,1.0,schema,adapted,1,c4a54cdecc67,2684,6
cpp,stream,document,100,3,protobuf-wire,wire-v2,1615,1029,164,2644,619195.046440,971817.298348,378214.826021,0,1.0,schema,adapted,1,c4a54cdecc67,2685,7
cpp,stream,document,100,3,flatbuffers,flatbuffers,1048,746,188,1794,954198.473282,1340482.573727,557413.600892,0,1.0,schema,adapted,1,c4a54cdecc67,2686,8
cpp,stream,document,100,3,rapidjson,1.1.0,5036,19870,458,24906,198570.293884,50327.126321,40150.967638,0,1.0,dom,native,1,c4a54cdecc67,2687,9
cpp,stream,document,100,3,arduinojson,7.2.1,5728,15853,458,21581,174581.005587,63079.543304,46337.055743,0,1.0,dom,native,1,c4a54cdecc67,2688,10
cpp,stream,document,100,3,nlohmann_bson,3.11.3,3555,9375,502,12930,281293.952180,106666.666667,77339.520495,0,1.0,dom,native,1,c4a54cdecc67,2689,11
cpp,stream,document,100,3,thrift,TBinaryProtocol,1005,565,324,1570,995024.875622,1769911.504425,636942.675159,0,1.0,schema,adapted,1,c4a54cdecc67,2690,12
cpp,stream,document,100,3,avro_c,avro-c,2681,2987,125,5668,372995.151063,334784.064279,176429.075512,0,1.0,schema,adapted,1,c4a54cdecc67,2691,13
cpp,stream,document,100,3,yas,7.x,1753,954,274,2707,570450.656018,1048218.029350,369412.633912,0,1.0,struct,adapted,1,c4a54cdecc67,2692,14
cpp,stream,document,100,3,bitsery,5.2.4,269,468,190,737,3717472.118959,2136752.136752,1356852.103121,0,1.0,struct,adapted,1,c4a54cdecc67,2693,15
cpp,stream,document,100,3,jsoncons_bson,0.177.0,4778,20396,502,25174,209292.591042,49029.221416,39723.524271,0,1.0,dom,native,1,c4a54cdecc67,2694,16
cpp,stream,document,100,3,jsoncons_msgpack,0.177.0,4041,17957,332,21998,247463.499134,55688.589408,45458.678062,0,1.0,dom,native,1,c4a54cdecc67,2695,17
cpp,stream,document,100,3,nlohmann_json,3.11.3,3882,9882,458,13764,257599.175683,101194.090265,72653.298460,0,1.0,struct,native,1,c4a54cdecc67,2696,18
cpp,stream,document,100,3,flexbuffers,flatbuffers-flex,5754,6365,467,12119,173792.144595,157109.190888,82515.058998,0,1.0,dom,adapted,1,c4a54cdecc67,2697,19
cpp,stream,document,100,3,nlohmann_cbor,3.11.3,3064,8812,338,11876,326370.757180,113481.615978,84203.435500,0,1.0,dom,native,1,c4a54cdecc67,2698,20
cpp,stream,document,100,3,custom_binary,harness,1118,508,223,1626,894454.382826,1968503.937008,615006.150062,0,1.0,struct,adapted,1,c4a54cdecc67,2699,21
cpp,stream,document,100,3,msgpack,msgpack-cxx,1258,2638,332,3896,794912.559618,379075.056861,256673.511294,0,1.0,struct,native,1,c4a54cdecc67,2700,22
cpp,stream,document,100,3,cista,0.15,405,1087,328,1492,2469135.802469,919963.201472,670241.286863,0,1.0,archive,adapted,1,c4a54cdecc67,2701,23
cpp,stream,document,100,3,nlohmann_msgpack,3.11.3,2954,8641,332,11595,338524.035206,115727.346372,86244.070720,0,1.0,dom,native,1,c4a54cdecc67,2702,24
cpp,stream,document,100,3,jsoncons_cbor,0.177.0,4155,20326,338,24481,240673.886883,49198.071436,40848.004575,0,1.0,dom,native,1,c4a54cdecc67,2703,25
cpp,stream,document,100,4,msgpack,msgpack-cxx,1060,1840,332,2900,943396.226415,543478.260870,344827.586207,0,1.0,struct,native,1,c4a54cdecc67,2704,0
cpp,stream,document,100,4,arduinojson,7.2.1,5866,16284,458,22150,170473.917491,61409.972980,45146.726862,0,1.0,dom,native,1,c4a54cdecc67,2705,1
cpp,stream,document,100,4,nlohmann_cbor,3.11.3,2839,8219,338,11058,352236.703064,121669.302835,90432.266233,0,1.0,dom,native,1,c4a54cdecc67,2706,2
cpp,stream,document,100,4,protobuf-wire,wire-v2,1681,1041,164,2722,594883.997620,960614.793468,367376.928729,0,1.0,schema,adapted,1,c4a54cdecc67,2707,3
cpp,stream,document,100,4,avro_c,avro-c,2618,2780,125,5398,381970.970206,359712.230216,185253.797703,0,1.0,schema,adapted,1,c4a54cdecc67,2708,4
cpp,stream,document,100,4,avro,binary-1.11,737,629,125,1366,1356852.103121,1589825.119237,732064.421669,0,1.0,schema,adapted,1,c4a54cdecc67,2709,5
cpp,stream,document,100,4,custom_binary,harness,1077,599,223,1676,928505.106778,1669449.081803,596658.711217,0,1.0,struct,adapted,1,c4a54cdecc67,2710,6
cpp,stream,document,100,4,yyjson,0.10.0,2024,10678,458,12702,494071.146245,93650.496348,78727.759408,0,1.0,dom,adapted,1,c4a54cdecc67,2711,7
cpp,stream,document,100,4,capnproto,1.0.x,1492,1135,392,2627,670241.286863,881057.268722,380662.352493,0,1.0,schema,native,1,c4a54cdecc67,2712,8
cpp,stream,document,100,4,cereal,1.3.2,1026,1148,267,2174,974658.869396,871080.139373,459981.600736,0,1.0,struct,native,1,c4a54cdecc67,2713,9
cpp,stream,document,100,4,flexbuffers,flatbuffers-flex,4878,7113,467,11991,205002.050021,140587.656404,83395.880244,0,1.0,dom,adapted,1,c4a54cdecc67,2714,10
cpp,stream,document,100,4,jsoncons_cbor,0.177.0,3440,21096,338,24536,290697.674419,47402.351157,40756.439517,0,1.0,dom,native,1,c4a54cdecc67,2715,11
cpp,stream,document,100,4,nlohmann_ubjson,3.11.3,2952,9787,409,12739,338753.387534,102176.356391,78499.097260,0,1.0,dom,native,1,c4a54cdecc67,2716,12
cpp,stream,document,100,4,rapidjson,1.1.0,4928,20491,458,25419,202922.077922,48801.913035,39340.650694,0,1.0,dom,native,1,c4a54cdecc67,2717,13
cpp,stream,document,100,4,jsoncons_msgpack,0.177.0,3357,18935,332,22292,297885.016384,52812.252443,44859.142293,0,1.0,dom,native,1,c4a54cdecc67,2718,14
cpp,stream,document,100,4,nlohmann_bson,3.11.3,3633,8915,502,12548,275254.610515,112170.499159,79693.975135,0,1.0,dom,native,1,c4a54cdecc67,2719,15
cpp,stream,document,100,4,yas,7.x,1757,966,274,2723,569151.963574,1035196.687371,367242.012486,0,1.0,struct,adapted,1,c4a54cdecc67,2720,16
cpp,stream,document,100,4,thrift,TBinaryProtocol,1135,546,324,1681,881057.268722,1831501.831502,594883.997620,0,1.0,schema,adapted,1,c4a54cdecc67,2721,17
cpp,stream,document,100,4,nlohmann_json,3.11.3,3774,10405,458,14179,264970.853206,96107.640557,70526.835461,0,1.0,struct,native,1,c4a54cdecc67,2722,18
cpp,stream,document,100,4,cista,0.15,405,929,328,1334,2469135.802469,1076426.264801,749625.187406,0,1.0,archive,adapted,1,c4a54cdecc67,2723,19
cpp,stream,document,100,4,simdjson,3.10.1,292,9993,458,10285,3424657.534247,100070.049034,97228.974234,0,1.0,dom,adapted,1,c4a54cdecc67,2724,20
cpp,stream,document,100,4,flatbuffers,flatbuffers,747,1128,188,1875,1338688.085676,886524.822695,533333.333333,0,1.0,schema,adapted,1,c4a54cdecc67,2725,21
cpp,stream,document,100,4,nlohmann_msgpack,3.11.3,3059,8681,332,11740,326904.217064,115194.102062,85178.875639,0,1.0,dom,native,1,c4a54cdecc67,2726,22
cpp,stream,document,100,4,jsoncons_bson,0.177.0,5454,17899,502,23353,183351.668500,55869.042963,42821.050829,0,1.0,dom,native,1,c4a54cdecc67,2727,23
cpp,stream,document,100,4,zpp_bits,4.4.25,996,441,227,1437,1004016.064257,2267573.696145,695894.224078,0,1.0,struct,adapted,1,c4a54cdecc67,2728,24
cpp,stream,document,100,4,bitsery,5.2.4,355,598,190,953,2816901.408451,1672240.802676,1049317.943337,0,1.0,struct,adapted,1,c4a54cdecc67,2729,25
cpp,stream,document,100,5,arduinojson,7.2.1,5818,16965,458,22783,171880.371262,58944.886531,43892.375894,0,1.0,dom,native,1,c4a54cdecc67,2730,0
cpp,stream,document,100,5,nlohmann_ubjson,3.11.3,2820,8984,409,11804,354609.929078,111308.993767,84717.045069,0,1.0,dom,native,1,c4a54cdecc67,2731,1
cpp,stream,document,100,5,flexbuffers,flatbuffers-flex,4864,5893,467,10757,205592.105263,169692.855931,92962.721948,0,1.0,dom,adapted,1,c4a54cdecc67,2732,2
cpp,stream,document,100,5,zpp_bits,4.4.25,610,408,227,1018,1639344.262295,2450980.392157,982318.271120,0,1.0,struct,adapted,1,c4a54cdecc67,2733,3
cpp,stream,document,100,5,cereal,1.3.2,895,1019,267,1914,1117318.435754,981354.268891,522466.039707,0,1.0,struct,native,1,c4a54cdecc67,2734,4
cpp,stream,document,100,5,nlohmann_msgpack,3.11.3,2858,11569,332,14427,349895.031491,86437.894373,69314.479795,0,1.0,dom,native,1,c4a54cdecc67,2735,5
cpp,stream,document,100,5,jsoncons_bson,0.177.0,5383,22049,502,27432,185770.016719,45353.530772,36453.776611,0,1.0,dom,native,1,c4a54cdecc67,2736,6
cpp,stream,document,100,5,avro,binary-1.11,953,593,125,1546,1049317.943337,1686340.640809,646830.530401,0,1.0,schema,adapted,1,c4a54cdecc67,2737,7
cpp,stream,document,100,5,jsoncons_msgpack,0.177.0,3946,19128,332,23074,253421.186011,52279.381012,43338.822918,0,1.0,dom,native,1,c4a54cdecc67,2738,8
cpp,stream,document,100,5,nlohmann_bson,3.11.3,3340,9027,502,12367,299401.197605,110778.774787,80860.354168,0,1.0,dom,native,1,c4a54cdecc67,2739,9
cpp,stream,document,100,5,flatbuffers,flatbuffers,1525,1058,188,2583,655737.704918,945179.584121,387146.728610,0,1.0,schema,adapted,1,c4a54cdecc67,2740,10
cpp,stream,document,100,5,yas,7.x,680,753,274,1433,1470588.235294,1328021.248340,697836.706211,0,1.0,struct,adapted,1,c4a54cdecc67,2741,11
cpp,stream,document,100,5,protobuf-wire,wire-v2,1792,719,164,2511,558035.714286,1390820.584145,398247.710076,0,1.0,schema,adapted,1,c4a54cdecc67,2742,12
cpp,stream,document,100,5,bitsery,5.2.4,275,330,190,605,3636363.636364,3030303.030303,1652892.561983,0,1.0,struct,adapted,1,c4a54cdecc67,2743,13
cpp,stream,document,100,5,thrift,TBinaryProtocol,1155,519,324,1674,865800.865801,1926782.273603,597371.565114,0,1.0,schema,adapted,1,c4a54cdecc67,2744,14
cpp,stream,document,100,5,msgpack,msgpack-cxx,1287,1707,332,2994,777000.777001,585823.081429,334001.336005,0,1.0,struct,native,1,c4a54cdecc67,2745,15
cpp,stream,document,100,5,simdjson,3.10.1,351,12142,458,12493,2849002.849003,82358.754736,80044.825102,0,1.0,dom,adapted,1,c4a54cdecc67,2746,16
cpp,stream,document,100,5,jsoncons_cbor,0.177.0,4060,20304,338,24364,246305.418719,49251.379039,41044.163520,0,1.0,dom,native,1,c4a54cdecc67,2747,17
cpp,stream,document,100,5,capnproto,1.0.x,1977,1872,392,3849,505816.894284,534188.034188,259807.742271,0,1.0,schema,native,1,c4a54cdecc67,2748,18
cpp,stream,document,100,5,avro_c,avro-c,3616,3430,125,7046,276548.672566,291545.189504,141924.496168,0,1.0,schema,adapted,1,c4a54cdecc67,2749,19
cpp,stream,document,100,5,rapidjson,1.1.0,5038,22473,458,27511,198491.464867,44497.841855,36349.096725,0,1.0,dom,native,1,c4a54cdecc67,2750,20
cpp,stream,document,100,5,cista,0.15,419,1057,328,1476,2386634.844869,946073.793756,677506.775068,0,1.0,archive,adapted,1,c4a54cdecc67,2751,21
cpp,stream,document,100,5,nlohmann_cbor,3.11.3,3095,10261,338,13356,323101.777060,97456.388266,74872.716382,0,1.0,dom,native,1,c4a54cdecc67,2752,22
cpp,stream,document,100,5,yyjson,0.10.0,2543,15079,458,17622,393236.335037,66317.395053,56747.247758,0,1.0,dom,adapted,1,c4a54cdecc67,2753,23
cpp,stream,document,100,5,nlohmann_json,3.11.3,5181,12990,458,18171,193012.931866,76982.294072,55032.744483,0,1.0,struct,native,1,c4a54cdecc67,2754,24
cpp,stream,document,100,5,custom_binary,harness,1238,888,223,2126,807754.442649,1126126.126126,470366.886171,0,1.0,struct,adapted,1,c4a54cdecc67,2755,25
cpp,stream,document,100,6,bitsery,5.2.4,374,439,190,813,2673796.791444,2277904.328018,1230012.300123,0,1.0,struct,adapted,1,c4a54cdecc67,2756,0
cpp,stream,document,100,6,nlohmann_cbor,3.11.3,2711,8585,338,11296,368867.576540,116482.236459,88526.912181,0,1.0,dom,native,1,c4a54cdecc67,2757,1
cpp,stream,document,100,6,nlohmann_ubjson,3.11.3,3156,9895,409,13051,316856.780735,101061.141991,76622.481036,0,1.0,dom,native,1,c4a54cdecc67,2758,2
cpp,stream,document,100,6,custom_binary,harness,1117,459,223,1576,895255.147717,2178649.237473,634517.766497,0,1.0,struct,adapted,1,c4a54cdecc67,2759,3
cpp,stream,document,100,6,rapidjson,1.1.0,4842,19901,458,24743,206526.228831,50248.731220,40415.471042,0,1.0,dom,native,1,c4a54cdecc67,2760,4
cpp,stream,document,100,6,msgpack,msgpack-cxx,1288,2176,332,3464,776397.515528,459558.823529,288683.602771,0,1.0,struct,native,1,c4a54cdecc67,2761,5
cpp,stream,document,100,6,jsoncons_bson,0.177.0,4790,23563,502,28353,208768.267223,42439.417731,35269.636370,0,1.0,dom,native,1,c4a54cdecc67,2762,6
cpp,stream,document,100,6,avro,binary-1.11,1559,1268,125,2827,641436.818473,788643.533123,353731.871242,0,1.0,schema,adapted,1,c4a54cdecc67,2763,7
cpp,stream,document,100,6,flatbuffers,flatbuffers,1014,1608,188,2622,986193.293886,621890.547264,381388.253242,0,1.0,schema,adapted,1,c4a54cdecc67,2764,8
cpp,stream,document,100,6,jsoncons_msgpack,0.177.0,3761,20447,332,24208,265886.732252,48906.930112,41308.658295,0,1.0,dom,native,1,c4a54cdecc67,2765,9
cpp,stream,document,100,6,nlohmann_bson,3.11.3,3796,10244,502,14040,263435.194942,97618.117923,71225.071225,0,1.0,dom,native,1,c4a54cdecc67,2766,10
cpp,stream,document,100,6,nlohmann_json,3.11.3,3959,9710,458,13669,252589.037636,102986.611740,73158.241276,0,1.0,struct,native,1,c4a54cdecc67,2767,11
cpp,stream,document,100,6,capnproto,1.0.x,2637,1306,392,3943,379218.809253,765696.784074,253613.999493,0,1.0,schema,native,1,c4a54cdecc67,2768,12
cpp,stream,document,100,6,cista,0.15,463,1055,328,1518,2159827.213823,947867.298578,658761.528327,0,1.0,archive,adapted,1,c4a54cdecc67,2769,13
cpp,stream,document,100,6,avro_c,avro-c,3373,3484,125,6857,296471.983398,287026.406429,145836.371591,0,1.0,schema,adapted,1,c4a54cdecc67,2770,14
cpp,stream,document,100,6,cereal,1.3.2,1234,1826,267,3060,810372.771475,547645.125958,326797.385621,0,1.0,struct,native,1,c4a54cdecc67,2771,15
cpp,stream,document,100,6,jsoncons_cbor,0.177.0,3457,22261,338,25718,289268.151577,44921.611787,38883.272416,0,1.0,dom,native,1,c4a54cdecc67,2772,16
cpp,stream,document,100,6,nlohmann_msgpack,3.11.3,3441,10861,332,14302,290613.193839,92072.553172,69920.290868,0,1.0,dom,native,1,c4a54cdecc67,2773,17
cpp,stream,document,100,6,yyjson,0.10.0,1883,10917,458,12800,531067.445566,91600.256481,78125.000000,0,1.0,dom,adapted,1,c4a54cdecc67,2774,18
cpp,stream,document,100,6,yas,7.x,1492,1134,274,2626,670241.286863,881834.215168,380807.311500,0,1.0,struct,adapted,1,c4a54cdecc67,2775,19
cpp,stream,document,100,6,arduinojson,7.2.1,6217,18403,458,24620,160849.284221,54338.966473,40617.384240,0,1.0,dom,native,1,c4a54cdecc67,2776,20
cpp,stream,document,100,6,thrift,TBinaryProtocol,1498,1038,324,2536,667556.742323,963391.136802,394321.766562,0,1.0,schema,adapted,1,c4a54cdecc67,2777,21
cpp,stream,document,100,6,flexbuffers,flatbuffers-flex,8107,7937,467,16044,123350.191193,125992.188484,62328.596360,0,1.0,dom,adapted,1,c4a54cdecc67,2778,22
cpp,stream,document,100,6,zpp_bits,4.4.25,1093,764,227,1857,914913.083257,1308900.523560,538502.961766,0,1.0,struct,adapted,1,c4a54cdecc67,2779,23
cpp,stream,document,100,6,simdjson,3.10.1,244,11723,458,11967,4098360.655738,85302.396997,83563.131946,0,1.0,dom,adapted,1,c4a54cdecc67,2780,24
cpp,stream,document,100,6,protobuf-wire,wire-v2,2371,1255,164,3626,421762.969211,796812.749004,275785.990072,0,1.0,schema,adapted,1,c4a54cdecc67,2781,25
cpp,stream,document,100,7,jsoncons_msgpack,0.177.0,4825,21450,332,26275,207253.886010,46620.046620,38058.991437,0,1.0,dom,native,1,c4a54cdecc67,2782,0
cpp,stream,document,100,7,flexbuffers,flatbuffers-flex,5383,5852,467,11235,185770.016719,170881.749829,89007.565643,0,1.0,dom,adapted,1,c4a54cdecc67,2783,1
cpp,stream,document,100,7,flatbuffers,flatbuffers,1251,965,188,2216,799360.511591,1036269.430052,451263.537906,0,1.0,schema,adapted,1,c4a54cdecc67,2784,2
cpp,stream,document,100,7,capnproto,1.0.x,1226,1246,392,2472,815660.685155,802568.218299,404530.744337,0,1.0,schema,native,1,c4a54cdecc67,2785,3
cpp,stream,document,100,7,nlohmann_ubjson,3.11.3,3044,10565,409,13609,328515.111695,94652.153336,73480.784775,0,1.0,dom,native,1,c4a54cdecc67,2786,4
cpp,stream,document,100,7,bitsery,5.2.4,694,875,190,1569,1440922.190202,1142857.142857,637348.629700,0,1.0,struct,adapted,1,c4a54cdecc67,2787,5
cpp,stream,document,100,7,arduinojson,7.2.1,5812,16666,458,22478,172057.811425,60002.400096,44487.943767,0,1.0,dom,native,1,c4a54cdecc67,2788,6
cpp,stream,document,100,7,yas,7.x,1428,495,274,1923,700280.112045,2020202.020202,520020.800832,0,1.0,struct,adapted,1,c4a54cdecc67,2789,7
cpp,stream,document,100,7,custom_binary,harness,1190,481,223,1671,840336.134454,2079002.079002,598444.045482,0,1.0,struct,adapted,1,c4a54cdecc67,2790,8
cpp,stream,document,100,7,avro,binary-1.11,758,1039,125,1797,1319261.213720,962463.907603,556483.027268,0,1.0,schema,adapted,1,c4a54cdecc67,2791,9
cpp,stream,document,100,7,zpp_bits,4.4.25,637,367,227,1004,1569858.712716,2724795.640327,996015.936255,0,1.0,struct,adapted,1,c4a54cdecc67,2792,10
cpp,stream,document,100,7,msgpack,msgpack-cxx,1198,1880,332,3078,834724.540902,531914.893617,324886.289799,0,1.0,struct,native,1,c4a54cdecc67,2793,11
cpp,stream,document,100,7,jsoncons_cbor,0.177.0,3513,20718,338,24231,284656.988329,48267.207259,41269.448227,0,1.0,dom,native,1,c4a54cdecc67,2794,12
cpp,stream,document,100,7,simdjson,3.10.1,195,9384,458,9579,5128205.128205,106564.364876,104395.030797,0,1.0,dom,adapted,1,c4a54cdecc67,2795,13
cpp,stream,document,100,7,protobuf-wire,wire-v2,1727,909,164,2636,579038.795599,1100110.011001,379362.670713,0,1.0,schema,adapted,1,c4a54cdecc67,2796,14
cpp,stream,document,100,7,nlohmann_msgpack,3.11.3,3140,9039,332,12179,318471.337580,110631.707047,82108.547500,0,1.0,dom,native,1,c4a54cdecc67,2797,15
cpp,stream,document,100,7,nlohmann_json,3.11.3,4325,9561,458,13886,231213.872832,104591.569919,72014.979116,0,1.0,struct,native,1,c4a54cdecc67,2798,16
cpp,stream,document,100,7,cista,0.15,511,1182,328,1693,1956947.162427,846023.688663,590667.454223,0,1.0,archive,adapted,1,c4a54cdecc67,2799,17
cpp,stream,document,100,7,yyjson,0.10.0,2008,10381,458,12389,498007.968127,96329.833349,80716.764872,0,1.0,dom,adapted,1,c4a54cdecc67,2800,18
cpp,stream,document,100,7,cereal,1.3.2,1237,1623,267,2860,808407.437348,616142.945163,349650.349650,0,1.0,struct,native,1,c4a54cdecc67,2801,19
cpp,stream,document,100,7,rapidjson,1.1.0,5184,20413,458,25597,192901.234568,48988.389752,39067.078173,0,1.0,dom,native,1,c4a54cdecc67,2802,20
cpp,stream,document,100,7,nlohmann_bson,3.11.3,3370,9346,502,12716,296735.905045,106997.646052,78641.082101,0,1.0,dom,native,1,c4a54cdecc67,2803,21
cpp,stream,document,100,7,nlohmann_cbor,3.11.3,3052,8272,338,11324,327653.997379,120889.748549,88308.018368,0,1.0,dom,native,1,c4a54cdecc67,2804,22
cpp,stream,document,100,7,avro_c,avro-c,3545,3369,125,6914,282087.447109,296823.983378,144634.075788,0,1.0,schema,adapted,1,c4a54cdecc67,2805,23
cpp,stream,document,100,7,thrift,TBinaryProtocol,1640,1012,324,2652,609756.097561,988142.292490,377073.906486,0,1.0,schema,adapted,1,c4a54cdecc67,2806,24
cpp,stream,document,100,7,jsoncons_bson,0.177.0,5385,20792,502,26177,185701.021356,48095.421316,38201.474577,0,1.0,dom,native,1,c4a54cdecc67,2807,25
cpp,stream,document,100,8,jsoncons_msgpack,0.177.0,3721,18236,332,21957,268744.961032,54836.586971,45543.562417,0,1.0,dom,native,1,c4a54cdecc67,2808,0
cpp,stream,document,100,8,yyjson,0.10.0,1590,10166,458,11756,628930.817610,98367.106040,85062.946580,0,1.0,dom,adapted,1,c4a54cdecc67,2809,1
cpp,stream,document,100,8,avro,binary-1.11,1010,832,125,1842,990099.009901,1201923.076923,542888.165038,0,1.0,schema,adapted,1,c4a54cdecc67,2810,2
cpp,stream,document,100,8,flexbuffers,flatbuffers-flex,6298,6302,467,12600,158780.565259,158679.784195,79365.079365,0,1.0,dom,adapted,1,c4a54cdecc67,2811,3
cpp,stream,document,100,8,capnproto,1.0.x,1762,1044,392,2806,567536.889898,957854.406130,356379.187455,0,1.0,schema,native,1,c4a54cdecc67,2812,4
cpp,stream,document,100,8,zpp_bits,4.4.25,935,432,227,1367,1069518.716578,2314814.814815,731528.895391,0,1.0,struct,adapted,1,c4a54cdecc67,2813,5
cpp,stream,document,100,8,rapidjson,1.1.0,4855,20187,458,25042,205973.223481,49536.830634,39932.912707,0,1.0,dom,native,1,c4a54cdecc67,2814,6
cpp,stream,document,100,8,jsoncons_cbor,0.177.0,6358,20686,338,27044,157282.164203,48341.873731,36976.778583,0,1.0,dom,native,1,c4a54cdecc67,2815,7
cpp,stream,document,100,8,nlohmann_msgpack,3.11.3,3047,8916,332,11963,328191.663932,112157.918349,83591.072473,0,1.0,dom,native,1,c4a54cdecc67,2816,8
cpp,stream,document,100,8,nlohmann_ubjson,3.11.3,2928,9270,409,12198,341530.054645,107874.865156,81980.652566,0,1.0,dom,native,1,c4a54cdecc67,2817,9
cpp,stream,document,100,8,simdjson,3.10.1,196,9964,458,10160,5102040.816327,100361.300682,98425.196850,0,1.0,dom,adapted,1,c4a54cdecc67,2818,10
cpp,stream,document,100,8,nlohmann_json,3.11.3,3820,9794,458,13614,261780.104712,102103.328569,73453.797561,0,1.0,struct,native,1,c4a54cdecc67,2819,11
cpp,stream,document,100,8,arduinojson,7.2.1,5717,17288,458,23005,174916.914466,57843.590930,43468.811128,0,1.0,dom,native,1,c4a54cdecc67,2820,12
cpp,stream,document,100,8,avro_c,avro-c,2724,3131,125,5855,367107.195301,319386.777387,170794.192997,0,1.0,schema,adapted,1,c4a54cdecc67,2821,13
cpp,stream,document,100,8,yas,7.x,1519,608,274,2127,658327.847268,1644736.842105,470145.745181,0,1.0,struct,adapted,1,c4a54cdecc67,2822,14
cpp,stream,document,100,8,custom_binary,harness,1185,845,223,2030,843881.856540,1183431.952663,492610.837438,0,1.0,struct,adapted,1,c4a54cdecc67,2823,15
cpp,stream,document,100,8,cereal,1.3.2,925,1222,267,2147,1081081.081081,818330.605565,465766.185375,0,1.0,struct,native,1,c4a54cdecc67,2824,16
cpp,stream,document,100,8,jsoncons_bson,0.177.0,4802,19638,502,24440,208246.563932,50921.682452,40916.530278,0,1.0,dom,native,1,c4a54cdecc67,2825,17
cpp,stream,document,100,8,flatbuffers,flatbuffers,968,1389,188,2357,1033057.851240,719942.404608,424268.137463,0,1.0,schema,adapted,1,c4a54cdecc67,2826,18
cpp,stream,document,100,8,nlohmann_bson,3.11.3,3428,9248,502,12676,291715.285881,108131.487889,78889.239508,0,1.0,dom,native,1,c4a54cdecc67,2827,19
cpp,stream,document,100,8,bitsery,5.2.4,535,708,190,1243,1869158.878505,1412429.378531,804505.229284,0,1.0,struct,adapted,1,c4a54cdecc67,2828,20
cpp,stream,document,100,8,nlohmann_cbor,3.11.3,3363,7663,338,11026,297353.553375,130497.194310,90694.721567,0,1.0,dom,native,1,c4a54cdecc67,2829,21
cpp,stream,document,100,8,cista,0.15,507,1051,328,1558,1972386.587771,951474.785918,641848.523748,0,1.0,archive,adapted,1,c4a54cdecc67,2830,22
cpp,stream,document,100,8,protobuf-wire,wire-v2,1809,869,164,2678,552791.597568,1150747.986191,373412.994772,0,1.0,schema,adapted,1,c4a54cdecc67,2831,23
cpp,stream,document,100,8,thrift,TBinaryProtocol,1491,575,324,2066,670690.811536,1739130.434783,484027.105518,0,1.0,schema,adapted,1,c4a54cdecc67,2832,24
cpp,stream,document,100,8,msgpack,msgpack-cxx,1327,2712,332,4039,753579.502638,368731.563422,247586.036148,0,1.0,struct,native,1,c4a54cdecc67,2833,25
cpp,stream,document,100,9,avro,binary-1.11,812,604,125,1416,1231527.093596,1655629.139073,706214.689266,0,1.0,schema,adapted,1,c4a54cdecc67,2834,0
cpp,stream,document,100,9,capnproto,1.0.x,1399,1219,392,2618,714796.283059,820344.544709,381970.970206,0,1.0,schema,native,1,c4a54cdecc67,2835,1
cpp,stream,document,100,9,protobuf-wire,wire-v2,1380,702,164,2082,724637.681159,1424501.424501,480307.396734,0,1.0,schema,adapted,1,c4a54cdecc67,2836,2
cpp,stream,document,100,9,jsoncons_msgpack,0.177.0,3357,18879,332,22236,297885.016384,52968.907251,44972.117287,0,1.0,dom,native,1,c4a54cdecc67,2837,3
cpp,stream,document,100,9,cereal,1.3.2,872,1035,267,1907,1146788.990826,966183.574879,524383.848977,0,1.0,struct,native,1,c4a54cdecc67,2838,4
cpp,stream,document,100,9,nlohmann_ubjson,3.11.3,3008,10061,409,13069,332446.808511,99393.698440,76516.948504,0,1.0,dom,native,1,c4a54cdecc67,2839,5
cpp,stream,document,100,9,custom_binary,harness,880,466,223,1346,1136363.636364,2145922.746781,742942.050520,0,1.0,struct,adapted,1,c4a54cdecc67,2840,6
cpp,stream,document,100,9,zpp_bits,4.4.25,889,916,227,1805,1124859.392576,1091703.056769,554016.620499,0,1.0,struct,adapted,1,c4a54cdecc67,2841,7
cpp,stream,document,100,9,nlohmann_cbor,3.11.3,2839,7633,338,10472,352236.703064,131010.087777,95492.742552,0,1.0,dom,native,1,c4a54cdecc67,2842,8
cpp,stream,document,100,9,msgpack,msgpack-cxx,1103,2546,332,3649,906618.313690,392772.977219,274047.684297,0,1.0,struct,native,1,c4a54cdecc67,2843,9
cpp,stream,document,100,9,arduinojson,7.2.1,5682,15957,458,21639,175994.368180,62668.421382,46212.856417,0,1.0,dom,native,1,c4a54cdecc67,2844,10
cpp,stream,document,100,9,jsoncons_cbor,0.177.0,3907,19889,338,23796,255950.857435,50279.048720,42023.869558,0,1.0,dom,native,1,c4a54cdecc67,2845,11
cpp,stream,document,100,9,flatbuffers,flatbuffers,1043,964,188,2007,958772.770853,1037344.398340,498256.103637,0,1.0,schema,adapted,1,c4a54cdecc67,2846,12
cpp,stream,document,100,9,rapidjson,1.1.0,4944,19905,458,24849,202265.372168,50238.633509,40243.068132,0,1.0,dom,native,1,c4a54cdecc67,2847,13
cpp,stream,document,100,9,simdjson,3.10.1,199,10100,458,10299,5025125.628141,99009.900990,97096.805515,0,1.0,dom,adapted,1,c4a54cdecc67,2848,14
cpp,stream,document,100,9,bitsery,5.2.4,361,354,190,715,2770083.102493,2824858.757062,1398601.398601,0,1.0,struct,adapted,1,c4a54cdecc67,2849,15
cpp,stream,document,100,9,nlohmann_bson,3.11.3,3372,8386,502,11758,296559.905101,119246.362986,85048.477632,0,1.0,dom,native,1,c4a54cdecc67,2850,16
cpp,stream,document,100,9,nlohmann_msgpack,3.11.3,2961,7489,332,10450,337723.741979,133529.176125,95693.779904,0,1.0,dom,native,1,c4a54cdecc67,2851,17
cpp,stream,document,100,9,avro_c,avro-c,2555,3135,125,5690,391389.432485,318979.266348,175746.924429,0,1.0,schema,adapted,1,c4a54cdecc67,2852,18
cpp,stream,document,100,9,jsoncons_bson,0.177.0,4996,18372,502,23368,200160.128102,54430.655345,42793.563848,0,1.0,dom,native,1,c4a54cdecc67,2853,19
cpp,stream,document,100,9,flexbuffers,flatbuffers-flex,5534,7019,467,12553,180701.120347,142470.437384,79662.232136,0,1.0,dom,adapted,1,c4a54cdecc67,2854,20
cpp,stream,document,100,9,nlohmann_json,3.11.3,3726,9961,458,13687,268384.326355,100391.526955,73062.029663,0,1.0,struct,native,1,c4a54cdecc67,2855,21
cpp,stream,document,100,9,cista,0.15,375,1112,328,1487,2666666.666667,899280.575540,672494.956288,0,1.0,archive,adapted,1,c4a54cdecc67,2856,22
cpp,stream,document,100,9,yyjson,0.10.0,1296,10823,458,12119,771604.938272,92395.823709,82515.058998,0,1.0,dom,adapted,1,c4a54cdecc67,2857,23
cpp,stream,document,100,9,yas,7.x,1163,531,274,1694,859845.227859,1883239.171375,590318.772137,0,1.0,struct,adapted,1,c4a54cdecc67,2858,24
cpp,stream,document,100,9,thrift,TBinaryProtocol,944,473,324,1417,1059322.033898,2114164.904863,705716.302047,0,1.0,schema,adapted,1,c4a54cdecc67,2859,25
cpp,stream,document,100,10,flatbuffers,flatbuffers,430,889,188,1319,2325581.395349,1124859.392576,758150.113723,0,1.0,schema,adapted,1,c4a54cdecc67,2860,0
cpp,stream,document,100,10,yas,7.x,331,292,274,623,3021148.036254,3424657.534247,1605136.436597,0,1.0,struct,adapted,1,c4a54cdecc67,2861,1
cpp,stream,document,100,10,avro,binary-1.11,592,568,125,1160,1689189.189189,1760563.380282,862068.965517,0,1.0,schema,adapted,1,c4a54cdecc67,2862,2
cpp,stream,document,100,10,arduinojson,7.2.1,5696,15556,458,21252,175561.797753,64283.877603,47054.394880,0,1.0,dom,native,1,c4a54cdecc67,2863,3
cpp,stream,document,100,10,yyjson,0.10.0,1486,9279,458,10765,672947.510094,107770.233861,92893.636786,0,1.0,dom,adapted,1,c4a54cdecc67,2864,4
cpp,stream,document,100,10,cista,0.15,342,906,328,1248,2923976.608187,1103752.759382,801282.051282,0,1.0,archive,adapted,1,c4a54cdecc67,2865,5
cpp,stream,document,100,10,jsoncons_msgpack,0.177.0,3441,19620,332,23061,290613.193839,50968.399592,43363.253979,0,1.0,dom,native,1,c4a54cdecc67,2866,6
cpp,stream,document,100,10,thrift,TBinaryProtocol,919,388,324,1307,1088139.281828,2577319.587629,765110.941086,0,1.0,schema,adapted,1,c4a54cdecc67,2867,7
cpp,stream,document,100,10,simdjson,3.10.1,197,9558,458,9755,5076142.131980,104624.398410,102511.532547,0,1.0,dom,adapted,1,c4a54cdecc67,2868,8
cpp,stream,document,100,10,nlohmann_json,3.11.3,3864,9149,458,13013,258799.171843,109301.563012,76846.230692,0,1.0,struct,native,1,c4a54cdecc67,2869,9
cpp,stream,document,100,10,nlohmann_ubjson,3.11.3,2926,9829,409,12755,341763.499658,101739.749720,78400.627205,0,1.0,dom,native,1,c4a54cdecc67,2870,10
cpp,stream,document,100,10,capnproto,1.0.x,2074,980,392,3054,482160.077146,1020408.163265,327439.423707,0,1.0,schema,native,1,c4a54cdecc67,2871,11
cpp,stream,document,100,10,bitsery,5.2.4,365,690,190,1055,2739726.027397,1449275.362319,947867.298578,0,1.0,struct,adapted,1,c4a54cdecc67,2872,12
cpp,stream,document,100,10,cereal,1.3.2,1027,1085,267,2112,973709.834469,921658.986175,473484.848485,0,1.0,struct,native,1,c4a54cdecc67,2873,13
cpp,stream,document,100,10,jsoncons_cbor,0.177.0,3310,19423,338,22733,302114.803625,51485.352417,43988.914793,0,1.0,dom,native,1,c4a54cdecc67,2874,14
cpp,stream,document,100,10,avro_c,avro-c,2508,3236,125,5744,398724.082935,309023.485785,174094.707521,0,1.0,schema,adapted,1,c4a54cdecc67,2875,15
cpp,stream,document,100,10,custom_binary,harness,993,505,223,1498,1007049.345418,1980198.019802,667556.742323,0,1.0,struct,adapted,1,c4a54cdecc67,2876,16
cpp,stream,document,100,10,msgpack,msgpack-cxx,1165,2340,332,3505,858369.098712,427350.427350,285306.704708,0,1.0,struct,native,1,c4a54cdecc67,2877,17
cpp,stream,document,100,10,flexbuffers,flatbuffers-flex,4319,6485,467,10804,231535.077564,154202.004626,92558.311736,0,1.0,dom,adapted,1,c4a54cdecc67,2878,18
cpp,stream,document,100,10,zpp_bits,4.4.25,666,420,227,1086,1501501.501502,2380952.380952,920810.313076,0,1.0,struct,adapted,1,c4a54cdecc67,2879,19
cpp,stream,document,100,10,nlohmann_bson,3.11.3,3411,9377,502,12788,293169.158605,106643.915965,78198.310916,0,1.0,dom,native,1,c4a54cdecc67,2880,20
cpp,stream,document,100,10,rapidjson,1.1.0,5414,20256,458,25670,184706.316956,49368.088468,38955.979743,0,1.0,dom,native,1,c4a54cdecc67,2881,21
cpp,stream,document,100,10,protobuf-wire,wire-v2,1671,1082,164,2753,598444.045482,924214.417745,363240.101707,0,1.0,schema,adapted,1,c4a54cdecc67,2882,22
cpp,stream,document,100,10,nlohmann_cbor,3.11.3,3068,9382,338,12450,325945.241199,106587.081646,80321.285141,0,1.0,dom,native,1,c4a54cdecc67,2883,23
cpp,stream,document,100,10,jsoncons_bson,0.177.0,4591,19576,502,24167,217817.468961,51082.958725,41378.739604,0,1.0,dom,native,1,c4a54cdecc67,2884,24
cpp,stream,document,100,10,nlohmann_msgpack,3.11.3,2952,7812,332,10764,338753.387534,128008.192524,92902.266815,0,1.0,dom,native,1,c4a54cdecc67,2885,25
cpp,stream,document,100,11,yyjson,0.10.0,1929,9741,458,11670,518403.317781,102658.864593,85689.802913,0,1.0,dom,adapted,1,c4a54cdecc67,2886,0
cpp,stream,document,100,11,jsoncons_msgpack,0.177.0,3431,18413,332,21844,291460.215681,54309.455276,45779.161326,0,1.0,dom,native,1,c4a54cdecc67,2887,1
cpp,stream,document,100,11,nlohmann_ubjson,3.11.3,2831,8865,409,11696,353232.073472,112803.158488,85499.316005,0,1.0,dom,native,1,c4a54cdecc67,2888,2
cpp,stream,document,100,11,arduinojson,7.2.1,5756,16521,458,22277,173731.758165,60529.023667,44889.347758,0,1.0,dom,native,1,c4a54cdecc67,2889,3
cpp,stream,document,100,11,protobuf-wire,wire-v2,1479,819,164,2298,676132.521974,1221001.221001,435161.009574,0,1.0,schema,adapted,1,c4a54cdecc67,2890,4
cpp,stream,document,100,11,nlohmann_msgpack,3.11.3,2616,7870,332,10486,382262.996942,127064.803050,95365.248903,0,1.0,dom,native,1,c4a54cdecc67,2891,5
cpp,stream,document,100,11,avro_c,avro-c,2469,2852,125,5321,405022.276225,350631.136045,187934.598760,0,1.0,schema,adapted,1,c4a54cdecc67,2892,6
cpp,stream,document,100,11,jsoncons_cbor,0.177.0,4239,20488,338,24727,235904.694503,48809.058961,40441.622518,0,1.0,dom,native,1,c4a54cdecc67,2893,7
cpp,stream,document,100,11,bitsery,5.2.4,371,425,190,796,2695417.789757,2352941.176471,1256281.407035,0,1.0,struct,adapted,1,c4a54cdecc67,2894,8
cpp,stream,document,100,11,msgpack,msgpack-cxx,1270,2092,332,3362,787401.574803,478011.472275,297441.998810,0,1.0,struct,native,1,c4a54cdecc67,2895,9
cpp,stream,document,100,11,flexbuffers,flatbuffers-flex,5061,6635,467,11696,197589.409208,150715.900528,85499.316005,0,1.0,dom,adapted,1,c4a54cdecc67,2896,10
cpp,stream,document,100,11,zpp_bits,4.4.25,853,340,227,1193,1172332.942556,2941176.470588,838222.967309,0,1.0,struct,adapted,1,c4a54cdecc67,2897,11
cpp,stream,document,100,11,yas,7.x,1026,460,274,1486,974658.869396,2173913.043478,672947.510094,0,1.0,struct,adapted,1,c4a54cdecc67,2898,12
cpp,stream,document,100,11,nlohmann_cbor,3.11.3,2987,8815,338,11802,334784.064279,113442.994895,84731.401457,0,1.0,dom,native,1,c4a54cdecc67,2899,13
cpp,stream,document,100,11,thrift,TBinaryProtocol,901,558,324,1459,1109877.913430,1792114.695341,685400.959561,0,1.0,schema,adapted,1,c4a54cdecc67,2900,14
cpp,stream,document,100,11,simdjson,3.10.1,189,10144,458,10333,5291005.291005,98580.441640,96777.315397,0,1.0,dom,adapted,1,c4a54cdecc67,2901,15
cpp,stream,document,100,11,jsoncons_bson,0.177.0,4668,19848,502,24516,214224.507284,50382.910117,40789.688367,0,1.0,dom,native,1,c4a54cdecc67,2902,16
cpp,stream,document,100,11,nlohmann_bson,3.11.3,3429,9091,502,12520,291630.212890,109998.900011,79872.204473,0,1.0,dom,native,1,c4a54cdecc67,2903,17
cpp,stream,document,100,11,nlohmann_json,3.11.3,3682,9336,458,13018,271591.526344,107112.253642,76816.715317,0,1.0,struct,native,1,c4a54cdecc67,2904,18
cpp,stream,document,100,11,cereal,1.3.2,1001,1135,267,2136,999000.999001,881057.268722,468164.794007,0,1.0,struct,native,1,c4a54cdecc67,2905,19
cpp,stream,document,100,11,cista,0.15,390,1048,328,1438,2564102.564103,954198.473282,695410.292072,0,1.0,archive,adapted,1,c4a54cdecc67,2906,20
cpp,stream,document,100,11,rapidjson,1.1.0,4670,19564,458,24234,214132.762313,51114.291556,41264.339358,0,1.0,dom,native,1,c4a54cdecc67,2907,21
cpp,stream,document,100,11,avro,binary-1.11,755,639,125,1394,1324503.311258,1564945.226917,717360.114778,0,1.0,schema,adapted,1,c4a54cdecc67,2908,22
cpp,stream,document,100,11,custom_binary,harness,920,545,223,1465,1086956.521739,1834862.385321,682593.856655,0,1.0,struct,adapted,1,c4a54cdecc67,2909,23
cpp,stream,document,100,11,capnproto,1.0.x,1133,908,392,2041,882612.533098,1101321.585903,489955.903969,0,1.0,schema,native,1,c4a54cdecc67,2910,24
cpp,stream,document,100,11,flatbuffers,flatbuffers,337,932,188,1269,2967359.050445,1072961.373391,788022.064618,0,1.0,schema,adapted,1,c4a54cdecc67,2911,25
cpp,stream,document,100,12,nlohmann_msgpack,3.11.3,2826,9051,332,11877,353857.041755,110485.029279,84196.345879,0,1.0,dom,native,1,c4a54cdecc67,2912,0
cpp,stream,document,100,12,capnproto,1.0.x,1516,660,392,2176,659630.606860,1515151.515152,459558.823529,0,1.0,schema,native,1,c4a54cdecc67,2913,1
cpp,stream,document,100,12,protobuf-wire,wire-v2,1593,915,164,2508,627746.390458,1092896.174863,398724.082935,0,1.0,schema,adapted,1,c4a54cdecc67,2914,2
cpp,stream,document,100,12,msgpack,msgpack-cxx,1214,1464,332,2678,823723.228995,683060.109290,373412.994772,0,1.0,struct,native,1,c4a54cdecc67,2915,3
cpp,stream,document,100,12,jsoncons_msgpack,0.177.0,2742,19995,332,22737,364697.301240,50012.503126,43981.176057,0,1.0,dom,native,1,c4a54cdecc67,2916,4
cpp,stream,document,100,12,zpp_bits,4.4.25,801,445,227,1246,1248439.450687,2247191.011236,802568.218299,0,1.0,struct,adapted,1,c4a54cdecc67,2917,5
cpp,stream,document,100,12,jsoncons_bson,0.177.0,4562,18276,502,22838,219202.104340,54716.568177,43786.671337,0,1.0,dom,native,1,c4a54cdecc67,2918,6
cpp,stream,document,100,12,yas,7.x,1177,461,274,1638,849617.672048,2169197.396963,610500.610501,0,1.0,struct,adapted,1,c4a54cdecc67,2919,7
cpp,stream,document,100,12,cereal,1.3.2,903,1032,267,1935,1107419.712071,968992.248062,516795.865633,0,1.0,struct,native,1,c4a54cdecc67,2920,8
cpp,stream,document,100,12,cista,0.15,364,938,328,1302,2747252.747253,1066098.081023,768049.155146,0,1.0,archive,adapted,1,c4a54cdecc67,2921,9
cpp,stream,document,100,12,rapidjson,1.1.0,4669,18778,458,23447,214178.624973,53253.807647,42649.379452,0,1.0,dom,native,1,c4a54cdecc67,2922,10
cpp,stream,document,100,12,nlohmann_ubjson,3.11.3,2923,10268,409,13191,342114.266165,97389.949357,75809.263892,0,1.0,dom,native,1,c4a54cdecc67,2923,11
cpp,stream,document,100,12,jsoncons_cbor,0.177.0,3919,19966,338,23885,255167.134473,50085.144746,41867.280720,0,1.0,dom,native,1,c4a54cdecc67,2924,12
cpp,stream,document,100,12,thrift,TBinaryProtocol,1208,524,324,1732,827814.569536,1908396.946565,577367.205543,0,1.0,schema,adapted,1,c4a54cdecc67,2925,13
cpp,stream,document,100,12,nlohmann_bson,3.11.3,3263,8071,502,11334,306466.441925,123900.384091,88230.104112,0,1.0,dom,native,1,c4a54cdecc67,2926,14
cpp,stream,document,100,12,yyjson,0.10.0,1838,10673,458,12511,544069.640914,93694.368968,79929.661898,0,1.0,dom,adapted,1,c4a54cdecc67,2927,15
cpp,stream,document,100,12,simdjson,3.10.1,209,10172,458,10381,4784688.995215,98309.083759,96329.833349,0,1.0,dom,adapted,1,c4a54cdecc67,2928,16
cpp,stream,document,100,12,arduinojson,7.2.1,5909,16435,458,22344,169233.372821,60845.756009,44754.744003,0,1.0,dom,native,1,c4a54cdecc67,2929,17
cpp,stream,document,100,12,flexbuffers,flatbuffers-flex,5432,6164,467,11596,184094.256259,162232.316677,86236.633322,0,1.0,dom,adapted,1,c4a54cdecc67,2930,18
cpp,stream,document,100,12,flatbuffers,flatbuffers,1341,975,188,2316,745712.155108,1025641.025641,431778.929188,0,1.0,schema,adapted,1,c4a54cdecc67,2931,19
cpp,stream,document,100,12,avro_c,avro-c,2663,3211,125,5874,375516.334961,311429.461227,170241.743275,0,1.0,schema,adapted,1,c4a54cdecc67,2932,20
cpp,stream,document,100,12,avro,binary-1.11,1046,534,125,1580,956022.944551,1872659.176030,632911.392405,0,1.0,schema,adapted,1,c4a54cdecc67,2933,21
cpp,stream,document,100,12,nlohmann_cbor,3.11.3,3267,9468,338,12735,306091.215182,105618.926912,78523.753435,0,1.0,dom,native,1,c4a54cdecc67,2934,22
cpp,stream,document,100,12,nlohmann_json,3.11.3,4079,9869,458,13948,245158.126992,101327.388793,71694.866648,0,1.0,struct,native,1,c4a54cdecc67,2935,23
cpp,stream,document,100,12,custom_binary,harness,1188,538,223,1726,841750.841751,1858736.059480,579374.275782,0,1.0,struct,adapted,1,c4a54cdecc67,2936,24
cpp,stream,document,100,12,bitsery,5.2.4,354,399,190,753,2824858.757062,2506265.664160,1328021.248340,0,1.0,struct,adapted,1,c4a54cdecc67,2937,25
cpp,stream,document,100,13,nlohmann_bson,3.11.3,3382,8310,502,11692,295683.027794,120336.943442,85528.566541,0,1.0,dom,native,1,c4a54cdecc67,2938,0
cpp,stream,document,100,13,rapidjson,1.1.0,4720,20071,458,24791,211864.406780,49823.127896,40337.219152,0,1.0,dom,native,1,c4a54cdecc67,2939,1
cpp,stream,document,100,13,nlohmann_ubjson,3.11.3,2843,10874,409,13717,351741.118537,91962.479308,72902.238099,0,1.0,dom,native,1,c4a54cdecc67,2940,2
cpp,stream,document,100,13,jsoncons_cbor,0.177.0,3987,21376,338,25363,250815.149235,46781.437126,39427.512518,0,1.0,dom,native,1,c4a54cdecc67,2941,3
cpp,stream,document,100,13,msgpack,msgpack-cxx,1321,2373,332,3694,757002.271007,421407.501054,270709.258257,0,1.0,struct,native,1,c4a54cdecc67,2942,4
cpp,stream,document,100,13,zpp_bits,4.4.25,900,415,227,1315,1111111.111111,2409638.554217,760456.273764,0,1.0,struct,adapted,1,c4a54cdecc67,2943,5
cpp,stream,document,100,13,simdjson,3.10.1,187,10238,458,10425,5347593.582888,97675.327212,95923.261391,0,1.0,dom,adapted,1,c4a54cdecc67,2944,6
cpp,stream,document,100,13,cista,0.15,384,1028,328,1412,2604166.666667,972762.645914,708215.297450,0,1.0,archive,adapted,1,c4a54cdecc67,2945,7
cpp,stream,document,100,13,yas,7.x,995,414,274,1409,1005025.125628,2415458.937198,709723.207949,0,1.0,struct,adapted,1,c4a54cdecc67,2946,8
cpp,stream,document,100,13,yyjson,0.10.0,752,9842,458,10594,1329787.234043,101605.364763,94393.052671,0,1.0,dom,adapted,1,c4a54cdecc67,2947,9
cpp,stream,document,100,13,jsoncons_msgpack,0.177.0,3723,18854,332,22577,268600.590921,53039.142887,44292.864420,0,1.0,dom,native,1,c4a54cdecc67,2948,10
cpp,stream,document,100,13,flexbuffers,flatbuffers-flex,4892,5955,467,10847,204415.372036,167926.112510,92191.389324,0,1.0,dom,adapted,1,c4a54cdecc67,2949,11
cpp,stream,document,100,13,avro_c,avro-c,2654,3056,125,5710,376789.751319,327225.130890,175131.348511,0,1.0,schema,adapted,1,c4a54cdecc67,2950,12
cpp,stream,document,100,13,custom_binary,harness,1057,495,223,1552,946073.793756,2020202.020202,644329.896907,0,1.0,struct,adapted,1,c4a54cdecc67,2951,13
cpp,stream,document,100,13,bitsery,5.2.4,262,555,190,817,3816793.893130,1801801.801802,1223990.208078,0,1.0,struct,adapted,1,c4a54cdecc67,2952,14
cpp,stream,document,100,13,nlohmann_cbor,3.11.3,3301,9583,338,12884,302938.503484,104351.455703,77615.647314,0,1.0,dom,native,1,c4a54cdecc67,2953,15
cpp,stream,document,100,13,cereal,1.3.2,811,1092,267,1903,1233045.622688,915750.915751,525486.074619,0,1.0,struct,native,1,c4a54cdecc67,2954,16
cpp,stream,document,100,13,avro,binary-1.11,653,513,125,1166,1531393.568147,1949317.738791,857632.933105,0,1.0,schema,adapted,1,c4a54cdecc67,2955,17
cpp,stream,document,100,13,flatbuffers,flatbuffers,1463,954,188,2417,683526.999316,1048218.029350,413736.036409,0,1.0,schema,adapted,1,c4a54cdecc67,2956,18
cpp,stream,document,100,13,capnproto,1.0.x,1540,1386,392,2926,649350.649351,721500.721501,341763.499658,0,1.0,schema,native,1,c4a54cdecc67,2957,19
cpp,stream,document,100,13,protobuf-wire,wire-v2,2077,759,164,2836,481463.649494,1317523.056653,352609.308886,0,1.0,schema,adapted,1,c4a54cdecc67,2958,20
cpp,stream,document,100,13,nlohmann_msgpack,3.11.3,3095,8525,332,11620,323101.777060,117302.052786,86058.519793,0,1.0,dom,native,1,c4a54cdecc67,2959,21
cpp,stream,document,100,13,nlohmann_json,3.11.3,3792,9296,458,13088,263713.080169,107573.149742,76405.867971,0,1.0,struct,native,1,c4a54cdecc67,2960,22
cpp,stream,document,100,13,jsoncons_bson,0.177.0,4705,19627,502,24332,212539.851222,50950.221633,41098.142364,0,1.0,dom,native,1,c4a54cdecc67,2961,23
cpp,stream,document,100,13,arduinojson,7.2.1,5706,17259,458,22965,175254.118472,57940.784518,43544.524276,0,1.0,dom,native,1,c4a54cdecc67,2962,24
cpp,stream,document,100,13,thrift,TBinaryProtocol,1233,525,324,1758,811030.008110,1904761.904762,568828.213879,0,1.0,schema,adapted,1,c4a54cdecc67,2963,25
cpp,stream,document,100,14,jsoncons_msgpack,0.177.0,4255,18765,332,23020,235017.626322,53290.700773,43440.486533,0,1.0,dom,native,1,c4a54cdecc67,2964,0
cpp,stream,document,100,14,bitsery,5.2.4,267,447,190,714,3745318.352060,2237136.465324,1400560.224090,0,1.0,struct,adapted,1,c4a54cdecc67,2965,1
cpp,stream,document,100,14,nlohmann_cbor,3.11.3,2978,9074,338,12052,335795.836132,110204.981265,82973.780285,0,1.0,dom,native,1,c4a54cdecc67,2966,2
cpp,stream,document,100,14,simdjson,3.10.1,188,9738,458,9926,5319148.936170,102690.490861,100745.516825,0,1.0,dom,adapted,1,c4a54cdecc67,2967,3
cpp,stream,document,100,14,flexbuffers,flatbuffers-flex,4478,5987,467,10465,223313.979455,167028.561884,95556.617296,0,1.0,dom,adapted,1,c4a54cdecc67,2968,4
cpp,stream,document,100,14,arduinojson,7.2.1,5445,16028,458,21473,183654.729109,62390.816072,46570.111303,0,1.0,dom,native,1,c4a54cdecc67,2969,5
cpp,stream,document,100,14,nlohmann_bson,3.11.3,3415,8840,502,12255,292825.768668,113122.171946,81599.347205,0,1.0,dom,native,1,c4a54cdecc67,2970,6
cpp,stream,document,100,14,nlohmann_ubjson,3.11.3,3122,8817,409,11939,320307.495195,113417.262107,83759.108803,0,1.0,dom,native,1,c4a54cdecc67,2971,7
cpp,stream,document,100,14,zpp_bits,4.4.25,754,377,227,1131,1326259.946950,2652519.893899,884173.297966,0,1.0,struct,adapted,1,c4a54cdecc67,2972,8
cpp,stream,document,100,14,cereal,1.3.2,1038,998,267,2036,963391.136802,1002004.008016,491159.135560,0,1.0,struct,native,1,c4a54cdecc67,2973,9
cpp,stream,document,100,14,thrift,TBinaryProtocol,1007,463,324,1470,993048.659384,2159827.213823,680272.108844,0,1.0,schema,adapted,1,c4a54cdecc67,2974,10
cpp,stream,document,100,14,cista,0.15,383,1047,328,1430,2610966.057441,955109.837631,699300.699301,0,1.0,archive,adapted,1,c4a54cdecc67,2975,11
cpp,stream,document,100,14,avro_c,avro-c,3052,2909,125,5961,327653.997379,343760.742523,167757.087737,0,1.0,schema,adapted,1,c4a54cdecc67,2976,12
cpp,stream,document,100,14,jsoncons_cbor,0.177.0,4706,20589,338,25295,212494.687633,48569.624557,39533.504645,0,1.0,dom,native,1,c4a54cdecc67,2977,13
cpp,stream,document,100,14,yyjson,0.10.0,1279,10217,458,11496,781860.828772,97876.088871,86986.778010,0,1.0,dom,adapted,1,c4a54cdecc67,2978,14
cpp,stream,document,100,14,nlohmann_json,3.11.3,3780,9288,458,13068,264550.264550,107665.805340,76522.803796,0,1.0,struct,native,1,c4a54cdecc67,2979,15
cpp,stream,document,100,14,nlohmann_msgpack,3.11.3,3026,8976,332,12002,330469.266358,111408.199643,83319.446759,0,1.0,dom,native,1,c4a54cdecc67,2980,16
cpp,stream,document,100,14,jsoncons_bson,0.177.0,5284,18722,502,24006,189250.567752,53413.096891,41656.252604,0,1.0,dom,native,1,c4a54cdecc67,2981,17
cpp,stream,document,100,14,avro,binary-1.11,565,775,125,1340,1769911.504425,1290322.580645,746268.656716,0,1.0,schema,adapted,1,c4a54cdecc67,2982,18
cpp,stream,document,100,14,yas,7.x,1215,449,274,1664,823045.267490,2227171.492205,600961.538462,0,1.0,struct,adapted,1,c4a54cdecc67,2983,19
cpp,stream,document,100,14,msgpack,msgpack-cxx,1339,1727,332,3066,746825.989544,579038.795599,326157.860404,0,1.0,struct,native,1,c4a54cdecc67,2984,20
cpp,stream,document,100,14,custom_binary,harness,801,419,223,1220,1248439.450687,2386634.844869,819672.131148,0,1.0,struct,adapted,1,c4a54cdecc67,2985,21
cpp,stream,document,100,14,flatbuffers,flatbuffers,509,1020,188,1529,1964636.542240,980392.156863,654022.236756,0,1.0,schema,adapted,1,c4a54cdecc67,2986,22
cpp,stream,document,100,14,protobuf-wire,wire-v2,1755,729,164,2484,569800.569801,1371742.112483,402576.489533,0,1.0,schema,adapted,1,c4a54cdecc67,2987,23
cpp,stream,document,100,14,capnproto,1.0.x,1100,1063,392,2163,909090.909091,940733.772342,462320.850670,0,1.0,schema,native,1,c4a54cdecc67,2988,24
cpp,stream,document,100,14,rapidjson,1.1.0,4781,19082,458,23863,209161.263334,52405.408238,41905.879395,0,1.0,dom,native,1,c4a54cdecc67,2989,25
cpp,stream,document,100,15,nlohmann_ubjson,3.11.3,2821,10863,409,13684,354484.225452,92055.601583,73078.047355,0,1.0,dom,native,1,c4a54cdecc67,2990,0
cpp,stream,document,100,15,cista,0.15,359,974,328,1333,2785515.320334,1026694.045175,750187.546887,0,1.0,archive,adapted,1,c4a54cdecc67,2991,1
cpp,stream,document,100,15,nlohmann_cbor,3.11.3,2846,11279,338,14125,351370.344343,88660.342229,70796.460177,0,1.0,dom,native,1,c4a54cdecc67,2992,2
cpp,stream,document,100,15,yas,7.x,1679,388,274,2067,595592.614652,2577319.587629,483792.936623,0,1.0,struct,adapted,1,c4a54cdecc67,2993,3
cpp,stream,document,100,15,jsoncons_cbor,0.177.0,3060,19642,338,22702,326797.385621,50911.312494,44048.982469,0,1.0,dom,native,1,c4a54cdecc67,2994,4
cpp,stream,document,100,15,rapidjson,1.1.0,4562,18571,458,23133,219202.104340,53847.396478,43228.288592,0,1.0,dom,native,1,c4a54cdecc67,2995,5
cpp,stream,document,100,15,avro,binary-1.11,618,537,125,1155,1618122.977346,1862197.392924,865800.865801,0,1.0,schema,adapted,1,c4a54cdecc67,2996,6
cpp,stream,document,100,15,zpp_bits,4.4.25,686,340,227,1026,1457725.947522,2941176.470588,974658.869396,0,1.0,struct,adapted,1,c4a54cdecc67,2997,7
cpp,stream,document,100,15,protobuf-wire,wire-v2,1591,963,164,2554,628535.512256,1038421.599169,391542.678152,0,1.0,schema,adapted,1,c4a54cdecc67,2998,8
cpp,stream,document,100,15,capnproto,1.0.x,1317,782,392,2099,759301.442673,1278772.378517,476417.341591,0,1.0,schema,native,1,c4a54cdecc67,2999,9
cpp,stream,document,100,15,jsoncons_bson,0.177.0,3515,18094,502,21609,284495.021337,55266.939317,46277.014207,0,1.0,dom,native,1,c4a54cdecc67,3000,10
cpp,stream,document,100,15,nlohmann_msgpack,3.11.3,3094,8844,332,11938,323206.205559,113071.008593,83766.124979,0,1.0,dom,native,1,c4a54cdecc67,3001,11
cpp,stream,document,100,15,thrift,TBinaryProtocol,1062,523,324,1585,941619.585687,1912045.889101,630914.826498,0,1.0,schema,adapted,1,c4a54cdecc67,3002,12
cpp,stream,document,100,15,flatbuffers,flatbuffers,1545,797,188,2342,647249.190939,1254705.144291,426985.482494,0,1.0,schema,adapted,1,c4a54cdecc67,3003,13
cpp,stream,document,100,15,custom_binary,harness,932,401,223,1333,1072961.373391,2493765.586035,750187.546887,0,1.0,struct,adapted,1,c4a54cdecc67,3004,14
cpp,stream,document,100,15,nlohmann_json,3.11.3,3683,10303,458,13986,271517.784415,97059.108997,71500.071500,0,1.0,struct,native,1,c4a54cdecc67,3005,15
cpp,stream,document,100,15,yyjson,0.10.0,993,10576,458,11569,1007049.345418,94553.706505,86437.894373,0,1.0,dom,adapted,1,c4a54cdecc67,3006,16
cpp,stream,document,100,15,simdjson,3.10.1,193,10010,458,10203,5181347.150259,99900.099900,98010.389101,0,1.0,dom,adapted,1,c4a54cdecc67,3007,17
cpp,stream,document,100,15,avro_c,avro-c,2891,3201,125,6092,345901.072293,312402.374258,164149.704531,0,1.0,schema,adapted,1,c4a54cdecc67,3008,18
cpp,stream,document,100,15,jsoncons_msgpack,0.177.0,3953,18578,332,22531,252972.426006,53827.107331,44383.294128,0,1.0,dom,native,1,c4a54cdecc67,3009,19
cpp,stream,document,100,15,msgpack,msgpack-cxx,1127,2171,332,3298,887311.446318,460617.227084,303214.069133,0,1.0,struct,native,1,c4a54cdecc67,3010,20
cpp,stream,document,100,15,nlohmann_bson,3.11.3,3347,8866,502,12213,298775.022408,112790.435371,81879.963973,0,1.0,dom,native,1,c4a54cdecc67,3011,21
cpp,stream,document,100,15,arduinojson,7.2.1,5856,16504,458,22360,170765.027322,60591.371789,44722.719141,0,1.0,dom,native,1,c4a54cdecc67,3012,22
cpp,stream,document,100,15,flexbuffers,flatbuffers-flex,5028,6041,467,11069,198886.237072,165535.507366,90342.397687,0,1.0,dom,adapted,1,c4a54cdecc67,3013,23
cpp,stream,document,100,15,cereal,1.3.2,970,1070,267,2040,1030927.835052,934579.439252,490196.078431,0,1.0,struct,native,1,c4a54cdecc67,3014,24
cpp,stream,document,100,15,bitsery,5.2.4,367,465,190,832,2724795.640327,2150537.634409,1201923.076923,0,1.0,struct,adapted,1,c4a54cdecc67,3015,25
cpp,stream,document,100,16,cereal,1.3.2,736,593,267,1329,1358695.652174,1686340.640809,752445.447705,0,1.0,struct,native,1,c4a54cdecc67,3016,0
cpp,stream,document,100,16,cista,0.15,376,1071,328,1447,2659574.468085,933706.816060,691085.003455,0,1.0,archive,adapted,1,c4a54cdecc67,3017,1
cpp,stream,document,100,16,jsoncons_cbor,0.177.0,4013,19822,338,23835,249190.132071,50448.996065,41955.108034,0,1.0,dom,native,1,c4a54cdecc67,3018,2
cpp,stream,document,100,16,thrift,TBinaryProtocol,1098,482,324,1580,910746.812386,2074688.796680,632911.392405,0,1.0,schema,adapted,1,c4a54cdecc67,3019,3
cpp,stream,document,100,16,capnproto,1.0.x,1524,928,392,2452,656167.979003,1077586.206897,407830.342577,0,1.0,schema,native,1,c4a54cdecc67,3020,4
cpp,stream,document,100,16,nlohmann_cbor,3.11.3,3074,8986,338,12060,325309.043591,111284.219898,82918.739635,0,1.0,dom,native,1,c4a54cdecc67,3021,5
cpp,stream,document,100,16,yas,7.x,1408,573,274,1981,710227.272727,1745200.698080,504795.557799,0,1.0,struct,adapted,1,c4a54cdecc67,3022,6
cpp,stream,document,100,16,yyjson,0.10.0,606,9670,458,10276,1650165.016502,103412.616339,97314.130012,0,1.0,dom,adapted,1,c4a54cdecc67,3023,7
cpp,stream,document,100,16,rapidjson,1.1.0,4652,18450,458,23102,214961.306965,54200.542005,43286.295559,0,1.0,dom,native,1,c4a54cdecc67,3024,8
cpp,stream,document,100,16,avro_c,avro-c,2788,3021,125,5809,358680.057389,331016.219795,172146.668962,0,1.0,schema,adapted,1,c4a54cdecc67,3025,9
cpp,stream,document,100,16,jsoncons_bson,0.177.0,4027,18448,502,22475,248323.814254,54206.418040,44493.882091,0,1.0,dom,native,1,c4a54cdecc67,3026,10
cpp,stream,document,100,16,simdjson,3.10.1,190,9266,458,9456,5263157.894737,107921.433197,105752.961083,0,1.0,dom,adapted,1,c4a54cdecc67,3027,11
cpp,stream,document,100,16,bitsery,5.2.4,259,357,190,616,3861003.861004,2801120.448179,1623376.623377,0,1.0,struct,adapted,1,c4a54cdecc67,3028,12
cpp,stream,document,100,16,protobuf-wire,wire-v2,1794,866,164,2660,557413.600892,1154734.411085,375939.849624,0,1.0,schema,adapted,1,c4a54cdecc67,3029,13
cpp,stream,document,100,16,arduinojson,7.2.1,5672,15423,458,21095,176304.654443,64838.228620,47404.598246,0,1.0,dom,native,1,c4a54cdecc67,3030,14
cpp,stream,document,100,16,custom_binary,harness,1072,537,223,1609,932835.820896,1862197.392924,621504.039776,0,1.0,struct,adapted,1,c4a54cdecc67,3031,15
cpp,stream,document,100,16,nlohmann_bson,3.11.3,3321,8753,502,12074,301114.122252,114246.544042,82822.594004,0,1.0,dom,native,1,c4a54cdecc67,3032,16
cpp,stream,document,100,16,nlohmann_msgpack,3.11.3,3017,8040,332,11057,331455.087836,124378.109453,90440.444967,0,1.0,dom,native,1,c4a54cdecc67,3033,17
cpp,stream,document,100,16,avro,binary-1.11,542,508,125,1050,1845018.450185,1968503.937008,952380.952381,0,1.0,schema,adapted,1,c4a54cdecc67,3034,18
cpp,stream,document,100,16,flatbuffers,flatbuffers,1697,778,188,2475,589275.191514,1285347.043702,404040.404040,0,1.0,schema,adapted,1,c4a54cdecc67,3035,19
cpp,stream,document,100,16,zpp_bits,4.4.25,709,402,227,1111,1410437.235543,2487562.189055,900090.009001,0,1.0,struct,adapted,1,c4a54cdecc67,3036,20
cpp,stream,document,100,16,nlohmann_json,3.11.3,3951,9856,458,13807,253100.480891,101461.038961,72427.029768,0,1.0,struct,native,1,c4a54cdecc67,3037,21
cpp,stream,document,100,16,flexbuffers,flatbuffers-flex,4519,5899,467,10418,221287.895552,169520.257671,95987.713573,0,1.0,dom,adapted,1,c4a54cdecc67,3038,22
cpp,stream,document,100,16,jsoncons_msgpack,0.177.0,3649,19868,332,23517,274047.684297,50332.192470,42522.430582,0,1.0,dom,native,1,c4a54cdecc67,3039,23
cpp,stream,document,100,16,nlohmann_ubjson,3.11.3,2996,9943,409,12939,333778.371162,100573.267625,77285.725327,0,1.0,dom,native,1,c4a54cdecc67,3040,24
cpp,stream,document,100,16,msgpack,msgpack-cxx,1219,2638,332,3857,820344.544709,379075.056861,259268.861810,0,1.0,struct,native,1,c4a54cdecc67,3041,25
cpp,stream,document,100,17,zpp_bits,4.4.25,555,362,227,917,1801801.801802,2762430.939227,1090512.540894,0,1.0,struct,adapted,1,c4a54cdecc67,3042,0
cpp,stream,document,100,17,flatbuffers,flatbuffers,418,873,188,1291,2392344.497608,1145475.372279,774593.338497,0,1.0,schema,adapted,1,c4a54cdecc67,3043,1
cpp,stream,document,100,17,flexbuffers,flatbuffers-flex,4064,6475,467,10539,246062.992126,154440.154440,94885.662776,0,1.0,dom,adapted,1,c4a54cdecc67,3044,2
cpp,stream,document,100,17,nlohmann_cbor,3.11.3,3080,9141,338,12221,324675.324675,109397.221311,81826.364455,0,1.0,dom,native,1,c4a54cdecc67,3045,3
cpp,stream,document,100,17,nlohmann_ubjson,3.11.3,2562,8499,409,11061,390320.062451,117660.901283,90407.738902,0,1.0,dom,native,1,c4a54cdecc67,3046,4
cpp,stream,document,100,17,rapidjson,1.1.0,5012,20592,458,25604,199521.149242,48562.548563,39056.397438,0,1.0,dom,native,1,c4a54cdecc67,3047,5
cpp,stream,document,100,17,custom_binary,harness,987,483,223,1470,1013171.225937,2070393.374741,680272.108844,0,1.0,struct,adapted,1,c4a54cdecc67,3048,6
cpp,stream,document,100,17,capnproto,1.0.x,1177,858,392,2035,849617.672048,1165501.165501,491400.491400,0,1.0,schema,native,1,c4a54cdecc67,3049,7
cpp,stream,document,100,17,nlohmann_bson,3.11.3,3592,9524,502,13116,278396.436526,104997.900042,76242.756938,0,1.0,dom,native,1,c4a54cdecc67,3050,8
cpp,stream,document,100,17,thrift,TBinaryProtocol,1226,567,324,1793,815660.685155,1763668.430335,557724.484105,0,1.0,schema,adapted,1,c4a54cdecc67,3051,9
cpp,stream,document,100,17,nlohmann_json,3.11.3,3758,9471,458,13229,266098.988824,105585.471439,75591.503515,0,1.0,struct,native,1,c4a54cdecc67,3052,10
cpp,stream,document,100,17,jsoncons_msgpack,0.177.0,3721,19656,332,23377,268744.961032,50875.050875,42777.088591,0,1.0,dom,native,1,c4a54cdecc67,3053,11
cpp,stream,document,100,17,bitsery,5.2.4,293,345,190,638,3412969.283276,2898550.724638,1567398.119122,0,1.0,struct,adapted,1,c4a54cdecc67,3054,12
cpp,stream,document,100,17,avro_c,avro-c,2826,3184,125,6010,353857.041755,314070.351759,166389.351082,0,1.0,schema,adapted,1,c4a54cdecc67,3055,13
cpp,stream,document,100,17,protobuf-wire,wire-v2,1770,888,164,2658,564971.751412,1126126.126126,376222.723853,0,1.0,schema,adapted,1,c4a54cdecc67,3056,14
cpp,stream,document,100,17,cista,0.15,423,1046,328,1469,2364066.193853,956022.944551,680735.194010,0,1.0,archive,adapted,1,c4a54cdecc67,3057,15
cpp,stream,document,100,17,arduinojson,7.2.1,5886,23319,458,29205,169894.665308,42883.485570,34240.712207,0,1.0,dom,native,1,c4a54cdecc67,3058,16
cpp,stream,document,100,17,jsoncons_cbor,0.177.0,4460,20123,338,24583,224215.246637,49694.379566,40678.517675,0,1.0,dom,native,1,c4a54cdecc67,3059,17
cpp,stream,document,100,17,yas,7.x,1277,531,274,1808,783085.356304,1883239.171375,553097.345133,0,1.0,struct,adapted,1,c4a54cdecc67,3060,18
cpp,stream,document,100,17,cereal,1.3.2,930,1092,267,2022,1075268.817204,915750.915751,494559.841741,0,1.0,struct,native,1,c4a54cdecc67,3061,19
cpp,stream,document,100,17,jsoncons_bson,0.177.0,4857,18318,502,23175,205888.408483,54591.112567,43149.946063,0,1.0,dom,native,1,c4a54cdecc67,3062,20
cpp,stream,document,100,17,yyjson,0.10.0,1613,10281,458,11894,619962.802232,97266.802840,84076.004708,0,1.0,dom,adapted,1,c4a54cdecc67,3063,21
cpp,stream,document,100,17,msgpack,msgpack-cxx,1238,2014,332,3252,807754.442649,496524.329692,307503.075031,0,1.0,struct,native,1,c4a54cdecc67,3064,22
cpp,stream,document,100,17,avro,binary-1.11,582,526,125,1108,1718213.058419,1901140.684411,902527.075812,0,1.0,schema,adapted,1,c4a54cdecc67,3065,23
cpp,stream,document,100,17,simdjson,3.10.1,181,10221,458,10402,5524861.878453,97837.784953,96135.358585,0,1.0,dom,adapted,1,c4a54cdecc67,3066,24
cpp,stream,document,100,17,nlohmann_msgpack,3.11.3,3238,8224,332,11462,308832.612724,121595.330739,87244.808934,0,1.0,dom,native,1,c4a54cdecc67,3067,25
cpp,stream,document,100,18,nlohmann_msgpack,3.11.3,2561,7114,332,9675,390472.471691,140567.894293,103359.173127,0,1.0,dom,native,1,c4a54cdecc67,3068,0
cpp,stream,document,100,18,zpp_bits,4.4.25,723,397,227,1120,1383125.864454,2518891.687657,892857.142857,0,1.0,struct,adapted,1,c4a54cdecc67,3069,1
cpp,stream,document,100,18,simdjson,3.10.1,147,9164,458,9311,6802721.088435,109122.653863,107399.849640,0,1.0,dom,adapted,1,c4a54cdecc67,3070,2
cpp,stream,document,100,18,protobuf-wire,wire-v2,1723,863,164,2586,580383.052815,1158748.551564,386697.602475,0,1.0,schema,adapted,1,c4a54cdecc67,3071,3
cpp,stream,document,100,18,jsoncons_cbor,0.177.0,4202,19189,338,23391,237981.913375,52113.189848,42751.485614,0,1.0,dom,native,1,c4a54cdecc67,3072,4
cpp,stream,document,100,18,avro_c,avro-c,2681,3005,125,5686,372995.151063,332778.702163,175870.559268,0,1.0,schema,adapted,1,c4a54cdecc67,3073,5
cpp,stream,document,100,18,nlohmann_ubjson,3.11.3,3065,10265,409,13330,326264.274062,97418.412080,75018.754689,0,1.0,dom,native,1,c4a54cdecc67,3074,6
cpp,stream,document,100,18,flexbuffers,flatbuffers-flex,4366,5735,467,10101,229042.601924,174367.916303,99000.099000,0,1.0,dom,adapted,1,c4a54cdecc67,3075,7
cpp,stream,document,100,18,nlohmann_json,3.11.3,3789,10077,458,13866,263921.879124,99235.883696,72118.851868,0,1.0,struct,native,1,c4a54cdecc67,3076,8
cpp,stream,document,100,18,nlohmann_bson,3.11.3,3318,8193,502,11511,301386.377336,122055.413158,86873.425419,0,1.0,dom,native,1,c4a54cdecc67,3077,9
cpp,stream,document,100,18,capnproto,1.0.x,2149,935,392,3084,465332.712890,1069518.716578,324254.215305,0,1.0,schema,native,1,c4a54cdecc67,3078,10
cpp,stream,document,100,18,arduinojson,7.2.1,5898,19591,458,25489,169548.999661,51043.846664,39232.610146,0,1.0,dom,native,1,c4a54cdecc67,3079,11
cpp,stream,document,100,18,bitsery,5.2.4,300,558,190,858,3333333.333333,1792114.695341,1165501.165501,0,1.0,struct,adapted,1,c4a54cdecc67,3080,12
cpp,stream,document,100,18,yas,7.x,1437,530,274,1967,695894.224078,1886792.452830,508388.408744,0,1.0,struct,adapted,1,c4a54cdecc67,3081,13
cpp,stream,document,100,18,yyjson,0.10.0,843,10337,458,11180,1186239.620403,96739.866499,89445.438283,0,1.0,dom,adapted,1,c4a54cdecc67,3082,14
cpp,stream,document,100,18,msgpack,msgpack-cxx,1285,2045,332,3330,778210.116732,488997.555012,300300.300300,0,1.0,struct,native,1,c4a54cdecc67,3083,15
cpp,stream,document,100,18,custom_binary,harness,1134,442,223,1576,881834.215168,2262443.438914,634517.766497,0,1.0,struct,adapted,1,c4a54cdecc67,3084,16
cpp,stream,document,100,18,nlohmann_cbor,3.11.3,3245,9248,338,12493,308166.409861,108131.487889,80044.825102,0,1.0,dom,native,1,c4a54cdecc67,3085,17
cpp,stream,document,100,18,cista,0.15,371,1068,328,1439,2695417.789757,936329.588015,694927.032662,0,1.0,archive,adapted,1,c4a54cdecc67,3086,18
cpp,stream,document,100,18,thrift,TBinaryProtocol,1138,604,324,1742,878734.622144,1655629.139073,574052.812859,0,1.0,schema,adapted,1,c4a54cdecc67,3087,19
cpp,stream,document,100,18,jsoncons_bson,0.177.0,4991,19944,502,24935,200360.649169,50140.393101,40104.271105,0,1.0,dom,native,1,c4a54cdecc67,3088,20
cpp,stream,document,100,18,avro,binary-1.11,702,527,125,1229,1424501.424501,1897533.206831,813669.650122,0,1.0,schema,adapted,1,c4a54cdecc67,3089,21
cpp,stream,document,100,18,rapidjson,1.1.0,5062,19822,458,24884,197550.375346,50448.996065,40186.465199,0,1.0,dom,native,1,c4a54cdecc67,3090,22
cpp,stream,document,100,18,jsoncons_msgpack,0.177.0,3322,18964,332,22286,301023.479831,52731.491247,44871.219600,0,1.0,dom,native,1,c4a54cdecc67,3091,23
cpp,stream,document,100,18,cereal,1.3.2,996,1196,267,2192,1004016.064257,836120.401338,456204.379562,0,1.0,struct,native,1,c4a54cdecc67,3092,24
cpp,stream,document,100,18,flatbuffers,flatbuffers,848,968,188,1816,1179245.283019,1033057.851240,550660.792952,0,1.0,schema,adapted,1,c4a54cdecc67,3093,25
cpp,stream,document,100,19,flatbuffers,flatbuffers,299,683,188,982,3344481.605351,1464128.843338,1018329.938900,0,1.0,schema,adapted,1,c4a54cdecc67,3094,0
cpp,stream,document,100,19,arduinojson,7.2.1,5817,15052,458,20869,171909.919202,66436.353973,47917.964445,0,1.0,dom,native,1,c4a54cdecc67,3095,1
cpp,stream,document,100,19,capnproto,1.0.x,1903,1008,392,2911,525486.074619,992063.492063,343524.562006,0,1.0,schema,native,1,c4a54cdecc67,3096,2
cpp,stream,document,100,19,yyjson,0.10.0,727,9773,458,10500,1375515.818432,102322.725877,95238.095238,0,1.0,dom,adapted,1,c4a54cdecc67,3097,3
cpp,stream,document,100,19,jsoncons_cbor,0.177.0,3646,19373,338,23019,274273.176083,51618.231559,43442.373691,0,1.0,dom,native,1,c4a54cdecc67,3098,4
cpp,stream,document,100,19,msgpack,msgpack-cxx,1187,1976,332,3163,842459.983151,506072.874494,316155.548530,0,1.0,struct,native,1,c4a54cdecc67,3099,5
cpp,stream,document,100,19,thrift,TBinaryProtocol,974,500,324,1474,1026694.045175,2000000.000000,678426.051560,0,1.0,schema,adapted,1,c4a54cdecc67,3100,6
cpp,stream,document,100,19,avro_c,avro-c,2875,3109,125,5984,347826.086957,321646.831779,167112.299465,0,1.0,schema,adapted,1,c4a54cdecc67,3101,7
cpp,stream,document,100,19,cista,0.15,369,981,328,1350,2710027.100271,1019367.991845,740740.740741,0,1.0,archive,adapted,1,c4a54cdecc67,3102,8
cpp,stream,document,100,19,simdjson,3.10.1,191,10275,458,10466,5235602.094241,97323.600973,95547.487101,0,1.0,dom,adapted,1,c4a54cdecc67,3103,9
cpp,stream,document,100,19,yas,7.x,1154,492,274,1646,866551.126516,2032520.325203,607533.414338,0,1.0,struct,adapted,1,c4a54cdecc67,3104,10
cpp,stream,document,100,19,jsoncons_bson,0.177.0,3811,17347,502,21158,262398.320651,57646.855364,47263.446451,0,1.0,dom,native,1,c4a54cdecc67,3105,11
cpp,stream,document,100,19,jsoncons_msgpack,0.177.0,3390,17308,332,20698,294985.250737,57776.750636,48313.846748,0,1.0,dom,native,1,c4a54cdecc67,3106,12
cpp,stream,document,100,19,custom_binary,harness,966,435,223,1401,1035196.687371,2298850.574713,713775.874375,0,1.0,struct,adapted,1,c4a54cdecc67,3107,13
cpp,stream,document,100,19,rapidjson,1.1.0,4688,19126,458,23814,213310.580205,52284.847851,41992.105484,0,1.0,dom,native,1,c4a54cdecc67,3108,14
cpp,stream,document,100,19,nlohmann_msgpack,3.11.3,3062,9211,332,12273,326583.932071,108565.845185,81479.670822,0,1.0,dom,native,1,c4a54cdecc67,3109,15
cpp,stream,document,100,19,zpp_bits,4.4.25,719,353,227,1072,1390820.584145,2832861.189802,932835.820896,0,1.0,struct,adapted,1,c4a54cdecc67,3110,16
cpp,stream,document,100,19,nlohmann_json,3.11.3,3639,9440,458,13079,274800.769442,105932.203390,76458.444835,0,1.0,struct,native,1,c4a54cdecc67,3111,17
cpp,stream,document,100,19,nlohmann_cbor,3.11.3,3011,8018,338,11029,332115.576221,124719.381392,90670.051682,0,1.0,dom,native,1,c4a54cdecc67,3112,18
cpp,stream,document,100,19,avro,binary-1.11,592,517,125,1109,1689189.189189,1934235.976789,901713.255185,0,1.0,schema,adapted,1,c4a54cdecc67,3113,19
cpp,stream,document,100,19,protobuf-wire,wire-v2,1793,904,164,2697,557724.484105,1106194.690265,370782.350760,0,1.0,schema,adapted,1,c4a54cdecc67,3114,20
cpp,stream,document,100,19,flexbuffers,flatbuffers-flex,4907,6208,467,11115,203790.503363,161082.474227,89968.511021,0,1.0,dom,adapted,1,c4a54cdecc67,3115,21
cpp,stream,document,100,19,cereal,1.3.2,882,1119,267,2001,1133786.848073,893655.049151,499750.124938,0,1.0,struct,native,1,c4a54cdecc67,3116,22
cpp,stream,document,100,19,nlohmann_bson,3.11.3,3531,8387,502,11918,283205.890683,119232.144986,83906.695754,0,1.0,dom,native,1,c4a54cdecc67,3117,23
cpp,stream,document,100,19,bitsery,5.2.4,308,441,190,749,3246753.246753,2267573.696145,1335113.484646,0,1.0,struct,adapted,1,c4a54cdecc67,3118,24
cpp,stream,document,100,19,nlohmann_ubjson,3.11.3,2891,8588,409,11479,345901.072293,116441.546344,87115.602404,0,1.0,dom,native,1,c4a54cdecc67,3119,25
cpp,stream,document,100,20,cereal,1.3.2,794,716,267,1510,1259445.843829,1396648.044693,662251.655629,0,1.0,struct,native,1,c4a54cdecc67,3120,0
cpp,stream,document,100,20,arduinojson,7.2.1,5844,16402,458,22246,171115.674196,60968.174613,44951.901465,0,1.0,dom,native,1,c4a54cdecc67,3121,1
cpp,stream,document,100,20,capnproto,1.0.x,1566,811,392,2377,638569.604087,1233045.622688,420698.359276,0,1.0,schema,native,1,c4a54cdecc67,3122,2
cpp,stream,document,100,20,custom_binary,harness,867,450,223,1317,1153402.537486,2222222.222222,759301.442673,0,1.0,struct,adapted,1,c4a54cdecc67,3123,3
cpp,stream,document,100,20,nlohmann_bson,3.11.3,2884,9112,502,11996,346740.638003,109745.390694,83361.120373,0,1.0,dom,native,1,c4a54cdecc67,3124,4
cpp,stream,document,100,20,protobuf-wire,wire-v2,1586,783,164,2369,630517.023960,1277139.208174,422119.037569,0,1.0,schema,adapted,1,c4a54cdecc67,3125,5
cpp,stream,document,100,20,nlohmann_cbor,3.11.3,2803,7601,338,10404,356760.613628,131561.636627,96116.878124,0,1.0,dom,native,1,c4a54cdecc67,3126,6
cpp,stream,document,100,20,avro,binary-1.11,488,447,125,935,2049180.327869,2237136.465324,1069518.716578,0,1.0,schema,adapted,1,c4a54cdecc67,3127,7
cpp,stream,document,100,20,yyjson,0.10.0,1657,10228,458,11885,603500.301750,97770.825186,84139.671855,0,1.0,dom,adapted,1,c4a54cdecc67,3128,8
cpp,stream,document,100,20,jsoncons_cbor,0.177.0,3599,20904,338,24503,277854.959711,47837.734405,40811.329225,0,1.0,dom,native,1,c4a54cdecc67,3129,9
cpp,stream,document,100,20,jsoncons_msgpack,0.177.0,3641,17139,332,20780,274649.821478,58346.461287,48123.195380,0,1.0,dom,native,1,c4a54cdecc67,3130,10
cpp,stream,document,100,20,cista,0.15,386,922,328,1308,2590673.575130,1084598.698482,764525.993884,0,1.0,archive,adapted,1,c4a54cdecc67,3131,11
cpp,stream,document,100,20,rapidjson,1.1.0,4889,19543,458,24432,204540.805891,51169.216599,40929.927963,0,1.0,dom,native,1,c4a54cdecc67,3132,12
cpp,stream,document,100,20,msgpack,msgpack-cxx,1198,1872,332,3070,834724.540902,534188.034188,325732.899023,0,1.0,struct,native,1,c4a54cdecc67,3133,13
cpp,stream,document,100,20,flexbuffers,flatbuffers-flex,4282,6351,467,10633,233535.730967,157455.518816,94046.835324,0,1.0,dom,adapted,1,c4a54cdecc67,3134,14
cpp,stream,document,100,20,nlohmann_json,3.11.3,3737,9355,458,13092,267594.327000,106894.708712,76382.523679,0,1.0,struct,native,1,c4a54cdecc67,3135,15
cpp,stream,document,100,20,thrift,TBinaryProtocol,1006,487,324,1493,994035.785288,2053388.090349,669792.364367,0,1.0,schema,adapted,1,c4a54cdecc67,3136,16
cpp,stream,document,100,20,jsoncons_bson,0.177.0,4327,18779,502,23106,231107.002542,53250.971830,43278.802043,0,1.0,dom,native,1,c4a54cdecc67,3137,17
cpp,stream,document,100,20,nlohmann_ubjson,3.11.3,2991,9583,409,12574,334336.342360,104351.455703,79529.187212,0,1.0,dom,native,1,c4a54cdecc67,3138,18
cpp,stream,document,100,20,zpp_bits,4.4.25,742,357,227,1099,1347708.894879,2801120.448179,909918.107370,0,1.0,struct,adapted,1,c4a54cdecc67,3139,19
cpp,stream,document,100,20,yas,7.x,1645,597,274,2242,607902.735562,1675041.876047,446030.330062,0,1.0,struct,adapted,1,c4a54cdecc67,3140,20
cpp,stream,document,100,20,flatbuffers,flatbuffers,321,909,188,1230,3115264.797508,1100110.011001,813008.130081,0,1.0,schema,adapted,1,c4a54cdecc67,3141,21
cpp,stream,document,100,20,nlohmann_msgpack,3.11.3,2912,8227,332,11139,343406.593407,121550.990641,89774.665589,0,1.0,dom,native,1,c4a54cdecc67,3142,22
cpp,stream,document,100,20,avro_c,avro-c,2448,3040,125,5488,408496.732026,328947.368421,182215.743440,0,1.0,schema,adapted,1,c4a54cdecc67,3143,23
cpp,stream,document,100,20,bitsery,5.2.4,334,411,190,745,2994011.976048,2433090.024331,1342281.879195,0,1.0,struct,adapted,1,c4a54cdecc67,3144,24
cpp,stream,document,100,20,simdjson,3.10.1,191,9834,458,10025,5235602.094241,101688.021151,99750.623441,0,1.0,dom,adapted,1,c4a54cdecc67,3145,25
cpp,stream,document,100,21,nlohmann_msgpack,3.11.3,2441,7438,332,9879,409668.168783,134444.743211,101224.820326,0,1.0,dom,native,1,c4a54cdecc67,3146,0
cpp,stream,document,100,21,flatbuffers,flatbuffers,1412,758,188,2170,708215.297450,1319261.213720,460829.493088,0,1.0,schema,adapted,1,c4a54cdecc67,3147,1
cpp,stream,document,100,21,avro_c,avro-c,1872,2466,125,4338,534188.034188,405515.004055,230520.977409,0,1.0,schema,adapted,1,c4a54cdecc67,3148,2
cpp,stream,document,100,21,nlohmann_json,3.11.3,9023,10340,458,19363,110827.884296,96711.798839,51644.889738,0,1.0,struct,native,1,c4a54cdecc67,3149,3
cpp,stream,document,100,21,protobuf-wire,wire-v2,1597,721,164,2318,626174.076393,1386962.552011,431406.384814,0,1.0,schema,adapted,1,c4a54cdecc67,3150,4
cpp,stream,document,100,21,cereal,1.3.2,762,1039,267,1801,1312335.958005,962463.907603,555247.084953,0,1.0,struct,native,1,c4a54cdecc67,3151,5
cpp,stream,document,100,21,msgpack,msgpack-cxx,1018,2173,332,3191,982318.271120,460193.281178,313381.385146,0,1.0,struct,native,1,c4a54cdecc67,3152,6
cpp,stream,document,100,21,yas,7.x,554,391,274,945,1805054.151625,2557544.757033,1058201.058201,0,1.0,struct,adapted,1,c4a54cdecc67,3153,7
cpp,stream,document,100,21,custom_binary,harness,992,439,223,1431,1008064.516129,2277904.328018,698812.019567,0,1.0,struct,adapted,1,c4a54cdecc67,3154,8
cpp,stream,document,100,21,rapidjson,1.1.0,4881,19391,458,24272,204876.049990,51570.316126,41199.736322,0,1.0,dom,native,1,c4a54cdecc67,3155,9
cpp,stream,document,100,21,avro,binary-1.11,459,517,125,976,2178649.237473,1934235.976789,1024590.163934,0,1.0,schema,adapted,1,c4a54cdecc67,3156,10
cpp,stream,document,100,21,jsoncons_cbor,0.177.0,3225,20577,338,23802,310077.519380,48597.949167,42013.276195,0,1.0,dom,native,1,c4a54cdecc67,3157,11
cpp,stream,document,100,21,capnproto,1.0.x,1465,1084,392,2549,682593.856655,922509.225092,392310.710082,0,1.0,schema,native,1,c4a54cdecc67,3158,12
cpp,stream,document,100,21,bitsery,5.2.4,246,340,190,586,4065040.650407,2941176.470588,1706484.641638,0,1.0,struct,adapted,1,c4a54cdecc67,3159,13
cpp,stream,document,100,21,zpp_bits,4.4.25,679,392,227,1071,1472754.050074,2551020.408163,933706.816060,0,1.0,struct,adapted,1,c4a54cdecc67,3160,14
cpp,stream,document,100,21,thrift,TBinaryProtocol,938,481,324,1419,1066098.081023,2079002.079002,704721.634954,0,1.0,schema,adapted,1,c4a54cdecc67,3161,15
cpp,stream,document,100,21,nlohmann_bson,3.11.3,3401,9156,502,12557,294031.167304,109217.999126,79636.855937,0,1.0,dom,native,1,c4a54cdecc67,3162,16
cpp,stream,document,100,21,arduinojson,7.2.1,5652,16043,458,21695,176928.520878,62332.481456,46093.569947,0,1.0,dom,native,1,c4a54cdecc67,3163,17
cpp,stream,document,100,21,yyjson,0.10.0,1547,9968,458,11515,646412.411118,100321.027287,86843.247937,0,1.0,dom,adapted,1,c4a54cdecc67,3164,18
cpp,stream,document,100,21,flexbuffers,flatbuffers-flex,4780,5834,467,10614,209205.020921,171408.981831,94215.187488,0,1.0,dom,adapted,1,c4a54cdecc67,3165,19
cpp,stream,document,100,21,nlohmann_ubjson,3.11.3,2886,9690,409,12576,346500.346500,103199.174407,79516.539440,0,1.0,dom,native,1,c4a54cdecc67,3166,20
cpp,stream,document,100,21,jsoncons_msgpack,0.177.0,3816,18607,332,22423,262054.507338,53743.214919,44597.065513,0,1.0,dom,native,1,c4a54cdecc67,3167,21
cpp,stream,document,100,21,cista,0.15,368,1045,328,1413,2717391.304348,956937.799043,707714.083510,0,1.0,archive,adapted,1,c4a54cdecc67,3168,22
cpp,stream,document,100,21,jsoncons_bson,0.177.0,4382,17014,502,21396,228206.298494,58775.126367,46737.707983,0,1.0,dom,native,1,c4a54cdecc67,3169,23
cpp,stream,document,100,21,simdjson,3.10.1,189,9103,458,9292,5291005.291005,109853.894321,107619.457598,0,1.0,dom,adapted,1,c4a54cdecc67,3170,24
cpp,stream,document,100,21,nlohmann_cbor,3.11.3,3075,11225,338,14300,325203.252033,89086.859688,69930.069930,0,1.0,dom,native,1,c4a54cdecc67,3171,25
cpp,stream,document,100,22,nlohmann_cbor,3.11.3,2430,7141,338,9571,411522.633745,140036.409466,104482.290252,0,1.0,dom,native,1,c4a54cdecc67,3172,0
cpp,stream,document,100,22,yas,7.x,1747,471,274,2218,572409.845449,2123142.250531,450856.627592,0,1.0,struct,adapted,1,c4a54cdecc67,3173,1
cpp,stream,document,100,22,rapidjson,1.1.0,4680,18115,458,22795,213675.213675,55202.870549,43869.269577,0,1.0,dom,native,1,c4a54cdecc67,3174,2
cpp,stream,document,100,22,msgpack,msgpack-cxx,1198,1792,332,2990,834724.540902,558035.714286,334448.160535,0,1.0,struct,native,1,c4a54cdecc67,3175,3
cpp,stream,document,100,22,nlohmann_msgpack,3.11.3,2892,8647,332,11539,345781.466113,115647.045218,86662.622411,0,1.0,dom,native,1,c4a54cdecc67,3176,4
cpp,stream,document,100,22,flatbuffers,flatbuffers,1352,933,188,2285,739644.970414,1071811.361200,437636.761488,0,1.0,schema,adapted,1,c4a54cdecc67,3177,5
cpp,stream,document,100,22,arduinojson,7.2.1,5718,14546,458,20264,174886.323889,68747.421972,49348.598500,0,1.0,dom,native,1,c4a54cdecc67,3178,6
cpp,stream,document,100,22,nlohmann_bson,3.11.3,3210,8237,502,11447,311526.479751,121403.423577,87359.133397,0,1.0,dom,native,1,c4a54cdecc67,3179,7
cpp,stream,document,100,22,nlohmann_json,3.11.3,3600,9049,458,12649,277777.777778,110509.448558,79057.633014,0,1.0,struct,native,1,c4a54cdecc67,3180,8
cpp,stream,document,100,22,flexbuffers,flatbuffers-flex,4384,5863,467,10247,228102.189781,170561.146171,97589.538401,0,1.0,dom,adapted,1,c4a54cdecc67,3181,9
cpp,stream,document,100,22,capnproto,1.0.x,2233,926,392,3159,447828.034035,1079913.606911,316555.872111,0,1.0,schema,native,1,c4a54cdecc67,3182,10
cpp,stream,document,100,22,simdjson,3.10.1,183,9824,458,10007,5464480.874317,101791.530945,99930.048966,0,1.0,dom,adapted,1,c4a54cdecc67,3183,11
cpp,stream,document,100,22,jsoncons_cbor,0.177.0,3492,19396,338,22888,286368.843070,51557.022066,43691.017127,0,1.0,dom,native,1,c4a54cdecc67,3184,12
cpp,stream,document,100,22,jsoncons_msgpack,0.177.0,3519,16722,332,20241,284171.639670,59801.459156,49404.673682,0,1.0,dom,native,1,c4a54cdecc67,3185,13
cpp,stream,document,100,22,zpp_bits,4.4.25,738,398,227,1136,1355013.550136,2512562.814070,880281.690141,0,1.0,struct,adapted,1,c4a54cdecc67,3186,14
cpp,stream,document,100,22,protobuf-wire,wire-v2,1574,823,164,2397,635324.015248,1215066.828676,417188.151856,0,1.0,schema,adapted,1,c4a54cdecc67,3187,15
cpp,stream,document,100,22,cereal,1.3.2,795,1071,267,1866,1257861.635220,933706.816060,535905.680600,0,1.0,struct,native,1,c4a54cdecc67,3188,16
cpp,stream,document,100,22,custom_binary,harness,935,497,223,1432,1069518.716578,2012072.434608,698324.022346,0,1.0,struct,adapted,1,c4a54cdecc67,3189,17
cpp,stream,document,100,22,avro,binary-1.11,576,708,125,1284,1736111.111111,1412429.378531,778816.199377,0,1.0,schema,adapted,1,c4a54cdecc67,3190,18
cpp,stream,document,100,22,thrift,TBinaryProtocol,1008,545,324,1553,992063.492063,1834862.385321,643915.003220,0,1.0,schema,adapted,1,c4a54cdecc67,3191,19
cpp,stream,document,100,22,nlohmann_ubjson,3.11.3,3074,9634,409,12708,325309.043591,103799.045049,78690.588606,0,1.0,dom,native,1,c4a54cdecc67,3192,20
cpp,stream,document,100,22,jsoncons_bson,0.177.0,4904,17221,502,22125,203915.171289,58068.637129,45197.740113,0,1.0,dom,native,1,c4a54cdecc67,3193,21
cpp,stream,document,100,22,yyjson,0.10.0,1120,9737,458,10857,892857.142857,102701.037280,92106.475085,0,1.0,dom,adapted,1,c4a54cdecc67,3194,22
cpp,stream,document,100,22,cista,0.15,481,1002,328,1483,2079002.079002,998003.992016,674308.833446,0,1.0,archive,adapted,1,c4a54cdecc67,3195,23
cpp,stream,document,100,22,bitsery,5.2.4,231,387,190,618,4329004.329004,2583979.328165,1618122.977346,0,1.0,struct,adapted,1,c4a54cdecc67,3196,24
cpp,stream,document,100,22,avro_c,avro-c,2774,3365,125,6139,360490.266763,297176.820208,162892.979313,0,1.0,schema,adapted,1,c4a54cdecc67,3197,25
cpp,stream,document,100,23,capnproto,1.0.x,1464,790,392,2254,683060.109290,1265822.784810,443655.723159,0,1.0,schema,native,1,c4a54cdecc67,3198,0
cpp,stream,document,100,23,nlohmann_ubjson,3.11.3,2807,9788,409,12595,356252.226576,102165.917450,79396.585947,0,1.0,dom,native,1,c4a54cdecc67,3199,1
cpp,stream,document,100,23,nlohmann_cbor,3.11.3,2942,7569,338,10511,339904.826649,132117.849121,95138.426410,0,1.0,dom,native,1,c4a54cdecc67,3200,2
cpp,stream,document,100,23,jsoncons_msgpack,0.177.0,3852,18324,332,22176,259605.399792,54573.237284,45093.795094,0,1.0,dom,native,1,c4a54cdecc67,3201,3
cpp,stream,document,100,23,thrift,TBinaryProtocol,899,501,324,1400,1112347.052280,1996007.984032,714285.714286,0,1.0,schema,adapted,1,c4a54cdecc67,3202,4
cpp,stream,document,100,23,protobuf-wire,wire-v2,1639,807,164,2446,610128.126907,1239157.372986,408830.744072,0,1.0,schema,adapted,1,c4a54cdecc67,3203,5
cpp,stream,document,100,23,nlohmann_json,3.11.3,4036,9685,458,13721,247770.069376,103252.452246,72880.985351,0,1.0,struct,native,1,c4a54cdecc67,3204,6
cpp,stream,document,100,23,flatbuffers,flatbuffers,867,774,188,1641,1153402.537486,1291989.664083,609384.521633,0,1.0,schema,adapted,1,c4a54cdecc67,3205,7
cpp,stream,document,100,23,simdjson,3.10.1,182,9840,458,10022,5494505.494505,101626.016260,99780.482938,0,1.0,dom,adapted,1,c4a54cdecc67,3206,8
cpp,stream,document,100,23,cista,0.15,351,948,328,1299,2849002.849003,1054852.320675,769822.940724,0,1.0,archive,adapted,1,c4a54cdecc67,3207,9
cpp,stream,document,100,23,msgpack,msgpack-cxx,1268,2234,332,3502,788643.533123,447627.573859,285551.113649,0,1.0,struct,native,1,c4a54cdecc67,3208,10
cpp,stream,document,100,23,nlohmann_bson,3.11.3,3330,9627,502,12957,300300.300300,103874.519580,77178.359188,0,1.0,dom,native,1,c4a54cdecc67,3209,11
cpp,stream,document,100,23,nlohmann_msgpack,3.11.3,2827,8358,332,11185,353731.871242,119645.848289,89405.453733,0,1.0,dom,native,1,c4a54cdecc67,3210,12
cpp,stream,document,100,23,cereal,1.3.2,828,1062,267,1890,1207729.468599,941619.585687,529100.529101,0,1.0,struct,native,1,c4a54cdecc67,3211,13
cpp,stream,document,100,23,zpp_bits,4.4.25,665,379,227,1044,1503759.398496,2638522.427441,957854.406130,0,1.0,struct,adapted,1,c4a54cdecc67,3212,14
cpp,stream,document,100,23,rapidjson,1.1.0,4871,19439,458,24310,205296.653665,51442.975462,41135.335253,0,1.0,dom,native,1,c4a54cdecc67,3213,15
cpp,stream,document,100,23,yas,7.x,890,465,274,1355,1123595.505618,2150537.634409,738007.380074,0,1.0,struct,adapted,1,c4a54cdecc67,3214,16
cpp,stream,document,100,23,yyjson,0.10.0,737,9767,458,10504,1356852.103121,102385.584110,95201.827875,0,1.0,dom,adapted,1,c4a54cdecc67,3215,17
cpp,stream,document,100,23,jsoncons_bson,0.177.0,4629,18455,502,23084,216029.379996,54185.857491,43320.048518,0,1.0,dom,native,1,c4a54cdecc67,3216,18
cpp,stream,document,100,23,custom_binary,harness,1048,415,223,1463,954198.473282,2409638.554217,683526.999316,0,1.0,struct,adapted,1,c4a54cdecc67,3217,19
cpp,stream,document,100,23,avro,binary-1.11,641,686,125,1327,1560062.402496,1457725.947522,753579.502638,0,1.0,schema,adapted,1,c4a54cdecc67,3218,20
cpp,stream,document,100,23,bitsery,5.2.4,306,354,190,660,3267973.856209,2824858.757062,1515151.515152,0,1.0,struct,adapted,1,c4a54cdecc67,3219,21
cpp,stream,document,100,23,flexbuffers,flatbuffers-flex,5055,6603,467,11658,197823.936696,151446.312282,85778.006519,0,1.0,dom,adapted,1,c4a54cdecc67,3220,22
cpp,stream,document,100,23,arduinojson,7.2.1,5979,16600,458,22579,167252.048838,60240.963855,44288.941051,0,1.0,dom,native,1,c4a54cdecc67,3221,23
cpp,stream,document,100,23,avro_c,avro-c,2655,3051,125,5706,376647.834275,327761.389708,175254.118472,0,1.0,schema,adapted,1,c4a54cdecc67,3222,24
cpp,stream,document,100,23,jsoncons_cbor,0.177.0,4066,20395,338,24461,245941.957698,49031.625398,40881.403050,0,1.0,dom,native,1,c4a54cdecc67,3223,25
cpp,stream,document,100,24,thrift,TBinaryProtocol,1053,559,324,1612,949667.616334,1788908.765653,620347.394541,0,1.0,schema,adapted,1,c4a54cdecc67,3224,0
cpp,stream,document,100,24,flatbuffers,flatbuffers,971,941,188,1912,1029866.117405,1062699.256111,523012.552301,0,1.0,schema,adapted,1,c4a54cdecc67,3225,1
cpp,stream,document,100,24,avro_c,avro-c,2337,2645,125,4982,427899.015832,378071.833648,200722.601365,0,1.0,schema,adapted,1,c4a54cdecc67,3226,2
cpp,stream,document,100,24,simdjson,3.10.1,196,10071,458,10267,5102040.816327,99295.005461,97399.435083,0,1.0,dom,adapted,1,c4a54cdecc67,3227,3
cpp,stream,document,100,24,jsoncons_bson,0.177.0,4096,17658,502,21754,244140.625000,56631.555103,45968.557507,0,1.0,dom,native,1,c4a54cdecc67,3228,4
cpp,stream,document,100,24,yas,7.x,984,436,274,1420,1016260.162602,2293577.981651,704225.352113,0,1.0,struct,adapted,1,c4a54cdecc67,3229,5
cpp,stream,document,100,24,cereal,1.3.2,823,1115,267,1938,1215066.828676,896860.986547,515995.872033,0,1.0,struct,native,1,c4a54cdecc67,3230,6
cpp,stream,document,100,24,nlohmann_ubjson,3.11.3,3121,10153,409,13274,320410.124960,98493.056240,75335.241826,0,1.0,dom,native,1,c4a54cdecc67,3231,7
cpp,stream,document,100,24,jsoncons_msgpack,0.177.0,4051,18114,332,22165,246852.628980,55205.918074,45116.174148,0,1.0,dom,native,1,c4a54cdecc67,3232,8
cpp,stream,document,100,24,custom_binary,harness,939,456,223,1395,1064962.726305,2192982.456140,716845.878136,0,1.0,struct,adapted,1,c4a54cdecc67,3233,9
cpp,stream,document,100,24,bitsery,5.2.4,272,294,190,566,3676470.588235,3401360.544218,1766784.452297,0,1.0,struct,adapted,1,c4a54cdecc67,3234,10
cpp,stream,document,100,24,zpp_bits,4.4.25,664,351,227,1015,1506024.096386,2849002.849003,985221.674877,0,1.0,struct,adapted,1,c4a54cdecc67,3235,11
cpp,stream,document,100,24,cista,0.15,397,1022,328,1419,2518891.687657,978473.581213,704721.634954,0,1.0,archive,adapted,1,c4a54cdecc67,3236,12
cpp,stream,document,100,24,nlohmann_msgpack,3.11.3,3007,8366,332,11373,332557.366146,119531.436768,87927.547701,0,1.0,dom,native,1,c4a54cdecc67,3237,13
cpp,stream,document,100,24,arduinojson,7.2.1,5807,18147,458,23954,172205.958326,55105.527084,41746.681139,0,1.0,dom,native,1,c4a54cdecc67,3238,14
cpp,stream,document,100,24,protobuf-wire,wire-v2,1699,941,164,2640,588581.518540,1062699.256111,378787.878788,0,1.0,schema,adapted,1,c4a54cdecc67,3239,15
cpp,stream,document,100,24,nlohmann_bson,3.11.3,3433,8662,502,12095,291290.416545,115446.779035,82678.792890,0,1.0,dom,native,1,c4a54cdecc67,3240,16
cpp,stream,document,100,24,yyjson,0.10.0,1857,9508,458,11365,538502.961766,105174.589819,87989.441267,0,1.0,dom,adapted,1,c4a54cdecc67,3241,17
cpp,stream,document,100,24,capnproto,1.0.x,1502,1154,392,2656,665778.961385,866551.126516,376506.024096,0,1.0,schema,native,1,c4a54cdecc67,3242,18
cpp,stream,document,100,24,avro,binary-1.11,593,601,125,1194,1686340.640809,1663893.510815,837520.938023,0,1.0,schema,adapted,1,c4a54cdecc67,3243,19
cpp,stream,document,100,24,msgpack,msgpack-cxx,1074,1611,332,2685,931098.696462,620732.464308,372439.478585,0,1.0,struct,native,1,c4a54cdecc67,3244,20
cpp,stream,document,100,24,flexbuffers,flatbuffers-flex,4914,6870,467,11784,203500.203500,145560.407569,84860.828242,0,1.0,dom,adapted,1,c4a54cdecc67,3245,21
cpp,stream,document,100,24,jsoncons_cbor,0.177.0,3452,19855,338,23307,289687.137891,50365.147318,42905.564852,0,1.0,dom,native,1,c4a54cdecc67,3246,22
cpp,stream,document,100,24,nlohmann_json,3.11.3,3770,9361,458,13131,265251.989390,106826.193783,76155.662173,0,1.0,struct,native,1,c4a54cdecc67,3247,23
cpp,stream,document,100,24,rapidjson,1.1.0,5091,22144,458,27235,196425.063838,45158.959538,36717.459152,0,1.0,dom,native,1,c4a54cdecc67,3248,24
cpp,stream,document,100,24,nlohmann_cbor,3.11.3,3228,9123,338,12351,309789.343247,109613.065877,80965.104040,0,1.0,dom,native,1,c4a54cdecc67,3249,25
cpp,stream,document,100,25,jsoncons_cbor,0.177.0,4012,19662,338,23674,249252.243270,50859.525989,42240.432542,0,1.0,dom,native,1,c4a54cdecc67,3250,0
cpp,stream,document,100,25,nlohmann_ubjson,3.11.3,2905,9351,409,12256,344234.079174,106940.434178,81592.689295,0,1.0,dom,native,1,c4a54cdecc67,3251,1
cpp,stream,document,100,25,avro,binary-1.11,599,550,125,1149,1669449.081803,1818181.818182,870322.019147,0,1.0,schema,adapted,1,c4a54cdecc67,3252,2
cpp,stream,document,100,25,simdjson,3.10.1,180,9302,458,9482,5555555.555556,107503.762632,105462.982493,0,1.0,dom,adapted,1,c4a54cdecc67,3253,3
cpp,stream,document,100,25,protobuf-wire,wire-v2,1700,964,164,2664,588235.294118,1037344.398340,375375.375375,0,1.0,schema,adapted,1,c4a54cdecc67,3254,4
cpp,stream,document,100,25,cereal,1.3.2,853,1180,267,2033,1172332.942556,847457.627119,491883.915396,0,1.0,struct,native,1,c4a54cdecc67,3255,5
cpp,stream,document,100,25,flatbuffers,flatbuffers,1436,731,188,2167,696378.830084,1367989.056088,461467.466544,0,1.0,schema,adapted,1,c4a54cdecc67,3256,6
cpp,stream,document,100,25,nlohmann_cbor,3.11.3,3137,8683,338,11820,318775.900542,115167.568813,84602.368866,0,1.0,dom,native,1,c4a54cdecc67,3257,7
cpp,stream,document,100,25,arduinojson,7.2.1,5731,16181,458,21912,174489.617868,61800.877572,45637.093830,0,1.0,dom,native,1,c4a54cdecc67,3258,8
cpp,stream,document,100,25,avro_c,avro-c,2476,2742,125,5218,403877.221325,364697.301240,191644.308164,0,1.0,schema,adapted,1,c4a54cdecc67,3259,9
cpp,stream,document,100,25,rapidjson,1.1.0,4640,22817,458,27457,215517.241379,43826.971118,36420.584915,0,1.0,dom,native,1,c4a54cdecc67,3260,10
cpp,stream,document,100,25,yas,7.x,881,790,274,1671,1135073.779796,1265822.784810,598444.045482,0,1.0,struct,adapted,1,c4a54cdecc67,3261,11
cpp,stream,document,100,25,cista,0.15,382,1120,328,1502,2617801.047120,892857.142857,665778.961385,0,1.0,archive,adapted,1,c4a54cdecc67,3262,12
cpp,stream,document,100,25,bitsery,5.2.4,333,583,190,916,3003003.003003,1715265.866209,1091703.056769,0,1.0,struct,adapted,1,c4a54cdecc67,3263,13
cpp,stream,document,100,25,zpp_bits,4.4.25,831,360,227,1191,1203369.434416,2777777.777778,839630.562552,0,1.0,struct,adapted,1,c4a54cdecc67,3264,14
cpp,stream,document,100,25,flexbuffers,flatbuffers-flex,5046,6491,467,11537,198176.773682,154059.466954,86677.645835,0,1.0,dom,adapted,1,c4a54cdecc67,3265,15
cpp,stream,document,100,25,thrift,TBinaryProtocol,943,721,324,1664,1060445.387063,1386962.552011,600961.538462,0,1.0,schema,adapted,1,c4a54cdecc67,3266,16
cpp,stream,document,100,25,nlohmann_bson,3.11.3,3308,8622,502,11930,302297.460701,115982.370680,83822.296731,0,1.0,dom,native,1,c4a54cdecc67,3267,17
cpp,stream,document,100,25,nlohmann_json,3.11.3,3565,9280,458,12845,280504.908836,107758.620690,77851.304009,0,1.0,struct,native,1,c4a54cdecc67,3268,18
cpp,stream,document,100,25,custom_binary,harness,1006,635,223,1641,994035.785288,1574803.149606,609384.521633,0,1.0,struct,adapted,1,c4a54cdecc67,3269,19
cpp,stream,document,100,25,nlohmann_msgpack,3.11.3,2909,7742,332,10651,343760.742523,129165.590287,93887.897850,0,1.0,dom,native,1,c4a54cdecc67,3270,20
cpp,stream,document,100,25,yyjson,0.10.0,1694,9488,458,11182,590318.772137,105396.290051,89429.440172,0,1.0,dom,adapted,1,c4a54cdecc67,3271,21
cpp,stream,document,100,25,jsoncons_bson,0.177.0,4241,18963,502,23204,235793.444942,52734.272003,43096.017928,0,1.0,dom,native,1,c4a54cdecc67,3272,22
cpp,stream,document,100,25,jsoncons_msgpack,0.177.0,3471,17351,332,20822,288101.411697,57633.565789,48026.126213,0,1.0,dom,native,1,c4a54cdecc67,3273,23
cpp,stream,document,100,25,msgpack,msgpack-cxx,1075,2129,332,3204,930232.558140,469704.086426,312109.862672,0,1.0,struct,native,1,c4a54cdecc67,3274,24
cpp,stream,document,100,25,capnproto,1.0.x,1217,1351,392,2568,821692.686935,740192.450037,389408.099688,0,1.0,schema,native,1,c4a54cdecc67,3275,25
cpp,stream,document,100,26,nlohmann_bson,3.11.3,3235,9470,502,12705,309119.010819,105596.620908,78709.169618,0,1.0,dom,native,1,c4a54cdecc67,3276,0
cpp,stream,document,100,26,yyjson,0.10.0,1744,10197,458,11941,573394.495413,98068.059233,83745.079977,0,1.0,dom,adapted,1,c4a54cdecc67,3277,1
cpp,stream,document,100,26,rapidjson,1.1.0,4700,19012,458,23712,212765.957447,52598.358931,42172.739541,0,1.0,dom,native,1,c4a54cdecc67,3278,2
cpp,stream,document,100,26,flexbuffers,flatbuffers-flex,4388,6641,467,11029,227894.257065,150579.731968,90670.051682,0,1.0,dom,adapted,1,c4a54cdecc67,3279,3
cpp,stream,document,100,26,nlohmann_json,3.11.3,3735,9463,458,13198,267737.617135,105674.733171,75769.055918,0,1.0,struct,native,1,c4a54cdecc67,3280,4
cpp,stream,document,100,26,jsoncons_msgpack,0.177.0,3186,18166,332,21352,313873.195229,55047.891666,46834.020232,0,1.0,dom,native,1,c4a54cdecc67,3281,5
cpp,stream,document,100,26,cista,0.15,434,934,328,1368,2304147.465438,1070663.811563,730994.152047,0,1.0,archive,adapted,1,c4a54cdecc67,3282,6
cpp,stream,document,100,26,zpp_bits,4.4.25,690,489,227,1179,1449275.362319,2044989.775051,848176.420696,0,1.0,struct,adapted,1,c4a54cdecc67,3283,7
cpp,stream,document,100,26,avro_c,avro-c,3180,3495,125,6675,314465.408805,286123.032904,149812.734082,0,1.0,schema,adapted,1,c4a54cdecc67,3284,8
cpp,stream,document,100,26,yas,7.x,1240,847,274,2087,806451.612903,1180637.544274,479156.684236,0,1.0,struct,adapted,1,c4a54cdecc67,3285,9
cpp,stream,document,100,26,capnproto,1.0.x,1236,1038,392,2274,809061.488673,963391.136802,439753.737907,0,1.0,schema,native,1,c4a54cdecc67,3286,10
cpp,stream,document,100,26,avro,binary-1.11,761,685,125,1446,1314060.446781,1459854.014599,691562.932227,0,1.0,schema,adapted,1,c4a54cdecc67,3287,11
cpp,stream,document,100,26,thrift,TBinaryProtocol,1277,607,324,1884,783085.356304,1647446.457990,530785.562633,0,1.0,schema,adapted,1,c4a54cdecc67,3288,12
cpp,stream,document,100,26,nlohmann_msgpack,3.11.3,3216,9694,332,12910,310945.273632,103156.591706,77459.333850,0,1.0,dom,native,1,c4a54cdecc67,3289,13
cpp,stream,document,100,26,jsoncons_bson,0.177.0,4708,19567,502,24275,212404.418012,51106.454745,41194.644696,0,1.0,dom,native,1,c4a54cdecc67,3290,14
cpp,stream,document,100,26,jsoncons_cbor,0.177.0,3933,19133,338,23066,254258.835495,52265.718915,43353.854158,0,1.0,dom,native,1,c4a54cdecc67,3291,15
cpp,stream,document,100,26,cereal,1.3.2,955,1188,267,2143,1047120.418848,841750.841751,466635.557629,0,1.0,struct,native,1,c4a54cdecc67,3292,16
cpp,stream,document,100,26,nlohmann_cbor,3.11.3,3311,8422,338,11733,302023.557838,118736.642128,85229.694025,0,1.0,dom,native,1,c4a54cdecc67,3293,17
cpp,stream,document,100,26,custom_binary,harness,965,628,223,1593,1036269.430052,1592356.687898,627746.390458,0,1.0,struct,adapted,1,c4a54cdecc67,3294,18
cpp,stream,document,100,26,flatbuffers,flatbuffers,1360,1228,188,2588,735294.117647,814332.247557,386398.763524,0,1.0,schema,adapted,1,c4a54cdecc67,3295,19
cpp,stream,document,100,26,protobuf-wire,wire-v2,1735,680,164,2415,576368.876081,1470588.235294,414078.674948,0,1.0,schema,adapted,1,c4a54cdecc67,3296,20
cpp,stream,document,100,26,simdjson,3.10.1,337,10708,458,11045,2967359.050445,93388.121031,90538.705297,0,1.0,dom,adapted,1,c4a54cdecc67,3297,21
cpp,stream,document,100,26,nlohmann_ubjson,3.11.3,3128,9196,409,12324,319693.094629,108742.931709,81142.486206,0,1.0,dom,native,1,c4a54cdecc67,3298,22
cpp,stream,document,100,26,bitsery,5.2.4,487,620,190,1107,2053388.090349,1612903.225806,903342.366757,0,1.0,struct,adapted,1,c4a54cdecc67,3299,23
cpp,stream,document,100,26,arduinojson,7.2.1,5966,17255,458,23221,167616.493463,57954.216169,43064.467508,0,1.0,dom,native,1,c4a54cdecc67,3300,24
cpp,stream,document,100,26,msgpack,msgpack-cxx,1314,2756,332,4070,761035.007610,362844.702467,245700.245700,0,1.0,struct,native,1,c4a54cdecc67,3301,25
cpp,stream,document,100,27,cereal,1.3.2,812,860,267,1672,1231527.093596,1162790.697674,598086.124402,0,1.0,struct,native,1,c4a54cdecc67,3302,0
cpp,stream,document,100,27,nlohmann_json,3.11.3,3690,9904,458,13594,271002.710027,100969.305331,73561.865529,0,1.0,struct,native,1,c4a54cdecc67,3303,1
cpp,stream,document,100,27,flatbuffers,flatbuffers,865,956,188,1821,1156069.364162,1046025.104603,549148.819330,0,1.0,schema,adapted,1,c4a54cdecc67,3304,2
cpp,stream,document,100,27,jsoncons_msgpack,0.177.0,2925,18700,332,21625,341880.341880,53475.935829,46242.774566,0,1.0,dom,native,1,c4a54cdecc67,3305,3
cpp,stream,document,100,27,yyjson,0.10.0,1260,10753,458,12013,793650.793651,92997.303078,83243.153251,0,1.0,dom,adapted,1,c4a54cdecc67,3306,4
cpp,stream,document,100,27,zpp_bits,4.4.25,663,419,227,1082,1508295.625943,2386634.844869,924214.417745,0,1.0,struct,adapted,1,c4a54cdecc67,3307,5
cpp,stream,document,100,27,cista,0.15,402,1048,328,1450,2487562.189055,954198.473282,689655.172414,0,1.0,archive,adapted,1,c4a54cdecc67,3308,6
cpp,stream,document,100,27,arduinojson,7.2.1,5426,14958,458,20384,184297.825286,66853.857468,49058.084772,0,1.0,dom,native,1,c4a54cdecc67,3309,7
cpp,stream,document,100,27,nlohmann_cbor,3.11.3,2913,7933,338,10846,343288.705802,126055.716627,92199.889360,0,1.0,dom,native,1,c4a54cdecc67,3310,8
cpp,stream,document,100,27,bitsery,5.2.4,215,353,190,568,4651162.790698,2832861.189802,1760563.380282,0,1.0,struct,adapted,1,c4a54cdecc67,3311,9
cpp,stream,document,100,27,avro,binary-1.11,649,564,125,1213,1540832.049307,1773049.645390,824402.308326,0,1.0,schema,adapted,1,c4a54cdecc67,3312,10
cpp,stream,document,100,27,thrift,TBinaryProtocol,1248,935,324,2183,801282.051282,1069518.716578,458085.203848,0,1.0,schema,adapted,1,c4a54cdecc67,3313,11
cpp,stream,document,100,27,flexbuffers,flatbuffers-flex,5666,6221,467,11887,176491.351924,160745.860794,84125.515269,0,1.0,dom,adapted,1,c4a54cdecc67,3314,12
cpp,stream,document,100,27,nlohmann_msgpack,3.11.3,2885,7599,332,10484,346620.450607,131596.262666,95383.441435,0,1.0,dom,native,1,c4a54cdecc67,3315,13
cpp,stream,document,100,27,simdjson,3.10.1,179,9556,458,9735,5586592.178771,104646.295521,102722.136620,0,1.0,dom,adapted,1,c4a54cdecc67,3316,14
cpp,stream,document,100,27,capnproto,1.0.x,2336,1318,392,3654,428082.191781,758725.341426,273672.687466,0,1.0,schema,native,1,c4a54cdecc67,3317,15
cpp,stream,document,100,27,nlohmann_bson,3.11.3,3379,9240,502,12619,295945.546020,108225.108225,79245.582059,0,1.0,dom,native,1,c4a54cdecc67,3318,16
cpp,stream,document,100,27,avro_c,avro-c,2959,3271,125,6230,337952.010814,305716.906145,160513.643660,0,1.0,schema,adapted,1,c4a54cdecc67,3319,17
cpp,stream,document,100,27,protobuf-wire,wire-v2,1771,959,164,2730,564652.738566,1042752.867570,366300.366300,0,1.0,schema,adapted,1,c4a54cdecc67,3320,18
cpp,stream,document,100,27,jsoncons_cbor,0.177.0,4114,19385,338,23499,243072.435586,51586.278050,42555.002341,0,1.0,dom,native,1,c4a54cdecc67,3321,19
cpp,stream,document,100,27,custom_binary,harness,1013,513,223,1526,987166.831194,1949317.738791,655307.994758,0,1.0,struct,adapted,1,c4a54cdecc67,3322,20
cpp,stream,document,100,27,nlohmann_ubjson,3.11.3,2866,9622,409,12488,348918.353105,103928.497194,80076.873799,0,1.0,dom,native,1,c4a54cdecc67,3323,21
cpp,stream,document,100,27,yas,7.x,1850,547,274,2397,540540.540541,1828153.564899,417188.151856,0,1.0,struct,adapted,1,c4a54cdecc67,3324,22
cpp,stream,document,100,27,rapidjson,1.1.0,4759,19304,458,24063,210128.178189,51802.735184,41557.578024,0,1.0,dom,native,1,c4a54cdecc67,3325,23
cpp,stream,document,100,27,jsoncons_bson,0.177.0,4019,18226,502,22245,248818.113959,54866.673982,44953.922230,0,1.0,dom,native,1,c4a54cdecc67,3326,24
cpp,stream,document,100,27,msgpack,msgpack-cxx,1052,2255,332,3307,950570.342205,443458.980044,302388.872090,0,1.0,struct,native,1,c4a54cdecc67,3327,25
cpp,stream,document,100,28,flatbuffers,flatbuffers,588,877,188,1465,1700680.272109,1140250.855188,682593.856655,0,1.0,schema,adapted,1,c4a54cdecc67,3328,0
cpp,stream,document,100,28,capnproto,1.0.x,762,801,392,1563,1312335.958005,1248439.450687,639795.265515,0,1.0,schema,native,1,c4a54cdecc67,3329,1
cpp,stream,document,100,28,nlohmann_bson,3.11.3,3406,9009,502,12415,293599.530241,111000.111000,80547.724527,0,1.0,dom,native,1,c4a54cdecc67,3330,2
cpp,stream,document,100,28,yas,7.x,1290,365,274,1655,775193.798450,2739726.027397,604229.607251,0,1.0,struct,adapted,1,c4a54cdecc67,3331,3
cpp,stream,document,100,28,protobuf-wire,wire-v2,1582,714,164,2296,632111.251580,1400560.224090,435540.069686,0,1.0,schema,adapted,1,c4a54cdecc67,3332,4
cpp,stream,document,100,28,cista,0.15,348,966,328,1314,2873563.218391,1035196.687371,761035.007610,0,1.0,archive,adapted,1,c4a54cdecc67,3333,5
cpp,stream,document,100,28,msgpack,msgpack-cxx,951,1394,332,2345,1051524.710831,717360.114778,426439.232409,0,1.0,struct,native,1,c4a54cdecc67,3334,6
cpp,stream,document,100,28,nlohmann_json,3.11.3,3964,9916,458,13880,252270.433905,100847.115772,72046.109510,0,1.0,struct,native,1,c4a54cdecc67,3335,7
cpp,stream,document,100,28,nlohmann_ubjson,3.11.3,2862,9144,409,12006,349406.009783,109361.329834,83291.687490,0,1.0,dom,native,1,c4a54cdecc67,3336,8
cpp,stream,document,100,28,thrift,TBinaryProtocol,995,667,324,1662,1005025.125628,1499250.374813,601684.717208,0,1.0,schema,adapted,1,c4a54cdecc67,3337,9
cpp,stream,document,100,28,bitsery,5.2.4,316,401,190,717,3164556.962025,2493765.586035,1394700.139470,0,1.0,struct,adapted,1,c4a54cdecc67,3338,10
cpp,stream,document,100,28,nlohmann_msgpack,3.11.3,2993,7935,332,10928,334112.930170,126023.944549,91508.052709,0,1.0,dom,native,1,c4a54cdecc67,3339,11
cpp,stream,document,100,28,yyjson,0.10.0,1754,9139,458,10893,570125.427594,109421.162053,91802.074727,0,1.0,dom,adapted,1,c4a54cdecc67,3340,12
cpp,stream,document,100,28,flexbuffers,flatbuffers-flex,4334,5976,467,10310,230733.733272,167336.010710,96993.210475,0,1.0,dom,adapted,1,c4a54cdecc67,3341,13
cpp,stream,document,100,28,custom_binary,harness,929,394,223,1323,1076426.264801,2538071.065990,755857.898715,0,1.0,struct,adapted,1,c4a54cdecc67,3342,14
cpp,stream,document,100,28,nlohmann_cbor,3.11.3,3162,8702,338,11864,316255.534472,114916.111239,84288.604181,0,1.0,dom,native,1,c4a54cdecc67,3343,15
cpp,stream,document,100,28,jsoncons_cbor,0.177.0,4056,19946,338,24002,246548.323471,50135.365487,41663.194734,0,1.0,dom,native,1,c4a54cdecc67,3344,16
cpp,stream,document,100,28,avro,binary-1.11,625,556,125,1181,1600000.000000,1798561.151079,846740.050804,0,1.0,schema,adapted,1,c4a54cdecc67,3345,17
cpp,stream,document,100,28,avro_c,avro-c,2435,3025,125,5460,410677.618070,330578.512397,183150.183150,0,1.0,schema,adapted,1,c4a54cdecc67,3346,18
cpp,stream,document,100,28,jsoncons_bson,0.177.0,4478,17783,502,22261,223313.979455,56233.481415,44921.611787,0,1.0,dom,native,1,c4a54cdecc67,3347,19
cpp,stream,document,100,28,cereal,1.3.2,895,1028,267,1923,1117318.435754,972762.645914,520020.800832,0,1.0,struct,native,1,c4a54cdecc67,3348,20
cpp,stream,document,100,28,zpp_bits,4.4.25,793,434,227,1227,1261034.047919,2304147.465438,814995.925020,0,1.0,struct,adapted,1,c4a54cdecc67,3349,21
cpp,stream,document,100,28,rapidjson,1.1.0,4643,25219,458,29862,215377.988370,39652.642849,33487.375260,0,1.0,dom,native,1,c4a54cdecc67,3350,22
cpp,stream,document,100,28,jsoncons_msgpack,0.177.0,3493,18230,332,21723,286286.859433,54854.635217,46034.157345,0,1.0,dom,native,1,c4a54cdecc67,3351,23
cpp,stream,document,100,28,arduinojson,7.2.1,5889,16173,458,22062,169808.116828,61831.447474,45326.806273,0,1.0,dom,native,1,c4a54cdecc67,3352,24
cpp,stream,document,100,28,simdjson,3.10.1,190,9532,458,9722,5263157.894737,104909.777591,102859.493931,0,1.0,dom,adapted,1,c4a54cdecc67,3353,25
cpp,stream,document,100,29,nlohmann_bson,3.11.3,3481,9614,502,13095,287273.771905,104014.978157,76365.024819,0,1.0,dom,native,1,c4a54cdecc67,3354,0
cpp,stream,document,100,29,yyjson,0.10.0,2083,10479,458,12562,480076.812290,95428.953144,79605.158414,0,1.0,dom,adapted,1,c4a54cdecc67,3355,1
cpp,stream,document,100,29,capnproto,1.0.x,2078,1415,392,3493,481231.953802,706713.780919,286286.859433,0,1.0,schema,native,1,c4a54cdecc67,3356,2
cpp,stream,document,100,29,protobuf-wire,wire-v2,2200,1433,164,3633,454545.454545,697836.706211,275254.610515,0,1.0,schema,adapted,1,c4a54cdecc67,3357,3
cpp,stream,document,100,29,bitsery,5.2.4,305,481,190,786,3278688.524590,2079002.079002,1272264.631043,0,1.0,struct,adapted,1,c4a54cdecc67,3358,4
cpp,stream,document,100,29,thrift,TBinaryProtocol,1271,602,324,1873,786782.061369,1661129.568106,533902.829685,0,1.0,schema,adapted,1,c4a54cdecc67,3359,5
cpp,stream,document,100,29,cista,0.15,487,1060,328,1547,2053388.090349,943396.226415,646412.411118,0,1.0,archive,adapted,1,c4a54cdecc67,3360,6
cpp,stream,document,100,29,cereal,1.3.2,872,1074,267,1946,1146788.990826,931098.696462,513874.614594,0,1.0,struct,native,1,c4a54cdecc67,3361,7
cpp,stream,document,100,29,jsoncons_bson,0.177.0,3662,17744,502,21406,273074.822501,56357.078449,46715.874054,0,1.0,dom,native,1,c4a54cdecc67,3362,8
cpp,stream,document,100,29,avro_c,avro-c,3000,3108,125,6108,333333.333333,321750.321750,163719.711853,0,1.0,schema,adapted,1,c4a54cdecc67,3363,9
cpp,stream,document,100,29,nlohmann_json,3.11.3,3971,9819,458,13790,251825.736590,101843.364905,72516.316171,0,1.0,struct,native,1,c4a54cdecc67,3364,10
cpp,stream,document,100,29,avro,binary-1.11,705,632,125,1337,1418439.716312,1582278.481013,747943.156320,0,1.0,schema,adapted,1,c4a54cdecc67,3365,11
cpp,stream,document,100,29,msgpack,msgpack-cxx,1226,2390,332,3616,815660.685155,418410.041841,276548.672566,0,1.0,struct,native,1,c4a54cdecc67,3366,12
cpp,stream,document,100,29,arduinojson,7.2.1,5646,16279,458,21925,177116.542685,61428.834695,45610.034208,0,1.0,dom,native,1,c4a54cdecc67,3367,13
cpp,stream,document,100,29,rapidjson,1.1.0,4773,19160,458,23933,209511.837419,52192.066806,41783.311745,0,1.0,dom,native,1,c4a54cdecc67,3368,14
cpp,stream,document,100,29,simdjson,3.10.1,180,10571,458,10751,5555555.555556,94598.429666,93014.603293,0,1.0,dom,adapted,1,c4a54cdecc67,3369,15
cpp,stream,document,100,29,jsoncons_msgpack,0.177.0,3556,18731,332,22287,281214.848144,53387.432598,44869.206264,0,1.0,dom,native,1,c4a54cdecc67,3370,16
cpp,stream,document,100,29,zpp_bits,4.4.25,740,447,227,1187,1351351.351351,2237136.465324,842459.983151,0,1.0,struct,adapted,1,c4a54cdecc67,3371,17
cpp,stream,document,100,29,nlohmann_ubjson,3.11.3,3050,10474,409,13524,327868.852459,95474.508306,73942.620526,0,1.0,dom,native,1,c4a54cdecc67,3372,18
cpp,stream,document,100,29,jsoncons_cbor,0.177.0,4317,19675,338,23992,231642.344221,50825.921220,41680.560187,0,1.0,dom,native,1,c4a54cdecc67,3373,19
cpp,stream,document,100,29,nlohmann_cbor,3.11.3,3323,8821,338,12144,300932.891965,113365.831538,82345.191041,0,1.0,dom,native,1,c4a54cdecc67,3374,20
cpp,stream,document,100,29,flexbuffers,flatbuffers-flex,6456,6701,467,13157,154894.671623,149231.457991,76005.168351,0,1.0,dom,adapted,1,c4a54cdecc67,3375,21
cpp,stream,document,100,29,nlohmann_msgpack,3.11.3,3069,8298,332,11367,325839.035516,120510.966498,87973.959708,0,1.0,dom,native,1,c4a54cdecc67,3376,22
cpp,stream,document,100,29,custom_binary,harness,1450,516,223,1966,689655.172414,1937984.496124,508646.998983,0,1.0,struct,adapted,1,c4a54cdecc67,3377,23
cpp,stream,document,100,29,flatbuffers,flatbuffers,1450,1111,188,2561,689655.172414,900090.009001,390472.471691,0,1.0,schema,adapted,1,c4a54cdecc67,3378,24
cpp,stream,document,100,29,yas,7.x,814,639,274,1453,1228501.228501,1564945.226917,688231.245699,0,1.0,struct,adapted,1,c4a54cdecc67,3379,25
cpp,stream,document,100,30,flatbuffers,flatbuffers,406,753,188,1159,2463054.187192,1328021.248340,862812.769629,0,1.0,schema,adapted,1,c4a54cdecc67,3380,0
cpp,stream,document,100,30,rapidjson,1.1.0,4766,18770,458,23536,209819.555183,53276.505061,42488.103331,0,1.0,dom,native,1,c4a54cdecc67,3381,1
cpp,stream,document,100,30,cereal,1.3.2,694,1223,267,1917,1440922.190202,817661.488144,521648.408972,0,1.0,struct,native,1,c4a54cdecc67,3382,2
cpp,stream,document,100,30,nlohmann_ubjson,3.11.3,2923,10737,409,13660,342114.266165,93135.885257,73206.442167,0,1.0,dom,native,1,c4a54cdecc67,3383,3
cpp,stream,document,100,30,cista,0.15,413,1036,328,1449,2421307.506053,965250.965251,690131.124914,0,1.0,archive,adapted,1,c4a54cdecc67,3384,4
cpp,stream,document,100,30,nlohmann_msgpack,3.11.3,2602,7703,332,10305,384319.754035,129819.550824,97040.271713,0,1.0,dom,native,1,c4a54cdecc67,3385,5
cpp,stream,document,100,30,avro,binary-1.11,508,766,125,1274,1968503.937008,1305483.028721,784929.356358,0,1.0,schema,adapted,1,c4a54cdecc67,3386,6
cpp,stream,document,100,30,simdjson,3.10.1,174,9779,458,9953,5747126.436782,102259.944780,100472.219431,0,1.0,dom,adapted,1,c4a54cdecc67,3387,7
cpp,stream,document,100,30,jsoncons_msgpack,0.177.0,4020,19132,332,23152,248756.218905,52268.450763,43192.812716,0,1.0,dom,native,1,c4a54cdecc67,3388,8
cpp,stream,document,100,30,yyjson,0.10.0,1298,10218,458,11516,770416.024653,97866.510080,86835.706843,0,1.0,dom,adapted,1,c4a54cdecc67,3389,9
cpp,stream,document,100,30,arduinojson,7.2.1,5715,15321,458,21036,174978.127734,65269.890999,47537.554668,0,1.0,dom,native,1,c4a54cdecc67,3390,10
cpp,stream,document,100,30,msgpack,msgpack-cxx,1311,2424,332,3735,762776.506484,412541.254125,267737.617135,0,1.0,struct,native,1,c4a54cdecc67,3391,11
cpp,stream,document,100,30,thrift,TBinaryProtocol,1334,616,324,1950,749625.187406,1623376.623377,512820.512821,0,1.0,schema,adapted,1,c4a54cdecc67,3392,12
cpp,stream,document,100,30,nlohmann_json,3.11.3,3709,9837,458,13546,269614.451335,101657.009251,73822.530636,0,1.0,struct,native,1,c4a54cdecc67,3393,13
cpp,stream,document,100,30,capnproto,1.0.x,1596,1415,392,3011,626566.416040,706713.780919,332115.576221,0,1.0,schema,native,1,c4a54cdecc67,3394,14
cpp,stream,document,100,30,avro_c,avro-c,2762,3384,125,6146,362056.480811,295508.274232,162707.452001,0,1.0,schema,adapted,1,c4a54cdecc67,3395,15
cpp,stream,document,100,30,custom_binary,harness,1285,609,223,1894,778210.116732,1642036.124795,527983.104541,0,1.0,struct,adapted,1,c4a54cdecc67,3396,16
cpp,stream,document,100,30,jsoncons_cbor,0.177.0,3143,19480,338,22623,318167.356029,51334.702259,44202.802458,0,1.0,dom,native,1,c4a54cdecc67,3397,17
cpp,stream,document,100,30,zpp_bits,4.4.25,638,593,227,1231,1567398.119122,1686340.640809,812347.684809,0,1.0,struct,adapted,1,c4a54cdecc67,3398,18
cpp,stream,document,100,30,protobuf-wire,wire-v2,1664,917,164,2581,600961.538462,1090512.540894,387446.726075,0,1.0,schema,adapted,1,c4a54cdecc67,3399,19
cpp,stream,document,100,30,flexbuffers,flatbuffers-flex,4980,6534,467,11514,200803.212851,153045.607591,86850.790342,0,1.0,dom,adapted,1,c4a54cdecc67,3400,20
cpp,stream,document,100,30,jsoncons_bson,0.177.0,4810,17725,502,22535,207900.207900,56417.489422,44375.416020,0,1.0,dom,native,1,c4a54cdecc67,3401,21
cpp,stream,document,100,30,bitsery,5.2.4,389,455,190,844,2570694.087404,2197802.197802,1184834.123223,0,1.0,struct,adapted,1,c4a54cdecc67,3402,22
cpp,stream,document,100,30,yas,7.x,1004,501,274,1505,996015.936255,1996007.984032,664451.827243,0,1.0,struct,adapted,1,c4a54cdecc67,3403,23
cpp,stream,document,100,30,nlohmann_cbor,3.11.3,3253,9046,338,12299,307408.545958,110546.097723,81307.423368,0,1.0,dom,native,1,c4a54cdecc67,3404,24
cpp,stream,document,100,30,nlohmann_bson,3.11.3,3523,8305,502,11828,283848.992336,120409.391933,84545.147109,0,1.0,dom,native,1,c4a54cdecc67,3405,25
cpp,stream,document,100,31,custom_binary,harness,911,429,223,1340,1097694.840834,2331002.331002,746268.656716,0,1.0,struct,adapted,1,c4a54cdecc67,3406,0
cpp,stream,document,100,31,simdjson,3.10.1,182,9195,458,9377,5494505.494505,108754.758021,106643.915965,0,1.0,dom,adapted,1,c4a54cdecc67,3407,1
cpp,stream,document,100,31,jsoncons_msgpack,0.177.0,3859,17347,332,21206,259134.490801,57646.855364,47156.465151,0,1.0,dom,native,1,c4a54cdecc67,3408,2
cpp,stream,document,100,31,jsoncons_cbor,0.177.0,3353,18452,338,21805,298240.381748,54194.667245,45861.041046,0,1.0,dom,native,1,c4a54cdecc67,3409,3
cpp,stream,document,100,31,thrift,TBinaryProtocol,1195,541,324,1736,836820.083682,1848428.835490,576036.866359,0,1.0,schema,adapted,1,c4a54cdecc67,3410,4
cpp,stream,document,100,31,rapidjson,1.1.0,4647,19753,458,24400,215192.597375,50625.221485,40983.606557,0,1.0,dom,native,1,c4a54cdecc67,3411,5
cpp,stream,document,100,31,capnproto,1.0.x,1264,1002,392,2266,791139.240506,998003.992016,441306.266549,0,1.0,schema,native,1,c4a54cdecc67,3412,6
cpp,stream,document,100,31,nlohmann_msgpack,3.11.3,3561,9141,332,12702,280819.994384,109397.221311,78727.759408,0,1.0,dom,native,1,c4a54cdecc67,3413,7
cpp,stream,document,100,31,bitsery,5.2.4,276,404,190,680,3623188.405797,2475247.524752,1470588.235294,0,1.0,struct,adapted,1,c4a54cdecc67,3414,8
cpp,stream,document,100,31,nlohmann_cbor,3.11.3,2917,27348,338,30265,342817.963661,36565.745210,33041.467041,0,1.0,dom,native,1,c4a54cdecc67,3415,9
cpp,stream,document,100,31,yas,7.x,1882,486,274,2368,531349.628055,2057613.168724,422297.297297,0,1.0,struct,adapted,1,c4a54cdecc67,3416,10
cpp,stream,document,100,31,avro,binary-1.11,556,639,125,1195,1798561.151079,1564945.226917,836820.083682,0,1.0,schema,adapted,1,c4a54cdecc67,3417,11
cpp,stream,document,100,31,msgpack,msgpack-cxx,1226,1904,332,3130,815660.685155,525210.084034,319488.817891,0,1.0,struct,native,1,c4a54cdecc67,3418,12
cpp,stream,document,100,31,protobuf-wire,wire-v2,1662,1139,164,2801,601684.717208,877963.125549,357015.351660,0,1.0,schema,adapted,1,c4a54cdecc67,3419,13
cpp,stream,document,100,31,flexbuffers,flatbuffers-flex,5168,6161,467,11329,193498.452012,162311.313099,88269.044046,0,1.0,dom,adapted,1,c4a54cdecc67,3420,14
cpp,stream,document,100,31,nlohmann_bson,3.11.3,3379,9495,502,12874,295945.546020,105318.588731,77675.935995,0,1.0,dom,native,1,c4a54cdecc67,3421,15
cpp,stream,document,100,31,arduinojson,7.2.1,5863,16594,458,22457,170561.146171,60262.745571,44529.545353,0,1.0,dom,native,1,c4a54cdecc67,3422,16
cpp,stream,document,100,31,nlohmann_json,3.11.3,3798,9910,458,13708,263296.471827,100908.173562,72950.102130,0,1.0,struct,native,1,c4a54cdecc67,3423,17
cpp,stream,document,100,31,jsoncons_bson,0.177.0,4797,20890,502,25687,208463.623098,47869.794160,38930.198155,0,1.0,dom,native,1,c4a54cdecc67,3424,18
cpp,stream,document,100,31,avro_c,avro-c,3085,3487,125,6572,324149.108590,286779.466590,152160.681680,0,1.0,schema,adapted,1,c4a54cdecc67,3425,19
cpp,stream,document,100,31,cista,0.15,462,1203,328,1665,2164502.164502,831255.195345,600600.600601,0,1.0,archive,adapted,1,c4a54cdecc67,3426,20
cpp,stream,document,100,31,flatbuffers,flatbuffers,1042,1126,188,2168,959692.898273,888099.467140,461254.612546,0,1.0,schema,adapted,1,c4a54cdecc67,3427,21
cpp,stream,document,100,31,yyjson,0.10.0,1003,11120,458,12123,997008.973081,89928.057554,82487.833045,0,1.0,dom,adapted,1,c4a54cdecc67,3428,22
cpp,stream,document,100,31,zpp_bits,4.4.25,757,462,227,1219,1321003.963012,2164502.164502,820344.544709,0,1.0,struct,adapted,1,c4a54cdecc67,3429,23
cpp,stream,document,100,31,nlohmann_ubjson,3.11.3,3353,10030,409,13383,298240.381748,99700.897308,74721.661810,0,1.0,dom,native,1,c4a54cdecc67,3430,24
cpp,stream,document,100,31,cereal,1.3.2,936,1158,267,2094,1068376.068376,863557.858377,477554.918816,0,1.0,struct,native,1,c4a54cdecc67,3431,25
cpp,stream,document,100,32,protobuf-wire,wire-v2,1650,871,164,2521,606060.606061,1148105.625718,396667.988893,0,1.0,schema,adapted,1,c4a54cdecc67,3432,0
cpp,stream,document,100,32,avro,binary-1.11,624,535,125,1159,1602564.102564,1869158.878505,862812.769629,0,1.0,schema,adapted,1,c4a54cdecc67,3433,1
cpp,stream,document,100,32,nlohmann_bson,3.11.3,3491,7957,502,11448,286450.873675,125675.505844,87351.502446,0,1.0,dom,native,1,c4a54cdecc67,3434,2
cpp,stream,document,100,32,rapidjson,1.1.0,5054,20351,458,25405,197863.078750,49137.634514,39362.330250,0,1.0,dom,native,1,c4a54cdecc67,3435,3
cpp,stream,document,100,32,cereal,1.3.2,807,714,267,1521,1239157.372986,1400560.224090,657462.195924,0,1.0,struct,native,1,c4a54cdecc67,3436,4
cpp,stream,document,100,32,nlohmann_msgpack,3.11.3,3056,9741,332,12797,327225.130890,102658.864593,78143.314839,0,1.0,dom,native,1,c4a54cdecc67,3437,5
cpp,stream,document,100,32,msgpack,msgpack-cxx,1215,2821,332,4036,823045.267490,354484.225452,247770.069376,0,1.0,struct,native,1,c4a54cdecc67,3438,6
cpp,stream,document,100,32,yyjson,0.10.0,808,9556,458,10364,1237623.762376,104646.295521,96487.842532,0,1.0,dom,adapted,1,c4a54cdecc67,3439,7
cpp,stream,document,100,32,nlohmann_cbor,3.11.3,2934,8542,338,11476,340831.629175,117068.602201,87138.375741,0,1.0,dom,native,1,c4a54cdecc67,3440,8
cpp,stream,document,100,32,jsoncons_cbor,0.177.0,4393,21813,338,26206,227634.873663,45844.221336,38159.200183,0,1.0,dom,native,1,c4a54cdecc67,3441,9
cpp,stream,document,100,32,avro_c,avro-c,2756,3053,125,5809,362844.702467,327546.675401,172146.668962,0,1.0,schema,adapted,1,c4a54cdecc67,3442,10
cpp,stream,document,100,32,capnproto,1.0.x,2227,1451,392,3678,449034.575662,689179.875948,271886.895052,0,1.0,schema,native,1,c4a54cdecc67,3443,11
cpp,stream,document,100,32,nlohmann_json,3.11.3,3811,9697,458,13508,262398.320651,103124.677735,74030.204323,0,1.0,struct,native,1,c4a54cdecc67,3444,12
cpp,stream,document,100,32,thrift,TBinaryProtocol,1216,906,324,2122,822368.421053,1103752.759382,471253.534402,0,1.0,schema,adapted,1,c4a54cdecc67,3445,13
cpp,stream,document,100,32,nlohmann_ubjson,3.11.3,2859,9656,409,12515,349772.647779,103562.551781,79904.115062,0,1.0,dom,native,1,c4a54cdecc67,3446,14
cpp,stream,document,100,32,cista,0.15,374,1008,328,1382,2673796.791444,992063.492063,723589.001447,0,1.0,archive,adapted,1,c4a54cdecc67,3447,15
cpp,stream,document,100,32,jsoncons_msgpack,0.177.0,4137,18374,332,22511,241721.053904,54424.730598,44422.726667,0,1.0,dom,native,1,c4a54cdecc67,3448,16
cpp,stream,document,100,32,yas,7.x,1071,642,274,1713,933706.816060,1557632.398754,583771.161705,0,1.0,struct,adapted,1,c4a54cdecc67,3449,17
cpp,stream,document,100,32,jsoncons_bson,0.177.0,3763,16884,502,20647,265745.415892,59227.671168,48433.186419,0,1.0,dom,native,1,c4a54cdecc67,3450,18
cpp,stream,document,100,32,custom_binary,harness,1069,558,223,1627,935453.695042,1792114.695341,614628.149969,0,1.0,struct,adapted,1,c4a54cdecc67,3451,19
cpp,stream,document,100,32,arduinojson,7.2.1,5894,16181,458,22075,169664.065151,61800.877572,45300.113250,0,1.0,dom,native,1,c4a54cdecc67,3452,20
cpp,stream,document,100,32,zpp_bits,4.4.25,631,580,227,1211,1584786.053883,1724137.931034,825763.831544,0,1.0,struct,adapted,1,c4a54cdecc67,3453,21
cpp,stream,document,100,32,flexbuffers,flatbuffers-flex,4819,6329,467,11148,207511.931936,158002.844051,89702.188733,0,1.0,dom,adapted,1,c4a54cdecc67,3454,22
cpp,stream,document,100,32,flatbuffers,flatbuffers,1335,1025,188,2360,749063.670412,975609.756098,423728.813559,0,1.0,schema,adapted,1,c4a54cdecc67,3455,23
cpp,stream,document,100,32,bitsery,5.2.4,446,492,190,938,2242152.466368,2032520.325203,1066098.081023,0,1.0,struct,adapted,1,c4a54cdecc67,3456,24
cpp,stream,document,100,32,simdjson,3.10.1,207,10692,458,10899,4830917.874396,93527.871306,91751.536838,0,1.0,dom,adapted,1,c4a54cdecc67,3457,25
cpp,stream,document,100,33,custom_binary,harness,791,356,223,1147,1264222.503161,2808988.764045,871839.581517,0,1.0,struct,adapted,1,c4a54cdecc67,3458,0
cpp,stream,document,100,33,nlohmann_cbor,3.11.3,2969,8630,338,11599,336813.742001,115874.855156,86214.328821,0,1.0,dom,native,1,c4a54cdecc67,3459,1
cpp,stream,document,100,33,arduinojson,7.2.1,5532,15601,458,21133,180766.449747,64098.455227,47319.358350,0,1.0,dom,native,1,c4a54cdecc67,3460,2
cpp,stream,document,100,33,nlohmann_msgpack,3.11.3,2961,8297,332,11258,337723.741979,120525.491141,88825.723930,0,1.0,dom,native,1,c4a54cdecc67,3461,3
cpp,stream,document,100,33,avro,binary-1.11,608,579,125,1187,1644736.842105,1727115.716753,842459.983151,0,1.0,schema,adapted,1,c4a54cdecc67,3462,4
cpp,stream,document,100,33,yas,7.x,1770,445,274,2215,564971.751412,2247191.011236,451467.268623,0,1.0,struct,adapted,1,c4a54cdecc67,3463,5
cpp,stream,document,100,33,protobuf-wire,wire-v2,1597,844,164,2441,626174.076393,1184834.123223,409668.168783,0,1.0,schema,adapted,1,c4a54cdecc67,3464,6
cpp,stream,document,100,33,cereal,1.3.2,1018,1037,267,2055,982318.271120,964320.154291,486618.004866,0,1.0,struct,native,1,c4a54cdecc67,3465,7
cpp,stream,document,100,33,simdjson,3.10.1,165,10038,458,10203,6060606.060606,99621.438534,98010.389101,0,1.0,dom,adapted,1,c4a54cdecc67,3466,8
cpp,stream,document,100,33,capnproto,1.0.x,1338,859,392,2197,747384.155456,1164144.353900,455166.135640,0,1.0,schema,native,1,c4a54cdecc67,3467,9
cpp,stream,document,100,33,zpp_bits,4.4.25,552,424,227,976,1811594.202899,2358490.566038,1024590.163934,0,1.0,struct,adapted,1,c4a54cdecc67,3468,10
cpp,stream,document,100,33,avro_c,avro-c,2498,2742,125,5240,400320.256205,364697.301240,190839.694656,0,1.0,schema,adapted,1,c4a54cdecc67,3469,11
cpp,stream,document,100,33,flexbuffers,flatbuffers-flex,4533,6415,467,10948,220604.456210,155884.645362,91340.884180,0,1.0,dom,adapted,1,c4a54cdecc67,3470,12
cpp,stream,document,100,33,flatbuffers,flatbuffers,871,775,188,1646,1148105.625718,1290322.580645,607533.414338,0,1.0,schema,adapted,1,c4a54cdecc67,3471,13
cpp,stream,document,100,33,rapidjson,1.1.0,4823,18635,458,23458,207339.829981,53662.463107,42629.380169,0,1.0,dom,native,1,c4a54cdecc67,3472,14
cpp,stream,document,100,33,jsoncons_msgpack,0.177.0,3176,19089,332,22265,314861.460957,52386.191000,44913.541433,0,1.0,dom,native,1,c4a54cdecc67,3473,15
cpp,stream,document,100,33,nlohmann_ubjson,3.11.3,3058,9770,409,12828,327011.118378,102354.145343,77954.474587,0,1.0,dom,native,1,c4a54cdecc67,3474,16
cpp,stream,document,100,33,jsoncons_bson,0.177.0,4802,17845,502,22647,208246.563932,56038.105912,44155.958847,0,1.0,dom,native,1,c4a54cdecc67,3475,17
cpp,stream,document,100,33,yyjson,0.10.0,1220,9391,458,10611,819672.131148,106484.932382,94241.824522,0,1.0,dom,adapted,1,c4a54cdecc67,3476,18
cpp,stream,document,100,33,nlohmann_json,3.11.3,3764,9378,458,13142,265674.814028,106632.544253,76091.919038,0,1.0,struct,native,1,c4a54cdecc67,3477,19
cpp,stream,document,100,33,thrift,TBinaryProtocol,1143,608,324,1751,874890.638670,1644736.842105,571102.227299,0,1.0,schema,adapted,1,c4a54cdecc67,3478,20
cpp,stream,document,100,33,nlohmann_bson,3.11.3,3323,9257,502,12580,300932.891965,108026.358431,79491.255962,0,1.0,dom,native,1,c4a54cdecc67,3479,21
cpp,stream,document,100,33,bitsery,5.2.4,329,356,190,685,3039513.677812,2808988.764045,1459854.014599,0,1.0,struct,adapted,1,c4a54cdecc67,3480,22
cpp,stream,document,100,33,cista,0.15,370,983,328,1353,2702702.702703,1017293.997965,739098.300074,0,1.0,archive,adapted,1,c4a54cdecc67,3481,23
cpp,stream,document,100,33,jsoncons_cbor,0.177.0,3892,19420,338,23312,256937.307297,51493.305870,42896.362388,0,1.0,dom,native,1,c4a54cdecc67,3482,24
cpp,stream,document,100,33,msgpack,msgpack-cxx,1233,2218,332,3451,811030.008110,450856.627592,289771.080846,0,1.0,struct,native,1,c4a54cdecc67,3483,25
cpp,stream,document,100,34,nlohmann_bson,3.11.3,2742,9182,502,11924,364697.301240,108908.734481,83864.475008,0,1.0,dom,native,1,c4a54cdecc67,3484,0
cpp,stream,document,100,34,cereal,1.3.2,830,935,267,1765,1204819.277108,1069518.716578,566572.237960,0,1.0,struct,native,1,c4a54cdecc67,3485,1
cpp,stream,document,100,34,rapidjson,1.1.0,4725,20267,458,24992,211640.211640,49341.293729,40012.804097,0,1.0,dom,native,1,c4a54cdecc67,3486,2
cpp,stream,document,100,34,thrift,TBinaryProtocol,772,449,324,1221,1295336.787565,2227171.492205,819000.819001,0,1.0,schema,adapted,1,c4a54cdecc67,3487,3
cpp,stream,document,100,34,flexbuffers,flatbuffers-flex,4576,6682,467,11258,218531.468531,149655.791679,88825.723930,0,1.0,dom,adapted,1,c4a54cdecc67,3488,4
cpp,stream,document,100,34,yas,7.x,1089,487,274,1576,918273.645546,2053388.090349,634517.766497,0,1.0,struct,adapted,1,c4a54cdecc67,3489,5
cpp,stream,document,100,34,cista,0.15,379,879,328,1258,2638522.427441,1137656.427759,794912.559618,0,1.0,archive,adapted,1,c4a54cdecc67,3490,6
cpp,stream,document,100,34,jsoncons_msgpack,0.177.0,2795,18867,332,21662,357781.753131,53002.597127,46163.789124,0,1.0,dom,native,1,c4a54cdecc67,3491,7
cpp,stream,document,100,34,capnproto,1.0.x,1444,1151,392,2595,692520.775623,868809.730669,385356.454721,0,1.0,schema,native,1,c4a54cdecc67,3492,8
cpp,stream,document,100,34,avro,binary-1.11,552,439,125,991,1811594.202899,2277904.328018,1009081.735621,0,1.0,schema,adapted,1,c4a54cdecc67,3493,9
cpp,stream,document,100,34,avro_c,avro-c,2609,3030,125,5639,383288.616328,330033.003300,177336.407164,0,1.0,schema,adapted,1,c4a54cdecc67,3494,10
cpp,stream,document,100,34,yyjson,0.10.0,927,9628,458,10555,1078748.651564,103863.730785,94741.828517,0,1.0,dom,adapted,1,c4a54cdecc67,3495,11
cpp,stream,document,100,34,nlohmann_json,3.11.3,3742,9168,458,12910,267236.771780,109075.043630,77459.333850,0,1.0,struct,native,1,c4a54cdecc67,3496,12
cpp,stream,document,100,34,custom_binary,harness,1203,449,223,1652,831255.195345,2227171.492205,605326.876513,0,1.0,struct,adapted,1,c4a54cdecc67,3497,13
cpp,stream,document,100,34,zpp_bits,4.4.25,623,502,227,1125,1605136.436597,1992031.872510,888888.888889,0,1.0,struct,adapted,1,c4a54cdecc67,3498,14
cpp,stream,document,100,34,msgpack,msgpack-cxx,1312,2214,332,3526,762195.121951,451671.183379,283607.487238,0,1.0,struct,native,1,c4a54cdecc67,3499,15
cpp,stream,document,100,34,protobuf-wire,wire-v2,1640,903,164,2543,609756.097561,1107419.712071,393236.335037,0,1.0,schema,adapted,1,c4a54cdecc67,3500,16
cpp,stream,document,100,34,nlohmann_ubjson,3.11.3,2830,10537,409,13367,353356.890459,94903.672772,74811.101968,0,1.0,dom,native,1,c4a54cdecc67,3501,17
cpp,stream,document,100,34,nlohmann_msgpack,3.11.3,3445,7914,332,11359,290275.761974,126358.352287,88035.918655,0,1.0,dom,native,1,c4a54cdecc67,3502,18
cpp,stream,document,100,34,jsoncons_bson,0.177.0,4534,18469,502,23003,220555.800618,54144.783150,43472.590532,0,1.0,dom,native,1,c4a54cdecc67,3503,19
cpp,stream,document,100,34,bitsery,5.2.4,293,388,190,681,3412969.283276,2577319.587629,1468428.781204,0,1.0,struct,adapted,1,c4a54cdecc67,3504,20
cpp,stream,document,100,34,flatbuffers,flatbuffers,904,789,188,1693,1106194.690265,1267427.122940,590667.454223,0,1.0,schema,adapted,1,c4a54cdecc67,3505,21
cpp,stream,document,100,34,arduinojson,7.2.1,5655,15979,458,21634,176834.659593,62582.139058,46223.537025,0,1.0,dom,native,1,c4a54cdecc67,3506,22
cpp,stream,document,100,34,nlohmann_cbor,3.11.3,2960,8931,338,11891,337837.837838,111969.544284,84097.216382,0,1.0,dom,native,1,c4a54cdecc67,3507,23
cpp,stream,document,100,34,jsoncons_cbor,0.177.0,3843,19256,338,23099,260213.374967,51931.865393,43291.917399,0,1.0,dom,native,1,c4a54cdecc67,3508,24
cpp,stream,document,100,34,simdjson,3.10.1,201,9543,458,9744,4975124.378109,104788.850466,102627.257800,0,1.0,dom,adapted,1,c4a54cdecc67,3509,25
cpp,stream,document,100,35,jsoncons_cbor,0.177.0,3113,18190,338,21303,321233.536781,54975.261132,46941.745294,0,1.0,dom,native,1,c4a54cdecc67,3510,0
cpp,stream,document,100,35,bitsery,5.2.4,283,319,190,602,3533568.904594,3134796.238245,1661129.568106,0,1.0,struct,adapted,1,c4a54cdecc67,3511,1
cpp,stream,document,100,35,msgpack,msgpack-cxx,975,2428,332,3403,1025641.025641,411861.614498,293858.360270,0,1.0,struct,native,1,c4a54cdecc67,3512,2
cpp,stream,document,100,35,capnproto,1.0.x,1038,942,392,1980,963391.136802,1061571.125265,505050.505051,0,1.0,schema,native,1,c4a54cdecc67,3513,3
cpp,stream,document,100,35,custom_binary,harness,897,483,223,1380,1114827.201784,2070393.374741,724637.681159,0,1.0,struct,adapted,1,c4a54cdecc67,3514,4
cpp,stream,document,100,35,nlohmann_cbor,3.11.3,2903,9099,338,12002,344471.236652,109902.187054,83319.446759,0,1.0,dom,native,1,c4a54cdecc67,3515,5
cpp,stream,document,100,35,avro_c,avro-c,2488,3253,125,5741,401929.260450,307408.545958,174185.681937,0,1.0,schema,adapted,1,c4a54cdecc67,3516,6
cpp,stream,document,100,35,jsoncons_bson,0.177.0,4574,18357,502,22931,218627.022300,54475.132102,43609.088134,0,1.0,dom,native,1,c4a54cdecc67,3517,7
cpp,stream,document,100,35,nlohmann_ubjson,3.11.3,2893,9435,409,12328,345661.942620,105988.341282,81116.158339,0,1.0,dom,native,1,c4a54cdecc67,3518,8
cpp,stream,document,100,35,jsoncons_msgpack,0.177.0,4116,21804,332,25920,242954.324587,45863.144377,38580.246914,0,1.0,dom,native,1,c4a54cdecc67,3519,9
cpp,stream,document,100,35,cista,0.15,409,944,328,1353,2444987.775061,1059322.033898,739098.300074,0,1.0,archive,adapted,1,c4a54cdecc67,3520,10
cpp,stream,document,100,35,simdjson,3.10.1,194,9730,458,9924,5154639.175258,102774.922919,100765.820234,0,1.0,dom,adapted,1,c4a54cdecc67,3521,11
cpp,stream,document,100,35,nlohmann_json,3.11.3,3866,9237,458,13103,258665.287118,108260.257659,76318.400366,0,1.0,struct,native,1,c4a54cdecc67,3522,12
cpp,stream,document,100,35,flatbuffers,flatbuffers,1046,977,188,2023,956022.944551,1023541.453429,494315.373208,0,1.0,schema,adapted,1,c4a54cdecc67,3523,13
cpp,stream,document,100,35,rapidjson,1.1.0,4849,19072,458,23921,206228.088266,52432.885906,41804.272397,0,1.0,dom,native,1,c4a54cdecc67,3524,14
cpp,stream,document,100,35,yyjson,0.10.0,1257,10445,458,11702,795544.948290,95739.588320,85455.477696,0,1.0,dom,adapted,1,c4a54cdecc67,3525,15
cpp,stream,document,100,35,nlohmann_bson,3.11.3,3437,8934,502,12371,290951.411114,111931.945377,80834.209037,0,1.0,dom,native,1,c4a54cdecc67,3526,16
cpp,stream,document,100,35,yas,7.x,1808,573,274,2381,553097.345133,1745200.698080,419991.600168,0,1.0,struct,adapted,1,c4a54cdecc67,3527,17
cpp,stream,document,100,35,nlohmann_msgpack,3.11.3,3032,8809,332,11841,329815.303430,113520.263367,84452.326662,0,1.0,dom,native,1,c4a54cdecc67,3528,18
cpp,stream,document,100,35,thrift,TBinaryProtocol,1231,765,324,1996,812347.684809,1307189.542484,501002.004008,0,1.0,schema,adapted,1,c4a54cdecc67,3529,19
cpp,stream,document,100,35,cereal,1.3.2,852,1322,267,2174,1173708.920188,756429.652042,459981.600736,0,1.0,struct,native,1,c4a54cdecc67,3530,20
cpp,stream,document,100,35,avro,binary-1.11,698,707,125,1405,1432664.756447,1414427.157001,711743.772242,0,1.0,schema,adapted,1,c4a54cdecc67,3531,21
cpp,stream,document,100,35,zpp_bits,4.4.25,866,561,227,1427,1154734.411085,1782531.194296,700770.847933,0,1.0,struct,adapted,1,c4a54cdecc67,3532,22
cpp,stream,document,100,35,flexbuffers,flatbuffers-flex,5538,6372,467,11910,180570.603106,156936.597615,83963.056255,0,1.0,dom,adapted,1,c4a54cdecc67,3533,23
cpp,stream,document,100,35,arduinojson,7.2.1,5850,15691,458,21541,170940.170940,63730.801096,46423.100135,0,1.0,dom,native,1,c4a54cdecc67,3534,24
cpp,stream,document,100,35,protobuf-wire,wire-v2,1782,846,164,2628,561167.227834,1182033.096927,380517.503805,0,1.0,schema,adapted,1,c4a54cdecc67,3535,25
cpp,stream,document,100,36,thrift,TBinaryProtocol,725,413,324,1138,1379310.344828,2421307.506053,878734.622144,0,1.0,schema,adapted,1,c4a54cdecc67,3536,0
cpp,stream,document,100,36,yyjson,0.10.0,1675,9505,458,11180,597014.925373,105207.785376,89445.438283,0,1.0,dom,adapted,1,c4a54cdecc67,3537,1
cpp,stream,document,100,36,jsoncons_cbor,0.177.0,3698,20678,338,24376,270416.441320,48360.576458,41023.957991,0,1.0,dom,native,1,c4a54cdecc67,3538,2
cpp,stream,document,100,36,msgpack,msgpack-cxx,1205,2556,332,3761,829875.518672,391236.306729,265886.732252,0,1.0,struct,native,1,c4a54cdecc67,3539,3
cpp,stream,document,100,36,avro_c,avro-c,2781,3231,125,6012,359582.883855,309501.702259,166333.998669,0,1.0,schema,adapted,1,c4a54cdecc67,3540,4
cpp,stream,document,100,36,jsoncons_bson,0.177.0,4097,19053,502,23150,244081.034904,52485.172939,43196.544276,0,1.0,dom,native,1,c4a54cdecc67,3541,5
cpp,stream,document,100,36,arduinojson,7.2.1,5659,15837,458,21496,176709.666019,63143.272084,46520.282843,0,1.0,dom,native,1,c4a54cdecc67,3542,6
cpp,stream,document,100,36,protobuf-wire,wire-v2,1509,790,164,2299,662690.523526,1265822.784810,434971.726838,0,1.0,schema,adapted,1,c4a54cdecc67,3543,7
cpp,stream,document,100,36,nlohmann_cbor,3.11.3,3186,8888,338,12074,313873.195229,112511.251125,82822.594004,0,1.0,dom,native,1,c4a54cdecc67,3544,8
cpp,stream,document,100,36,custom_binary,harness,1226,482,223,1708,815660.685155,2074688.796680,585480.093677,0,1.0,struct,adapted,1,c4a54cdecc67,3545,9
cpp,stream,document,100,36,bitsery,5.2.4,292,407,190,699,3424657.534247,2457002.457002,1430615.164521,0,1.0,struct,adapted,1,c4a54cdecc67,3546,10
cpp,stream,document,100,36,flatbuffers,flatbuffers,1723,815,188,2538,580383.052815,1226993.865031,394011.032309,0,1.0,schema,adapted,1,c4a54cdecc67,3547,11
cpp,stream,document,100,36,jsoncons_msgpack,0.177.0,2967,18703,332,21670,337040.781935,53467.358178,46146.746654,0,1.0,dom,native,1,c4a54cdecc67,3548,12
cpp,stream,document,100,36,rapidjson,1.1.0,4885,19353,458,24238,204708.290686,51671.575466,41257.529499,0,1.0,dom,native,1,c4a54cdecc67,3549,13
cpp,stream,document,100,36,zpp_bits,4.4.25,723,352,227,1075,1383125.864454,2840909.090909,930232.558140,0,1.0,struct,adapted,1,c4a54cdecc67,3550,14
cpp,stream,document,100,36,yas,7.x,751,545,274,1296,1331557.922770,1834862.385321,771604.938272,0,1.0,struct,adapted,1,c4a54cdecc67,3551,15
cpp,stream,document,100,36,nlohmann_json,3.11.3,3834,10297,458,14131,260824.204486,97115.664757,70766.400113,0,1.0,struct,native,1,c4a54cdecc67,3552,16
cpp,stream,document,100,36,cista,0.15,422,1086,328,1508,2369668.246445,920810.313076,663129.973475,0,1.0,archive,adapted,1,c4a54cdecc67,3553,17
cpp,stream,document,100,36,nlohmann_ubjson,3.11.3,2957,10266,409,13223,338180.588434,97408.922657,75625.803524,0,1.0,dom,native,1,c4a54cdecc67,3554,18
cpp,stream,document,100,36,avro,binary-1.11,576,570,125,1146,1736111.111111,1754385.964912,872600.349040,0,1.0,schema,adapted,1,c4a54cdecc67,3555,19
cpp,stream,document,100,36,cereal,1.3.2,831,1197,267,2028,1203369.434416,835421.888053,493096.646943,0,1.0,struct,native,1,c4a54cdecc67,3556,20
cpp,stream,document,100,36,nlohmann_msgpack,3.11.3,3038,8151,332,11189,329163.923634,122684.333211,89373.491822,0,1.0,dom,native,1,c4a54cdecc67,3557,21
cpp,stream,document,100,36,capnproto,1.0.x,2196,1360,392,3556,455373.406193,735294.117647,281214.848144,0,1.0,schema,native,1,c4a54cdecc67,3558,22
cpp,stream,document,100,36,flexbuffers,flatbuffers-flex,4454,6531,467,10985,224517.287831,153115.908743,91033.227128,0,1.0,dom,adapted,1,c4a54cdecc67,3559,23
cpp,stream,document,100,36,simdjson,3.10.1,193,10640,458,10833,5181347.150259,93984.962406,92310.532632,0,1.0,dom,adapted,1,c4a54cdecc67,3560,24
cpp,stream,document,100,36,nlohmann_bson,3.11.3,3442,9108,502,12550,290528.762347,109793.588054,79681.274900,0,1.0,dom,native,1,c4a54cdecc67,3561,25
cpp,stream,document,100,37,yas,7.x,1518,470,274,1988,658761.528327,2127659.574468,503018.108652,0,1.0,struct,adapted,1,c4a54cdecc67,3562,0
cpp,stream,document,100,37,jsoncons_bson,0.177.0,4001,18718,502,22719,249937.515621,53424.511166,44016.021832,0,1.0,dom,native,1,c4a54cdecc67,3563,1
cpp,stream,document,100,37,bitsery,5.2.4,275,344,190,619,3636363.636364,2906976.744186,1615508.885299,0,1.0,struct,adapted,1,c4a54cdecc67,3564,2
cpp,stream,document,100,37,yyjson,0.10.0,1412,10412,458,11824,708215.297450,96043.027276,84573.748309,0,1.0,dom,adapted,1,c4a54cdecc67,3565,3
cpp,stream,document,100,37,nlohmann_ubjson,3.11.3,2774,9974,409,12748,360490.266763,100260.677762,78443.677440,0,1.0,dom,native,1,c4a54cdecc67,3566,4
cpp,stream,document,100,37,custom_binary,harness,907,460,223,1367,1102535.832415,2173913.043478,731528.895391,0,1.0,struct,adapted,1,c4a54cdecc67,3567,5
cpp,stream,document,100,37,avro,binary-1.11,538,448,125,986,1858736.059480,2232142.857143,1014198.782961,0,1.0,schema,adapted,1,c4a54cdecc67,3568,6
cpp,stream,document,100,37,nlohmann_cbor,3.11.3,3007,8219,338,11226,332557.366146,121669.302835,89078.923927,0,1.0,dom,native,1,c4a54cdecc67,3569,7
cpp,stream,document,100,37,rapidjson,1.1.0,4764,46365,458,51129,209907.640638,21567.993098,19558.371961,0,1.0,dom,native,1,c4a54cdecc67,3570,8
cpp,stream,document,100,37,simdjson,3.10.1,211,10706,458,10917,4739336.492891,93405.566972,91600.256481,0,1.0,dom,adapted,1,c4a54cdecc67,3571,9
cpp,stream,document,100,37,avro_c,avro-c,3078,3357,125,6435,324886.289799,297885.016384,155400.155400,0,1.0,schema,adapted,1,c4a54cdecc67,3572,10
cpp,stream,document,100,37,protobuf-wire,wire-v2,1684,1000,164,2684,593824.228029,1000000.000000,372578.241431,0,1.0,schema,adapted,1,c4a54cdecc67,3573,11
cpp,stream,document,100,37,arduinojson,7.2.1,5806,15889,458,21695,172235.618326,62936.622821,46093.569947,0,1.0,dom,native,1,c4a54cdecc67,3574,12
cpp,stream,document,100,37,cista,0.15,421,1049,328,1470,2375296.912114,953288.846520,680272.108844,0,1.0,archive,adapted,1,c4a54cdecc67,3575,13
cpp,stream,document,100,37,nlohmann_json,3.11.3,7619,10829,458,18448,131250.820318,92344.630160,54206.418040,0,1.0,struct,native,1,c4a54cdecc67,3576,14
cpp,stream,document,100,37,flatbuffers,flatbuffers,1305,848,188,2153,766283.524904,1179245.283019,464468.183929,0,1.0,schema,adapted,1,c4a54cdecc67,3577,15
cpp,stream,document,100,37,jsoncons_cbor,0.177.0,3253,21219,338,24472,307408.545958,47127.574344,40863.027133,0,1.0,dom,native,1,c4a54cdecc67,3578,16
cpp,stream,document,100,37,nlohmann_msgpack,3.11.3,2897,8711,332,11608,345184.673800,114797.382620,86147.484493,0,1.0,dom,native,1,c4a54cdecc67,3579,17
cpp,stream,document,100,37,capnproto,1.0.x,2162,1269,392,3431,462534.690102,788022.064618,291460.215681,0,1.0,schema,native,1,c4a54cdecc67,3580,18
cpp,stream,document,100,37,thrift,TBinaryProtocol,1142,633,324,1775,875656.742557,1579778.830964,563380.281690,0,1.0,schema,adapted,1,c4a54cdecc67,3581,19
cpp,stream,document,100,37,zpp_bits,4.4.25,791,476,227,1267,1264222.503161,2100840.336134,789265.982636,0,1.0,struct,adapted,1,c4a54cdecc67,3582,20
cpp,stream,document,100,37,cereal,1.3.2,1020,1124,267,2144,980392.156863,889679.715302,466417.910448,0,1.0,struct,native,1,c4a54cdecc67,3583,21
cpp,stream,document,100,37,flexbuffers,flatbuffers-flex,4936,6996,467,11932,202593.192869,142938.822184,83808.246731,0,1.0,dom,adapted,1,c4a54cdecc67,3584,22
cpp,stream,document,100,37,msgpack,msgpack-cxx,1126,2531,332,3657,888099.467140,395100.750691,273448.181570,0,1.0,struct,native,1,c4a54cdecc67,3585,23
cpp,stream,document,100,37,jsoncons_msgpack,0.177.0,3271,19642,332,22913,305716.906145,50911.312494,43643.346572,0,1.0,dom,native,1,c4a54cdecc67,3586,24
cpp,stream,document,100,37,nlohmann_bson,3.11.3,3507,9232,502,12739,285143.997719,108318.890815,78499.097260,0,1.0,dom,native,1,c4a54cdecc67,3587,25
cpp,stream,document,100,38,flexbuffers,flatbuffers-flex,4091,5222,467,9313,244439.012466,191497.510532,107376.785139,0,1.0,dom,adapted,1,c4a54cdecc67,3588,0
cpp,stream,document,100,38,custom_binary,harness,1005,544,223,1549,995024.875622,1838235.294118,645577.792124,0,1.0,struct,adapted,1,c4a54cdecc67,3589,1
cpp,stream,document,100,38,thrift,TBinaryProtocol,787,424,324,1211,1270648.030496,2358490.566038,825763.831544,0,1.0,schema,adapted,1,c4a54cdecc67,3590,2
cpp,stream,document,100,38,nlohmann_json,3.11.3,4010,9465,458,13475,249376.558603,105652.403592,74211.502783,0,1.0,struct,native,1,c4a54cdecc67,3591,3
cpp,stream,document,100,38,yyjson,0.10.0,2179,10715,458,12894,458926.112896,93327.111526,77555.452148,0,1.0,dom,adapted,1,c4a54cdecc67,3592,4
cpp,stream,document,100,38,protobuf-wire,wire-v2,1616,907,164,2523,618811.881188,1102535.832415,396353.547364,0,1.0,schema,adapted,1,c4a54cdecc67,3593,5
cpp,stream,document,100,38,capnproto,1.0.x,1381,871,392,2252,724112.961622,1148105.625718,444049.733570,0,1.0,schema,native,1,c4a54cdecc67,3594,6
cpp,stream,document,100,38,nlohmann_bson,3.11.3,3098,8745,502,11843,322788.896062,114351.057747,84438.064680,0,1.0,dom,native,1,c4a54cdecc67,3595,7
cpp,stream,document,100,38,rapidjson,1.1.0,4851,20029,458,24880,206143.063286,49927.604973,40192.926045,0,1.0,dom,native,1,c4a54cdecc67,3596,8
cpp,stream,document,100,38,avro_c,avro-c,2868,2882,125,5750,348675.034868,346981.263012,173913.043478,0,1.0,schema,adapted,1,c4a54cdecc67,3597,9
cpp,stream,document,100,38,jsoncons_bson,0.177.0,4037,19080,502,23117,247708.694575,52410.901468,43258.208245,0,1.0,dom,native,1,c4a54cdecc67,3598,10
cpp,stream,document,100,38,simdjson,3.10.1,198,9480,458,9678,5050505.050505,105485.232068,103327.133705,0,1.0,dom,adapted,1,c4a54cdecc67,3599,11
cpp,stream,document,100,38,flatbuffers,flatbuffers,930,913,188,1843,1075268.817204,1095290.251917,542593.597396,0,1.0,schema,adapted,1,c4a54cdecc67,3600,12
cpp,stream,document,100,38,arduinojson,7.2.1,5818,14756,458,20574,171880.371262,67769.043101,48605.035482,0,1.0,dom,native,1,c4a54cdecc67,3601,13
cpp,stream,document,100,38,bitsery,5.2.4,277,383,190,660,3610108.303249,2610966.057441,1515151.515152,0,1.0,struct,adapted,1,c4a54cdecc67,3602,14
cpp,stream,document,100,38,nlohmann_msgpack,3.11.3,2825,8492,332,11317,353982.300885,117757.889779,88362.640276,0,1.0,dom,native,1,c4a54cdecc67,3603,15
cpp,stream,document,100,38,zpp_bits,4.4.25,674,457,227,1131,1483679.525223,2188183.807440,884173.297966,0,1.0,struct,adapted,1,c4a54cdecc67,3604,16
cpp,stream,document,100,38,yas,7.x,1838,554,274,2392,544069.640914,1805054.151625,418060.200669,0,1.0,struct,adapted,1,c4a54cdecc67,3605,17
cpp,stream,document,100,38,cista,0.15,367,996,328,1363,2724795.640327,1004016.064257,733675.715334,0,1.0,archive,adapted,1,c4a54cdecc67,3606,18
cpp,stream,document,100,38,nlohmann_cbor,3.11.3,3192,8831,338,12023,313283.208020,113237.458951,83173.916660,0,1.0,dom,native,1,c4a54cdecc67,3607,19
cpp,stream,document,100,38,msgpack,msgpack-cxx,1256,2633,332,3889,796178.343949,379794.910748,257135.510414,0,1.0,struct,native,1,c4a54cdecc67,3608,20
cpp,stream,document,100,38,avro,binary-1.11,672,576,125,1248,1488095.238095,1736111.111111,801282.051282,0,1.0,schema,adapted,1,c4a54cdecc67,3609,21
cpp,stream,document,100,38,jsoncons_msgpack,0.177.0,3043,19070,332,22113,328623.069339,52438.384898,45222.267444,0,1.0,dom,native,1,c4a54cdecc67,3610,22
cpp,stream,document,100,38,jsoncons_cbor,0.177.0,3880,18545,338,22425,257731.958763,53922.890267,44593.088071,0,1.0,dom,native,1,c4a54cdecc67,3611,23
cpp,stream,document,100,38,cereal,1.3.2,797,1186,267,1983,1254705.144291,843170.320405,504286.434695,0,1.0,struct,native,1,c4a54cdecc67,3612,24
cpp,stream,document,100,38,nlohmann_ubjson,3.11.3,3030,9629,409,12659,330033.003300,103852.944231,78995.181294,0,1.0,dom,native,1,c4a54cdecc67,3613,25
cpp,stream,document,100,39,cereal,1.3.2,782,651,267,1433,1278772.378517,1536098.310292,697836.706211,0,1.0,struct,native,1,c4a54cdecc67,3614,0
cpp,stream,document,100,39,thrift,TBinaryProtocol,1002,675,324,1677,998003.992016,1481481.481481,596302.921884,0,1.0,schema,adapted,1,c4a54cdecc67,3615,1
cpp,stream,document,100,39,nlohmann_msgpack,3.11.3,2659,7536,332,10195,376081.233546,132696.390658,98087.297695,0,1.0,dom,native,1,c4a54cdecc67,3616,2
cpp,stream,document,100,39,custom_binary,harness,853,442,223,1295,1172332.942556,2262443.438914,772200.772201,0,1.0,struct,adapted,1,c4a54cdecc67,3617,3
cpp,stream,document,100,39,nlohmann_json,3.11.3,3738,9295,458,13033,267522.739433,107584.722969,76728.305072,0,1.0,struct,native,1,c4a54cdecc67,3618,4
cpp,stream,document,100,39,yas,7.x,1584,566,274,2150,631313.131313,1766784.452297,465116.279070,0,1.0,struct,adapted,1,c4a54cdecc67,3619,5
cpp,stream,document,100,39,msgpack,msgpack-cxx,1292,1383,332,2675,773993.808050,723065.798988,373831.775701,0,1.0,struct,native,1,c4a54cdecc67,3620,6
cpp,stream,document,100,39,jsoncons_msgpack,0.177.0,2861,18528,332,21389,349528.137015,53972.366149,46753.003880,0,1.0,dom,native,1,c4a54cdecc67,3621,7
cpp,stream,document,100,39,nlohmann_bson,3.11.3,3439,9069,502,12508,290782.204129,110265.740434,79948.832747,0,1.0,dom,native,1,c4a54cdecc67,3622,8
cpp,stream,document,100,39,jsoncons_bson,0.177.0,4505,17801,502,22306,221975.582686,56176.619291,44830.987178,0,1.0,dom,native,1,c4a54cdecc67,3623,9
cpp,stream,document,100,39,avro,binary-1.11,519,630,125,1149,1926782.273603,1587301.587302,870322.019147,0,1.0,schema,adapted,1,c4a54cdecc67,3624,10
cpp,stream,document,100,39,jsoncons_cbor,0.177.0,3526,18431,338,21957,283607.487238,54256.415821,45543.562417,0,1.0,dom,native,1,c4a54cdecc67,3625,11
cpp,stream,document,100,39,nlohmann_cbor,3.11.3,2984,8582,338,11566,335120.643432,116522.955022,86460.314716,0,1.0,dom,native,1,c4a54cdecc67,3626,12
cpp,stream,document,100,39,zpp_bits,4.4.25,633,344,227,977,1579778.830964,2906976.744186,1023541.453429,0,1.0,struct,adapted,1,c4a54cdecc67,3627,13
cpp,stream,document,100,39,simdjson,3.10.1,195,10015,458,10210,5128205.128205,99850.224663,97943.192948,0,1.0,dom,adapted,1,c4a54cdecc67,3628,14
cpp,stream,document,100,39,yyjson,0.10.0,1926,9938,458,11864,519210.799585,100623.867981,84288.604181,0,1.0,dom,adapted,1,c4a54cdecc67,3629,15
cpp,stream,document,100,39,nlohmann_ubjson,3.11.3,2886,9792,409,12678,346500.346500,102124.183007,78876.794447,0,1.0,dom,native,1,c4a54cdecc67,3630,16
cpp,stream,document,100,39,flexbuffers,flatbuffers-flex,5211,6450,467,11661,191901.746306,155038.759690,85755.938599,0,1.0,dom,adapted,1,c4a54cdecc67,3631,17
cpp,stream,document,100,39,bitsery,5.2.4,287,467,190,754,3484320.557491,2141327.623126,1326259.946950,0,1.0,struct,adapted,1,c4a54cdecc67,3632,18
cpp,stream,document,100,39,flatbuffers,flatbuffers,1227,962,188,2189,814995.925020,1039501.039501,456829.602558,0,1.0,schema,adapted,1,c4a54cdecc67,3633,19
cpp,stream,document,100,39,avro_c,avro-c,2780,4035,125,6815,359712.230216,247831.474597,146735.143067,0,1.0,schema,adapted,1,c4a54cdecc67,3634,20
cpp,stream,document,100,39,protobuf-wire,wire-v2,2564,729,164,3293,390015.600624,1371742.112483,303674.460978,0,1.0,schema,adapted,1,c4a54cdecc67,3635,21
cpp,stream,document,100,39,cista,0.15,402,1003,328,1405,2487562.189055,997008.973081,711743.772242,0,1.0,archive,adapted,1,c4a54cdecc67,3636,22
cpp,stream,document,100,39,arduinojson,7.2.1,5762,16473,458,22235,173550.850399,60705.396710,44974.139870,0,1.0,dom,native,1,c4a54cdecc67,3637,23
cpp,stream,document,100,39,rapidjson,1.1.0,4875,20422,458,25297,205128.205128,48966.800509,39530.379096,0,1.0,dom,native,1,c4a54cdecc67,3638,24
cpp,stream,document,100,39,capnproto,1.0.x,1274,1234,392,2508,784929.356358,810372.771475,398724.082935,0,1.0,schema,native,1,c4a54cdecc67,3639,25
cpp,stream,document,100,40,custom_binary,harness,1436,604,223,2040,696378.830084,1655629.139073,490196.078431,0,1.0,struct,adapted,1,c4a54cdecc67,3640,0
cpp,stream,document,100,40,cereal,1.3.2,900,1255,267,2155,1111111.111111,796812.749004,464037.122970,0,1.0,struct,native,1,c4a54cdecc67,3641,1
cpp,stream,document,100,40,simdjson,3.10.1,187,10674,458,10861,5347593.582888,93685.591156,92072.553172,0,1.0,dom,adapted,1,c4a54cdecc67,3642,2
cpp,stream,document,100,40,protobuf-wire,wire-v2,1521,744,164,2265,657462.195924,1344086.021505,441501.103753,0,1.0,schema,adapted,1,c4a54cdecc67,3643,3
cpp,stream,document,100,40,thrift,TBinaryProtocol,1054,933,324,1987,948766.603416,1071811.361200,503271.263211,0,1.0,schema,adapted,1,c4a54cdecc67,3644,4
cpp,stream,document,100,40,bitsery,5.2.4,278,351,190,629,3597122.302158,2849002.849003,1589825.119237,0,1.0,struct,adapted,1,c4a54cdecc67,3645,5
cpp,stream,document,100,40,zpp_bits,4.4.25,647,482,227,1129,1545595.054096,2074688.796680,885739.592560,0,1.0,struct,adapted,1,c4a54cdecc67,3646,6
cpp,stream,document,100,40,flatbuffers,flatbuffers,791,760,188,1551,1264222.503161,1315789.473684,644745.325596,0,1.0,schema,adapted,1,c4a54cdecc67,3647,7
cpp,stream,document,100,40,jsoncons_bson,0.177.0,3951,18654,502,22605,253100.480891,53607.805296,44238.000442,0,1.0,dom,native,1,c4a54cdecc67,3648,8
cpp,stream,document,100,40,rapidjson,1.1.0,4554,18525,458,23079,219587.176109,53981.106613,43329.433684,0,1.0,dom,native,1,c4a54cdecc67,3649,9
cpp,stream,document,100,40,avro,binary-1.11,631,624,125,1255,1584786.053883,1602564.102564,796812.749004,0,1.0,schema,adapted,1,c4a54cdecc67,3650,10
cpp,stream,document,100,40,cista,0.15,333,938,328,1271,3003003.003003,1066098.081023,786782.061369,0,1.0,archive,adapted,1,c4a54cdecc67,3651,11
cpp,stream,document,100,40,capnproto,1.0.x,1043,762,392,1805,958772.770853,1312335.958005,554016.620499,0,1.0,schema,native,1,c4a54cdecc67,3652,12
cpp,stream,document,100,40,nlohmann_msgpack,3.11.3,3062,9119,332,12181,326583.932071,109661.147056,82095.066087,0,1.0,dom,native,1,c4a54cdecc67,3653,13
cpp,stream,document,100,40,nlohmann_json,3.11.3,3926,9762,458,13688,254712.175242,102438.024995,73056.691993,0,1.0,struct,native,1,c4a54cdecc67,3654,14
cpp,stream,document,100,40,arduinojson,7.2.1,5662,16241,458,21903,176616.036736,61572.563266,45655.846231,0,1.0,dom,native,1,c4a54cdecc67,3655,15
cpp,stream,document,100,40,nlohmann_bson,3.11.3,3436,9200,502,12636,291036.088475,108695.652174,79138.968028,0,1.0,dom,native,1,c4a54cdecc67,3656,16
cpp,stream,document,100,40,nlohmann_cbor,3.11.3,3333,8203,338,11536,300030.003000,121906.619529,86685.159501,0,1.0,dom,native,1,c4a54cdecc67,3657,17
cpp,stream,document,100,40,flexbuffers,flatbuffers-flex,5131,6223,467,11354,194893.782888,160694.198939,88074.687335,0,1.0,dom,adapted,1,c4a54cdecc67,3658,18
cpp,stream,document,100,40,nlohmann_ubjson,3.11.3,3053,9013,409,12066,327546.675401,110950.848774,82877.507045,0,1.0,dom,native,1,c4a54cdecc67,3659,19
cpp,stream,document,100,40,yyjson,0.10.0,2173,10406,458,12579,460193.281178,96098.404766,79497.575324,0,1.0,dom,adapted,1,c4a54cdecc67,3660,20
cpp,stream,document,100,40,yas,7.x,1103,529,274,1632,906618.313690,1890359.168242,612745.098039,0,1.0,struct,adapted,1,c4a54cdecc67,3661,21
cpp,stream,document,100,40,jsoncons_cbor,0.177.0,2962,21525,338,24487,337609.723160,46457.607433,40837.995671,0,1.0,dom,native,1,c4a54cdecc67,3662,22
cpp,stream,document,100,40,msgpack,msgpack-cxx,1267,2242,332,3509,789265.982636,446030.330062,284981.476204,0,1.0,struct,native,1,c4a54cdecc67,3663,23
cpp,stream,document,100,40,avro_c,avro-c,2965,3512,125,6477,337268.128162,284738.041002,154392.465648,0,1.0,schema,adapted,1,c4a54cdecc67,3664,24
cpp,stream,document,100,40,jsoncons_msgpack,0.177.0,3698,18768,332,22466,270416.441320,53282.182438,44511.706579,0,1.0,dom,native,1,c4a54cdecc67,3665,25
cpp,stream,document,100,41,avro_c,avro-c,2199,2466,125,4665,454752.160073,405515.004055,214362.272240,0,1.0,schema,adapted,1,c4a54cdecc67,3666,0
cpp,stream,document,100,41,jsoncons_msgpack,0.177.0,3390,17166,332,20556,294985.250737,58254.689503,48647.596809,0,1.0,dom,native,1,c4a54cdecc67,3667,1
cpp,stream,document,100,41,protobuf-wire,wire-v2,1849,973,164,2822,540832.882639,1027749.229188,354358.610914,0,1.0,schema,adapted,1,c4a54cdecc67,3668,2
cpp,stream,document,100,41,nlohmann_json,3.11.3,3741,9935,458,13676,267308.206362,100654.252642,73120.795554,0,1.0,struct,native,1,c4a54cdecc67,3669,3
cpp,stream,document,100,41,jsoncons_cbor,0.177.0,4221,19326,338,23547,236910.684672,51743.764876,42468.254979,0,1.0,dom,native,1,c4a54cdecc67,3670,4
cpp,stream,document,100,41,rapidjson,1.1.0,4983,20083,458,25066,200682.319888,49793.357566,39894.678050,0,1.0,dom,native,1,c4a54cdecc67,3671,5
cpp,stream,document,100,41,nlohmann_ubjson,3.11.3,2777,10625,409,13402,360100.828232,94117.647059,74615.728996,0,1.0,dom,native,1,c4a54cdecc67,3672,6
cpp,stream,document,100,41,thrift,TBinaryProtocol,1033,585,324,1618,968054.211036,1709401.709402,618046.971570,0,1.0,schema,adapted,1,c4a54cdecc67,3673,7
cpp,stream,document,100,41,jsoncons_bson,0.177.0,4670,18012,502,22682,214132.762313,55518.543193,44087.822943,0,1.0,dom,native,1,c4a54cdecc67,3674,8
cpp,stream,document,100,41,nlohmann_cbor,3.11.3,2877,8269,338,11146,347584.289190,120933.607450,89718.284586,0,1.0,dom,native,1,c4a54cdecc67,3675,9
cpp,stream,document,100,41,nlohmann_msgpack,3.11.3,2764,8112,332,10876,361794.500724,123274.161736,91945.568224,0,1.0,dom,native,1,c4a54cdecc67,3676,10
cpp,stream,document,100,41,avro,binary-1.11,1218,607,125,1825,821018.062397,1647446.457990,547945.205479,0,1.0,schema,adapted,1,c4a54cdecc67,3677,11
cpp,stream,document,100,41,cista,0.15,403,1004,328,1407,2481389.578164,996015.936255,710732.054016,0,1.0,archive,adapted,1,c4a54cdecc67,3678,12
cpp,stream,document,100,41,zpp_bits,4.4.25,802,458,227,1260,1246882.793017,2183406.113537,793650.793651,0,1.0,struct,adapted,1,c4a54cdecc67,3679,13
cpp,stream,document,100,41,yas,7.x,1579,586,274,2165,633312.222926,1706484.641638,461893.764434,0,1.0,struct,adapted,1,c4a54cdecc67,3680,14
cpp,stream,document,100,41,bitsery,5.2.4,325,444,190,769,3076923.076923,2252252.252252,1300390.117035,0,1.0,struct,adapted,1,c4a54cdecc67,3681,15
cpp,stream,document,100,41,yyjson,0.10.0,632,9702,458,10334,1582278.481013,103071.531643,96767.950455,0,1.0,dom,adapted,1,c4a54cdecc67,3682,16
cpp,stream,document,100,41,custom_binary,harness,1396,415,223,1811,716332.378223,2409638.554217,552181.115406,0,1.0,struct,adapted,1,c4a54cdecc67,3683,17
cpp,stream,document,100,41,flatbuffers,flatbuffers,823,950,188,1773,1215066.828676,1052631.578947,564015.792442,0,1.0,schema,adapted,1,c4a54cdecc67,3684,18
cpp,stream,document,100,41,msgpack,msgpack-cxx,1069,1607,332,2676,935453.695042,622277.535781,373692.077728,0,1.0,struct,native,1,c4a54cdecc67,3685,19
cpp,stream,document,100,41,flexbuffers,flatbuffers-flex,4982,6620,467,11602,200722.601365,151057.401813,86192.035856,0,1.0,dom,adapted,1,c4a54cdecc67,3686,20
cpp,stream,document,100,41,simdjson,3.10.1,194,10468,458,10662,5154639.175258,95529.231945,93791.033577,0,1.0,dom,adapted,1,c4a54cdecc67,3687,21
cpp,stream,document,100,41,capnproto,1.0.x,1427,1313,392,2740,700770.847933,761614.623001,364963.503650,0,1.0,schema,native,1,c4a54cdecc67,3688,22
cpp,stream,document,100,41,nlohmann_bson,3.11.3,3789,9170,502,12959,263921.879124,109051.254089,77166.448028,0,1.0,dom,native,1,c4a54cdecc67,3689,23
cpp,stream,document,100,41,cereal,1.3.2,873,1545,267,2418,1145475.372279,647249.190939,413564.929694,0,1.0,struct,native,1,c4a54cdecc67,3690,24
cpp,stream,document,100,41,arduinojson,7.2.1,5900,15625,458,21525,169491.525424,64000.000000,46457.607433,0,1.0,dom,native,1,c4a54cdecc67,3691,25
cpp,stream,document,100,42,arduinojson,7.2.1,5249,21227,458,26476,190512.478567,47109.812974,37770.055900,0,1.0,dom,native,1,c4a54cdecc67,3692,0
cpp,stream,document,100,42,yas,7.x,1555,541,274,2096,643086.816720,1848428.835490,477099.236641,0,1.0,struct,adapted,1,c4a54cdecc67,3693,1
cpp,stream,document,100,42,rapidjson,1.1.0,4962,17605,458,22567,201531.640468,56802.044874,44312.491691,0,1.0,dom,native,1,c4a54cdecc67,3694,2
cpp,stream,document,100,42,msgpack,msgpack-cxx,1158,1756,332,2914,863557.858377,569476.082005,343170.899108,0,1.0,struct,native,1,c4a54cdecc67,3695,3
cpp,stream,document,100,42,protobuf-wire,wire-v2,1773,862,164,2635,564015.792442,1160092.807425,379506.641366,0,1.0,schema,adapted,1,c4a54cdecc67,3696,4
cpp,stream,document,100,42,avro_c,avro-c,3104,3485,125,6589,322164.948454,286944.045911,151768.098346,0,1.0,schema,adapted,1,c4a54cdecc67,3697,5
cpp,stream,document,100,42,flatbuffers,flatbuffers,550,752,188,1302,1818181.818182,1329787.234043,768049.155146,0,1.0,schema,adapted,1,c4a54cdecc67,3698,6
cpp,stream,document,100,42,cereal,1.3.2,920,877,267,1797,1086956.521739,1140250.855188,556483.027268,0,1.0,struct,native,1,c4a54cdecc67,3699,7
cpp,stream,document,100,42,jsoncons_bson,0.177.0,3543,19295,502,22838,282246.683601,51826.898160,43786.671337,0,1.0,dom,native,1,c4a54cdecc67,3700,8
cpp,stream,document,100,42,capnproto,1.0.x,1615,768,392,2383,619195.046440,1302083.333333,419639.110365,0,1.0,schema,native,1,c4a54cdecc67,3701,9
cpp,stream,document,100,42,flexbuffers,flatbuffers-flex,4735,6598,467,11333,211193.241816,151561.079115,88237.889350,0,1.0,dom,adapted,1,c4a54cdecc67,3702,10
cpp,stream,document,100,42,simdjson,3.10.1,198,9723,458,9921,5050505.050505,102848.914944,100796.290697,0,1.0,dom,adapted,1,c4a54cdecc67,3703,11
cpp,stream,document,100,42,yyjson,0.10.0,1134,10142,458,11276,881834.215168,98599.881680,88683.930472,0,1.0,dom,adapted,1,c4a54cdecc67,3704,12
cpp,stream,document,100,42,zpp_bits,4.4.25,685,612,227,1297,1459854.014599,1633986.928105,771010.023130,0,1.0,struct,adapted,1,c4a54cdecc67,3705,13
cpp,stream,document,100,42,nlohmann_json,3.11.3,4135,10010,458,14145,241837.968561,99900.099900,70696.359138,0,1.0,struct,native,1,c4a54cdecc67,3706,14
cpp,stream,document,100,42,jsoncons_cbor,0.177.0,3373,19964,338,23337,296471.983398,50090.162292,42850.409221,0,1.0,dom,native,1,c4a54cdecc67,3707,15
cpp,stream,document,100,42,nlohmann_bson,3.11.3,3577,9614,502,13191,279563.880347,104014.978157,75809.263892,0,1.0,dom,native,1,c4a54cdecc67,3708,16
cpp,stream,document,100,42,nlohmann_ubjson,3.11.3,2870,9014,409,11884,348432.055749,110938.540049,84146.751935,0,1.0,dom,native,1,c4a54cdecc67,3709,17
cpp,stream,document,100,42,thrift,TBinaryProtocol,1013,808,324,1821,987166.831194,1237623.762376,549148.819330,0,1.0,schema,adapted,1,c4a54cdecc67,3710,18
cpp,stream,document,100,42,custom_binary,harness,856,428,223,1284,1168224.299065,2336448.598131,778816.199377,0,1.0,struct,adapted,1,c4a54cdecc67,3711,19
cpp,stream,document,100,42,avro,binary-1.11,990,666,125,1656,1010101.010101,1501501.501502,603864.734300,0,1.0,schema,adapted,1,c4a54cdecc67,3712,20
cpp,stream,document,100,42,nlohmann_cbor,3.11.3,3161,7449,338,10610,316355.583676,134246.207545,94250.706880,0,1.0,dom,native,1,c4a54cdecc67,3713,21
cpp,stream,document,100,42,nlohmann_msgpack,3.11.3,2896,7424,332,10320,345303.867403,134698.275862,96899.224806,0,1.0,dom,native,1,c4a54cdecc67,3714,22
cpp,stream,document,100,42,bitsery,5.2.4,299,490,190,789,3344481.605351,2040816.326531,1267427.122940,0,1.0,struct,adapted,1,c4a54cdecc67,3715,23
cpp,stream,document,100,42,cista,0.15,395,1069,328,1464,2531645.569620,935453.695042,683060.109290,0,1.0,archive,adapted,1,c4a54cdecc67,3716,24
cpp,stream,document,100,42,jsoncons_msgpack,0.177.0,4138,18568,332,22706,241662.638956,53856.096510,44041.222584,0,1.0,dom,native,1,c4a54cdecc67,3717,25
cpp,stream,document,100,43,yyjson,0.10.0,1596,9519,458,11115,626566.416040,105053.051791,89968.511021,0,1.0,dom,adapted,1,c4a54cdecc67,3718,0
cpp,stream,document,100,43,bitsery,5.2.4,260,297,190,557,3846153.846154,3367003.367003,1795332.136445,0,1.0,struct,adapted,1,c4a54cdecc67,3719,1
cpp,stream,document,100,43,jsoncons_cbor,0.177.0,3328,19481,338,22809,300480.769231,51332.067142,43842.342935,0,1.0,dom,native,1,c4a54cdecc67,3720,2
cpp,stream,document,100,43,custom_binary,harness,860,486,223,1346,1162790.697674,2057613.168724,742942.050520,0,1.0,struct,adapted,1,c4a54cdecc67,3721,3
cpp,stream,document,100,43,zpp_bits,4.4.25,631,384,227,1015,1584786.053883,2604166.666667,985221.674877,0,1.0,struct,adapted,1,c4a54cdecc67,3722,4
cpp,stream,document,100,43,simdjson,3.10.1,197,9007,458,9204,5076142.131980,111024.758521,108648.413733,0,1.0,dom,adapted,1,c4a54cdecc67,3723,5
cpp,stream,document,100,43,flexbuffers,flatbuffers-flex,4752,5758,467,10510,210437.710438,173671.413685,95147.478592,0,1.0,dom,adapted,1,c4a54cdecc67,3724,6
cpp,stream,document,100,43,yas,7.x,1185,619,274,1804,843881.856540,1615508.885299,554323.725055,0,1.0,struct,adapted,1,c4a54cdecc67,3725,7
cpp,stream,document,100,43,flatbuffers,flatbuffers,356,956,188,1312,2808988.764045,1046025.104603,762195.121951,0,1.0,schema,adapted,1,c4a54cdecc67,3726,8
cpp,stream,document,100,43,cista,0.15,310,885,328,1195,3225806.451613,1129943.502825,836820.083682,0,1.0,archive,adapted,1,c4a54cdecc67,3727,9
cpp,stream,document,100,43,arduinojson,7.2.1,5805,15049,458,20854,172265.288544,66449.597980,47952.431188,0,1.0,dom,native,1,c4a54cdecc67,3728,10
cpp,stream,document,100,43,jsoncons_msgpack,0.177.0,3617,19948,332,23565,276472.214542,50130.338881,42435.815829,0,1.0,dom,native,1,c4a54cdecc67,3729,11
cpp,stream,document,100,43,msgpack,msgpack-cxx,1225,2368,332,3593,816326.530612,422297.297297,278318.953521,0,1.0,struct,native,1,c4a54cdecc67,3730,12
cpp,stream,document,100,43,jsoncons_bson,0.177.0,3695,18620,502,22315,270635.994587,53705.692803,44812.906117,0,1.0,dom,native,1,c4a54cdecc67,3731,13
cpp,stream,document,100,43,cereal,1.3.2,796,1694,267,2490,1256281.407035,590318.772137,401606.425703,0,1.0,struct,native,1,c4a54cdecc67,3732,14
cpp,stream,document,100,43,nlohmann_msgpack,3.11.3,2813,9014,332,11827,355492.356914,110938.540049,84552.295595,0,1.0,dom,native,1,c4a54cdecc67,3733,15
cpp,stream,document,100,43,nlohmann_bson,3.11.3,3201,8206,502,11407,312402.374258,121862.052157,87665.468572,0,1.0,dom,native,1,c4a54cdecc67,3734,16
cpp,stream,document,100,43,nlohmann_ubjson,3.11.3,2876,8748,409,11624,347705.146036,114311.842707,86028.905712,0,1.0,dom,native,1,c4a54cdecc67,3735,17
cpp,stream,document,100,43,nlohmann_json,3.11.3,3682,9377,458,13059,271591.526344,106643.915965,76575.541772,0,1.0,struct,native,1,c4a54cdecc67,3736,18
cpp,stream,document,100,43,rapidjson,1.1.0,4969,20557,458,25526,201247.735963,48645.230335,39175.742380,0,1.0,dom,native,1,c4a54cdecc67,3737,19
cpp,stream,document,100,43,avro_c,avro-c,3314,3466,125,6780,301750.150875,288517.022504,147492.625369,0,1.0,schema,adapted,1,c4a54cdecc67,3738,20
cpp,stream,document,100,43,avro,binary-1.11,544,709,125,1253,1838235.294118,1410437.235543,798084.596967,0,1.0,schema,adapted,1,c4a54cdecc67,3739,21
cpp,stream,document,100,43,capnproto,1.0.x,1279,1125,392,2404,781860.828772,888888.888889,415973.377704,0,1.0,schema,native,1,c4a54cdecc67,3740,22
cpp,stream,document,100,43,protobuf-wire,wire-v2,2070,946,164,3016,483091.787440,1057082.452431,331564.986737,0,1.0,schema,adapted,1,c4a54cdecc67,3741,23
cpp,stream,document,100,43,nlohmann_cbor,3.11.3,3186,9587,338,12773,313873.195229,104307.916971,78290.143271,0,1.0,dom,native,1,c4a54cdecc67,3742,24
cpp,stream,document,100,43,thrift,TBinaryProtocol,1100,746,324,1846,909090.909091,1340482.573727,541711.809317,0,1.0,schema,adapted,1,c4a54cdecc67,3743,25
cpp,stream,document,100,44,jsoncons_cbor,0.177.0,3979,22112,338,26091,251319.426992,45224.312590,38327.392587,0,1.0,dom,native,1,c4a54cdecc67,3744,0
cpp,stream,document,100,44,thrift,TBinaryProtocol,753,345,324,1098,1328021.248340,2898550.724638,910746.812386,0,1.0,schema,adapted,1,c4a54cdecc67,3745,1
cpp,stream,document,100,44,avro_c,avro-c,2572,2616,125,5188,388802.488336,382262.996942,192752.505783,0,1.0,schema,adapted,1,c4a54cdecc67,3746,2
cpp,stream,document,100,44,bitsery,5.2.4,268,445,190,713,3731343.283582,2247191.011236,1402524.544180,0,1.0,struct,adapted,1,c4a54cdecc67,3747,3
cpp,stream,document,100,44,jsoncons_bson,0.177.0,4592,17399,502,21991,217770.034843,57474.567504,45473.148106,0,1.0,dom,native,1,c4a54cdecc67,3748,4
cpp,stream,document,100,44,jsoncons_msgpack,0.177.0,3447,16909,332,20356,290107.339716,59140.102904,49125.564944,0,1.0,dom,native,1,c4a54cdecc67,3749,5
cpp,stream,document,100,44,simdjson,3.10.1,186,9520,458,9706,5376344.086022,105042.016807,103029.054193,0,1.0,dom,adapted,1,c4a54cdecc67,3750,6
cpp,stream,document,100,44,yyjson,0.10.0,1191,13549,458,14740,839630.562552,73806.184958,67842.605156,0,1.0,dom,adapted,1,c4a54cdecc67,3751,7
cpp,stream,document,100,44,flexbuffers,flatbuffers-flex,4483,5931,467,10414,223064.911889,168605.631428,96024.582293,0,1.0,dom,adapted,1,c4a54cdecc67,3752,8
cpp,stream,document,100,44,arduinojson,7.2.1,5611,15578,458,21189,178221.350918,64193.092823,47194.298929,0,1.0,dom,native,1,c4a54cdecc67,3753,9
cpp,stream,document,100,44,custom_binary,harness,1152,384,223,1536,868055.555556,2604166.666667,651041.666667,0,1.0,struct,adapted,1,c4a54cdecc67,3754,10
cpp,stream,document,100,44,cista,0.15,391,995,328,1386,2557544.757033,1005025.125628,721500.721501,0,1.0,archive,adapted,1,c4a54cdecc67,3755,11
cpp,stream,document,100,44,flatbuffers,flatbuffers,1228,901,188,2129,814332.247557,1109877.913430,469704.086426,0,1.0,schema,adapted,1,c4a54cdecc67,3756,12
cpp,stream,document,100,44,zpp_bits,4.4.25,756,508,227,1264,1322751.322751,1968503.937008,791139.240506,0,1.0,struct,adapted,1,c4a54cdecc67,3757,13
cpp,stream,document,100,44,nlohmann_cbor,3.11.3,2889,9027,338,11916,346140.533056,110778.774787,83920.778785,0,1.0,dom,native,1,c4a54cdecc67,3758,14
cpp,stream,document,100,44,capnproto,1.0.x,2243,915,392,3158,445831.475702,1092896.174863,316656.111463,0,1.0,schema,native,1,c4a54cdecc67,3759,15
cpp,stream,document,100,44,rapidjson,1.1.0,4625,18430,458,23055,216216.216216,54259.359740,43374.539146,0,1.0,dom,native,1,c4a54cdecc67,3760,16
cpp,stream,document,100,44,nlohmann_bson,3.11.3,3180,9009,502,12189,314465.408805,111000.111000,82041.184675,0,1.0,dom,native,1,c4a54cdecc67,3761,17
cpp,stream,document,100,44,cereal,1.3.2,1011,1332,267,2343,989119.683482,750750.750751,426803.243705,0,1.0,struct,native,1,c4a54cdecc67,3762,18
cpp,stream,document,100,44,yas,7.x,1517,440,274,1957,659195.781147,2272727.272727,510986.203373,0,1.0,struct,adapted,1,c4a54cdecc67,3763,19
cpp,stream,document,100,44,msgpack,msgpack-cxx,1186,1923,332,3109,843170.320405,520020.800832,321646.831779,0,1.0,struct,native,1,c4a54cdecc67,3764,20
cpp,stream,document,100,44,nlohmann_ubjson,3.11.3,2711,9833,409,12544,368867.576540,101698.362656,79719.387755,0,1.0,dom,native,1,c4a54cdecc67,3765,21
cpp,stream,document,100,44,protobuf-wire,wire-v2,1586,800,164,2386,630517.023960,1250000.000000,419111.483655,0,1.0,schema,adapted,1,c4a54cdecc67,3766,22
cpp,stream,document,100,44,nlohmann_json,3.11.3,3637,9062,458,12699,274951.883420,110350.915913,78746.357981,0,1.0,struct,native,1,c4a54cdecc67,3767,23
cpp,stream,document,100,44,avro,binary-1.11,515,471,125,986,1941747.572816,2123142.250531,1014198.782961,0,1.0,schema,adapted,1,c4a54cdecc67,3768,24
cpp,stream,document,100,44,nlohmann_msgpack,3.11.3,2792,7832,332,10624,358166.189112,127681.307457,94126.506024,0,1.0,dom,native,1,c4a54cdecc67,3769,25
cpp,stream,document,100,45,nlohmann_bson,3.11.3,2984,7502,502,10486,335120.643432,133297.787257,95365.248903,0,1.0,dom,native,1,c4a54cdecc67,3770,0
cpp,stream,document,100,45,jsoncons_bson,0.177.0,4898,19029,502,23927,204164.965292,52551.368963,41793.789443,0,1.0,dom,native,1,c4a54cdecc67,3771,1
cpp,stream,document,100,45,protobuf-wire,wire-v2,1409,813,164,2222,709723.207949,1230012.300123,450045.004500,0,1.0,schema,adapted,1,c4a54cdecc67,3772,2
cpp,stream,document,100,45,nlohmann_msgpack,3.11.3,2578,8302,332,10880,387897.595035,120452.902915,91911.764706,0,1.0,dom,native,1,c4a54cdecc67,3773,3
cpp,stream,document,100,45,arduinojson,7.2.1,5520,16024,458,21544,181159.420290,62406.390414,46416.635722,0,1.0,dom,native,1,c4a54cdecc67,3774,4
cpp,stream,document,100,45,thrift,TBinaryProtocol,900,503,324,1403,1111111.111111,1988071.570577,712758.374911,0,1.0,schema,adapted,1,c4a54cdecc67,3775,5
cpp,stream,document,100,45,msgpack,msgpack-cxx,1128,2389,332,3517,886524.822695,418585.182085,284333.238556,0,1.0,struct,native,1,c4a54cdecc67,3776,6
cpp,stream,document,100,45,nlohmann_cbor,3.11.3,2829,7979,338,10808,353481.795688,125328.988595,92524.056255,0,1.0,dom,native,1,c4a54cdecc67,3777,7
cpp,stream,document,100,45,nlohmann_ubjson,3.11.3,2703,8295,409,10998,369959.304477,120554.550934,90925.622841,0,1.0,dom,native,1,c4a54cdecc67,3778,8
cpp,stream,document,100,45,nlohmann_json,3.11.3,3454,8936,458,12390,289519.397800,111906.893465,80710.250202,0,1.0,struct,native,1,c4a54cdecc67,3779,9
cpp,stream,document,100,45,flatbuffers,flatbuffers,1910,794,188,2704,523560.209424,1259445.843829,369822.485207,0,1.0,schema,adapted,1,c4a54cdecc67,3780,10
cpp,stream,document,100,45,yyjson,0.10.0,822,14250,458,15072,1216545.012165,70175.438596,66348.195329,0,1.0,dom,adapted,1,c4a54cdecc67,3781,11
cpp,stream,document,100,45,rapidjson,1.1.0,4682,19136,458,23818,213583.938488,52257.525084,41985.053321,0,1.0,dom,native,1,c4a54cdecc67,3782,12
cpp,stream,document,100,45,custom_binary,harness,1142,673,223,1815,875656.742557,1485884.101040,550964.187328,0,1.0,struct,adapted,1,c4a54cdecc67,3783,13
cpp,stream,document,100,45,jsoncons_cbor,0.177.0,4141,19482,338,23623,241487.563390,51329.432296,42331.625958,0,1.0,dom,native,1,c4a54cdecc67,3784,14
cpp,stream,document,100,45,avro,binary-1.11,701,487,125,1188,1426533.523538,2053388.090349,841750.841751,0,1.0,schema,adapted,1,c4a54cdecc67,3785,15
cpp,stream,document,100,45,capnproto,1.0.x,1937,918,392,2855,516262.261229,1089324.618736,350262.697023,0,1.0,schema,native,1,c4a54cdecc67,3786,16
cpp,stream,document,100,45,simdjson,3.10.1,183,10334,458,10517,5464480.874317,96767.950455,95084.149472,0,1.0,dom,adapted,1,c4a54cdecc67,3787,17
cpp,stream,document,100,45,avro_c,avro-c,2709,3220,125,5929,369139.904024,310559.006211,168662.506325,0,1.0,schema,adapted,1,c4a54cdecc67,3788,18
cpp,stream,document,100,45,jsoncons_msgpack,0.177.0,3315,16852,332,20167,301659.125189,59340.137669,49585.957257,0,1.0,dom,native,1,c4a54cdecc67,3789,19
cpp,stream,document,100,45,cereal,1.3.2,989,996,267,1985,1011122.345804,1004016.064257,503778.337531,0,1.0,struct,native,1,c4a54cdecc67,3790,20
cpp,stream,document,100,45,yas,7.x,1418,576,274,1994,705218.617772,1736111.111111,501504.513541,0,1.0,struct,adapted,1,c4a54cdecc67,3791,21
cpp,stream,document,100,45,bitsery,5.2.4,255,416,190,671,3921568.627451,2403846.153846,1490312.965723,0,1.0,struct,adapted,1,c4a54cdecc67,3792,22
cpp,stream,document,100,45,zpp_bits,4.4.25,702,359,227,1061,1424501.424501,2785515.320334,942507.068803,0,1.0,struct,adapted,1,c4a54cdecc67,3793,23
cpp,stream,document,100,45,cista,0.15,442,1141,328,1583,2262443.438914,876424.189308,631711.939356,0,1.0,archive,adapted,1,c4a54cdecc67,3794,24
cpp,stream,document,100,45,flexbuffers,flatbuffers-flex,5031,6903,467,11934,198767.640628,144864.551644,83794.201441,0,1.0,dom,adapted,1,c4a54cdecc67,3795,25
cpp,stream,document,100,46,jsoncons_msgpack,0.177.0,3015,17706,332,20721,331674.958541,56478.030046,48260.219101,0,1.0,dom,native,1,c4a54cdecc67,3796,0
cpp,stream,document,100,46,avro_c,avro-c,2300,2684,125,4984,434782.608696,372578.241431,200642.054575,0,1.0,schema,adapted,1,c4a54cdecc67,3797,1
cpp,stream,document,100,46,protobuf-wire,wire-v2,1547,875,164,2422,646412.411118,1142857.142857,412881.915772,0,1.0,schema,adapted,1,c4a54cdecc67,3798,2
cpp,stream,document,100,46,simdjson,3.10.1,189,9244,458,9433,5291005.291005,108178.277802,106010.813103,0,1.0,dom,adapted,1,c4a54cdecc67,3799,3
cpp,stream,document,100,46,msgpack,msgpack-cxx,1192,2316,332,3508,838926.174497,431778.929188,285062.713797,0,1.0,struct,native,1,c4a54cdecc67,3800,4
cpp,stream,document,100,46,zpp_bits,4.4.25,564,325,227,889,1773049.645390,3076923.076923,1124859.392576,0,1.0,struct,adapted,1,c4a54cdecc67,3801,5
cpp,stream,document,100,46,cereal,1.3.2,772,1105,267,1877,1295336.787565,904977.375566,532765.050613,0,1.0,struct,native,1,c4a54cdecc67,3802,6
cpp,stream,document,100,46,cista,0.15,428,970,328,1398,2336448.598131,1030927.835052,715307.582260,0,1.0,archive,adapted,1,c4a54cdecc67,3803,7
cpp,stream,document,100,46,capnproto,1.0.x,903,795,392,1698,1107419.712071,1257861.635220,588928.150766,0,1.0,schema,native,1,c4a54cdecc67,3804,8
cpp,stream,document,100,46,nlohmann_cbor,3.11.3,3428,9555,338,12983,291715.285881,104657.247514,77023.800354,0,1.0,dom,native,1,c4a54cdecc67,3805,9
cpp,stream,document,100,46,yyjson,0.10.0,1688,9616,458,11304,592417.061611,103993.344426,88464.260439,0,1.0,dom,adapted,1,c4a54cdecc67,3806,10
cpp,stream,document,100,46,flatbuffers,flatbuffers,743,810,188,1553,1345895.020188,1234567.901235,643915.003220,0,1.0,schema,adapted,1,c4a54cdecc67,3807,11
cpp,stream,document,100,46,nlohmann_bson,3.11.3,3515,8587,502,12102,284495.021337,116455.106556,82630.970088,0,1.0,dom,native,1,c4a54cdecc67,3808,12
cpp,stream,document,100,46,avro,binary-1.11,503,538,125,1041,1988071.570577,1858736.059480,960614.793468,0,1.0,schema,adapted,1,c4a54cdecc67,3809,13
cpp,stream,document,100,46,bitsery,5.2.4,266,337,190,603,3759398.496241,2967359.050445,1658374.792703,0,1.0,struct,adapted,1,c4a54cdecc67,3810,14
cpp,stream,document,100,46,jsoncons_cbor,0.177.0,3832,19524,338,23356,260960.334029,51219.012497,42815.550608,0,1.0,dom,native,1,c4a54cdecc67,3811,15
cpp,stream,document,100,46,nlohmann_msgpack,3.11.3,3140,8444,332,11584,318471.337580,118427.285647,86325.966851,0,1.0,dom,native,1,c4a54cdecc67,3812,16
cpp,stream,document,100,46,yas,7.x,1656,455,274,2111,603864.734300,2197802.197802,473709.142586,0,1.0,struct,adapted,1,c4a54cdecc67,3813,17
cpp,stream,document,100,46,arduinojson,7.2.1,5745,15403,458,21148,174064.403829,64922.417711,47285.795347,0,1.0,dom,native,1,c4a54cdecc67,3814,18
cpp,stream,document,100,46,thrift,TBinaryProtocol,1041,751,324,1792,960614.793468,1331557.922770,558035.714286,0,1.0,schema,adapted,1,c4a54cdecc67,3815,19
cpp,stream,document,100,46,nlohmann_ubjson,3.11.3,2987,9350,409,12337,334784.064279,106951.871658,81056.983059,0,1.0,dom,native,1,c4a54cdecc67,3816,20
cpp,stream,document,100,46,custom_binary,harness,1103,548,223,1651,906618.313690,1824817.518248,605693.519079,0,1.0,struct,adapted,1,c4a54cdecc67,3817,21
cpp,stream,document,100,46,flexbuffers,flatbuffers-flex,4289,5969,467,10258,233154.581488,167532.249958,97484.889842,0,1.0,dom,adapted,1,c4a54cdecc67,3818,22
cpp,stream,document,100,46,rapidjson,1.1.0,4937,20397,458,25334,202552.157180,49026.817669,39472.645457,0,1.0,dom,native,1,c4a54cdecc67,3819,23
cpp,stream,document,100,46,jsoncons_bson,0.177.0,4318,18745,502,23063,231588.698472,53347.559349,43359.493561,0,1.0,dom,native,1,c4a54cdecc67,3820,24
cpp,stream,document,100,46,nlohmann_json,3.11.3,3824,9425,458,13249,261506.276151,106100.795756,75477.394520,0,1.0,struct,native,1,c4a54cdecc67,3821,25
cpp,stream,document,100,47,nlohmann_msgpack,3.11.3,2772,8372,332,11144,360750.360750,119445.771620,89734.386217,0,1.0,dom,native,1,c4a54cdecc67,3822,0
cpp,stream,document,100,47,flatbuffers,flatbuffers,1310,940,188,2250,763358.778626,1063829.787234,444444.444444,0,1.0,schema,adapted,1,c4a54cdecc67,3823,1
cpp,stream,document,100,47,simdjson,3.10.1,183,9802,458,9985,5464480.874317,102019.995919,100150.225338,0,1.0,dom,adapted,1,c4a54cdecc67,3824,2
cpp,stream,document,100,47,msgpack,msgpack-cxx,1150,2089,332,3239,869565.217391,478697.941599,308737.264588,0,1.0,struct,native,1,c4a54cdecc67,3825,3
cpp,stream,document,100,47,nlohmann_bson,3.11.3,3149,8604,502,11753,317561.130518,116225.011623,85084.659236,0,1.0,dom,native,1,c4a54cdecc67,3826,4
cpp,stream,document,100,47,avro_c,avro-c,2737,3120,125,5857,365363.536719,320512.820513,170735.871607,0,1.0,schema,adapted,1,c4a54cdecc67,3827,5
cpp,stream,document,100,47,flexbuffers,flatbuffers-flex,4662,5760,467,10422,214500.214500,173611.111111,95950.873153,0,1.0,dom,adapted,1,c4a54cdecc67,3828,6
cpp,stream,document,100,47,jsoncons_bson,0.177.0,4715,17712,502,22427,212089.077413,56458.897922,44589.111339,0,1.0,dom,native,1,c4a54cdecc67,3829,7
cpp,stream,document,100,47,bitsery,5.2.4,302,396,190,698,3311258.278146,2525252.525253,1432664.756447,0,1.0,struct,adapted,1,c4a54cdecc67,3830,8
cpp,stream,document,100,47,nlohmann_ubjson,3.11.3,2795,10063,409,12858,357781.753131,99373.944152,77772.592938,0,1.0,dom,native,1,c4a54cdecc67,3831,9
cpp,stream,document,100,47,zpp_bits,4.4.25,871,432,227,1303,1148105.625718,2314814.814815,767459.708365,0,1.0,struct,adapted,1,c4a54cdecc67,3832,10
cpp,stream,document,100,47,cista,0.15,381,996,328,1377,2624671.916010,1004016.064257,726216.412491,0,1.0,archive,adapted,1,c4a54cdecc67,3833,11
cpp,stream,document,100,47,nlohmann_cbor,3.11.3,2934,8233,338,11167,340831.629175,121462.407385,89549.565685,0,1.0,dom,native,1,c4a54cdecc67,3834,12
cpp,stream,document,100,47,capnproto,1.0.x,1992,971,392,2963,502008.032129,1029866.117405,337495.781303,0,1.0,schema,native,1,c4a54cdecc67,3835,13
cpp,stream,document,100,47,avro,binary-1.11,673,512,125,1185,1485884.101040,1953125.000000,843881.856540,0,1.0,schema,adapted,1,c4a54cdecc67,3836,14
cpp,stream,document,100,47,protobuf-wire,wire-v2,1787,821,164,2608,559597.090095,1218026.796590,383435.582822,0,1.0,schema,adapted,1,c4a54cdecc67,3837,15
cpp,stream,document,100,47,jsoncons_cbor,0.177.0,2885,19072,338,21957,346620.450607,52432.885906,45543.562417,0,1.0,dom,native,1,c4a54cdecc67,3838,16
cpp,stream,document,100,47,cereal,1.3.2,815,1044,267,1859,1226993.865031,957854.406130,537923.614847,0,1.0,struct,native,1,c4a54cdecc67,3839,17
cpp,stream,document,100,47,rapidjson,1.1.0,4729,20474,458,25203,211461.196870,48842.434307,39677.816133,0,1.0,dom,native,1,c4a54cdecc67,3840,18
cpp,stream,document,100,47,yyjson,0.10.0,1253,10108,458,11361,798084.596967,98931.539375,88020.420738,0,1.0,dom,adapted,1,c4a54cdecc67,3841,19
cpp,stream,document,100,47,arduinojson,7.2.1,5620,16843,458,22463,177935.943060,59371.845871,44517.651249,0,1.0,dom,native,1,c4a54cdecc67,3842,20
cpp,stream,document,100,47,custom_binary,harness,1027,456,223,1483,973709.834469,2192982.456140,674308.833446,0,1.0,struct,adapted,1,c4a54cdecc67,3843,21
cpp,stream,document,100,47,jsoncons_msgpack,0.177.0,4358,18899,332,23257,229463.056448,52912.852532,42997.807112,0,1.0,dom,native,1,c4a54cdecc67,3844,22
cpp,stream,document,100,47,thrift,TBinaryProtocol,1137,602,324,1739,879507.475814,1661129.568106,575043.128235,0,1.0,schema,adapted,1,c4a54cdecc67,3845,23
cpp,stream,document,100,47,yas,7.x,986,427,274,1413,1014198.782961,2341920.374707,707714.083510,0,1.0,struct,adapted,1,c4a54cdecc67,3846,24
cpp,stream,document,100,47,nlohmann_json,3.11.3,3701,9656,458,13357,270197.243988,103562.551781,74867.110878,0,1.0,struct,native,1,c4a54cdecc67,3847,25
cpp,stream,document,100,48,nlohmann_msgpack,3.11.3,3020,8921,332,11941,331125.827815,112095.056608,83745.079977,0,1.0,dom,native,1,c4a54cdecc67,3848,0
cpp,stream,document,100,48,cista,0.15,346,987,328,1333,2890173.410405,1013171.225937,750187.546887,0,1.0,archive,adapted,1,c4a54cdecc67,3849,1
cpp,stream,document,100,48,nlohmann_bson,3.11.3,3176,8446,502,11622,314861.460957,118399.242245,86043.710205,0,1.0,dom,native,1,c4a54cdecc67,3850,2
cpp,stream,document,100,48,flatbuffers,flatbuffers,1143,974,188,2117,874890.638670,1026694.045175,472366.556448,0,1.0,schema,adapted,1,c4a54cdecc67,3851,3
cpp,stream,document,100,48,custom_binary,harness,817,434,223,1251,1223990.208078,2304147.465438,799360.511591,0,1.0,struct,adapted,1,c4a54cdecc67,3852,4
cpp,stream,document,100,48,flexbuffers,flatbuffers-flex,4568,6173,467,10741,218914.185639,161995.788110,93101.201005,0,1.0,dom,adapted,1,c4a54cdecc67,3853,5
cpp,stream,document,100,48,yyjson,0.10.0,1124,10115,458,11239,889679.715302,98863.074642,88975.887534,0,1.0,dom,adapted,1,c4a54cdecc67,3854,6
cpp,stream,document,100,48,msgpack,msgpack-cxx,1174,1829,332,3003,851788.756388,546746.856206,333000.333000,0,1.0,struct,native,1,c4a54cdecc67,3855,7
cpp,stream,document,100,48,capnproto,1.0.x,888,845,392,1733,1126126.126126,1183431.952663,577034.045009,0,1.0,schema,native,1,c4a54cdecc67,3856,8
cpp,stream,document,100,48,thrift,TBinaryProtocol,966,418,324,1384,1035196.687371,2392344.497608,722543.352601,0,1.0,schema,adapted,1,c4a54cdecc67,3857,9
cpp,stream,document,100,48,yas,7.x,443,385,274,828,2257336.343115,2597402.597403,1207729.468599,0,1.0,struct,adapted,1,c4a54cdecc67,3858,10
cpp,stream,document,100,48,jsoncons_msgpack,0.177.0,2973,18535,332,21508,336360.578540,53951.982735,46494.327692,0,1.0,dom,native,1,c4a54cdecc67,3859,11
cpp,stream,document,100,48,jsoncons_cbor,0.177.0,3424,17929,338,21353,292056.074766,55775.559150,46831.826910,0,1.0,dom,native,1,c4a54cdecc67,3860,12
cpp,stream,document,100,48,protobuf-wire,wire-v2,1736,829,164,2565,576036.866359,1206272.617612,389863.547758,0,1.0,schema,adapted,1,c4a54cdecc67,3861,13
cpp,stream,document,100,48,simdjson,3.10.1,183,9341,458,9524,5464480.874317,107054.919174,104997.900042,0,1.0,dom,adapted,1,c4a54cdecc67,3862,14
cpp,stream,document,100,48,cereal,1.3.2,796,1138,267,1934,1256281.407035,878734.622144,517063.081696,0,1.0,struct,native,1,c4a54cdecc67,3863,15
cpp,stream,document,100,48,zpp_bits,4.4.25,770,358,227,1128,1298701.298701,2793296.089385,886524.822695,0,1.0,struct,adapted,1,c4a54cdecc67,3864,16
cpp,stream,document,100,48,nlohmann_json,3.11.3,3713,9090,458,12803,269323.996768,110011.001100,78106.693744,0,1.0,struct,native,1,c4a54cdecc67,3865,17
cpp,stream,document,100,48,avro_c,avro-c,2822,4082,125,6904,354358.610914,244977.951984,144843.568946,0,1.0,schema,adapted,1,c4a54cdecc67,3866,18
cpp,stream,document,100,48,arduinojson,7.2.1,5715,16387,458,22102,174978.127734,61023.982425,45244.774229,0,1.0,dom,native,1,c4a54cdecc67,3867,19
cpp,stream,document,100,48,bitsery,5.2.4,280,403,190,683,3571428.571429,2481389.578164,1464128.843338,0,1.0,struct,adapted,1,c4a54cdecc67,3868,20
cpp,stream,document,100,48,rapidjson,1.1.0,4736,18181,458,22917,211148.648649,55002.475111,43635.728935,0,1.0,dom,native,1,c4a54cdecc67,3869,21
cpp,stream,document,100,48,nlohmann_cbor,3.11.3,2904,9660,338,12564,344352.617080,103519.668737,79592.486469,0,1.0,dom,native,1,c4a54cdecc67,3870,22
cpp,stream,document,100,48,nlohmann_ubjson,3.11.3,2710,8423,409,11133,369003.690037,118722.545411,89823.048594,0,1.0,dom,native,1,c4a54cdecc67,3871,23
cpp,stream,document,100,48,jsoncons_bson,0.177.0,9309,18465,502,27774,107422.924052,54156.512321,36004.896666,0,1.0,dom,native,1,c4a54cdecc67,3872,24
cpp,stream,document,100,48,avro,binary-1.11,610,915,125,1525,1639344.262295,1092896.174863,655737.704918,0,1.0,schema,adapted,1,c4a54cdecc67,3873,25
cpp,stream,document,100,49,nlohmann_json,3.11.3,3589,9146,458,12735,278629.144609,109337.415264,78523.753435,0,1.0,struct,native,1,c4a54cdecc67,3874,0
cpp,stream,document,100,49,avro,binary-1.11,393,338,125,731,2544529.262087,2958579.881657,1367989.056088,0,1.0,schema,adapted,1,c4a54cdecc67,3875,1
cpp,stream,document,100,49,nlohmann_bson,3.11.3,3236,9113,502,12349,309023.485785,109733.347964,80978.216860,0,1.0,dom,native,1,c4a54cdecc67,3876,2
cpp,stream,document,100,49,flexbuffers,flatbuffers-flex,4619,5943,467,10562,216497.077289,168265.185933,94679.038061,0,1.0,dom,adapted,1,c4a54cdecc67,3877,3
cpp,stream,document,100,49,nlohmann_ubjson,3.11.3,2775,8422,409,11197,360360.360360,118736.642128,89309.636510,0,1.0,dom,native,1,c4a54cdecc67,3878,4
cpp,stream,document,100,49,yas,7.x,1678,431,274,2109,595947.556615,2320185.614849,474158.368895,0,1.0,struct,adapted,1,c4a54cdecc67,3879,5
cpp,stream,document,100,49,protobuf-wire,wire-v2,1716,837,164,2553,582750.582751,1194743.130227,391696.043870,0,1.0,schema,adapted,1,c4a54cdecc67,3880,6
cpp,stream,document,100,49,nlohmann_cbor,3.11.3,2795,8507,338,11302,357781.753131,117550.252733,88479.915059,0,1.0,dom,native,1,c4a54cdecc67,3881,7
cpp,stream,document,100,49,thrift,TBinaryProtocol,861,522,324,1383,1161440.185830,1915708.812261,723065.798988,0,1.0,schema,adapted,1,c4a54cdecc67,3882,8
cpp,stream,document,100,49,msgpack,msgpack-cxx,1183,2621,332,3804,845308.537616,381533.765738,262881.177708,0,1.0,struct,native,1,c4a54cdecc67,3883,9
cpp,stream,document,100,49,arduinojson,7.2.1,5560,15403,458,20963,179856.115108,64922.417711,47703.095931,0,1.0,dom,native,1,c4a54cdecc67,3884,10
cpp,stream,document,100,49,cista,0.15,365,978,328,1343,2739726.027397,1022494.887526,744601.638124,0,1.0,archive,adapted,1,c4a54cdecc67,3885,11
cpp,stream,document,100,49,simdjson,3.10.1,181,10052,458,10233,5524861.878453,99482.690012,97723.052868,0,1.0,dom,adapted,1,c4a54cdecc67,3886,12
cpp,stream,document,100,49,jsoncons_msgpack,0.177.0,3340,18498,332,21838,299401.197605,54059.898367,45791.739170,0,1.0,dom,native,1,c4a54cdecc67,3887,13
cpp,stream,document,100,49,yyjson,0.10.0,1219,9427,458,10646,820344.544709,106078.285775,93931.993237,0,1.0,dom,adapted,1,c4a54cdecc67,3888,14
cpp,stream,document,100,49,zpp_bits,4.4.25,916,525,227,1441,1091703.056769,1904761.904762,693962.526024,0,1.0,struct,adapted,1,c4a54cdecc67,3889,15
cpp,stream,document,100,49,avro_c,avro-c,2574,3050,125,5624,388500.388500,327868.852459,177809.388336,0,1.0,schema,adapted,1,c4a54cdecc67,3890,16
cpp,stream,document,100,49,custom_binary,harness,887,399,223,1286,1127395.715896,2506265.664160,777604.976672,0,1.0,struct,adapted,1,c4a54cdecc67,3891,17
cpp,stream,document,100,49,nlohmann_msgpack,3.11.3,3027,9000,332,12027,330360.092501,111111.111111,83146.254261,0,1.0,dom,native,1,c4a54cdecc67,3892,18
cpp,stream,document,100,49,cereal,1.3.2,962,1054,267,2016,1039501.039501,948766.603416,496031.746032,0,1.0,struct,native,1,c4a54cdecc67,3893,19
cpp,stream,document,100,49,bitsery,5.2.4,235,405,190,640,4255319.148936,2469135.802469,1562500.000000,0,1.0,struct,adapted,1,c4a54cdecc67,3894,20
cpp,stream,document,100,49,capnproto,1.0.x,2284,968,392,3252,437828.371278,1033057.851240,307503.075031,0,1.0,schema,native,1,c4a54cdecc67,3895,21
cpp,stream,document,100,49,jsoncons_bson,0.177.0,3887,18359,502,22246,257267.815796,54469.197669,44951.901465,0,1.0,dom,native,1,c4a54cdecc67,3896,22
cpp,stream,document,100,49,rapidjson,1.1.0,4906,19254,458,24160,203832.042397,51937.259790,41390.728477,0,1.0,dom,native,1,c4a54cdecc67,3897,23
cpp,stream,document,100,49,jsoncons_cbor,0.177.0,3035,19401,338,22436,329489.291598,51543.734859,44571.224817,0,1.0,dom,native,1,c4a54cdecc67,3898,24
cpp,stream,document,100,49,flatbuffers,flatbuffers,967,959,188,1926,1034126.163392,1042752.867570,519210.799585,0,1.0,schema,adapted,1,c4a54cdecc67,3899,25
cpp,stream,document,100,50,jsoncons_bson,0.177.0,3576,16467,502,20043,279642.058166,60727.515637,49892.730629,0,1.0,dom,native,1,c4a54cdecc67,3900,0
cpp,stream,document,100,50,nlohmann_msgpack,3.11.3,2929,8699,332,11628,341413.451690,114955.742039,85999.312006,0,1.0,dom,native,1,c4a54cdecc67,3901,1
cpp,stream,document,100,50,nlohmann_json,3.11.3,3739,9274,458,13013,267451.190158,107828.337287,76846.230692,0,1.0,struct,native,1,c4a54cdecc67,3902,2
cpp,stream,document,100,50,flatbuffers,flatbuffers,1523,797,188,2320,656598.818122,1254705.144291,431034.482759,0,1.0,schema,adapted,1,c4a54cdecc67,3903,3
cpp,stream,document,100,50,avro_c,avro-c,2447,2927,125,5374,408663.669800,341646.737274,186081.131373,0,1.0,schema,adapted,1,c4a54cdecc67,3904,4
cpp,stream,document,100,50,jsoncons_msgpack,0.177.0,2819,17701,332,20520,354735.721887,56493.983391,48732.943470,0,1.0,dom,native,1,c4a54cdecc67,3905,5
cpp,stream,document,100,50,protobuf-wire,wire-v2,1532,721,164,2253,652741.514360,1386962.552011,443852.640923,0,1.0,schema,adapted,1,c4a54cdecc67,3906,6
cpp,stream,document,100,50,yyjson,0.10.0,1248,9504,458,10752,801282.051282,105218.855219,93005.952381,0,1.0,dom,adapted,1,c4a54cdecc67,3907,7
cpp,stream,document,100,50,capnproto,1.0.x,1163,835,392,1998,859845.227859,1197604.790419,500500.500501,0,1.0,schema,native,1,c4a54cdecc67,3908,8
cpp,stream,document,100,50,arduinojson,7.2.1,5632,15640,458,21272,177556.818182,63938.618926,47010.154193,0,1.0,dom,native,1,c4a54cdecc67,3909,9
cpp,stream,document,100,50,yas,7.x,1335,558,274,1893,749063.670412,1792114.695341,528262.017961,0,1.0,struct,adapted,1,c4a54cdecc67,3910,10
cpp,stream,document,100,50,flexbuffers,flatbuffers-flex,4376,6389,467,10765,228519.195612,156519.017061,92893.636786,0,1.0,dom,adapted,1,c4a54cdecc67,3911,11
cpp,stream,document,100,50,msgpack,msgpack-cxx,1171,2150,332,3321,853970.964987,465116.279070,301114.122252,0,1.0,struct,native,1,c4a54cdecc67,3912,12
cpp,stream,document,100,50,jsoncons_cbor,0.177.0,2857,18704,338,21561,350017.500875,53464.499572,46380.038032,0,1.0,dom,native,1,c4a54cdecc67,3913,13
cpp,stream,document,100,50,bitsery,5.2.4,225,338,190,563,4444444.444444,2958579.881657,1776198.934281,0,1.0,struct,adapted,1,c4a54cdecc67,3914,14
cpp,stream,document,100,50,rapidjson,1.1.0,4625,18403,458,23028,216216.216216,54338.966473,43425.395171,0,1.0,dom,native,1,c4a54cdecc67,3915,15
cpp,stream,document,100,50,avro,binary-1.11,570,490,125,1060,1754385.964912,2040816.326531,943396.226415,0,1.0,schema,adapted,1,c4a54cdecc67,3916,16
cpp,stream,document,100,50,simdjson,3.10.1,182,9728,458,9910,5494505.494505,102796.052632,100908.173562,0,1.0,dom,adapted,1,c4a54cdecc67,3917,17
cpp,stream,document,100,50,cereal,1.3.2,749,1081,267,1830,1335113.484646,925069.380204,546448.087432,0,1.0,struct,native,1,c4a54cdecc67,3918,18
cpp,stream,document,100,50,zpp_bits,4.4.25,693,409,227,1102,1443001.443001,2444987.775061,907441.016334,0,1.0,struct,adapted,1,c4a54cdecc67,3919,19
cpp,stream,document,100,50,custom_binary,harness,826,484,223,1310,1210653.753027,2066115.702479,763358.778626,0,1.0,struct,adapted,1,c4a54cdecc67,3920,20
cpp,stream,document,100,50,nlohmann_bson,3.11.3,3514,8931,502,12445,284575.981787,111969.544284,80353.555645,0,1.0,dom,native,1,c4a54cdecc67,3921,21
cpp,stream,document,100,50,thrift,TBinaryProtocol,961,558,324,1519,1040582.726327,1792114.695341,658327.847268,0,1.0,schema,adapted,1,c4a54cdecc67,3922,22
cpp,stream,document,100,50,cista,0.15,376,968,328,1344,2659574.468085,1033057.851240,744047.619048,0,1.0,archive,adapted,1,c4a54cdecc67,3923,23
cpp,stream,document,100,50,nlohmann_cbor,3.11.3,2899,7619,338,10518,344946.533287,131250.820318,95075.109336,0,1.0,dom,native,1,c4a54cdecc67,3924,24
cpp,stream,document,100,50,nlohmann_ubjson,3.11.3,3429,8874,409,12303,291630.212890,112688.753662,81280.988377,0,1.0,dom,native,1,c4a54cdecc67,3925,25
cpp,stream,document,100,51,yas,7.x,1586,413,274,1999,630517.023960,2421307.506053,500250.125063,0,1.0,struct,adapted,1,c4a54cdecc67,3926,0
cpp,stream,document,100,51,protobuf-wire,wire-v2,1457,789,164,2246,686341.798216,1267427.122940,445235.975067,0,1.0,schema,adapted,1,c4a54cdecc67,3927,1
cpp,stream,document,100,51,bitsery,5.2.4,235,413,190,648,4255319.148936,2421307.506053,1543209.876543,0,1.0,struct,adapted,1,c4a54cdecc67,3928,2
cpp,stream,document,100,51,capnproto,1.0.x,957,894,392,1851,1044932.079415,1118568.232662,540248.514317,0,1.0,schema,native,1,c4a54cdecc67,3929,3
cpp,stream,document,100,51,msgpack,msgpack-cxx,1123,1471,332,2594,890471.950134,679809.653297,385505.011565,0,1.0,struct,native,1,c4a54cdecc67,3930,4
cpp,stream,document,100,51,thrift,TBinaryProtocol,715,377,324,1092,1398601.398601,2652519.893899,915750.915751,0,1.0,schema,adapted,1,c4a54cdecc67,3931,5
cpp,stream,document,100,51,rapidjson,1.1.0,4551,18410,458,22961,219731.927049,54318.305269,43552.110100,0,1.0,dom,native,1,c4a54cdecc67,3932,6
cpp,stream,document,100,51,custom_binary,harness,786,335,223,1121,1272264.631043,2985074.626866,892060.660125,0,1.0,struct,adapted,1,c4a54cdecc67,3933,7
cpp,stream,document,100,51,nlohmann_ubjson,3.11.3,2771,10766,409,13537,360880.548538,92885.008360,73871.611140,0,1.0,dom,native,1,c4a54cdecc67,3934,8
cpp,stream,document,100,51,avro_c,avro-c,2577,3151,125,5728,388048.117967,317359.568391,174581.005587,0,1.0,schema,adapted,1,c4a54cdecc67,3935,9
cpp,stream,document,100,51,yyjson,0.10.0,1765,9080,458,10845,566572.237960,110132.158590,92208.390964,0,1.0,dom,adapted,1,c4a54cdecc67,3936,10
cpp,stream,document,100,51,jsoncons_msgpack,0.177.0,3442,18575,332,22017,290528.762347,53835.800808,45419.448608,0,1.0,dom,native,1,c4a54cdecc67,3937,11
cpp,stream,document,100,51,nlohmann_json,3.11.3,3676,8916,458,12592,272034.820457,112157.918349,79415.501906,0,1.0,struct,native,1,c4a54cdecc67,3938,12
cpp,stream,document,100,51,zpp_bits,4.4.25,613,341,227,954,1631321.370310,2932551.319648,1048218.029350,0,1.0,struct,adapted,1,c4a54cdecc67,3939,13
cpp,stream,document,100,51,nlohmann_msgpack,3.11.3,2885,8564,332,11449,346620.450607,116767.865483,87343.872827,0,1.0,dom,native,1,c4a54cdecc67,3940,14
cpp,stream,document,100,51,jsoncons_bson,0.177.0,4726,17139,502,21865,211595.429539,58346.461287,45735.193231,0,1.0,dom,native,1,c4a54cdecc67,3941,15
cpp,stream,document,100,51,simdjson,3.10.1,188,8867,458,9055,5319148.936170,112777.715123,110436.223081,0,1.0,dom,adapted,1,c4a54cdecc67,3942,16
cpp,stream,document,100,51,cista,0.15,371,1004,328,1375,2695417.789757,996015.936255,727272.727273,0,1.0,archive,adapted,1,c4a54cdecc67,3943,17
cpp,stream,document,100,51,cereal,1.3.2,793,952,267,1745,1261034.047919,1050420.168067,573065.902579,0,1.0,struct,native,1,c4a54cdecc67,3944,18
cpp,stream,document,100,51,nlohmann_cbor,3.11.3,2999,8073,338,11072,333444.481494,123869.689087,90317.919075,0,1.0,dom,native,1,c4a54cdecc67,3945,19
cpp,stream,document,100,51,arduinojson,7.2.1,6030,15612,458,21642,165837.479270,64053.292339,46206.450420,0,1.0,dom,native,1,c4a54cdecc67,3946,20
cpp,stream,document,100,51,flatbuffers,flatbuffers,1053,866,188,1919,949667.616334,1154734.411085,521104.742053,0,1.0,schema,adapted,1,c4a54cdecc67,3947,21
cpp,stream,document,100,51,nlohmann_bson,3.11.3,3288,8544,502,11832,304136.253041,117041.198502,84516.565247,0,1.0,dom,native,1,c4a54cdecc67,3948,22
cpp,stream,document,100,51,flexbuffers,flatbuffers-flex,4613,5605,467,10218,216778.668979,178412.132025,97866.510080,0,1.0,dom,adapted,1,c4a54cdecc67,3949,23
cpp,stream,document,100,51,jsoncons_cbor,0.177.0,3754,19196,338,22950,266382.525306,52094.186289,43572.984749,0,1.0,dom,native,1,c4a54cdecc67,3950,24
cpp,stream,document,100,51,avro,binary-1.11,518,580,125,1098,1930501.930502,1724137.931034,910746.812386,0,1.0,schema,adapted,1,c4a54cdecc67,3951,25
cpp,stream,document,100,52,nlohmann_ubjson,3.11.3,3025,9499,409,12524,330578.512397,105274.239394,79846.694347,0,1.0,dom,native,1,c4a54cdecc67,3952,0
cpp,stream,document,100,52,msgpack,msgpack-cxx,1176,2773,332,3949,850340.136054,360620.266859,253228.665485,0,1.0,struct,native,1,c4a54cdecc67,3953,1
cpp,stream,document,100,52,custom_binary,harness,895,398,223,1293,1117318.435754,2512562.814070,773395.204950,0,1.0,struct,adapted,1,c4a54cdecc67,3954,2
cpp,stream,document,100,52,yyjson,0.10.0,741,10413,458,11154,1349527.665317,96033.803899,89653.935808,0,1.0,dom,adapted,1,c4a54cdecc67,3955,3
cpp,stream,document,100,52,cereal,1.3.2,858,908,267,1766,1165501.165501,1101321.585903,566251.415629,0,1.0,struct,native,1,c4a54cdecc67,3956,4
cpp,stream,document,100,52,jsoncons_msgpack,0.177.0,3279,17902,332,21181,304971.027752,55859.680483,47212.124073,0,1.0,dom,native,1,c4a54cdecc67,3957,5
cpp,stream,document,100,52,bitsery,5.2.4,282,348,190,630,3546099.290780,2873563.218391,1587301.587302,0,1.0,struct,adapted,1,c4a54cdecc67,3958,6
cpp,stream,document,100,52,capnproto,1.0.x,1287,827,392,2114,777000.777001,1209189.842805,473036.896878,0,1.0,schema,native,1,c4a54cdecc67,3959,7
cpp,stream,document,100,52,avro_c,avro-c,2490,2835,125,5325,401606.425703,352733.686067,187793.427230,0,1.0,schema,adapted,1,c4a54cdecc67,3960,8
cpp,stream,document,100,52,nlohmann_msgpack,3.11.3,3136,8838,332,11974,318877.551020,113147.770989,83514.280942,0,1.0,dom,native,1,c4a54cdecc67,3961,9
cpp,stream,document,100,52,avro,binary-1.11,584,635,125,1219,1712328.767123,1574803.149606,820344.544709,0,1.0,schema,adapted,1,c4a54cdecc67,3962,10
cpp,stream,document,100,52,nlohmann_json,3.11.3,3929,9575,458,13504,254517.688979,104438.642298,74052.132701,0,1.0,struct,native,1,c4a54cdecc67,3963,11
cpp,stream,document,100,52,nlohmann_cbor,3.11.3,2982,7627,338,10609,335345.405768,131113.150649,94259.590913,0,1.0,dom,native,1,c4a54cdecc67,3964,12
cpp,stream,document,100,52,flexbuffers,flatbuffers-flex,8085,5763,467,13848,123685.837972,173520.735728,72212.593876,0,1.0,dom,adapted,1,c4a54cdecc67,3965,13
cpp,stream,document,100,52,thrift,TBinaryProtocol,899,529,324,1428,1112347.052280,1890359.168242,700280.112045,0,1.0,schema,adapted,1,c4a54cdecc67,3966,14
cpp,stream,document,100,52,nlohmann_bson,3.11.3,3256,7960,502,11216,307125.307125,125628.140704,89158.345221,0,1.0,dom,native,1,c4a54cdecc67,3967,15
cpp,stream,document,100,52,simdjson,3.10.1,178,9810,458,9988,5617977.528090,101936.799185,100120.144173,0,1.0,dom,adapted,1,c4a54cdecc67,3968,16
cpp,stream,document,100,52,protobuf-wire,wire-v2,1710,891,164,2601,584795.321637,1122334.455668,384467.512495,0,1.0,schema,adapted,1,c4a54cdecc67,3969,17
cpp,stream,document,100,52,flatbuffers,flatbuffers,1355,710,188,2065,738007.380074,1408450.704225,484261.501211,0,1.0,schema,adapted,1,c4a54cdecc67,3970,18
cpp,stream,document,100,52,jsoncons_bson,0.177.0,3613,17288,502,20901,276778.300581,57843.590930,47844.600737,0,1.0,dom,native,1,c4a54cdecc67,3971,19
cpp,stream,document,100,52,cista,0.15,361,1047,328,1408,2770083.102493,955109.837631,710227.272727,0,1.0,archive,adapted,1,c4a54cdecc67,3972,20
cpp,stream,document,100,52,zpp_bits,4.4.25,737,562,227,1299,1356852.103121,1779359.430605,769822.940724,0,1.0,struct,adapted,1,c4a54cdecc67,3973,21
cpp,stream,document,100,52,jsoncons_cbor,0.177.0,3313,18823,338,22136,301841.231512,53126.494183,45175.280087,0,1.0,dom,native,1,c4a54cdecc67,3974,22
cpp,stream,document,100,52,rapidjson,1.1.0,4886,19335,458,24221,204666.393778,51719.679338,41286.486933,0,1.0,dom,native,1,c4a54cdecc67,3975,23
cpp,stream,document,100,52,yas,7.x,842,508,274,1350,1187648.456057,1968503.937008,740740.740741,0,1.0,struct,adapted,1,c4a54cdecc67,3976,24
cpp,stream,document,100,52,arduinojson,7.2.1,5662,13973,458,19635,176616.036736,71566.592715,50929.462694,0,1.0,dom,native,1,c4a54cdecc67,3977,25
cpp,stream,document,100,53,capnproto,1.0.x,1793,857,392,2650,557724.484105,1166861.143524,377358.490566,0,1.0,schema,native,1,c4a54cdecc67,3978,0
cpp,stream,document,100,53,bitsery,5.2.4,296,356,190,652,3378378.378378,2808988.764045,1533742.331288,0,1.0,struct,adapted,1,c4a54cdecc67,3979,1
cpp,stream,document,100,53,thrift,TBinaryProtocol,872,438,324,1310,1146788.990826,2283105.022831,763358.778626,0,1.0,schema,adapted,1,c4a54cdecc67,3980,2
cpp,stream,document,100,53,jsoncons_bson,0.177.0,3543,17205,502,20748,282246.683601,58122.638768,48197.416618,0,1.0,dom,native,1,c4a54cdecc67,3981,3
cpp,stream,document,100,53,arduinojson,7.2.1,5271,14579,458,19850,189717.321191,68591.810138,50377.833753,0,1.0,dom,native,1,c4a54cdecc67,3982,4
cpp,stream,document,100,53,yyjson,0.10.0,1477,9029,458,10506,677048.070413,110754.236350,95183.704550,0,1.0,dom,adapted,1,c4a54cdecc67,3983,5
cpp,stream,document,100,53,nlohmann_bson,3.11.3,3163,27979,502,31142,316155.548530,35741.091533,32110.975531,0,1.0,dom,native,1,c4a54cdecc67,3984,6
cpp,stream,document,100,53,msgpack,msgpack-cxx,1255,3205,332,4460,796812.749004,312012.480499,224215.246637,0,1.0,struct,native,1,c4a54cdecc67,3985,7
cpp,stream,document,100,53,nlohmann_ubjson,3.11.3,2897,10878,409,13775,345184.673800,91928.663357,72595.281307,0,1.0,dom,native,1,c4a54cdecc67,3986,8
cpp,stream,document,100,53,jsoncons_cbor,0.177.0,4229,21321,338,25550,236462.520690,46902.115285,39138.943249,0,1.0,dom,native,1,c4a54cdecc67,3987,9
cpp,stream,document,100,53,cereal,1.3.2,873,1127,267,2000,1145475.372279,887311.446318,500000.000000,0,1.0,struct,native,1,c4a54cdecc67,3988,10
cpp,stream,document,100,53,nlohmann_msgpack,3.11.3,3116,8376,332,11492,320924.261874,119388.729704,87017.055343,0,1.0,dom,native,1,c4a54cdecc67,3989,11
cpp,stream,document,100,53,flatbuffers,flatbuffers,1312,1151,188,2463,762195.121951,868809.730669,406008.932197,0,1.0,schema,adapted,1,c4a54cdecc67,3990,12
cpp,stream,document,100,53,avro_c,avro-c,2989,3648,125,6637,334560.053530,274122.807018,150670.483652,0,1.0,schema,adapted,1,c4a54cdecc67,3991,13
cpp,stream,document,100,53,zpp_bits,4.4.25,729,444,227,1173,1371742.112483,2252252.252252,852514.919011,0,1.0,struct,adapted,1,c4a54cdecc67,3992,14
cpp,stream,document,100,53,flexbuffers,flatbuffers-flex,5529,6989,467,12518,180864.532465,143081.985978,79884.965649,0,1.0,dom,adapted,1,c4a54cdecc67,3993,15
cpp,stream,document,100,53,jsoncons_msgpack,0.177.0,3988,19390,332,23378,250752.256770,51572.975761,42775.258790,0,1.0,dom,native,1,c4a54cdecc67,3994,16
cpp,stream,document,100,53,yas,7.x,1033,556,274,1589,968054.211036,1798561.151079,629326.620516,0,1.0,struct,adapted,1,c4a54cdecc67,3995,17
cpp,stream,document,100,53,cista,0.15,450,1242,328,1692,2222222.222222,805152.979066,591016.548463,0,1.0,archive,adapted,1,c4a54cdecc67,3996,18
cpp,stream,document,100,53,nlohmann_cbor,3.11.3,3241,9261,338,12502,308546.744832,107979.699816,79987.202048,0,1.0,dom,native,1,c4a54cdecc67,3997,19
cpp,stream,document,100,53,rapidjson,1.1.0,5125,21114,458,26239,195121.951220,47361.939945,38111.208506,0,1.0,dom,native,1,c4a54cdecc67,3998,20
cpp,stream,document,100,53,simdjson,3.10.1,198,11093,458,11291,5050505.050505,90146.939511,88566.114605,0,1.0,dom,adapted,1,c4a54cdecc67,3999,21
cpp,stream,document,100,53,custom_binary,harness,1417,944,223,2361,705716.302047,1059322.033898,423549.343499,0,1.0,struct,adapted,1,c4a54cdecc67,4000,22
cpp,stream,document,100,53,avro,binary-1.11,1012,679,125,1691,988142.292490,1472754.050074,591366.055588,0,1.0,schema,adapted,1,c4a54cdecc67,4001,23
cpp,stream,document,100,53,nlohmann_json,3.11.3,3988,9910,458,13898,250752.256770,100908.173562,71952.798964,0,1.0,struct,native,1,c4a54cdecc67,4002,24
cpp,stream,document,100,53,protobuf-wire,wire-v2,1940,912,164,2852,515463.917526,1096491.228070,350631.136045,0,1.0,schema,adapted,1,c4a54cdecc67,4003,25
cpp,stream,document,100,54,flexbuffers,flatbuffers-flex,4582,6078,467,10660,218245.307726,164527.805199,93808.630394,0,1.0,dom,adapted,1,c4a54cdecc67,4004,0
cpp,stream,document,100,54,yyjson,0.10.0,1523,10322,458,11845,656598.818122,96880.449525,84423.807514,0,1.0,dom,adapted,1,c4a54cdecc67,4005,1
cpp,stream,document,100,54,arduinojson,7.2.1,5718,17332,458,23050,174886.323889,57696.745904,43383.947939,0,1.0,dom,native,1,c4a54cdecc67,4006,2
cpp,stream,document,100,54,cista,0.15,381,904,328,1285,2624671.916010,1106194.690265,778210.116732,0,1.0,archive,adapted,1,c4a54cdecc67,4007,3
cpp,stream,document,100,54,jsoncons_bson,0.177.0,4994,19052,502,24046,200240.288346,52487.927777,41586.958330,0,1.0,dom,native,1,c4a54cdecc67,4008,4
cpp,stream,document,100,54,yas,7.x,1016,451,274,1467,984251.968504,2217294.900222,681663.258350,0,1.0,struct,adapted,1,c4a54cdecc67,4009,5
cpp,stream,document,100,54,nlohmann_bson,3.11.3,3424,9243,502,12667,292056.074766,108189.981608,78945.290913,0,1.0,dom,native,1,c4a54cdecc67,4010,6
cpp,stream,document,100,54,simdjson,3.10.1,174,9265,458,9439,5747126.436782,107933.081489,105943.426210,0,1.0,dom,adapted,1,c4a54cdecc67,4011,7
cpp,stream,document,100,54,custom_binary,harness,945,406,223,1351,1058201.058201,2463054.187192,740192.450037,0,1.0,struct,adapted,1,c4a54cdecc67,4012,8
cpp,stream,document,100,54,thrift,TBinaryProtocol,1274,816,324,2090,784929.356358,1225490.196078,478468.899522,0,1.0,schema,adapted,1,c4a54cdecc67,4013,9
cpp,stream,document,100,54,capnproto,1.0.x,2213,1052,392,3265,451875.282422,950570.342205,306278.713629,0,1.0,schema,native,1,c4a54cdecc67,4014,10
cpp,stream,document,100,54,jsoncons_cbor,0.177.0,2995,19293,338,22288,333889.816361,51832.270772,44867.193108,0,1.0,dom,native,1,c4a54cdecc67,4015,11
cpp,stream,document,100,54,zpp_bits,4.4.25,699,436,227,1135,1430615.164521,2293577.981651,881057.268722,0,1.0,struct,adapted,1,c4a54cdecc67,4016,12
cpp,stream,document,100,54,avro,binary-1.11,654,527,125,1181,1529051.987768,1897533.206831,846740.050804,0,1.0,schema,adapted,1,c4a54cdecc67,4017,13
cpp,stream,document,100,54,bitsery,5.2.4,313,482,190,795,3194888.178914,2074688.796680,1257861.635220,0,1.0,struct,adapted,1,c4a54cdecc67,4018,14
cpp,stream,document,100,54,nlohmann_cbor,3.11.3,2982,9138,338,12120,335345.405768,109433.136354,82508.250825,0,1.0,dom,native,1,c4a54cdecc67,4019,15
cpp,stream,document,100,54,msgpack,msgpack-cxx,1275,2711,332,3986,784313.725490,368867.576540,250878.073256,0,1.0,struct,native,1,c4a54cdecc67,4020,16
cpp,stream,document,100,54,cereal,1.3.2,963,1095,267,2058,1038421.599169,913242.009132,485908.649174,0,1.0,struct,native,1,c4a54cdecc67,4021,17
cpp,stream,document,100,54,nlohmann_json,3.11.3,3852,10083,458,13935,259605.399792,99176.832292,71761.750987,0,1.0,struct,native,1,c4a54cdecc67,4022,18
cpp,stream,document,100,54,nlohmann_msgpack,3.11.3,2897,8961,332,11858,345184.673800,111594.688093,84331.253162,0,1.0,dom,native,1,c4a54cdecc67,4023,19
cpp,stream,document,100,54,nlohmann_ubjson,3.11.3,2901,9127,409,12028,344708.721131,109565.026843,83139.341536,0,1.0,dom,native,1,c4a54cdecc67,4024,20
cpp,stream,document,100,54,protobuf-wire,wire-v2,1784,890,164,2674,560538.116592,1123595.505618,373971.578160,0,1.0,schema,adapted,1,c4a54cdecc67,4025,21
cpp,stream,document,100,54,flatbuffers,flatbuffers,1283,724,188,2007,779423.226812,1381215.469613,498256.103637,0,1.0,schema,adapted,1,c4a54cdecc67,4026,22
cpp,stream,document,100,54,jsoncons_msgpack,0.177.0,3218,18802,332,22020,310752.019888,53185.831295,45413.260672,0,1.0,dom,native,1,c4a54cdecc67,4027,23
cpp,stream,document,100,54,avro_c,avro-c,2950,3196,125,6146,338983.050847,312891.113892,162707.452001,0,1.0,schema,adapted,1,c4a54cdecc67,4028,24
cpp,stream,document,100,54,rapidjson,1.1.0,4857,19387,458,24244,205888.408483,51580.956311,41247.318924,0,1.0,dom,native,1,c4a54cdecc67,4029,25
cpp,stream,document,100,55,nlohmann_msgpack,3.11.3,2778,8898,332,11676,359971.202304,112384.805574,85645.769099,0,1.0,dom,native,1,c4a54cdecc67,4030,0
cpp,stream,document,100,55,jsoncons_bson,0.177.0,4712,19113,502,23825,212224.108659,52320.410192,41972.717733,0,1.0,dom,native,1,c4a54cdecc67,4031,1
cpp,stream,document,100,55,cista,0.15,504,957,328,1461,1984126.984127,1044932.079415,684462.696783,0,1.0,archive,adapted,1,c4a54cdecc67,4032,2
cpp,stream,document,100,55,nlohmann_bson,3.11.3,3326,9521,502,12847,300661.455201,105030.984140,77839.184245,0,1.0,dom,native,1,c4a54cdecc67,4033,3
cpp,stream,document,100,55,flexbuffers,flatbuffers-flex,4815,6085,467,10900,207684.319834,164338.537387,91743.119266,0,1.0,dom,adapted,1,c4a54cdecc67,4034,4
cpp,stream,document,100,55,zpp_bits,4.4.25,701,399,227,1100,1426533.523538,2506265.664160,909090.909091,0,1.0,struct,adapted,1,c4a54cdecc67,4035,5
cpp,stream,document,100,55,thrift,TBinaryProtocol,1099,676,324,1775,909918.107370,1479289.940828,563380.281690,0,1.0,schema,adapted,1,c4a54cdecc67,4036,6
cpp,stream,document,100,55,arduinojson,7.2.1,5620,16691,458,22311,177935.943060,59912.527710,44820.940343,0,1.0,dom,native,1,c4a54cdecc67,4037,7
cpp,stream,document,100,55,jsoncons_cbor,0.177.0,3576,20782,338,24358,279642.058166,48118.564142,41054.273750,0,1.0,dom,native,1,c4a54cdecc67,4038,8
cpp,stream,document,100,55,capnproto,1.0.x,1516,964,392,2480,659630.606860,1037344.398340,403225.806452,0,1.0,schema,native,1,c4a54cdecc67,4039,9
cpp,stream,document,100,55,protobuf-wire,wire-v2,1968,904,164,2872,508130.081301,1106194.690265,348189.415042,0,1.0,schema,adapted,1,c4a54cdecc67,4040,10
cpp,stream,document,100,55,rapidjson,1.1.0,4737,18552,458,23289,211104.074309,53902.544200,42938.726437,0,1.0,dom,native,1,c4a54cdecc67,4041,11
cpp,stream,document,100,55,bitsery,5.2.4,317,375,190,692,3154574.132492,2666666.666667,1445086.705202,0,1.0,struct,adapted,1,c4a54cdecc67,4042,12
cpp,stream,document,100,55,simdjson,3.10.1,179,10965,458,11144,5586592.178771,91199.270406,89734.386217,0,1.0,dom,adapted,1,c4a54cdecc67,4043,13
cpp,stream,document,100,55,avro,binary-1.11,679,497,125,1176,1472754.050074,2012072.434608,850340.136054,0,1.0,schema,adapted,1,c4a54cdecc67,4044,14
cpp,stream,document,100,55,msgpack,msgpack-cxx,1200,2266,332,3466,833333.333333,441306.266549,288517.022504,0,1.0,struct,native,1,c4a54cdecc67,4045,15
cpp,stream,document,100,55,custom_binary,harness,843,383,223,1226,1186239.620403,2610966.057441,815660.685155,0,1.0,struct,adapted,1,c4a54cdecc67,4046,16
cpp,stream,document,100,55,yyjson,0.10.0,803,10464,458,11267,1245330.012453,95565.749235,88754.770569,0,1.0,dom,adapted,1,c4a54cdecc67,4047,17
cpp,stream,document,100,55,yas,7.x,990,477,274,1467,1010101.010101,2096436.058700,681663.258350,0,1.0,struct,adapted,1,c4a54cdecc67,4048,18
cpp,stream,document,100,55,nlohmann_ubjson,3.11.3,3736,10622,409,14358,267665.952891,94144.228959,69647.583229,0,1.0,dom,native,1,c4a54cdecc67,4049,19
cpp,stream,document,100,55,cereal,1.3.2,6406,1345,267,7751,156103.652825,743494.423792,129015.610889,0,1.0,struct,native,1,c4a54cdecc67,4050,20
cpp,stream,document,100,55,flatbuffers,flatbuffers,1277,877,188,2154,783085.356304,1140250.855188,464252.553389,0,1.0,schema,adapted,1,c4a54cdecc67,4051,21
cpp,stream,document,100,55,avro_c,avro-c,2624,3159,125,5783,381097.560976,316555.872111,172920.629431,0,1.0,schema,adapted,1,c4a54cdecc67,4052,22
cpp,stream,document,100,55,nlohmann_json,3.11.3,3706,10283,458,13989,269832.703724,97247.884859,71484.738008,0,1.0,struct,native,1,c4a54cdecc67,4053,23
cpp,stream,document,100,55,jsoncons_msgpack,0.177.0,3483,19858,332,23341,287108.814241,50357.538524,42843.065850,0,1.0,dom,native,1,c4a54cdecc67,4054,24
cpp,stream,document,100,55,nlohmann_cbor,3.11.3,2980,8611,338,11591,335570.469799,116130.530717,86273.833146,0,1.0,dom,native,1,c4a54cdecc67,4055,25
cpp,stream,document,100,56,avro,binary-1.11,531,677,125,1208,1883239.171375,1477104.874446,827814.569536,0,1.0,schema,adapted,1,c4a54cdecc67,4056,0
cpp,stream,document,100,56,nlohmann_ubjson,3.11.3,2726,9112,409,11838,366837.857667,109745.390694,84473.728670,0,1.0,dom,native,1,c4a54cdecc67,4057,1
cpp,stream,document,100,56,flatbuffers,flatbuffers,1425,858,188,2283,701754.385965,1165501.165501,438020.148927,0,1.0,schema,adapted,1,c4a54cdecc67,4058,2
cpp,stream,document,100,56,flexbuffers,flatbuffers-flex,4842,6045,467,10887,206526.228831,165425.971878,91852.668320,0,1.0,dom,adapted,1,c4a54cdecc67,4059,3
cpp,stream,document,100,56,msgpack,msgpack-cxx,1322,2048,332,3370,756429.652042,488281.250000,296735.905045,0,1.0,struct,native,1,c4a54cdecc67,4060,4
cpp,stream,document,100,56,yyjson,0.10.0,920,9883,458,10803,1086956.521739,101183.851057,92566.879570,0,1.0,dom,adapted,1,c4a54cdecc67,4061,5
cpp,stream,document,100,56,rapidjson,1.1.0,4666,19247,458,23913,214316.330904,51956.149010,41818.257851,0,1.0,dom,native,1,c4a54cdecc67,4062,6
cpp,stream,document,100,56,bitsery,5.2.4,291,433,190,724,3436426.116838,2309468.822171,1381215.469613,0,1.0,struct,adapted,1,c4a54cdecc67,4063,7
cpp,stream,document,100,56,cereal,1.3.2,876,940,267,1816,1141552.511416,1063829.787234,550660.792952,0,1.0,struct,native,1,c4a54cdecc67,4064,8
cpp,stream,document,100,56,jsoncons_cbor,0.177.0,3320,20058,338,23378,301204.819277,49855.419284,42775.258790,0,1.0,dom,native,1,c4a54cdecc67,4065,9
cpp,stream,document,100,56,nlohmann_msgpack,3.11.3,2998,11718,332,14716,333555.703803,85338.795016,67953.248165,0,1.0,dom,native,1,c4a54cdecc67,4066,10
cpp,stream,document,100,56,nlohmann_json,3.11.3,4777,11650,458,16427,209336.403601,85836.909871,60875.388081,0,1.0,struct,native,1,c4a54cdecc67,4067,11
cpp,stream,document,100,56,arduinojson,7.2.1,7624,22421,458,30045,131164.742917,44601.043664,33283.408221,0,1.0,dom,native,1,c4a54cdecc67,4068,12
cpp,stream,document,100,56,capnproto,1.0.x,2529,1449,392,3978,395413.206801,690131.124914,251382.604324,0,1.0,schema,native,1,c4a54cdecc67,4069,13
cpp,stream,document,100,56,custom_binary,harness,1289,631,223,1920,775795.190070,1584786.053883,520833.333333,0,1.0,struct,adapted,1,c4a54cdecc67,4070,14
cpp,stream,document,100,56,protobuf-wire,wire-v2,2138,1126,164,3264,467726.847521,888099.467140,306372.549020,0,1.0,schema,adapted,1,c4a54cdecc67,4071,15
cpp,stream,document,100,56,nlohmann_bson,3.11.3,4480,11832,502,16312,223214.285714,84516.565247,61304.561059,0,1.0,dom,native,1,c4a54cdecc67,4072,16
cpp,stream,document,100,56,jsoncons_msgpack,0.177.0,4421,24499,332,28920,226193.168966,40817.992571,34578.146611,0,1.0,dom,native,1,c4a54cdecc67,4073,17
cpp,stream,document,100,56,simdjson,3.10.1,381,13943,458,14324,2624671.916010,71720.576633,69812.901424,0,1.0,dom,adapted,1,c4a54cdecc67,4074,18
cpp,stream,document,100,56,nlohmann_cbor,3.11.3,3863,10665,338,14528,258866.166192,93764.650727,68832.599119,0,1.0,dom,native,1,c4a54cdecc67,4075,19
cpp,stream,document,100,56,zpp_bits,4.4.25,1207,757,227,1964,828500.414250,1321003.963012,509164.969450,0,1.0,struct,adapted,1,c4a54cdecc67,4076,20
cpp,stream,document,100,56,avro_c,avro-c,4589,4932,125,9521,217912.399216,202757.502028,105030.984140,0,1.0,schema,adapted,1,c4a54cdecc67,4077,21
cpp,stream,document,100,56,thrift,TBinaryProtocol,1663,918,324,2581,601322.910403,1089324.618736,387446.726075,0,1.0,schema,adapted,1,c4a54cdecc67,4078,22
cpp,stream,document,100,56,jsoncons_bson,0.177.0,7502,25167,502,32669,133297.787257,39734.573052,30610.058465,0,1.0,dom,native,1,c4a54cdecc67,4079,23
cpp,stream,document,100,56,cista,0.15,731,2102,328,2833,1367989.056088,475737.392959,352982.703848,0,1.0,archive,adapted,1,c4a54cdecc67,4080,24
cpp,stream,document,100,56,yas,7.x,1770,848,274,2618,564971.751412,1179245.283019,381970.970206,0,1.0,struct,adapted,1,c4a54cdecc67,4081,25
cpp,stream,document,100,57,nlohmann_bson,3.11.3,4367,12531,502,16898,228990.153423,79802.090815,59178.601018,0,1.0,dom,native,1,c4a54cdecc67,4082,0
cpp,stream,document,100,57,protobuf-wire,wire-v2,2241,1541,164,3782,446229.361892,648929.266710,264410.364886,0,1.0,schema,adapted,1,c4a54cdecc67,4083,1
cpp,stream,document,100,57,arduinojson,7.2.1,8013,20067,458,28080,124797.204543,49833.059252,35612.535613,0,1.0,dom,native,1,c4a54cdecc67,4084,2
cpp,stream,document,100,57,zpp_bits,4.4.25,681,488,227,1169,1468428.781204,2049180.327869,855431.993157,0,1.0,struct,adapted,1,c4a54cdecc67,4085,3
cpp,stream,document,100,57,avro_c,avro-c,2668,3136,125,5804,374812.593703,318877.551020,172294.968987,0,1.0,schema,adapted,1,c4a54cdecc67,4086,4
cpp,stream,document,100,57,jsoncons_msgpack,0.177.0,4416,19457,332,23873,226449.275362,51395.384694,41888.325724,0,1.0,dom,native,1,c4a54cdecc67,4087,5
cpp,stream,document,100,57,msgpack,msgpack-cxx,1673,3130,332,4803,597728.631201,319488.817891,208203.206329,0,1.0,struct,native,1,c4a54cdecc67,4088,6
cpp,stream,document,100,57,nlohmann_ubjson,3.11.3,3822,10052,409,13874,261643.118786,99482.690012,72077.266830,0,1.0,dom,native,1,c4a54cdecc67,4089,7
cpp,stream,document,100,57,flexbuffers,flatbuffers-flex,6591,6788,467,13379,151722.045213,147318.797879,74744.001794,0,1.0,dom,adapted,1,c4a54cdecc67,4090,8
cpp,stream,document,100,57,cista,0.15,473,1287,328,1760,2114164.904863,777000.777001,568181.818182,0,1.0,archive,adapted,1,c4a54cdecc67,4091,9
cpp,stream,document,100,57,jsoncons_bson,0.177.0,5467,19314,502,24781,182915.675873,51775.913845,40353.496630,0,1.0,dom,native,1,c4a54cdecc67,4092,10
cpp,stream,document,100,57,bitsery,5.2.4,732,454,190,1186,1366120.218579,2202643.171806,843170.320405,0,1.0,struct,adapted,1,c4a54cdecc67,4093,11
cpp,stream,document,100,57,nlohmann_json,3.11.3,4123,9782,458,13905,242541.838467,102228.583112,71916.576771,0,1.0,struct,native,1,c4a54cdecc67,4094,12
cpp,stream,document,100,57,avro,binary-1.11,1002,1064,125,2066,998003.992016,939849.624060,484027.105518,0,1.0,schema,adapted,1,c4a54cdecc67,4095,13
cpp,stream,document,100,57,flatbuffers,flatbuffers,1076,951,188,2027,929368.029740,1051524.710831,493339.911199,0,1.0,schema,adapted,1,c4a54cdecc67,4096,14
cpp,stream,document,100,57,nlohmann_cbor,3.11.3,3072,9813,338,12885,325520.833333,101905.635382,77609.623593,0,1.0,dom,native,1,c4a54cdecc67,4097,15
cpp,stream,document,100,57,cereal,1.3.2,943,1161,267,2104,1060445.387063,861326.442722,475285.171103,0,1.0,struct,native,1,c4a54cdecc67,4098,16
cpp,stream,document,100,57,thrift,TBinaryProtocol,1220,647,324,1867,819672.131148,1545595.054096,535618.639529,0,1.0,schema,adapted,1,c4a54cdecc67,4099,17
cpp,stream,document,100,57,capnproto,1.0.x,2476,1843,392,4319,403877.221325,542593.597396,231535.077564,0,1.0,schema,native,1,c4a54cdecc67,4100,18
cpp,stream,document,100,57,nlohmann_msgpack,3.11.3,3265,8771,332,12036,306278.713629,114012.085281,83084.081090,0,1.0,dom,native,1,c4a54cdecc67,4101,19
cpp,stream,document,100,57,custom_binary,harness,1334,611,223,1945,749625.187406,1636661.211129,514138.817481,0,1.0,struct,adapted,1,c4a54cdecc67,4102,20
cpp,stream,document,100,57,simdjson,3.10.1,234,10595,458,10829,4273504.273504,94384.143464,92344.630160,0,1.0,dom,adapted,1,c4a54cdecc67,4103,21
cpp,stream,document,100,57,yas,7.x,1696,636,274,2332,589622.641509,1572327.044025,428816.466552,0,1.0,struct,adapted,1,c4a54cdecc67,4104,22
cpp,stream,document,100,57,rapidjson,1.1.0,5286,19665,458,24951,189178.963299,50851.767099,40078.553966,0,1.0,dom,native,1,c4a54cdecc67,4105,23
cpp,stream,document,100,57,yyjson,0.10.0,1629,10879,458,12508,613873.542050,91920.213255,79948.832747,0,1.0,dom,adapted,1,c4a54cdecc67,4106,24
cpp,stream,document,100,57,jsoncons_cbor,0.177.0,4078,20614,338,24692,245218.244237,48510.720869,40498.947027,0,1.0,dom,native,1,c4a54cdecc67,4107,25
cpp,stream,document,100,58,jsoncons_msgpack,0.177.0,3720,17936,332,21656,268817.204301,55753.791258,46176.579239,0,1.0,dom,native,1,c4a54cdecc67,4108,0
cpp,stream,document,100,58,custom_binary,harness,1105,502,223,1607,904977.375566,1992031.872510,622277.535781,0,1.0,struct,adapted,1,c4a54cdecc67,4109,1
cpp,stream,document,100,58,msgpack,msgpack-cxx,1227,2420,332,3647,814995.925020,413223.140496,274197.970935,0,1.0,struct,native,1,c4a54cdecc67,4110,2
cpp,stream,document,100,58,avro,binary-1.11,732,534,125,1266,1366120.218579,1872659.176030,789889.415482,0,1.0,schema,adapted,1,c4a54cdecc67,4111,3
cpp,stream,document,100,58,zpp_bits,4.4.25,706,541,227,1247,1416430.594901,1848428.835490,801924.619086,0,1.0,struct,adapted,1,c4a54cdecc67,4112,4
cpp,stream,document,100,58,avro_c,avro-c,2437,3028,125,5465,410340.582684,330250.990753,182982.616651,0,1.0,schema,adapted,1,c4a54cdecc67,4113,5
cpp,stream,document,100,58,cista,0.15,391,1022,328,1413,2557544.757033,978473.581213,707714.083510,0,1.0,archive,adapted,1,c4a54cdecc67,4114,6
cpp,stream,document,100,58,jsoncons_bson,0.177.0,4178,18276,502,22454,239348.970799,54716.568177,44535.494789,0,1.0,dom,native,1,c4a54cdecc67,4115,7
cpp,stream,document,100,58,jsoncons_cbor,0.177.0,3376,19541,338,22917,296208.530806,51174.453713,43635.728935,0,1.0,dom,native,1,c4a54cdecc67,4116,8
cpp,stream,document,100,58,nlohmann_bson,3.11.3,3759,9679,502,13438,266028.198989,103316.458312,74415.835690,0,1.0,dom,native,1,c4a54cdecc67,4117,9
cpp,stream,document,100,58,arduinojson,7.2.1,5991,17022,458,23013,166917.042230,58747.503231,43453.700083,0,1.0,dom,native,1,c4a54cdecc67,4118,10
cpp,stream,document,100,58,nlohmann_msgpack,3.11.3,2946,8132,332,11078,339443.312967,122970.978849,90269.001625,0,1.0,dom,native,1,c4a54cdecc67,4119,11
cpp,stream,document,100,58,nlohmann_json,3.11.3,3802,9269,458,13071,263019.463440,107886.503398,76505.240609,0,1.0,struct,native,1,c4a54cdecc67,4120,12
cpp,stream,document,100,58,simdjson,3.10.1,194,10141,458,10335,5154639.175258,98609.604575,96758.587325,0,1.0,dom,adapted,1,c4a54cdecc67,4121,13
cpp,stream,document,100,58,flatbuffers,flatbuffers,1792,1004,188,2796,558035.714286,996015.936255,357653.791130,0,1.0,schema,adapted,1,c4a54cdecc67,4122,14
cpp,stream,document,100,58,rapidjson,1.1.0,4644,19079,458,23723,215331.610680,52413.648514,42153.184673,0,1.0,dom,native,1,c4a54cdecc67,4123,15
cpp,stream,document,100,58,yyjson,0.10.0,992,9786,458,10778,1008064.516129,102186.797466,92781.592132,0,1.0,dom,adapted,1,c4a54cdecc67,4124,16
cpp,stream,document,100,58,capnproto,1.0.x,1324,1026,392,2350,755287.009063,974658.869396,425531.914894,0,1.0,schema,native,1,c4a54cdecc67,4125,17
cpp,stream,document,100,58,flexbuffers,flatbuffers-flex,11558,6346,467,17904,86520.159197,157579.577687,55853.440572,0,1.0,dom,adapted,1,c4a54cdecc67,4126,18
cpp,stream,document,100,58,protobuf-wire,wire-v2,1710,747,164,2457,584795.321637,1338688.085676,407000.407000,0,1.0,schema,adapted,1,c4a54cdecc67,4127,19
cpp,stream,document,100,58,yas,7.x,1037,541,274,1578,964320.154291,1848428.835490,633713.561470,0,1.0,struct,adapted,1,c4a54cdecc67,4128,20
cpp,stream,document,100,58,nlohmann_cbor,3.11.3,3258,9393,338,12651,306936.771025,106462.259129,79045.134772,0,1.0,dom,native,1,c4a54cdecc67,4129,21
cpp,stream,document,100,58,cereal,1.3.2,909,1118,267,2027,1100110.011001,894454.382826,493339.911199,0,1.0,struct,native,1,c4a54cdecc67,4130,22
cpp,stream,document,100,58,thrift,TBinaryProtocol,1119,541,324,1660,893655.049151,1848428.835490,602409.638554,0,1.0,schema,adapted,1,c4a54cdecc67,4131,23
cpp,stream,document,100,58,nlohmann_ubjson,3.11.3,2962,9479,409,12441,337609.723160,105496.360376,80379.390724,0,1.0,dom,native,1,c4a54cdecc67,4132,24
cpp,stream,document,100,58,bitsery,5.2.4,405,571,190,976,2469135.802469,1751313.485114,1024590.163934,0,1.0,struct,adapted,1,c4a54cdecc67,4133,25
cpp,stream,document,100,59,cereal,1.3.2,751,678,267,1429,1331557.922770,1474926.253687,699790.062981,0,1.0,struct,native,1,c4a54cdecc67,4134,0
cpp,stream,document,100,59,yyjson,0.10.0,1670,9421,458,11091,598802.395210,106145.844390,90163.195384,0,1.0,dom,adapted,1,c4a54cdecc67,4135,1
cpp,stream,document,100,59,bitsery,5.2.4,304,265,190,569,3289473.684211,3773584.905660,1757469.244288,0,1.0,struct,adapted,1,c4a54cdecc67,4136,2
cpp,stream,document,100,59,thrift,TBinaryProtocol,671,369,324,1040,1490312.965723,2710027.100271,961538.461538,0,1.0,schema,adapted,1,c4a54cdecc67,4137,3
cpp,stream,document,100,59,jsoncons_msgpack,0.177.0,3367,19994,332,23361,297000.297000,50015.004501,42806.386713,0,1.0,dom,native,1,c4a54cdecc67,4138,4
cpp,stream,document,100,59,jsoncons_bson,0.177.0,3948,17767,502,21715,253292.806484,56284.122249,46051.116740,0,1.0,dom,native,1,c4a54cdecc67,4139,5
cpp,stream,document,100,59,nlohmann_ubjson,3.11.3,2604,9477,409,12081,384024.577573,105518.624037,82774.604751,0,1.0,dom,native,1,c4a54cdecc67,4140,6
cpp,stream,document,100,59,protobuf-wire,wire-v2,1755,807,164,2562,569800.569801,1239157.372986,390320.062451,0,1.0,schema,adapted,1,c4a54cdecc67,4141,7
cpp,stream,document,100,59,capnproto,1.0.x,1976,811,392,2787,506072.874494,1233045.622688,358808.754934,0,1.0,schema,native,1,c4a54cdecc67,4142,8
cpp,stream,document,100,59,avro_c,avro-c,2592,3027,125,5619,385802.469136,330360.092501,177967.609895,0,1.0,schema,adapted,1,c4a54cdecc67,4143,9
cpp,stream,document,100,59,simdjson,3.10.1,199,10091,458,10290,5025125.628141,99098.206322,97181.729835,0,1.0,dom,adapted,1,c4a54cdecc67,4144,10
cpp,stream,document,100,59,msgpack,msgpack-cxx,1282,2079,332,3361,780031.201248,481000.481000,297530.496876,0,1.0,struct,native,1,c4a54cdecc67,4145,11
cpp,stream,document,100,59,arduinojson,7.2.1,5646,15331,458,20977,177116.542685,65227.317200,47671.258998,0,1.0,dom,native,1,c4a54cdecc67,4146,12
cpp,stream,document,100,59,nlohmann_json,3.11.3,3779,9459,458,13238,264620.269913,105719.420658,75540.111799,0,1.0,struct,native,1,c4a54cdecc67,4147,13
cpp,stream,document,100,59,cista,0.15,408,1030,328,1438,2450980.392157,970873.786408,695410.292072,0,1.0,archive,adapted,1,c4a54cdecc67,4148,14
cpp,stream,document,100,59,rapidjson,1.1.0,4581,18770,458,23351,218292.949138,53276.505061,42824.718427,0,1.0,dom,native,1,c4a54cdecc67,4149,15
cpp,stream,document,100,59,custom_binary,harness,865,483,223,1348,1156069.364162,2070393.374741,741839.762611,0,1.0,struct,adapted,1,c4a54cdecc67,4150,16
cpp,stream,document,100,59,flexbuffers,flatbuffers-flex,4798,6636,467,11434,208420.175073,150693.188668,87458.457233,0,1.0,dom,adapted,1,c4a54cdecc67,4151,17
cpp,stream,document,100,59,jsoncons_cbor,0.177.0,3584,20602,338,24186,279017.857143,48538.976798,41346.233358,0,1.0,dom,native,1,c4a54cdecc67,4152,18
cpp,stream,document,100,59,nlohmann_bson,3.11.3,3334,9159,502,12493,299940.011998,109182.225134,80044.825102,0,1.0,dom,native,1,c4a54cdecc67,4153,19
cpp,stream,document,100,59,yas,7.x,1512,531,274,2043,661375.661376,1883239.171375,489476.260401,0,1.0,struct,adapted,1,c4a54cdecc67,4154,20
cpp,stream,document,100,59,nlohmann_msgpack,3.11.3,3013,8714,332,11727,331895.121142,114757.860913,85273.300929,0,1.0,dom,native,1,c4a54cdecc67,4155,21
cpp,stream,document,100,59,flatbuffers,flatbuffers,1337,989,188,2326,747943.156320,1011122.345804,429922.613929,0,1.0,schema,adapted,1,c4a54cdecc67,4156,22
cpp,stream,document,100,59,avro,binary-1.11,688,553,125,1241,1453488.372093,1808318.264014,805801.772764,0,1.0,schema,adapted,1,c4a54cdecc67,4157,23
cpp,stream,document,100,59,nlohmann_cbor,3.11.3,2914,8661,338,11575,343170.899108,115460.108533,86393.088553,0,1.0,dom,native,1,c4a54cdecc67,4158,24
cpp,stream,document,100,59,zpp_bits,4.4.25,802,418,227,1220,1246882.793017,2392344.497608,819672.131148,0,1.0,struct,adapted,1,c4a54cdecc67,4159,25
cpp,stream,document,100,60,avro,binary-1.11,418,318,125,736,2392344.497608,3144654.088050,1358695.652174,0,1.0,schema,adapted,1,c4a54cdecc67,4160,0
cpp,stream,document,100,60,jsoncons_bson,0.177.0,4949,18679,502,23628,202061.022429,53536.056534,42322.668021,0,1.0,dom,native,1,c4a54cdecc67,4161,1
cpp,stream,document,100,60,cereal,1.3.2,899,1075,267,1974,1112347.052280,930232.558140,506585.612969,0,1.0,struct,native,1,c4a54cdecc67,4162,2
cpp,stream,document,100,60,nlohmann_bson,3.11.3,3325,8420,502,11745,300751.879699,118764.845606,85142.613878,0,1.0,dom,native,1,c4a54cdecc67,4163,3
cpp,stream,document,100,60,arduinojson,7.2.1,5773,17228,458,23001,173220.162827,58045.042953,43476.370593,0,1.0,dom,native,1,c4a54cdecc67,4164,4
cpp,stream,document,100,60,rapidjson,1.1.0,4585,19090,458,23675,218102.508179,52383.446831,42238.648363,0,1.0,dom,native,1,c4a54cdecc67,4165,5
cpp,stream,document,100,60,jsoncons_cbor,0.177.0,3333,23915,338,27248,300030.003000,41814.760610,36699.941280,0,1.0,dom,native,1,c4a54cdecc67,4166,6
cpp,stream,document,100,60,capnproto,1.0.x,1930,1308,392,3238,518134.715026,764525.993884,308832.612724,0,1.0,schema,native,1,c4a54cdecc67,4167,7
cpp,stream,document,100,60,bitsery,5.2.4,350,748,190,1098,2857142.857143,1336898.395722,910746.812386,0,1.0,struct,adapted,1,c4a54cdecc67,4168,8
cpp,stream,document,100,60,protobuf-wire,wire-v2,2374,1172,164,3546,421229.991575,853242.320819,282007.896221,0,1.0,schema,adapted,1,c4a54cdecc67,4169,9
cpp,stream,document,100,60,nlohmann_cbor,3.11.3,4278,11427,338,15705,233754.090697,87512.032905,63673.989175,0,1.0,dom,native,1,c4a54cdecc67,4170,10
cpp,stream,document,100,60,flexbuffers,flatbuffers-flex,6757,8375,467,15132,147994.672192,119402.985075,66085.117632,0,1.0,dom,adapted,1,c4a54cdecc67,4171,11
cpp,stream,document,100,60,simdjson,3.10.1,261,10896,458,11157,3831417.624521,91776.798825,89629.828807,0,1.0,dom,adapted,1,c4a54cdecc67,4172,12
cpp,stream,document,100,60,nlohmann_msgpack,3.11.3,2854,8052,332,10906,350385.423966,124192.747144,91692.646250,0,1.0,dom,native,1,c4a54cdecc67,4173,13
cpp,stream,document,100,60,thrift,TBinaryProtocol,1174,749,324,1923,851788.756388,1335113.484646,520020.800832,0,1.0,schema,adapted,1,c4a54cdecc67,4174,14
cpp,stream,document,100,60,flatbuffers,flatbuffers,1344,829,188,2173,744047.619048,1206272.617612,460193.281178,0,1.0,schema,adapted,1,c4a54cdecc67,4175,15
cpp,stream,document,100,60,yyjson,0.10.0,1106,11209,458,12315,904159.132007,89214.024445,81201.786439,0,1.0,dom,adapted,1,c4a54cdecc67,4176,16
cpp,stream,document,100,60,yas,7.x,921,486,274,1407,1085776.330076,2057613.168724,710732.054016,0,1.0,struct,adapted,1,c4a54cdecc67,4177,17
cpp,stream,document,100,60,msgpack,msgpack-cxx,1346,2094,332,3440,742942.050520,477554.918816,290697.674419,0,1.0,struct,native,1,c4a54cdecc67,4178,18
cpp,stream,document,100,60,custom_binary,harness,1184,620,223,1804,844594.594595,1612903.225806,554323.725055,0,1.0,struct,adapted,1,c4a54cdecc67,4179,19
cpp,stream,document,100,60,cista,0.15,551,1232,328,1783,1814882.032668,811688.311688,560852.495794,0,1.0,archive,adapted,1,c4a54cdecc67,4180,20
cpp,stream,document,100,60,jsoncons_msgpack,0.177.0,3706,19854,332,23560,269832.703724,50367.684094,42444.821732,0,1.0,dom,native,1,c4a54cdecc67,4181,21
cpp,stream,document,100,60,zpp_bits,4.4.25,701,426,227,1127,1426533.523538,2347417.840376,887311.446318,0,1.0,struct,adapted,1,c4a54cdecc67,4182,22
cpp,stream,document,100,60,nlohmann_json,3.11.3,4151,10111,458,14262,240905.805830,98902.185738,70116.393213,0,1.0,struct,native,1,c4a54cdecc67,4183,23
cpp,stream,document,100,60,avro_c,avro-c,3356,3947,125,7303,297973.778308,253356.979985,136930.028755,0,1.0,schema,adapted,1,c4a54cdecc67,4184,24
cpp,stream,document,100,60,nlohmann_ubjson,3.11.3,3184,10433,409,13617,314070.351759,95849.707658,73437.614746,0,1.0,dom,native,1,c4a54cdecc67,4185,25
cpp,stream,document,100,61,cista,0.15,371,1084,328,1455,2695417.789757,922509.225092,687285.223368,0,1.0,archive,adapted,1,c4a54cdecc67,4186,0
cpp,stream,document,100,61,nlohmann_cbor,3.11.3,3228,8099,338,11327,309789.343247,123472.033584,88284.629646,0,1.0,dom,native,1,c4a54cdecc67,4187,1
cpp,stream,document,100,61,custom_binary,harness,1047,527,223,1574,955109.837631,1897533.206831,635324.015248,0,1.0,struct,adapted,1,c4a54cdecc67,4188,2
cpp,stream,document,100,61,nlohmann_json,3.11.3,3480,9371,458,12851,287356.321839,106712.197204,77814.956035,0,1.0,struct,native,1,c4a54cdecc67,4189,3
cpp,stream,document,100,61,msgpack,msgpack-cxx,1201,2978,332,4179,832639.467111,335795.836132,239291.696578,0,1.0,struct,native,1,c4a54cdecc67,4190,4
cpp,stream,document,100,61,rapidjson,1.1.0,5248,19095,458,24343,190548.780488,52369.730296,41079.571129,0,1.0,dom,native,1,c4a54cdecc67,4191,5
cpp,stream,document,100,61,arduinojson,7.2.1,6180,15453,458,21633,161812.297735,64712.353588,46225.673739,0,1.0,dom,native,1,c4a54cdecc67,4192,6
cpp,stream,document,100,61,capnproto,1.0.x,1770,1057,392,2827,564971.751412,946073.793756,353731.871242,0,1.0,schema,native,1,c4a54cdecc67,4193,7
cpp,stream,document,100,61,flexbuffers,flatbuffers-flex,5178,6287,467,11465,193124.758594,159058.374423,87221.979939,0,1.0,dom,adapted,1,c4a54cdecc67,4194,8
cpp,stream,document,100,61,jsoncons_msgpack,0.177.0,3848,19294,332,23142,259875.259875,51829.584327,43211.476968,0,1.0,dom,native,1,c4a54cdecc67,4195,9
cpp,stream,document,100,61,thrift,TBinaryProtocol,1167,673,324,1840,856898.029135,1485884.101040,543478.260870,0,1.0,schema,adapted,1,c4a54cdecc67,4196,10
cpp,stream,document,100,61,nlohmann_bson,3.11.3,3583,9567,502,13150,279095.729835,104525.974705,76045.627376,0,1.0,dom,native,1,c4a54cdecc67,4197,11
cpp,stream,document,100,61,jsoncons_cbor,0.177.0,4207,19171,338,23378,237699.072974,52162.119869,42775.258790,0,1.0,dom,native,1,c4a54cdecc67,4198,12
cpp,stream,document,100,61,avro,binary-1.11,750,620,125,1370,1333333.333333,1612903.225806,729927.007299,0,1.0,schema,adapted,1,c4a54cdecc67,4199,13
cpp,stream,document,100,61,nlohmann_msgpack,3.11.3,2983,8587,332,11570,335232.986926,116455.106556,86430.423509,0,1.0,dom,native,1,c4a54cdecc67,4200,14
cpp,stream,document,100,61,simdjson,3.10.1,192,9919,458,10111,5208333.333333,100816.614578,98902.185738,0,1.0,dom,adapted,1,c4a54cdecc67,4201,15
cpp,stream,document,100,61,protobuf-wire,wire-v2,1856,897,164,2753,538793.103448,1114827.201784,363240.101707,0,1.0,schema,adapted,1,c4a54cdecc67,4202,16
cpp,stream,document,100,61,nlohmann_ubjson,3.11.3,3280,9272,409,12552,304878.048780,107851.596204,79668.578713,0,1.0,dom,native,1,c4a54cdecc67,4203,17
cpp,stream,document,100,61,avro_c,avro-c,2668,3250,125,5918,374812.593703,307692.307692,168976.005407,0,1.0,schema,adapted,1,c4a54cdecc67,4204,18
cpp,stream,document,100,61,jsoncons_bson,0.177.0,4981,18032,502,23013,200762.899016,55456.965395,43453.700083,0,1.0,dom,native,1,c4a54cdecc67,4205,19
cpp,stream,document,100,61,yyjson,0.10.0,1415,10150,458,11565,706713.780919,98522.167488,86467.790748,0,1.0,dom,adapted,1,c4a54cdecc67,4206,20
cpp,stream,document,100,61,cereal,1.3.2,937,1121,267,2058,1067235.859125,892060.660125,485908.649174,0,1.0,struct,native,1,c4a54cdecc67,4207,21
cpp,stream,document,100,61,bitsery,5.2.4,269,420,190,689,3717472.118959,2380952.380952,1451378.809869,0,1.0,struct,adapted,1,c4a54cdecc67,4208,22
cpp,stream,document,100,61,flatbuffers,flatbuffers,861,859,188,1720,1161440.185830,1164144.353900,581395.348837,0,1.0,schema,adapted,1,c4a54cdecc67,4209,23
cpp,stream,document,100,61,yas,7.x,532,495,274,1027,1879699.248120,2020202.020202,973709.834469,0,1.0,struct,adapted,1,c4a54cdecc67,4210,24
cpp,stream,document,100,61,zpp_bits,4.4.25,669,375,227,1044,1494768.310912,2666666.666667,957854.406130,0,1.0,struct,adapted,1,c4a54cdecc67,4211,25
cpp,stream,document,100,62,custom_binary,harness,938,433,223,1371,1066098.081023,2309468.822171,729394.602480,0,1.0,struct,adapted,1,c4a54cdecc67,4212,0
cpp,stream,document,100,62,yyjson,0.10.0,674,9254,458,9928,1483679.525223,108061.378863,100725.221595,0,1.0,dom,adapted,1,c4a54cdecc67,4213,1
cpp,stream,document,100,62,nlohmann_cbor,3.11.3,3158,8630,338,11788,316656.111463,115874.855156,84832.032576,0,1.0,dom,native,1,c4a54cdecc67,4214,2
cpp,stream,document,100,62,flexbuffers,flatbuffers-flex,4636,6034,467,10670,215703.192407,165727.543918,93720.712277,0,1.0,dom,adapted,1,c4a54cdecc67,4215,3
cpp,stream,document,100,62,rapidjson,1.1.0,5068,19530,458,24598,197316.495659,51203.277010,40653.711684,0,1.0,dom,native,1,c4a54cdecc67,4216,4
cpp,stream,document,100,62,nlohmann_msgpack,3.11.3,2826,9336,332,12162,353857.041755,107112.253642,82223.318533,0,1.0,dom,native,1,c4a54cdecc67,4217,5
cpp,stream,document,100,62,thrift,TBinaryProtocol,1123,585,324,1708,890471.950134,1709401.709402,585480.093677,0,1.0,schema,adapted,1,c4a54cdecc67,4218,6
cpp,stream,document,100,62,protobuf-wire,wire-v2,1694,813,164,2507,590318.772137,1230012.300123,398883.127244,0,1.0,schema,adapted,1,c4a54cdecc67,4219,7
cpp,stream,document,100,62,jsoncons_bson,0.177.0,4516,18507,502,23023,221434.898140,54033.608905,43434.826044,0,1.0,dom,native,1,c4a54cdecc67,4220,8
cpp,stream,document,100,62,zpp_bits,4.4.25,592,363,227,955,1689189.189189,2754820.936639,1047120.418848,0,1.0,struct,adapted,1,c4a54cdecc67,4221,9
cpp,stream,document,100,62,yas,7.x,998,438,274,1436,1002004.008016,2283105.022831,696378.830084,0,1.0,struct,adapted,1,c4a54cdecc67,4222,10
cpp,stream,document,100,62,avro_c,avro-c,2489,3099,125,5588,401767.778224,322684.737012,178954.903364,0,1.0,schema,adapted,1,c4a54cdecc67,4223,11
cpp,stream,document,100,62,flatbuffers,flatbuffers,552,877,188,1429,1811594.202899,1140250.855188,699790.062981,0,1.0,schema,adapted,1,c4a54cdecc67,4224,12
cpp,stream,document,100,62,cista,0.15,428,1012,328,1440,2336448.598131,988142.292490,694444.444444,0,1.0,archive,adapted,1,c4a54cdecc67,4225,13
cpp,stream,document,100,62,avro,binary-1.11,567,567,125,1134,1763668.430335,1763668.430335,881834.215168,0,1.0,schema,adapted,1,c4a54cdecc67,4226,14
cpp,stream,document,100,62,nlohmann_json,3.11.3,3938,9857,458,13795,253936.008126,101450.745663,72490.032621,0,1.0,struct,native,1,c4a54cdecc67,4227,15
cpp,stream,document,100,62,jsoncons_cbor,0.177.0,3362,19082,338,22444,297441.998810,52405.408238,44555.337729,0,1.0,dom,native,1,c4a54cdecc67,4228,16
cpp,stream,document,100,62,simdjson,3.10.1,189,9364,458,9553,5291005.291005,106791.969244,104679.158380,0,1.0,dom,adapted,1,c4a54cdecc67,4229,17
cpp,stream,document,100,62,msgpack,msgpack-cxx,1435,2143,332,3578,696864.111498,466635.557629,279485.746227,0,1.0,struct,native,1,c4a54cdecc67,4230,18
cpp,stream,document,100,62,nlohmann_ubjson,3.11.3,2903,10443,409,13346,344471.236652,95757.923968,74928.817623,0,1.0,dom,native,1,c4a54cdecc67,4231,19
cpp,stream,document,100,62,capnproto,1.0.x,1752,970,392,2722,570776.255708,1030927.835052,367376.928729,0,1.0,schema,native,1,c4a54cdecc67,4232,20
cpp,stream,document,100,62,bitsery,5.2.4,282,385,190,667,3546099.290780,2597402.597403,1499250.374813,0,1.0,struct,adapted,1,c4a54cdecc67,4233,21
cpp,stream,document,100,62,cereal,1.3.2,862,979,267,1841,1160092.807425,1021450.459653,543183.052689,0,1.0,struct,native,1,c4a54cdecc67,4234,22
cpp,stream,document,100,62,jsoncons_msgpack,0.177.0,3155,17531,332,20686,316957.210777,57041.811648,48341.873731,0,1.0,dom,native,1,c4a54cdecc67,4235,23
cpp,stream,document,100,62,arduinojson,7.2.1,5699,16894,458,22593,175469.380593,59192.612762,44261.496924,0,1.0,dom,native,1,c4a54cdecc67,4236,24
cpp,stream,document,100,62,nlohmann_bson,3.11.3,3332,8320,502,11652,300120.048019,120192.307692,85822.176450,0,1.0,dom,native,1,c4a54cdecc67,4237,25
cpp,stream,document,100,63,bitsery,5.2.4,233,325,190,558,4291845.493562,3076923.076923,1792114.695341,0,1.0,struct,adapted,1,c4a54cdecc67,4238,0
cpp,stream,document,100,63,nlohmann_cbor,3.11.3,3058,8407,338,11465,327011.118378,118948.495302,87221.979939,0,1.0,dom,native,1,c4a54cdecc67,4239,1
cpp,stream,document,100,63,nlohmann_json,3.11.3,3528,9389,458,12917,283446.712018,106507.615294,77417.356971,0,1.0,struct,native,1,c4a54cdecc67,4240,2
cpp,stream,document,100,63,custom_binary,harness,1003,454,223,1457,997008.973081,2202643.171806,686341.798216,0,1.0,struct,adapted,1,c4a54cdecc67,4241,3
cpp,stream,document,100,63,flatbuffers,flatbuffers,1872,959,188,2831,534188.034188,1042752.867570,353232.073472,0,1.0,schema,adapted,1,c4a54cdecc67,4242,4
cpp,stream,document,100,63,nlohmann_bson,3.11.3,2769,8591,502,11360,361141.206212,116400.884647,88028.169014,0,1.0,dom,native,1,c4a54cdecc67,4243,5
cpp,stream,document,100,63,rapidjson,1.1.0,4828,19276,458,24104,207125.103563,51877.982984,41486.890143,0,1.0,dom,native,1,c4a54cdecc67,4244,6
cpp,stream,document,100,63,arduinojson,7.2.1,5788,14731,458,20519,172771.250864,67884.054036,48735.318485,0,1.0,dom,native,1,c4a54cdecc67,4245,7
cpp,stream,document,100,63,capnproto,1.0.x,1663,799,392,2462,601322.910403,1251564.455569,406173.842405,0,1.0,schema,native,1,c4a54cdecc67,4246,8
cpp,stream,document,100,63,nlohmann_ubjson,3.11.3,2759,9632,409,12391,362450.163103,103820.598007,80703.736583,0,1.0,dom,native,1,c4a54cdecc67,4247,9
cpp,stream,document,100,63,avro_c,avro-c,2661,3023,125,5684,375798.571965,330797.221303,175932.441942,0,1.0,schema,adapted,1,c4a54cdecc67,4248,10
cpp,stream,document,100,63,cista,0.15,405,1013,328,1418,2469135.802469,987166.831194,705218.617772,0,1.0,archive,adapted,1,c4a54cdecc67,4249,11
cpp,stream,document,100,63,flexbuffers,flatbuffers-flex,4925,6078,467,11003,203045.685279,164527.805199,90884.304281,0,1.0,dom,adapted,1,c4a54cdecc67,4250,12
cpp,stream,document,100,63,jsoncons_msgpack,0.177.0,4518,19158,332,23676,221336.874723,52197.515398,42236.864335,0,1.0,dom,native,1,c4a54cdecc67,4251,13
cpp,stream,document,100,63,protobuf-wire,wire-v2,1722,821,164,2543,580720.092915,1218026.796590,393236.335037,0,1.0,schema,adapted,1,c4a54cdecc67,4252,14
cpp,stream,document,100,63,zpp_bits,4.4.25,639,384,227,1023,1564945.226917,2604166.666667,977517.106549,0,1.0,struct,adapted,1,c4a54cdecc67,4253,15
cpp,stream,document,100,63,cereal,1.3.2,749,942,267,1691,1335113.484646,1061571.125265,591366.055588,0,1.0,struct,native,1,c4a54cdecc67,4254,16
cpp,stream,document,100,63,jsoncons_cbor,0.177.0,3608,19072,338,22680,277161.862528,52432.885906,44091.710758,0,1.0,dom,native,1,c4a54cdecc67,4255,17
cpp,stream,document,100,63,jsoncons_bson,0.177.0,4265,17166,502,21431,234466.588511,58254.689503,46661.378377,0,1.0,dom,native,1,c4a54cdecc67,4256,18
cpp,stream,document,100,63,yas,7.x,1035,539,274,1574,966183.574879,1855287.569573,635324.015248,0,1.0,struct,adapted,1,c4a54cdecc67,4257,19
cpp,stream,document,100,63,msgpack,msgpack-cxx,1007,1697,332,2704,993048.659384,589275.191514,369822.485207,0,1.0,struct,native,1,c4a54cdecc67,4258,20
cpp,stream,document,100,63,nlohmann_msgpack,3.11.3,2897,9090,332,11987,345184.673800,110011.001100,83423.709018,0,1.0,dom,native,1,c4a54cdecc67,4259,21
cpp,stream,document,100,63,thrift,TBinaryProtocol,1053,561,324,1614,949667.616334,1782531.194296,619578.686493,0,1.0,schema,adapted,1,c4a54cdecc67,4260,22
cpp,stream,document,100,63,avro,binary-1.11,556,503,125,1059,1798561.151079,1988071.570577,944287.063267,0,1.0,schema,adapted,1,c4a54cdecc67,4261,23
cpp,stream,document,100,63,yyjson,0.10.0,1591,9669,458,11260,628535.512256,103423.311614,88809.946714,0,1.0,dom,adapted,1,c4a54cdecc67,4262,24
cpp,stream,document,100,63,simdjson,3.10.1,190,9428,458,9618,5263157.894737,106067.034366,103971.719692,0,1.0,dom,adapted,1,c4a54cdecc67,4263,25
cpp,stream,document,100,64,avro_c,avro-c,2602,2958,125,5560,384319.754035,338066.260987,179856.115108,0,1.0,schema,adapted,1,c4a54cdecc67,4264,0
cpp,stream,document,100,64,yas,7.x,1195,415,274,1610,836820.083682,2409638.554217,621118.012422,0,1.0,struct,adapted,1,c4a54cdecc67,4265,1
cpp,stream,document,100,64,flexbuffers,flatbuffers-flex,4536,6709,467,11245,220458.553792,149053.510210,88928.412628,0,1.0,dom,adapted,1,c4a54cdecc67,4266,2
cpp,stream,document,100,64,jsoncons_bson,0.177.0,4118,17832,502,21950,242836.328315,56078.959175,45558.086560,0,1.0,dom,native,1,c4a54cdecc67,4267,3
cpp,stream,document,100,64,capnproto,1.0.x,1329,863,392,2192,752445.447705,1158748.551564,456204.379562,0,1.0,schema,native,1,c4a54cdecc67,4268,4
cpp,stream,document,100,64,cereal,1.3.2,799,1074,267,1873,1251564.455569,931098.696462,533902.829685,0,1.0,struct,native,1,c4a54cdecc67,4269,5
cpp,stream,document,100,64,nlohmann_msgpack,3.11.3,2814,8772,332,11586,355366.027008,113999.088007,86311.065079,0,1.0,dom,native,1,c4a54cdecc67,4270,6
cpp,stream,document,100,64,avro,binary-1.11,467,469,125,936,2141327.623126,2132196.162047,1068376.068376,0,1.0,schema,adapted,1,c4a54cdecc67,4271,7
cpp,stream,document,100,64,protobuf-wire,wire-v2,1605,848,164,2453,623052.959502,1179245.283019,407664.084794,0,1.0,schema,adapted,1,c4a54cdecc67,4272,8
cpp,stream,document,100,64,cista,0.15,388,1010,328,1398,2577319.587629,990099.009901,715307.582260,0,1.0,archive,adapted,1,c4a54cdecc67,4273,9
cpp,stream,document,100,64,custom_binary,harness,954,416,223,1370,1048218.029350,2403846.153846,729927.007299,0,1.0,struct,adapted,1,c4a54cdecc67,4274,10
cpp,stream,document,100,64,msgpack,msgpack-cxx,1223,2374,332,3597,817661.488144,421229.991575,278009.452321,0,1.0,struct,native,1,c4a54cdecc67,4275,11
cpp,stream,document,100,64,flatbuffers,flatbuffers,328,741,188,1069,3048780.487805,1349527.665317,935453.695042,0,1.0,schema,adapted,1,c4a54cdecc67,4276,12
cpp,stream,document,100,64,nlohmann_json,3.11.3,3664,9669,458,13333,272925.764192,103423.311614,75001.875047,0,1.0,struct,native,1,c4a54cdecc67,4277,13
cpp,stream,document,100,64,bitsery,5.2.4,241,417,190,658,4149377.593361,2398081.534772,1519756.838906,0,1.0,struct,adapted,1,c4a54cdecc67,4278,14
cpp,stream,document,100,64,yyjson,0.10.0,1033,9528,458,10561,968054.211036,104953.820319,94688.003030,0,1.0,dom,adapted,1,c4a54cdecc67,4279,15
cpp,stream,document,100,64,thrift,TBinaryProtocol,957,443,324,1400,1044932.079415,2257336.343115,714285.714286,0,1.0,schema,adapted,1,c4a54cdecc67,4280,16
cpp,stream,document,100,64,rapidjson,1.1.0,4674,18958,458,23632,213949.507916,52748.180188,42315.504401,0,1.0,dom,native,1,c4a54cdecc67,4281,17
cpp,stream,document,100,64,zpp_bits,4.4.25,647,374,227,1021,1545595.054096,2673796.791444,979431.929481,0,1.0,struct,adapted,1,c4a54cdecc67,4282,18
cpp,stream,document,100,64,jsoncons_cbor,0.177.0,3294,20021,338,23315,303582.270795,49947.555067,42890.842805,0,1.0,dom,native,1,c4a54cdecc67,4283,19
cpp,stream,document,100,64,arduinojson,7.2.1,5790,15284,458,21074,172711.571675,65427.898456,47451.836386,0,1.0,dom,native,1,c4a54cdecc67,4284,20
cpp,stream,document,100,64,simdjson,3.10.1,185,9366,458,9551,5405405.405405,106769.165065,104701.078421,0,1.0,dom,adapted,1,c4a54cdecc67,4285,21
cpp,stream,document,100,64,nlohmann_bson,3.11.3,3325,8371,502,11696,300751.879699,119460.040616,85499.316005,0,1.0,dom,native,1,c4a54cdecc67,4286,22
cpp,stream,document,100,64,nlohmann_cbor,3.11.3,3190,7701,338,10891,313479.623824,129853.265810,91818.933064,0,1.0,dom,native,1,c4a54cdecc67,4287,23
cpp,stream,document,100,64,jsoncons_msgpack,0.177.0,4314,17860,332,22174,231803.430691,55991.041433,45097.862361,0,1.0,dom,native,1,c4a54cdecc67,4288,24
cpp,stream,document,100,64,nlohmann_ubjson,3.11.3,2890,10077,409,12967,346020.761246,99235.883696,77118.840133,0,1.0,dom,native,1,c4a54cdecc67,4289,25
cpp,stream,document,100,65,avro,binary-1.11,528,521,125,1049,1893939.393939,1919385.796545,953288.846520,0,1.0,schema,adapted,1,c4a54cdecc67,4290,0
cpp,stream,document,100,65,protobuf-wire,wire-v2,1547,867,164,2414,646412.411118,1153402.537486,414250.207125,0,1.0,schema,adapted,1,c4a54cdecc67,4291,1
cpp,stream,document,100,65,thrift,TBinaryProtocol,832,404,324,1236,1201923.076923,2475247.524752,809061.488673,0,1.0,schema,adapted,1,c4a54cdecc67,4292,2
cpp,stream,document,100,65,simdjson,3.10.1,187,8984,458,9171,5347593.582888,111308.993767,109039.363210,0,1.0,dom,adapted,1,c4a54cdecc67,4293,3
cpp,stream,document,100,65,rapidjson,1.1.0,4669,20603,458,25272,214178.624973,48536.620880,39569.484014,0,1.0,dom,native,1,c4a54cdecc67,4294,4
cpp,stream,document,100,65,cista,0.15,406,1056,328,1462,2463054.187192,946969.696970,683994.528044,0,1.0,archive,adapted,1,c4a54cdecc67,4295,5
cpp,stream,document,100,65,avro_c,avro-c,2482,3293,125,5775,402900.886382,303674.460978,173160.173160,0,1.0,schema,adapted,1,c4a54cdecc67,4296,6
cpp,stream,document,100,65,nlohmann_bson,3.11.3,3387,9557,502,12944,295246.530853,104635.345820,77255.871446,0,1.0,dom,native,1,c4a54cdecc67,4297,7
cpp,stream,document,100,65,jsoncons_msgpack,0.177.0,3821,18606,332,22427,261711.593824,53746.103408,44589.111339,0,1.0,dom,native,1,c4a54cdecc67,4298,8
cpp,stream,document,100,65,bitsery,5.2.4,230,376,190,606,4347826.086957,2659574.468085,1650165.016502,0,1.0,struct,adapted,1,c4a54cdecc67,4299,9
cpp,stream,document,100,65,nlohmann_ubjson,3.11.3,2854,9439,409,12293,350385.423966,105943.426210,81347.108110,0,1.0,dom,native,1,c4a54cdecc67,4300,10
cpp,stream,document,100,65,nlohmann_msgpack,3.11.3,3173,7982,332,11155,315159.155373,125281.884240,89645.898700,0,1.0,dom,native,1,c4a54cdecc67,4301,11
cpp,stream,document,100,65,arduinojson,7.2.1,5772,16384,458,22156,173250.173250,61035.156250,45134.500812,0,1.0,dom,native,1,c4a54cdecc67,4302,12
cpp,stream,document,100,65,flatbuffers,flatbuffers,1072,898,188,1970,932835.820896,1113585.746102,507614.213198,0,1.0,schema,adapted,1,c4a54cdecc67,4303,13
cpp,stream,document,100,65,zpp_bits,4.4.25,835,423,227,1258,1197604.790419,2364066.193853,794912.559618,0,1.0,struct,adapted,1,c4a54cdecc67,4304,14
cpp,stream,document,100,65,nlohmann_json,3.11.3,11158,10444,458,21602,89621.796021,95748.755266,46292.009999,0,1.0,struct,native,1,c4a54cdecc67,4305,15
cpp,stream,document,100,65,custom_binary,harness,1348,524,223,1872,741839.762611,1908396.946565,534188.034188,0,1.0,struct,adapted,1,c4a54cdecc67,4306,16
cpp,stream,document,100,65,jsoncons_bson,0.177.0,4344,19314,502,23658,230202.578269,51775.913845,42268.999915,0,1.0,dom,native,1,c4a54cdecc67,4307,17
cpp,stream,document,100,65,nlohmann_cbor,3.11.3,3092,8717,338,11809,323415.265201,114718.366410,84681.175375,0,1.0,dom,native,1,c4a54cdecc67,4308,18
cpp,stream,document,100,65,msgpack,msgpack-cxx,1238,2654,332,3892,807754.442649,376789.751319,256937.307297,0,1.0,struct,native,1,c4a54cdecc67,4309,19
cpp,stream,document,100,65,jsoncons_cbor,0.177.0,2947,18992,338,21939,339328.130302,52653.748947,45580.928939,0,1.0,dom,native,1,c4a54cdecc67,4310,20
cpp,stream,document,100,65,cereal,1.3.2,793,1177,267,1970,1261034.047919,849617.672048,507614.213198,0,1.0,struct,native,1,c4a54cdecc67,4311,21
cpp,stream,document,100,65,flexbuffers,flatbuffers-flex,5989,6781,467,12770,166972.783436,147470.874502,78308.535630,0,1.0,dom,adapted,1,c4a54cdecc67,4312,22
cpp,stream,document,100,65,capnproto,1.0.x,1488,1067,392,2555,672043.010753,937207.122774,391389.432485,0,1.0,schema,native,1,c4a54cdecc67,4313,23
cpp,stream,document,100,65,yas,7.x,573,537,274,1110,1745200.698080,1862197.392924,900900.900901,0,1.0,struct,adapted,1,c4a54cdecc67,4314,24
cpp,stream,document,100,65,yyjson,0.10.0,959,10812,458,11771,1042752.867570,92489.826119,84954.549316,0,1.0,dom,adapted,1,c4a54cdecc67,4315,25
cpp,stream,document,100,66,msgpack,msgpack-cxx,1099,1961,332,3060,909918.107370,509943.906170,326797.385621,0,1.0,struct,native,1,c4a54cdecc67,4316,0
cpp,stream,document,100,66,thrift,TBinaryProtocol,977,485,324,1462,1023541.453429,2061855.670103,683994.528044,0,1.0,schema,adapted,1,c4a54cdecc67,4317,1
cpp,stream,document,100,66,nlohmann_ubjson,3.11.3,3055,9943,409,12998,327332.242226,100573.267625,76934.913064,0,1.0,dom,native,1,c4a54cdecc67,4318,2
cpp,stream,document,100,66,zpp_bits,4.4.25,675,378,227,1053,1481481.481481,2645502.645503,949667.616334,0,1.0,struct,adapted,1,c4a54cdecc67,4319,3
cpp,stream,document,100,66,yas,7.x,1256,390,274,1646,796178.343949,2564102.564103,607533.414338,0,1.0,struct,adapted,1,c4a54cdecc67,4320,4
cpp,stream,document,100,66,arduinojson,7.2.1,5881,15699,458,21580,170039.108995,63698.324734,46339.202966,0,1.0,dom,native,1,c4a54cdecc67,4321,5
cpp,stream,document,100,66,avro_c,avro-c,2484,2930,125,5414,402576.489533,341296.928328,184706.316956,0,1.0,schema,adapted,1,c4a54cdecc67,4322,6
cpp,stream,document,100,66,jsoncons_cbor,0.177.0,4510,19290,338,23800,221729.490022,51840.331778,42016.806723,0,1.0,dom,native,1,c4a54cdecc67,4323,7
cpp,stream,document,100,66,cista,0.15,522,1029,328,1551,1915708.812261,971817.298348,644745.325596,0,1.0,archive,adapted,1,c4a54cdecc67,4324,8
cpp,stream,document,100,66,custom_binary,harness,1428,464,223,1892,700280.112045,2155172.413793,528541.226216,0,1.0,struct,adapted,1,c4a54cdecc67,4325,9
cpp,stream,document,100,66,flexbuffers,flatbuffers-flex,4892,6296,467,11188,204415.372036,158831.003812,89381.480157,0,1.0,dom,adapted,1,c4a54cdecc67,4326,10
cpp,stream,document,100,66,nlohmann_cbor,3.11.3,3033,8440,338,11473,329706.561161,118483.412322,87161.160987,0,1.0,dom,native,1,c4a54cdecc67,4327,11
cpp,stream,document,100,66,simdjson,3.10.1,204,9400,458,9604,4901960.784314,106382.978723,104123.281966,0,1.0,dom,adapted,1,c4a54cdecc67,4328,12
cpp,stream,document,100,66,nlohmann_json,3.11.3,3738,9424,458,13162,267522.739433,106112.054329,75976.295396,0,1.0,struct,native,1,c4a54cdecc67,4329,13
cpp,stream,document,100,66,avro,binary-1.11,626,625,125,1251,1597444.089457,1600000.000000,799360.511591,0,1.0,schema,adapted,1,c4a54cdecc67,4330,14
cpp,stream,document,100,66,cereal,1.3.2,906,1079,267,1985,1103752.759382,926784.059314,503778.337531,0,1.0,struct,native,1,c4a54cdecc67,4331,15
cpp,stream,document,100,66,protobuf-wire,wire-v2,1807,930,164,2737,553403.431101,1075268.817204,365363.536719,0,1.0,schema,adapted,1,c4a54cdecc67,4332,16
cpp,stream,document,100,66,bitsery,5.2.4,260,390,190,650,3846153.846154,2564102.564103,1538461.538462,0,1.0,struct,adapted,1,c4a54cdecc67,4333,17
cpp,stream,document,100,66,rapidjson,1.1.0,4644,20128,458,24772,215331.610680,49682.034976,40368.157597,0,1.0,dom,native,1,c4a54cdecc67,4334,18
cpp,stream,document,100,66,jsoncons_msgpack,0.177.0,3280,18423,332,21703,304878.048780,54279.976117,46076.579275,0,1.0,dom,native,1,c4a54cdecc67,4335,19
cpp,stream,document,100,66,nlohmann_bson,3.11.3,3366,8819,502,12185,297088.532383,113391.540991,82068.116537,0,1.0,dom,native,1,c4a54cdecc67,4336,20
cpp,stream,document,100,66,yyjson,0.10.0,1916,10061,458,11977,521920.668058,99393.698440,83493.362278,0,1.0,dom,adapted,1,c4a54cdecc67,4337,21
cpp,stream,document,100,66,flatbuffers,flatbuffers,773,895,188,1668,1293661.060802,1117318.435754,599520.383693,0,1.0,schema,adapted,1,c4a54cdecc67,4338,22
cpp,stream,document,100,66,nlohmann_msgpack,3.11.3,2936,8479,332,11415,340599.455041,117938.436136,87604.029785,0,1.0,dom,native,1,c4a54cdecc67,4339,23
cpp,stream,document,100,66,capnproto,1.0.x,1926,1039,392,2965,519210.799585,962463.907603,337268.128162,0,1.0,schema,native,1,c4a54cdecc67,4340,24
cpp,stream,document,100,66,jsoncons_bson,0.177.0,3501,18795,502,22296,285632.676378,53205.639798,44851.094367,0,1.0,dom,native,1,c4a54cdecc67,4341,25
cpp,stream,document,100,67,protobuf-wire,wire-v2,1522,790,164,2312,657030.223390,1265822.784810,432525.951557,0,1.0,schema,adapted,1,c4a54cdecc67,4342,0
cpp,stream,document,100,67,cereal,1.3.2,838,1031,267,1869,1193317.422434,969932.104753,535045.478866,0,1.0,struct,native,1,c4a54cdecc67,4343,1
cpp,stream,document,100,67,avro_c,avro-c,2704,2960,125,5664,369822.485207,337837.837838,176553.672316,0,1.0,schema,adapted,1,c4a54cdecc67,4344,2
cpp,stream,document,100,67,arduinojson,7.2.1,5658,17712,458,23370,176740.897844,56458.897922,42789.901583,0,1.0,dom,native,1,c4a54cdecc67,4345,3
cpp,stream,document,100,67,cista,0.15,399,1034,328,1433,2506265.664160,967117.988395,697836.706211,0,1.0,archive,adapted,1,c4a54cdecc67,4346,4
cpp,stream,document,100,67,jsoncons_bson,0.177.0,4234,17993,502,22227,236183.278224,55577.168899,44990.327080,0,1.0,dom,native,1,c4a54cdecc67,4347,5
cpp,stream,document,100,67,nlohmann_json,3.11.3,3784,9435,458,13219,264270.613108,105988.341282,75648.687495,0,1.0,struct,native,1,c4a54cdecc67,4348,6
cpp,stream,document,100,67,yyjson,0.10.0,1230,10089,458,11319,813008.130081,99117.851125,88347.027123,0,1.0,dom,adapted,1,c4a54cdecc67,4349,7
cpp,stream,document,100,67,flatbuffers,flatbuffers,753,860,188,1613,1328021.248340,1162790.697674,619962.802232,0,1.0,schema,adapted,1,c4a54cdecc67,4350,8
cpp,stream,document,100,67,zpp_bits,4.4.25,710,416,227,1126,1408450.704225,2403846.153846,888099.467140,0,1.0,struct,adapted,1,c4a54cdecc67,4351,9
cpp,stream,document,100,67,msgpack,msgpack-cxx,1212,1670,332,2882,825082.508251,598802.395210,346981.263012,0,1.0,struct,native,1,c4a54cdecc67,4352,10
cpp,stream,document,100,67,bitsery,5.2.4,269,342,190,611,3717472.118959,2923976.608187,1636661.211129,0,1.0,struct,adapted,1,c4a54cdecc67,4353,11
cpp,stream,document,100,67,jsoncons_msgpack,0.177.0,2971,18087,332,21058,336587.007742,55288.328634,47487.890588,0,1.0,dom,native,1,c4a54cdecc67,4354,12
cpp,stream,document,100,67,rapidjson,1.1.0,4732,18507,458,23239,211327.134404,54033.608905,43031.111494,0,1.0,dom,native,1,c4a54cdecc67,4355,13
cpp,stream,document,100,67,nlohmann_ubjson,3.11.3,2837,10144,409,12981,352485.019387,98580.441640,77035.667514,0,1.0,dom,native,1,c4a54cdecc67,4356,14
cpp,stream,document,100,67,thrift,TBinaryProtocol,963,514,324,1477,1038421.599169,1945525.291829,677048.070413,0,1.0,schema,adapted,1,c4a54cdecc67,4357,15
cpp,stream,document,100,67,jsoncons_cbor,0.177.0,4209,19183,338,23392,237586.124970,52129.489652,42749.658003,0,1.0,dom,native,1,c4a54cdecc67,4358,16
cpp,stream,document,100,67,nlohmann_cbor,3.11.3,3028,8275,338,11303,330250.990753,120845.921450,88472.087057,0,1.0,dom,native,1,c4a54cdecc67,4359,17
cpp,stream,document,100,67,flexbuffers,flatbuffers-flex,4671,6084,467,10755,214086.919289,164365.548981,92980.009298,0,1.0,dom,adapted,1,c4a54cdecc67,4360,18
cpp,stream,document,100,67,nlohmann_bson,3.11.3,3371,8101,502,11472,296647.878968,123441.550426,87168.758717,0,1.0,dom,native,1,c4a54cdecc67,4361,19
cpp,stream,document,100,67,avro,binary-1.11,653,595,125,1248,1531393.568147,1680672.268908,801282.051282,0,1.0,schema,adapted,1,c4a54cdecc67,4362,20
cpp,stream,document,100,67,custom_binary,harness,1004,437,223,1441,996015.936255,2288329.519451,693962.526024,0,1.0,struct,adapted,1,c4a54cdecc67,4363,21
cpp,stream,document,100,67,capnproto,1.0.x,1878,860,392,2738,532481.363152,1162790.697674,365230.094960,0,1.0,schema,native,1,c4a54cdecc67,4364,22
cpp,stream,document,100,67,yas,7.x,3699,519,274,4218,270343.336037,1926782.273603,237079.184448,0,1.0,struct,adapted,1,c4a54cdecc67,4365,23
cpp,stream,document,100,67,simdjson,3.10.1,189,9921,458,10110,5291005.291005,100796.290697,98911.968348,0,1.0,dom,adapted,1,c4a54cdecc67,4366,24
cpp,stream,document,100,67,nlohmann_msgpack,3.11.3,2960,9215,332,12175,337837.837838,108518.719479,82135.523614,0,1.0,dom,native,1,c4a54cdecc67,4367,25
cpp,stream,document,100,68,avro_c,avro-c,2588,2841,125,5429,386398.763524,351988.736360,184195.984528,0,1.0,schema,adapted,1,c4a54cdecc67,4368,0
cpp,stream,document,100,68,jsoncons_msgpack,0.177.0,4189,18337,332,22526,238720.458343,54534.547636,44393.145698,0,1.0,dom,native,1,c4a54cdecc67,4369,1
cpp,stream,document,100,68,avro,binary-1.11,490,439,125,929,2040816.326531,2277904.328018,1076426.264801,0,1.0,schema,adapted,1,c4a54cdecc67,4370,2
cpp,stream,document,100,68,msgpack,msgpack-cxx,1200,2143,332,3343,833333.333333,466635.557629,299132.515704,0,1.0,struct,native,1,c4a54cdecc67,4371,3
cpp,stream,document,100,68,bitsery,5.2.4,262,418,190,680,3816793.893130,2392344.497608,1470588.235294,0,1.0,struct,adapted,1,c4a54cdecc67,4372,4
cpp,stream,document,100,68,zpp_bits,4.4.25,724,390,227,1114,1381215.469613,2564102.564103,897666.068223,0,1.0,struct,adapted,1,c4a54cdecc67,4373,5
cpp,stream,document,100,68,flexbuffers,flatbuffers-flex,4416,6440,467,10856,226449.275362,155279.503106,92114.959469,0,1.0,dom,adapted,1,c4a54cdecc67,4374,6
cpp,stream,document,100,68,nlohmann_cbor,3.11.3,2891,8906,338,11797,345901.072293,112283.853582,84767.313724,0,1.0,dom,native,1,c4a54cdecc67,4375,7
cpp,stream,document,100,68,yyjson,0.10.0,1599,11065,458,12664,625390.869293,90375.056484,78963.992419,0,1.0,dom,adapted,1,c4a54cdecc67,4376,8
cpp,stream,document,100,68,nlohmann_bson,3.11.3,3383,8714,502,12097,295595.625185,114757.860913,82665.123584,0,1.0,dom,native,1,c4a54cdecc67,4377,9
cpp,stream,document,100,68,rapidjson,1.1.0,4875,21069,458,25944,205128.205128,47463.097442,38544.557508,0,1.0,dom,native,1,c4a54cdecc67,4378,10
cpp,stream,document,100,68,cereal,1.3.2,964,1055,267,2019,1037344.398340,947867.298578,495294.700347,0,1.0,struct,native,1,c4a54cdecc67,4379,11
cpp,stream,document,100,68,protobuf-wire,wire-v2,1644,928,164,2572,608272.506083,1077586.206897,388802.488336,0,1.0,schema,adapted,1,c4a54cdecc67,4380,12
cpp,stream,document,100,68,jsoncons_bson,0.177.0,4276,19172,502,23448,233863.423761,52159.399124,42647.560560,0,1.0,dom,native,1,c4a54cdecc67,4381,13
cpp,stream,document,100,68,capnproto,1.0.x,1271,849,392,2120,786782.061369,1177856.301531,471698.113208,0,1.0,schema,native,1,c4a54cdecc67,4382,14
cpp,stream,document,100,68,flatbuffers,flatbuffers,338,810,188,1148,2958579.881657,1234567.901235,871080.139373,0,1.0,schema,adapted,1,c4a54cdecc67,4383,15
cpp,stream,document,100,68,custom_binary,harness,986,444,223,1430,1014198.782961,2252252.252252,699300.699301,0,1.0,struct,adapted,1,c4a54cdecc67,4384,16
cpp,stream,document,100,68,thrift,TBinaryProtocol,993,540,324,1533,1007049.345418,1851851.851852,652315.720809,0,1.0,schema,adapted,1,c4a54cdecc67,4385,17
cpp,stream,document,100,68,jsoncons_cbor,0.177.0,3031,19012,338,22043,329924.117453,52598.358931,45365.875788,0,1.0,dom,native,1,c4a54cdecc67,4386,18
cpp,stream,document,100,68,nlohmann_ubjson,3.11.3,3020,9703,409,12723,331125.827815,103060.908997,78597.814981,0,1.0,dom,native,1,c4a54cdecc67,4387,19
cpp,stream,document,100,68,cista,0.15,411,1132,328,1543,2433090.024331,883392.226148,648088.139987,0,1.0,archive,adapted,1,c4a54cdecc67,4388,20
cpp,stream,document,100,68,nlohmann_json,3.11.3,3727,9657,458,13384,268312.315535,103551.827690,74716.078900,0,1.0,struct,native,1,c4a54cdecc67,4389,21
cpp,stream,document,100,68,nlohmann_msgpack,3.11.3,2937,8174,332,11111,340483.486551,122339.124052,90000.900009,0,1.0,dom,native,1,c4a54cdecc67,4390,22
cpp,stream,document,100,68,yas,7.x,1723,488,274,2211,580383.052815,2049180.327869,452284.034374,0,1.0,struct,adapted,1,c4a54cdecc67,4391,23
cpp,stream,document,100,68,simdjson,3.10.1,206,9681,458,9887,4854368.932039,103295.114141,101142.914939,0,1.0,dom,adapted,1,c4a54cdecc67,4392,24
cpp,stream,document,100,68,arduinojson,7.2.1,5849,20866,458,26715,170969.396478,47924.853829,37432.154220,0,1.0,dom,native,1,c4a54cdecc67,4393,25
cpp,stream,document,100,69,bitsery,5.2.4,303,373,190,676,3300330.033003,2680965.147453,1479289.940828,0,1.0,struct,adapted,1,c4a54cdecc67,4394,0
cpp,stream,document,100,69,yas,7.x,1514,349,274,1863,660501.981506,2865329.512894,536768.652711,0,1.0,struct,adapted,1,c4a54cdecc67,4395,1
cpp,stream,document,100,69,thrift,TBinaryProtocol,859,459,324,1318,1164144.353900,2178649.237473,758725.341426,0,1.0,schema,adapted,1,c4a54cdecc67,4396,2
cpp,stream,document,100,69,nlohmann_bson,3.11.3,3437,9388,502,12825,290951.411114,106518.960375,77972.709552,0,1.0,dom,native,1,c4a54cdecc67,4397,3
cpp,stream,document,100,69,flexbuffers,flatbuffers-flex,4885,6019,467,10904,204708.290686,166140.554909,91709.464417,0,1.0,dom,adapted,1,c4a54cdecc67,4398,4
cpp,stream,document,100,69,capnproto,1.0.x,1717,787,392,2504,582411.182295,1270648.030496,399361.022364,0,1.0,schema,native,1,c4a54cdecc67,4399,5
cpp,stream,document,100,69,jsoncons_bson,0.177.0,3619,19679,502,23298,276319.425256,50815.590223,42922.139239,0,1.0,dom,native,1,c4a54cdecc67,4400,6
cpp,stream,document,100,69,arduinojson,7.2.1,5716,16206,458,21922,174947.515745,61705.541158,45616.275887,0,1.0,dom,native,1,c4a54cdecc67,4401,7
cpp,stream,document,100,69,jsoncons_cbor,0.177.0,3912,19250,338,23162,255623.721881,51948.051948,43174.164580,0,1.0,dom,native,1,c4a54cdecc67,4402,8
cpp,stream,document,100,69,protobuf-wire,wire-v2,1777,917,164,2694,562746.201463,1090512.540894,371195.248701,0,1.0,schema,adapted,1,c4a54cdecc67,4403,9
cpp,stream,document,100,69,simdjson,3.10.1,200,9430,458,9630,5000000.000000,106044.538706,103842.159917,0,1.0,dom,adapted,1,c4a54cdecc67,4404,10
cpp,stream,document,100,69,zpp_bits,4.4.25,685,393,227,1078,1459854.014599,2544529.262087,927643.784787,0,1.0,struct,adapted,1,c4a54cdecc67,4405,11
cpp,stream,document,100,69,rapidjson,1.1.0,5143,20042,458,25185,194439.043360,49895.220038,39706.174310,0,1.0,dom,native,1,c4a54cdecc67,4406,12
cpp,stream,document,100,69,yyjson,0.10.0,1077,9706,458,10783,928505.106778,103029.054193,92738.569971,0,1.0,dom,adapted,1,c4a54cdecc67,4407,13
cpp,stream,document,100,69,msgpack,msgpack-cxx,1183,2120,332,3303,845308.537616,471698.113208,302755.071147,0,1.0,struct,native,1,c4a54cdecc67,4408,14
cpp,stream,document,100,69,nlohmann_cbor,3.11.3,3215,9748,338,12963,311041.990669,102585.145671,77142.636735,0,1.0,dom,native,1,c4a54cdecc67,4409,15
cpp,stream,document,100,69,custom_binary,harness,1233,537,223,1770,811030.008110,1862197.392924,564971.751412,0,1.0,struct,adapted,1,c4a54cdecc67,4410,16
cpp,stream,document,100,69,nlohmann_msgpack,3.11.3,2879,7768,332,10647,347342.827371,128733.264676,93923.170846,0,1.0,dom,native,1,c4a54cdecc67,4411,17
cpp,stream,document,100,69,cista,0.15,368,1082,328,1450,2717391.304348,924214.417745,689655.172414,0,1.0,archive,adapted,1,c4a54cdecc67,4412,18
cpp,stream,document,100,69,flatbuffers,flatbuffers,1371,926,188,2297,729394.602480,1079913.606911,435350.457118,0,1.0,schema,adapted,1,c4a54cdecc67,4413,19
cpp,stream,document,100,69,jsoncons_msgpack,0.177.0,2605,18615,332,21220,383877.159309,53720.118184,47125.353440,0,1.0,dom,native,1,c4a54cdecc67,4414,20
cpp,stream,document,100,69,nlohmann_json,3.11.3,3688,9572,458,13260,271149.674620,104471.374843,75414.781297,0,1.0,struct,native,1,c4a54cdecc67,4415,21
cpp,stream,document,100,69,nlohmann_ubjson,3.11.3,2901,10024,409,12925,344708.721131,99760.574621,77369.439072,0,1.0,dom,native,1,c4a54cdecc67,4416,22
cpp,stream,document,100,69,cereal,1.3.2,753,1019,267,1772,1328021.248340,981354.268891,564334.085779,0,1.0,struct,native,1,c4a54cdecc67,4417,23
cpp,stream,document,100,69,avro_c,avro-c,2844,3516,125,6360,351617.440225,284414.106940,157232.704403,0,1.0,schema,adapted,1,c4a54cdecc67,4418,24
cpp,stream,document,100,69,avro,binary-1.11,628,662,125,1290,1592356.687898,1510574.018127,775193.798450,0,1.0,schema,adapted,1,c4a54cdecc67,4419,25
cpp,stream,document,100,70,simdjson,3.10.1,183,9857,458,10040,5464480.874317,101450.745663,99601.593625,0,1.0,dom,adapted,1,c4a54cdecc67,4420,0
cpp,stream,document,100,70,avro_c,avro-c,1948,2233,125,4181,513347.022587,447828.034035,239177.230328,0,1.0,schema,adapted,1,c4a54cdecc67,4421,1
cpp,stream,document,100,70,jsoncons_cbor,0.177.0,3932,18485,338,22417,254323.499491,54097.917230,44609.002097,0,1.0,dom,native,1,c4a54cdecc67,4422,2
cpp,stream,document,100,70,nlohmann_ubjson,3.11.3,2954,9764,409,12718,338524.035206,102417.042196,78628.715207,0,1.0,dom,native,1,c4a54cdecc67,4423,3
cpp,stream,document,100,70,thrift,TBinaryProtocol,878,488,324,1366,1138952.164009,2049180.327869,732064.421669,0,1.0,schema,adapted,1,c4a54cdecc67,4424,4
cpp,stream,document,100,70,flatbuffers,flatbuffers,1503,925,188,2428,665335.994677,1081081.081081,411861.614498,0,1.0,schema,adapted,1,c4a54cdecc67,4425,5
cpp,stream,document,100,70,avro,binary-1.11,465,395,125,860,2150537.634409,2531645.569620,1162790.697674,0,1.0,schema,adapted,1,c4a54cdecc67,4426,6
cpp,stream,document,100,70,zpp_bits,4.4.25,633,349,227,982,1579778.830964,2865329.512894,1018329.938900,0,1.0,struct,adapted,1,c4a54cdecc67,4427,7
cpp,stream,document,100,70,cista,0.15,377,1041,328,1418,2652519.893899,960614.793468,705218.617772,0,1.0,archive,adapted,1,c4a54cdecc67,4428,8
cpp,stream,document,100,70,nlohmann_cbor,3.11.3,3069,9118,338,12187,325839.035516,109673.173942,82054.648396,0,1.0,dom,native,1,c4a54cdecc67,4429,9
cpp,stream,document,100,70,protobuf-wire,wire-v2,1652,709,164,2361,605326.876513,1410437.235543,423549.343499,0,1.0,schema,adapted,1,c4a54cdecc67,4430,10
cpp,stream,document,100,70,nlohmann_json,3.11.3,3958,10156,458,14114,252652.854977,98463.962190,70851.636673,0,1.0,struct,native,1,c4a54cdecc67,4431,11
cpp,stream,document,100,70,arduinojson,7.2.1,5953,16137,458,22090,167982.529817,61969.387123,45269.352648,0,1.0,dom,native,1,c4a54cdecc67,4432,12
cpp,stream,document,100,70,nlohmann_bson,3.11.3,3347,9115,502,12462,298775.022408,109709.270433,80243.941582,0,1.0,dom,native,1,c4a54cdecc67,4433,13
cpp,stream,document,100,70,rapidjson,1.1.0,5090,20638,458,25728,196463.654224,48454.307588,38868.159204,0,1.0,dom,native,1,c4a54cdecc67,4434,14
cpp,stream,document,100,70,yyjson,0.10.0,1022,49928,458,50950,978473.581213,20028.841532,19627.085378,0,1.0,dom,adapted,1,c4a54cdecc67,4435,15
cpp,stream,document,100,70,capnproto,1.0.x,1582,1334,392,2916,632111.251580,749625.187406,342935.528121,0,1.0,schema,native,1,c4a54cdecc67,4436,16
cpp,stream,document,100,70,cereal,1.3.2,1092,1169,267,2261,915750.915751,855431.993157,442282.176028,0,1.0,struct,native,1,c4a54cdecc67,4437,17
cpp,stream,document,100,70,custom_binary,harness,1278,583,223,1861,782472.613459,1715265.866209,537345.513165,0,1.0,struct,adapted,1,c4a54cdecc67,4438,18
cpp,stream,document,100,70,msgpack,msgpack-cxx,1599,1989,332,3588,625390.869293,502765.208648,278706.800446,0,1.0,struct,native,1,c4a54cdecc67,4439,19
cpp,stream,document,100,70,nlohmann_msgpack,3.11.3,3261,10623,332,13884,306654.400491,94135.366657,72025.352924,0,1.0,dom,native,1,c4a54cdecc67,4440,20
cpp,stream,document,100,70,jsoncons_msgpack,0.177.0,4516,22544,332,27060,221434.898140,44357.700497,36954.915004,0,1.0,dom,native,1,c4a54cdecc67,4441,21
cpp,stream,document,100,70,yas,7.x,1252,702,274,1954,798722.044728,1424501.424501,511770.726714,0,1.0,struct,adapted,1,c4a54cdecc67,4442,22
cpp,stream,document,100,70,flexbuffers,flatbuffers-flex,6073,7368,467,13441,164663.263626,135722.041260,74399.226248,0,1.0,dom,adapted,1,c4a54cdecc67,4443,23
cpp,stream,document,100,70,bitsery,5.2.4,329,508,190,837,3039513.677812,1968503.937008,1194743.130227,0,1.0,struct,adapted,1,c4a54cdecc67,4444,24
cpp,stream,document,100,70,jsoncons_bson,0.177.0,4974,19395,502,24369,201045.436269,51559.680330,41035.742131,0,1.0,dom,native,1,c4a54cdecc67,4445,25
cpp,stream,document,100,71,avro_c,avro-c,3209,3479,125,6688,311623.558741,287438.919230,149521.531100,0,1.0,schema,adapted,1,c4a54cdecc67,4446,0
cpp,stream,document,100,71,cista,0.15,568,1322,328,1890,1760563.380282,756429.652042,529100.529101,0,1.0,archive,adapted,1,c4a54cdecc67,4447,1
cpp,stream,document,100,71,flexbuffers,flatbuffers-flex,4735,5821,467,10556,211193.241816,171791.788353,94732.853354,0,1.0,dom,adapted,1,c4a54cdecc67,4448,2
cpp,stream,document,100,71,flatbuffers,flatbuffers,1078,1295,188,2373,927643.784787,772200.772201,421407.501054,0,1.0,schema,adapted,1,c4a54cdecc67,4449,3
cpp,stream,document,100,71,nlohmann_json,3.11.3,4268,10739,458,15007,234301.780694,93118.539901,66635.570067,0,1.0,struct,native,1,c4a54cdecc67,4450,4
cpp,stream,document,100,71,zpp_bits,4.4.25,885,460,227,1345,1129943.502825,2173913.043478,743494.423792,0,1.0,struct,adapted,1,c4a54cdecc67,4451,5
cpp,stream,document,100,71,rapidjson,1.1.0,5232,19916,458,25148,191131.498471,50210.885720,39764.593606,0,1.0,dom,native,1,c4a54cdecc67,4452,6
cpp,stream,document,100,71,nlohmann_ubjson,3.11.3,3189,11938,409,15127,313577.924114,83766.124979,66106.961063,0,1.0,dom,native,1,c4a54cdecc67,4453,7
cpp,stream,document,100,71,bitsery,5.2.4,272,383,190,655,3676470.588235,2610966.057441,1526717.557252,0,1.0,struct,adapted,1,c4a54cdecc67,4454,8
cpp,stream,document,100,71,jsoncons_cbor,0.177.0,5004,21253,338,26257,199840.127898,47052.180869,38085.082073,0,1.0,dom,native,1,c4a54cdecc67,4455,9
cpp,stream,document,100,71,yas,7.x,1094,519,274,1613,914076.782450,1926782.273603,619962.802232,0,1.0,struct,adapted,1,c4a54cdecc67,4456,10
cpp,stream,document,100,71,protobuf-wire,wire-v2,2173,952,164,3125,460193.281178,1050420.168067,320000.000000,0,1.0,schema,adapted,1,c4a54cdecc67,4457,11
cpp,stream,document,100,71,simdjson,3.10.1,208,11258,458,11466,4807692.307692,88825.723930,87214.372929,0,1.0,dom,adapted,1,c4a54cdecc67,4458,12
cpp,stream,document,100,71,capnproto,1.0.x,1325,1021,392,2346,754716.981132,979431.929481,426257.459506,0,1.0,schema,native,1,c4a54cdecc67,4459,13
cpp,stream,document,100,71,msgpack,msgpack-cxx,1323,1810,332,3133,755857.898715,552486.187845,319182.891797,0,1.0,struct,native,1,c4a54cdecc67,4460,14
cpp,stream,document,100,71,cereal,1.3.2,890,1140,267,2030,1123595.505618,877192.982456,492610.837438,0,1.0,struct,native,1,c4a54cdecc67,4461,15
cpp,stream,document,100,71,custom_binary,harness,1122,535,223,1657,891265.597148,1869158.878505,603500.301750,0,1.0,struct,adapted,1,c4a54cdecc67,4462,16
cpp,stream,document,100,71,nlohmann_bson,3.11.3,3805,10049,502,13854,262812.089356,99512.389292,72181.319475,0,1.0,dom,native,1,c4a54cdecc67,4463,17
cpp,stream,document,100,71,arduinojson,7.2.1,6229,18136,458,24365,160539.412426,55138.950154,41042.478966,0,1.0,dom,native,1,c4a54cdecc67,4464,18
cpp,stream,document,100,71,thrift,TBinaryProtocol,1372,911,324,2283,728862.973761,1097694.840834,438020.148927,0,1.0,schema,adapted,1,c4a54cdecc67,4465,19
cpp,stream,document,100,71,yyjson,0.10.0,1518,10402,458,11920,658761.528327,96135.358585,83892.617450,0,1.0,dom,adapted,1,c4a54cdecc67,4466,20
cpp,stream,document,100,71,jsoncons_msgpack,0.177.0,3452,19327,332,22779,289687.137891,51741.087598,43900.083410,0,1.0,dom,native,1,c4a54cdecc67,4467,21
cpp,stream,document,100,71,avro,binary-1.11,937,853,125,1790,1067235.859125,1172332.942556,558659.217877,0,1.0,schema,adapted,1,c4a54cdecc67,4468,22
cpp,stream,document,100,71,jsoncons_bson,0.177.0,4793,18122,502,22915,208637.596495,55181.547291,43639.537421,0,1.0,dom,native,1,c4a54cdecc67,4469,23
cpp,stream,document,100,71,nlohmann_cbor,3.11.3,3745,9559,338,13304,267022.696929,104613.453290,75165.363800,0,1.0,dom,native,1,c4a54cdecc67,4470,24
cpp,stream,document,100,71,nlohmann_msgpack,3.11.3,3759,9438,332,13197,266028.198989,105954.651409,75774.797302,0,1.0,dom,native,1,c4a54cdecc67,4471,25
cpp,stream,document,100,72,nlohmann_json,3.11.3,4075,9746,458,13821,245398.773006,102606.197414,72353.664713,0,1.0,struct,native,1,c4a54cdecc67,4472,0
cpp,stream,document,100,72,nlohmann_cbor,3.11.3,2546,12152,338,14698,392772.977219,82290.980908,68036.467547,0,1.0,dom,native,1,c4a54cdecc67,4473,1
cpp,stream,document,100,72,cereal,1.3.2,962,1025,267,1987,1039501.039501,975609.756098,503271.263211,0,1.0,struct,native,1,c4a54cdecc67,4474,2
cpp,stream,document,100,72,msgpack,msgpack-cxx,1316,2627,332,3943,759878.419453,380662.352493,253613.999493,0,1.0,struct,native,1,c4a54cdecc67,4475,3
cpp,stream,document,100,72,nlohmann_msgpack,3.11.3,2467,8701,332,11168,405350.628293,114929.318469,89541.547278,0,1.0,dom,native,1,c4a54cdecc67,4476,4
cpp,stream,document,100,72,nlohmann_bson,3.11.3,3318,8633,502,11951,301386.377336,115834.588208,83675.006276,0,1.0,dom,native,1,c4a54cdecc67,4477,5
cpp,stream,document,100,72,simdjson,3.10.1,201,10200,458,10401,4975124.378109,98039.215686,96144.601481,0,1.0,dom,adapted,1,c4a54cdecc67,4478,6
cpp,stream,document,100,72,jsoncons_bson,0.177.0,4799,17677,502,22476,208376.745155,56570.685071,44491.902474,0,1.0,dom,native,1,c4a54cdecc67,4479,7
cpp,stream,document,100,72,flexbuffers,flatbuffers-flex,4906,6018,467,10924,203832.042397,166168.162180,91541.559868,0,1.0,dom,adapted,1,c4a54cdecc67,4480,8
cpp,stream,document,100,72,jsoncons_msgpack,0.177.0,3527,18237,332,21764,283527.076836,54833.580084,45947.436133,0,1.0,dom,native,1,c4a54cdecc67,4481,9
cpp,stream,document,100,72,rapidjson,1.1.0,5008,19612,458,24620,199680.511182,50989.190292,40617.384240,0,1.0,dom,native,1,c4a54cdecc67,4482,10
cpp,stream,document,100,72,nlohmann_ubjson,3.11.3,2952,10531,409,13483,338753.387534,94957.743804,74167.470148,0,1.0,dom,native,1,c4a54cdecc67,4483,11
cpp,stream,document,100,72,avro,binary-1.11,709,767,125,1476,1410437.235543,1303780.964798,677506.775068,0,1.0,schema,adapted,1,c4a54cdecc67,4484,12
cpp,stream,document,100,72,arduinojson,7.2.1,5753,16138,458,21891,173822.353555,61965.547156,45680.873418,0,1.0,dom,native,1,c4a54cdecc67,4485,13
cpp,stream,document,100,72,custom_binary,harness,1069,553,223,1622,935453.695042,1808318.264014,616522.811344,0,1.0,struct,adapted,1,c4a54cdecc67,4486,14
cpp,stream,document,100,72,bitsery,5.2.4,316,396,190,712,3164556.962025,2525252.525253,1404494.382022,0,1.0,struct,adapted,1,c4a54cdecc67,4487,15
cpp,stream,document,100,72,cista,0.15,609,1155,328,1764,1642036.124795,865800.865801,566893.424036,0,1.0,archive,adapted,1,c4a54cdecc67,4488,16
cpp,stream,document,100,72,protobuf-wire,wire-v2,2100,1104,164,3204,476190.476190,905797.101449,312109.862672,0,1.0,schema,adapted,1,c4a54cdecc67,4489,17
cpp,stream,document,100,72,yas,7.x,1499,527,274,2026,667111.407605,1897533.206831,493583.415597,0,1.0,struct,adapted,1,c4a54cdecc67,4490,18
cpp,stream,document,100,72,thrift,TBinaryProtocol,1213,624,324,1837,824402.308326,1602564.102564,544365.813827,0,1.0,schema,adapted,1,c4a54cdecc67,4491,19
cpp,stream,document,100,72,flatbuffers,flatbuffers,350,851,188,1201,2857142.857143,1175088.131610,832639.467111,0,1.0,schema,adapted,1,c4a54cdecc67,4492,20
cpp,stream,document,100,72,zpp_bits,4.4.25,782,453,227,1235,1278772.378517,2207505.518764,809716.599190,0,1.0,struct,adapted,1,c4a54cdecc67,4493,21
cpp,stream,document,100,72,jsoncons_cbor,0.177.0,3630,19702,338,23332,275482.093664,50756.268399,42859.591977,0,1.0,dom,native,1,c4a54cdecc67,4494,22
cpp,stream,document,100,72,avro_c,avro-c,3127,3558,125,6685,319795.330988,281056.773468,149588.631264,0,1.0,schema,adapted,1,c4a54cdecc67,4495,23
cpp,stream,document,100,72,yyjson,0.10.0,1339,9969,458,11308,746825.989544,100310.963988,88432.967810,0,1.0,dom,adapted,1,c4a54cdecc67,4496,24
cpp,stream,document,100,72,capnproto,1.0.x,1372,971,392,2343,728862.973761,1029866.117405,426803.243705,0,1.0,schema,native,1,c4a54cdecc67,4497,25
cpp,stream,document,100,73,cista,0.15,414,949,328,1363,2415458.937198,1053740.779768,733675.715334,0,1.0,archive,adapted,1,c4a54cdecc67,4498,0
cpp,stream,document,100,73,flexbuffers,flatbuffers-flex,4886,6754,467,11640,204666.393778,148060.408647,85910.652921,0,1.0,dom,adapted,1,c4a54cdecc67,4499,1
cpp,stream,document,100,73,nlohmann_ubjson,3.11.3,3370,10075,409,13445,296735.905045,99255.583127,74377.091856,0,1.0,dom,native,1,c4a54cdecc67,4500,2
cpp,stream,document,100,73,thrift,TBinaryProtocol,1150,463,324,1613,869565.217391,2159827.213823,619962.802232,0,1.0,schema,adapted,1,c4a54cdecc67,4501,3
cpp,stream,document,100,73,avro,binary-1.11,664,526,125,1190,1506024.096386,1901140.684411,840336.134454,0,1.0,schema,adapted,1,c4a54cdecc67,4502,4
cpp,stream,document,100,73,cereal,1.3.2,877,973,267,1850,1140250.855188,1027749.229188,540540.540541,0,1.0,struct,native,1,c4a54cdecc67,4503,5
cpp,stream,document,100,73,arduinojson,7.2.1,6010,17128,458,23138,166389.351082,58383.932742,43218.947186,0,1.0,dom,native,1,c4a54cdecc67,4504,6
cpp,stream,document,100,73,nlohmann_json,3.11.3,4010,9296,458,13306,249376.558603,107573.149742,75154.065835,0,1.0,struct,native,1,c4a54cdecc67,4505,7
cpp,stream,document,100,73,jsoncons_bson,0.177.0,4704,19069,502,23773,212585.034014,52441.134826,42064.526984,0,1.0,dom,native,1,c4a54cdecc67,4506,8
cpp,stream,document,100,73,yyjson,0.10.0,1157,9327,458,10484,864304.235091,107215.610593,95383.441435,0,1.0,dom,adapted,1,c4a54cdecc67,4507,9
cpp,stream,document,100,73,nlohmann_bson,3.11.3,3284,9035,502,12319,304506.699147,110680.686220,81175.420083,0,1.0,dom,native,1,c4a54cdecc67,4508,10
cpp,stream,document,100,73,rapidjson,1.1.0,4856,19908,458,24764,205930.807249,50231.062889,40381.198514,0,1.0,dom,native,1,c4a54cdecc67,4509,11
cpp,stream,document,100,73,msgpack,msgpack-cxx,1338,1919,332,3257,747384.155456,521104.742053,307031.010132,0,1.0,struct,native,1,c4a54cdecc67,4510,12
cpp,stream,document,100,73,avro_c,avro-c,2605,3271,125,5876,383877.159309,305716.906145,170183.798502,0,1.0,schema,adapted,1,c4a54cdecc67,4511,13
cpp,stream,document,100,73,bitsery,5.2.4,299,391,190,690,3344481.605351,2557544.757033,1449275.362319,0,1.0,struct,adapted,1,c4a54cdecc67,4512,14
cpp,stream,document,100,73,simdjson,3.10.1,200,10398,458,10598,5000000.000000,96172.340835,94357.425929,0,1.0,dom,adapted,1,c4a54cdecc67,4513,15
cpp,stream,document,100,73,zpp_bits,4.4.25,803,377,227,1180,1245330.012453,2652519.893899,847457.627119,0,1.0,struct,adapted,1,c4a54cdecc67,4514,16
cpp,stream,document,100,73,nlohmann_cbor,3.11.3,3220,8919,338,12139,310559.006211,112120.192847,82379.108658,0,1.0,dom,native,1,c4a54cdecc67,4515,17
cpp,stream,document,100,73,capnproto,1.0.x,1872,839,392,2711,534188.034188,1191895.113230,368867.576540,0,1.0,schema,native,1,c4a54cdecc67,4516,18
cpp,stream,document,100,73,jsoncons_msgpack,0.177.0,2811,18967,332,21778,355745.286375,52723.150735,45917.898797,0,1.0,dom,native,1,c4a54cdecc67,4517,19
cpp,stream,document,100,73,custom_binary,harness,905,440,223,1345,1104972.375691,2272727.272727,743494.423792,0,1.0,struct,adapted,1,c4a54cdecc67,4518,20
cpp,stream,document,100,73,jsoncons_cbor,0.177.0,3822,18134,338,21956,261643.118786,55145.031433,45545.636728,0,1.0,dom,native,1,c4a54cdecc67,4519,21
cpp,stream,document,100,73,flatbuffers,flatbuffers,945,1018,188,1963,1058201.058201,982318.271120,509424.350484,0,1.0,schema,adapted,1,c4a54cdecc67,4520,22
cpp,stream,document,100,73,yas,7.x,564,495,274,1059,1773049.645390,2020202.020202,944287.063267,0,1.0,struct,adapted,1,c4a54cdecc67,4521,23
cpp,stream,document,100,73,nlohmann_msgpack,3.11.3,3067,8630,332,11697,326051.516140,115874.855156,85492.006497,0,1.0,dom,native,1,c4a54cdecc67,4522,24
cpp,stream,document,100,73,protobuf-wire,wire-v2,1815,755,164,2570,550964.187328,1324503.311258,389105.058366,0,1.0,schema,adapted,1,c4a54cdecc67,4523,25
cpp,stream,document,100,74,nlohmann_msgpack,3.11.3,2563,7549,332,10112,390167.772142,132467.876540,98892.405063,0,1.0,dom,native,1,c4a54cdecc67,4524,0
cpp,stream,document,100,74,flatbuffers,flatbuffers,1205,745,188,1950,829875.518672,1342281.879195,512820.512821,0,1.0,schema,adapted,1,c4a54cdecc67,4525,1
cpp,stream,document,100,74,bitsery,5.2.4,273,359,190,632,3663003.663004,2785515.320334,1582278.481013,0,1.0,struct,adapted,1,c4a54cdecc67,4526,2
cpp,stream,document,100,74,capnproto,1.0.x,716,737,392,1453,1396648.044693,1356852.103121,688231.245699,0,1.0,schema,native,1,c4a54cdecc67,4527,3
cpp,stream,document,100,74,cista,0.15,374,980,328,1354,2673796.791444,1020408.163265,738552.437223,0,1.0,archive,adapted,1,c4a54cdecc67,4528,4
cpp,stream,document,100,74,nlohmann_json,3.11.3,3844,9594,458,13438,260145.681582,104231.811549,74415.835690,0,1.0,struct,native,1,c4a54cdecc67,4529,5
cpp,stream,document,100,74,yas,7.x,1050,334,274,1384,952380.952381,2994011.976048,722543.352601,0,1.0,struct,adapted,1,c4a54cdecc67,4530,6
cpp,stream,document,100,74,jsoncons_cbor,0.177.0,3503,19606,338,23109,285469.597488,51004.794451,43273.183608,0,1.0,dom,native,1,c4a54cdecc67,4531,7
cpp,stream,document,100,74,arduinojson,7.2.1,6027,15655,458,21682,165920.026547,63877.355477,46121.206531,0,1.0,dom,native,1,c4a54cdecc67,4532,8
cpp,stream,document,100,74,zpp_bits,4.4.25,640,350,227,990,1562500.000000,2857142.857143,1010101.010101,0,1.0,struct,adapted,1,c4a54cdecc67,4533,9
cpp,stream,document,100,74,simdjson,3.10.1,191,9597,458,9788,5235602.094241,104199.228926,102165.917450,0,1.0,dom,adapted,1,c4a54cdecc67,4534,10
cpp,stream,document,100,74,rapidjson,1.1.0,4658,18978,458,23636,214684.413912,52692.591422,42308.343205,0,1.0,dom,native,1,c4a54cdecc67,4535,11
cpp,stream,document,100,74,protobuf-wire,wire-v2,1700,885,164,2585,588235.294118,1129943.502825,386847.195358,0,1.0,schema,adapted,1,c4a54cdecc67,4536,12
cpp,stream,document,100,74,nlohmann_cbor,3.11.3,2992,9627,338,12619,334224.598930,103874.519580,79245.582059,0,1.0,dom,native,1,c4a54cdecc67,4537,13
cpp,stream,document,100,74,nlohmann_ubjson,3.11.3,2943,9117,409,12060,339789.330615,109685.203466,82918.739635,0,1.0,dom,native,1,c4a54cdecc67,4538,14
cpp,stream,document,100,74,msgpack,msgpack-cxx,1202,2572,332,3774,831946.755408,388802.488336,264970.853206,0,1.0,struct,native,1,c4a54cdecc67,4539,15
cpp,stream,document,100,74,yyjson,0.10.0,654,9552,458,10206,1529051.987768,104690.117253,97981.579463,0,1.0,dom,adapted,1,c4a54cdecc67,4540,16
cpp,stream,document,100,74,cereal,1.3.2,858,979,267,1837,1165501.165501,1021450.459653,544365.813827,0,1.0,struct,native,1,c4a54cdecc67,4541,17
cpp,stream,document,100,74,avro_c,avro-c,2531,3060,125,5591,395100.750691,326797.385621,178858.880343,0,1.0,schema,adapted,1,c4a54cdecc67,4542,18
cpp,stream,document,100,74,avro,binary-1.11,596,583,125,1179,1677852.348993,1715265.866209,848176.420696,0,1.0,schema,adapted,1,c4a54cdecc67,4543,19
cpp,stream,document,100,74,jsoncons_msgpack,0.177.0,3944,19194,332,23138,253549.695740,52099.614463,43218.947186,0,1.0,dom,native,1,c4a54cdecc67,4544,20
cpp,stream,document,100,74,custom_binary,harness,1029,525,223,1554,971817.298348,1904761.904762,643500.643501,0,1.0,struct,adapted,1,c4a54cdecc67,4545,21
cpp,stream,document,100,74,thrift,TBinaryProtocol,1046,555,324,1601,956022.944551,1801801.801802,624609.618988,0,1.0,schema,adapted,1,c4a54cdecc67,4546,22
cpp,stream,document,100,74,nlohmann_bson,3.11.3,3350,9110,502,12460,298507.462687,109769.484083,80256.821830,0,1.0,dom,native,1,c4a54cdecc67,4547,23
cpp,stream,document,100,74,flexbuffers,flatbuffers-flex,4451,5752,467,10203,224668.613795,173852.573018,98010.389101,0,1.0,dom,adapted,1,c4a54cdecc67,4548,24
cpp,stream,document,100,74,jsoncons_bson,0.177.0,4869,18071,502,22940,205380.981721,55337.280726,43591.979076,0,1.0,dom,native,1,c4a54cdecc67,4549,25
cpp,stream,document,100,75,rapidjson,1.1.0,4604,20088,458,24692,217202.432667,49780.963759,40498.947027,0,1.0,dom,native,1,c4a54cdecc67,4550,0
cpp,stream,document,100,75,nlohmann_msgpack,3.11.3,2823,8741,332,11564,354233.085370,114403.386340,86475.268073,0,1.0,dom,native,1,c4a54cdecc67,4551,1
cpp,stream,document,100,75,jsoncons_cbor,0.177.0,3882,19533,338,23415,257599.175683,51195.412891,42707.666026,0,1.0,dom,native,1,c4a54cdecc67,4552,2
cpp,stream,document,100,75,custom_binary,harness,998,487,223,1485,1002004.008016,2053388.090349,673400.673401,0,1.0,struct,adapted,1,c4a54cdecc67,4553,3
cpp,stream,document,100,75,yyjson,0.10.0,1077,9373,458,10450,928505.106778,106689.427078,95693.779904,0,1.0,dom,adapted,1,c4a54cdecc67,4554,4
cpp,stream,document,100,75,yas,7.x,951,437,274,1388,1051524.710831,2288329.519451,720461.095101,0,1.0,struct,adapted,1,c4a54cdecc67,4555,5
cpp,stream,document,100,75,avro,binary-1.11,487,472,125,959,2053388.090349,2118644.067797,1042752.867570,0,1.0,schema,adapted,1,c4a54cdecc67,4556,6
cpp,stream,document,100,75,thrift,TBinaryProtocol,832,444,324,1276,1201923.076923,2252252.252252,783699.059561,0,1.0,schema,adapted,1,c4a54cdecc67,4557,7
cpp,stream,document,100,75,nlohmann_json,3.11.3,3780,9872,458,13652,264550.264550,101296.596434,73249.340756,0,1.0,struct,native,1,c4a54cdecc67,4558,8
cpp,stream,document,100,75,arduinojson,7.2.1,5802,15477,458,21279,172354.360565,64612.004911,46994.689600,0,1.0,dom,native,1,c4a54cdecc67,4559,9
cpp,stream,document,100,75,nlohmann_bson,3.11.3,3333,8913,502,12246,300030.003000,112195.669247,81659.317328,0,1.0,dom,native,1,c4a54cdecc67,4560,10
cpp,stream,document,100,75,flatbuffers,flatbuffers,1664,934,188,2598,600961.538462,1070663.811563,384911.470362,0,1.0,schema,adapted,1,c4a54cdecc67,4561,11
cpp,stream,document,100,75,msgpack,msgpack-cxx,1180,1527,332,2707,847457.627119,654878.847413,369412.633912,0,1.0,struct,native,1,c4a54cdecc67,4562,12
cpp,stream,document,100,75,bitsery,5.2.4,304,379,190,683,3289473.684211,2638522.427441,1464128.843338,0,1.0,struct,adapted,1,c4a54cdecc67,4563,13
cpp,stream,document,100,75,simdjson,3.10.1,191,10323,458,10514,5235602.094241,96871.064613,95111.280198,0,1.0,dom,adapted,1,c4a54cdecc67,4564,14
cpp,stream,document,100,75,cereal,1.3.2,845,1040,267,1885,1183431.952663,961538.461538,530503.978780,0,1.0,struct,native,1,c4a54cdecc67,4565,15
cpp,stream,document,100,75,flexbuffers,flatbuffers-flex,4449,6129,467,10578,224769.611149,163158.753467,94535.829079,0,1.0,dom,adapted,1,c4a54cdecc67,4566,16
cpp,stream,document,100,75,jsoncons_bson,0.177.0,4644,17911,502,22555,215331.610680,55831.611859,44336.067391,0,1.0,dom,native,1,c4a54cdecc67,4567,17
cpp,stream,document,100,75,capnproto,1.0.x,1350,869,392,2219,740740.740741,1150747.986191,450653.447499,0,1.0,schema,native,1,c4a54cdecc67,4568,18
cpp,stream,document,100,75,protobuf-wire,wire-v2,1682,759,164,2441,594530.321046,1317523.056653,409668.168783,0,1.0,schema,adapted,1,c4a54cdecc67,4569,19
cpp,stream,document,100,75,jsoncons_msgpack,0.177.0,2812,17406,332,20218,355618.776671,57451.453522,49460.876447,0,1.0,dom,native,1,c4a54cdecc67,4570,20
cpp,stream,document,100,75,avro_c,avro-c,2500,2968,125,5468,400000.000000,336927.223720,182882.223848,0,1.0,schema,adapted,1,c4a54cdecc67,4571,21
cpp,stream,document,100,75,nlohmann_ubjson,3.11.3,2967,9865,409,12832,337040.781935,101368.474404,77930.174564,0,1.0,dom,native,1,c4a54cdecc67,4572,22
cpp,stream,document,100,75,cista,0.15,446,1109,328,1555,2242152.466368,901713.255185,643086.816720,0,1.0,archive,adapted,1,c4a54cdecc67,4573,23
cpp,stream,document,100,75,nlohmann_cbor,3.11.3,2986,8269,338,11255,334896.182184,120933.607450,88849.400267,0,1.0,dom,native,1,c4a54cdecc67,4574,24
cpp,stream,document,100,75,zpp_bits,4.4.25,781,392,227,1173,1280409.731114,2551020.408163,852514.919011,0,1.0,struct,adapted,1,c4a54cdecc67,4575,25
cpp,stream,document,100,76,rapidjson,1.1.0,4799,20209,458,25008,208376.745155,49482.903657,39987.204095,0,1.0,dom,native,1,c4a54cdecc67,4576,0
cpp,stream,document,100,76,nlohmann_bson,3.11.3,3486,9777,502,13263,286861.732645,102280.863250,75397.722989,0,1.0,dom,native,1,c4a54cdecc67,4577,1
cpp,stream,document,100,76,yyjson,0.10.0,1705,9782,458,11487,586510.263930,102228.583112,87054.931662,0,1.0,dom,adapted,1,c4a54cdecc67,4578,2
cpp,stream,document,100,76,custom_binary,harness,845,472,223,1317,1183431.952663,2118644.067797,759301.442673,0,1.0,struct,adapted,1,c4a54cdecc67,4579,3
cpp,stream,document,100,76,jsoncons_msgpack,0.177.0,3121,19098,332,22219,320410.124960,52361.503822,45006.525946,0,1.0,dom,native,1,c4a54cdecc67,4580,4
cpp,stream,document,100,76,thrift,TBinaryProtocol,1010,512,324,1522,990099.009901,1953125.000000,657030.223390,0,1.0,schema,adapted,1,c4a54cdecc67,4581,5
cpp,stream,document,100,76,flexbuffers,flatbuffers-flex,3976,5879,467,9855,251509.054326,170096.955265,101471.334348,0,1.0,dom,adapted,1,c4a54cdecc67,4582,6
cpp,stream,document,100,76,nlohmann_msgpack,3.11.3,2884,8676,332,11560,346740.638003,115260.488704,86505.190311,0,1.0,dom,native,1,c4a54cdecc67,4583,7
cpp,stream,document,100,76,capnproto,1.0.x,1855,884,392,2739,539083.557951,1131221.719457,365096.750639,0,1.0,schema,native,1,c4a54cdecc67,4584,8
cpp,stream,document,100,76,jsoncons_bson,0.177.0,3877,18682,502,22559,257931.390250,53527.459587,44328.206038,0,1.0,dom,native,1,c4a54cdecc67,4585,9
cpp,stream,document,100,76,protobuf-wire,wire-v2,1657,970,164,2627,603500.301750,1030927.835052,380662.352493,0,1.0,schema,adapted,1,c4a54cdecc67,4586,10
cpp,stream,document,100,76,nlohmann_json,3.11.3,3871,10138,458,14009,258331.180573,98638.784770,71382.682561,0,1.0,struct,native,1,c4a54cdecc67,4587,11
cpp,stream,document,100,76,flatbuffers,flatbuffers,973,817,188,1790,1027749.229188,1223990.208078,558659.217877,0,1.0,schema,adapted,1,c4a54cdecc67,4588,12
cpp,stream,document,100,76,arduinojson,7.2.1,5750,15993,458,21743,173913.043478,62527.355718,45991.813457,0,1.0,dom,native,1,c4a54cdecc67,4589,13
cpp,stream,document,100,76,bitsery,5.2.4,280,401,190,681,3571428.571429,2493765.586035,1468428.781204,0,1.0,struct,adapted,1,c4a54cdecc67,4590,14
cpp,stream,document,100,76,jsoncons_cbor,0.177.0,4212,19470,338,23682,237416.904084,51361.068310,42226.163331,0,1.0,dom,native,1,c4a54cdecc67,4591,15
cpp,stream,document,100,76,zpp_bits,4.4.25,736,411,227,1147,1358695.652174,2433090.024331,871839.581517,0,1.0,struct,adapted,1,c4a54cdecc67,4592,16
cpp,stream,document,100,76,msgpack,msgpack-cxx,1287,2203,332,3490,777000.777001,453926.463913,286532.951289,0,1.0,struct,native,1,c4a54cdecc67,4593,17
cpp,stream,document,100,76,nlohmann_cbor,3.11.3,3161,10070,338,13231,316355.583676,99304.865938,75580.077092,0,1.0,dom,native,1,c4a54cdecc67,4594,18
cpp,stream,document,100,76,cereal,1.3.2,851,1054,267,1905,1175088.131610,948766.603416,524934.383202,0,1.0,struct,native,1,c4a54cdecc67,4595,19
cpp,stream,document,100,76,avro,binary-1.11,808,622,125,1430,1237623.762376,1607717.041801,699300.699301,0,1.0,schema,adapted,1,c4a54cdecc67,4596,20
cpp,stream,document,100,76,nlohmann_ubjson,3.11.3,2908,9262,409,12170,343878.954608,107968.041460,82169.268694,0,1.0,dom,native,1,c4a54cdecc67,4597,21
cpp,stream,document,100,76,yas,7.x,1540,504,274,2044,649350.649351,1984126.984127,489236.790607,0,1.0,struct,adapted,1,c4a54cdecc67,4598,22
cpp,stream,document,100,76,avro_c,avro-c,2836,3329,125,6165,352609.308886,300390.507660,162206.001622,0,1.0,schema,adapted,1,c4a54cdecc67,4599,23
cpp,stream,document,100,76,simdjson,3.10.1,197,10814,458,11011,5076142.131980,92472.720547,90818.272636,0,1.0,dom,adapted,1,c4a54cdecc67,4600,24
cpp,stream,document,100,76,cista,0.15,402,1095,328,1497,2487562.189055,913242.009132,668002.672011,0,1.0,archive,adapted,1,c4a54cdecc67,4601,25
cpp,stream,document,100,77,nlohmann_cbor,3.11.3,2667,8969,338,11636,374953.130859,111495.149961,85940.185631,0,1.0,dom,native,1,c4a54cdecc67,4602,0
cpp,stream,document,100,77,jsoncons_cbor,0.177.0,4339,20588,338,24927,230467.849735,48571.983680,40117.142055,0,1.0,dom,native,1,c4a54cdecc67,4603,1
cpp,stream,document,100,77,avro_c,avro-c,2132,2691,125,4823,469043.151970,371609.067261,207339.829981,0,1.0,schema,adapted,1,c4a54cdecc67,4604,2
cpp,stream,document,100,77,bitsery,5.2.4,312,371,190,683,3205128.205128,2695417.789757,1464128.843338,0,1.0,struct,adapted,1,c4a54cdecc67,4605,3
cpp,stream,document,100,77,protobuf-wire,wire-v2,1695,888,164,2583,589970.501475,1126126.126126,387146.728610,0,1.0,schema,adapted,1,c4a54cdecc67,4606,4
cpp,stream,document,100,77,avro,binary-1.11,599,471,125,1070,1669449.081803,2123142.250531,934579.439252,0,1.0,schema,adapted,1,c4a54cdecc67,4607,5
cpp,stream,document,100,77,zpp_bits,4.4.25,673,395,227,1068,1485884.101040,2531645.569620,936329.588015,0,1.0,struct,adapted,1,c4a54cdecc67,4608,6
cpp,stream,document,100,77,flexbuffers,flatbuffers-flex,4811,6199,467,11010,207856.994388,161316.341345,90826.521344,0,1.0,dom,adapted,1,c4a54cdecc67,4609,7
cpp,stream,document,100,77,msgpack,msgpack-cxx,1131,2244,332,3375,884173.297966,445632.798574,296296.296296,0,1.0,struct,native,1,c4a54cdecc67,4610,8
cpp,stream,document,100,77,flatbuffers,flatbuffers,417,817,188,1234,2398081.534772,1223990.208078,810372.771475,0,1.0,schema,adapted,1,c4a54cdecc67,4611,9
cpp,stream,document,100,77,jsoncons_bson,0.177.0,3868,18486,502,22354,258531.540848,54094.990804,44734.723092,0,1.0,dom,native,1,c4a54cdecc67,4612,10
cpp,stream,document,100,77,rapidjson,1.1.0,4942,20256,458,25198,202347.227843,49368.088468,39685.689340,0,1.0,dom,native,1,c4a54cdecc67,4613,11
cpp,stream,document,100,77,cista,0.15,382,957,328,1339,2617801.047120,1044932.079415,746825.989544,0,1.0,archive,adapted,1,c4a54cdecc67,4614,12
cpp,stream,document,100,77,yas,7.x,839,496,274,1335,1191895.113230,2016129.032258,749063.670412,0,1.0,struct,adapted,1,c4a54cdecc67,4615,13
cpp,stream,document,100,77,capnproto,1.0.x,858,834,392,1692,1165501.165501,1199040.767386,591016.548463,0,1.0,schema,native,1,c4a54cdecc67,4616,14
cpp,stream,document,100,77,nlohmann_json,3.11.3,3804,9928,458,13732,262881.177708,100725.221595,72822.604136,0,1.0,struct,native,1,c4a54cdecc67,4617,15
cpp,stream,document,100,77,nlohmann_msgpack,3.11.3,3137,8519,332,11656,318775.900542,117384.669562,85792.724777,0,1.0,dom,native,1,c4a54cdecc67,4618,16
cpp,stream,document,100,77,nlohmann_ubjson,3.11.3,2824,9044,409,11868,354107.648725,110570.544007,84260.195484,0,1.0,dom,native,1,c4a54cdecc67,4619,17
cpp,stream,document,100,77,cereal,1.3.2,839,1063,267,1902,1191895.113230,940733.772342,525762.355415,0,1.0,struct,native,1,c4a54cdecc67,4620,18
cpp,stream,document,100,77,nlohmann_bson,3.11.3,3588,8191,502,11779,278706.800446,122085.215480,84896.850327,0,1.0,dom,native,1,c4a54cdecc67,4621,19
cpp,stream,document,100,77,custom_binary,harness,1131,527,223,1658,884173.297966,1897533.206831,603136.308806,0,1.0,struct,adapted,1,c4a54cdecc67,4622,20
cpp,stream,document,100,77,simdjson,3.10.1,198,9958,458,10156,5050505.050505,100421.771440,98463.962190,0,1.0,dom,adapted,1,c4a54cdecc67,4623,21
cpp,stream,document,100,77,yyjson,0.10.0,2016,11149,458,13165,496031.746032,89694.142972,75958.982150,0,1.0,dom,adapted,1,c4a54cdecc67,4624,22
cpp,stream,document,100,77,arduinojson,7.2.1,5831,17081,458,22912,171497.170297,58544.581699,43645.251397,0,1.0,dom,native,1,c4a54cdecc67,4625,23
cpp,stream,document,100,77,thrift,TBinaryProtocol,989,518,324,1507,1011122.345804,1930501.930502,663570.006636,0,1.0,schema,adapted,1,c4a54cdecc67,4626,24
cpp,stream,document,100,77,jsoncons_msgpack,0.177.0,4146,19183,332,23329,241196.333816,52129.489652,42865.103519,0,1.0,dom,native,1,c4a54cdecc67,4627,25
cpp,stream,document,100,78,zpp_bits,4.4.25,621,361,227,982,1610305.958132,2770083.102493,1018329.938900,0,1.0,struct,adapted,1,c4a54cdecc67,4628,0
cpp,stream,document,100,78,jsoncons_msgpack,0.177.0,3423,17406,332,20829,292141.396436,57451.453522,48009.986077,0,1.0,dom,native,1,c4a54cdecc67,4629,1
cpp,stream,document,100,78,jsoncons_bson,0.177.0,4314,17906,502,22220,231803.430691,55847.202055,45004.500450,0,1.0,dom,native,1,c4a54cdecc67,4630,2
cpp,stream,document,100,78,jsoncons_cbor,0.177.0,3653,17527,338,21180,273747.604708,57054.829691,47214.353163,0,1.0,dom,native,1,c4a54cdecc67,4631,3
cpp,stream,document,100,78,nlohmann_ubjson,3.11.3,2886,9811,409,12697,346500.346500,101926.409133,78758.761912,0,1.0,dom,native,1,c4a54cdecc67,4632,4
cpp,stream,document,100,78,capnproto,1.0.x,1713,865,392,2578,583771.161705,1156069.364162,387897.595035,0,1.0,schema,native,1,c4a54cdecc67,4633,5
cpp,stream,document,100,78,thrift,TBinaryProtocol,960,398,324,1358,1041666.666667,2512562.814070,736377.025037,0,1.0,schema,adapted,1,c4a54cdecc67,4634,6
cpp,stream,document,100,78,nlohmann_cbor,3.11.3,2986,8795,338,11781,334896.182184,113700.966458,84882.437824,0,1.0,dom,native,1,c4a54cdecc67,4635,7
cpp,stream,document,100,78,msgpack,msgpack-cxx,1146,2391,332,3537,872600.349040,418235.048097,282725.473565,0,1.0,struct,native,1,c4a54cdecc67,4636,8
cpp,stream,document,100,78,custom_binary,harness,991,437,223,1428,1009081.735621,2288329.519451,700280.112045,0,1.0,struct,adapted,1,c4a54cdecc67,4637,9
cpp,stream,document,100,78,cista,0.15,384,995,328,1379,2604166.666667,1005025.125628,725163.161711,0,1.0,archive,adapted,1,c4a54cdecc67,4638,10
cpp,stream,document,100,78,yas,7.x,589,449,274,1038,1697792.869270,2227171.492205,963391.136802,0,1.0,struct,adapted,1,c4a54cdecc67,4639,11
cpp,stream,document,100,78,cereal,1.3.2,873,1013,267,1886,1145475.372279,987166.831194,530222.693531,0,1.0,struct,native,1,c4a54cdecc67,4640,12
cpp,stream,document,100,78,simdjson,3.10.1,193,9118,458,9311,5181347.150259,109673.173942,107399.849640,0,1.0,dom,adapted,1,c4a54cdecc67,4641,13
cpp,stream,document,100,78,flatbuffers,flatbuffers,738,935,188,1673,1355013.550136,1069518.716578,597728.631201,0,1.0,schema,adapted,1,c4a54cdecc67,4642,14
cpp,stream,document,100,78,nlohmann_json,3.11.3,3725,10015,458,13740,268456.375839,99850.224663,72780.203785,0,1.0,struct,native,1,c4a54cdecc67,4643,15
cpp,stream,document,100,78,yyjson,0.10.0,1136,9660,458,10796,880281.690141,103519.668737,92626.898851,0,1.0,dom,adapted,1,c4a54cdecc67,4644,16
cpp,stream,document,100,78,avro,binary-1.11,612,519,125,1131,1633986.928105,1926782.273603,884173.297966,0,1.0,schema,adapted,1,c4a54cdecc67,4645,17
cpp,stream,document,100,78,nlohmann_msgpack,3.11.3,2801,8362,332,11163,357015.351660,119588.615164,89581.653677,0,1.0,dom,native,1,c4a54cdecc67,4646,18
cpp,stream,document,100,78,nlohmann_bson,3.11.3,3279,8107,502,11386,304971.027752,123350.191193,87827.156157,0,1.0,dom,native,1,c4a54cdecc67,4647,19
cpp,stream,document,100,78,avro_c,avro-c,2574,3132,125,5706,388500.388500,319284.802043,175254.118472,0,1.0,schema,adapted,1,c4a54cdecc67,4648,20
cpp,stream,document,100,78,flexbuffers,flatbuffers-flex,4479,5990,467,10469,223264.121456,166944.908180,95520.106983,0,1.0,dom,adapted,1,c4a54cdecc67,4649,21
cpp,stream,document,100,78,rapidjson,1.1.0,4835,20735,458,25570,206825.232678,48227.634435,39108.330074,0,1.0,dom,native,1,c4a54cdecc67,4650,22
cpp,stream,document,100,78,bitsery,5.2.4,313,391,190,704,3194888.178914,2557544.757033,1420454.545455,0,1.0,struct,adapted,1,c4a54cdecc67,4651,23
cpp,stream,document,100,78,protobuf-wire,wire-v2,1672,851,164,2523,598086.124402,1175088.131610,396353.547364,0,1.0,schema,adapted,1,c4a54cdecc67,4652,24
cpp,stream,document,100,78,arduinojson,7.2.1,5726,19616,458,25342,174641.983933,50978.792822,39460.184674,0,1.0,dom,native,1,c4a54cdecc67,4653,25
cpp,stream,document,100,79,jsoncons_cbor,0.177.0,3911,20109,338,24020,255689.082076,49728.977075,41631.973356,0,1.0,dom,native,1,c4a54cdecc67,4654,0
cpp,stream,document,100,79,nlohmann_cbor,3.11.3,2945,8972,338,11917,339558.573854,111457.868926,83913.736679,0,1.0,dom,native,1,c4a54cdecc67,4655,1
cpp,stream,document,100,79,avro_c,avro-c,2490,2850,125,5340,401606.425703,350877.192982,187265.917603,0,1.0,schema,adapted,1,c4a54cdecc67,4656,2
cpp,stream,document,100,79,simdjson,3.10.1,185,9250,458,9435,5405405.405405,108108.108108,105988.341282,0,1.0,dom,adapted,1,c4a54cdecc67,4657,3
cpp,stream,document,100,79,jsoncons_msgpack,0.177.0,4299,17973,332,22272,232612.235404,55639.014077,44899.425287,0,1.0,dom,native,1,c4a54cdecc67,4658,4
cpp,stream,document,100,79,msgpack,msgpack-cxx,1159,2219,332,3378,862812.769629,450653.447499,296033.155713,0,1.0,struct,native,1,c4a54cdecc67,4659,5
cpp,stream,document,100,79,protobuf-wire,wire-v2,1607,925,164,2532,622277.535781,1081081.081081,394944.707741,0,1.0,schema,adapted,1,c4a54cdecc67,4660,6
cpp,stream,document,100,79,flexbuffers,flatbuffers-flex,4532,6310,467,10842,220653.133274,158478.605388,92233.905184,0,1.0,dom,adapted,1,c4a54cdecc67,4661,7
cpp,stream,document,100,79,bitsery,5.2.4,266,367,190,633,3759398.496241,2724795.640327,1579778.830964,0,1.0,struct,adapted,1,c4a54cdecc67,4662,8
cpp,stream,document,100,79,thrift,TBinaryProtocol,921,537,324,1458,1085776.330076,1862197.392924,685871.056241,0,1.0,schema,adapted,1,c4a54cdecc67,4663,9
cpp,stream,document,100,79,jsoncons_bson,0.177.0,4724,17754,502,22478,211685.012701,56325.335136,44487.943767,0,1.0,dom,native,1,c4a54cdecc67,4664,10
cpp,stream,document,100,79,custom_binary,harness,983,466,223,1449,1017293.997965,2145922.746781,690131.124914,0,1.0,struct,adapted,1,c4a54cdecc67,4665,11
cpp,stream,document,100,79,cista,0.15,393,1099,328,1492,2544529.262087,909918.107370,670241.286863,0,1.0,archive,adapted,1,c4a54cdecc67,4666,12
cpp,stream,document,100,79,zpp_bits,4.4.25,724,412,227,1136,1381215.469613,2427184.466019,880281.690141,0,1.0,struct,adapted,1,c4a54cdecc67,4667,13
cpp,stream,document,100,79,avro,binary-1.11,567,523,125,1090,1763668.430335,1912045.889101,917431.192661,0,1.0,schema,adapted,1,c4a54cdecc67,4668,14
cpp,stream,document,100,79,rapidjson,1.1.0,4795,19110,458,23905,208550.573514,52328.623757,41832.252667,0,1.0,dom,native,1,c4a54cdecc67,4669,15
cpp,stream,document,100,79,cereal,1.3.2,837,993,267,1830,1194743.130227,1007049.345418,546448.087432,0,1.0,struct,native,1,c4a54cdecc67,4670,16
cpp,stream,document,100,79,flatbuffers,flatbuffers,682,908,188,1590,1466275.659824,1101321.585903,628930.817610,0,1.0,schema,adapted,1,c4a54cdecc67,4671,17
cpp,stream,document,100,79,nlohmann_ubjson,3.11.3,2817,10189,409,13006,354987.575435,98145.058396,76887.590343,0,1.0,dom,native,1,c4a54cdecc67,4672,18
cpp,stream,document,100,79,yas,7.x,1350,489,274,1839,740740.740741,2044989.775051,543773.790103,0,1.0,struct,adapted,1,c4a54cdecc67,4673,19
cpp,stream,document,100,79,arduinojson,7.2.1,5708,15062,458,20770,175192.711983,66392.245386,48146.364949,0,1.0,dom,native,1,c4a54cdecc67,4674,20
cpp,stream,document,100,79,nlohmann_bson,3.11.3,3522,8601,502,12123,283929.585463,116265.550517,82487.833045,0,1.0,dom,native,1,c4a54cdecc67,4675,21
cpp,stream,document,100,79,capnproto,1.0.x,2046,822,392,2868,488758.553275,1216545.012165,348675.034868,0,1.0,schema,native,1,c4a54cdecc67,4676,22
cpp,stream,document,100,79,nlohmann_msgpack,3.11.3,2905,8834,332,11739,344234.079174,113199.003849,85186.131698,0,1.0,dom,native,1,c4a54cdecc67,4677,23
cpp,stream,document,100,79,yyjson,0.10.0,1672,9663,458,11335,598086.124402,103487.529753,88222.320247,0,1.0,dom,adapted,1,c4a54cdecc67,4678,24
cpp,stream,document,100,79,nlohmann_json,3.11.3,3599,9097,458,12696,277854.959711,109926.349346,78764.965343,0,1.0,struct,native,1,c4a54cdecc67,4679,25
cpp,stream,document,100,80,jsoncons_bson,0.177.0,3951,19242,502,23193,253100.480891,51969.649725,43116.457552,0,1.0,dom,native,1,c4a54cdecc67,4680,0
cpp,stream,document,100,80,avro_c,avro-c,2572,2739,125,5311,388802.488336,365096.750639,188288.457918,0,1.0,schema,adapted,1,c4a54cdecc67,4681,1
cpp,stream,document,100,80,capnproto,1.0.x,1390,719,392,2109,719424.460432,1390820.584145,474158.368895,0,1.0,schema,native,1,c4a54cdecc67,4682,2
cpp,stream,document,100,80,rapidjson,1.1.0,4675,18418,458,23093,213903.743316,54294.711695,43303.165461,0,1.0,dom,native,1,c4a54cdecc67,4683,3
cpp,stream,document,100,80,bitsery,5.2.4,291,411,190,702,3436426.116838,2433090.024331,1424501.424501,0,1.0,struct,adapted,1,c4a54cdecc67,4684,4
cpp,stream,document,100,80,nlohmann_bson,3.11.3,3235,9355,502,12590,309119.010819,106894.708712,79428.117554,0,1.0,dom,native,1,c4a54cdecc67,4685,5
cpp,stream,document,100,80,jsoncons_msgpack,0.177.0,3776,18221,332,21997,264830.508475,54881.729872,45460.744647,0,1.0,dom,native,1,c4a54cdecc67,4686,6
cpp,stream,document,100,80,nlohmann_msgpack,3.11.3,2794,8079,332,10873,357909.806729,123777.695259,91970.937184,0,1.0,dom,native,1,c4a54cdecc67,4687,7
cpp,stream,document,100,80,cista,0.15,385,1051,328,1436,2597402.597403,951474.785918,696378.830084,0,1.0,archive,adapted,1,c4a54cdecc67,4688,8
cpp,stream,document,100,80,yas,7.x,1475,454,274,1929,677966.101695,2202643.171806,518403.317781,0,1.0,struct,adapted,1,c4a54cdecc67,4689,9
cpp,stream,document,100,80,simdjson,3.10.1,192,9826,458,10018,5208333.333333,101770.812131,99820.323418,0,1.0,dom,adapted,1,c4a54cdecc67,4690,10
cpp,stream,document,100,80,cereal,1.3.2,774,992,267,1766,1291989.664083,1008064.516129,566251.415629,0,1.0,struct,native,1,c4a54cdecc67,4691,11
cpp,stream,document,100,80,flatbuffers,flatbuffers,753,949,188,1702,1328021.248340,1053740.779768,587544.065805,0,1.0,schema,adapted,1,c4a54cdecc67,4692,12
cpp,stream,document,100,80,zpp_bits,4.4.25,669,322,227,991,1494768.310912,3105590.062112,1009081.735621,0,1.0,struct,adapted,1,c4a54cdecc67,4693,13
cpp,stream,document,100,80,msgpack,msgpack-cxx,1238,1580,332,2818,807754.442649,632911.392405,354861.603974,0,1.0,struct,native,1,c4a54cdecc67,4694,14
cpp,stream,document,100,80,nlohmann_json,3.11.3,3707,9693,458,13400,269759.913677,103167.234086,74626.865672,0,1.0,struct,native,1,c4a54cdecc67,4695,15
cpp,stream,document,100,80,custom_binary,harness,1124,397,223,1521,889679.715302,2518891.687657,657462.195924,0,1.0,struct,adapted,1,c4a54cdecc67,4696,16
cpp,stream,document,100,80,nlohmann_ubjson,3.11.3,2846,9178,409,12024,351370.344343,108956.199608,83166.999335,0,1.0,dom,native,1,c4a54cdecc67,4697,17
cpp,stream,document,100,80,avro,binary-1.11,524,564,125,1088,1908396.946565,1773049.645390,919117.647059,0,1.0,schema,adapted,1,c4a54cdecc67,4698,18
cpp,stream,document,100,80,jsoncons_cbor,0.177.0,3767,19639,338,23406,265463.233342,50919.089567,42724.087841,0,1.0,dom,native,1,c4a54cdecc67,4699,19
cpp,stream,document,100,80,flexbuffers,flatbuffers-flex,4144,6090,467,10234,241312.741313,164203.612479,97713.504006,0,1.0,dom,adapted,1,c4a54cdecc67,4700,20
cpp,stream,document,100,80,protobuf-wire,wire-v2,1634,858,164,2492,611995.104039,1165501.165501,401284.109149,0,1.0,schema,adapted,1,c4a54cdecc67,4701,21
cpp,stream,document,100,80,yyjson,0.10.0,1157,9519,458,10676,864304.235091,105053.051791,93668.040465,0,1.0,dom,adapted,1,c4a54cdecc67,4702,22
cpp,stream,document,100,80,nlohmann_cbor,3.11.3,3174,8513,338,11687,315059.861374,117467.402796,85565.157868,0,1.0,dom,native,1,c4a54cdecc67,4703,23
cpp,stream,document,100,80,thrift,TBinaryProtocol,881,523,324,1404,1135073.779796,1912045.889101,712250.712251,0,1.0,schema,adapted,1,c4a54cdecc67,4704,24
cpp,stream,document,100,80,arduinojson,7.2.1,5770,16189,458,21959,173310.225303,61770.337884,45539.414363,0,1.0,dom,native,1,c4a54cdecc67,4705,25
cpp,stream,document,100,81,msgpack,msgpack-cxx,1250,2312,332,3562,800000.000000,432525.951557,280741.156654,0,1.0,struct,native,1,c4a54cdecc67,4706,0
cpp,stream,document,100,81,yyjson,0.10.0,623,8734,458,9357,1605136.436597,114495.076712,106871.860639,0,1.0,dom,adapted,1,c4a54cdecc67,4707,1
cpp,stream,document,100,81,nlohmann_ubjson,3.11.3,2826,9452,409,12278,353857.041755,105797.714769,81446.489656,0,1.0,dom,native,1,c4a54cdecc67,4708,2
cpp,stream,document,100,81,flatbuffers,flatbuffers,1424,850,188,2274,702247.191011,1176470.588235,439753.737907,0,1.0,schema,adapted,1,c4a54cdecc67,4709,3
cpp,stream,document,100,81,avro_c,avro-c,2557,3054,125,5611,391083.300743,327439.423707,178221.350918,0,1.0,schema,adapted,1,c4a54cdecc67,4710,4
cpp,stream,document,100,81,capnproto,1.0.x,984,793,392,1777,1016260.162602,1261034.047919,562746.201463,0,1.0,schema,native,1,c4a54cdecc67,4711,5
cpp,stream,document,100,81,arduinojson,7.2.1,5515,15731,458,21246,181323.662738,63568.749603,47067.683329,0,1.0,dom,native,1,c4a54cdecc67,4712,6
cpp,stream,document,100,81,cereal,1.3.2,798,973,267,1771,1253132.832080,1027749.229188,564652.738566,0,1.0,struct,native,1,c4a54cdecc67,4713,7
cpp,stream,document,100,81,jsoncons_bson,0.177.0,5014,18861,502,23875,199441.563622,53019.458141,41884.816754,0,1.0,dom,native,1,c4a54cdecc67,4714,8
cpp,stream,document,100,81,cista,0.15,383,998,328,1381,2610966.057441,1002004.008016,724112.961622,0,1.0,archive,adapted,1,c4a54cdecc67,4715,9
cpp,stream,document,100,81,avro,binary-1.11,547,472,125,1019,1828153.564899,2118644.067797,981354.268891,0,1.0,schema,adapted,1,c4a54cdecc67,4716,10
cpp,stream,document,100,81,thrift,TBinaryProtocol,933,479,324,1412,1071811.361200,2087682.672234,708215.297450,0,1.0,schema,adapted,1,c4a54cdecc67,4717,11
cpp,stream,document,100,81,nlohmann_msgpack,3.11.3,2979,8616,332,11595,335683.115139,116063.138347,86244.070720,0,1.0,dom,native,1,c4a54cdecc67,4718,12
cpp,stream,document,100,81,custom_binary,harness,986,396,223,1382,1014198.782961,2525252.525253,723589.001447,0,1.0,struct,adapted,1,c4a54cdecc67,4719,13
cpp,stream,document,100,81,nlohmann_cbor,3.11.3,2918,7638,338,10556,342700.479781,130924.325740,94732.853354,0,1.0,dom,native,1,c4a54cdecc67,4720,14
cpp,stream,document,100,81,protobuf-wire,wire-v2,1554,827,164,2381,643500.643501,1209189.842805,419991.600168,0,1.0,schema,adapted,1,c4a54cdecc67,4721,15
cpp,stream,document,100,81,nlohmann_bson,3.11.3,3302,8348,502,11650,302846.759540,119789.171059,85836.909871,0,1.0,dom,native,1,c4a54cdecc67,4722,16
cpp,stream,document,100,81,bitsery,5.2.4,290,518,190,808,3448275.862069,1930501.930502,1237623.762376,0,1.0,struct,adapted,1,c4a54cdecc67,4723,17
cpp,stream,document,100,81,yas,7.x,1677,468,274,2145,596302.921884,2136752.136752,466200.466200,0,1.0,struct,adapted,1,c4a54cdecc67,4724,18
cpp,stream,document,100,81,zpp_bits,4.4.25,635,363,227,998,1574803.149606,2754820.936639,1002004.008016,0,1.0,struct,adapted,1,c4a54cdecc67,4725,19
cpp,stream,document,100,81,flexbuffers,flatbuffers-flex,4603,6048,467,10651,217249.619813,165343.915344,93887.897850,0,1.0,dom,adapted,1,c4a54cdecc67,4726,20
cpp,stream,document,100,81,jsoncons_msgpack,0.177.0,3345,19324,332,22669,298953.662182,51749.120265,44113.106004,0,1.0,dom,native,1,c4a54cdecc67,4727,21
cpp,stream,document,100,81,nlohmann_json,3.11.3,3702,9729,458,13431,270124.257158,102785.486689,74454.619909,0,1.0,struct,native,1,c4a54cdecc67,4728,22
cpp,stream,document,100,81,simdjson,3.10.1,185,9284,458,9469,5405405.405405,107712.193020,105607.772732,0,1.0,dom,adapted,1,c4a54cdecc67,4729,23
cpp,stream,document,100,81,jsoncons_cbor,0.177.0,3377,18676,338,22053,296120.817293,53544.656243,45345.304494,0,1.0,dom,native,1,c4a54cdecc67,4730,24
cpp,stream,document,100,81,rapidjson,1.1.0,4740,19927,458,24667,210970.464135,50183.168565,40539.992703,0,1.0,dom,native,1,c4a54cdecc67,4731,25
cpp,stream,document,100,82,cereal,1.3.2,857,999,267,1856,1166861.143524,1001001.001001,538793.103448,0,1.0,struct,native,1,c4a54cdecc67,4732,0
cpp,stream,document,100,82,zpp_bits,4.4.25,587,393,227,980,1703577.512777,2544529.262087,1020408.163265,0,1.0,struct,adapted,1,c4a54cdecc67,4733,1
cpp,stream,document,100,82,bitsery,5.2.4,228,373,190,601,4385964.912281,2680965.147453,1663893.510815,0,1.0,struct,adapted,1,c4a54cdecc67,4734,2
cpp,stream,document,100,82,cista,0.15,340,1045,328,1385,2941176.470588,956937.799043,722021.660650,0,1.0,archive,adapted,1,c4a54cdecc67,4735,3
cpp,stream,document,100,82,flexbuffers,flatbuffers-flex,4304,6483,467,10787,232342.007435,154249.575814,92704.180959,0,1.0,dom,adapted,1,c4a54cdecc67,4736,4
cpp,stream,document,100,82,rapidjson,1.1.0,4310,18370,458,22680,232018.561485,54436.581383,44091.710758,0,1.0,dom,native,1,c4a54cdecc67,4737,5
cpp,stream,document,100,82,jsoncons_cbor,0.177.0,3392,18997,338,22389,294811.320755,52639.890509,44664.790745,0,1.0,dom,native,1,c4a54cdecc67,4738,6
cpp,stream,document,100,82,capnproto,1.0.x,1381,823,392,2204,724112.961622,1215066.828676,453720.508167,0,1.0,schema,native,1,c4a54cdecc67,4739,7
cpp,stream,document,100,82,nlohmann_ubjson,3.11.3,2839,10188,409,13027,352236.703064,98154.691794,76763.644738,0,1.0,dom,native,1,c4a54cdecc67,4740,8
cpp,stream,document,100,82,avro_c,avro-c,2476,2800,125,5276,403877.221325,357142.857143,189537.528431,0,1.0,schema,adapted,1,c4a54cdecc67,4741,9
cpp,stream,document,100,82,simdjson,3.10.1,192,9304,458,9496,5208333.333333,107480.653482,105307.497894,0,1.0,dom,adapted,1,c4a54cdecc67,4742,10
cpp,stream,document,100,82,yyjson,0.10.0,1705,9432,458,11137,586510.263930,106022.052587,89790.787465,0,1.0,dom,adapted,1,c4a54cdecc67,4743,11
cpp,stream,document,100,82,protobuf-wire,wire-v2,1742,933,164,2675,574052.812859,1071811.361200,373831.775701,0,1.0,schema,adapted,1,c4a54cdecc67,4744,12
cpp,stream,document,100,82,jsoncons_bson,0.177.0,8002,18537,502,26539,124968.757811,53946.161731,37680.394891,0,1.0,dom,native,1,c4a54cdecc67,4745,13
cpp,stream,document,100,82,arduinojson,7.2.1,5807,15843,458,21650,172205.958326,63119.358707,46189.376443,0,1.0,dom,native,1,c4a54cdecc67,4746,14
cpp,stream,document,100,82,flatbuffers,flatbuffers,1101,878,188,1979,908265.213442,1138952.164009,505305.709955,0,1.0,schema,adapted,1,c4a54cdecc67,4747,15
cpp,stream,document,100,82,nlohmann_json,3.11.3,3858,9620,458,13478,259201.658891,103950.103950,74194.984419,0,1.0,struct,native,1,c4a54cdecc67,4748,16
cpp,stream,document,100,82,msgpack,msgpack-cxx,1341,2153,332,3494,745712.155108,464468.183929,286204.922725,0,1.0,struct,native,1,c4a54cdecc67,4749,17
cpp,stream,document,100,82,nlohmann_msgpack,3.11.3,3134,9085,332,12219,319081.046586,110071.546505,81839.757754,0,1.0,dom,native,1,c4a54cdecc67,4750,18
cpp,stream,document,100,82,custom_binary,harness,1078,517,223,1595,927643.784787,1934235.976789,626959.247649,0,1.0,struct,adapted,1,c4a54cdecc67,4751,19
cpp,stream,document,100,82,nlohmann_cbor,3.11.3,3098,8289,338,11387,322788.896062,120641.814453,87819.443225,0,1.0,dom,native,1,c4a54cdecc67,4752,20
cpp,stream,document,100,82,avro,binary-1.11,660,663,125,1323,1515151.515152,1508295.625943,755857.898715,0,1.0,schema,adapted,1,c4a54cdecc67,4753,21
cpp,stream,document,100,82,jsoncons_msgpack,0.177.0,4193,19073,332,23266,238492.725972,52430.136843,42981.174246,0,1.0,dom,native,1,c4a54cdecc67,4754,22
cpp,stream,document,100,82,yas,7.x,1118,522,274,1640,894454.382826,1915708.812261,609756.097561,0,1.0,struct,adapted,1,c4a54cdecc67,4755,23
cpp,stream,document,100,82,nlohmann_bson,3.11.3,3523,9237,502,12760,283848.992336,108260.257659,78369.905956,0,1.0,dom,native,1,c4a54cdecc67,4756,24
cpp,stream,document,100,82,thrift,TBinaryProtocol,1224,611,324,1835,816993.464052,1636661.211129,544959.128065,0,1.0,schema,adapted,1,c4a54cdecc67,4757,25
cpp,stream,document,100,83,rapidjson,1.1.0,4824,19669,458,24493,207296.849088,50841.425594,40827.991671,0,1.0,dom,native,1,c4a54cdecc67,4758,0
cpp,stream,document,100,83,jsoncons_cbor,0.177.0,3874,19974,338,23848,258131.130614,50065.084610,41932.237504,0,1.0,dom,native,1,c4a54cdecc67,4759,1
cpp,stream,document,100,83,capnproto,1.0.x,1292,846,392,2138,773993.808050,1182033.096927,467726.847521,0,1.0,schema,native,1,c4a54cdecc67,4760,2
cpp,stream,document,100,83,custom_binary,harness,1051,494,223,1545,951474.785918,2024291.497976,647249.190939,0,1.0,struct,adapted,1,c4a54cdecc67,4761,3
cpp,stream,document,100,83,nlohmann_cbor,3.11.3,2948,9086,338,12034,339213.025780,110059.432093,83097.889314,0,1.0,dom,native,1,c4a54cdecc67,4762,4
cpp,stream,document,100,83,jsoncons_msgpack,0.177.0,3838,17763,332,21601,260552.371027,56296.796712,46294.153048,0,1.0,dom,native,1,c4a54cdecc67,4763,5
cpp,stream,document,100,83,yyjson,0.10.0,1237,9691,458,10928,808407.437348,103188.525436,91508.052709,0,1.0,dom,adapted,1,c4a54cdecc67,4764,6
cpp,stream,document,100,83,simdjson,3.10.1,197,9237,458,9434,5076142.131980,108260.257659,105999.576002,0,1.0,dom,adapted,1,c4a54cdecc67,4765,7
cpp,stream,document,100,83,cista,0.15,481,1101,328,1582,2079002.079002,908265.213442,632111.251580,0,1.0,archive,adapted,1,c4a54cdecc67,4766,8
cpp,stream,document,100,83,nlohmann_json,3.11.3,3647,9420,458,13067,274197.970935,106157.112527,76528.659983,0,1.0,struct,native,1,c4a54cdecc67,4767,9
cpp,stream,document,100,83,protobuf-wire,wire-v2,1702,894,164,2596,587544.065805,1118568.232662,385208.012327,0,1.0,schema,adapted,1,c4a54cdecc67,4768,10
cpp,stream,document,100,83,avro_c,avro-c,2532,2905,125,5437,394944.707741,344234.079174,183924.958617,0,1.0,schema,adapted,1,c4a54cdecc67,4769,11
cpp,stream,document,100,83,arduinojson,7.2.1,5702,16000,458,21702,175377.060680,62500.000000,46078.702424,0,1.0,dom,native,1,c4a54cdecc67,4770,12
cpp,stream,document,100,83,msgpack,msgpack-cxx,1221,2376,332,3597,819000.819001,420875.420875,278009.452321,0,1.0,struct,native,1,c4a54cdecc67,4771,13
cpp,stream,document,100,83,thrift,TBinaryProtocol,1045,487,324,1532,956937.799043,2053388.090349,652741.514360,0,1.0,schema,adapted,1,c4a54cdecc67,4772,14
cpp,stream,document,100,83,cereal,1.3.2,1036,1126,267,2162,965250.965251,888099.467140,462534.690102,0,1.0,struct,native,1,c4a54cdecc67,4773,15
cpp,stream,document,100,83,flexbuffers,flatbuffers-flex,6077,6757,467,12834,164554.879052,147994.672192,77918.030232,0,1.0,dom,adapted,1,c4a54cdecc67,4774,16
cpp,stream,document,100,83,nlohmann_ubjson,3.11.3,2896,9895,409,12791,345303.867403,101061.141991,78179.970292,0,1.0,dom,native,1,c4a54cdecc67,4775,17
cpp,stream,document,100,83,jsoncons_bson,0.177.0,5060,19324,502,24384,197628.458498,51749.120265,41010.498688,0,1.0,dom,native,1,c4a54cdecc67,4776,18
cpp,stream,document,100,83,yas,7.x,978,481,274,1459,1022494.887526,2079002.079002,685400.959561,0,1.0,struct,adapted,1,c4a54cdecc67,4777,19
cpp,stream,document,100,83,bitsery,5.2.4,314,385,190,699,3184713.375796,2597402.597403,1430615.164521,0,1.0,struct,adapted,1,c4a54cdecc67,4778,20
cpp,stream,document,100,83,flatbuffers,flatbuffers,350,836,188,1186,2857142.857143,1196172.248804,843170.320405,0,1.0,schema,adapted,1,c4a54cdecc67,4779,21
cpp,stream,document,100,83,nlohmann_bson,3.11.3,3377,8906,502,12283,296120.817293,112283.853582,81413.335504,0,1.0,dom,native,1,c4a54cdecc67,4780,22
cpp,stream,document,100,83,zpp_bits,4.4.25,922,450,227,1372,1084598.698482,2222222.222222,728862.973761,0,1.0,struct,adapted,1,c4a54cdecc67,4781,23
cpp,stream,document,100,83,avro,binary-1.11,642,501,125,1143,1557632.398754,1996007.984032,874890.638670,0,1.0,schema,adapted,1,c4a54cdecc67,4782,24
cpp,stream,document,100,83,nlohmann_msgpack,3.11.3,2979,7987,332,10966,335683.115139,125203.455615,91190.953857,0,1.0,dom,native,1,c4a54cdecc67,4783,25
cpp,stream,document,100,84,flexbuffers,flatbuffers-flex,4672,5936,467,10608,214041.095890,168463.611860,94268.476621,0,1.0,dom,adapted,1,c4a54cdecc67,4784,0
cpp,stream,document,100,84,jsoncons_msgpack,0.177.0,4145,18696,332,22841,241254.523522,53487.376979,43780.920275,0,1.0,dom,native,1,c4a54cdecc67,4785,1
cpp,stream,document,100,84,jsoncons_bson,0.177.0,4594,17318,502,21912,217675.228559,57743.388382,45637.093830,0,1.0,dom,native,1,c4a54cdecc67,4786,2
cpp,stream,document,100,84,custom_binary,harness,840,479,223,1319,1190476.190476,2087682.672234,758150.113723,0,1.0,struct,adapted,1,c4a54cdecc67,4787,3
cpp,stream,document,100,84,cista,0.15,408,994,328,1402,2450980.392157,1006036.217304,713266.761769,0,1.0,archive,adapted,1,c4a54cdecc67,4788,4
cpp,stream,document,100,84,arduinojson,7.2.1,5651,15935,458,21586,176959.830119,62754.941952,46326.322617,0,1.0,dom,native,1,c4a54cdecc67,4789,5
cpp,stream,document,100,84,simdjson,3.10.1,191,8987,458,9178,5235602.094241,111271.837098,108956.199608,0,1.0,dom,adapted,1,c4a54cdecc67,4790,6
cpp,stream,document,100,84,nlohmann_bson,3.11.3,3229,8606,502,11835,309693.403531,116198.001394,84495.141529,0,1.0,dom,native,1,c4a54cdecc67,4791,7
cpp,stream,document,100,84,nlohmann_cbor,3.11.3,2973,7861,338,10834,336360.578540,127210.278591,92302.012184,0,1.0,dom,native,1,c4a54cdecc67,4792,8
cpp,stream,document,100,84,msgpack,msgpack-cxx,1221,3067,332,4288,819000.819001,326051.516140,233208.955224,0,1.0,struct,native,1,c4a54cdecc67,4793,9
cpp,stream,document,100,84,nlohmann_json,3.11.3,3607,9856,458,13463,277238.702523,101461.038961,74277.649855,0,1.0,struct,native,1,c4a54cdecc67,4794,10
cpp,stream,document,100,84,thrift,TBinaryProtocol,980,485,324,1465,1020408.163265,2061855.670103,682593.856655,0,1.0,schema,adapted,1,c4a54cdecc67,4795,11
cpp,stream,document,100,84,cereal,1.3.2,883,1061,267,1944,1132502.831257,942507.068803,514403.292181,0,1.0,struct,native,1,c4a54cdecc67,4796,12
cpp,stream,document,100,84,bitsery,5.2.4,265,380,190,645,3773584.905660,2631578.947368,1550387.596899,0,1.0,struct,adapted,1,c4a54cdecc67,4797,13
cpp,stream,document,100,84,yyjson,0.10.0,1271,9130,458,10401,786782.061369,109529.025192,96144.601481,0,1.0,dom,adapted,1,c4a54cdecc67,4798,14
cpp,stream,document,100,84,nlohmann_msgpack,3.11.3,2864,9062,332,11926,349162.011173,110350.915913,83850.410867,0,1.0,dom,native,1,c4a54cdecc67,4799,15
cpp,stream,document,100,84,flatbuffers,flatbuffers,1278,1008,188,2286,782472.613459,992063.492063,437445.319335,0,1.0,schema,adapted,1,c4a54cdecc67,4800,16
cpp,stream,document,100,84,capnproto,1.0.x,851,860,392,1711,1175088.131610,1162790.697674,584453.535944,0,1.0,schema,native,1,c4a54cdecc67,4801,17
cpp,stream,document,100,84,zpp_bits,4.4.25,727,421,227,1148,1375515.818432,2375296.912114,871080.139373,0,1.0,struct,adapted,1,c4a54cdecc67,4802,18
cpp,stream,document,100,84,protobuf-wire,wire-v2,1615,749,164,2364,619195.046440,1335113.484646,423011.844332,0,1.0,schema,adapted,1,c4a54cdecc67,4803,19
cpp,stream,document,100,84,nlohmann_ubjson,3.11.3,2802,10070,409,12872,356887.937188,99304.865938,77688.004972,0,1.0,dom,native,1,c4a54cdecc67,4804,20
cpp,stream,document,100,84,jsoncons_cbor,0.177.0,4101,20817,338,24918,243842.965130,48037.661527,40131.631752,0,1.0,dom,native,1,c4a54cdecc67,4805,21
cpp,stream,document,100,84,rapidjson,1.1.0,4755,19516,458,24271,210304.942166,51240.008198,41201.433810,0,1.0,dom,native,1,c4a54cdecc67,4806,22
cpp,stream,document,100,84,avro_c,avro-c,2612,3180,125,5792,382848.392037,314465.408805,172651.933702,0,1.0,schema,adapted,1,c4a54cdecc67,4807,23
cpp,stream,document,100,84,yas,7.x,796,493,274,1289,1256281.407035,2028397.565923,775795.190070,0,1.0,struct,adapted,1,c4a54cdecc67,4808,24
cpp,stream,document,100,84,avro,binary-1.11,611,487,125,1098,1636661.211129,2053388.090349,910746.812386,0,1.0,schema,adapted,1,c4a54cdecc67,4809,25
cpp,stream,document,100,85,nlohmann_bson,3.11.3,26685,10161,502,36846,37474.236462,98415.510284,27139.988058,0,1.0,dom,native,1,c4a54cdecc67,4810,0
cpp,stream,document,100,85,thrift,TBinaryProtocol,986,546,324,1532,1014198.782961,1831501.831502,652741.514360,0,1.0,schema,adapted,1,c4a54cdecc67,4811,1
cpp,stream,document,100,85,avro,binary-1.11,433,385,125,818,2309468.822171,2597402.597403,1222493.887531,0,1.0,schema,adapted,1,c4a54cdecc67,4812,2
cpp,stream,document,100,85,msgpack,msgpack-cxx,1194,2603,332,3797,837520.938023,384172.109105,263365.815117,0,1.0,struct,native,1,c4a54cdecc67,4813,3
cpp,stream,document,100,85,jsoncons_msgpack,0.177.0,2927,19985,332,22912,341646.737274,50037.528146,43645.251397,0,1.0,dom,native,1,c4a54cdecc67,4814,4
cpp,stream,document,100,85,jsoncons_cbor,0.177.0,3836,18587,338,22423,260688.216893,53801.043740,44597.065513,0,1.0,dom,native,1,c4a54cdecc67,4815,5
cpp,stream,document,100,85,arduinojson,7.2.1,5746,15762,458,21508,174034.110686,63443.725416,46494.327692,0,1.0,dom,native,1,c4a54cdecc67,4816,6
cpp,stream,document,100,85,cista,0.15,431,1166,328,1597,2320185.614849,857632.933105,626174.076393,0,1.0,archive,adapted,1,c4a54cdecc67,4817,7
cpp,stream,document,100,85,simdjson,3.10.1,188,9027,458,9215,5319148.936170,110778.774787,108518.719479,0,1.0,dom,adapted,1,c4a54cdecc67,4818,8
cpp,stream,document,100,85,avro_c,avro-c,2601,2938,125,5539,384467.512495,340367.597005,180538.003250,0,1.0,schema,adapted,1,c4a54cdecc67,4819,9
cpp,stream,document,100,85,protobuf-wire,wire-v2,1662,1006,164,2668,601684.717208,994035.785288,374812.593703,0,1.0,schema,adapted,1,c4a54cdecc67,4820,10
cpp,stream,document,100,85,custom_binary,harness,1185,534,223,1719,843881.856540,1872659.176030,581733.566027,0,1.0,struct,adapted,1,c4a54cdecc67,4821,11
cpp,stream,document,100,85,jsoncons_bson,0.177.0,5096,17839,502,22935,196232.339089,56056.953865,43601.482450,0,1.0,dom,native,1,c4a54cdecc67,4822,12
cpp,stream,document,100,85,bitsery,5.2.4,301,387,190,688,3322259.136213,2583979.328165,1453488.372093,0,1.0,struct,adapted,1,c4a54cdecc67,4823,13
cpp,stream,document,100,85,yyjson,0.10.0,1373,9635,458,11008,728332.119446,103788.271925,90843.023256,0,1.0,dom,adapted,1,c4a54cdecc67,4824,14
cpp,stream,document,100,85,nlohmann_ubjson,3.11.3,3046,10210,409,13256,328299.409061,97943.192948,75437.537719,0,1.0,dom,native,1,c4a54cdecc67,4825,15
cpp,stream,document,100,85,flexbuffers,flatbuffers-flex,4972,6350,467,11322,201126.307321,157480.314961,88323.617735,0,1.0,dom,adapted,1,c4a54cdecc67,4826,16
cpp,stream,document,100,85,capnproto,1.0.x,1855,943,392,2798,539083.557951,1060445.387063,357398.141530,0,1.0,schema,native,1,c4a54cdecc67,4827,17
cpp,stream,document,100,85,nlohmann_cbor,3.11.3,3301,8361,338,11662,302938.503484,119602.918311,85748.585148,0,1.0,dom,native,1,c4a54cdecc67,4828,18
cpp,stream,document,100,85,nlohmann_json,3.11.3,3836,9378,458,13214,260688.216893,106632.544253,75677.311942,0,1.0,struct,native,1,c4a54cdecc67,4829,19
cpp,stream,document,100,85,cereal,1.3.2,892,1127,267,2019,1121076.233184,887311.446318,495294.700347,0,1.0,struct,native,1,c4a54cdecc67,4830,20
cpp,stream,document,100,85,zpp_bits,4.4.25,845,468,227,1313,1183431.952663,2136752.136752,761614.623001,0,1.0,struct,adapted,1,c4a54cdecc67,4831,21
cpp,stream,document,100,85,flatbuffers,flatbuffers,1603,930,188,2533,623830.318153,1075268.817204,394788.787998,0,1.0,schema,adapted,1,c4a54cdecc67,4832,22
cpp,stream,document,100,85,nlohmann_msgpack,3.11.3,3280,8970,332,12250,304878.048780,111482.720178,81632.653061,0,1.0,dom,native,1,c4a54cdecc67,4833,23
cpp,stream,document,100,85,rapidjson,1.1.0,4919,19850,458,24769,203293.352307,50377.833753,40373.046954,0,1.0,dom,native,1,c4a54cdecc67,4834,24
cpp,stream,document,100,85,yas,7.x,846,562,274,1408,1182033.096927,1779359.430605,710227.272727,0,1.0,struct,adapted,1,c4a54cdecc67,4835,25
cpp,stream,document,100,86,nlohmann_cbor,3.11.3,2793,8443,338,11236,358037.952023,118441.312330,88999.644001,0,1.0,dom,native,1,c4a54cdecc67,4836,0
cpp,stream,document,100,86,avro,binary-1.11,633,581,125,1214,1579778.830964,1721170.395869,823723.228995,0,1.0,schema,adapted,1,c4a54cdecc67,4837,1
cpp,stream,document,100,86,capnproto,1.0.x,1743,741,392,2484,573723.465290,1349527.665317,402576.489533,0,1.0,schema,native,1,c4a54cdecc67,4838,2
cpp,stream,document,100,86,zpp_bits,4.4.25,587,340,227,927,1703577.512777,2941176.470588,1078748.651564,0,1.0,struct,adapted,1,c4a54cdecc67,4839,3
cpp,stream,document,100,86,cista,0.15,401,1064,328,1465,2493765.586035,939849.624060,682593.856655,0,1.0,archive,adapted,1,c4a54cdecc67,4840,4
cpp,stream,document,100,86,rapidjson,1.1.0,4302,17372,458,21674,232450.023245,57563.895924,46138.230137,0,1.0,dom,native,1,c4a54cdecc67,4841,5
cpp,stream,document,100,86,thrift,TBinaryProtocol,1264,516,324,1780,791139.240506,1937984.496124,561797.752809,0,1.0,schema,adapted,1,c4a54cdecc67,4842,6
cpp,stream,document,100,86,msgpack,msgpack-cxx,1258,1914,332,3172,794912.559618,522466.039707,315258.511980,0,1.0,struct,native,1,c4a54cdecc67,4843,7
cpp,stream,document,100,86,bitsery,5.2.4,247,442,190,689,4048582.995951,2262443.438914,1451378.809869,0,1.0,struct,adapted,1,c4a54cdecc67,4844,8
cpp,stream,document,100,86,jsoncons_msgpack,0.177.0,3092,18920,332,22012,323415.265201,52854.122622,45429.765582,0,1.0,dom,native,1,c4a54cdecc67,4845,9
cpp,stream,document,100,86,avro_c,avro-c,2456,3037,125,5493,407166.123779,329272.308199,182049.881668,0,1.0,schema,adapted,1,c4a54cdecc67,4846,10
cpp,stream,document,100,86,simdjson,3.10.1,185,9279,458,9464,5405405.405405,107770.233861,105663.567202,0,1.0,dom,adapted,1,c4a54cdecc67,4847,11
cpp,stream,document,100,86,arduinojson,7.2.1,5747,15342,458,21089,174003.828084,65180.550124,47418.085258,0,1.0,dom,native,1,c4a54cdecc67,4848,12
cpp,stream,document,100,86,nlohmann_json,3.11.3,3724,9359,458,13083,268528.464017,106849.022331,76435.068409,0,1.0,struct,native,1,c4a54cdecc67,4849,13
cpp,stream,document,100,86,nlohmann_ubjson,3.11.3,2849,9456,409,12305,351000.351000,105752.961083,81267.777326,0,1.0,dom,native,1,c4a54cdecc67,4850,14
cpp,stream,document,100,86,flexbuffers,flatbuffers-flex,4569,5932,467,10501,218866.272707,168577.208361,95229.025807,0,1.0,dom,adapted,1,c4a54cdecc67,4851,15
cpp,stream,document,100,86,cereal,1.3.2,888,1016,267,1904,1126126.126126,984251.968504,525210.084034,0,1.0,struct,native,1,c4a54cdecc67,4852,16
cpp,stream,document,100,86,yas,7.x,1923,452,274,2375,520020.800832,2212389.380531,421052.631579,0,1.0,struct,adapted,1,c4a54cdecc67,4853,17
cpp,stream,document,100,86,jsoncons_cbor,0.177.0,3291,19439,338,22730,303859.009420,51442.975462,43994.720634,0,1.0,dom,native,1,c4a54cdecc67,4854,18
cpp,stream,document,100,86,nlohmann_msgpack,3.11.3,3176,8893,332,12069,314861.460957,112447.992803,82856.906123,0,1.0,dom,native,1,c4a54cdecc67,4855,19
cpp,stream,document,100,86,protobuf-wire,wire-v2,2007,888,164,2895,498256.103637,1126126.126126,345423.143351,0,1.0,schema,adapted,1,c4a54cdecc67,4856,20
cpp,stream,document,100,86,custom_binary,harness,1049,509,223,1558,953288.846520,1964636.542240,641848.523748,0,1.0,struct,adapted,1,c4a54cdecc67,4857,21
cpp,stream,document,100,86,jsoncons_bson,0.177.0,4596,18077,502,22673,217580.504787,55318.913537,44105.323513,0,1.0,dom,native,1,c4a54cdecc67,4858,22
cpp,stream,document,100,86,flatbuffers,flatbuffers,890,743,188,1633,1123595.505618,1345895.020188,612369.871402,0,1.0,schema,adapted,1,c4a54cdecc67,4859,23
cpp,stream,document,100,86,nlohmann_bson,3.11.3,3369,9314,502,12683,296823.983378,107365.256603,78845.698967,0,1.0,dom,native,1,c4a54cdecc67,4860,24
cpp,stream,document,100,86,yyjson,0.10.0,1702,10323,458,12025,587544.065805,96871.064613,83160.083160,0,1.0,dom,adapted,1,c4a54cdecc67,4861,25
cpp,stream,document,100,87,yyjson,0.10.0,970,9464,458,10434,1030927.835052,105663.567202,95840.521372,0,1.0,dom,adapted,1,c4a54cdecc67,4862,0
cpp,stream,document,100,87,thrift,TBinaryProtocol,927,518,324,1445,1078748.651564,1930501.930502,692041.522491,0,1.0,schema,adapted,1,c4a54cdecc67,4863,1
cpp,stream,document,100,87,nlohmann_bson,3.11.3,2662,8664,502,11326,375657.400451,115420.129271,88292.424510,0,1.0,dom,native,1,c4a54cdecc67,4864,2
cpp,stream,document,100,87,avro_c,avro-c,2486,2919,125,5405,402252.614642,342583.076396,185013.876041,0,1.0,schema,adapted,1,c4a54cdecc67,4865,3
cpp,stream,document,100,87,custom_binary,harness,991,464,223,1455,1009081.735621,2155172.413793,687285.223368,0,1.0,struct,adapted,1,c4a54cdecc67,4866,4
cpp,stream,document,100,87,nlohmann_msgpack,3.11.3,2941,7654,332,10595,340020.401224,130650.640188,94384.143464,0,1.0,dom,native,1,c4a54cdecc67,4867,5
cpp,stream,document,100,87,simdjson,3.10.1,190,9560,458,9750,5263157.894737,104602.510460,102564.102564,0,1.0,dom,adapted,1,c4a54cdecc67,4868,6
cpp,stream,document,100,87,rapidjson,1.1.0,4688,20177,458,24865,213310.580205,49561.381771,40217.172733,0,1.0,dom,native,1,c4a54cdecc67,4869,7
cpp,stream,document,100,87,cereal,1.3.2,838,1073,267,1911,1193317.422434,931966.449208,523286.237572,0,1.0,struct,native,1,c4a54cdecc67,4870,8
cpp,stream,document,100,87,flexbuffers,flatbuffers-flex,4815,6431,467,11246,207684.319834,155496.812315,88920.505068,0,1.0,dom,adapted,1,c4a54cdecc67,4871,9
cpp,stream,document,100,87,jsoncons_cbor,0.177.0,3864,19930,338,23794,258799.171843,50175.614651,42027.401866,0,1.0,dom,native,1,c4a54cdecc67,4872,10
cpp,stream,document,100,87,zpp_bits,4.4.25,684,367,227,1051,1461988.304094,2724795.640327,951474.785918,0,1.0,struct,adapted,1,c4a54cdecc67,4873,11
cpp,stream,document,100,87,jsoncons_msgpack,0.177.0,3672,17838,332,21510,272331.154684,56060.096423,46490.004649,0,1.0,dom,native,1,c4a54cdecc67,4874,12
cpp,stream,document,100,87,nlohmann_ubjson,3.11.3,2908,10012,409,12920,343878.954608,99880.143827,77399.380805,0,1.0,dom,native,1,c4a54cdecc67,4875,13
cpp,stream,document,100,87,protobuf-wire,wire-v2,1645,908,164,2553,607902.735562,1101321.585903,391696.043870,0,1.0,schema,adapted,1,c4a54cdecc67,4876,14
cpp,stream,document,100,87,flatbuffers,flatbuffers,1296,739,188,2035,771604.938272,1353179.972936,491400.491400,0,1.0,schema,adapted,1,c4a54cdecc67,4877,15
cpp,stream,document,100,87,arduinojson,7.2.1,5686,14813,458,20499,175870.559268,67508.269763,48782.867457,0,1.0,dom,native,1,c4a54cdecc67,4878,16
cpp,stream,document,100,87,nlohmann_json,3.11.3,3601,9345,458,12946,277700.638711,107009.095773,77243.936351,0,1.0,struct,native,1,c4a54cdecc67,4879,17
cpp,stream,document,100,87,cista,0.15,379,1020,328,1399,2638522.427441,980392.156863,714796.283059,0,1.0,archive,adapted,1,c4a54cdecc67,4880,18
cpp,stream,document,100,87,msgpack,msgpack-cxx,1323,2477,332,3800,755857.898715,403714.170367,263157.894737,0,1.0,struct,native,1,c4a54cdecc67,4881,19
cpp,stream,document,100,87,avro,binary-1.11,571,485,125,1056,1751313.485114,2061855.670103,946969.696970,0,1.0,schema,adapted,1,c4a54cdecc67,4882,20
cpp,stream,document,100,87,capnproto,1.0.x,886,853,392,1739,1128668.171558,1172332.942556,575043.128235,0,1.0,schema,native,1,c4a54cdecc67,4883,21
cpp,stream,document,100,87,jsoncons_bson,0.177.0,3474,18124,502,21598,287852.619459,55175.457956,46300.583387,0,1.0,dom,native,1,c4a54cdecc67,4884,22
cpp,stream,document,100,87,bitsery,5.2.4,257,397,190,654,3891050.583658,2518891.687657,1529051.987768,0,1.0,struct,adapted,1,c4a54cdecc67,4885,23
cpp,stream,document,100,87,nlohmann_cbor,3.11.3,2957,8543,338,11500,338180.588434,117054.898748,86956.521739,0,1.0,dom,native,1,c4a54cdecc67,4886,24
cpp,stream,document,100,87,yas,7.x,1500,493,274,1993,666666.666667,2028397.565923,501756.146513,0,1.0,struct,adapted,1,c4a54cdecc67,4887,25
cpp,stream,document,100,88,nlohmann_cbor,3.11.3,2464,8668,338,11132,405844.155844,115366.866636,89831.117499,0,1.0,dom,native,1,c4a54cdecc67,4888,0
cpp,stream,document,100,88,simdjson,3.10.1,180,9024,458,9204,5555555.555556,110815.602837,108648.413733,0,1.0,dom,adapted,1,c4a54cdecc67,4889,1
cpp,stream,document,100,88,capnproto,1.0.x,1477,653,392,2130,677048.070413,1531393.568147,469483.568075,0,1.0,schema,native,1,c4a54cdecc67,4890,2
cpp,stream,document,100,88,jsoncons_msgpack,0.177.0,2779,17221,332,20000,359841.669665,58068.637129,50000.000000,0,1.0,dom,native,1,c4a54cdecc67,4891,3
cpp,stream,document,100,88,nlohmann_ubjson,3.11.3,2815,9643,409,12458,355239.786856,103702.167375,80269.706213,0,1.0,dom,native,1,c4a54cdecc67,4892,4
cpp,stream,document,100,88,bitsery,5.2.4,284,308,190,592,3521126.760563,3246753.246753,1689189.189189,0,1.0,struct,adapted,1,c4a54cdecc67,4893,5
cpp,stream,document,100,88,zpp_bits,4.4.25,628,357,227,985,1592356.687898,2801120.448179,1015228.426396,0,1.0,struct,adapted,1,c4a54cdecc67,4894,6
cpp,stream,document,100,88,protobuf-wire,wire-v2,1523,819,164,2342,656598.818122,1221001.221001,426985.482494,0,1.0,schema,adapted,1,c4a54cdecc67,4895,7
cpp,stream,document,100,88,rapidjson,1.1.0,4682,21019,458,25701,213583.938488,47576.002664,38908.991868,0,1.0,dom,native,1,c4a54cdecc67,4896,8
cpp,stream,document,100,88,thrift,TBinaryProtocol,1042,497,324,1539,959692.898273,2012072.434608,649772.579597,0,1.0,schema,adapted,1,c4a54cdecc67,4897,9
cpp,stream,document,100,88,nlohmann_bson,3.11.3,3281,9146,502,12427,304785.126486,109337.415264,80469.944476,0,1.0,dom,native,1,c4a54cdecc67,4898,10
cpp,stream,document,100,88,yyjson,0.10.0,1590,9987,458,11577,628930.817610,100130.169220,86378.163600,0,1.0,dom,adapted,1,c4a54cdecc67,4899,11
cpp,stream,document,100,88,custom_binary,harness,1018,403,223,1421,982318.271120,2481389.578164,703729.767769,0,1.0,struct,adapted,1,c4a54cdecc67,4900,12
cpp,stream,document,100,88,flatbuffers,flatbuffers,835,801,188,1636,1197604.790419,1248439.450687,611246.943765,0,1.0,schema,adapted,1,c4a54cdecc67,4901,13
cpp,stream,document,100,88,nlohmann_json,3.11.3,3550,9946,458,13496,281690.140845,100542.931832,74096.028453,0,1.0,struct,native,1,c4a54cdecc67,4902,14
cpp,stream,document,100,88,avro,binary-1.11,614,586,125,1200,1628664.495114,1706484.641638,833333.333333,0,1.0,schema,adapted,1,c4a54cdecc67,4903,15
cpp,stream,document,100,88,cista,0.15,348,911,328,1259,2873563.218391,1097694.840834,794281.175536,0,1.0,archive,adapted,1,c4a54cdecc67,4904,16
cpp,stream,document,100,88,arduinojson,7.2.1,5683,15937,458,21620,175963.399613,62747.066575,46253.469010,0,1.0,dom,native,1,c4a54cdecc67,4905,17
cpp,stream,document,100,88,flexbuffers,flatbuffers-flex,4734,5964,467,10698,211237.853823,167672.702884,93475.415966,0,1.0,dom,adapted,1,c4a54cdecc67,4906,18
cpp,stream,document,100,88,msgpack,msgpack-cxx,1300,2442,332,3742,769230.769231,409500.409500,267236.771780,0,1.0,struct,native,1,c4a54cdecc67,4907,19
cpp,stream,document,100,88,jsoncons_cbor,0.177.0,3318,20582,338,23900,301386.377336,48586.143232,41841.004184,0,1.0,dom,native,1,c4a54cdecc67,4908,20
cpp,stream,document,100,88,cereal,1.3.2,748,1029,267,1777,1336898.395722,971817.298348,562746.201463,0,1.0,struct,native,1,c4a54cdecc67,4909,21
cpp,stream,document,100,88,nlohmann_msgpack,3.11.3,2907,8987,332,11894,343997.248022,111271.837098,84076.004708,0,1.0,dom,native,1,c4a54cdecc67,4910,22
cpp,stream,document,100,88,jsoncons_bson,0.177.0,5030,18396,502,23426,198807.157058,54359.643401,42687.612055,0,1.0,dom,native,1,c4a54cdecc67,4911,23
cpp,stream,document,100,88,yas,7.x,993,560,274,1553,1007049.345418,1785714.285714,643915.003220,0,1.0,struct,adapted,1,c4a54cdecc67,4912,24
cpp,stream,document,100,88,avro_c,avro-c,2749,3224,125,5973,363768.643143,310173.697270,167420.056923,0,1.0,schema,adapted,1,c4a54cdecc67,4913,25
cpp,stream,document,100,89,yyjson,0.10.0,918,9812,458,10730,1089324.618736,101916.021199,93196.644921,0,1.0,dom,adapted,1,c4a54cdecc67,4914,0
cpp,stream,document,100,89,custom_binary,harness,783,342,223,1125,1277139.208174,2923976.608187,888888.888889,0,1.0,struct,adapted,1,c4a54cdecc67,4915,1
cpp,stream,document,100,89,zpp_bits,4.4.25,745,366,227,1111,1342281.879195,2732240.437158,900090.009001,0,1.0,struct,adapted,1,c4a54cdecc67,4916,2
cpp,stream,document,100,89,yas,7.x,864,313,274,1177,1157407.407407,3194888.178914,849617.672048,0,1.0,struct,adapted,1,c4a54cdecc67,4917,3
cpp,stream,document,100,89,cista,0.15,344,976,328,1320,2906976.744186,1024590.163934,757575.757576,0,1.0,archive,adapted,1,c4a54cdecc67,4918,4
cpp,stream,document,100,89,nlohmann_bson,3.11.3,3414,9499,502,12913,292911.540715,105274.239394,77441.338186,0,1.0,dom,native,1,c4a54cdecc67,4919,5
cpp,stream,document,100,89,avro_c,avro-c,1943,2489,125,4432,514668.039115,401767.778224,225631.768953,0,1.0,schema,adapted,1,c4a54cdecc67,4920,6
cpp,stream,document,100,89,flexbuffers,flatbuffers-flex,4884,5713,467,10597,204750.204750,175039.383861,94366.330093,0,1.0,dom,adapted,1,c4a54cdecc67,4921,7
cpp,stream,document,100,89,flatbuffers,flatbuffers,1407,926,188,2333,710732.054016,1079913.606911,428632.661809,0,1.0,schema,adapted,1,c4a54cdecc67,4922,8
cpp,stream,document,100,89,nlohmann_msgpack,3.11.3,2750,9032,332,11782,363636.363636,110717.449070,84875.233407,0,1.0,dom,native,1,c4a54cdecc67,4923,9
cpp,stream,document,100,89,jsoncons_msgpack,0.177.0,17042,19773,332,36815,58678.558855,50574.015071,27162.841233,0,1.0,dom,native,1,c4a54cdecc67,4924,10
cpp,stream,document,100,89,bitsery,5.2.4,302,433,190,735,3311258.278146,2309468.822171,1360544.217687,0,1.0,struct,adapted,1,c4a54cdecc67,4925,11
cpp,stream,document,100,89,rapidjson,1.1.0,4934,19518,458,24452,202675.314147,51234.757660,40896.450188,0,1.0,dom,native,1,c4a54cdecc67,4926,12
cpp,stream,document,100,89,nlohmann_cbor,3.11.3,3067,9375,338,12442,326051.516140,106666.666667,80372.930397,0,1.0,dom,native,1,c4a54cdecc67,4927,13
cpp,stream,document,100,89,nlohmann_ubjson,3.11.3,2935,9237,409,12172,340715.502555,108260.257659,82155.767335,0,1.0,dom,native,1,c4a54cdecc67,4928,14
cpp,stream,document,100,89,avro,binary-1.11,559,540,125,1099,1788908.765653,1851851.851852,909918.107370,0,1.0,schema,adapted,1,c4a54cdecc67,4929,15
cpp,stream,document,100,89,arduinojson,7.2.1,5764,15773,458,21537,173490.631506,63399.480124,46431.722153,0,1.0,dom,native,1,c4a54cdecc67,4930,16
cpp,stream,document,100,89,simdjson,3.10.1,195,10544,458,10739,5128205.128205,94840.667678,93118.539901,0,1.0,dom,adapted,1,c4a54cdecc67,4931,17
cpp,stream,document,100,89,capnproto,1.0.x,1896,1227,392,3123,527426.160338,814995.925020,320204.931156,0,1.0,schema,native,1,c4a54cdecc67,4932,18
cpp,stream,document,100,89,jsoncons_bson,0.177.0,4318,18108,502,22426,231588.698472,55224.210294,44591.099617,0,1.0,dom,native,1,c4a54cdecc67,4933,19
cpp,stream,document,100,89,protobuf-wire,wire-v2,1918,891,164,2809,521376.433785,1122334.455668,355998.576006,0,1.0,schema,adapted,1,c4a54cdecc67,4934,20
cpp,stream,document,100,89,msgpack,msgpack-cxx,1014,2625,332,3639,986193.293886,380952.380952,274800.769442,0,1.0,struct,native,1,c4a54cdecc67,4935,21
cpp,stream,document,100,89,jsoncons_cbor,0.177.0,3265,18789,338,22054,306278.713629,53222.630262,45343.248390,0,1.0,dom,native,1,c4a54cdecc67,4936,22
cpp,stream,document,100,89,nlohmann_json,3.11.3,4075,9624,458,13699,245398.773006,103906.899418,72998.029053,0,1.0,struct,native,1,c4a54cdecc67,4937,23
cpp,stream,document,100,89,thrift,TBinaryProtocol,1179,675,324,1854,848176.420696,1481481.481481,539374.325782,0,1.0,schema,adapted,1,c4a54cdecc67,4938,24
cpp,stream,document,100,89,cereal,1.3.2,829,1071,267,1900,1206272.617612,933706.816060,526315.789474,0,1.0,struct,native,1,c4a54cdecc67,4939,25
cpp,stream,document,100,90,jsoncons_msgpack,0.177.0,3646,38260,332,41906,274273.176083,26136.957658,23862.931322,0,1.0,dom,native,1,c4a54cdecc67,4940,0
cpp,stream,document,100,90,nlohmann_bson,3.11.3,3506,9622,502,13128,285225.328009,103928.497194,76173.065204,0,1.0,dom,native,1,c4a54cdecc67,4941,1
cpp,stream,document,100,90,protobuf-wire,wire-v2,1825,889,164,2714,547945.205479,1124859.392576,368459.837878,0,1.0,schema,adapted,1,c4a54cdecc67,4942,2
cpp,stream,document,100,90,cista,0.15,434,1113,328,1547,2304147.465438,898472.596586,646412.411118,0,1.0,archive,adapted,1,c4a54cdecc67,4943,3
cpp,stream,document,100,90,nlohmann_ubjson,3.11.3,2986,9413,409,12399,334896.182184,106236.056518,80651.665457,0,1.0,dom,native,1,c4a54cdecc67,4944,4
cpp,stream,document,100,90,cereal,1.3.2,902,888,267,1790,1108647.450111,1126126.126126,558659.217877,0,1.0,struct,native,1,c4a54cdecc67,4945,5
cpp,stream,document,100,90,capnproto,1.0.x,2172,959,392,3131,460405.156538,1042752.867570,319386.777387,0,1.0,schema,native,1,c4a54cdecc67,4946,6
cpp,stream,document,100,90,nlohmann_json,3.11.3,3614,9481,458,13095,276701.715551,105474.106107,76365.024819,0,1.0,struct,native,1,c4a54cdecc67,4947,7
cpp,stream,document,100,90,yas,7.x,1096,500,274,1596,912408.759124,2000000.000000,626566.416040,0,1.0,struct,adapted,1,c4a54cdecc67,4948,8
cpp,stream,document,100,90,msgpack,msgpack-cxx,1330,1526,332,2856,751879.699248,655307.994758,350140.056022,0,1.0,struct,native,1,c4a54cdecc67,4949,9
cpp,stream,document,100,90,simdjson,3.10.1,227,10107,458,10334,4405286.343612,98941.327793,96767.950455,0,1.0,dom,adapted,1,c4a54cdecc67,4950,10
cpp,stream,document,100,90,bitsery,5.2.4,323,395,190,718,3095975.232198,2531645.569620,1392757.660167,0,1.0,struct,adapted,1,c4a54cdecc67,4951,11
cpp,stream,document,100,90,yyjson,0.10.0,1165,10118,458,11283,858369.098712,98833.761613,88628.910751,0,1.0,dom,adapted,1,c4a54cdecc67,4952,12
cpp,stream,document,100,90,thrift,TBinaryProtocol,1070,554,324,1624,934579.439252,1805054.151625,615763.546798,0,1.0,schema,adapted,1,c4a54cdecc67,4953,13
cpp,stream,document,100,90,nlohmann_msgpack,3.11.3,3012,9268,332,12280,332005.312085,107898.144152,81433.224756,0,1.0,dom,native,1,c4a54cdecc67,4954,14
cpp,stream,document,100,90,flexbuffers,flatbuffers-flex,4412,5957,467,10369,226654.578422,167869.733087,96441.315460,0,1.0,dom,adapted,1,c4a54cdecc67,4955,15
cpp,stream,document,100,90,jsoncons_cbor,0.177.0,3908,19151,338,23059,255885.363357,52216.594434,43367.015048,0,1.0,dom,native,1,c4a54cdecc67,4956,16
cpp,stream,document,100,90,zpp_bits,4.4.25,774,408,227,1182,1291989.664083,2450980.392157,846023.688663,0,1.0,struct,adapted,1,c4a54cdecc67,4957,17
cpp,stream,document,100,90,rapidjson,1.1.0,4830,20584,458,25414,207039.337474,48581.422464,39348.390651,0,1.0,dom,native,1,c4a54cdecc67,4958,18
cpp,stream,document,100,90,jsoncons_bson,0.177.0,4012,17583,502,21595,249252.243270,56873.116078,46307.015513,0,1.0,dom,native,1,c4a54cdecc67,4959,19
cpp,stream,document,100,90,avro,binary-1.11,775,564,125,1339,1290322.580645,1773049.645390,746825.989544,0,1.0,schema,adapted,1,c4a54cdecc67,4960,20
cpp,stream,document,100,90,avro_c,avro-c,3083,3424,125,6507,324359.390204,292056.074766,153680.651606,0,1.0,schema,adapted,1,c4a54cdecc67,4961,21
cpp,stream,document,100,90,custom_binary,harness,991,541,223,1532,1009081.735621,1848428.835490,652741.514360,0,1.0,struct,adapted,1,c4a54cdecc67,4962,22
cpp,stream,document,100,90,arduinojson,7.2.1,5892,16679,458,22571,169721.656483,59955.632832,44304.638696,0,1.0,dom,native,1,c4a54cdecc67,4963,23
cpp,stream,document,100,90,nlohmann_cbor,3.11.3,3429,8871,338,12300,291630.212890,112726.862811,81300.813008,0,1.0,dom,native,1,c4a54cdecc67,4964,24
cpp,stream,document,100,90,flatbuffers,flatbuffers,1670,1016,188,2686,598802.395210,984251.968504,372300.819062,0,1.0,schema,adapted,1,c4a54cdecc67,4965,25
cpp,stream,document,100,91,zpp_bits,4.4.25,625,333,227,958,1600000.000000,3003003.003003,1043841.336117,0,1.0,struct,adapted,1,c4a54cdecc67,4966,0
cpp,stream,document,100,91,simdjson,3.10.1,178,9975,458,10153,5617977.528090,100250.626566,98493.056240,0,1.0,dom,adapted,1,c4a54cdecc67,4967,1
cpp,stream,document,100,91,thrift,TBinaryProtocol,952,590,324,1542,1050420.168067,1694915.254237,648508.430610,0,1.0,schema,adapted,1,c4a54cdecc67,4968,2
cpp,stream,document,100,91,nlohmann_bson,3.11.3,3182,8774,502,11956,314267.756128,113973.102348,83640.013382,0,1.0,dom,native,1,c4a54cdecc67,4969,3
cpp,stream,document,100,91,flatbuffers,flatbuffers,1336,765,188,2101,748502.994012,1307189.542484,475963.826749,0,1.0,schema,adapted,1,c4a54cdecc67,4970,4
cpp,stream,document,100,91,jsoncons_cbor,0.177.0,3270,19669,338,22939,305810.397554,50841.425594,43593.879419,0,1.0,dom,native,1,c4a54cdecc67,4971,5
cpp,stream,document,100,91,arduinojson,7.2.1,5710,15311,458,21021,175131.348511,65312.520410,47571.476143,0,1.0,dom,native,1,c4a54cdecc67,4972,6
cpp,stream,document,100,91,jsoncons_bson,0.177.0,4959,17299,502,22258,201653.559185,57806.809642,44927.666457,0,1.0,dom,native,1,c4a54cdecc67,4973,7
cpp,stream,document,100,91,rapidjson,1.1.0,4640,19390,458,24030,215517.241379,51572.975761,41614.648356,0,1.0,dom,native,1,c4a54cdecc67,4974,8
cpp,stream,document,100,91,cereal,1.3.2,842,1037,267,1879,1187648.456057,964320.154291,532197.977648,0,1.0,struct,native,1,c4a54cdecc67,4975,9
cpp,stream,document,100,91,cista,0.15,404,1014,328,1418,2475247.524752,986193.293886,705218.617772,0,1.0,archive,adapted,1,c4a54cdecc67,4976,10
cpp,stream,document,100,91,custom_binary,harness,882,441,223,1323,1133786.848073,2267573.696145,755857.898715,0,1.0,struct,adapted,1,c4a54cdecc67,4977,11
cpp,stream,document,100,91,nlohmann_ubjson,3.11.3,2935,10724,409,13659,340715.502555,93248.787766,73211.801742,0,1.0,dom,native,1,c4a54cdecc67,4978,12
cpp,stream,document,100,91,avro,binary-1.11,514,504,125,1018,1945525.291829,1984126.984127,982318.271120,0,1.0,schema,adapted,1,c4a54cdecc67,4979,13
cpp,stream,document,100,91,nlohmann_cbor,3.11.3,2964,8056,338,11020,337381.916329,124131.082423,90744.101633,0,1.0,dom,native,1,c4a54cdecc67,4980,14
cpp,stream,document,100,91,flexbuffers,flatbuffers-flex,4543,5952,467,10495,220118.864187,168010.752688,95283.468318,0,1.0,dom,adapted,1,c4a54cdecc67,4981,15
cpp,stream,document,100,91,capnproto,1.0.x,1928,878,392,2806,518672.199170,1138952.164009,356379.187455,0,1.0,schema,native,1,c4a54cdecc67,4982,16
cpp,stream,document,100,91,yyjson,0.10.0,651,9694,458,10345,1536098.310292,103156.591706,96665.055582,0,1.0,dom,adapted,1,c4a54cdecc67,4983,17
cpp,stream,document,100,91,protobuf-wire,wire-v2,1668,872,164,2540,599520.383693,1146788.990826,393700.787402,0,1.0,schema,adapted,1,c4a54cdecc67,4984,18
cpp,stream,document,100,91,nlohmann_json,3.11.3,3760,9138,458,12898,265957.446809,109433.136354,77531.400217,0,1.0,struct,native,1,c4a54cdecc67,4985,19
cpp,stream,document,100,91,bitsery,5.2.4,284,471,190,755,3521126.760563,2123142.250531,1324503.311258,0,1.0,struct,adapted,1,c4a54cdecc67,4986,20
cpp,stream,document,100,91,nlohmann_msgpack,3.11.3,2995,8883,332,11878,333889.816361,112574.580660,84189.257451,0,1.0,dom,native,1,c4a54cdecc67,4987,21
cpp,stream,document,100,91,yas,7.x,1529,483,274,2012,654022.236756,2070393.374741,497017.892644,0,1.0,struct,adapted,1,c4a54cdecc67,4988,22
cpp,stream,document,100,91,msgpack,msgpack-cxx,1320,1606,332,2926,757575.757576,622665.006227,341763.499658,0,1.0,struct,native,1,c4a54cdecc67,4989,23
cpp,stream,document,100,91,jsoncons_msgpack,0.177.0,3226,19491,332,22717,309981.401116,51305.730850,44019.896993,0,1.0,dom,native,1,c4a54cdecc67,4990,24
cpp,stream,document,100,91,avro_c,avro-c,2503,3210,125,5713,399520.575310,311526.479751,175039.383861,0,1.0,schema,adapted,1,c4a54cdecc67,4991,25
cpp,stream,document,100,92,nlohmann_ubjson,3.11.3,2876,9916,409,12792,347705.146036,100847.115772,78173.858662,0,1.0,dom,native,1,c4a54cdecc67,4992,0
cpp,stream,document,100,92,zpp_bits,4.4.25,657,410,227,1067,1522070.015221,2439024.390244,937207.122774,0,1.0,struct,adapted,1,c4a54cdecc67,4993,1
cpp,stream,document,100,92,custom_binary,harness,850,407,223,1257,1176470.588235,2457002.457002,795544.948290,0,1.0,struct,adapted,1,c4a54cdecc67,4994,2
cpp,stream,document,100,92,capnproto,1.0.x,1990,825,392,2815,502512.562814,1212121.212121,355239.786856,0,1.0,schema,native,1,c4a54cdecc67,4995,3
cpp,stream,document,100,92,nlohmann_cbor,3.11.3,3045,9062,338,12107,328407.224959,110350.915913,82596.844801,0,1.0,dom,native,1,c4a54cdecc67,4996,4
cpp,stream,document,100,92,nlohmann_msgpack,3.11.3,2756,8042,332,10798,362844.702467,124347.177319,92609.742545,0,1.0,dom,native,1,c4a54cdecc67,4997,5
cpp,stream,document,100,92,flexbuffers,flatbuffers-flex,4437,5626,467,10063,225377.507325,177746.178457,99373.944152,0,1.0,dom,adapted,1,c4a54cdecc67,4998,6
cpp,stream,document,100,92,cista,0.15,364,984,328,1348,2747252.747253,1016260.162602,741839.762611,0,1.0,archive,adapted,1,c4a54cdecc67,4999,7
cpp,stream,document,100,92,jsoncons_msgpack,0.177.0,3940,18891,332,22831,253807.106599,52935.260177,43800.096360,0,1.0,dom,native,1,c4a54cdecc67,5000,8
cpp,stream,document,100,92,flatbuffers,flatbuffers,941,976,188,1917,1062699.256111,1024590.163934,521648.408972,0,1.0,schema,adapted,1,c4a54cdecc67,5001,9
cpp,stream,document,100,92,nlohmann_json,3.11.3,3596,9959,458,13555,278086.763070,100411.687920,73773.515308,0,1.0,struct,native,1,c4a54cdecc67,5002,10
cpp,stream,document,100,92,thrift,TBinaryProtocol,890,514,324,1404,1123595.505618,1945525.291829,712250.712251,0,1.0,schema,adapted,1,c4a54cdecc67,5003,11
cpp,stream,document,100,92,yyjson,0.10.0,1017,9750,458,10767,983284.169125,102564.102564,92876.381536,0,1.0,dom,adapted,1,c4a54cdecc67,5004,12
cpp,stream,document,100,92,rapidjson,1.1.0,4624,19351,458,23975,216262.975779,51676.915922,41710.114703,0,1.0,dom,native,1,c4a54cdecc67,5005,13
cpp,stream,document,100,92,bitsery,5.2.4,273,362,190,635,3663003.663004,2762430.939227,1574803.149606,0,1.0,struct,adapted,1,c4a54cdecc67,5006,14
cpp,stream,document,100,92,protobuf-wire,wire-v2,1578,785,164,2363,633713.561470,1273885.350318,423190.859077,0,1.0,schema,adapted,1,c4a54cdecc67,5007,15
cpp,stream,document,100,92,avro_c,avro-c,2538,3358,125,5896,394011.032309,297796.307326,169606.512890,0,1.0,schema,adapted,1,c4a54cdecc67,5008,16
cpp,stream,document,100,92,avro,binary-1.11,534,431,125,965,1872659.176030,2320185.614849,1036269.430052,0,1.0,schema,adapted,1,c4a54cdecc67,5009,17
cpp,stream,document,100,92,cereal,1.3.2,798,1087,267,1885,1253132.832080,919963.201472,530503.978780,0,1.0,struct,native,1,c4a54cdecc67,5010,18
cpp,stream,document,100,92,simdjson,3.10.1,210,10292,458,10502,4761904.761905,97162.844928,95219.958103,0,1.0,dom,adapted,1,c4a54cdecc67,5011,19
cpp,stream,document,100,92,nlohmann_bson,3.11.3,3361,9680,502,13041,297530.496876,103305.785124,76681.236102,0,1.0,dom,native,1,c4a54cdecc67,5012,20
cpp,stream,document,100,92,jsoncons_cbor,0.177.0,4368,19614,338,23982,228937.728938,50983.991027,41697.940122,0,1.0,dom,native,1,c4a54cdecc67,5013,21
cpp,stream,document,100,92,jsoncons_bson,0.177.0,4556,17156,502,21712,219490.781387,58288.645372,46057.479735,0,1.0,dom,native,1,c4a54cdecc67,5014,22
cpp,stream,document,100,92,msgpack,msgpack-cxx,1010,2143,332,3153,990099.009901,466635.557629,317158.261973,0,1.0,struct,native,1,c4a54cdecc67,5015,23
cpp,stream,document,100,92,arduinojson,7.2.1,5997,15416,458,21413,166750.041688,64867.669953,46700.602438,0,1.0,dom,native,1,c4a54cdecc67,5016,24
cpp,stream,document,100,92,yas,7.x,1484,495,274,1979,673854.447439,2020202.020202,505305.709955,0,1.0,struct,adapted,1,c4a54cdecc67,5017,25
cpp,stream,document,100,93,arduinojson,7.2.1,5238,13427,458,18665,190912.562047,74476.800477,53576.212162,0,1.0,dom,native,1,c4a54cdecc67,5018,0
cpp,stream,document,100,93,nlohmann_msgpack,3.11.3,2749,8292,332,11041,363768.643143,120598.166908,90571.506204,0,1.0,dom,native,1,c4a54cdecc67,5019,1
cpp,stream,document,100,93,msgpack,msgpack-cxx,1119,2270,332,3389,893655.049151,440528.634361,295072.292712,0,1.0,struct,native,1,c4a54cdecc67,5020,2
cpp,stream,document,100,93,avro_c,avro-c,2800,2887,125,5687,357142.857143,346380.325598,175839.634254,0,1.0,schema,adapted,1,c4a54cdecc67,5021,3
cpp,stream,document,100,93,zpp_bits,4.4.25,634,370,227,1004,1577287.066246,2702702.702703,996015.936255,0,1.0,struct,adapted,1,c4a54cdecc67,5022,4
cpp,stream,document,100,93,thrift,TBinaryProtocol,1053,498,324,1551,949667.616334,2008032.128514,644745.325596,0,1.0,schema,adapted,1,c4a54cdecc67,5023,5
cpp,stream,document,100,93,bitsery,5.2.4,244,371,190,615,4098360.655738,2695417.789757,1626016.260163,0,1.0,struct,adapted,1,c4a54cdecc67,5024,6
cpp,stream,document,100,93,jsoncons_cbor,0.177.0,3087,20254,338,23341,323939.099449,49372.963365,42843.065850,0,1.0,dom,native,1,c4a54cdecc67,5025,7
cpp,stream,document,100,93,jsoncons_msgpack,0.177.0,3298,17978,332,21276,303214.069133,55623.539882,47001.316037,0,1.0,dom,native,1,c4a54cdecc67,5026,8
cpp,stream,document,100,93,yyjson,0.10.0,1196,10397,458,11593,836120.401338,96181.590844,86258.949366,0,1.0,dom,adapted,1,c4a54cdecc67,5027,9
cpp,stream,document,100,93,nlohmann_json,3.11.3,3639,9302,458,12941,274800.769442,107503.762632,77273.781006,0,1.0,struct,native,1,c4a54cdecc67,5028,10
cpp,stream,document,100,93,nlohmann_ubjson,3.11.3,2771,9819,409,12590,360880.548538,101843.364905,79428.117554,0,1.0,dom,native,1,c4a54cdecc67,5029,11
cpp,stream,document,100,93,capnproto,1.0.x,1744,839,392,2583,573394.495413,1191895.113230,387146.728610,0,1.0,schema,native,1,c4a54cdecc67,5030,12
cpp,stream,document,100,93,cista,0.15,394,1107,328,1501,2538071.065990,903342.366757,666222.518321,0,1.0,archive,adapted,1,c4a54cdecc67,5031,13
cpp,stream,document,100,93,custom_binary,harness,1009,475,223,1484,991080.277502,2105263.157895,673854.447439,0,1.0,struct,adapted,1,c4a54cdecc67,5032,14
cpp,stream,document,100,93,protobuf-wire,wire-v2,1632,1420,164,3052,612745.098039,704225.352113,327653.997379,0,1.0,schema,adapted,1,c4a54cdecc67,5033,15
cpp,stream,document,100,93,avro,binary-1.11,502,515,125,1017,1992031.872510,1941747.572816,983284.169125,0,1.0,schema,adapted,1,c4a54cdecc67,5034,16
cpp,stream,document,100,93,nlohmann_cbor,3.11.3,3004,8825,338,11829,332889.480692,113314.447592,84537.999831,0,1.0,dom,native,1,c4a54cdecc67,5035,17
cpp,stream,document,100,93,rapidjson,1.1.0,4895,19971,458,24866,204290.091931,50072.605278,40215.555377,0,1.0,dom,native,1,c4a54cdecc67,5036,18
cpp,stream,document,100,93,simdjson,3.10.1,193,10778,458,10971,5181347.150259,92781.592132,91149.393857,0,1.0,dom,adapted,1,c4a54cdecc67,5037,19
cpp,stream,document,100,93,flatbuffers,flatbuffers,865,823,188,1688,1156069.364162,1215066.828676,592417.061611,0,1.0,schema,adapted,1,c4a54cdecc67,5038,20
cpp,stream,document,100,93,jsoncons_bson,0.177.0,3570,17598,502,21168,280112.044818,56824.639164,47241.118670,0,1.0,dom,native,1,c4a54cdecc67,5039,21
cpp,stream,document,100,93,flexbuffers,flatbuffers-flex,4648,5927,467,10575,215146.299484,168719.419605,94562.647754,0,1.0,dom,adapted,1,c4a54cdecc67,5040,22
cpp,stream,document,100,93,cereal,1.3.2,746,1024,267,1770,1340482.573727,976562.500000,564971.751412,0,1.0,struct,native,1,c4a54cdecc67,5041,23
cpp,stream,document,100,93,nlohmann_bson,3.11.3,3366,8645,502,12011,297088.532383,115673.799884,83257.014403,0,1.0,dom,native,1,c4a54cdecc67,5042,24
cpp,stream,document,100,93,yas,7.x,1455,520,274,1975,687285.223368,1923076.923077,506329.113924,0,1.0,struct,adapted,1,c4a54cdecc67,5043,25
cpp,stream,document,100,94,zpp_bits,4.4.25,655,364,227,1019,1526717.557252,2747252.747253,981354.268891,0,1.0,struct,adapted,1,c4a54cdecc67,5044,0
cpp,stream,document,100,94,flatbuffers,flatbuffers,354,897,188,1251,2824858.757062,1114827.201784,799360.511591,0,1.0,schema,adapted,1,c4a54cdecc67,5045,1
cpp,stream,document,100,94,avro_c,avro-c,2547,3020,125,5567,392618.767177,331125.827815,179629.962278,0,1.0,schema,adapted,1,c4a54cdecc67,5046,2
cpp,stream,document,100,94,cista,0.15,370,887,328,1257,2702702.702703,1127395.715896,795544.948290,0,1.0,archive,adapted,1,c4a54cdecc67,5047,3
cpp,stream,document,100,94,jsoncons_msgpack,0.177.0,2869,18435,332,21304,348553.502963,54244.643341,46939.541870,0,1.0,dom,native,1,c4a54cdecc67,5048,4
cpp,stream,document,100,94,cereal,1.3.2,660,751,267,1411,1515151.515152,1331557.922770,708717.221828,0,1.0,struct,native,1,c4a54cdecc67,5049,5
cpp,stream,document,100,94,nlohmann_ubjson,3.11.3,2829,9449,409,12278,353481.795688,105831.304900,81446.489656,0,1.0,dom,native,1,c4a54cdecc67,5050,6
cpp,stream,document,100,94,custom_binary,harness,919,387,223,1306,1088139.281828,2583979.328165,765696.784074,0,1.0,struct,adapted,1,c4a54cdecc67,5051,7
cpp,stream,document,100,94,nlohmann_cbor,3.11.3,2845,7957,338,10802,351493.848858,125675.505844,92575.448991,0,1.0,dom,native,1,c4a54cdecc67,5052,8
cpp,stream,document,100,94,arduinojson,7.2.1,5700,17261,458,22961,175438.596491,57934.071027,43552.110100,0,1.0,dom,native,1,c4a54cdecc67,5053,9
cpp,stream,document,100,94,nlohmann_bson,3.11.3,3094,8521,502,11615,323206.205559,117357.117709,86095.566078,0,1.0,dom,native,1,c4a54cdecc67,5054,10
cpp,stream,document,100,94,avro,binary-1.11,492,449,125,941,2032520.325203,2227171.492205,1062699.256111,0,1.0,schema,adapted,1,c4a54cdecc67,5055,11
cpp,stream,document,100,94,rapidjson,1.1.0,4796,20688,458,25484,208507.089241,48337.200309,39240.307644,0,1.0,dom,native,1,c4a54cdecc67,5056,12
cpp,stream,document,100,94,yas,7.x,788,417,274,1205,1269035.532995,2398081.534772,829875.518672,0,1.0,struct,adapted,1,c4a54cdecc67,5057,13
cpp,stream,document,100,94,thrift,TBinaryProtocol,906,538,324,1444,1103752.759382,1858736.059480,692520.775623,0,1.0,schema,adapted,1,c4a54cdecc67,5058,14
cpp,stream,document,100,94,msgpack,msgpack-cxx,1214,1558,332,2772,823723.228995,641848.523748,360750.360750,0,1.0,struct,native,1,c4a54cdecc67,5059,15
cpp,stream,document,100,94,nlohmann_msgpack,3.11.3,2814,8991,332,11805,355366.027008,111222.333445,84709.868700,0,1.0,dom,native,1,c4a54cdecc67,5060,16
cpp,stream,document,100,94,yyjson,0.10.0,1585,9739,458,11324,630914.826498,102679.946606,88308.018368,0,1.0,dom,adapted,1,c4a54cdecc67,5061,17
cpp,stream,document,100,94,flexbuffers,flatbuffers-flex,4165,5814,467,9979,240096.038415,171998.624011,100210.441928,0,1.0,dom,adapted,1,c4a54cdecc67,5062,18
cpp,stream,document,100,94,jsoncons_cbor,0.177.0,3306,20501,338,23807,302480.338778,48778.108385,42004.452472,0,1.0,dom,native,1,c4a54cdecc67,5063,19
cpp,stream,document,100,94,capnproto,1.0.x,1419,932,392,2351,704721.634954,1072961.373391,425350.914504,0,1.0,schema,native,1,c4a54cdecc67,5064,20
cpp,stream,document,100,94,jsoncons_bson,0.177.0,3845,17518,502,21363,260078.023407,57084.142025,46809.904976,0,1.0,dom,native,1,c4a54cdecc67,5065,21
cpp,stream,document,100,94,bitsery,5.2.4,311,352,190,663,3215434.083601,2840909.090909,1508295.625943,0,1.0,struct,adapted,1,c4a54cdecc67,5066,22
cpp,stream,document,100,94,nlohmann_json,3.11.3,3640,9690,458,13330,274725.274725,103199.174407,75018.754689,0,1.0,struct,native,1,c4a54cdecc67,5067,23
cpp,stream,document,100,94,protobuf-wire,wire-v2,1721,870,164,2591,581057.524695,1149425.287356,385951.370127,0,1.0,schema,adapted,1,c4a54cdecc67,5068,24
cpp,stream,document,100,94,simdjson,3.10.1,191,9200,458,9391,5235602.094241,108695.652174,106484.932382,0,1.0,dom,adapted,1,c4a54cdecc67,5069,25
cpp,stream,document,100,95,nlohmann_json,3.11.3,3235,8763,458,11998,309119.010819,114116.170261,83347.224537,0,1.0,struct,native,1,c4a54cdecc67,5070,0
cpp,stream,document,100,95,flatbuffers,flatbuffers,885,760,188,1645,1129943.502825,1315789.473684,607902.735562,0,1.0,schema,adapted,1,c4a54cdecc67,5071,1
cpp,stream,document,100,95,avro_c,avro-c,2455,3118,125,5573,407331.975560,320718.409237,179436.569173,0,1.0,schema,adapted,1,c4a54cdecc67,5072,2
cpp,stream,document,100,95,protobuf-wire,wire-v2,1305,667,164,1972,766283.524904,1499250.374813,507099.391481,0,1.0,schema,adapted,1,c4a54cdecc67,5073,3
cpp,stream,document,100,95,rapidjson,1.1.0,4573,18813,458,23386,218674.830527,53154.733429,42760.626016,0,1.0,dom,native,1,c4a54cdecc67,5074,4
cpp,stream,document,100,95,cista,0.15,363,1014,328,1377,2754820.936639,986193.293886,726216.412491,0,1.0,archive,adapted,1,c4a54cdecc67,5075,5
cpp,stream,document,100,95,cereal,1.3.2,736,941,267,1677,1358695.652174,1062699.256111,596302.921884,0,1.0,struct,native,1,c4a54cdecc67,5076,6
cpp,stream,document,100,95,yyjson,0.10.0,815,9944,458,10759,1226993.865031,100563.153660,92945.441026,0,1.0,dom,adapted,1,c4a54cdecc67,5077,7
cpp,stream,document,100,95,yas,7.x,973,475,274,1448,1027749.229188,2105263.157895,690607.734807,0,1.0,struct,adapted,1,c4a54cdecc67,5078,8
cpp,stream,document,100,95,thrift,TBinaryProtocol,956,470,324,1426,1046025.104603,2127659.574468,701262.272090,0,1.0,schema,adapted,1,c4a54cdecc67,5079,9
cpp,stream,document,100,95,simdjson,3.10.1,175,9832,458,10007,5714285.714286,101708.706265,99930.048966,0,1.0,dom,adapted,1,c4a54cdecc67,5080,10
cpp,stream,document,100,95,nlohmann_ubjson,3.11.3,2855,10096,409,12951,350262.697023,99049.128368,77214.114740,0,1.0,dom,native,1,c4a54cdecc67,5081,11
cpp,stream,document,100,95,msgpack,msgpack-cxx,1237,2310,332,3547,808407.437348,432900.432900,281928.390189,0,1.0,struct,native,1,c4a54cdecc67,5082,12
cpp,stream,document,100,95,bitsery,5.2.4,289,359,190,648,3460207.612457,2785515.320334,1543209.876543,0,1.0,struct,adapted,1,c4a54cdecc67,5083,13
cpp,stream,document,100,95,nlohmann_cbor,3.11.3,3025,8553,338,11578,330578.512397,116918.040454,86370.703058,0,1.0,dom,native,1,c4a54cdecc67,5084,14
cpp,stream,document,100,95,arduinojson,7.2.1,5703,15521,458,21224,175346.308960,64428.838348,47116.471919,0,1.0,dom,native,1,c4a54cdecc67,5085,15
cpp,stream,document,100,95,flexbuffers,flatbuffers-flex,4857,5765,467,10622,205888.408483,173460.537728,94144.228959,0,1.0,dom,adapted,1,c4a54cdecc67,5086,16
cpp,stream,document,100,95,nlohmann_bson,3.11.3,3240,8173,502,11413,308641.975309,122354.092744,87619.381407,0,1.0,dom,native,1,c4a54cdecc67,5087,17
cpp,stream,document,100,95,custom_binary,harness,1027,416,223,1443,973709.834469,2403846.153846,693000.693001,0,1.0,struct,adapted,1,c4a54cdecc67,5088,18
cpp,stream,document,100,95,jsoncons_bson,0.177.0,5143,18883,502,24026,194439.043360,52957.686808,41621.576625,0,1.0,dom,native,1,c4a54cdecc67,5089,19
cpp,stream,document,100,95,jsoncons_cbor,0.177.0,3453,18796,338,22249,289603.243556,53202.809108,44945.840262,0,1.0,dom,native,1,c4a54cdecc67,5090,20
cpp,stream,document,100,95,nlohmann_msgpack,3.11.3,2937,7997,332,10934,340483.486551,125046.892585,91457.837937,0,1.0,dom,native,1,c4a54cdecc67,5091,21
cpp,stream,document,100,95,zpp_bits,4.4.25,683,356,227,1039,1464128.843338,2808988.764045,962463.907603,0,1.0,struct,adapted,1,c4a54cdecc67,5092,22
cpp,stream,document,100,95,capnproto,1.0.x,1807,829,392,2636,553403.431101,1206272.617612,379362.670713,0,1.0,schema,native,1,c4a54cdecc67,5093,23
cpp,stream,document,100,95,jsoncons_msgpack,0.177.0,2881,17663,332,20544,347101.700798,56615.523977,48676.012461,0,1.0,dom,native,1,c4a54cdecc67,5094,24
cpp,stream,document,100,95,avro,binary-1.11,629,441,125,1070,1589825.119237,2267573.696145,934579.439252,0,1.0,schema,adapted,1,c4a54cdecc67,5095,25
cpp,stream,document,100,96,custom_binary,harness,1048,475,223,1523,954198.473282,2105263.157895,656598.818122,0,1.0,struct,adapted,1,c4a54cdecc67,5096,0
cpp,stream,document,100,96,rapidjson,1.1.0,4769,21414,458,26183,209687.565527,46698.421593,38192.720467,0,1.0,dom,native,1,c4a54cdecc67,5097,1
cpp,stream,document,100,96,jsoncons_bson,0.177.0,4139,17654,502,21793,241604.252235,56644.386541,45886.293764,0,1.0,dom,native,1,c4a54cdecc67,5098,2
cpp,stream,document,100,96,cereal,1.3.2,827,993,267,1820,1209189.842805,1007049.345418,549450.549451,0,1.0,struct,native,1,c4a54cdecc67,5099,3
cpp,stream,document,100,96,nlohmann_json,3.11.3,3708,9783,458,13491,269687.162891,102218.133497,74123.489734,0,1.0,struct,native,1,c4a54cdecc67,5100,4
cpp,stream,document,100,96,nlohmann_cbor,3.11.3,2932,10291,338,13223,341064.120055,97172.286464,75625.803524,0,1.0,dom,native,1,c4a54cdecc67,5101,5
cpp,stream,document,100,96,zpp_bits,4.4.25,676,335,227,1011,1479289.940828,2985074.626866,989119.683482,0,1.0,struct,adapted,1,c4a54cdecc67,5102,6
cpp,stream,document,100,96,capnproto,1.0.x,1801,878,392,2679,555247.084953,1138952.164009,373273.609556,0,1.0,schema,native,1,c4a54cdecc67,5103,7
cpp,stream,document,100,96,nlohmann_bson,3.11.3,3437,9208,502,12645,290951.411114,108601.216334,79082.641360,0,1.0,dom,native,1,c4a54cdecc67,5104,8
cpp,stream,document,100,96,yyjson,0.10.0,1531,9856,458,11387,653167.864141,101461.038961,87819.443225,0,1.0,dom,adapted,1,c4a54cdecc67,5105,9
cpp,stream,document,100,96,msgpack,msgpack-cxx,1321,2092,332,3413,757002.271007,478011.472275,292997.363024,0,1.0,struct,native,1,c4a54cdecc67,5106,10
cpp,stream,document,100,96,jsoncons_cbor,0.177.0,3015,20113,338,23128,331674.958541,49719.087158,43237.634037,0,1.0,dom,native,1,c4a54cdecc67,5107,11
cpp,stream,document,100,96,yas,7.x,936,490,274,1426,1068376.068376,2040816.326531,701262.272090,0,1.0,struct,adapted,1,c4a54cdecc67,5108,12
cpp,stream,document,100,96,protobuf-wire,wire-v2,1719,934,164,2653,581733.566027,1070663.811563,376931.775349,0,1.0,schema,adapted,1,c4a54cdecc67,5109,13
cpp,stream,document,100,96,nlohmann_msgpack,3.11.3,2949,8781,332,11730,339097.999322,113882.245758,85251.491901,0,1.0,dom,native,1,c4a54cdecc67,5110,14
cpp,stream,document,100,96,avro_c,avro-c,2703,3139,125,5842,369959.304477,318572.793883,171174.255392,0,1.0,schema,adapted,1,c4a54cdecc67,5111,15
cpp,stream,document,100,96,simdjson,3.10.1,198,10048,458,10246,5050505.050505,99522.292994,97599.063049,0,1.0,dom,adapted,1,c4a54cdecc67,5112,16
cpp,stream,document,100,96,cista,0.15,454,1071,328,1525,2202643.171806,933706.816060,655737.704918,0,1.0,archive,adapted,1,c4a54cdecc67,5113,17
cpp,stream,document,100,96,arduinojson,7.2.1,5852,17300,458,23152,170881.749829,57803.468208,43192.812716,0,1.0,dom,native,1,c4a54cdecc67,5114,18
cpp,stream,document,100,96,nlohmann_ubjson,3.11.3,3006,9991,409,12997,332667.997339,100090.081073,76940.832500,0,1.0,dom,native,1,c4a54cdecc67,5115,19
cpp,stream,document,100,96,flexbuffers,flatbuffers-flex,5068,6078,467,11146,197316.495659,164527.805199,89718.284586,0,1.0,dom,adapted,1,c4a54cdecc67,5116,20
cpp,stream,document,100,96,avro,binary-1.11,571,570,125,1141,1751313.485114,1754385.964912,876424.189308,0,1.0,schema,adapted,1,c4a54cdecc67,5117,21
cpp,stream,document,100,96,flatbuffers,flatbuffers,1742,993,188,2735,574052.812859,1007049.345418,365630.712980,0,1.0,schema,adapted,1,c4a54cdecc67,5118,22
cpp,stream,document,100,96,thrift,TBinaryProtocol,1151,587,324,1738,868809.730669,1703577.512777,575373.993096,0,1.0,schema,adapted,1,c4a54cdecc67,5119,23
cpp,stream,document,100,96,bitsery,5.2.4,293,390,190,683,3412969.283276,2564102.564103,1464128.843338,0,1.0,struct,adapted,1,c4a54cdecc67,5120,24
cpp,stream,document,100,96,jsoncons_msgpack,0.177.0,3153,19751,332,22904,317158.261973,50630.347830,43660.495983,0,1.0,dom,native,1,c4a54cdecc67,5121,25
cpp,stream,document,100,97,jsoncons_cbor,0.177.0,3626,19485,338,23111,275785.990072,51321.529382,43269.438795,0,1.0,dom,native,1,c4a54cdecc67,5122,0
cpp,stream,document,100,97,zpp_bits,4.4.25,780,431,227,1211,1282051.282051,2320185.614849,825763.831544,0,1.0,struct,adapted,1,c4a54cdecc67,5123,1
cpp,stream,document,100,97,yyjson,0.10.0,1354,9819,458,11173,738552.437223,101843.364905,89501.476774,0,1.0,dom,adapted,1,c4a54cdecc67,5124,2
cpp,stream,document,100,97,nlohmann_bson,3.11.3,3512,9566,502,13078,284738.041002,104536.901526,76464.291176,0,1.0,dom,native,1,c4a54cdecc67,5125,3
cpp,stream,document,100,97,nlohmann_msgpack,3.11.3,2851,8216,332,11067,350754.121361,121713.729309,90358.724135,0,1.0,dom,native,1,c4a54cdecc67,5126,4
cpp,stream,document,100,97,bitsery,5.2.4,232,398,190,630,4310344.827586,2512562.814070,1587301.587302,0,1.0,struct,adapted,1,c4a54cdecc67,5127,5
cpp,stream,document,100,97,nlohmann_ubjson,3.11.3,2820,8664,409,11484,354609.929078,115420.129271,87077.673285,0,1.0,dom,native,1,c4a54cdecc67,5128,6
cpp,stream,document,100,97,yas,7.x,1896,415,274,2311,527426.160338,2409638.554217,432713.111207,0,1.0,struct,adapted,1,c4a54cdecc67,5129,7
cpp,stream,document,100,97,capnproto,1.0.x,928,916,392,1844,1077586.206897,1091703.056769,542299.349241,0,1.0,schema,native,1,c4a54cdecc67,5130,8
cpp,stream,document,100,97,custom_binary,harness,1138,485,223,1623,878734.622144,2061855.670103,616142.945163,0,1.0,struct,adapted,1,c4a54cdecc67,5131,9
cpp,stream,document,100,97,arduinojson,7.2.1,5768,16608,458,22376,173370.319001,60211.946050,44690.740079,0,1.0,dom,native,1,c4a54cdecc67,5132,10
cpp,stream,document,100,97,nlohmann_json,3.11.3,3903,9744,458,13647,256213.169357,102627.257800,73276.177915,0,1.0,struct,native,1,c4a54cdecc67,5133,11
cpp,stream,document,100,97,avro_c,avro-c,3029,2982,125,6011,330141.961043,335345.405768,166361.670271,0,1.0,schema,adapted,1,c4a54cdecc67,5134,12
cpp,stream,document,100,97,avro,binary-1.11,528,502,125,1030,1893939.393939,1992031.872510,970873.786408,0,1.0,schema,adapted,1,c4a54cdecc67,5135,13
cpp,stream,document,100,97,simdjson,3.10.1,209,10369,458,10578,4784688.995215,96441.315460,94535.829079,0,1.0,dom,adapted,1,c4a54cdecc67,5136,14
cpp,stream,document,100,97,thrift,TBinaryProtocol,1082,561,324,1643,924214.417745,1782531.194296,608642.726719,0,1.0,schema,adapted,1,c4a54cdecc67,5137,15
cpp,stream,document,100,97,flatbuffers,flatbuffers,1215,1001,188,2216,823045.267490,999000.999001,451263.537906,0,1.0,schema,adapted,1,c4a54cdecc67,5138,16
cpp,stream,document,100,97,cereal,1.3.2,885,1111,267,1996,1129943.502825,900090.009001,501002.004008,0,1.0,struct,native,1,c4a54cdecc67,5139,17
cpp,stream,document,100,97,jsoncons_msgpack,0.177.0,3233,20050,332,23283,309310.238169,49875.311721,42949.791694,0,1.0,dom,native,1,c4a54cdecc67,5140,18
cpp,stream,document,100,97,protobuf-wire,wire-v2,1669,759,164,2428,599161.174356,1317523.056653,411861.614498,0,1.0,schema,adapted,1,c4a54cdecc67,5141,19
cpp,stream,document,100,97,rapidjson,1.1.0,4958,21543,458,26501,201694.231545,46418.790326,37734.425116,0,1.0,dom,native,1,c4a54cdecc67,5142,20
cpp,stream,document,100,97,jsoncons_bson,0.177.0,4770,18228,502,22998,209643.605870,54860.653939,43482.041917,0,1.0,dom,native,1,c4a54cdecc67,5143,21
cpp,stream,document,100,97,flexbuffers,flatbuffers-flex,5157,6060,467,11217,193911.188676,165016.501650,89150.396719,0,1.0,dom,adapted,1,c4a54cdecc67,5144,22
cpp,stream,document,100,97,msgpack,msgpack-cxx,1139,2340,332,3479,877963.125549,427350.427350,287438.919230,0,1.0,struct,native,1,c4a54cdecc67,5145,23
cpp,stream,document,100,97,cista,0.15,495,1047,328,1542,2020202.020202,955109.837631,648508.430610,0,1.0,archive,adapted,1,c4a54cdecc67,5146,24
cpp,stream,document,100,97,nlohmann_cbor,3.11.3,3690,9820,338,13510,271002.710027,101832.993890,74019.245004,0,1.0,dom,native,1,c4a54cdecc67,5147,25
cpp,stream,document,100,98,nlohmann_bson,3.11.3,3603,8618,502,12221,277546.489037,116036.203295,81826.364455,0,1.0,dom,native,1,c4a54cdecc67,5148,0
cpp,stream,document,100,98,avro,binary-1.11,535,468,125,1003,1869158.878505,2136752.136752,997008.973081,0,1.0,schema,adapted,1,c4a54cdecc67,5149,1
cpp,stream,document,100,98,jsoncons_bson,0.177.0,5054,19087,502,24141,197863.078750,52391.680201,41423.304751,0,1.0,dom,native,1,c4a54cdecc67,5150,2
cpp,stream,document,100,98,jsoncons_cbor,0.177.0,3785,19009,338,22794,264200.792602,52606.660003,43871.194174,0,1.0,dom,native,1,c4a54cdecc67,5151,3
cpp,stream,document,100,98,flatbuffers,flatbuffers,951,924,188,1875,1051524.710831,1082251.082251,533333.333333,0,1.0,schema,adapted,1,c4a54cdecc67,5152,4
cpp,stream,document,100,98,nlohmann_json,3.11.3,3939,10357,458,14296,253871.541000,96553.055904,69949.636262,0,1.0,struct,native,1,c4a54cdecc67,5153,5
cpp,stream,document,100,98,cereal,1.3.2,826,1238,267,2064,1210653.753027,807754.442649,484496.124031,0,1.0,struct,native,1,c4a54cdecc67,5154,6
cpp,stream,document,100,98,yas,7.x,1015,574,274,1589,985221.674877,1742160.278746,629326.620516,0,1.0,struct,adapted,1,c4a54cdecc67,5155,7
cpp,stream,document,100,98,custom_binary,harness,1085,411,223,1496,921658.986175,2433090.024331,668449.197861,0,1.0,struct,adapted,1,c4a54cdecc67,5156,8
cpp,stream,document,100,98,avro_c,avro-c,3045,3192,125,6237,328407.224959,313283.208020,160333.493667,0,1.0,schema,adapted,1,c4a54cdecc67,5157,9
cpp,stream,document,100,98,simdjson,3.10.1,194,9805,458,9999,5154639.175258,101988.781234,100010.001000,0,1.0,dom,adapted,1,c4a54cdecc67,5158,10
cpp,stream,document,100,98,rapidjson,1.1.0,4993,19661,458,24654,200280.392550,50862.112812,40561.369352,0,1.0,dom,native,1,c4a54cdecc67,5159,11
cpp,stream,document,100,98,arduinojson,7.2.1,5908,15451,458,21359,169262.017603,64720.730050,46818.671286,0,1.0,dom,native,1,c4a54cdecc67,5160,12
cpp,stream,document,100,98,jsoncons_msgpack,0.177.0,4342,18690,332,23032,230308.613542,53504.547887,43417.853421,0,1.0,dom,native,1,c4a54cdecc67,5161,13
cpp,stream,document,100,98,bitsery,5.2.4,341,427,190,768,2932551.319648,2341920.374707,1302083.333333,0,1.0,struct,adapted,1,c4a54cdecc67,5162,14
cpp,stream,document,100,98,thrift,TBinaryProtocol,1035,546,324,1581,966183.574879,1831501.831502,632511.068944,0,1.0,schema,adapted,1,c4a54cdecc67,5163,15
cpp,stream,document,100,98,zpp_bits,4.4.25,778,327,227,1105,1285347.043702,3058103.975535,904977.375566,0,1.0,struct,adapted,1,c4a54cdecc67,5164,16
cpp,stream,document,100,98,cista,0.15,365,1012,328,1377,2739726.027397,988142.292490,726216.412491,0,1.0,archive,adapted,1,c4a54cdecc67,5165,17
cpp,stream,document,100,98,nlohmann_ubjson,3.11.3,3058,10010,409,13068,327011.118378,99900.099900,76522.803796,0,1.0,dom,native,1,c4a54cdecc67,5166,18
cpp,stream,document,100,98,nlohmann_cbor,3.11.3,3358,8111,338,11469,297796.307326,123289.360128,87191.559857,0,1.0,dom,native,1,c4a54cdecc67,5167,19
cpp,stream,document,100,98,msgpack,msgpack-cxx,1212,2689,332,3901,825082.508251,371885.459279,256344.527044,0,1.0,struct,native,1,c4a54cdecc67,5168,20
cpp,stream,document,100,98,protobuf-wire,wire-v2,1691,954,164,2645,591366.055588,1048218.029350,378071.833648,0,1.0,schema,adapted,1,c4a54cdecc67,5169,21
cpp,stream,document,100,98,capnproto,1.0.x,1055,997,392,2052,947867.298578,1003009.027081,487329.434698,0,1.0,schema,native,1,c4a54cdecc67,5170,22
cpp,stream,document,100,98,nlohmann_msgpack,3.11.3,2911,9375,332,12286,343524.562006,106666.666667,81393.455966,0,1.0,dom,native,1,c4a54cdecc67,5171,23
cpp,stream,document,100,98,flexbuffers,flatbuffers-flex,4600,6026,467,10626,217391.304348,165947.560571,94108.789761,0,1.0,dom,adapted,1,c4a54cdecc67,5172,24
cpp,stream,document,100,98,yyjson,0.10.0,1620,10323,458,11943,617283.950617,96871.064613,83731.055849,0,1.0,dom,adapted,1,c4a54cdecc67,5173,25
cpp,stream,document,100,99,thrift,TBinaryProtocol,1267,428,324,1695,789265.982636,2336448.598131,589970.501475,0,1.0,schema,adapted,1,c4a54cdecc67,5174,0
cpp,stream,document,100,99,protobuf-wire,wire-v2,1391,762,164,2153,718907.260963,1312335.958005,464468.183929,0,1.0,schema,adapted,1,c4a54cdecc67,5175,1
cpp,stream,document,100,99,avro,binary-1.11,529,542,125,1071,1890359.168242,1845018.450185,933706.816060,0,1.0,schema,adapted,1,c4a54cdecc67,5176,2
cpp,stream,document,100,99,nlohmann_ubjson,3.11.3,2850,10062,409,12912,350877.192982,99383.820314,77447.335812,0,1.0,dom,native,1,c4a54cdecc67,5177,3
cpp,stream,document,100,99,nlohmann_bson,3.11.3,3455,8273,502,11728,289435.600579,120875.135985,85266.030014,0,1.0,dom,native,1,c4a54cdecc67,5178,4
cpp,stream,document,100,99,nlohmann_json,3.11.3,3809,9717,458,13526,262536.098714,102912.421529,73931.687121,0,1.0,struct,native,1,c4a54cdecc67,5179,5
cpp,stream,document,100,99,nlohmann_cbor,3.11.3,3251,8201,338,11452,307597.662258,121936.349226,87320.991966,0,1.0,dom,native,1,c4a54cdecc67,5180,6
cpp,stream,document,100,99,yyjson,0.10.0,1718,9018,458,10736,582072.176950,110889.332446,93144.560358,0,1.0,dom,adapted,1,c4a54cdecc67,5181,7
cpp,stream,document,100,99,flatbuffers,flatbuffers,892,834,188,1726,1121076.233184,1199040.767386,579374.275782,0,1.0,schema,adapted,1,c4a54cdecc67,5182,8
cpp,stream,document,100,99,cista,0.15,418,946,328,1364,2392344.497608,1057082.452431,733137.829912,0,1.0,archive,adapted,1,c4a54cdecc67,5183,9
cpp,stream,document,100,99,capnproto,1.0.x,871,749,392,1620,1148105.625718,1335113.484646,617283.950617,0,1.0,schema,native,1,c4a54cdecc67,5184,10
cpp,stream,document,100,99,nlohmann_msgpack,3.11.3,2695,8866,332,11561,371057.513915,112790.435371,86497.707811,0,1.0,dom,native,1,c4a54cdecc67,5185,11
cpp,stream,document,100,99,msgpack,msgpack-cxx,1357,2577,332,3934,736919.675755,388048.117967,254194.204372,0,1.0,struct,native,1,c4a54cdecc67,5186,12
cpp,stream,document,100,99,yas,7.x,568,426,274,994,1760563.380282,2347417.840376,1006036.217304,0,1.0,struct,adapted,1,c4a54cdecc67,5187,13
cpp,stream,document,100,99,custom_binary,harness,1075,439,223,1514,930232.558140,2277904.328018,660501.981506,0,1.0,struct,adapted,1,c4a54cdecc67,5188,14
cpp,stream,document,100,99,jsoncons_cbor,0.177.0,2870,23622,338,26492,348432.055749,42333.418000,37747.244451,0,1.0,dom,native,1,c4a54cdecc67,5189,15
cpp,stream,document,100,99,rapidjson,1.1.0,5084,20337,458,25421,196695.515342,49171.460884,39337.555564,0,1.0,dom,native,1,c4a54cdecc67,5190,16
cpp,stream,document,100,99,bitsery,5.2.4,307,377,190,684,3257328.990228,2652519.893899,1461988.304094,0,1.0,struct,adapted,1,c4a54cdecc67,5191,17
cpp,stream,document,100,99,jsoncons_bson,0.177.0,4524,18179,502,22703,221043.324492,55008.526322,44047.042241,0,1.0,dom,native,1,c4a54cdecc67,5192,18
cpp,stream,document,100,99,avro_c,avro-c,2745,3036,125,5781,364298.724954,329380.764163,172980.453209,0,1.0,schema,adapted,1,c4a54cdecc67,5193,19
cpp,stream,document,100,99,jsoncons_msgpack,0.177.0,3810,18347,332,22157,262467.191601,54504.823677,45132.463781,0,1.0,dom,native,1,c4a54cdecc67,5194,20
cpp,stream,document,100,99,flexbuffers,flatbuffers-flex,4713,6102,467,10815,212179.079143,163880.694854,92464.170134,0,1.0,dom,adapted,1,c4a54cdecc67,5195,21
cpp,stream,document,100,99,zpp_bits,4.4.25,731,504,227,1235,1367989.056088,1984126.984127,809716.599190,0,1.0,struct,adapted,1,c4a54cdecc67,5196,22
cpp,stream,document,100,99,cereal,1.3.2,937,1034,267,1971,1067235.859125,967117.988395,507356.671740,0,1.0,struct,native,1,c4a54cdecc67,5197,23
cpp,stream,document,100,99,simdjson,3.10.1,199,9733,458,9932,5025125.628141,102743.244632,100684.655658,0,1.0,dom,adapted,1,c4a54cdecc67,5198,24
cpp,stream,document,100,99,arduinojson,7.2.1,6055,16226,458,22281,165152.766309,61629.483545,44881.288991,0,1.0,dom,native,1,c4a54cdecc67,5199,25
