Language,StringOrStream,TestDataName,Repetitions,RepetitionIndex,SerializerName,SerializerVersion,TimeSer,TimeDeser,Size,TimeSerAndDeser,OpPerSecSer,OpPerSecDeser,OpPerSecSerAndDeser,MemoryPeakBytes,FidelityScore,NativeKind,StreamMode,DataTypeInstanceCount,TypeConfigHash,RunOrder,SchedulePosition
rust,bytes,document,100,0,bson,2.15.0,299008,302973,540,601981,3344.392123,3300.624148,1661.181997,0,1.0,serde,adapted,1,c4a54cdecc67,0,0
rust,bytes,document,100,0,rmp-serde,1.3.1,3354,192537,333,195891,298151.460942,5193.806905,5104.879755,0,1.0,serde,adapted,1,c4a54cdecc67,1,1
rust,bytes,document,100,0,bincode,2.0.1,867,2040,122,2907,1153402.537486,490196.078431,343997.248022,0,1.0,serde,adapted,1,c4a54cdecc67,2,2
rust,bytes,document,100,0,simd-json,0.14.3,2272,90584,460,92856,440140.845070,11039.477170,10769.363315,0,1.0,serde,adapted,1,c4a54cdecc67,3,3
rust,bytes,document,100,0,serde_json,1.0.150,697,4730,460,5427,1434720.229555,211416.490486,184263.865856,0,1.0,serde,native,1,c4a54cdecc67,4,4
rust,bytes,document,100,0,sonic-rs,0.3.17,2056,199486,460,201542,486381.322957,5012.883110,4961.744946,0,1.0,serde,adapted,1,c4a54cdecc67,5,5
rust,bytes,document,100,0,rkyv,0.8.17,4141,1518,272,5659,241487.563390,658761.528327,176709.666019,0,1.0,archive,adapted,1,c4a54cdecc67,6,6
rust,bytes,document,100,0,nanoserde,0.1.37,4528,1409,258,5937,220848.056537,709723.207949,168435.236652,0,1.0,direct,adapted,1,c4a54cdecc67,7,7
rust,bytes,document,100,0,flexbuffers,2.0.0,13643,7079,452,20722,73297.661805,141262.890239,48257.890165,0,1.0,serde,adapted,1,c4a54cdecc67,8,8
rust,bytes,document,100,0,minicbor,0.25.1,1556,2625,133,4181,642673.521851,380952.380952,239177.230328,0,1.0,direct,adapted,1,c4a54cdecc67,9,9
rust,bytes,document,100,0,bitcode,0.6.9,53413,7329,122,60742,18722.033962,136444.262519,16463.073327,0,1.0,serde,adapted,1,c4a54cdecc67,10,10
rust,bytes,document,100,0,serde_avro_fast,2.1.0,5760,7237,114,12997,173611.111111,138178.803372,76940.832500,0,1.0,serde,native,1,c4a54cdecc67,11,11
rust,bytes,document,100,0,speedy,0.8.7,1207,812,214,2019,828500.414250,1231527.093596,495294.700347,0,1.0,direct,adapted,1,c4a54cdecc67,12,12
rust,bytes,document,100,0,prost,0.13.5,1889,1824,155,3713,529380.624669,548245.614035,269323.996768,0,1.0,message,adapted,1,c4a54cdecc67,13,13
rust,bytes,document,100,0,ciborium,0.2.2,1562,113056,339,114618,640204.865557,8845.174073,8724.633129,0,1.0,serde,native,1,c4a54cdecc67,14,14
rust,bytes,document,100,0,postcard,1.1.3,3147,1298,114,4445,317762.948840,770416.024653,224971.878515,0,1.0,serde,adapted,1,c4a54cdecc67,15,15
rust,bytes,document,100,1,prost,0.13.5,1081,964,155,2045,925069.380204,1037344.398340,488997.555012,0,1.0,message,adapted,1,c4a54cdecc67,16,0
rust,bytes,document,100,1,serde_json,1.0.150,667,1957,460,2624,1499250.374813,510986.203373,381097.560976,0,1.0,serde,native,1,c4a54cdecc67,17,1
rust,bytes,document,100,1,flexbuffers,2.0.0,4815,2303,452,7118,207684.319834,434216.239687,140488.901377,0,1.0,serde,adapted,1,c4a54cdecc67,18,2
rust,bytes,document,100,1,simd-json,0.14.3,578,4068,460,4646,1730103.806228,245821.042281,215238.915196,0,1.0,serde,adapted,1,c4a54cdecc67,19,3
rust,bytes,document,100,1,rkyv,0.8.17,727,595,272,1322,1375515.818432,1680672.268908,756429.652042,0,1.0,archive,adapted,1,c4a54cdecc67,20,4
rust,bytes,document,100,1,bson,2.15.0,1546,3298,540,4844,646830.530401,303214.069133,206440.957886,0,1.0,serde,adapted,1,c4a54cdecc67,21,5
rust,bytes,document,100,1,serde_avro_fast,2.1.0,848,1064,114,1912,1179245.283019,939849.624060,523012.552301,0,1.0,serde,native,1,c4a54cdecc67,22,6
rust,bytes,document,100,1,sonic-rs,0.3.17,594,1686,460,2280,1683501.683502,593119.810202,438596.491228,0,1.0,serde,adapted,1,c4a54cdecc67,23,7
rust,bytes,document,100,1,minicbor,0.25.1,525,937,133,1462,1904761.904762,1067235.859125,683994.528044,0,1.0,direct,adapted,1,c4a54cdecc67,24,8
rust,bytes,document,100,1,bincode,2.0.1,287,969,122,1256,3484320.557491,1031991.744066,796178.343949,0,1.0,serde,adapted,1,c4a54cdecc67,25,9
rust,bytes,document,100,1,speedy,0.8.7,178,334,214,512,5617977.528090,2994011.976048,1953125.000000,0,1.0,direct,adapted,1,c4a54cdecc67,26,10
rust,bytes,document,100,1,rmp-serde,1.3.1,498,1585,333,2083,2008032.128514,630914.826498,480076.812290,0,1.0,serde,adapted,1,c4a54cdecc67,27,11
rust,bytes,document,100,1,ciborium,0.2.2,732,2313,339,3045,1366120.218579,432338.953740,328407.224959,0,1.0,serde,native,1,c4a54cdecc67,28,12
rust,bytes,document,100,1,bitcode,0.6.9,2339,1483,122,3822,427533.133818,674308.833446,261643.118786,0,1.0,serde,adapted,1,c4a54cdecc67,29,13
rust,bytes,document,100,1,nanoserde,0.1.37,509,572,258,1081,1964636.542240,1748251.748252,925069.380204,0,1.0,direct,adapted,1,c4a54cdecc67,30,14
rust,bytes,document,100,1,postcard,1.1.3,252,554,114,806,3968253.968254,1805054.151625,1240694.789082,0,1.0,serde,adapted,1,c4a54cdecc67,31,15
rust,bytes,document,100,2,rkyv,0.8.17,564,596,272,1160,1773049.645390,1677852.348993,862068.965517,0,1.0,archive,adapted,1,c4a54cdecc67,32,0
rust,bytes,document,100,2,nanoserde,0.1.37,418,641,258,1059,2392344.497608,1560062.402496,944287.063267,0,1.0,direct,adapted,1,c4a54cdecc67,33,1
rust,bytes,document,100,2,bincode,2.0.1,194,712,122,906,5154639.175258,1404494.382022,1103752.759382,0,1.0,serde,adapted,1,c4a54cdecc67,34,2
rust,bytes,document,100,2,simd-json,0.14.3,531,2843,460,3374,1883239.171375,351741.118537,296384.113811,0,1.0,serde,adapted,1,c4a54cdecc67,35,3
rust,bytes,document,100,2,postcard,1.1.3,146,384,114,530,6849315.068493,2604166.666667,1886792.452830,0,1.0,serde,adapted,1,c4a54cdecc67,36,4
rust,bytes,document,100,2,rmp-serde,1.3.1,293,930,333,1223,3412969.283276,1075268.817204,817661.488144,0,1.0,serde,adapted,1,c4a54cdecc67,37,5
rust,bytes,document,100,2,speedy,0.8.7,127,305,214,432,7874015.748031,3278688.524590,2314814.814815,0,1.0,direct,adapted,1,c4a54cdecc67,38,6
rust,bytes,document,100,2,bson,2.15.0,1141,2462,540,3603,876424.189308,406173.842405,277546.489037,0,1.0,serde,adapted,1,c4a54cdecc67,39,7
rust,bytes,document,100,2,sonic-rs,0.3.17,456,1033,460,1489,2192982.456140,968054.211036,671591.672263,0,1.0,serde,adapted,1,c4a54cdecc67,40,8
rust,bytes,document,100,2,serde_json,1.0.150,653,1400,460,2053,1531393.568147,714285.714286,487092.060399,0,1.0,serde,native,1,c4a54cdecc67,41,9
rust,bytes,document,100,2,prost,0.13.5,692,781,155,1473,1445086.705202,1280409.731114,678886.625933,0,1.0,message,adapted,1,c4a54cdecc67,42,10
rust,bytes,document,100,2,minicbor,0.25.1,450,689,133,1139,2222222.222222,1451378.809869,877963.125549,0,1.0,direct,adapted,1,c4a54cdecc67,43,11
rust,bytes,document,100,2,ciborium,0.2.2,584,2091,339,2675,1712328.767123,478240.076518,373831.775701,0,1.0,serde,native,1,c4a54cdecc67,44,12
rust,bytes,document,100,2,serde_avro_fast,2.1.0,757,793,114,1550,1321003.963012,1261034.047919,645161.290323,0,1.0,serde,native,1,c4a54cdecc67,45,13
rust,bytes,document,100,2,flexbuffers,2.0.0,3585,2057,452,5642,278940.027894,486144.871172,177242.112726,0,1.0,serde,adapted,1,c4a54cdecc67,46,14
rust,bytes,document,100,2,bitcode,0.6.9,1739,1370,122,3109,575043.128235,729927.007299,321646.831779,0,1.0,serde,adapted,1,c4a54cdecc67,47,15
rust,bytes,document,100,3,rmp-serde,1.3.1,417,1241,333,1658,2398081.534772,805801.772764,603136.308806,0,1.0,serde,adapted,1,c4a54cdecc67,48,0
rust,bytes,document,100,3,serde_json,1.0.150,624,1457,460,2081,1602564.102564,686341.798216,480538.202787,0,1.0,serde,native,1,c4a54cdecc67,49,1
rust,bytes,document,100,3,simd-json,0.14.3,483,2454,460,2937,2070393.374741,407497.962510,340483.486551,0,1.0,serde,adapted,1,c4a54cdecc67,50,2
rust,bytes,document,100,3,postcard,1.1.3,158,397,114,555,6329113.924051,2518891.687657,1801801.801802,0,1.0,serde,adapted,1,c4a54cdecc67,51,3
rust,bytes,document,100,3,rkyv,0.8.17,520,468,272,988,1923076.923077,2136752.136752,1012145.748988,0,1.0,archive,adapted,1,c4a54cdecc67,52,4
rust,bytes,document,100,3,ciborium,0.2.2,498,1975,339,2473,2008032.128514,506329.113924,404367.165386,0,1.0,serde,native,1,c4a54cdecc67,53,5
rust,bytes,document,100,3,sonic-rs,0.3.17,506,913,460,1419,1976284.584980,1095290.251917,704721.634954,0,1.0,serde,adapted,1,c4a54cdecc67,54,6
rust,bytes,document,100,3,flexbuffers,2.0.0,2936,1766,452,4702,340599.455041,566251.415629,212675.457252,0,1.0,serde,adapted,1,c4a54cdecc67,55,7
rust,bytes,document,100,3,bitcode,0.6.9,1505,1180,122,2685,664451.827243,847457.627119,372439.478585,0,1.0,serde,adapted,1,c4a54cdecc67,56,8
rust,bytes,document,100,3,prost,0.13.5,699,716,155,1415,1430615.164521,1396648.044693,706713.780919,0,1.0,message,adapted,1,c4a54cdecc67,57,9
rust,bytes,document,100,3,minicbor,0.25.1,472,736,133,1208,2118644.067797,1358695.652174,827814.569536,0,1.0,direct,adapted,1,c4a54cdecc67,58,10
rust,bytes,document,100,3,nanoserde,0.1.37,456,486,258,942,2192982.456140,2057613.168724,1061571.125265,0,1.0,direct,adapted,1,c4a54cdecc67,59,11
rust,bytes,document,100,3,bincode,2.0.1,209,732,122,941,4784688.995215,1366120.218579,1062699.256111,0,1.0,serde,adapted,1,c4a54cdecc67,60,12
rust,bytes,document,100,3,bson,2.15.0,1089,2173,540,3262,918273.645546,460193.281178,306560.392397,0,1.0,serde,adapted,1,c4a54cdecc67,61,13
rust,bytes,document,100,3,serde_avro_fast,2.1.0,701,870,114,1571,1426533.523538,1149425.287356,636537.237428,0,1.0,serde,native,1,c4a54cdecc67,62,14
rust,bytes,document,100,3,speedy,0.8.7,100,291,214,391,10000000.000000,3436426.116838,2557544.757033,0,1.0,direct,adapted,1,c4a54cdecc67,63,15
rust,bytes,document,100,4,bincode,2.0.1,230,687,122,917,4347826.086957,1455604.075691,1090512.540894,0,1.0,serde,adapted,1,c4a54cdecc67,64,0
rust,bytes,document,100,4,postcard,1.1.3,152,597,114,749,6578947.368421,1675041.876047,1335113.484646,0,1.0,serde,adapted,1,c4a54cdecc67,65,1
rust,bytes,document,100,4,bson,2.15.0,1227,1997,540,3224,814995.925020,500751.126690,310173.697270,0,1.0,serde,adapted,1,c4a54cdecc67,66,2
rust,bytes,document,100,4,serde_avro_fast,2.1.0,555,651,114,1206,1801801.801802,1536098.310292,829187.396352,0,1.0,serde,native,1,c4a54cdecc67,67,3
rust,bytes,document,100,4,nanoserde,0.1.37,411,411,258,822,2433090.024331,2433090.024331,1216545.012165,0,1.0,direct,adapted,1,c4a54cdecc67,68,4
rust,bytes,document,100,4,ciborium,0.2.2,529,1876,339,2405,1890359.168242,533049.040512,415800.415800,0,1.0,serde,native,1,c4a54cdecc67,69,5
rust,bytes,document,100,4,rmp-serde,1.3.1,322,954,333,1276,3105590.062112,1048218.029350,783699.059561,0,1.0,serde,adapted,1,c4a54cdecc67,70,6
rust,bytes,document,100,4,simd-json,0.14.3,528,2726,460,3254,1893939.393939,366837.857667,307314.074985,0,1.0,serde,adapted,1,c4a54cdecc67,71,7
rust,bytes,document,100,4,speedy,0.8.7,77,282,214,359,12987012.987013,3546099.290780,2785515.320334,0,1.0,direct,adapted,1,c4a54cdecc67,72,8
rust,bytes,document,100,4,bitcode,0.6.9,1700,994,122,2694,588235.294118,1006036.217304,371195.248701,0,1.0,serde,adapted,1,c4a54cdecc67,73,9
rust,bytes,document,100,4,sonic-rs,0.3.17,447,955,460,1402,2237136.465324,1047120.418848,713266.761769,0,1.0,serde,adapted,1,c4a54cdecc67,74,10
rust,bytes,document,100,4,flexbuffers,2.0.0,3027,2065,452,5092,330360.092501,484261.501211,196386.488610,0,1.0,serde,adapted,1,c4a54cdecc67,75,11
rust,bytes,document,100,4,prost,0.13.5,563,764,155,1327,1776198.934281,1308900.523560,753579.502638,0,1.0,message,adapted,1,c4a54cdecc67,76,12
rust,bytes,document,100,4,minicbor,0.25.1,441,659,133,1100,2267573.696145,1517450.682853,909090.909091,0,1.0,direct,adapted,1,c4a54cdecc67,77,13
rust,bytes,document,100,4,serde_json,1.0.150,567,1240,460,1807,1763668.430335,806451.612903,553403.431101,0,1.0,serde,native,1,c4a54cdecc67,78,14
rust,bytes,document,100,4,rkyv,0.8.17,598,396,272,994,1672240.802676,2525252.525253,1006036.217304,0,1.0,archive,adapted,1,c4a54cdecc67,79,15
rust,bytes,document,100,5,rmp-serde,1.3.1,393,1054,333,1447,2544529.262087,948766.603416,691085.003455,0,1.0,serde,adapted,1,c4a54cdecc67,80,0
rust,bytes,document,100,5,minicbor,0.25.1,293,769,133,1062,3412969.283276,1300390.117035,941619.585687,0,1.0,direct,adapted,1,c4a54cdecc67,81,1
rust,bytes,document,100,5,bitcode,0.6.9,1577,1071,122,2648,634115.409004,933706.816060,377643.504532,0,1.0,serde,adapted,1,c4a54cdecc67,82,2
rust,bytes,document,100,5,bson,2.15.0,953,1967,540,2920,1049317.943337,508388.408744,342465.753425,0,1.0,serde,adapted,1,c4a54cdecc67,83,3
rust,bytes,document,100,5,ciborium,0.2.2,536,2032,339,2568,1865671.641791,492125.984252,389408.099688,0,1.0,serde,native,1,c4a54cdecc67,84,4
rust,bytes,document,100,5,flexbuffers,2.0.0,3136,1834,452,4970,318877.551020,545256.270447,201207.243461,0,1.0,serde,adapted,1,c4a54cdecc67,85,5
rust,bytes,document,100,5,rkyv,0.8.17,512,259,272,771,1953125.000000,3861003.861004,1297016.861219,0,1.0,archive,adapted,1,c4a54cdecc67,86,6
rust,bytes,document,100,5,speedy,0.8.7,105,259,214,364,9523809.523810,3861003.861004,2747252.747253,0,1.0,direct,adapted,1,c4a54cdecc67,87,7
rust,bytes,document,100,5,prost,0.13.5,487,606,155,1093,2053388.090349,1650165.016502,914913.083257,0,1.0,message,adapted,1,c4a54cdecc67,88,8
rust,bytes,document,100,5,simd-json,0.14.3,467,2682,460,3149,2141327.623126,372856.077554,317561.130518,0,1.0,serde,adapted,1,c4a54cdecc67,89,9
rust,bytes,document,100,5,bincode,2.0.1,195,541,122,736,5128205.128205,1848428.835490,1358695.652174,0,1.0,serde,adapted,1,c4a54cdecc67,90,10
rust,bytes,document,100,5,serde_avro_fast,2.1.0,669,688,114,1357,1494768.310912,1453488.372093,736919.675755,0,1.0,serde,native,1,c4a54cdecc67,91,11
rust,bytes,document,100,5,serde_json,1.0.150,479,1203,460,1682,2087682.672234,831255.195345,594530.321046,0,1.0,serde,native,1,c4a54cdecc67,92,12
rust,bytes,document,100,5,sonic-rs,0.3.17,418,951,460,1369,2392344.497608,1051524.710831,730460.189920,0,1.0,serde,adapted,1,c4a54cdecc67,93,13
rust,bytes,document,100,5,nanoserde,0.1.37,326,317,258,643,3067484.662577,3154574.132492,1555209.953344,0,1.0,direct,adapted,1,c4a54cdecc67,94,14
rust,bytes,document,100,5,postcard,1.1.3,168,453,114,621,5952380.952381,2207505.518764,1610305.958132,0,1.0,serde,adapted,1,c4a54cdecc67,95,15
rust,bytes,document,100,6,nanoserde,0.1.37,302,605,258,907,3311258.278146,1652892.561983,1102535.832415,0,1.0,direct,adapted,1,c4a54cdecc67,96,0
rust,bytes,document,100,6,sonic-rs,0.3.17,451,1102,460,1553,2217294.900222,907441.016334,643915.003220,0,1.0,serde,adapted,1,c4a54cdecc67,97,1
rust,bytes,document,100,6,bson,2.15.0,1266,1991,540,3257,789889.415482,502260.170768,307031.010132,0,1.0,serde,adapted,1,c4a54cdecc67,98,2
rust,bytes,document,100,6,bitcode,0.6.9,1463,1029,122,2492,683526.999316,971817.298348,401284.109149,0,1.0,serde,adapted,1,c4a54cdecc67,99,3
rust,bytes,document,100,6,serde_avro_fast,2.1.0,585,587,114,1172,1709401.709402,1703577.512777,853242.320819,0,1.0,serde,native,1,c4a54cdecc67,100,4
rust,bytes,document,100,6,minicbor,0.25.1,378,643,133,1021,2645502.645503,1555209.953344,979431.929481,0,1.0,direct,adapted,1,c4a54cdecc67,101,5
rust,bytes,document,100,6,bincode,2.0.1,141,632,122,773,7092198.581560,1582278.481013,1293661.060802,0,1.0,serde,adapted,1,c4a54cdecc67,102,6
rust,bytes,document,100,6,rmp-serde,1.3.1,335,808,333,1143,2985074.626866,1237623.762376,874890.638670,0,1.0,serde,adapted,1,c4a54cdecc67,103,7
rust,bytes,document,100,6,postcard,1.1.3,142,299,114,441,7042253.521127,3344481.605351,2267573.696145,0,1.0,serde,adapted,1,c4a54cdecc67,104,8
rust,bytes,document,100,6,serde_json,1.0.150,524,1160,460,1684,1908396.946565,862068.965517,593824.228029,0,1.0,serde,native,1,c4a54cdecc67,105,9
rust,bytes,document,100,6,simd-json,0.14.3,451,2588,460,3039,2217294.900222,386398.763524,329055.610398,0,1.0,serde,adapted,1,c4a54cdecc67,106,10
rust,bytes,document,100,6,rkyv,0.8.17,549,403,272,952,1821493.624772,2481389.578164,1050420.168067,0,1.0,archive,adapted,1,c4a54cdecc67,107,11
rust,bytes,document,100,6,ciborium,0.2.2,491,2054,339,2545,2036659.877800,486854.917235,392927.308448,0,1.0,serde,native,1,c4a54cdecc67,108,12
rust,bytes,document,100,6,speedy,0.8.7,78,238,214,316,12820512.820513,4201680.672269,3164556.962025,0,1.0,direct,adapted,1,c4a54cdecc67,109,13
rust,bytes,document,100,6,flexbuffers,2.0.0,2988,1722,452,4710,334672.021419,580720.092915,212314.225053,0,1.0,serde,adapted,1,c4a54cdecc67,110,14
rust,bytes,document,100,6,prost,0.13.5,537,647,155,1184,1862197.392924,1545595.054096,844594.594595,0,1.0,message,adapted,1,c4a54cdecc67,111,15
rust,bytes,document,100,7,ciborium,0.2.2,511,1962,339,2473,1956947.162427,509683.995923,404367.165386,0,1.0,serde,native,1,c4a54cdecc67,112,0
rust,bytes,document,100,7,prost,0.13.5,815,613,155,1428,1226993.865031,1631321.370310,700280.112045,0,1.0,message,adapted,1,c4a54cdecc67,113,1
rust,bytes,document,100,7,sonic-rs,0.3.17,582,805,460,1387,1718213.058419,1242236.024845,720980.533526,0,1.0,serde,adapted,1,c4a54cdecc67,114,2
rust,bytes,document,100,7,postcard,1.1.3,121,294,114,415,8264462.809917,3401360.544218,2409638.554217,0,1.0,serde,adapted,1,c4a54cdecc67,115,3
rust,bytes,document,100,7,rmp-serde,1.3.1,264,771,333,1035,3787878.787879,1297016.861219,966183.574879,0,1.0,serde,adapted,1,c4a54cdecc67,116,4
rust,bytes,document,100,7,minicbor,0.25.1,338,547,133,885,2958579.881657,1828153.564899,1129943.502825,0,1.0,direct,adapted,1,c4a54cdecc67,117,5
rust,bytes,document,100,7,serde_avro_fast,2.1.0,639,663,114,1302,1564945.226917,1508295.625943,768049.155146,0,1.0,serde,native,1,c4a54cdecc67,118,6
rust,bytes,document,100,7,bitcode,0.6.9,1711,1023,122,2734,584453.535944,977517.106549,365764.447696,0,1.0,serde,adapted,1,c4a54cdecc67,119,7
rust,bytes,document,100,7,speedy,0.8.7,91,313,214,404,10989010.989011,3194888.178914,2475247.524752,0,1.0,direct,adapted,1,c4a54cdecc67,120,8
rust,bytes,document,100,7,simd-json,0.14.3,537,1679,460,2216,1862197.392924,595592.614652,451263.537906,0,1.0,serde,adapted,1,c4a54cdecc67,121,9
rust,bytes,document,100,7,bson,2.15.0,1137,2191,540,3328,879507.475814,456412.596988,300480.769231,0,1.0,serde,adapted,1,c4a54cdecc67,122,10
rust,bytes,document,100,7,flexbuffers,2.0.0,2920,1678,452,4598,342465.753425,595947.556615,217485.863419,0,1.0,serde,adapted,1,c4a54cdecc67,123,11
rust,bytes,document,100,7,nanoserde,0.1.37,377,432,258,809,2652519.893899,2314814.814815,1236093.943140,0,1.0,direct,adapted,1,c4a54cdecc67,124,12
rust,bytes,document,100,7,serde_json,1.0.150,465,1217,460,1682,2150537.634409,821692.686935,594530.321046,0,1.0,serde,native,1,c4a54cdecc67,125,13
rust,bytes,document,100,7,bincode,2.0.1,157,811,122,968,6369426.751592,1233045.622688,1033057.851240,0,1.0,serde,adapted,1,c4a54cdecc67,126,14
rust,bytes,document,100,7,rkyv,0.8.17,415,282,272,697,2409638.554217,3546099.290780,1434720.229555,0,1.0,archive,adapted,1,c4a54cdecc67,127,15
rust,bytes,document,100,8,ciborium,0.2.2,448,2015,339,2463,2232142.857143,496277.915633,406008.932197,0,1.0,serde,native,1,c4a54cdecc67,128,0
rust,bytes,document,100,8,serde_avro_fast,2.1.0,629,1100,114,1729,1589825.119237,909090.909091,578368.999422,0,1.0,serde,native,1,c4a54cdecc67,129,1
rust,bytes,document,100,8,serde_json,1.0.150,510,1277,460,1787,1960784.313725,783085.356304,559597.090095,0,1.0,serde,native,1,c4a54cdecc67,130,2
rust,bytes,document,100,8,bitcode,0.6.9,1250,1131,122,2381,800000.000000,884173.297966,419991.600168,0,1.0,serde,adapted,1,c4a54cdecc67,131,3
rust,bytes,document,100,8,rmp-serde,1.3.1,289,730,333,1019,3460207.612457,1369863.013699,981354.268891,0,1.0,serde,adapted,1,c4a54cdecc67,132,4
rust,bytes,document,100,8,flexbuffers,2.0.0,2797,1589,452,4386,357525.920629,629326.620516,227998.176015,0,1.0,serde,adapted,1,c4a54cdecc67,133,5
rust,bytes,document,100,8,minicbor,0.25.1,420,644,133,1064,2380952.380952,1552795.031056,939849.624060,0,1.0,direct,adapted,1,c4a54cdecc67,134,6
rust,bytes,document,100,8,simd-json,0.14.3,459,1622,460,2081,2178649.237473,616522.811344,480538.202787,0,1.0,serde,adapted,1,c4a54cdecc67,135,7
rust,bytes,document,100,8,rkyv,0.8.17,493,348,272,841,2028397.565923,2873563.218391,1189060.642093,0,1.0,archive,adapted,1,c4a54cdecc67,136,8
rust,bytes,document,100,8,speedy,0.8.7,98,325,214,423,10204081.632653,3076923.076923,2364066.193853,0,1.0,direct,adapted,1,c4a54cdecc67,137,9
rust,bytes,document,100,8,bincode,2.0.1,169,542,122,711,5917159.763314,1845018.450185,1406469.760900,0,1.0,serde,adapted,1,c4a54cdecc67,138,10
rust,bytes,document,100,8,prost,0.13.5,589,671,155,1260,1697792.869270,1490312.965723,793650.793651,0,1.0,message,adapted,1,c4a54cdecc67,139,11
rust,bytes,document,100,8,postcard,1.1.3,155,326,114,481,6451612.903226,3067484.662577,2079002.079002,0,1.0,serde,adapted,1,c4a54cdecc67,140,12
rust,bytes,document,100,8,nanoserde,0.1.37,311,269,258,580,3215434.083601,3717472.118959,1724137.931034,0,1.0,direct,adapted,1,c4a54cdecc67,141,13
rust,bytes,document,100,8,sonic-rs,0.3.17,501,819,460,1320,1996007.984032,1221001.221001,757575.757576,0,1.0,serde,adapted,1,c4a54cdecc67,142,14
rust,bytes,document,100,8,bson,2.15.0,1124,2259,540,3383,889679.715302,442673.749447,295595.625185,0,1.0,serde,adapted,1,c4a54cdecc67,143,15
rust,bytes,document,100,9,prost,0.13.5,635,969,155,1604,1574803.149606,1031991.744066,623441.396509,0,1.0,message,adapted,1,c4a54cdecc67,144,0
rust,bytes,document,100,9,serde_avro_fast,2.1.0,663,871,114,1534,1508295.625943,1148105.625718,651890.482399,0,1.0,serde,native,1,c4a54cdecc67,145,1
rust,bytes,document,100,9,bincode,2.0.1,133,608,122,741,7518796.992481,1644736.842105,1349527.665317,0,1.0,serde,adapted,1,c4a54cdecc67,146,2
rust,bytes,document,100,9,simd-json,0.14.3,552,1721,460,2273,1811594.202899,581057.524695,439947.206335,0,1.0,serde,adapted,1,c4a54cdecc67,147,3
rust,bytes,document,100,9,rkyv,0.8.17,421,314,272,735,2375296.912114,3184713.375796,1360544.217687,0,1.0,archive,adapted,1,c4a54cdecc67,148,4
rust,bytes,document,100,9,bitcode,0.6.9,1439,935,122,2374,694927.032662,1069518.716578,421229.991575,0,1.0,serde,adapted,1,c4a54cdecc67,149,5
rust,bytes,document,100,9,bson,2.15.0,1016,2065,540,3081,984251.968504,484261.501211,324569.944823,0,1.0,serde,adapted,1,c4a54cdecc67,150,6
rust,bytes,document,100,9,speedy,0.8.7,109,297,214,406,9174311.926606,3367003.367003,2463054.187192,0,1.0,direct,adapted,1,c4a54cdecc67,151,7
rust,bytes,document,100,9,minicbor,0.25.1,359,608,133,967,2785515.320334,1644736.842105,1034126.163392,0,1.0,direct,adapted,1,c4a54cdecc67,152,8
rust,bytes,document,100,9,ciborium,0.2.2,612,2416,339,3028,1633986.928105,413907.284768,330250.990753,0,1.0,serde,native,1,c4a54cdecc67,153,9
rust,bytes,document,100,9,nanoserde,0.1.37,280,387,258,667,3571428.571429,2583979.328165,1499250.374813,0,1.0,direct,adapted,1,c4a54cdecc67,154,10
rust,bytes,document,100,9,sonic-rs,0.3.17,459,821,460,1280,2178649.237473,1218026.796590,781250.000000,0,1.0,serde,adapted,1,c4a54cdecc67,155,11
rust,bytes,document,100,9,flexbuffers,2.0.0,2958,1780,452,4738,338066.260987,561797.752809,211059.518784,0,1.0,serde,adapted,1,c4a54cdecc67,156,12
rust,bytes,document,100,9,serde_json,1.0.150,677,1187,460,1864,1477104.874446,842459.983151,536480.686695,0,1.0,serde,native,1,c4a54cdecc67,157,13
rust,bytes,document,100,9,rmp-serde,1.3.1,262,915,333,1177,3816793.893130,1092896.174863,849617.672048,0,1.0,serde,adapted,1,c4a54cdecc67,158,14
rust,bytes,document,100,9,postcard,1.1.3,160,361,114,521,6250000.000000,2770083.102493,1919385.796545,0,1.0,serde,adapted,1,c4a54cdecc67,159,15
rust,bytes,document,100,10,prost,0.13.5,626,921,155,1547,1597444.089457,1085776.330076,646412.411118,0,1.0,message,adapted,1,c4a54cdecc67,160,0
rust,bytes,document,100,10,postcard,1.1.3,139,527,114,666,7194244.604317,1897533.206831,1501501.501502,0,1.0,serde,adapted,1,c4a54cdecc67,161,1
rust,bytes,document,100,10,rkyv,0.8.17,532,343,272,875,1879699.248120,2915451.895044,1142857.142857,0,1.0,archive,adapted,1,c4a54cdecc67,162,2
rust,bytes,document,100,10,speedy,0.8.7,78,209,214,287,12820512.820513,4784688.995215,3484320.557491,0,1.0,direct,adapted,1,c4a54cdecc67,163,3
rust,bytes,document,100,10,sonic-rs,0.3.17,444,831,460,1275,2252252.252252,1203369.434416,784313.725490,0,1.0,serde,adapted,1,c4a54cdecc67,164,4
rust,bytes,document,100,10,ciborium,0.2.2,549,1953,339,2502,1821493.624772,512032.770097,399680.255795,0,1.0,serde,native,1,c4a54cdecc67,165,5
rust,bytes,document,100,10,serde_json,1.0.150,512,1131,460,1643,1953125.000000,884173.297966,608642.726719,0,1.0,serde,native,1,c4a54cdecc67,166,6
rust,bytes,document,100,10,flexbuffers,2.0.0,2821,1714,452,4535,354484.225452,583430.571762,220507.166483,0,1.0,serde,adapted,1,c4a54cdecc67,167,7
rust,bytes,document,100,10,nanoserde,0.1.37,282,324,258,606,3546099.290780,3086419.753086,1650165.016502,0,1.0,direct,adapted,1,c4a54cdecc67,168,8
rust,bytes,document,100,10,rmp-serde,1.3.1,287,754,333,1041,3484320.557491,1326259.946950,960614.793468,0,1.0,serde,adapted,1,c4a54cdecc67,169,9
rust,bytes,document,100,10,bson,2.15.0,955,2102,540,3057,1047120.418848,475737.392959,327118.089630,0,1.0,serde,adapted,1,c4a54cdecc67,170,10
rust,bytes,document,100,10,minicbor,0.25.1,343,590,133,933,2915451.895044,1694915.254237,1071811.361200,0,1.0,direct,adapted,1,c4a54cdecc67,171,11
rust,bytes,document,100,10,simd-json,0.14.3,526,3024,460,3550,1901140.684411,330687.830688,281690.140845,0,1.0,serde,adapted,1,c4a54cdecc67,172,12
rust,bytes,document,100,10,bitcode,0.6.9,1404,997,122,2401,712250.712251,1003009.027081,416493.127863,0,1.0,serde,adapted,1,c4a54cdecc67,173,13
rust,bytes,document,100,10,bincode,2.0.1,248,687,122,935,4032258.064516,1455604.075691,1069518.716578,0,1.0,serde,adapted,1,c4a54cdecc67,174,14
rust,bytes,document,100,10,serde_avro_fast,2.1.0,690,784,114,1474,1449275.362319,1275510.204082,678426.051560,0,1.0,serde,native,1,c4a54cdecc67,175,15
rust,bytes,document,100,11,simd-json,0.14.3,567,1560,460,2127,1763668.430335,641025.641026,470145.745181,0,1.0,serde,adapted,1,c4a54cdecc67,176,0
rust,bytes,document,100,11,prost,0.13.5,790,675,155,1465,1265822.784810,1481481.481481,682593.856655,0,1.0,message,adapted,1,c4a54cdecc67,177,1
rust,bytes,document,100,11,postcard,1.1.3,142,418,114,560,7042253.521127,2392344.497608,1785714.285714,0,1.0,serde,adapted,1,c4a54cdecc67,178,2
rust,bytes,document,100,11,flexbuffers,2.0.0,2834,1883,452,4717,352858.151023,531067.445566,211999.152003,0,1.0,serde,adapted,1,c4a54cdecc67,179,3
rust,bytes,document,100,11,bitcode,0.6.9,1234,1010,122,2244,810372.771475,990099.009901,445632.798574,0,1.0,serde,adapted,1,c4a54cdecc67,180,4
rust,bytes,document,100,11,speedy,0.8.7,88,242,214,330,11363636.363636,4132231.404959,3030303.030303,0,1.0,direct,adapted,1,c4a54cdecc67,181,5
rust,bytes,document,100,11,rmp-serde,1.3.1,363,791,333,1154,2754820.936639,1264222.503161,866551.126516,0,1.0,serde,adapted,1,c4a54cdecc67,182,6
rust,bytes,document,100,11,rkyv,0.8.17,621,371,272,992,1610305.958132,2695417.789757,1008064.516129,0,1.0,archive,adapted,1,c4a54cdecc67,183,7
rust,bytes,document,100,11,bincode,2.0.1,155,547,122,702,6451612.903226,1828153.564899,1424501.424501,0,1.0,serde,adapted,1,c4a54cdecc67,184,8
rust,bytes,document,100,11,ciborium,0.2.2,584,2033,339,2617,1712328.767123,491883.915396,382116.927780,0,1.0,serde,native,1,c4a54cdecc67,185,9
rust,bytes,document,100,11,serde_avro_fast,2.1.0,608,649,114,1257,1644736.842105,1540832.049307,795544.948290,0,1.0,serde,native,1,c4a54cdecc67,186,10
rust,bytes,document,100,11,serde_json,1.0.150,521,1125,460,1646,1919385.796545,888888.888889,607533.414338,0,1.0,serde,native,1,c4a54cdecc67,187,11
rust,bytes,document,100,11,nanoserde,0.1.37,338,340,258,678,2958579.881657,2941176.470588,1474926.253687,0,1.0,direct,adapted,1,c4a54cdecc67,188,12
rust,bytes,document,100,11,minicbor,0.25.1,394,556,133,950,2538071.065990,1798561.151079,1052631.578947,0,1.0,direct,adapted,1,c4a54cdecc67,189,13
rust,bytes,document,100,11,bson,2.15.0,1117,2077,540,3194,895255.147717,481463.649494,313087.038197,0,1.0,serde,adapted,1,c4a54cdecc67,190,14
rust,bytes,document,100,11,sonic-rs,0.3.17,491,858,460,1349,2036659.877800,1165501.165501,741289.844329,0,1.0,serde,adapted,1,c4a54cdecc67,191,15
rust,bytes,document,100,12,bitcode,0.6.9,1349,1343,122,2692,741289.844329,744601.638124,371471.025260,0,1.0,serde,adapted,1,c4a54cdecc67,192,0
rust,bytes,document,100,12,flexbuffers,2.0.0,2833,1621,452,4454,352982.703848,616903.146206,224517.287831,0,1.0,serde,adapted,1,c4a54cdecc67,193,1
rust,bytes,document,100,12,serde_json,1.0.150,473,1089,460,1562,2114164.904863,918273.645546,640204.865557,0,1.0,serde,native,1,c4a54cdecc67,194,2
rust,bytes,document,100,12,bson,2.15.0,954,2043,540,2997,1048218.029350,489476.260401,333667.000334,0,1.0,serde,adapted,1,c4a54cdecc67,195,3
rust,bytes,document,100,12,rkyv,0.8.17,426,281,272,707,2347417.840376,3558718.861210,1414427.157001,0,1.0,archive,adapted,1,c4a54cdecc67,196,4
rust,bytes,document,100,12,ciborium,0.2.2,435,1882,339,2317,2298850.574713,531349.628055,431592.576608,0,1.0,serde,native,1,c4a54cdecc67,197,5
rust,bytes,document,100,12,sonic-rs,0.3.17,458,862,460,1320,2183406.113537,1160092.807425,757575.757576,0,1.0,serde,adapted,1,c4a54cdecc67,198,6
rust,bytes,document,100,12,speedy,0.8.7,80,345,214,425,12500000.000000,2898550.724638,2352941.176471,0,1.0,direct,adapted,1,c4a54cdecc67,199,7
rust,bytes,document,100,12,nanoserde,0.1.37,350,422,258,772,2857142.857143,2369668.246445,1295336.787565,0,1.0,direct,adapted,1,c4a54cdecc67,200,8
rust,bytes,document,100,12,serde_avro_fast,2.1.0,655,563,114,1218,1526717.557252,1776198.934281,821018.062397,0,1.0,serde,native,1,c4a54cdecc67,201,9
rust,bytes,document,100,12,bincode,2.0.1,201,535,122,736,4975124.378109,1869158.878505,1358695.652174,0,1.0,serde,adapted,1,c4a54cdecc67,202,10
rust,bytes,document,100,12,simd-json,0.14.3,484,1942,460,2426,2066115.702479,514933.058702,412201.154163,0,1.0,serde,adapted,1,c4a54cdecc67,203,11
rust,bytes,document,100,12,prost,0.13.5,543,606,155,1149,1841620.626151,1650165.016502,870322.019147,0,1.0,message,adapted,1,c4a54cdecc67,204,12
rust,bytes,document,100,12,minicbor,0.25.1,362,512,133,874,2762430.939227,1953125.000000,1144164.759725,0,1.0,direct,adapted,1,c4a54cdecc67,205,13
rust,bytes,document,100,12,postcard,1.1.3,145,369,114,514,6896551.724138,2710027.100271,1945525.291829,0,1.0,serde,adapted,1,c4a54cdecc67,206,14
rust,bytes,document,100,12,rmp-serde,1.3.1,260,800,333,1060,3846153.846154,1250000.000000,943396.226415,0,1.0,serde,adapted,1,c4a54cdecc67,207,15
rust,bytes,document,100,13,serde_avro_fast,2.1.0,573,1009,114,1582,1745200.698080,991080.277502,632111.251580,0,1.0,serde,native,1,c4a54cdecc67,208,0
rust,bytes,document,100,13,bitcode,0.6.9,1700,1023,122,2723,588235.294118,977517.106549,367242.012486,0,1.0,serde,adapted,1,c4a54cdecc67,209,1
rust,bytes,document,100,13,simd-json,0.14.3,638,1667,460,2305,1567398.119122,599880.023995,433839.479393,0,1.0,serde,adapted,1,c4a54cdecc67,210,2
rust,bytes,document,100,13,bson,2.15.0,917,1822,540,2739,1090512.540894,548847.420417,365096.750639,0,1.0,serde,adapted,1,c4a54cdecc67,211,3
rust,bytes,document,100,13,rmp-serde,1.3.1,253,714,333,967,3952569.169960,1400560.224090,1034126.163392,0,1.0,serde,adapted,1,c4a54cdecc67,212,4
rust,bytes,document,100,13,sonic-rs,0.3.17,456,783,460,1239,2192982.456140,1277139.208174,807102.502018,0,1.0,serde,adapted,1,c4a54cdecc67,213,5
rust,bytes,document,100,13,ciborium,0.2.2,553,1893,339,2446,1808318.264014,528262.017961,408830.744072,0,1.0,serde,native,1,c4a54cdecc67,214,6
rust,bytes,document,100,13,prost,0.13.5,554,552,155,1106,1805054.151625,1811594.202899,904159.132007,0,1.0,message,adapted,1,c4a54cdecc67,215,7
rust,bytes,document,100,13,nanoserde,0.1.37,334,328,258,662,2994011.976048,3048780.487805,1510574.018127,0,1.0,direct,adapted,1,c4a54cdecc67,216,8
rust,bytes,document,100,13,rkyv,0.8.17,535,366,272,901,1869158.878505,2732240.437158,1109877.913430,0,1.0,archive,adapted,1,c4a54cdecc67,217,9
rust,bytes,document,100,13,bincode,2.0.1,204,534,122,738,4901960.784314,1872659.176030,1355013.550136,0,1.0,serde,adapted,1,c4a54cdecc67,218,10
rust,bytes,document,100,13,minicbor,0.25.1,339,518,133,857,2949852.507375,1930501.930502,1166861.143524,0,1.0,direct,adapted,1,c4a54cdecc67,219,11
rust,bytes,document,100,13,postcard,1.1.3,134,276,114,410,7462686.567164,3623188.405797,2439024.390244,0,1.0,serde,adapted,1,c4a54cdecc67,220,12
rust,bytes,document,100,13,speedy,0.8.7,93,234,214,327,10752688.172043,4273504.273504,3058103.975535,0,1.0,direct,adapted,1,c4a54cdecc67,221,13
rust,bytes,document,100,13,flexbuffers,2.0.0,2828,1727,452,4555,353606.789250,579038.795599,219538.968167,0,1.0,serde,adapted,1,c4a54cdecc67,222,14
rust,bytes,document,100,13,serde_json,1.0.150,515,1079,460,1594,1941747.572816,926784.059314,627352.572146,0,1.0,serde,native,1,c4a54cdecc67,223,15
rust,bytes,document,100,14,rkyv,0.8.17,478,430,272,908,2092050.209205,2325581.395349,1101321.585903,0,1.0,archive,adapted,1,c4a54cdecc67,224,0
rust,bytes,document,100,14,flexbuffers,2.0.0,2496,1697,452,4193,400641.025641,589275.191514,238492.725972,0,1.0,serde,adapted,1,c4a54cdecc67,225,1
rust,bytes,document,100,14,simd-json,0.14.3,530,1720,460,2250,1886792.452830,581395.348837,444444.444444,0,1.0,serde,adapted,1,c4a54cdecc67,226,2
rust,bytes,document,100,14,prost,0.13.5,683,709,155,1392,1464128.843338,1410437.235543,718390.804598,0,1.0,message,adapted,1,c4a54cdecc67,227,3
rust,bytes,document,100,14,serde_json,1.0.150,436,1069,460,1505,2293577.981651,935453.695042,664451.827243,0,1.0,serde,native,1,c4a54cdecc67,228,4
rust,bytes,document,100,14,sonic-rs,0.3.17,522,744,460,1266,1915708.812261,1344086.021505,789889.415482,0,1.0,serde,adapted,1,c4a54cdecc67,229,5
rust,bytes,document,100,14,minicbor,0.25.1,313,475,133,788,3194888.178914,2105263.157895,1269035.532995,0,1.0,direct,adapted,1,c4a54cdecc67,230,6
rust,bytes,document,100,14,rmp-serde,1.3.1,268,803,333,1071,3731343.283582,1245330.012453,933706.816060,0,1.0,serde,adapted,1,c4a54cdecc67,231,7
rust,bytes,document,100,14,bson,2.15.0,1085,1822,540,2907,921658.986175,548847.420417,343997.248022,0,1.0,serde,adapted,1,c4a54cdecc67,232,8
rust,bytes,document,100,14,nanoserde,0.1.37,391,341,258,732,2557544.757033,2932551.319648,1366120.218579,0,1.0,direct,adapted,1,c4a54cdecc67,233,9
rust,bytes,document,100,14,speedy,0.8.7,67,198,214,265,14925373.134328,5050505.050505,3773584.905660,0,1.0,direct,adapted,1,c4a54cdecc67,234,10
rust,bytes,document,100,14,ciborium,0.2.2,476,1874,339,2350,2100840.336134,533617.929562,425531.914894,0,1.0,serde,native,1,c4a54cdecc67,235,11
rust,bytes,document,100,14,bitcode,0.6.9,1529,1300,122,2829,654022.236756,769230.769231,353481.795688,0,1.0,serde,adapted,1,c4a54cdecc67,236,12
rust,bytes,document,100,14,postcard,1.1.3,139,337,114,476,7194244.604317,2967359.050445,2100840.336134,0,1.0,serde,adapted,1,c4a54cdecc67,237,13
rust,bytes,document,100,14,serde_avro_fast,2.1.0,655,666,114,1321,1526717.557252,1501501.501502,757002.271007,0,1.0,serde,native,1,c4a54cdecc67,238,14
rust,bytes,document,100,14,bincode,2.0.1,170,552,122,722,5882352.941176,1811594.202899,1385041.551247,0,1.0,serde,adapted,1,c4a54cdecc67,239,15
rust,bytes,document,100,15,serde_json,1.0.150,545,1346,460,1891,1834862.385321,742942.050520,528820.729773,0,1.0,serde,native,1,c4a54cdecc67,240,0
rust,bytes,document,100,15,bincode,2.0.1,134,632,122,766,7462686.567164,1582278.481013,1305483.028721,0,1.0,serde,adapted,1,c4a54cdecc67,241,1
rust,bytes,document,100,15,minicbor,0.25.1,316,590,133,906,3164556.962025,1694915.254237,1103752.759382,0,1.0,direct,adapted,1,c4a54cdecc67,242,2
rust,bytes,document,100,15,speedy,0.8.7,42,195,214,237,23809523.809524,5128205.128205,4219409.282700,0,1.0,direct,adapted,1,c4a54cdecc67,243,3
rust,bytes,document,100,15,simd-json,0.14.3,457,1561,460,2018,2188183.807440,640614.990391,495540.138751,0,1.0,serde,adapted,1,c4a54cdecc67,244,4
rust,bytes,document,100,15,prost,0.13.5,498,586,155,1084,2008032.128514,1706484.641638,922509.225092,0,1.0,message,adapted,1,c4a54cdecc67,245,5
rust,bytes,document,100,15,rkyv,0.8.17,526,328,272,854,1901140.684411,3048780.487805,1170960.187354,0,1.0,archive,adapted,1,c4a54cdecc67,246,6
rust,bytes,document,100,15,flexbuffers,2.0.0,2809,1624,452,4433,355998.576006,615763.546798,225580.870742,0,1.0,serde,adapted,1,c4a54cdecc67,247,7
rust,bytes,document,100,15,bson,2.15.0,1052,2025,540,3077,950570.342205,493827.160494,324991.875203,0,1.0,serde,adapted,1,c4a54cdecc67,248,8
rust,bytes,document,100,15,rmp-serde,1.3.1,288,806,333,1094,3472222.222222,1240694.789082,914076.782450,0,1.0,serde,adapted,1,c4a54cdecc67,249,9
rust,bytes,document,100,15,serde_avro_fast,2.1.0,615,603,114,1218,1626016.260163,1658374.792703,821018.062397,0,1.0,serde,native,1,c4a54cdecc67,250,10
rust,bytes,document,100,15,ciborium,0.2.2,505,1919,339,2424,1980198.019802,521104.742053,412541.254125,0,1.0,serde,native,1,c4a54cdecc67,251,11
rust,bytes,document,100,15,bitcode,0.6.9,1444,904,122,2348,692520.775623,1106194.690265,425894.378194,0,1.0,serde,adapted,1,c4a54cdecc67,252,12
rust,bytes,document,100,15,nanoserde,0.1.37,388,352,258,740,2577319.587629,2840909.090909,1351351.351351,0,1.0,direct,adapted,1,c4a54cdecc67,253,13
rust,bytes,document,100,15,sonic-rs,0.3.17,478,814,460,1292,2092050.209205,1228501.228501,773993.808050,0,1.0,serde,adapted,1,c4a54cdecc67,254,14
rust,bytes,document,100,15,postcard,1.1.3,158,364,114,522,6329113.924051,2747252.747253,1915708.812261,0,1.0,serde,adapted,1,c4a54cdecc67,255,15
rust,bytes,document,100,16,rkyv,0.8.17,477,442,272,919,2096436.058700,2262443.438914,1088139.281828,0,1.0,archive,adapted,1,c4a54cdecc67,256,0
rust,bytes,document,100,16,sonic-rs,0.3.17,410,1090,460,1500,2439024.390244,917431.192661,666666.666667,0,1.0,serde,adapted,1,c4a54cdecc67,257,1
rust,bytes,document,100,16,bincode,2.0.1,166,592,122,758,6024096.385542,1689189.189189,1319261.213720,0,1.0,serde,adapted,1,c4a54cdecc67,258,2
rust,bytes,document,100,16,postcard,1.1.3,141,301,114,442,7092198.581560,3322259.136213,2262443.438914,0,1.0,serde,adapted,1,c4a54cdecc67,259,3
rust,bytes,document,100,16,ciborium,0.2.2,467,1748,339,2215,2141327.623126,572082.379863,451467.268623,0,1.0,serde,native,1,c4a54cdecc67,260,4
rust,bytes,document,100,16,bitcode,0.6.9,1388,935,122,2323,720461.095101,1069518.716578,430477.830392,0,1.0,serde,adapted,1,c4a54cdecc67,261,5
rust,bytes,document,100,16,serde_json,1.0.150,528,1130,460,1658,1893939.393939,884955.752212,603136.308806,0,1.0,serde,native,1,c4a54cdecc67,262,6
rust,bytes,document,100,16,simd-json,0.14.3,457,1856,460,2313,2188183.807440,538793.103448,432338.953740,0,1.0,serde,adapted,1,c4a54cdecc67,263,7
rust,bytes,document,100,16,minicbor,0.25.1,365,528,133,893,2739726.027397,1893939.393939,1119820.828667,0,1.0,direct,adapted,1,c4a54cdecc67,264,8
rust,bytes,document,100,16,nanoserde,0.1.37,343,251,258,594,2915451.895044,3984063.745020,1683501.683502,0,1.0,direct,adapted,1,c4a54cdecc67,265,9
rust,bytes,document,100,16,bson,2.15.0,976,1942,540,2918,1024590.163934,514933.058702,342700.479781,0,1.0,serde,adapted,1,c4a54cdecc67,266,10
rust,bytes,document,100,16,prost,0.13.5,449,629,155,1078,2227171.492205,1589825.119237,927643.784787,0,1.0,message,adapted,1,c4a54cdecc67,267,11
rust,bytes,document,100,16,flexbuffers,2.0.0,2844,1685,452,4529,351617.440225,593471.810089,220799.293442,0,1.0,serde,adapted,1,c4a54cdecc67,268,12
rust,bytes,document,100,16,speedy,0.8.7,108,219,214,327,9259259.259259,4566210.045662,3058103.975535,0,1.0,direct,adapted,1,c4a54cdecc67,269,13
rust,bytes,document,100,16,rmp-serde,1.3.1,240,720,333,960,4166666.666667,1388888.888889,1041666.666667,0,1.0,serde,adapted,1,c4a54cdecc67,270,14
rust,bytes,document,100,16,serde_avro_fast,2.1.0,661,622,114,1283,1512859.304085,1607717.041801,779423.226812,0,1.0,serde,native,1,c4a54cdecc67,271,15
rust,bytes,document,100,17,nanoserde,0.1.37,338,507,258,845,2958579.881657,1972386.587771,1183431.952663,0,1.0,direct,adapted,1,c4a54cdecc67,272,0
rust,bytes,document,100,17,flexbuffers,2.0.0,2481,1789,452,4270,403063.280935,558971.492454,234192.037471,0,1.0,serde,adapted,1,c4a54cdecc67,273,1
rust,bytes,document,100,17,serde_json,1.0.150,592,1448,460,2040,1689189.189189,690607.734807,490196.078431,0,1.0,serde,native,1,c4a54cdecc67,274,2
rust,bytes,document,100,17,bitcode,0.6.9,1284,968,122,2252,778816.199377,1033057.851240,444049.733570,0,1.0,serde,adapted,1,c4a54cdecc67,275,3
rust,bytes,document,100,17,simd-json,0.14.3,631,1770,460,2401,1584786.053883,564971.751412,416493.127863,0,1.0,serde,adapted,1,c4a54cdecc67,276,4
rust,bytes,document,100,17,speedy,0.8.7,97,230,214,327,10309278.350515,4347826.086957,3058103.975535,0,1.0,direct,adapted,1,c4a54cdecc67,277,5
rust,bytes,document,100,17,serde_avro_fast,2.1.0,623,614,114,1237,1605136.436597,1628664.495114,808407.437348,0,1.0,serde,native,1,c4a54cdecc67,278,6
rust,bytes,document,100,17,minicbor,0.25.1,373,543,133,916,2680965.147453,1841620.626151,1091703.056769,0,1.0,direct,adapted,1,c4a54cdecc67,279,7
rust,bytes,document,100,17,ciborium,0.2.2,437,2011,339,2448,2288329.519451,497265.042268,408496.732026,0,1.0,serde,native,1,c4a54cdecc67,280,8
rust,bytes,document,100,17,prost,0.13.5,478,648,155,1126,2092050.209205,1543209.876543,888099.467140,0,1.0,message,adapted,1,c4a54cdecc67,281,9
rust,bytes,document,100,17,rmp-serde,1.3.1,415,928,333,1343,2409638.554217,1077586.206897,744601.638124,0,1.0,serde,adapted,1,c4a54cdecc67,282,10
rust,bytes,document,100,17,bson,2.15.0,1035,2087,540,3122,966183.574879,479156.684236,320307.495195,0,1.0,serde,adapted,1,c4a54cdecc67,283,11
rust,bytes,document,100,17,bincode,2.0.1,229,498,122,727,4366812.227074,2008032.128514,1375515.818432,0,1.0,serde,adapted,1,c4a54cdecc67,284,12
rust,bytes,document,100,17,postcard,1.1.3,170,389,114,559,5882352.941176,2570694.087404,1788908.765653,0,1.0,serde,adapted,1,c4a54cdecc67,285,13
rust,bytes,document,100,17,rkyv,0.8.17,486,414,272,900,2057613.168724,2415458.937198,1111111.111111,0,1.0,archive,adapted,1,c4a54cdecc67,286,14
rust,bytes,document,100,17,sonic-rs,0.3.17,510,921,460,1431,1960784.313725,1085776.330076,698812.019567,0,1.0,serde,adapted,1,c4a54cdecc67,287,15
rust,bytes,document,100,18,ciborium,0.2.2,532,1933,339,2465,1879699.248120,517330.574237,405679.513185,0,1.0,serde,native,1,c4a54cdecc67,288,0
rust,bytes,document,100,18,simd-json,0.14.3,578,1642,460,2220,1730103.806228,609013.398295,450450.450450,0,1.0,serde,adapted,1,c4a54cdecc67,289,1
rust,bytes,document,100,18,minicbor,0.25.1,321,829,133,1150,3115264.797508,1206272.617612,869565.217391,0,1.0,direct,adapted,1,c4a54cdecc67,290,2
rust,bytes,document,100,18,serde_avro_fast,2.1.0,629,747,114,1376,1589825.119237,1338688.085676,726744.186047,0,1.0,serde,native,1,c4a54cdecc67,291,3
rust,bytes,document,100,18,rmp-serde,1.3.1,222,769,333,991,4504504.504505,1300390.117035,1009081.735621,0,1.0,serde,adapted,1,c4a54cdecc67,292,4
rust,bytes,document,100,18,sonic-rs,0.3.17,446,841,460,1287,2242152.466368,1189060.642093,777000.777001,0,1.0,serde,adapted,1,c4a54cdecc67,293,5
rust,bytes,document,100,18,serde_json,1.0.150,522,1168,460,1690,1915708.812261,856164.383562,591715.976331,0,1.0,serde,native,1,c4a54cdecc67,294,6
rust,bytes,document,100,18,bitcode,0.6.9,1285,1062,122,2347,778210.116732,941619.585687,426075.841500,0,1.0,serde,adapted,1,c4a54cdecc67,295,7
rust,bytes,document,100,18,rkyv,0.8.17,596,363,272,959,1677852.348993,2754820.936639,1042752.867570,0,1.0,archive,adapted,1,c4a54cdecc67,296,8
rust,bytes,document,100,18,bson,2.15.0,974,1909,540,2883,1026694.045175,523834.468308,346860.908776,0,1.0,serde,adapted,1,c4a54cdecc67,297,9
rust,bytes,document,100,18,postcard,1.1.3,154,339,114,493,6493506.493506,2949852.507375,2028397.565923,0,1.0,serde,adapted,1,c4a54cdecc67,298,10
rust,bytes,document,100,18,speedy,0.8.7,88,216,214,304,11363636.363636,4629629.629630,3289473.684211,0,1.0,direct,adapted,1,c4a54cdecc67,299,11
rust,bytes,document,100,18,bincode,2.0.1,187,456,122,643,5347593.582888,2192982.456140,1555209.953344,0,1.0,serde,adapted,1,c4a54cdecc67,300,12
rust,bytes,document,100,18,prost,0.13.5,515,593,155,1108,1941747.572816,1686340.640809,902527.075812,0,1.0,message,adapted,1,c4a54cdecc67,301,13
rust,bytes,document,100,18,flexbuffers,2.0.0,3008,1736,452,4744,332446.808511,576036.866359,210792.580101,0,1.0,serde,adapted,1,c4a54cdecc67,302,14
rust,bytes,document,100,18,nanoserde,0.1.37,363,441,258,804,2754820.936639,2267573.696145,1243781.094527,0,1.0,direct,adapted,1,c4a54cdecc67,303,15
rust,bytes,document,100,19,bson,2.15.0,977,2117,540,3094,1023541.453429,472366.556448,323206.205559,0,1.0,serde,adapted,1,c4a54cdecc67,304,0
rust,bytes,document,100,19,prost,0.13.5,676,645,155,1321,1479289.940828,1550387.596899,757002.271007,0,1.0,message,adapted,1,c4a54cdecc67,305,1
rust,bytes,document,100,19,simd-json,0.14.3,504,1563,460,2067,1984126.984127,639795.265515,483792.936623,0,1.0,serde,adapted,1,c4a54cdecc67,306,2
rust,bytes,document,100,19,rkyv,0.8.17,414,355,272,769,2415458.937198,2816901.408451,1300390.117035,0,1.0,archive,adapted,1,c4a54cdecc67,307,3
rust,bytes,document,100,19,nanoserde,0.1.37,348,416,258,764,2873563.218391,2403846.153846,1308900.523560,0,1.0,direct,adapted,1,c4a54cdecc67,308,4
rust,bytes,document,100,19,postcard,1.1.3,118,351,114,469,8474576.271186,2849002.849003,2132196.162047,0,1.0,serde,adapted,1,c4a54cdecc67,309,5
rust,bytes,document,100,19,speedy,0.8.7,70,228,214,298,14285714.285714,4385964.912281,3355704.697987,0,1.0,direct,adapted,1,c4a54cdecc67,310,6
rust,bytes,document,100,19,ciborium,0.2.2,476,1991,339,2467,2100840.336134,502260.170768,405350.628293,0,1.0,serde,native,1,c4a54cdecc67,311,7
rust,bytes,document,100,19,serde_avro_fast,2.1.0,696,708,114,1404,1436781.609195,1412429.378531,712250.712251,0,1.0,serde,native,1,c4a54cdecc67,312,8
rust,bytes,document,100,19,sonic-rs,0.3.17,490,924,460,1414,2040816.326531,1082251.082251,707213.578501,0,1.0,serde,adapted,1,c4a54cdecc67,313,9
rust,bytes,document,100,19,flexbuffers,2.0.0,2902,1632,452,4534,344589.937974,612745.098039,220555.800618,0,1.0,serde,adapted,1,c4a54cdecc67,314,10
rust,bytes,document,100,19,bitcode,0.6.9,1249,1048,122,2297,800640.512410,954198.473282,435350.457118,0,1.0,serde,adapted,1,c4a54cdecc67,315,11
rust,bytes,document,100,19,bincode,2.0.1,143,699,122,842,6993006.993007,1430615.164521,1187648.456057,0,1.0,serde,adapted,1,c4a54cdecc67,316,12
rust,bytes,document,100,19,rmp-serde,1.3.1,278,731,333,1009,3597122.302158,1367989.056088,991080.277502,0,1.0,serde,adapted,1,c4a54cdecc67,317,13
rust,bytes,document,100,19,serde_json,1.0.150,478,1171,460,1649,2092050.209205,853970.964987,606428.138266,0,1.0,serde,native,1,c4a54cdecc67,318,14
rust,bytes,document,100,19,minicbor,0.25.1,383,571,133,954,2610966.057441,1751313.485114,1048218.029350,0,1.0,direct,adapted,1,c4a54cdecc67,319,15
rust,bytes,document,100,20,flexbuffers,2.0.0,2517,1566,452,4083,397298.371077,638569.604087,244917.952486,0,1.0,serde,adapted,1,c4a54cdecc67,320,0
rust,bytes,document,100,20,simd-json,0.14.3,476,1432,460,1908,2100840.336134,698324.022346,524109.014675,0,1.0,serde,adapted,1,c4a54cdecc67,321,1
rust,bytes,document,100,20,nanoserde,0.1.37,329,394,258,723,3039513.677812,2538071.065990,1383125.864454,0,1.0,direct,adapted,1,c4a54cdecc67,322,2
rust,bytes,document,100,20,postcard,1.1.3,140,495,114,635,7142857.142857,2020202.020202,1574803.149606,0,1.0,serde,adapted,1,c4a54cdecc67,323,3
rust,bytes,document,100,20,serde_json,1.0.150,430,1118,460,1548,2325581.395349,894454.382826,645994.832041,0,1.0,serde,native,1,c4a54cdecc67,324,4
rust,bytes,document,100,20,bson,2.15.0,1106,1954,540,3060,904159.132007,511770.726714,326797.385621,0,1.0,serde,adapted,1,c4a54cdecc67,325,5
rust,bytes,document,100,20,prost,0.13.5,593,562,155,1155,1686340.640809,1779359.430605,865800.865801,0,1.0,message,adapted,1,c4a54cdecc67,326,6
rust,bytes,document,100,20,bincode,2.0.1,187,628,122,815,5347593.582888,1592356.687898,1226993.865031,0,1.0,serde,adapted,1,c4a54cdecc67,327,7
rust,bytes,document,100,20,sonic-rs,0.3.17,560,814,460,1374,1785714.285714,1228501.228501,727802.037846,0,1.0,serde,adapted,1,c4a54cdecc67,328,8
rust,bytes,document,100,20,serde_avro_fast,2.1.0,600,683,114,1283,1666666.666667,1464128.843338,779423.226812,0,1.0,serde,native,1,c4a54cdecc67,329,9
rust,bytes,document,100,20,minicbor,0.25.1,336,537,133,873,2976190.476190,1862197.392924,1145475.372279,0,1.0,direct,adapted,1,c4a54cdecc67,330,10
rust,bytes,document,100,20,rkyv,0.8.17,487,341,272,828,2053388.090349,2932551.319648,1207729.468599,0,1.0,archive,adapted,1,c4a54cdecc67,331,11
rust,bytes,document,100,20,rmp-serde,1.3.1,384,717,333,1101,2604166.666667,1394700.139470,908265.213442,0,1.0,serde,adapted,1,c4a54cdecc67,332,12
rust,bytes,document,100,20,bitcode,0.6.9,1319,967,122,2286,758150.113723,1034126.163392,437445.319335,0,1.0,serde,adapted,1,c4a54cdecc67,333,13
rust,bytes,document,100,20,speedy,0.8.7,73,235,214,308,13698630.136986,4255319.148936,3246753.246753,0,1.0,direct,adapted,1,c4a54cdecc67,334,14
rust,bytes,document,100,20,ciborium,0.2.2,563,1944,339,2507,1776198.934281,514403.292181,398883.127244,0,1.0,serde,native,1,c4a54cdecc67,335,15
rust,bytes,document,100,21,sonic-rs,0.3.17,575,1063,460,1638,1739130.434783,940733.772342,610500.610501,0,1.0,serde,adapted,1,c4a54cdecc67,336,0
rust,bytes,document,100,21,serde_json,1.0.150,578,1352,460,1930,1730103.806228,739644.970414,518134.715026,0,1.0,serde,native,1,c4a54cdecc67,337,1
rust,bytes,document,100,21,ciborium,0.2.2,435,1856,339,2291,2298850.574713,538793.103448,436490.615452,0,1.0,serde,native,1,c4a54cdecc67,338,2
rust,bytes,document,100,21,speedy,0.8.7,55,179,214,234,18181818.181818,5586592.178771,4273504.273504,0,1.0,direct,adapted,1,c4a54cdecc67,339,3
rust,bytes,document,100,21,flexbuffers,2.0.0,2811,1683,452,4494,355745.286375,594177.064765,222518.914108,0,1.0,serde,adapted,1,c4a54cdecc67,340,4
rust,bytes,document,100,21,postcard,1.1.3,154,347,114,501,6493506.493506,2881844.380403,1996007.984032,0,1.0,serde,adapted,1,c4a54cdecc67,341,5
rust,bytes,document,100,21,minicbor,0.25.1,305,498,133,803,3278688.524590,2008032.128514,1245330.012453,0,1.0,direct,adapted,1,c4a54cdecc67,342,6
rust,bytes,document,100,21,bson,2.15.0,1056,1970,540,3026,946969.696970,507614.213198,330469.266358,0,1.0,serde,adapted,1,c4a54cdecc67,343,7
rust,bytes,document,100,21,bitcode,0.6.9,1244,848,122,2092,803858.520900,1179245.283019,478011.472275,0,1.0,serde,adapted,1,c4a54cdecc67,344,8
rust,bytes,document,100,21,rkyv,0.8.17,407,342,272,749,2457002.457002,2923976.608187,1335113.484646,0,1.0,archive,adapted,1,c4a54cdecc67,345,9
rust,bytes,document,100,21,bincode,2.0.1,240,663,122,903,4166666.666667,1508295.625943,1107419.712071,0,1.0,serde,adapted,1,c4a54cdecc67,346,10
rust,bytes,document,100,21,simd-json,0.14.3,625,1767,460,2392,1600000.000000,565930.956423,418060.200669,0,1.0,serde,adapted,1,c4a54cdecc67,347,11
rust,bytes,document,100,21,nanoserde,0.1.37,313,337,258,650,3194888.178914,2967359.050445,1538461.538462,0,1.0,direct,adapted,1,c4a54cdecc67,348,12
rust,bytes,document,100,21,prost,0.13.5,538,579,155,1117,1858736.059480,1727115.716753,895255.147717,0,1.0,message,adapted,1,c4a54cdecc67,349,13
rust,bytes,document,100,21,serde_avro_fast,2.1.0,674,685,114,1359,1483679.525223,1459854.014599,735835.172921,0,1.0,serde,native,1,c4a54cdecc67,350,14
rust,bytes,document,100,21,rmp-serde,1.3.1,283,725,333,1008,3533568.904594,1379310.344828,992063.492063,0,1.0,serde,adapted,1,c4a54cdecc67,351,15
rust,bytes,document,100,22,ciborium,0.2.2,431,1994,339,2425,2320185.614849,501504.513541,412371.134021,0,1.0,serde,native,1,c4a54cdecc67,352,0
rust,bytes,document,100,22,prost,0.13.5,731,543,155,1274,1367989.056088,1841620.626151,784929.356358,0,1.0,message,adapted,1,c4a54cdecc67,353,1
rust,bytes,document,100,22,rmp-serde,1.3.1,235,713,333,948,4255319.148936,1402524.544180,1054852.320675,0,1.0,serde,adapted,1,c4a54cdecc67,354,2
rust,bytes,document,100,22,minicbor,0.25.1,356,540,133,896,2808988.764045,1851851.851852,1116071.428571,0,1.0,direct,adapted,1,c4a54cdecc67,355,3
rust,bytes,document,100,22,bitcode,0.6.9,1204,915,122,2119,830564.784053,1092896.174863,471920.717319,0,1.0,serde,adapted,1,c4a54cdecc67,356,4
rust,bytes,document,100,22,bincode,2.0.1,149,618,122,767,6711409.395973,1618122.977346,1303780.964798,0,1.0,serde,adapted,1,c4a54cdecc67,357,5
rust,bytes,document,100,22,flexbuffers,2.0.0,2922,1665,452,4587,342231.348392,600600.600601,218007.412252,0,1.0,serde,adapted,1,c4a54cdecc67,358,6
rust,bytes,document,100,22,rkyv,0.8.17,416,294,272,710,2403846.153846,3401360.544218,1408450.704225,0,1.0,archive,adapted,1,c4a54cdecc67,359,7
rust,bytes,document,100,22,nanoserde,0.1.37,383,330,258,713,2610966.057441,3030303.030303,1402524.544180,0,1.0,direct,adapted,1,c4a54cdecc67,360,8
rust,bytes,document,100,22,postcard,1.1.3,153,348,114,501,6535947.712418,2873563.218391,1996007.984032,0,1.0,serde,adapted,1,c4a54cdecc67,361,9
rust,bytes,document,100,22,simd-json,0.14.3,524,1648,460,2172,1908396.946565,606796.116505,460405.156538,0,1.0,serde,adapted,1,c4a54cdecc67,362,10
rust,bytes,document,100,22,speedy,0.8.7,68,229,214,297,14705882.352941,4366812.227074,3367003.367003,0,1.0,direct,adapted,1,c4a54cdecc67,363,11
rust,bytes,document,100,22,serde_json,1.0.150,417,1117,460,1534,2398081.534772,895255.147717,651890.482399,0,1.0,serde,native,1,c4a54cdecc67,364,12
rust,bytes,document,100,22,sonic-rs,0.3.17,539,876,460,1415,1855287.569573,1141552.511416,706713.780919,0,1.0,serde,adapted,1,c4a54cdecc67,365,13
rust,bytes,document,100,22,bson,2.15.0,1127,1922,540,3049,887311.446318,520291.363163,327976.385700,0,1.0,serde,adapted,1,c4a54cdecc67,366,14
rust,bytes,document,100,22,serde_avro_fast,2.1.0,578,621,114,1199,1730103.806228,1610305.958132,834028.356964,0,1.0,serde,native,1,c4a54cdecc67,367,15
rust,bytes,document,100,23,flexbuffers,2.0.0,2669,1798,452,4467,374672.161858,556173.526140,223863.890754,0,1.0,serde,adapted,1,c4a54cdecc67,368,0
rust,bytes,document,100,23,rkyv,0.8.17,369,554,272,923,2710027.100271,1805054.151625,1083423.618635,0,1.0,archive,adapted,1,c4a54cdecc67,369,1
rust,bytes,document,100,23,sonic-rs,0.3.17,482,869,460,1351,2074688.796680,1150747.986191,740192.450037,0,1.0,serde,adapted,1,c4a54cdecc67,370,2
rust,bytes,document,100,23,speedy,0.8.7,75,266,214,341,13333333.333333,3759398.496241,2932551.319648,0,1.0,direct,adapted,1,c4a54cdecc67,371,3
rust,bytes,document,100,23,bson,2.15.0,1188,1870,540,3058,841750.841751,534759.358289,327011.118378,0,1.0,serde,adapted,1,c4a54cdecc67,372,4
rust,bytes,document,100,23,bincode,2.0.1,211,474,122,685,4739336.492891,2109704.641350,1459854.014599,0,1.0,serde,adapted,1,c4a54cdecc67,373,5
rust,bytes,document,100,23,serde_json,1.0.150,517,1090,460,1607,1934235.976789,917431.192661,622277.535781,0,1.0,serde,native,1,c4a54cdecc67,374,6
rust,bytes,document,100,23,nanoserde,0.1.37,360,338,258,698,2777777.777778,2958579.881657,1432664.756447,0,1.0,direct,adapted,1,c4a54cdecc67,375,7
rust,bytes,document,100,23,ciborium,0.2.2,457,1869,339,2326,2188183.807440,535045.478866,429922.613929,0,1.0,serde,native,1,c4a54cdecc67,376,8
rust,bytes,document,100,23,simd-json,0.14.3,527,1533,460,2060,1897533.206831,652315.720809,485436.893204,0,1.0,serde,adapted,1,c4a54cdecc67,377,9
rust,bytes,document,100,23,bitcode,0.6.9,1222,948,122,2170,818330.605565,1054852.320675,460829.493088,0,1.0,serde,adapted,1,c4a54cdecc67,378,10
rust,bytes,document,100,23,serde_avro_fast,2.1.0,592,705,114,1297,1689189.189189,1418439.716312,771010.023130,0,1.0,serde,native,1,c4a54cdecc67,379,11
rust,bytes,document,100,23,postcard,1.1.3,154,346,114,500,6493506.493506,2890173.410405,2000000.000000,0,1.0,serde,adapted,1,c4a54cdecc67,380,12
rust,bytes,document,100,23,minicbor,0.25.1,360,478,133,838,2777777.777778,2092050.209205,1193317.422434,0,1.0,direct,adapted,1,c4a54cdecc67,381,13
rust,bytes,document,100,23,rmp-serde,1.3.1,311,719,333,1030,3215434.083601,1390820.584145,970873.786408,0,1.0,serde,adapted,1,c4a54cdecc67,382,14
rust,bytes,document,100,23,prost,0.13.5,529,572,155,1101,1890359.168242,1748251.748252,908265.213442,0,1.0,message,adapted,1,c4a54cdecc67,383,15
rust,bytes,document,100,24,bincode,2.0.1,230,555,122,785,4347826.086957,1801801.801802,1273885.350318,0,1.0,serde,adapted,1,c4a54cdecc67,384,0
rust,bytes,document,100,24,serde_json,1.0.150,603,1231,460,1834,1658374.792703,812347.684809,545256.270447,0,1.0,serde,native,1,c4a54cdecc67,385,1
rust,bytes,document,100,24,rkyv,0.8.17,453,321,272,774,2207505.518764,3115264.797508,1291989.664083,0,1.0,archive,adapted,1,c4a54cdecc67,386,2
rust,bytes,document,100,24,flexbuffers,2.0.0,2420,1584,452,4004,413223.140496,631313.131313,249750.249750,0,1.0,serde,adapted,1,c4a54cdecc67,387,3
rust,bytes,document,100,24,simd-json,0.14.3,486,1410,460,1896,2057613.168724,709219.858156,527426.160338,0,1.0,serde,adapted,1,c4a54cdecc67,388,4
rust,bytes,document,100,24,postcard,1.1.3,128,351,114,479,7812500.000000,2849002.849003,2087682.672234,0,1.0,serde,adapted,1,c4a54cdecc67,389,5
rust,bytes,document,100,24,bson,2.15.0,951,1849,540,2800,1051524.710831,540832.882639,357142.857143,0,1.0,serde,adapted,1,c4a54cdecc67,390,6
rust,bytes,document,100,24,nanoserde,0.1.37,291,336,258,627,3436426.116838,2976190.476190,1594896.331738,0,1.0,direct,adapted,1,c4a54cdecc67,391,7
rust,bytes,document,100,24,sonic-rs,0.3.17,430,867,460,1297,2325581.395349,1153402.537486,771010.023130,0,1.0,serde,adapted,1,c4a54cdecc67,392,8
rust,bytes,document,100,24,rmp-serde,1.3.1,252,752,333,1004,3968253.968254,1329787.234043,996015.936255,0,1.0,serde,adapted,1,c4a54cdecc67,393,9
rust,bytes,document,100,24,prost,0.13.5,418,516,155,934,2392344.497608,1937984.496124,1070663.811563,0,1.0,message,adapted,1,c4a54cdecc67,394,10
rust,bytes,document,100,24,bitcode,0.6.9,1342,897,122,2239,745156.482861,1114827.201784,446627.958910,0,1.0,serde,adapted,1,c4a54cdecc67,395,11
rust,bytes,document,100,24,minicbor,0.25.1,329,456,133,785,3039513.677812,2192982.456140,1273885.350318,0,1.0,direct,adapted,1,c4a54cdecc67,396,12
rust,bytes,document,100,24,ciborium,0.2.2,466,1890,339,2356,2145922.746781,529100.529101,424448.217317,0,1.0,serde,native,1,c4a54cdecc67,397,13
rust,bytes,document,100,24,serde_avro_fast,2.1.0,637,652,114,1289,1569858.712716,1533742.331288,775795.190070,0,1.0,serde,native,1,c4a54cdecc67,398,14
rust,bytes,document,100,24,speedy,0.8.7,79,226,214,305,12658227.848101,4424778.761062,3278688.524590,0,1.0,direct,adapted,1,c4a54cdecc67,399,15
rust,bytes,document,100,25,prost,0.13.5,586,897,155,1483,1706484.641638,1114827.201784,674308.833446,0,1.0,message,adapted,1,c4a54cdecc67,400,0
rust,bytes,document,100,25,flexbuffers,2.0.0,2496,1670,452,4166,400641.025641,598802.395210,240038.406145,0,1.0,serde,adapted,1,c4a54cdecc67,401,1
rust,bytes,document,100,25,postcard,1.1.3,141,349,114,490,7092198.581560,2865329.512894,2040816.326531,0,1.0,serde,adapted,1,c4a54cdecc67,402,2
rust,bytes,document,100,25,bitcode,0.6.9,1135,919,122,2054,881057.268722,1088139.281828,486854.917235,0,1.0,serde,adapted,1,c4a54cdecc67,403,3
rust,bytes,document,100,25,nanoserde,0.1.37,371,295,258,666,2695417.789757,3389830.508475,1501501.501502,0,1.0,direct,adapted,1,c4a54cdecc67,404,4
rust,bytes,document,100,25,rkyv,0.8.17,344,276,272,620,2906976.744186,3623188.405797,1612903.225806,0,1.0,archive,adapted,1,c4a54cdecc67,405,5
rust,bytes,document,100,25,serde_avro_fast,2.1.0,609,563,114,1172,1642036.124795,1776198.934281,853242.320819,0,1.0,serde,native,1,c4a54cdecc67,406,6
rust,bytes,document,100,25,bson,2.15.0,1124,1860,540,2984,889679.715302,537634.408602,335120.643432,0,1.0,serde,adapted,1,c4a54cdecc67,407,7
rust,bytes,document,100,25,sonic-rs,0.3.17,412,843,460,1255,2427184.466019,1186239.620403,796812.749004,0,1.0,serde,adapted,1,c4a54cdecc67,408,8
rust,bytes,document,100,25,speedy,0.8.7,68,247,214,315,14705882.352941,4048582.995951,3174603.174603,0,1.0,direct,adapted,1,c4a54cdecc67,409,9
rust,bytes,document,100,25,simd-json,0.14.3,543,1543,460,2086,1841620.626151,648088.139987,479386.385427,0,1.0,serde,adapted,1,c4a54cdecc67,410,10
rust,bytes,document,100,25,ciborium,0.2.2,473,1816,339,2289,2114164.904863,550660.792952,436871.996505,0,1.0,serde,native,1,c4a54cdecc67,411,11
rust,bytes,document,100,25,minicbor,0.25.1,352,549,133,901,2840909.090909,1821493.624772,1109877.913430,0,1.0,direct,adapted,1,c4a54cdecc67,412,12
rust,bytes,document,100,25,bincode,2.0.1,234,518,122,752,4273504.273504,1930501.930502,1329787.234043,0,1.0,serde,adapted,1,c4a54cdecc67,413,13
rust,bytes,document,100,25,serde_json,1.0.150,557,1081,460,1638,1795332.136445,925069.380204,610500.610501,0,1.0,serde,native,1,c4a54cdecc67,414,14
rust,bytes,document,100,25,rmp-serde,1.3.1,287,719,333,1006,3484320.557491,1390820.584145,994035.785288,0,1.0,serde,adapted,1,c4a54cdecc67,415,15
rust,bytes,document,100,26,ciborium,0.2.2,403,1848,339,2251,2481389.578164,541125.541126,444247.001333,0,1.0,serde,native,1,c4a54cdecc67,416,0
rust,bytes,document,100,26,rkyv,0.8.17,320,481,272,801,3125000.000000,2079002.079002,1248439.450687,0,1.0,archive,adapted,1,c4a54cdecc67,417,1
rust,bytes,document,100,26,postcard,1.1.3,141,382,114,523,7092198.581560,2617801.047120,1912045.889101,0,1.0,serde,adapted,1,c4a54cdecc67,418,2
rust,bytes,document,100,26,serde_avro_fast,2.1.0,612,590,114,1202,1633986.928105,1694915.254237,831946.755408,0,1.0,serde,native,1,c4a54cdecc67,419,3
rust,bytes,document,100,26,nanoserde,0.1.37,397,278,258,675,2518891.687657,3597122.302158,1481481.481481,0,1.0,direct,adapted,1,c4a54cdecc67,420,4
rust,bytes,document,100,26,bson,2.15.0,1034,1829,540,2863,967117.988395,546746.856206,349283.967866,0,1.0,serde,adapted,1,c4a54cdecc67,421,5
rust,bytes,document,100,26,serde_json,1.0.150,551,1090,460,1641,1814882.032668,917431.192661,609384.521633,0,1.0,serde,native,1,c4a54cdecc67,422,6
rust,bytes,document,100,26,minicbor,0.25.1,316,507,133,823,3164556.962025,1972386.587771,1215066.828676,0,1.0,direct,adapted,1,c4a54cdecc67,423,7
rust,bytes,document,100,26,simd-json,0.14.3,476,1450,460,1926,2100840.336134,689655.172414,519210.799585,0,1.0,serde,adapted,1,c4a54cdecc67,424,8
rust,bytes,document,100,26,sonic-rs,0.3.17,514,818,460,1332,1945525.291829,1222493.887531,750750.750751,0,1.0,serde,adapted,1,c4a54cdecc67,425,9
rust,bytes,document,100,26,speedy,0.8.7,63,270,214,333,15873015.873016,3703703.703704,3003003.003003,0,1.0,direct,adapted,1,c4a54cdecc67,426,10
rust,bytes,document,100,26,flexbuffers,2.0.0,2523,1638,452,4161,396353.547364,610500.610501,240326.844509,0,1.0,serde,adapted,1,c4a54cdecc67,427,11
rust,bytes,document,100,26,bitcode,0.6.9,1106,812,122,1918,904159.132007,1231527.093596,521376.433785,0,1.0,serde,adapted,1,c4a54cdecc67,428,12
rust,bytes,document,100,26,rmp-serde,1.3.1,314,828,333,1142,3184713.375796,1207729.468599,875656.742557,0,1.0,serde,adapted,1,c4a54cdecc67,429,13
rust,bytes,document,100,26,prost,0.13.5,442,536,155,978,2262443.438914,1865671.641791,1022494.887526,0,1.0,message,adapted,1,c4a54cdecc67,430,14
rust,bytes,document,100,26,bincode,2.0.1,161,570,122,731,6211180.124224,1754385.964912,1367989.056088,0,1.0,serde,adapted,1,c4a54cdecc67,431,15
rust,bytes,document,100,27,bson,2.15.0,956,1988,540,2944,1046025.104603,503018.108652,339673.913043,0,1.0,serde,adapted,1,c4a54cdecc67,432,0
rust,bytes,document,100,27,rmp-serde,1.3.1,254,1092,333,1346,3937007.874016,915750.915751,742942.050520,0,1.0,serde,adapted,1,c4a54cdecc67,433,1
rust,bytes,document,100,27,sonic-rs,0.3.17,427,844,460,1271,2341920.374707,1184834.123223,786782.061369,0,1.0,serde,adapted,1,c4a54cdecc67,434,2
rust,bytes,document,100,27,postcard,1.1.3,151,393,114,544,6622516.556291,2544529.262087,1838235.294118,0,1.0,serde,adapted,1,c4a54cdecc67,435,3
rust,bytes,document,100,27,ciborium,0.2.2,448,1791,339,2239,2232142.857143,558347.292016,446627.958910,0,1.0,serde,native,1,c4a54cdecc67,436,4
rust,bytes,document,100,27,bincode,2.0.1,148,483,122,631,6756756.756757,2070393.374741,1584786.053883,0,1.0,serde,adapted,1,c4a54cdecc67,437,5
rust,bytes,document,100,27,serde_json,1.0.150,574,1078,460,1652,1742160.278746,927643.784787,605326.876513,0,1.0,serde,native,1,c4a54cdecc67,438,6
rust,bytes,document,100,27,nanoserde,0.1.37,268,304,258,572,3731343.283582,3289473.684211,1748251.748252,0,1.0,direct,adapted,1,c4a54cdecc67,439,7
rust,bytes,document,100,27,simd-json,0.14.3,463,1585,460,2048,2159827.213823,630914.826498,488281.250000,0,1.0,serde,adapted,1,c4a54cdecc67,440,8
rust,bytes,document,100,27,speedy,0.8.7,59,186,214,245,16949152.542373,5376344.086022,4081632.653061,0,1.0,direct,adapted,1,c4a54cdecc67,441,9
rust,bytes,document,100,27,minicbor,0.25.1,300,571,133,871,3333333.333333,1751313.485114,1148105.625718,0,1.0,direct,adapted,1,c4a54cdecc67,442,10
rust,bytes,document,100,27,flexbuffers,2.0.0,2395,1701,452,4096,417536.534447,587889.476778,244140.625000,0,1.0,serde,adapted,1,c4a54cdecc67,443,11
rust,bytes,document,100,27,prost,0.13.5,450,518,155,968,2222222.222222,1930501.930502,1033057.851240,0,1.0,message,adapted,1,c4a54cdecc67,444,12
rust,bytes,document,100,27,serde_avro_fast,2.1.0,621,611,114,1232,1610305.958132,1636661.211129,811688.311688,0,1.0,serde,native,1,c4a54cdecc67,445,13
rust,bytes,document,100,27,bitcode,0.6.9,1232,954,122,2186,811688.311688,1048218.029350,457456.541629,0,1.0,serde,adapted,1,c4a54cdecc67,446,14
rust,bytes,document,100,27,rkyv,0.8.17,363,278,272,641,2754820.936639,3597122.302158,1560062.402496,0,1.0,archive,adapted,1,c4a54cdecc67,447,15
rust,bytes,document,100,28,simd-json,0.14.3,627,1578,460,2205,1594896.331738,633713.561470,453514.739229,0,1.0,serde,adapted,1,c4a54cdecc67,448,0
rust,bytes,document,100,28,bincode,2.0.1,128,609,122,737,7812500.000000,1642036.124795,1356852.103121,0,1.0,serde,adapted,1,c4a54cdecc67,449,1
rust,bytes,document,100,28,speedy,0.8.7,55,208,214,263,18181818.181818,4807692.307692,3802281.368821,0,1.0,direct,adapted,1,c4a54cdecc67,450,2
rust,bytes,document,100,28,bitcode,0.6.9,1068,792,122,1860,936329.588015,1262626.262626,537634.408602,0,1.0,serde,adapted,1,c4a54cdecc67,451,3
rust,bytes,document,100,28,minicbor,0.25.1,300,434,133,734,3333333.333333,2304147.465438,1362397.820163,0,1.0,direct,adapted,1,c4a54cdecc67,452,4
rust,bytes,document,100,28,serde_avro_fast,2.1.0,578,644,114,1222,1730103.806228,1552795.031056,818330.605565,0,1.0,serde,native,1,c4a54cdecc67,453,5
rust,bytes,document,100,28,rmp-serde,1.3.1,258,703,333,961,3875968.992248,1422475.106686,1040582.726327,0,1.0,serde,adapted,1,c4a54cdecc67,454,6
rust,bytes,document,100,28,nanoserde,0.1.37,330,279,258,609,3030303.030303,3584229.390681,1642036.124795,0,1.0,direct,adapted,1,c4a54cdecc67,455,7
rust,bytes,document,100,28,ciborium,0.2.2,504,1834,339,2338,1984126.984127,545256.270447,427715.996578,0,1.0,serde,native,1,c4a54cdecc67,456,8
rust,bytes,document,100,28,serde_json,1.0.150,559,1084,460,1643,1788908.765653,922509.225092,608642.726719,0,1.0,serde,native,1,c4a54cdecc67,457,9
rust,bytes,document,100,28,postcard,1.1.3,147,321,114,468,6802721.088435,3115264.797508,2136752.136752,0,1.0,serde,adapted,1,c4a54cdecc67,458,10
rust,bytes,document,100,28,rkyv,0.8.17,565,312,272,877,1769911.504425,3205128.205128,1140250.855188,0,1.0,archive,adapted,1,c4a54cdecc67,459,11
rust,bytes,document,100,28,flexbuffers,2.0.0,2536,1662,452,4198,394321.766562,601684.717208,238208.670796,0,1.0,serde,adapted,1,c4a54cdecc67,460,12
rust,bytes,document,100,28,prost,0.13.5,460,499,155,959,2173913.043478,2004008.016032,1042752.867570,0,1.0,message,adapted,1,c4a54cdecc67,461,13
rust,bytes,document,100,28,bson,2.15.0,1072,1928,540,3000,932835.820896,518672.199170,333333.333333,0,1.0,serde,adapted,1,c4a54cdecc67,462,14
rust,bytes,document,100,28,sonic-rs,0.3.17,441,838,460,1279,2267573.696145,1193317.422434,781860.828772,0,1.0,serde,adapted,1,c4a54cdecc67,463,15
rust,bytes,document,100,29,serde_json,1.0.150,542,1252,460,1794,1845018.450185,798722.044728,557413.600892,0,1.0,serde,native,1,c4a54cdecc67,464,0
rust,bytes,document,100,29,rmp-serde,1.3.1,235,1020,333,1255,4255319.148936,980392.156863,796812.749004,0,1.0,serde,adapted,1,c4a54cdecc67,465,1
rust,bytes,document,100,29,sonic-rs,0.3.17,387,810,460,1197,2583979.328165,1234567.901235,835421.888053,0,1.0,serde,adapted,1,c4a54cdecc67,466,2
rust,bytes,document,100,29,bincode,2.0.1,209,541,122,750,4784688.995215,1848428.835490,1333333.333333,0,1.0,serde,adapted,1,c4a54cdecc67,467,3
rust,bytes,document,100,29,postcard,1.1.3,152,313,114,465,6578947.368421,3194888.178914,2150537.634409,0,1.0,serde,adapted,1,c4a54cdecc67,468,4
rust,bytes,document,100,29,bson,2.15.0,1196,1740,540,2936,836120.401338,574712.643678,340599.455041,0,1.0,serde,adapted,1,c4a54cdecc67,469,5
rust,bytes,document,100,29,ciborium,0.2.2,434,1791,339,2225,2304147.465438,558347.292016,449438.202247,0,1.0,serde,native,1,c4a54cdecc67,470,6
rust,bytes,document,100,29,simd-json,0.14.3,499,1416,460,1915,2004008.016032,706214.689266,522193.211488,0,1.0,serde,adapted,1,c4a54cdecc67,471,7
rust,bytes,document,100,29,serde_avro_fast,2.1.0,585,640,114,1225,1709401.709402,1562500.000000,816326.530612,0,1.0,serde,native,1,c4a54cdecc67,472,8
rust,bytes,document,100,29,flexbuffers,2.0.0,2616,1635,452,4251,382262.996942,611620.795107,235238.767349,0,1.0,serde,adapted,1,c4a54cdecc67,473,9
rust,bytes,document,100,29,rkyv,0.8.17,387,323,272,710,2583979.328165,3095975.232198,1408450.704225,0,1.0,archive,adapted,1,c4a54cdecc67,474,10
rust,bytes,document,100,29,minicbor,0.25.1,331,526,133,857,3021148.036254,1901140.684411,1166861.143524,0,1.0,direct,adapted,1,c4a54cdecc67,475,11
rust,bytes,document,100,29,nanoserde,0.1.37,367,332,258,699,2724795.640327,3012048.192771,1430615.164521,0,1.0,direct,adapted,1,c4a54cdecc67,476,12
rust,bytes,document,100,29,speedy,0.8.7,72,225,214,297,13888888.888889,4444444.444444,3367003.367003,0,1.0,direct,adapted,1,c4a54cdecc67,477,13
rust,bytes,document,100,29,bitcode,0.6.9,1418,1051,122,2469,705218.617772,951474.785918,405022.276225,0,1.0,serde,adapted,1,c4a54cdecc67,478,14
rust,bytes,document,100,29,prost,0.13.5,503,519,155,1022,1988071.570577,1926782.273603,978473.581213,0,1.0,message,adapted,1,c4a54cdecc67,479,15
rust,bytes,document,100,30,serde_json,1.0.150,568,1261,460,1829,1760563.380282,793021.411578,546746.856206,0,1.0,serde,native,1,c4a54cdecc67,480,0
rust,bytes,document,100,30,sonic-rs,0.3.17,586,1175,460,1761,1706484.641638,851063.829787,567859.170926,0,1.0,serde,adapted,1,c4a54cdecc67,481,1
rust,bytes,document,100,30,serde_avro_fast,2.1.0,558,612,114,1170,1792114.695341,1633986.928105,854700.854701,0,1.0,serde,native,1,c4a54cdecc67,482,2
rust,bytes,document,100,30,rmp-serde,1.3.1,244,703,333,947,4098360.655738,1422475.106686,1055966.209081,0,1.0,serde,adapted,1,c4a54cdecc67,483,3
rust,bytes,document,100,30,bitcode,0.6.9,1056,816,122,1872,946969.696970,1225490.196078,534188.034188,0,1.0,serde,adapted,1,c4a54cdecc67,484,4
rust,bytes,document,100,30,flexbuffers,2.0.0,2515,1762,452,4277,397614.314115,567536.889898,233808.744447,0,1.0,serde,adapted,1,c4a54cdecc67,485,5
rust,bytes,document,100,30,prost,0.13.5,405,488,155,893,2469135.802469,2049180.327869,1119820.828667,0,1.0,message,adapted,1,c4a54cdecc67,486,6
rust,bytes,document,100,30,nanoserde,0.1.37,306,253,258,559,3267973.856209,3952569.169960,1788908.765653,0,1.0,direct,adapted,1,c4a54cdecc67,487,7
rust,bytes,document,100,30,speedy,0.8.7,57,183,214,240,17543859.649123,5464480.874317,4166666.666667,0,1.0,direct,adapted,1,c4a54cdecc67,488,8
rust,bytes,document,100,30,rkyv,0.8.17,473,236,272,709,2114164.904863,4237288.135593,1410437.235543,0,1.0,archive,adapted,1,c4a54cdecc67,489,9
rust,bytes,document,100,30,bincode,2.0.1,178,484,122,662,5617977.528090,2066115.702479,1510574.018127,0,1.0,serde,adapted,1,c4a54cdecc67,490,10
rust,bytes,document,100,30,postcard,1.1.3,150,328,114,478,6666666.666667,3048780.487805,2092050.209205,0,1.0,serde,adapted,1,c4a54cdecc67,491,11
rust,bytes,document,100,30,simd-json,0.14.3,492,2717,460,3209,2032520.325203,368052.999632,311623.558741,0,1.0,serde,adapted,1,c4a54cdecc67,492,12
rust,bytes,document,100,30,ciborium,0.2.2,509,1880,339,2389,1964636.542240,531914.893617,418585.182085,0,1.0,serde,native,1,c4a54cdecc67,493,13
rust,bytes,document,100,30,minicbor,0.25.1,321,540,133,861,3115264.797508,1851851.851852,1161440.185830,0,1.0,direct,adapted,1,c4a54cdecc67,494,14
rust,bytes,document,100,30,bson,2.15.0,1135,1858,540,2993,881057.268722,538213.132400,334112.930170,0,1.0,serde,adapted,1,c4a54cdecc67,495,15
rust,bytes,document,100,31,prost,0.13.5,670,941,155,1611,1492537.313433,1062699.256111,620732.464308,0,1.0,message,adapted,1,c4a54cdecc67,496,0
rust,bytes,document,100,31,ciborium,0.2.2,380,1786,339,2166,2631578.947368,559910.414334,461680.517082,0,1.0,serde,native,1,c4a54cdecc67,497,1
rust,bytes,document,100,31,nanoserde,0.1.37,363,247,258,610,2754820.936639,4048582.995951,1639344.262295,0,1.0,direct,adapted,1,c4a54cdecc67,498,2
rust,bytes,document,100,31,bson,2.15.0,1222,1849,540,3071,818330.605565,540832.882639,325626.831651,0,1.0,serde,adapted,1,c4a54cdecc67,499,3
rust,bytes,document,100,31,serde_avro_fast,2.1.0,586,615,114,1201,1706484.641638,1626016.260163,832639.467111,0,1.0,serde,native,1,c4a54cdecc67,500,4
rust,bytes,document,100,31,rkyv,0.8.17,587,314,272,901,1703577.512777,3184713.375796,1109877.913430,0,1.0,archive,adapted,1,c4a54cdecc67,501,5
rust,bytes,document,100,31,flexbuffers,2.0.0,2433,1648,452,4081,411015.207563,606796.116505,245037.980887,0,1.0,serde,adapted,1,c4a54cdecc67,502,6
rust,bytes,document,100,31,serde_json,1.0.150,541,1021,460,1562,1848428.835490,979431.929481,640204.865557,0,1.0,serde,native,1,c4a54cdecc67,503,7
rust,bytes,document,100,31,sonic-rs,0.3.17,576,830,460,1406,1736111.111111,1204819.277108,711237.553343,0,1.0,serde,adapted,1,c4a54cdecc67,504,8
rust,bytes,document,100,31,rmp-serde,1.3.1,239,773,333,1012,4184100.418410,1293661.060802,988142.292490,0,1.0,serde,adapted,1,c4a54cdecc67,505,9
rust,bytes,document,100,31,speedy,0.8.7,58,309,214,367,17241379.310345,3236245.954693,2724795.640327,0,1.0,direct,adapted,1,c4a54cdecc67,506,10
rust,bytes,document,100,31,postcard,1.1.3,146,291,114,437,6849315.068493,3436426.116838,2288329.519451,0,1.0,serde,adapted,1,c4a54cdecc67,507,11
rust,bytes,document,100,31,minicbor,0.25.1,316,480,133,796,3164556.962025,2083333.333333,1256281.407035,0,1.0,direct,adapted,1,c4a54cdecc67,508,12
rust,bytes,document,100,31,bitcode,0.6.9,1078,1047,122,2125,927643.784787,955109.837631,470588.235294,0,1.0,serde,adapted,1,c4a54cdecc67,509,13
rust,bytes,document,100,31,simd-json,0.14.3,511,1695,460,2206,1956947.162427,589970.501475,453309.156845,0,1.0,serde,adapted,1,c4a54cdecc67,510,14
rust,bytes,document,100,31,bincode,2.0.1,247,441,122,688,4048582.995951,2267573.696145,1453488.372093,0,1.0,serde,adapted,1,c4a54cdecc67,511,15
rust,bytes,document,100,32,prost,0.13.5,588,830,155,1418,1700680.272109,1204819.277108,705218.617772,0,1.0,message,adapted,1,c4a54cdecc67,512,0
rust,bytes,document,100,32,serde_json,1.0.150,436,1198,460,1634,2293577.981651,834724.540902,611995.104039,0,1.0,serde,native,1,c4a54cdecc67,513,1
rust,bytes,document,100,32,nanoserde,0.1.37,364,238,258,602,2747252.747253,4201680.672269,1661129.568106,0,1.0,direct,adapted,1,c4a54cdecc67,514,2
rust,bytes,document,100,32,simd-json,0.14.3,437,1435,460,1872,2288329.519451,696864.111498,534188.034188,0,1.0,serde,adapted,1,c4a54cdecc67,515,3
rust,bytes,document,100,32,serde_avro_fast,2.1.0,549,609,114,1158,1821493.624772,1642036.124795,863557.858377,0,1.0,serde,native,1,c4a54cdecc67,516,4
rust,bytes,document,100,32,flexbuffers,2.0.0,2475,1567,452,4042,404040.404040,638162.093172,247402.276101,0,1.0,serde,adapted,1,c4a54cdecc67,517,5
rust,bytes,document,100,32,speedy,0.8.7,45,207,214,252,22222222.222222,4830917.874396,3968253.968254,0,1.0,direct,adapted,1,c4a54cdecc67,518,6
rust,bytes,document,100,32,sonic-rs,0.3.17,489,760,460,1249,2044989.775051,1315789.473684,800640.512410,0,1.0,serde,adapted,1,c4a54cdecc67,519,7
rust,bytes,document,100,32,bincode,2.0.1,135,555,122,690,7407407.407407,1801801.801802,1449275.362319,0,1.0,serde,adapted,1,c4a54cdecc67,520,8
rust,bytes,document,100,32,minicbor,0.25.1,305,497,133,802,3278688.524590,2012072.434608,1246882.793017,0,1.0,direct,adapted,1,c4a54cdecc67,521,9
rust,bytes,document,100,32,rmp-serde,1.3.1,246,669,333,915,4065040.650407,1494768.310912,1092896.174863,0,1.0,serde,adapted,1,c4a54cdecc67,522,10
rust,bytes,document,100,32,ciborium,0.2.2,410,1853,339,2263,2439024.390244,539665.407447,441891.294741,0,1.0,serde,native,1,c4a54cdecc67,523,11
rust,bytes,document,100,32,bson,2.15.0,1073,1920,540,2993,931966.449208,520833.333333,334112.930170,0,1.0,serde,adapted,1,c4a54cdecc67,524,12
rust,bytes,document,100,32,rkyv,0.8.17,436,296,272,732,2293577.981651,3378378.378378,1366120.218579,0,1.0,archive,adapted,1,c4a54cdecc67,525,13
rust,bytes,document,100,32,bitcode,0.6.9,1132,865,122,1997,883392.226148,1156069.364162,500751.126690,0,1.0,serde,adapted,1,c4a54cdecc67,526,14
rust,bytes,document,100,32,postcard,1.1.3,147,433,114,580,6802721.088435,2309468.822171,1724137.931034,0,1.0,serde,adapted,1,c4a54cdecc67,527,15
rust,bytes,document,100,33,rmp-serde,1.3.1,254,994,333,1248,3937007.874016,1006036.217304,801282.051282,0,1.0,serde,adapted,1,c4a54cdecc67,528,0
rust,bytes,document,100,33,nanoserde,0.1.37,287,651,258,938,3484320.557491,1536098.310292,1066098.081023,0,1.0,direct,adapted,1,c4a54cdecc67,529,1
rust,bytes,document,100,33,rkyv,0.8.17,456,257,272,713,2192982.456140,3891050.583658,1402524.544180,0,1.0,archive,adapted,1,c4a54cdecc67,530,2
rust,bytes,document,100,33,ciborium,0.2.2,441,1792,339,2233,2267573.696145,558035.714286,447828.034035,0,1.0,serde,native,1,c4a54cdecc67,531,3
rust,bytes,document,100,33,sonic-rs,0.3.17,425,2809,460,3234,2352941.176471,355998.576006,309214.594929,0,1.0,serde,adapted,1,c4a54cdecc67,532,4
rust,bytes,document,100,33,serde_avro_fast,2.1.0,580,704,114,1284,1724137.931034,1420454.545455,778816.199377,0,1.0,serde,native,1,c4a54cdecc67,533,5
rust,bytes,document,100,33,flexbuffers,2.0.0,2448,1592,452,4040,408496.732026,628140.703518,247524.752475,0,1.0,serde,adapted,1,c4a54cdecc67,534,6
rust,bytes,document,100,33,postcard,1.1.3,149,380,114,529,6711409.395973,2631578.947368,1890359.168242,0,1.0,serde,adapted,1,c4a54cdecc67,535,7
rust,bytes,document,100,33,bitcode,0.6.9,959,943,122,1902,1042752.867570,1060445.387063,525762.355415,0,1.0,serde,adapted,1,c4a54cdecc67,536,8
rust,bytes,document,100,33,bson,2.15.0,1153,1953,540,3106,867302.688638,512032.770097,321957.501610,0,1.0,serde,adapted,1,c4a54cdecc67,537,9
rust,bytes,document,100,33,bincode,2.0.1,189,475,122,664,5291005.291005,2105263.157895,1506024.096386,0,1.0,serde,adapted,1,c4a54cdecc67,538,10
rust,bytes,document,100,33,minicbor,0.25.1,345,584,133,929,2898550.724638,1712328.767123,1076426.264801,0,1.0,direct,adapted,1,c4a54cdecc67,539,11
rust,bytes,document,100,33,prost,0.13.5,444,537,155,981,2252252.252252,1862197.392924,1019367.991845,0,1.0,message,adapted,1,c4a54cdecc67,540,12
rust,bytes,document,100,33,speedy,0.8.7,53,209,214,262,18867924.528302,4784688.995215,3816793.893130,0,1.0,direct,adapted,1,c4a54cdecc67,541,13
rust,bytes,document,100,33,serde_json,1.0.150,614,1165,460,1779,1628664.495114,858369.098712,562113.546936,0,1.0,serde,native,1,c4a54cdecc67,542,14
rust,bytes,document,100,33,simd-json,0.14.3,459,1542,460,2001,2178649.237473,648508.430610,499750.124938,0,1.0,serde,adapted,1,c4a54cdecc67,543,15
rust,bytes,document,100,34,bincode,2.0.1,148,486,122,634,6756756.756757,2057613.168724,1577287.066246,0,1.0,serde,adapted,1,c4a54cdecc67,544,0
rust,bytes,document,100,34,rmp-serde,1.3.1,400,1048,333,1448,2500000.000000,954198.473282,690607.734807,0,1.0,serde,adapted,1,c4a54cdecc67,545,1
rust,bytes,document,100,34,serde_json,1.0.150,454,1053,460,1507,2202643.171806,949667.616334,663570.006636,0,1.0,serde,native,1,c4a54cdecc67,546,2
rust,bytes,document,100,34,bitcode,0.6.9,1347,886,122,2233,742390.497402,1128668.171558,447828.034035,0,1.0,serde,adapted,1,c4a54cdecc67,547,3
rust,bytes,document,100,34,bson,2.15.0,1079,1924,540,3003,926784.059314,519750.519751,333000.333000,0,1.0,serde,adapted,1,c4a54cdecc67,548,4
rust,bytes,document,100,34,ciborium,0.2.2,473,1928,339,2401,2114164.904863,518672.199170,416493.127863,0,1.0,serde,native,1,c4a54cdecc67,549,5
rust,bytes,document,100,34,rkyv,0.8.17,400,316,272,716,2500000.000000,3164556.962025,1396648.044693,0,1.0,archive,adapted,1,c4a54cdecc67,550,6
rust,bytes,document,100,34,flexbuffers,2.0.0,2498,1633,452,4131,400320.256205,612369.871402,242072.137497,0,1.0,serde,adapted,1,c4a54cdecc67,551,7
rust,bytes,document,100,34,postcard,1.1.3,146,331,114,477,6849315.068493,3021148.036254,2096436.058700,0,1.0,serde,adapted,1,c4a54cdecc67,552,8
rust,bytes,document,100,34,simd-json,0.14.3,585,1511,460,2096,1709401.709402,661813.368630,477099.236641,0,1.0,serde,adapted,1,c4a54cdecc67,553,9
rust,bytes,document,100,34,sonic-rs,0.3.17,439,860,460,1299,2277904.328018,1162790.697674,769822.940724,0,1.0,serde,adapted,1,c4a54cdecc67,554,10
rust,bytes,document,100,34,prost,0.13.5,625,619,155,1244,1600000.000000,1615508.885299,803858.520900,0,1.0,message,adapted,1,c4a54cdecc67,555,11
rust,bytes,document,100,34,nanoserde,0.1.37,322,329,258,651,3105590.062112,3039513.677812,1536098.310292,0,1.0,direct,adapted,1,c4a54cdecc67,556,12
rust,bytes,document,100,34,speedy,0.8.7,67,192,214,259,14925373.134328,5208333.333333,3861003.861004,0,1.0,direct,adapted,1,c4a54cdecc67,557,13
rust,bytes,document,100,34,minicbor,0.25.1,345,534,133,879,2898550.724638,1872659.176030,1137656.427759,0,1.0,direct,adapted,1,c4a54cdecc67,558,14
rust,bytes,document,100,34,serde_avro_fast,2.1.0,621,639,114,1260,1610305.958132,1564945.226917,793650.793651,0,1.0,serde,native,1,c4a54cdecc67,559,15
rust,bytes,document,100,35,bincode,2.0.1,159,431,122,590,6289308.176101,2320185.614849,1694915.254237,0,1.0,serde,adapted,1,c4a54cdecc67,560,0
rust,bytes,document,100,35,speedy,0.8.7,57,524,214,581,17543859.649123,1908396.946565,1721170.395869,0,1.0,direct,adapted,1,c4a54cdecc67,561,1
rust,bytes,document,100,35,minicbor,0.25.1,318,550,133,868,3144654.088050,1818181.818182,1152073.732719,0,1.0,direct,adapted,1,c4a54cdecc67,562,2
rust,bytes,document,100,35,serde_json,1.0.150,555,1139,460,1694,1801801.801802,877963.125549,590318.772137,0,1.0,serde,native,1,c4a54cdecc67,563,3
rust,bytes,document,100,35,postcard,1.1.3,147,285,114,432,6802721.088435,3508771.929825,2314814.814815,0,1.0,serde,adapted,1,c4a54cdecc67,564,4
rust,bytes,document,100,35,sonic-rs,0.3.17,605,817,460,1422,1652892.561983,1223990.208078,703234.880450,0,1.0,serde,adapted,1,c4a54cdecc67,565,5
rust,bytes,document,100,35,ciborium,0.2.2,440,1848,339,2288,2272727.272727,541125.541126,437062.937063,0,1.0,serde,native,1,c4a54cdecc67,566,6
rust,bytes,document,100,35,bson,2.15.0,1017,2004,540,3021,983284.169125,499001.996008,331016.219795,0,1.0,serde,adapted,1,c4a54cdecc67,567,7
rust,bytes,document,100,35,simd-json,0.14.3,635,1492,460,2127,1574803.149606,670241.286863,470145.745181,0,1.0,serde,adapted,1,c4a54cdecc67,568,8
rust,bytes,document,100,35,prost,0.13.5,510,599,155,1109,1960784.313725,1669449.081803,901713.255185,0,1.0,message,adapted,1,c4a54cdecc67,569,9
rust,bytes,document,100,35,rmp-serde,1.3.1,311,774,333,1085,3215434.083601,1291989.664083,921658.986175,0,1.0,serde,adapted,1,c4a54cdecc67,570,10
rust,bytes,document,100,35,nanoserde,0.1.37,290,367,258,657,3448275.862069,2724795.640327,1522070.015221,0,1.0,direct,adapted,1,c4a54cdecc67,571,11
rust,bytes,document,100,35,serde_avro_fast,2.1.0,568,604,114,1172,1760563.380282,1655629.139073,853242.320819,0,1.0,serde,native,1,c4a54cdecc67,572,12
rust,bytes,document,100,35,flexbuffers,2.0.0,2664,1698,452,4362,375375.375375,588928.150766,229252.636405,0,1.0,serde,adapted,1,c4a54cdecc67,573,13
rust,bytes,document,100,35,bitcode,0.6.9,1353,1075,122,2428,739098.300074,930232.558140,411861.614498,0,1.0,serde,adapted,1,c4a54cdecc67,574,14
rust,bytes,document,100,35,rkyv,0.8.17,622,325,272,947,1607717.041801,3076923.076923,1055966.209081,0,1.0,archive,adapted,1,c4a54cdecc67,575,15
rust,bytes,document,100,36,prost,0.13.5,541,849,155,1390,1848428.835490,1177856.301531,719424.460432,0,1.0,message,adapted,1,c4a54cdecc67,576,0
rust,bytes,document,100,36,simd-json,0.14.3,537,1541,460,2078,1862197.392924,648929.266710,481231.953802,0,1.0,serde,adapted,1,c4a54cdecc67,577,1
rust,bytes,document,100,36,speedy,0.8.7,55,219,214,274,18181818.181818,4566210.045662,3649635.036496,0,1.0,direct,adapted,1,c4a54cdecc67,578,2
rust,bytes,document,100,36,minicbor,0.25.1,326,588,133,914,3067484.662577,1700680.272109,1094091.903720,0,1.0,direct,adapted,1,c4a54cdecc67,579,3
rust,bytes,document,100,36,serde_json,1.0.150,534,1258,460,1792,1872659.176030,794912.559618,558035.714286,0,1.0,serde,native,1,c4a54cdecc67,580,4
rust,bytes,document,100,36,serde_avro_fast,2.1.0,595,631,114,1226,1680672.268908,1584786.053883,815660.685155,0,1.0,serde,native,1,c4a54cdecc67,581,5
rust,bytes,document,100,36,rkyv,0.8.17,493,304,272,797,2028397.565923,3289473.684211,1254705.144291,0,1.0,archive,adapted,1,c4a54cdecc67,582,6
rust,bytes,document,100,36,nanoserde,0.1.37,335,363,258,698,2985074.626866,2754820.936639,1432664.756447,0,1.0,direct,adapted,1,c4a54cdecc67,583,7
rust,bytes,document,100,36,ciborium,0.2.2,530,1895,339,2425,1886792.452830,527704.485488,412371.134021,0,1.0,serde,native,1,c4a54cdecc67,584,8
rust,bytes,document,100,36,flexbuffers,2.0.0,2620,1782,452,4402,381679.389313,561167.227834,227169.468423,0,1.0,serde,adapted,1,c4a54cdecc67,585,9
rust,bytes,document,100,36,sonic-rs,0.3.17,464,871,460,1335,2155172.413793,1148105.625718,749063.670412,0,1.0,serde,adapted,1,c4a54cdecc67,586,10
rust,bytes,document,100,36,bson,2.15.0,924,2103,540,3027,1082251.082251,475511.174513,330360.092501,0,1.0,serde,adapted,1,c4a54cdecc67,587,11
rust,bytes,document,100,36,rmp-serde,1.3.1,255,772,333,1027,3921568.627451,1295336.787565,973709.834469,0,1.0,serde,adapted,1,c4a54cdecc67,588,12
rust,bytes,document,100,36,postcard,1.1.3,152,404,114,556,6578947.368421,2475247.524752,1798561.151079,0,1.0,serde,adapted,1,c4a54cdecc67,589,13
rust,bytes,document,100,36,bincode,2.0.1,238,742,122,980,4201680.672269,1347708.894879,1020408.163265,0,1.0,serde,adapted,1,c4a54cdecc67,590,14
rust,bytes,document,100,36,bitcode,0.6.9,1494,957,122,2451,669344.042838,1044932.079415,407996.736026,0,1.0,serde,adapted,1,c4a54cdecc67,591,15
rust,bytes,document,100,37,sonic-rs,0.3.17,485,956,460,1441,2061855.670103,1046025.104603,693962.526024,0,1.0,serde,adapted,1,c4a54cdecc67,592,0
rust,bytes,document,100,37,bson,2.15.0,955,2011,540,2966,1047120.418848,497265.042268,337154.416723,0,1.0,serde,adapted,1,c4a54cdecc67,593,1
rust,bytes,document,100,37,postcard,1.1.3,1044,637,114,1681,957854.406130,1569858.712716,594883.997620,0,1.0,serde,adapted,1,c4a54cdecc67,594,2
rust,bytes,document,100,37,nanoserde,0.1.37,369,382,258,751,2710027.100271,2617801.047120,1331557.922770,0,1.0,direct,adapted,1,c4a54cdecc67,595,3
rust,bytes,document,100,37,flexbuffers,2.0.0,2481,1667,452,4148,403063.280935,599880.023995,241080.038573,0,1.0,serde,adapted,1,c4a54cdecc67,596,4
rust,bytes,document,100,37,rmp-serde,1.3.1,250,670,333,920,4000000.000000,1492537.313433,1086956.521739,0,1.0,serde,adapted,1,c4a54cdecc67,597,5
rust,bytes,document,100,37,serde_avro_fast,2.1.0,597,603,114,1200,1675041.876047,1658374.792703,833333.333333,0,1.0,serde,native,1,c4a54cdecc67,598,6
rust,bytes,document,100,37,minicbor,0.25.1,365,535,133,900,2739726.027397,1869158.878505,1111111.111111,0,1.0,direct,adapted,1,c4a54cdecc67,599,7
rust,bytes,document,100,37,bincode,2.0.1,177,599,122,776,5649717.514124,1669449.081803,1288659.793814,0,1.0,serde,adapted,1,c4a54cdecc67,600,8
rust,bytes,document,100,37,ciborium,0.2.2,536,1887,339,2423,1865671.641791,529941.706412,412711.514651,0,1.0,serde,native,1,c4a54cdecc67,601,9
rust,bytes,document,100,37,simd-json,0.14.3,586,1540,460,2126,1706484.641638,649350.649351,470366.886171,0,1.0,serde,adapted,1,c4a54cdecc67,602,10
rust,bytes,document,100,37,rkyv,0.8.17,415,360,272,775,2409638.554217,2777777.777778,1290322.580645,0,1.0,archive,adapted,1,c4a54cdecc67,603,11
rust,bytes,document,100,37,prost,0.13.5,492,568,155,1060,2032520.325203,1760563.380282,943396.226415,0,1.0,message,adapted,1,c4a54cdecc67,604,12
rust,bytes,document,100,37,speedy,0.8.7,79,243,214,322,12658227.848101,4115226.337449,3105590.062112,0,1.0,direct,adapted,1,c4a54cdecc67,605,13
rust,bytes,document,100,37,bitcode,0.6.9,1245,844,122,2089,803212.851406,1184834.123223,478697.941599,0,1.0,serde,adapted,1,c4a54cdecc67,606,14
rust,bytes,document,100,37,serde_json,1.0.150,456,1114,460,1570,2192982.456140,897666.068223,636942.675159,0,1.0,serde,native,1,c4a54cdecc67,607,15
rust,bytes,document,100,38,serde_json,1.0.150,447,1144,460,1591,2237136.465324,874125.874126,628535.512256,0,1.0,serde,native,1,c4a54cdecc67,608,0
rust,bytes,document,100,38,serde_avro_fast,2.1.0,584,910,114,1494,1712328.767123,1098901.098901,669344.042838,0,1.0,serde,native,1,c4a54cdecc67,609,1
rust,bytes,document,100,38,bson,2.15.0,1013,1936,540,2949,987166.831194,516528.925620,339097.999322,0,1.0,serde,adapted,1,c4a54cdecc67,610,2
rust,bytes,document,100,38,nanoserde,0.1.37,335,346,258,681,2985074.626866,2890173.410405,1468428.781204,0,1.0,direct,adapted,1,c4a54cdecc67,611,3
rust,bytes,document,100,38,minicbor,0.25.1,322,535,133,857,3105590.062112,1869158.878505,1166861.143524,0,1.0,direct,adapted,1,c4a54cdecc67,612,4
rust,bytes,document,100,38,bitcode,0.6.9,1283,976,122,2259,779423.226812,1024590.163934,442673.749447,0,1.0,serde,adapted,1,c4a54cdecc67,613,5
rust,bytes,document,100,38,sonic-rs,0.3.17,520,778,460,1298,1923076.923077,1285347.043702,770416.024653,0,1.0,serde,adapted,1,c4a54cdecc67,614,6
rust,bytes,document,100,38,ciborium,0.2.2,430,1793,339,2223,2325581.395349,557724.484105,449842.555106,0,1.0,serde,native,1,c4a54cdecc67,615,7
rust,bytes,document,100,38,postcard,1.1.3,149,353,114,502,6711409.395973,2832861.189802,1992031.872510,0,1.0,serde,adapted,1,c4a54cdecc67,616,8
rust,bytes,document,100,38,rmp-serde,1.3.1,271,670,333,941,3690036.900369,1492537.313433,1062699.256111,0,1.0,serde,adapted,1,c4a54cdecc67,617,9
rust,bytes,document,100,38,rkyv,0.8.17,628,386,272,1014,1592356.687898,2590673.575130,986193.293886,0,1.0,archive,adapted,1,c4a54cdecc67,618,10
rust,bytes,document,100,38,simd-json,0.14.3,478,1362,460,1840,2092050.209205,734214.390602,543478.260870,0,1.0,serde,adapted,1,c4a54cdecc67,619,11
rust,bytes,document,100,38,speedy,0.8.7,74,231,214,305,13513513.513514,4329004.329004,3278688.524590,0,1.0,direct,adapted,1,c4a54cdecc67,620,12
rust,bytes,document,100,38,bincode,2.0.1,227,416,122,643,4405286.343612,2403846.153846,1555209.953344,0,1.0,serde,adapted,1,c4a54cdecc67,621,13
rust,bytes,document,100,38,flexbuffers,2.0.0,2830,1725,452,4555,353356.890459,579710.144928,219538.968167,0,1.0,serde,adapted,1,c4a54cdecc67,622,14
rust,bytes,document,100,38,prost,0.13.5,520,593,155,1113,1923076.923077,1686340.640809,898472.596586,0,1.0,message,adapted,1,c4a54cdecc67,623,15
rust,bytes,document,100,39,simd-json,0.14.3,517,1624,460,2141,1934235.976789,615763.546798,467071.461934,0,1.0,serde,adapted,1,c4a54cdecc67,624,0
rust,bytes,document,100,39,rkyv,0.8.17,486,463,272,949,2057613.168724,2159827.213823,1053740.779768,0,1.0,archive,adapted,1,c4a54cdecc67,625,1
rust,bytes,document,100,39,postcard,1.1.3,154,762,114,916,6493506.493506,1312335.958005,1091703.056769,0,1.0,serde,adapted,1,c4a54cdecc67,626,2
rust,bytes,document,100,39,flexbuffers,2.0.0,2485,1637,452,4122,402414.486922,610873.549175,242600.679282,0,1.0,serde,adapted,1,c4a54cdecc67,627,3
rust,bytes,document,100,39,bitcode,0.6.9,1339,870,122,2209,746825.989544,1149425.287356,452693.526483,0,1.0,serde,adapted,1,c4a54cdecc67,628,4
rust,bytes,document,100,39,ciborium,0.2.2,470,1853,339,2323,2127659.574468,539665.407447,430477.830392,0,1.0,serde,native,1,c4a54cdecc67,629,5
rust,bytes,document,100,39,serde_json,1.0.150,497,1109,460,1606,2012072.434608,901713.255185,622665.006227,0,1.0,serde,native,1,c4a54cdecc67,630,6
rust,bytes,document,100,39,nanoserde,0.1.37,313,335,258,648,3194888.178914,2985074.626866,1543209.876543,0,1.0,direct,adapted,1,c4a54cdecc67,631,7
rust,bytes,document,100,39,prost,0.13.5,490,591,155,1081,2040816.326531,1692047.377327,925069.380204,0,1.0,message,adapted,1,c4a54cdecc67,632,8
rust,bytes,document,100,39,serde_avro_fast,2.1.0,647,597,114,1244,1545595.054096,1675041.876047,803858.520900,0,1.0,serde,native,1,c4a54cdecc67,633,9
rust,bytes,document,100,39,minicbor,0.25.1,361,582,133,943,2770083.102493,1718213.058419,1060445.387063,0,1.0,direct,adapted,1,c4a54cdecc67,634,10
rust,bytes,document,100,39,bincode,2.0.1,128,607,122,735,7812500.000000,1647446.457990,1360544.217687,0,1.0,serde,adapted,1,c4a54cdecc67,635,11
rust,bytes,document,100,39,bson,2.15.0,1145,2081,540,3226,873362.445415,480538.202787,309981.401116,0,1.0,serde,adapted,1,c4a54cdecc67,636,12
rust,bytes,document,100,39,speedy,0.8.7,70,290,214,360,14285714.285714,3448275.862069,2777777.777778,0,1.0,direct,adapted,1,c4a54cdecc67,637,13
rust,bytes,document,100,39,rmp-serde,1.3.1,301,775,333,1076,3322259.136213,1290322.580645,929368.029740,0,1.0,serde,adapted,1,c4a54cdecc67,638,14
rust,bytes,document,100,39,sonic-rs,0.3.17,409,879,460,1288,2444987.775061,1137656.427759,776397.515528,0,1.0,serde,adapted,1,c4a54cdecc67,639,15
rust,bytes,document,100,40,minicbor,0.25.1,336,708,133,1044,2976190.476190,1412429.378531,957854.406130,0,1.0,direct,adapted,1,c4a54cdecc67,640,0
rust,bytes,document,100,40,bson,2.15.0,1227,2083,540,3310,814995.925020,480076.812290,302114.803625,0,1.0,serde,adapted,1,c4a54cdecc67,641,1
rust,bytes,document,100,40,simd-json,0.14.3,525,1864,460,2389,1904761.904762,536480.686695,418585.182085,0,1.0,serde,adapted,1,c4a54cdecc67,642,2
rust,bytes,document,100,40,serde_avro_fast,2.1.0,573,897,114,1470,1745200.698080,1114827.201784,680272.108844,0,1.0,serde,native,1,c4a54cdecc67,643,3
rust,bytes,document,100,40,prost,0.13.5,724,578,155,1302,1381215.469613,1730103.806228,768049.155146,0,1.0,message,adapted,1,c4a54cdecc67,644,4
rust,bytes,document,100,40,rkyv,0.8.17,406,227,272,633,2463054.187192,4405286.343612,1579778.830964,0,1.0,archive,adapted,1,c4a54cdecc67,645,5
rust,bytes,document,100,40,nanoserde,0.1.37,330,329,258,659,3030303.030303,3039513.677812,1517450.682853,0,1.0,direct,adapted,1,c4a54cdecc67,646,6
rust,bytes,document,100,40,serde_json,1.0.150,482,995,460,1477,2074688.796680,1005025.125628,677048.070413,0,1.0,serde,native,1,c4a54cdecc67,647,7
rust,bytes,document,100,40,flexbuffers,2.0.0,2848,1735,452,4583,351123.595506,576368.876081,218197.687105,0,1.0,serde,adapted,1,c4a54cdecc67,648,8
rust,bytes,document,100,40,postcard,1.1.3,150,374,114,524,6666666.666667,2673796.791444,1908396.946565,0,1.0,serde,adapted,1,c4a54cdecc67,649,9
rust,bytes,document,100,40,rmp-serde,1.3.1,255,705,333,960,3921568.627451,1418439.716312,1041666.666667,0,1.0,serde,adapted,1,c4a54cdecc67,650,10
rust,bytes,document,100,40,ciborium,0.2.2,474,1786,339,2260,2109704.641350,559910.414334,442477.876106,0,1.0,serde,native,1,c4a54cdecc67,651,11
rust,bytes,document,100,40,speedy,0.8.7,74,225,214,299,13513513.513514,4444444.444444,3344481.605351,0,1.0,direct,adapted,1,c4a54cdecc67,652,12
rust,bytes,document,100,40,bincode,2.0.1,183,592,122,775,5464480.874317,1689189.189189,1290322.580645,0,1.0,serde,adapted,1,c4a54cdecc67,653,13
rust,bytes,document,100,40,bitcode,0.6.9,1362,927,122,2289,734214.390602,1078748.651564,436871.996505,0,1.0,serde,adapted,1,c4a54cdecc67,654,14
rust,bytes,document,100,40,sonic-rs,0.3.17,534,798,460,1332,1872659.176030,1253132.832080,750750.750751,0,1.0,serde,adapted,1,c4a54cdecc67,655,15
rust,bytes,document,100,41,serde_avro_fast,2.1.0,599,845,114,1444,1669449.081803,1183431.952663,692520.775623,0,1.0,serde,native,1,c4a54cdecc67,656,0
rust,bytes,document,100,41,rkyv,0.8.17,333,524,272,857,3003003.003003,1908396.946565,1166861.143524,0,1.0,archive,adapted,1,c4a54cdecc67,657,1
rust,bytes,document,100,41,postcard,1.1.3,121,254,114,375,8264462.809917,3937007.874016,2666666.666667,0,1.0,serde,adapted,1,c4a54cdecc67,658,2
rust,bytes,document,100,41,bincode,2.0.1,149,568,122,717,6711409.395973,1760563.380282,1394700.139470,0,1.0,serde,adapted,1,c4a54cdecc67,659,3
rust,bytes,document,100,41,flexbuffers,2.0.0,2669,1545,452,4214,374672.161858,647249.190939,237304.224015,0,1.0,serde,adapted,1,c4a54cdecc67,660,4
rust,bytes,document,100,41,nanoserde,0.1.37,275,327,258,602,3636363.636364,3058103.975535,1661129.568106,0,1.0,direct,adapted,1,c4a54cdecc67,661,5
rust,bytes,document,100,41,minicbor,0.25.1,334,530,133,864,2994011.976048,1886792.452830,1157407.407407,0,1.0,direct,adapted,1,c4a54cdecc67,662,6
rust,bytes,document,100,41,sonic-rs,0.3.17,611,790,460,1401,1636661.211129,1265822.784810,713775.874375,0,1.0,serde,adapted,1,c4a54cdecc67,663,7
rust,bytes,document,100,41,simd-json,0.14.3,534,1664,460,2198,1872659.176030,600961.538462,454959.053685,0,1.0,serde,adapted,1,c4a54cdecc67,664,8
rust,bytes,document,100,41,bitcode,0.6.9,1290,904,122,2194,775193.798450,1106194.690265,455788.514129,0,1.0,serde,adapted,1,c4a54cdecc67,665,9
rust,bytes,document,100,41,speedy,0.8.7,73,242,214,315,13698630.136986,4132231.404959,3174603.174603,0,1.0,direct,adapted,1,c4a54cdecc67,666,10
rust,bytes,document,100,41,prost,0.13.5,492,581,155,1073,2032520.325203,1721170.395869,931966.449208,0,1.0,message,adapted,1,c4a54cdecc67,667,11
rust,bytes,document,100,41,rmp-serde,1.3.1,294,666,333,960,3401360.544218,1501501.501502,1041666.666667,0,1.0,serde,adapted,1,c4a54cdecc67,668,12
rust,bytes,document,100,41,bson,2.15.0,1223,1843,540,3066,817661.488144,542593.597396,326157.860404,0,1.0,serde,adapted,1,c4a54cdecc67,669,13
rust,bytes,document,100,41,ciborium,0.2.2,538,1854,339,2392,1858736.059480,539374.325782,418060.200669,0,1.0,serde,native,1,c4a54cdecc67,670,14
rust,bytes,document,100,41,serde_json,1.0.150,658,1057,460,1715,1519756.838906,946073.793756,583090.379009,0,1.0,serde,native,1,c4a54cdecc67,671,15
rust,bytes,document,100,42,flexbuffers,2.0.0,2457,1711,452,4168,407000.407000,584453.535944,239923.224568,0,1.0,serde,adapted,1,c4a54cdecc67,672,0
rust,bytes,document,100,42,sonic-rs,0.3.17,536,1040,460,1576,1865671.641791,961538.461538,634517.766497,0,1.0,serde,adapted,1,c4a54cdecc67,673,1
rust,bytes,document,100,42,prost,0.13.5,446,484,155,930,2242152.466368,2066115.702479,1075268.817204,0,1.0,message,adapted,1,c4a54cdecc67,674,2
rust,bytes,document,100,42,ciborium,0.2.2,394,1704,339,2098,2538071.065990,586854.460094,476644.423260,0,1.0,serde,native,1,c4a54cdecc67,675,3
rust,bytes,document,100,42,serde_json,1.0.150,455,982,460,1437,2197802.197802,1018329.938900,695894.224078,0,1.0,serde,native,1,c4a54cdecc67,676,4
rust,bytes,document,100,42,rmp-serde,1.3.1,399,636,333,1035,2506265.664160,1572327.044025,966183.574879,0,1.0,serde,adapted,1,c4a54cdecc67,677,5
rust,bytes,document,100,42,simd-json,0.14.3,498,1770,460,2268,2008032.128514,564971.751412,440917.107584,0,1.0,serde,adapted,1,c4a54cdecc67,678,6
rust,bytes,document,100,42,bincode,2.0.1,188,566,122,754,5319148.936170,1766784.452297,1326259.946950,0,1.0,serde,adapted,1,c4a54cdecc67,679,7
rust,bytes,document,100,42,nanoserde,0.1.37,335,358,258,693,2985074.626866,2793296.089385,1443001.443001,0,1.0,direct,adapted,1,c4a54cdecc67,680,8
rust,bytes,document,100,42,minicbor,0.25.1,379,559,133,938,2638522.427441,1788908.765653,1066098.081023,0,1.0,direct,adapted,1,c4a54cdecc67,681,9
rust,bytes,document,100,42,speedy,0.8.7,79,189,214,268,12658227.848101,5291005.291005,3731343.283582,0,1.0,direct,adapted,1,c4a54cdecc67,682,10
rust,bytes,document,100,42,rkyv,0.8.17,297,245,272,542,3367003.367003,4081632.653061,1845018.450185,0,1.0,archive,adapted,1,c4a54cdecc67,683,11
rust,bytes,document,100,42,bson,2.15.0,1261,1842,540,3103,793021.411578,542888.165038,322268.772156,0,1.0,serde,adapted,1,c4a54cdecc67,684,12
rust,bytes,document,100,42,serde_avro_fast,2.1.0,648,672,114,1320,1543209.876543,1488095.238095,757575.757576,0,1.0,serde,native,1,c4a54cdecc67,685,13
rust,bytes,document,100,42,bitcode,0.6.9,1299,1027,122,2326,769822.940724,973709.834469,429922.613929,0,1.0,serde,adapted,1,c4a54cdecc67,686,14
rust,bytes,document,100,42,postcard,1.1.3,151,351,114,502,6622516.556291,2849002.849003,1992031.872510,0,1.0,serde,adapted,1,c4a54cdecc67,687,15
rust,bytes,document,100,43,rmp-serde,1.3.1,372,925,333,1297,2688172.043011,1081081.081081,771010.023130,0,1.0,serde,adapted,1,c4a54cdecc67,688,0
rust,bytes,document,100,43,simd-json,0.14.3,556,1507,460,2063,1798561.151079,663570.006636,484730.974309,0,1.0,serde,adapted,1,c4a54cdecc67,689,1
rust,bytes,document,100,43,prost,0.13.5,641,508,155,1149,1560062.402496,1968503.937008,870322.019147,0,1.0,message,adapted,1,c4a54cdecc67,690,2
rust,bytes,document,100,43,minicbor,0.25.1,306,470,133,776,3267973.856209,2127659.574468,1288659.793814,0,1.0,direct,adapted,1,c4a54cdecc67,691,3
rust,bytes,document,100,43,postcard,1.1.3,137,253,114,390,7299270.072993,3952569.169960,2564102.564103,0,1.0,serde,adapted,1,c4a54cdecc67,692,4
rust,bytes,document,100,43,rkyv,0.8.17,462,326,272,788,2164502.164502,3067484.662577,1269035.532995,0,1.0,archive,adapted,1,c4a54cdecc67,693,5
rust,bytes,document,100,43,bitcode,0.6.9,1162,934,122,2096,860585.197935,1070663.811563,477099.236641,0,1.0,serde,adapted,1,c4a54cdecc67,694,6
rust,bytes,document,100,43,ciborium,0.2.2,553,1776,339,2329,1808318.264014,563063.063063,429368.827823,0,1.0,serde,native,1,c4a54cdecc67,695,7
rust,bytes,document,100,43,speedy,0.8.7,78,223,214,301,12820512.820513,4484304.932735,3322259.136213,0,1.0,direct,adapted,1,c4a54cdecc67,696,8
rust,bytes,document,100,43,nanoserde,0.1.37,314,312,258,626,3184713.375796,3205128.205128,1597444.089457,0,1.0,direct,adapted,1,c4a54cdecc67,697,9
rust,bytes,document,100,43,bincode,2.0.1,200,510,122,710,5000000.000000,1960784.313725,1408450.704225,0,1.0,serde,adapted,1,c4a54cdecc67,698,10
rust,bytes,document,100,43,flexbuffers,2.0.0,2652,1769,452,4421,377073.906486,565291.124929,226193.168966,0,1.0,serde,adapted,1,c4a54cdecc67,699,11
rust,bytes,document,100,43,sonic-rs,0.3.17,539,798,460,1337,1855287.569573,1253132.832080,747943.156320,0,1.0,serde,adapted,1,c4a54cdecc67,700,12
rust,bytes,document,100,43,serde_avro_fast,2.1.0,631,650,114,1281,1584786.053883,1538461.538462,780640.124902,0,1.0,serde,native,1,c4a54cdecc67,701,13
rust,bytes,document,100,43,bson,2.15.0,1019,1986,540,3005,981354.268891,503524.672709,332778.702163,0,1.0,serde,adapted,1,c4a54cdecc67,702,14
rust,bytes,document,100,43,serde_json,1.0.150,539,1099,460,1638,1855287.569573,909918.107370,610500.610501,0,1.0,serde,native,1,c4a54cdecc67,703,15
rust,bytes,document,100,44,ciborium,0.2.2,476,1994,339,2470,2100840.336134,501504.513541,404858.299595,0,1.0,serde,native,1,c4a54cdecc67,704,0
rust,bytes,document,100,44,bitcode,0.6.9,1394,972,122,2366,717360.114778,1028806.584362,422654.268808,0,1.0,serde,adapted,1,c4a54cdecc67,705,1
rust,bytes,document,100,44,minicbor,0.25.1,319,532,133,851,3134796.238245,1879699.248120,1175088.131610,0,1.0,direct,adapted,1,c4a54cdecc67,706,2
rust,bytes,document,100,44,bson,2.15.0,978,1934,540,2912,1022494.887526,517063.081696,343406.593407,0,1.0,serde,adapted,1,c4a54cdecc67,707,3
rust,bytes,document,100,44,serde_json,1.0.150,513,1008,460,1521,1949317.738791,992063.492063,657462.195924,0,1.0,serde,native,1,c4a54cdecc67,708,4
rust,bytes,document,100,44,simd-json,0.14.3,468,1504,460,1972,2136752.136752,664893.617021,507099.391481,0,1.0,serde,adapted,1,c4a54cdecc67,709,5
rust,bytes,document,100,44,serde_avro_fast,2.1.0,552,603,114,1155,1811594.202899,1658374.792703,865800.865801,0,1.0,serde,native,1,c4a54cdecc67,710,6
rust,bytes,document,100,44,prost,0.13.5,599,533,155,1132,1669449.081803,1876172.607880,883392.226148,0,1.0,message,adapted,1,c4a54cdecc67,711,7
rust,bytes,document,100,44,postcard,1.1.3,146,372,114,518,6849315.068493,2688172.043011,1930501.930502,0,1.0,serde,adapted,1,c4a54cdecc67,712,8
rust,bytes,document,100,44,speedy,0.8.7,68,211,214,279,14705882.352941,4739336.492891,3584229.390681,0,1.0,direct,adapted,1,c4a54cdecc67,713,9
rust,bytes,document,100,44,rmp-serde,1.3.1,258,778,333,1036,3875968.992248,1285347.043702,965250.965251,0,1.0,serde,adapted,1,c4a54cdecc67,714,10
rust,bytes,document,100,44,nanoserde,0.1.37,347,438,258,785,2881844.380403,2283105.022831,1273885.350318,0,1.0,direct,adapted,1,c4a54cdecc67,715,11
rust,bytes,document,100,44,bincode,2.0.1,174,546,122,720,5747126.436782,1831501.831502,1388888.888889,0,1.0,serde,adapted,1,c4a54cdecc67,716,12
rust,bytes,document,100,44,flexbuffers,2.0.0,2596,1771,452,4367,385208.012327,564652.738566,228990.153423,0,1.0,serde,adapted,1,c4a54cdecc67,717,13
rust,bytes,document,100,44,rkyv,0.8.17,455,378,272,833,2197802.197802,2645502.645503,1200480.192077,0,1.0,archive,adapted,1,c4a54cdecc67,718,14
rust,bytes,document,100,44,sonic-rs,0.3.17,400,779,460,1179,2500000.000000,1283697.047497,848176.420696,0,1.0,serde,adapted,1,c4a54cdecc67,719,15
rust,bytes,document,100,45,bson,2.15.0,859,2146,540,3005,1164144.353900,465983.224604,332778.702163,0,1.0,serde,adapted,1,c4a54cdecc67,720,0
rust,bytes,document,100,45,bitcode,0.6.9,1624,947,122,2571,615763.546798,1055966.209081,388953.714508,0,1.0,serde,adapted,1,c4a54cdecc67,721,1
rust,bytes,document,100,45,rkyv,0.8.17,433,280,272,713,2309468.822171,3571428.571429,1402524.544180,0,1.0,archive,adapted,1,c4a54cdecc67,722,2
rust,bytes,document,100,45,minicbor,0.25.1,349,473,133,822,2865329.512894,2114164.904863,1216545.012165,0,1.0,direct,adapted,1,c4a54cdecc67,723,3
rust,bytes,document,100,45,speedy,0.8.7,51,223,214,274,19607843.137255,4484304.932735,3649635.036496,0,1.0,direct,adapted,1,c4a54cdecc67,724,4
rust,bytes,document,100,45,nanoserde,0.1.37,262,322,258,584,3816793.893130,3105590.062112,1712328.767123,0,1.0,direct,adapted,1,c4a54cdecc67,725,5
rust,bytes,document,100,45,serde_json,1.0.150,565,1074,460,1639,1769911.504425,931098.696462,610128.126907,0,1.0,serde,native,1,c4a54cdecc67,726,6
rust,bytes,document,100,45,bincode,2.0.1,183,623,122,806,5464480.874317,1605136.436597,1240694.789082,0,1.0,serde,adapted,1,c4a54cdecc67,727,7
rust,bytes,document,100,45,flexbuffers,2.0.0,2798,1645,452,4443,357398.141530,607902.735562,225073.148773,0,1.0,serde,adapted,1,c4a54cdecc67,728,8
rust,bytes,document,100,45,ciborium,0.2.2,557,1920,339,2477,1795332.136445,520833.333333,403714.170367,0,1.0,serde,native,1,c4a54cdecc67,729,9
rust,bytes,document,100,45,prost,0.13.5,524,559,155,1083,1908396.946565,1788908.765653,923361.034164,0,1.0,message,adapted,1,c4a54cdecc67,730,10
rust,bytes,document,100,45,serde_avro_fast,2.1.0,634,677,114,1311,1577287.066246,1477104.874446,762776.506484,0,1.0,serde,native,1,c4a54cdecc67,731,11
rust,bytes,document,100,45,simd-json,0.14.3,471,1543,460,2014,2123142.250531,648088.139987,496524.329692,0,1.0,serde,adapted,1,c4a54cdecc67,732,12
rust,bytes,document,100,45,rmp-serde,1.3.1,266,760,333,1026,3759398.496241,1315789.473684,974658.869396,0,1.0,serde,adapted,1,c4a54cdecc67,733,13
rust,bytes,document,100,45,sonic-rs,0.3.17,385,791,460,1176,2597402.597403,1264222.503161,850340.136054,0,1.0,serde,adapted,1,c4a54cdecc67,734,14
rust,bytes,document,100,45,postcard,1.1.3,146,380,114,526,6849315.068493,2631578.947368,1901140.684411,0,1.0,serde,adapted,1,c4a54cdecc67,735,15
rust,bytes,document,100,46,sonic-rs,0.3.17,399,896,460,1295,2506265.664160,1116071.428571,772200.772201,0,1.0,serde,adapted,1,c4a54cdecc67,736,0
rust,bytes,document,100,46,speedy,0.8.7,61,424,214,485,16393442.622951,2358490.566038,2061855.670103,0,1.0,direct,adapted,1,c4a54cdecc67,737,1
rust,bytes,document,100,46,postcard,1.1.3,138,307,114,445,7246376.811594,3257328.990228,2247191.011236,0,1.0,serde,adapted,1,c4a54cdecc67,738,2
rust,bytes,document,100,46,prost,0.13.5,495,482,155,977,2020202.020202,2074688.796680,1023541.453429,0,1.0,message,adapted,1,c4a54cdecc67,739,3
rust,bytes,document,100,46,flexbuffers,2.0.0,2487,1571,452,4058,402090.872537,636537.237428,246426.811237,0,1.0,serde,adapted,1,c4a54cdecc67,740,4
rust,bytes,document,100,46,serde_json,1.0.150,538,998,460,1536,1858736.059480,1002004.008016,651041.666667,0,1.0,serde,native,1,c4a54cdecc67,741,5
rust,bytes,document,100,46,nanoserde,0.1.37,266,269,258,535,3759398.496241,3717472.118959,1869158.878505,0,1.0,direct,adapted,1,c4a54cdecc67,742,6
rust,bytes,document,100,46,minicbor,0.25.1,334,491,133,825,2994011.976048,2036659.877800,1212121.212121,0,1.0,direct,adapted,1,c4a54cdecc67,743,7
rust,bytes,document,100,46,bincode,2.0.1,137,680,122,817,7299270.072993,1470588.235294,1223990.208078,0,1.0,serde,adapted,1,c4a54cdecc67,744,8
rust,bytes,document,100,46,ciborium,0.2.2,432,1769,339,2201,2314814.814815,565291.124929,454338.936847,0,1.0,serde,native,1,c4a54cdecc67,745,9
rust,bytes,document,100,46,rkyv,0.8.17,328,260,272,588,3048780.487805,3846153.846154,1700680.272109,0,1.0,archive,adapted,1,c4a54cdecc67,746,10
rust,bytes,document,100,46,bitcode,0.6.9,1378,956,122,2334,725689.404935,1046025.104603,428449.014567,0,1.0,serde,adapted,1,c4a54cdecc67,747,11
rust,bytes,document,100,46,rmp-serde,1.3.1,249,712,333,961,4016064.257028,1404494.382022,1040582.726327,0,1.0,serde,adapted,1,c4a54cdecc67,748,12
rust,bytes,document,100,46,simd-json,0.14.3,563,1661,460,2224,1776198.934281,602046.959663,449640.287770,0,1.0,serde,adapted,1,c4a54cdecc67,749,13
rust,bytes,document,100,46,bson,2.15.0,923,2007,540,2930,1083423.618635,498256.103637,341296.928328,0,1.0,serde,adapted,1,c4a54cdecc67,750,14
rust,bytes,document,100,46,serde_avro_fast,2.1.0,613,636,114,1249,1631321.370310,1572327.044025,800640.512410,0,1.0,serde,native,1,c4a54cdecc67,751,15
rust,bytes,document,100,47,minicbor,0.25.1,381,555,133,936,2624671.916010,1801801.801802,1068376.068376,0,1.0,direct,adapted,1,c4a54cdecc67,752,0
rust,bytes,document,100,47,bson,2.15.0,851,1869,540,2720,1175088.131610,535045.478866,367647.058824,0,1.0,serde,adapted,1,c4a54cdecc67,753,1
rust,bytes,document,100,47,serde_avro_fast,2.1.0,512,794,114,1306,1953125.000000,1259445.843829,765696.784074,0,1.0,serde,native,1,c4a54cdecc67,754,2
rust,bytes,document,100,47,postcard,1.1.3,151,434,114,585,6622516.556291,2304147.465438,1709401.709402,0,1.0,serde,adapted,1,c4a54cdecc67,755,3
rust,bytes,document,100,47,bitcode,0.6.9,1284,844,122,2128,778816.199377,1184834.123223,469924.812030,0,1.0,serde,adapted,1,c4a54cdecc67,756,4
rust,bytes,document,100,47,nanoserde,0.1.37,306,262,258,568,3267973.856209,3816793.893130,1760563.380282,0,1.0,direct,adapted,1,c4a54cdecc67,757,5
rust,bytes,document,100,47,flexbuffers,2.0.0,2490,1665,452,4155,401606.425703,600600.600601,240673.886883,0,1.0,serde,adapted,1,c4a54cdecc67,758,6
rust,bytes,document,100,47,rkyv,0.8.17,309,301,272,610,3236245.954693,3322259.136213,1639344.262295,0,1.0,archive,adapted,1,c4a54cdecc67,759,7
rust,bytes,document,100,47,sonic-rs,0.3.17,501,836,460,1337,1996007.984032,1196172.248804,747943.156320,0,1.0,serde,adapted,1,c4a54cdecc67,760,8
rust,bytes,document,100,47,prost,0.13.5,518,549,155,1067,1930501.930502,1821493.624772,937207.122774,0,1.0,message,adapted,1,c4a54cdecc67,761,9
rust,bytes,document,100,47,simd-json,0.14.3,596,1560,460,2156,1677852.348993,641025.641026,463821.892393,0,1.0,serde,adapted,1,c4a54cdecc67,762,10
rust,bytes,document,100,47,serde_json,1.0.150,455,1046,460,1501,2197802.197802,956022.944551,666222.518321,0,1.0,serde,native,1,c4a54cdecc67,763,11
rust,bytes,document,100,47,speedy,0.8.7,97,280,214,377,10309278.350515,3571428.571429,2652519.893899,0,1.0,direct,adapted,1,c4a54cdecc67,764,12
rust,bytes,document,100,47,ciborium,0.2.2,540,1884,339,2424,1851851.851852,530785.562633,412541.254125,0,1.0,serde,native,1,c4a54cdecc67,765,13
rust,bytes,document,100,47,rmp-serde,1.3.1,370,759,333,1129,2702702.702703,1317523.056653,885739.592560,0,1.0,serde,adapted,1,c4a54cdecc67,766,14
rust,bytes,document,100,47,bincode,2.0.1,192,568,122,760,5208333.333333,1760563.380282,1315789.473684,0,1.0,serde,adapted,1,c4a54cdecc67,767,15
rust,bytes,document,100,48,minicbor,0.25.1,303,621,133,924,3300330.033003,1610305.958132,1082251.082251,0,1.0,direct,adapted,1,c4a54cdecc67,768,0
rust,bytes,document,100,48,bitcode,0.6.9,1446,892,122,2338,691562.932227,1121076.233184,427715.996578,0,1.0,serde,adapted,1,c4a54cdecc67,769,1
rust,bytes,document,100,48,flexbuffers,2.0.0,2411,1568,452,3979,414765.657404,637755.102041,251319.426992,0,1.0,serde,adapted,1,c4a54cdecc67,770,2
rust,bytes,document,100,48,rkyv,0.8.17,315,271,272,586,3174603.174603,3690036.900369,1706484.641638,0,1.0,archive,adapted,1,c4a54cdecc67,771,3
rust,bytes,document,100,48,sonic-rs,0.3.17,408,779,460,1187,2450980.392157,1283697.047497,842459.983151,0,1.0,serde,adapted,1,c4a54cdecc67,772,4
rust,bytes,document,100,48,serde_json,1.0.150,459,1055,460,1514,2178649.237473,947867.298578,660501.981506,0,1.0,serde,native,1,c4a54cdecc67,773,5
rust,bytes,document,100,48,serde_avro_fast,2.1.0,589,631,114,1220,1697792.869270,1584786.053883,819672.131148,0,1.0,serde,native,1,c4a54cdecc67,774,6
rust,bytes,document,100,48,rmp-serde,1.3.1,227,672,333,899,4405286.343612,1488095.238095,1112347.052280,0,1.0,serde,adapted,1,c4a54cdecc67,775,7
rust,bytes,document,100,48,prost,0.13.5,468,527,155,995,2136752.136752,1897533.206831,1005025.125628,0,1.0,message,adapted,1,c4a54cdecc67,776,8
rust,bytes,document,100,48,bson,2.15.0,944,2005,540,2949,1059322.033898,498753.117207,339097.999322,0,1.0,serde,adapted,1,c4a54cdecc67,777,9
rust,bytes,document,100,48,bincode,2.0.1,215,467,122,682,4651162.790698,2141327.623126,1466275.659824,0,1.0,serde,adapted,1,c4a54cdecc67,778,10
rust,bytes,document,100,48,simd-json,0.14.3,561,1458,460,2019,1782531.194296,685871.056241,495294.700347,0,1.0,serde,adapted,1,c4a54cdecc67,779,11
rust,bytes,document,100,48,postcard,1.1.3,147,287,114,434,6802721.088435,3484320.557491,2304147.465438,0,1.0,serde,adapted,1,c4a54cdecc67,780,12
rust,bytes,document,100,48,ciborium,0.2.2,440,1788,339,2228,2272727.272727,559284.116331,448833.034111,0,1.0,serde,native,1,c4a54cdecc67,781,13
rust,bytes,document,100,48,nanoserde,0.1.37,275,310,258,585,3636363.636364,3225806.451613,1709401.709402,0,1.0,direct,adapted,1,c4a54cdecc67,782,14
rust,bytes,document,100,48,speedy,0.8.7,81,218,214,299,12345679.012346,4587155.963303,3344481.605351,0,1.0,direct,adapted,1,c4a54cdecc67,783,15
rust,bytes,document,100,49,postcard,1.1.3,136,522,114,658,7352941.176471,1915708.812261,1519756.838906,0,1.0,serde,adapted,1,c4a54cdecc67,784,0
rust,bytes,document,100,49,serde_json,1.0.150,482,1297,460,1779,2074688.796680,771010.023130,562113.546936,0,1.0,serde,native,1,c4a54cdecc67,785,1
rust,bytes,document,100,49,bincode,2.0.1,119,594,122,713,8403361.344538,1683501.683502,1402524.544180,0,1.0,serde,adapted,1,c4a54cdecc67,786,2
rust,bytes,document,100,49,flexbuffers,2.0.0,2483,1618,452,4101,402738.622634,618046.971570,243842.965130,0,1.0,serde,adapted,1,c4a54cdecc67,787,3
rust,bytes,document,100,49,bson,2.15.0,903,1837,540,2740,1107419.712071,544365.813827,364963.503650,0,1.0,serde,adapted,1,c4a54cdecc67,788,4
rust,bytes,document,100,49,rmp-serde,1.3.1,342,638,333,980,2923976.608187,1567398.119122,1020408.163265,0,1.0,serde,adapted,1,c4a54cdecc67,789,5
rust,bytes,document,100,49,minicbor,0.25.1,351,496,133,847,2849002.849003,2016129.032258,1180637.544274,0,1.0,direct,adapted,1,c4a54cdecc67,790,6
rust,bytes,document,100,49,sonic-rs,0.3.17,565,764,460,1329,1769911.504425,1308900.523560,752445.447705,0,1.0,serde,adapted,1,c4a54cdecc67,791,7
rust,bytes,document,100,49,simd-json,0.14.3,525,1398,460,1923,1904761.904762,715307.582260,520020.800832,0,1.0,serde,adapted,1,c4a54cdecc67,792,8
rust,bytes,document,100,49,serde_avro_fast,2.1.0,530,575,114,1105,1886792.452830,1739130.434783,904977.375566,0,1.0,serde,native,1,c4a54cdecc67,793,9
rust,bytes,document,100,49,nanoserde,0.1.37,284,267,258,551,3521126.760563,3745318.352060,1814882.032668,0,1.0,direct,adapted,1,c4a54cdecc67,794,10
rust,bytes,document,100,49,speedy,0.8.7,62,169,214,231,16129032.258065,5917159.763314,4329004.329004,0,1.0,direct,adapted,1,c4a54cdecc67,795,11
rust,bytes,document,100,49,ciborium,0.2.2,407,1761,339,2168,2457002.457002,567859.170926,461254.612546,0,1.0,serde,native,1,c4a54cdecc67,796,12
rust,bytes,document,100,49,prost,0.13.5,466,530,155,996,2145922.746781,1886792.452830,1004016.064257,0,1.0,message,adapted,1,c4a54cdecc67,797,13
rust,bytes,document,100,49,rkyv,0.8.17,389,305,272,694,2570694.087404,3278688.524590,1440922.190202,0,1.0,archive,adapted,1,c4a54cdecc67,798,14
rust,bytes,document,100,49,bitcode,0.6.9,1366,871,122,2237,732064.421669,1148105.625718,447027.268663,0,1.0,serde,adapted,1,c4a54cdecc67,799,15
rust,bytes,document,100,50,minicbor,0.25.1,392,569,133,961,2551020.408163,1757469.244288,1040582.726327,0,1.0,direct,adapted,1,c4a54cdecc67,800,0
rust,bytes,document,100,50,bincode,2.0.1,176,669,122,845,5681818.181818,1494768.310912,1183431.952663,0,1.0,serde,adapted,1,c4a54cdecc67,801,1
rust,bytes,document,100,50,speedy,0.8.7,43,184,214,227,23255813.953488,5434782.608696,4405286.343612,0,1.0,direct,adapted,1,c4a54cdecc67,802,2
rust,bytes,document,100,50,sonic-rs,0.3.17,418,728,460,1146,2392344.497608,1373626.373626,872600.349040,0,1.0,serde,adapted,1,c4a54cdecc67,803,3
rust,bytes,document,100,50,simd-json,0.14.3,481,1431,460,1912,2079002.079002,698812.019567,523012.552301,0,1.0,serde,adapted,1,c4a54cdecc67,804,4
rust,bytes,document,100,50,flexbuffers,2.0.0,2549,1690,452,4239,392310.710082,591715.976331,235904.694503,0,1.0,serde,adapted,1,c4a54cdecc67,805,5
rust,bytes,document,100,50,serde_avro_fast,2.1.0,539,571,114,1110,1855287.569573,1751313.485114,900900.900901,0,1.0,serde,native,1,c4a54cdecc67,806,6
rust,bytes,document,100,50,ciborium,0.2.2,442,1718,339,2160,2262443.438914,582072.176950,462962.962963,0,1.0,serde,native,1,c4a54cdecc67,807,7
rust,bytes,document,100,50,serde_json,1.0.150,551,1042,460,1593,1814882.032668,959692.898273,627746.390458,0,1.0,serde,native,1,c4a54cdecc67,808,8
rust,bytes,document,100,50,bson,2.15.0,1003,1921,540,2924,997008.973081,520562.207184,341997.264022,0,1.0,serde,adapted,1,c4a54cdecc67,809,9
rust,bytes,document,100,50,rmp-serde,1.3.1,281,717,333,998,3558718.861210,1394700.139470,1002004.008016,0,1.0,serde,adapted,1,c4a54cdecc67,810,10
rust,bytes,document,100,50,rkyv,0.8.17,350,301,272,651,2857142.857143,3322259.136213,1536098.310292,0,1.0,archive,adapted,1,c4a54cdecc67,811,11
rust,bytes,document,100,50,bitcode,0.6.9,1158,787,122,1945,863557.858377,1270648.030496,514138.817481,0,1.0,serde,adapted,1,c4a54cdecc67,812,12
rust,bytes,document,100,50,nanoserde,0.1.37,302,316,258,618,3311258.278146,3164556.962025,1618122.977346,0,1.0,direct,adapted,1,c4a54cdecc67,813,13
rust,bytes,document,100,50,prost,0.13.5,528,462,155,990,1893939.393939,2164502.164502,1010101.010101,0,1.0,message,adapted,1,c4a54cdecc67,814,14
rust,bytes,document,100,50,postcard,1.1.3,154,331,114,485,6493506.493506,3021148.036254,2061855.670103,0,1.0,serde,adapted,1,c4a54cdecc67,815,15
rust,bytes,document,100,51,prost,0.13.5,616,705,155,1321,1623376.623377,1418439.716312,757002.271007,0,1.0,message,adapted,1,c4a54cdecc67,816,0
rust,bytes,document,100,51,nanoserde,0.1.37,286,391,258,677,3496503.496503,2557544.757033,1477104.874446,0,1.0,direct,adapted,1,c4a54cdecc67,817,1
rust,bytes,document,100,51,bson,2.15.0,931,1778,540,2709,1074113.856069,562429.696288,369139.904024,0,1.0,serde,adapted,1,c4a54cdecc67,818,2
rust,bytes,document,100,51,serde_avro_fast,2.1.0,575,605,114,1180,1739130.434783,1652892.561983,847457.627119,0,1.0,serde,native,1,c4a54cdecc67,819,3
rust,bytes,document,100,51,simd-json,0.14.3,683,1367,460,2050,1464128.843338,731528.895391,487804.878049,0,1.0,serde,adapted,1,c4a54cdecc67,820,4
rust,bytes,document,100,51,ciborium,0.2.2,389,1732,339,2121,2570694.087404,577367.205543,471475.719000,0,1.0,serde,native,1,c4a54cdecc67,821,5
rust,bytes,document,100,51,rkyv,0.8.17,375,289,272,664,2666666.666667,3460207.612457,1506024.096386,0,1.0,archive,adapted,1,c4a54cdecc67,822,6
rust,bytes,document,100,51,bitcode,0.6.9,1131,793,122,1924,884173.297966,1261034.047919,519750.519751,0,1.0,serde,adapted,1,c4a54cdecc67,823,7
rust,bytes,document,100,51,rmp-serde,1.3.1,232,689,333,921,4310344.827586,1451378.809869,1085776.330076,0,1.0,serde,adapted,1,c4a54cdecc67,824,8
rust,bytes,document,100,51,minicbor,0.25.1,365,531,133,896,2739726.027397,1883239.171375,1116071.428571,0,1.0,direct,adapted,1,c4a54cdecc67,825,9
rust,bytes,document,100,51,serde_json,1.0.150,632,1174,460,1806,1582278.481013,851788.756388,553709.856035,0,1.0,serde,native,1,c4a54cdecc67,826,10
rust,bytes,document,100,51,speedy,0.8.7,88,173,214,261,11363636.363636,5780346.820809,3831417.624521,0,1.0,direct,adapted,1,c4a54cdecc67,827,11
rust,bytes,document,100,51,sonic-rs,0.3.17,573,1192,460,1765,1745200.698080,838926.174497,566572.237960,0,1.0,serde,adapted,1,c4a54cdecc67,828,12
rust,bytes,document,100,51,postcard,1.1.3,175,335,114,510,5714285.714286,2985074.626866,1960784.313725,0,1.0,serde,adapted,1,c4a54cdecc67,829,13
rust,bytes,document,100,51,bincode,2.0.1,195,707,122,902,5128205.128205,1414427.157001,1108647.450111,0,1.0,serde,adapted,1,c4a54cdecc67,830,14
rust,bytes,document,100,51,flexbuffers,2.0.0,3842,1961,452,5803,260281.103592,509943.906170,172324.659659,0,1.0,serde,adapted,1,c4a54cdecc67,831,15
rust,bytes,document,100,52,bitcode,0.6.9,1304,1279,122,2583,766871.165644,781860.828772,387146.728610,0,1.0,serde,adapted,1,c4a54cdecc67,832,0
rust,bytes,document,100,52,serde_avro_fast,2.1.0,611,611,114,1222,1636661.211129,1636661.211129,818330.605565,0,1.0,serde,native,1,c4a54cdecc67,833,1
rust,bytes,document,100,52,rkyv,0.8.17,473,355,272,828,2114164.904863,2816901.408451,1207729.468599,0,1.0,archive,adapted,1,c4a54cdecc67,834,2
rust,bytes,document,100,52,flexbuffers,2.0.0,2541,1583,452,4124,393545.848091,631711.939356,242483.026188,0,1.0,serde,adapted,1,c4a54cdecc67,835,3
rust,bytes,document,100,52,serde_json,1.0.150,559,1092,460,1651,1788908.765653,915750.915751,605693.519079,0,1.0,serde,native,1,c4a54cdecc67,836,4
rust,bytes,document,100,52,bincode,2.0.1,154,450,122,604,6493506.493506,2222222.222222,1655629.139073,0,1.0,serde,adapted,1,c4a54cdecc67,837,5
rust,bytes,document,100,52,ciborium,0.2.2,514,1873,339,2387,1945525.291829,533902.829685,418935.902807,0,1.0,serde,native,1,c4a54cdecc67,838,6
rust,bytes,document,100,52,simd-json,0.14.3,444,1528,460,1972,2252252.252252,654450.261780,507099.391481,0,1.0,serde,adapted,1,c4a54cdecc67,839,7
rust,bytes,document,100,52,nanoserde,0.1.37,356,392,258,748,2808988.764045,2551020.408163,1336898.395722,0,1.0,direct,adapted,1,c4a54cdecc67,840,8
rust,bytes,document,100,52,sonic-rs,0.3.17,582,872,460,1454,1718213.058419,1146788.990826,687757.909216,0,1.0,serde,adapted,1,c4a54cdecc67,841,9
rust,bytes,document,100,52,rmp-serde,1.3.1,239,767,333,1006,4184100.418410,1303780.964798,994035.785288,0,1.0,serde,adapted,1,c4a54cdecc67,842,10
rust,bytes,document,100,52,postcard,1.1.3,130,342,114,472,7692307.692308,2923976.608187,2118644.067797,0,1.0,serde,adapted,1,c4a54cdecc67,843,11
rust,bytes,document,100,52,speedy,0.8.7,70,219,214,289,14285714.285714,4566210.045662,3460207.612457,0,1.0,direct,adapted,1,c4a54cdecc67,844,12
rust,bytes,document,100,52,prost,0.13.5,466,526,155,992,2145922.746781,1901140.684411,1008064.516129,0,1.0,message,adapted,1,c4a54cdecc67,845,13
rust,bytes,document,100,52,bson,2.15.0,1109,2011,540,3120,901713.255185,497265.042268,320512.820513,0,1.0,serde,adapted,1,c4a54cdecc67,846,14
rust,bytes,document,100,52,minicbor,0.25.1,384,527,133,911,2604166.666667,1897533.206831,1097694.840834,0,1.0,direct,adapted,1,c4a54cdecc67,847,15
rust,bytes,document,100,53,minicbor,0.25.1,277,446,133,723,3610108.303249,2242152.466368,1383125.864454,0,1.0,direct,adapted,1,c4a54cdecc67,848,0
rust,bytes,document,100,53,nanoserde,0.1.37,247,592,258,839,4048582.995951,1689189.189189,1191895.113230,0,1.0,direct,adapted,1,c4a54cdecc67,849,1
rust,bytes,document,100,53,speedy,0.8.7,58,312,214,370,17241379.310345,3205128.205128,2702702.702703,0,1.0,direct,adapted,1,c4a54cdecc67,850,2
rust,bytes,document,100,53,sonic-rs,0.3.17,418,792,460,1210,2392344.497608,1262626.262626,826446.280992,0,1.0,serde,adapted,1,c4a54cdecc67,851,3
rust,bytes,document,100,53,serde_json,1.0.150,499,1125,460,1624,2004008.016032,888888.888889,615763.546798,0,1.0,serde,native,1,c4a54cdecc67,852,4
rust,bytes,document,100,53,serde_avro_fast,2.1.0,589,613,114,1202,1697792.869270,1631321.370310,831946.755408,0,1.0,serde,native,1,c4a54cdecc67,853,5
rust,bytes,document,100,53,postcard,1.1.3,137,293,114,430,7299270.072993,3412969.283276,2325581.395349,0,1.0,serde,adapted,1,c4a54cdecc67,854,6
rust,bytes,document,100,53,prost,0.13.5,414,516,155,930,2415458.937198,1937984.496124,1075268.817204,0,1.0,message,adapted,1,c4a54cdecc67,855,7
rust,bytes,document,100,53,ciborium,0.2.2,448,1814,339,2262,2232142.857143,551267.916207,442086.648983,0,1.0,serde,native,1,c4a54cdecc67,856,8
rust,bytes,document,100,53,bitcode,0.6.9,1607,941,122,2548,622277.535781,1062699.256111,392464.678179,0,1.0,serde,adapted,1,c4a54cdecc67,857,9
rust,bytes,document,100,53,simd-json,0.14.3,458,1431,460,1889,2183406.113537,698812.019567,529380.624669,0,1.0,serde,adapted,1,c4a54cdecc67,858,10
rust,bytes,document,100,53,bson,2.15.0,865,1841,540,2706,1156069.364162,543183.052689,369549.150037,0,1.0,serde,adapted,1,c4a54cdecc67,859,11
rust,bytes,document,100,53,bincode,2.0.1,201,451,122,652,4975124.378109,2217294.900222,1533742.331288,0,1.0,serde,adapted,1,c4a54cdecc67,860,12
rust,bytes,document,100,53,flexbuffers,2.0.0,2641,1655,452,4296,378644.452859,604229.607251,232774.674115,0,1.0,serde,adapted,1,c4a54cdecc67,861,13
rust,bytes,document,100,53,rkyv,0.8.17,403,307,272,710,2481389.578164,3257328.990228,1408450.704225,0,1.0,archive,adapted,1,c4a54cdecc67,862,14
rust,bytes,document,100,53,rmp-serde,1.3.1,271,742,333,1013,3690036.900369,1347708.894879,987166.831194,0,1.0,serde,adapted,1,c4a54cdecc67,863,15
rust,bytes,document,100,54,rkyv,0.8.17,316,358,272,674,3164556.962025,2793296.089385,1483679.525223,0,1.0,archive,adapted,1,c4a54cdecc67,864,0
rust,bytes,document,100,54,speedy,0.8.7,81,427,214,508,12345679.012346,2341920.374707,1968503.937008,0,1.0,direct,adapted,1,c4a54cdecc67,865,1
rust,bytes,document,100,54,bincode,2.0.1,162,597,122,759,6172839.506173,1675041.876047,1317523.056653,0,1.0,serde,adapted,1,c4a54cdecc67,866,2
rust,bytes,document,100,54,minicbor,0.25.1,346,518,133,864,2890173.410405,1930501.930502,1157407.407407,0,1.0,direct,adapted,1,c4a54cdecc67,867,3
rust,bytes,document,100,54,serde_avro_fast,2.1.0,620,614,114,1234,1612903.225806,1628664.495114,810372.771475,0,1.0,serde,native,1,c4a54cdecc67,868,4
rust,bytes,document,100,54,bson,2.15.0,1106,1792,540,2898,904159.132007,558035.714286,345065.562457,0,1.0,serde,adapted,1,c4a54cdecc67,869,5
rust,bytes,document,100,54,postcard,1.1.3,161,376,114,537,6211180.124224,2659574.468085,1862197.392924,0,1.0,serde,adapted,1,c4a54cdecc67,870,6
rust,bytes,document,100,54,nanoserde,0.1.37,297,303,258,600,3367003.367003,3300330.033003,1666666.666667,0,1.0,direct,adapted,1,c4a54cdecc67,871,7
rust,bytes,document,100,54,prost,0.13.5,459,552,155,1011,2178649.237473,1811594.202899,989119.683482,0,1.0,message,adapted,1,c4a54cdecc67,872,8
rust,bytes,document,100,54,serde_json,1.0.150,526,1102,460,1628,1901140.684411,907441.016334,614250.614251,0,1.0,serde,native,1,c4a54cdecc67,873,9
rust,bytes,document,100,54,flexbuffers,2.0.0,2507,1604,452,4111,398883.127244,623441.396509,243249.817563,0,1.0,serde,adapted,1,c4a54cdecc67,874,10
rust,bytes,document,100,54,rmp-serde,1.3.1,364,653,333,1017,2747252.747253,1531393.568147,983284.169125,0,1.0,serde,adapted,1,c4a54cdecc67,875,11
rust,bytes,document,100,54,sonic-rs,0.3.17,454,756,460,1210,2202643.171806,1322751.322751,826446.280992,0,1.0,serde,adapted,1,c4a54cdecc67,876,12
rust,bytes,document,100,54,simd-json,0.14.3,590,1324,460,1914,1694915.254237,755287.009063,522466.039707,0,1.0,serde,adapted,1,c4a54cdecc67,877,13
rust,bytes,document,100,54,ciborium,0.2.2,500,1953,339,2453,2000000.000000,512032.770097,407664.084794,0,1.0,serde,native,1,c4a54cdecc67,878,14
rust,bytes,document,100,54,bitcode,0.6.9,1355,923,122,2278,738007.380074,1083423.618635,438981.562774,0,1.0,serde,adapted,1,c4a54cdecc67,879,15
rust,bytes,document,100,55,bincode,2.0.1,152,402,122,554,6578947.368421,2487562.189055,1805054.151625,0,1.0,serde,adapted,1,c4a54cdecc67,880,0
rust,bytes,document,100,55,flexbuffers,2.0.0,2390,1846,452,4236,418410.041841,541711.809317,236071.765817,0,1.0,serde,adapted,1,c4a54cdecc67,881,1
rust,bytes,document,100,55,serde_json,1.0.150,505,1517,460,2022,1980198.019802,659195.781147,494559.841741,0,1.0,serde,native,1,c4a54cdecc67,882,2
rust,bytes,document,100,55,speedy,0.8.7,87,323,214,410,11494252.873563,3095975.232198,2439024.390244,0,1.0,direct,adapted,1,c4a54cdecc67,883,3
rust,bytes,document,100,55,nanoserde,0.1.37,353,259,258,612,2832861.189802,3861003.861004,1633986.928105,0,1.0,direct,adapted,1,c4a54cdecc67,884,4
rust,bytes,document,100,55,bitcode,0.6.9,1322,920,122,2242,756429.652042,1086956.521739,446030.330062,0,1.0,serde,adapted,1,c4a54cdecc67,885,5
rust,bytes,document,100,55,bson,2.15.0,1020,1908,540,2928,980392.156863,524109.014675,341530.054645,0,1.0,serde,adapted,1,c4a54cdecc67,886,6
rust,bytes,document,100,55,postcard,1.1.3,123,365,114,488,8130081.300813,2739726.027397,2049180.327869,0,1.0,serde,adapted,1,c4a54cdecc67,887,7
rust,bytes,document,100,55,ciborium,0.2.2,472,1733,339,2205,2118644.067797,577034.045009,453514.739229,0,1.0,serde,native,1,c4a54cdecc67,888,8
rust,bytes,document,100,55,rmp-serde,1.3.1,287,758,333,1045,3484320.557491,1319261.213720,956937.799043,0,1.0,serde,adapted,1,c4a54cdecc67,889,9
rust,bytes,document,100,55,prost,0.13.5,545,503,155,1048,1834862.385321,1988071.570577,954198.473282,0,1.0,message,adapted,1,c4a54cdecc67,890,10
rust,bytes,document,100,55,rkyv,0.8.17,508,380,272,888,1968503.937008,2631578.947368,1126126.126126,0,1.0,archive,adapted,1,c4a54cdecc67,891,11
rust,bytes,document,100,55,minicbor,0.25.1,355,514,133,869,2816901.408451,1945525.291829,1150747.986191,0,1.0,direct,adapted,1,c4a54cdecc67,892,12
rust,bytes,document,100,55,serde_avro_fast,2.1.0,618,639,114,1257,1618122.977346,1564945.226917,795544.948290,0,1.0,serde,native,1,c4a54cdecc67,893,13
rust,bytes,document,100,55,simd-json,0.14.3,588,1348,460,1936,1700680.272109,741839.762611,516528.925620,0,1.0,serde,adapted,1,c4a54cdecc67,894,14
rust,bytes,document,100,55,sonic-rs,0.3.17,421,762,460,1183,2375296.912114,1312335.958005,845308.537616,0,1.0,serde,adapted,1,c4a54cdecc67,895,15
rust,bytes,document,100,56,serde_json,1.0.150,468,1180,460,1648,2136752.136752,847457.627119,606796.116505,0,1.0,serde,native,1,c4a54cdecc67,896,0
rust,bytes,document,100,56,speedy,0.8.7,75,513,214,588,13333333.333333,1949317.738791,1700680.272109,0,1.0,direct,adapted,1,c4a54cdecc67,897,1
rust,bytes,document,100,56,bson,2.15.0,861,1874,540,2735,1161440.185830,533617.929562,365630.712980,0,1.0,serde,adapted,1,c4a54cdecc67,898,2
rust,bytes,document,100,56,minicbor,0.25.1,285,491,133,776,3508771.929825,2036659.877800,1288659.793814,0,1.0,direct,adapted,1,c4a54cdecc67,899,3
rust,bytes,document,100,56,bincode,2.0.1,219,388,122,607,4566210.045662,2577319.587629,1647446.457990,0,1.0,serde,adapted,1,c4a54cdecc67,900,4
rust,bytes,document,100,56,flexbuffers,2.0.0,2329,1610,452,3939,429368.827823,621118.012422,253871.541000,0,1.0,serde,adapted,1,c4a54cdecc67,901,5
rust,bytes,document,100,56,rmp-serde,1.3.1,316,668,333,984,3164556.962025,1497005.988024,1016260.162602,0,1.0,serde,adapted,1,c4a54cdecc67,902,6
rust,bytes,document,100,56,sonic-rs,0.3.17,391,803,460,1194,2557544.757033,1245330.012453,837520.938023,0,1.0,serde,adapted,1,c4a54cdecc67,903,7
rust,bytes,document,100,56,nanoserde,0.1.37,267,305,258,572,3745318.352060,3278688.524590,1748251.748252,0,1.0,direct,adapted,1,c4a54cdecc67,904,8
rust,bytes,document,100,56,simd-json,0.14.3,490,1354,460,1844,2040816.326531,738552.437223,542299.349241,0,1.0,serde,adapted,1,c4a54cdecc67,905,9
rust,bytes,document,100,56,serde_avro_fast,2.1.0,578,584,114,1162,1730103.806228,1712328.767123,860585.197935,0,1.0,serde,native,1,c4a54cdecc67,906,10
rust,bytes,document,100,56,bitcode,0.6.9,1239,875,122,2114,807102.502018,1142857.142857,473036.896878,0,1.0,serde,adapted,1,c4a54cdecc67,907,11
rust,bytes,document,100,56,ciborium,0.2.2,564,2018,339,2582,1773049.645390,495540.138751,387296.669249,0,1.0,serde,native,1,c4a54cdecc67,908,12
rust,bytes,document,100,56,prost,0.13.5,436,556,155,992,2293577.981651,1798561.151079,1008064.516129,0,1.0,message,adapted,1,c4a54cdecc67,909,13
rust,bytes,document,100,56,rkyv,0.8.17,412,352,272,764,2427184.466019,2840909.090909,1308900.523560,0,1.0,archive,adapted,1,c4a54cdecc67,910,14
rust,bytes,document,100,56,postcard,1.1.3,175,314,114,489,5714285.714286,3184713.375796,2044989.775051,0,1.0,serde,adapted,1,c4a54cdecc67,911,15
rust,bytes,document,100,57,nanoserde,0.1.37,301,522,258,823,3322259.136213,1915708.812261,1215066.828676,0,1.0,direct,adapted,1,c4a54cdecc67,912,0
rust,bytes,document,100,57,bson,2.15.0,895,1969,540,2864,1117318.435754,507872.016252,349162.011173,0,1.0,serde,adapted,1,c4a54cdecc67,913,1
rust,bytes,document,100,57,speedy,0.8.7,51,408,214,459,19607843.137255,2450980.392157,2178649.237473,0,1.0,direct,adapted,1,c4a54cdecc67,914,2
rust,bytes,document,100,57,rkyv,0.8.17,434,320,272,754,2304147.465438,3125000.000000,1326259.946950,0,1.0,archive,adapted,1,c4a54cdecc67,915,3
rust,bytes,document,100,57,rmp-serde,1.3.1,266,793,333,1059,3759398.496241,1261034.047919,944287.063267,0,1.0,serde,adapted,1,c4a54cdecc67,916,4
rust,bytes,document,100,57,sonic-rs,0.3.17,380,924,460,1304,2631578.947368,1082251.082251,766871.165644,0,1.0,serde,adapted,1,c4a54cdecc67,917,5
rust,bytes,document,100,57,serde_avro_fast,2.1.0,568,683,114,1251,1760563.380282,1464128.843338,799360.511591,0,1.0,serde,native,1,c4a54cdecc67,918,6
rust,bytes,document,100,57,postcard,1.1.3,149,269,114,418,6711409.395973,3717472.118959,2392344.497608,0,1.0,serde,adapted,1,c4a54cdecc67,919,7
rust,bytes,document,100,57,bitcode,0.6.9,1260,880,122,2140,793650.793651,1136363.636364,467289.719626,0,1.0,serde,adapted,1,c4a54cdecc67,920,8
rust,bytes,document,100,57,simd-json,0.14.3,529,1623,460,2152,1890359.168242,616142.945163,464684.014870,0,1.0,serde,adapted,1,c4a54cdecc67,921,9
rust,bytes,document,100,57,prost,0.13.5,422,599,155,1021,2369668.246445,1669449.081803,979431.929481,0,1.0,message,adapted,1,c4a54cdecc67,922,10
rust,bytes,document,100,57,ciborium,0.2.2,478,1825,339,2303,2092050.209205,547945.205479,434216.239687,0,1.0,serde,native,1,c4a54cdecc67,923,11
rust,bytes,document,100,57,serde_json,1.0.150,458,1125,460,1583,2183406.113537,888888.888889,631711.939356,0,1.0,serde,native,1,c4a54cdecc67,924,12
rust,bytes,document,100,57,bincode,2.0.1,265,510,122,775,3773584.905660,1960784.313725,1290322.580645,0,1.0,serde,adapted,1,c4a54cdecc67,925,13
rust,bytes,document,100,57,minicbor,0.25.1,392,510,133,902,2551020.408163,1960784.313725,1108647.450111,0,1.0,direct,adapted,1,c4a54cdecc67,926,14
rust,bytes,document,100,57,flexbuffers,2.0.0,3008,1851,452,4859,332446.808511,540248.514317,205803.663305,0,1.0,serde,adapted,1,c4a54cdecc67,927,15
rust,bytes,document,100,58,flexbuffers,2.0.0,2495,1721,452,4216,400801.603206,581057.524695,237191.650854,0,1.0,serde,adapted,1,c4a54cdecc67,928,0
rust,bytes,document,100,58,sonic-rs,0.3.17,525,1113,460,1638,1904761.904762,898472.596586,610500.610501,0,1.0,serde,adapted,1,c4a54cdecc67,929,1
rust,bytes,document,100,58,serde_json,1.0.150,606,1130,460,1736,1650165.016502,884955.752212,576036.866359,0,1.0,serde,native,1,c4a54cdecc67,930,2
rust,bytes,document,100,58,minicbor,0.25.1,313,483,133,796,3194888.178914,2070393.374741,1256281.407035,0,1.0,direct,adapted,1,c4a54cdecc67,931,3
rust,bytes,document,100,58,simd-json,0.14.3,638,1452,460,2090,1567398.119122,688705.234160,478468.899522,0,1.0,serde,adapted,1,c4a54cdecc67,932,4
rust,bytes,document,100,58,bitcode,0.6.9,1242,892,122,2134,805152.979066,1121076.233184,468603.561387,0,1.0,serde,adapted,1,c4a54cdecc67,933,5
rust,bytes,document,100,58,bincode,2.0.1,153,467,122,620,6535947.712418,2141327.623126,1612903.225806,0,1.0,serde,adapted,1,c4a54cdecc67,934,6
rust,bytes,document,100,58,speedy,0.8.7,85,264,214,349,11764705.882353,3787878.787879,2865329.512894,0,1.0,direct,adapted,1,c4a54cdecc67,935,7
rust,bytes,document,100,58,rmp-serde,1.3.1,272,776,333,1048,3676470.588235,1288659.793814,954198.473282,0,1.0,serde,adapted,1,c4a54cdecc67,936,8
rust,bytes,document,100,58,bson,2.15.0,933,2077,540,3010,1071811.361200,481463.649494,332225.913621,0,1.0,serde,adapted,1,c4a54cdecc67,937,9
rust,bytes,document,100,58,prost,0.13.5,510,535,155,1045,1960784.313725,1869158.878505,956937.799043,0,1.0,message,adapted,1,c4a54cdecc67,938,10
rust,bytes,document,100,58,ciborium,0.2.2,576,1867,339,2443,1736111.111111,535618.639529,409332.787556,0,1.0,serde,native,1,c4a54cdecc67,939,11
rust,bytes,document,100,58,rkyv,0.8.17,391,340,272,731,2557544.757033,2941176.470588,1367989.056088,0,1.0,archive,adapted,1,c4a54cdecc67,940,12
rust,bytes,document,100,58,nanoserde,0.1.37,377,328,258,705,2652519.893899,3048780.487805,1418439.716312,0,1.0,direct,adapted,1,c4a54cdecc67,941,13
rust,bytes,document,100,58,serde_avro_fast,2.1.0,661,650,114,1311,1512859.304085,1538461.538462,762776.506484,0,1.0,serde,native,1,c4a54cdecc67,942,14
rust,bytes,document,100,58,postcard,1.1.3,162,425,114,587,6172839.506173,2352941.176471,1703577.512777,0,1.0,serde,adapted,1,c4a54cdecc67,943,15
rust,bytes,document,100,59,minicbor,0.25.1,356,608,133,964,2808988.764045,1644736.842105,1037344.398340,0,1.0,direct,adapted,1,c4a54cdecc67,944,0
rust,bytes,document,100,59,serde_json,1.0.150,670,1373,460,2043,1492537.313433,728332.119446,489476.260401,0,1.0,serde,native,1,c4a54cdecc67,945,1
rust,bytes,document,100,59,ciborium,0.2.2,452,1881,339,2333,2212389.380531,531632.110579,428632.661809,0,1.0,serde,native,1,c4a54cdecc67,946,2
rust,bytes,document,100,59,rmp-serde,1.3.1,339,765,333,1104,2949852.507375,1307189.542484,905797.101449,0,1.0,serde,adapted,1,c4a54cdecc67,947,3
rust,bytes,document,100,59,sonic-rs,0.3.17,451,852,460,1303,2217294.900222,1173708.920188,767459.708365,0,1.0,serde,adapted,1,c4a54cdecc67,948,4
rust,bytes,document,100,59,bincode,2.0.1,192,643,122,835,5208333.333333,1555209.953344,1197604.790419,0,1.0,serde,adapted,1,c4a54cdecc67,949,5
rust,bytes,document,100,59,serde_avro_fast,2.1.0,578,631,114,1209,1730103.806228,1584786.053883,827129.859388,0,1.0,serde,native,1,c4a54cdecc67,950,6
rust,bytes,document,100,59,flexbuffers,2.0.0,2853,1677,452,4530,350508.236944,596302.921884,220750.551876,0,1.0,serde,adapted,1,c4a54cdecc67,951,7
rust,bytes,document,100,59,nanoserde,0.1.37,406,298,258,704,2463054.187192,3355704.697987,1420454.545455,0,1.0,direct,adapted,1,c4a54cdecc67,952,8
rust,bytes,document,100,59,rkyv,0.8.17,485,304,272,789,2061855.670103,3289473.684211,1267427.122940,0,1.0,archive,adapted,1,c4a54cdecc67,953,9
rust,bytes,document,100,59,simd-json,0.14.3,523,1396,460,1919,1912045.889101,716332.378223,521104.742053,0,1.0,serde,adapted,1,c4a54cdecc67,954,10
rust,bytes,document,100,59,prost,0.13.5,532,604,155,1136,1879699.248120,1655629.139073,880281.690141,0,1.0,message,adapted,1,c4a54cdecc67,955,11
rust,bytes,document,100,59,bson,2.15.0,1013,2004,540,3017,987166.831194,499001.996008,331455.087836,0,1.0,serde,adapted,1,c4a54cdecc67,956,12
rust,bytes,document,100,59,bitcode,0.6.9,1407,933,122,2340,710732.054016,1071811.361200,427350.427350,0,1.0,serde,adapted,1,c4a54cdecc67,957,13
rust,bytes,document,100,59,postcard,1.1.3,133,389,114,522,7518796.992481,2570694.087404,1915708.812261,0,1.0,serde,adapted,1,c4a54cdecc67,958,14
rust,bytes,document,100,59,speedy,0.8.7,102,252,214,354,9803921.568627,3968253.968254,2824858.757062,0,1.0,direct,adapted,1,c4a54cdecc67,959,15
rust,bytes,document,100,60,serde_avro_fast,2.1.0,628,1832,114,2460,1592356.687898,545851.528384,406504.065041,0,1.0,serde,native,1,c4a54cdecc67,960,0
rust,bytes,document,100,60,sonic-rs,0.3.17,412,1000,460,1412,2427184.466019,1000000.000000,708215.297450,0,1.0,serde,adapted,1,c4a54cdecc67,961,1
rust,bytes,document,100,60,ciborium,0.2.2,443,1844,339,2287,2257336.343115,542299.349241,437254.044600,0,1.0,serde,native,1,c4a54cdecc67,962,2
rust,bytes,document,100,60,simd-json,0.14.3,572,1335,460,1907,1748251.748252,749063.670412,524383.848977,0,1.0,serde,adapted,1,c4a54cdecc67,963,3
rust,bytes,document,100,60,flexbuffers,2.0.0,2509,1598,452,4107,398565.165405,625782.227785,243486.729973,0,1.0,serde,adapted,1,c4a54cdecc67,964,4
rust,bytes,document,100,60,bson,2.15.0,932,1837,540,2769,1072961.373391,544365.813827,361141.206212,0,1.0,serde,adapted,1,c4a54cdecc67,965,5
rust,bytes,document,100,60,speedy,0.8.7,76,222,214,298,13157894.736842,4504504.504505,3355704.697987,0,1.0,direct,adapted,1,c4a54cdecc67,966,6
rust,bytes,document,100,60,nanoserde,0.1.37,245,332,258,577,4081632.653061,3012048.192771,1733102.253033,0,1.0,direct,adapted,1,c4a54cdecc67,967,7
rust,bytes,document,100,60,rmp-serde,1.3.1,278,800,333,1078,3597122.302158,1250000.000000,927643.784787,0,1.0,serde,adapted,1,c4a54cdecc67,968,8
rust,bytes,document,100,60,postcard,1.1.3,158,395,114,553,6329113.924051,2531645.569620,1808318.264014,0,1.0,serde,adapted,1,c4a54cdecc67,969,9
rust,bytes,document,100,60,minicbor,0.25.1,386,554,133,940,2590673.575130,1805054.151625,1063829.787234,0,1.0,direct,adapted,1,c4a54cdecc67,970,10
rust,bytes,document,100,60,bitcode,0.6.9,1271,924,122,2195,786782.061369,1082251.082251,455580.865604,0,1.0,serde,adapted,1,c4a54cdecc67,971,11
rust,bytes,document,100,60,serde_json,1.0.150,451,1099,460,1550,2217294.900222,909918.107370,645161.290323,0,1.0,serde,native,1,c4a54cdecc67,972,12
rust,bytes,document,100,60,bincode,2.0.1,236,593,122,829,4237288.135593,1686340.640809,1206272.617612,0,1.0,serde,adapted,1,c4a54cdecc67,973,13
rust,bytes,document,100,60,rkyv,0.8.17,597,378,272,975,1675041.876047,2645502.645503,1025641.025641,0,1.0,archive,adapted,1,c4a54cdecc67,974,14
rust,bytes,document,100,60,prost,0.13.5,480,545,155,1025,2083333.333333,1834862.385321,975609.756098,0,1.0,message,adapted,1,c4a54cdecc67,975,15
rust,bytes,document,100,61,ciborium,0.2.2,503,1837,339,2340,1988071.570577,544365.813827,427350.427350,0,1.0,serde,native,1,c4a54cdecc67,976,0
rust,bytes,document,100,61,rkyv,0.8.17,342,364,272,706,2923976.608187,2747252.747253,1416430.594901,0,1.0,archive,adapted,1,c4a54cdecc67,977,1
rust,bytes,document,100,61,prost,0.13.5,645,632,155,1277,1550387.596899,1582278.481013,783085.356304,0,1.0,message,adapted,1,c4a54cdecc67,978,2
rust,bytes,document,100,61,bitcode,0.6.9,1104,872,122,1976,905797.101449,1146788.990826,506072.874494,0,1.0,serde,adapted,1,c4a54cdecc67,979,3
rust,bytes,document,100,61,flexbuffers,2.0.0,2420,1605,452,4025,413223.140496,623052.959502,248447.204969,0,1.0,serde,adapted,1,c4a54cdecc67,980,4
rust,bytes,document,100,61,sonic-rs,0.3.17,430,785,460,1215,2325581.395349,1273885.350318,823045.267490,0,1.0,serde,adapted,1,c4a54cdecc67,981,5
rust,bytes,document,100,61,serde_avro_fast,2.1.0,591,639,114,1230,1692047.377327,1564945.226917,813008.130081,0,1.0,serde,native,1,c4a54cdecc67,982,6
rust,bytes,document,100,61,postcard,1.1.3,149,321,114,470,6711409.395973,3115264.797508,2127659.574468,0,1.0,serde,adapted,1,c4a54cdecc67,983,7
rust,bytes,document,100,61,speedy,0.8.7,57,180,214,237,17543859.649123,5555555.555556,4219409.282700,0,1.0,direct,adapted,1,c4a54cdecc67,984,8
rust,bytes,document,100,61,nanoserde,0.1.37,324,277,258,601,3086419.753086,3610108.303249,1663893.510815,0,1.0,direct,adapted,1,c4a54cdecc67,985,9
rust,bytes,document,100,61,bson,2.15.0,1017,1900,540,2917,983284.169125,526315.789474,342817.963661,0,1.0,serde,adapted,1,c4a54cdecc67,986,10
rust,bytes,document,100,61,minicbor,0.25.1,340,513,133,853,2941176.470588,1949317.738791,1172332.942556,0,1.0,direct,adapted,1,c4a54cdecc67,987,11
rust,bytes,document,100,61,rmp-serde,1.3.1,331,729,333,1060,3021148.036254,1371742.112483,943396.226415,0,1.0,serde,adapted,1,c4a54cdecc67,988,12
rust,bytes,document,100,61,simd-json,0.14.3,487,1358,460,1845,2053388.090349,736377.025037,542005.420054,0,1.0,serde,adapted,1,c4a54cdecc67,989,13
rust,bytes,document,100,61,serde_json,1.0.150,458,1101,460,1559,2183406.113537,908265.213442,641436.818473,0,1.0,serde,native,1,c4a54cdecc67,990,14
rust,bytes,document,100,61,bincode,2.0.1,182,462,122,644,5494505.494505,2164502.164502,1552795.031056,0,1.0,serde,adapted,1,c4a54cdecc67,991,15
rust,bytes,document,100,62,simd-json,0.14.3,450,1326,460,1776,2222222.222222,754147.812971,563063.063063,0,1.0,serde,adapted,1,c4a54cdecc67,992,0
rust,bytes,document,100,62,bincode,2.0.1,129,651,122,780,7751937.984496,1536098.310292,1282051.282051,0,1.0,serde,adapted,1,c4a54cdecc67,993,1
rust,bytes,document,100,62,bitcode,0.6.9,1301,945,122,2246,768639.508071,1058201.058201,445235.975067,0,1.0,serde,adapted,1,c4a54cdecc67,994,2
rust,bytes,document,100,62,sonic-rs,0.3.17,409,817,460,1226,2444987.775061,1223990.208078,815660.685155,0,1.0,serde,adapted,1,c4a54cdecc67,995,3
rust,bytes,document,100,62,ciborium,0.2.2,448,1813,339,2261,2232142.857143,551571.980143,442282.176028,0,1.0,serde,native,1,c4a54cdecc67,996,4
rust,bytes,document,100,62,serde_avro_fast,2.1.0,573,635,114,1208,1745200.698080,1574803.149606,827814.569536,0,1.0,serde,native,1,c4a54cdecc67,997,5
rust,bytes,document,100,62,prost,0.13.5,483,590,155,1073,2070393.374741,1694915.254237,931966.449208,0,1.0,message,adapted,1,c4a54cdecc67,998,6
rust,bytes,document,100,62,rkyv,0.8.17,570,399,272,969,1754385.964912,2506265.664160,1031991.744066,0,1.0,archive,adapted,1,c4a54cdecc67,999,7
rust,bytes,document,100,62,flexbuffers,2.0.0,2542,1612,452,4154,393391.030685,620347.394541,240731.824747,0,1.0,serde,adapted,1,c4a54cdecc67,1000,8
rust,bytes,document,100,62,rmp-serde,1.3.1,254,680,333,934,3937007.874016,1470588.235294,1070663.811563,0,1.0,serde,adapted,1,c4a54cdecc67,1001,9
rust,bytes,document,100,62,postcard,1.1.3,162,332,114,494,6172839.506173,3012048.192771,2024291.497976,0,1.0,serde,adapted,1,c4a54cdecc67,1002,10
rust,bytes,document,100,62,serde_json,1.0.150,479,1040,460,1519,2087682.672234,961538.461538,658327.847268,0,1.0,serde,native,1,c4a54cdecc67,1003,11
rust,bytes,document,100,62,bson,2.15.0,897,1913,540,2810,1114827.201784,522739.153163,355871.886121,0,1.0,serde,adapted,1,c4a54cdecc67,1004,12
rust,bytes,document,100,62,nanoserde,0.1.37,323,298,258,621,3095975.232198,3355704.697987,1610305.958132,0,1.0,direct,adapted,1,c4a54cdecc67,1005,13
rust,bytes,document,100,62,speedy,0.8.7,65,197,214,262,15384615.384615,5076142.131980,3816793.893130,0,1.0,direct,adapted,1,c4a54cdecc67,1006,14
rust,bytes,document,100,62,minicbor,0.25.1,309,533,133,842,3236245.954693,1876172.607880,1187648.456057,0,1.0,direct,adapted,1,c4a54cdecc67,1007,15
rust,bytes,document,100,63,simd-json,0.14.3,468,1398,460,1866,2136752.136752,715307.582260,535905.680600,0,1.0,serde,adapted,1,c4a54cdecc67,1008,0
rust,bytes,document,100,63,bson,2.15.0,865,1891,540,2756,1156069.364162,528820.729773,362844.702467,0,1.0,serde,adapted,1,c4a54cdecc67,1009,1
rust,bytes,document,100,63,serde_json,1.0.150,479,1275,460,1754,2087682.672234,784313.725490,570125.427594,0,1.0,serde,native,1,c4a54cdecc67,1010,2
rust,bytes,document,100,63,postcard,1.1.3,139,492,114,631,7194244.604317,2032520.325203,1584786.053883,0,1.0,serde,adapted,1,c4a54cdecc67,1011,3
rust,bytes,document,100,63,ciborium,0.2.2,419,1737,339,2156,2386634.844869,575705.238918,463821.892393,0,1.0,serde,native,1,c4a54cdecc67,1012,4
rust,bytes,document,100,63,bincode,2.0.1,190,509,122,699,5263157.894737,1964636.542240,1430615.164521,0,1.0,serde,adapted,1,c4a54cdecc67,1013,5
rust,bytes,document,100,63,rkyv,0.8.17,524,371,272,895,1908396.946565,2695417.789757,1117318.435754,0,1.0,archive,adapted,1,c4a54cdecc67,1014,6
rust,bytes,document,100,63,bitcode,0.6.9,1134,973,122,2107,881834.215168,1027749.229188,474608.448030,0,1.0,serde,adapted,1,c4a54cdecc67,1015,7
rust,bytes,document,100,63,prost,0.13.5,547,543,155,1090,1828153.564899,1841620.626151,917431.192661,0,1.0,message,adapted,1,c4a54cdecc67,1016,8
rust,bytes,document,100,63,sonic-rs,0.3.17,523,781,460,1304,1912045.889101,1280409.731114,766871.165644,0,1.0,serde,adapted,1,c4a54cdecc67,1017,9
rust,bytes,document,100,63,flexbuffers,2.0.0,2687,1593,452,4280,372162.262747,627746.390458,233644.859813,0,1.0,serde,adapted,1,c4a54cdecc67,1018,10
rust,bytes,document,100,63,nanoserde,0.1.37,307,309,258,616,3257328.990228,3236245.954693,1623376.623377,0,1.0,direct,adapted,1,c4a54cdecc67,1019,11
rust,bytes,document,100,63,serde_avro_fast,2.1.0,606,599,114,1205,1650165.016502,1669449.081803,829875.518672,0,1.0,serde,native,1,c4a54cdecc67,1020,12
rust,bytes,document,100,63,speedy,0.8.7,71,226,214,297,14084507.042254,4424778.761062,3367003.367003,0,1.0,direct,adapted,1,c4a54cdecc67,1021,13
rust,bytes,document,100,63,minicbor,0.25.1,353,518,133,871,2832861.189802,1930501.930502,1148105.625718,0,1.0,direct,adapted,1,c4a54cdecc67,1022,14
rust,bytes,document,100,63,rmp-serde,1.3.1,434,775,333,1209,2304147.465438,1290322.580645,827129.859388,0,1.0,serde,adapted,1,c4a54cdecc67,1023,15
rust,bytes,document,100,64,speedy,0.8.7,64,291,214,355,15625000.000000,3436426.116838,2816901.408451,0,1.0,direct,adapted,1,c4a54cdecc67,1024,0
rust,bytes,document,100,64,minicbor,0.25.1,290,748,133,1038,3448275.862069,1336898.395722,963391.136802,0,1.0,direct,adapted,1,c4a54cdecc67,1025,1
rust,bytes,document,100,64,bitcode,0.6.9,1218,845,122,2063,821018.062397,1183431.952663,484730.974309,0,1.0,serde,adapted,1,c4a54cdecc67,1026,2
rust,bytes,document,100,64,nanoserde,0.1.37,266,296,258,562,3759398.496241,3378378.378378,1779359.430605,0,1.0,direct,adapted,1,c4a54cdecc67,1027,3
rust,bytes,document,100,64,serde_avro_fast,2.1.0,538,618,114,1156,1858736.059480,1618122.977346,865051.903114,0,1.0,serde,native,1,c4a54cdecc67,1028,4
rust,bytes,document,100,64,rmp-serde,1.3.1,219,638,333,857,4566210.045662,1567398.119122,1166861.143524,0,1.0,serde,adapted,1,c4a54cdecc67,1029,5
rust,bytes,document,100,64,bson,2.15.0,863,1914,540,2777,1158748.551564,522466.039707,360100.828232,0,1.0,serde,adapted,1,c4a54cdecc67,1030,6
rust,bytes,document,100,64,ciborium,0.2.2,463,1893,339,2356,2159827.213823,528262.017961,424448.217317,0,1.0,serde,native,1,c4a54cdecc67,1031,7
rust,bytes,document,100,64,bincode,2.0.1,188,535,122,723,5319148.936170,1869158.878505,1383125.864454,0,1.0,serde,adapted,1,c4a54cdecc67,1032,8
rust,bytes,document,100,64,flexbuffers,2.0.0,2378,1596,452,3974,420521.446594,626566.416040,251635.631605,0,1.0,serde,adapted,1,c4a54cdecc67,1033,9
rust,bytes,document,100,64,serde_json,1.0.150,509,1080,460,1589,1964636.542240,925925.925926,629326.620516,0,1.0,serde,native,1,c4a54cdecc67,1034,10
rust,bytes,document,100,64,postcard,1.1.3,149,335,114,484,6711409.395973,2985074.626866,2066115.702479,0,1.0,serde,adapted,1,c4a54cdecc67,1035,11
rust,bytes,document,100,64,prost,0.13.5,490,550,155,1040,2040816.326531,1818181.818182,961538.461538,0,1.0,message,adapted,1,c4a54cdecc67,1036,12
rust,bytes,document,100,64,rkyv,0.8.17,418,378,272,796,2392344.497608,2645502.645503,1256281.407035,0,1.0,archive,adapted,1,c4a54cdecc67,1037,13
rust,bytes,document,100,64,sonic-rs,0.3.17,472,804,460,1276,2118644.067797,1243781.094527,783699.059561,0,1.0,serde,adapted,1,c4a54cdecc67,1038,14
rust,bytes,document,100,64,simd-json,0.14.3,439,1390,460,1829,2277904.328018,719424.460432,546746.856206,0,1.0,serde,adapted,1,c4a54cdecc67,1039,15
rust,bytes,document,100,65,bson,2.15.0,927,2065,540,2992,1078748.651564,484261.501211,334224.598930,0,1.0,serde,adapted,1,c4a54cdecc67,1040,0
rust,bytes,document,100,65,sonic-rs,0.3.17,460,1028,460,1488,2173913.043478,972762.645914,672043.010753,0,1.0,serde,adapted,1,c4a54cdecc67,1041,1
rust,bytes,document,100,65,rmp-serde,1.3.1,249,702,333,951,4016064.257028,1424501.424501,1051524.710831,0,1.0,serde,adapted,1,c4a54cdecc67,1042,2
rust,bytes,document,100,65,postcard,1.1.3,140,292,114,432,7142857.142857,3424657.534247,2314814.814815,0,1.0,serde,adapted,1,c4a54cdecc67,1043,3
rust,bytes,document,100,65,minicbor,0.25.1,347,471,133,818,2881844.380403,2123142.250531,1222493.887531,0,1.0,direct,adapted,1,c4a54cdecc67,1044,4
rust,bytes,document,100,65,bincode,2.0.1,195,567,122,762,5128205.128205,1763668.430335,1312335.958005,0,1.0,serde,adapted,1,c4a54cdecc67,1045,5
rust,bytes,document,100,65,flexbuffers,2.0.0,2437,1536,452,3973,410340.582684,651041.666667,251698.968034,0,1.0,serde,adapted,1,c4a54cdecc67,1046,6
rust,bytes,document,100,65,serde_json,1.0.150,445,1044,460,1489,2247191.011236,957854.406130,671591.672263,0,1.0,serde,native,1,c4a54cdecc67,1047,7
rust,bytes,document,100,65,rkyv,0.8.17,340,256,272,596,2941176.470588,3906250.000000,1677852.348993,0,1.0,archive,adapted,1,c4a54cdecc67,1048,8
rust,bytes,document,100,65,ciborium,0.2.2,431,1875,339,2306,2320185.614849,533333.333333,433651.344319,0,1.0,serde,native,1,c4a54cdecc67,1049,9
rust,bytes,document,100,65,nanoserde,0.1.37,301,375,258,676,3322259.136213,2666666.666667,1479289.940828,0,1.0,direct,adapted,1,c4a54cdecc67,1050,10
rust,bytes,document,100,65,prost,0.13.5,506,539,155,1045,1976284.584980,1855287.569573,956937.799043,0,1.0,message,adapted,1,c4a54cdecc67,1051,11
rust,bytes,document,100,65,serde_avro_fast,2.1.0,608,579,114,1187,1644736.842105,1727115.716753,842459.983151,0,1.0,serde,native,1,c4a54cdecc67,1052,12
rust,bytes,document,100,65,simd-json,0.14.3,662,1333,460,1995,1510574.018127,750187.546887,501253.132832,0,1.0,serde,adapted,1,c4a54cdecc67,1053,13
rust,bytes,document,100,65,bitcode,0.6.9,1298,958,122,2256,770416.024653,1043841.336117,443262.411348,0,1.0,serde,adapted,1,c4a54cdecc67,1054,14
rust,bytes,document,100,65,speedy,0.8.7,81,230,214,311,12345679.012346,4347826.086957,3215434.083601,0,1.0,direct,adapted,1,c4a54cdecc67,1055,15
rust,bytes,document,100,66,serde_json,1.0.150,545,1227,460,1772,1834862.385321,814995.925020,564334.085779,0,1.0,serde,native,1,c4a54cdecc67,1056,0
rust,bytes,document,100,66,bitcode,0.6.9,1535,945,122,2480,651465.798046,1058201.058201,403225.806452,0,1.0,serde,adapted,1,c4a54cdecc67,1057,1
rust,bytes,document,100,66,simd-json,0.14.3,440,1459,460,1899,2272727.272727,685400.959561,526592.943655,0,1.0,serde,adapted,1,c4a54cdecc67,1058,2
rust,bytes,document,100,66,minicbor,0.25.1,363,511,133,874,2754820.936639,1956947.162427,1144164.759725,0,1.0,direct,adapted,1,c4a54cdecc67,1059,3
rust,bytes,document,100,66,postcard,1.1.3,143,374,114,517,6993006.993007,2673796.791444,1934235.976789,0,1.0,serde,adapted,1,c4a54cdecc67,1060,4
rust,bytes,document,100,66,flexbuffers,2.0.0,2486,1584,452,4070,402252.614642,631313.131313,245700.245700,0,1.0,serde,adapted,1,c4a54cdecc67,1061,5
rust,bytes,document,100,66,speedy,0.8.7,45,226,214,271,22222222.222222,4424778.761062,3690036.900369,0,1.0,direct,adapted,1,c4a54cdecc67,1062,6
rust,bytes,document,100,66,bson,2.15.0,890,1872,540,2762,1123595.505618,534188.034188,362056.480811,0,1.0,serde,adapted,1,c4a54cdecc67,1063,7
rust,bytes,document,100,66,sonic-rs,0.3.17,559,818,460,1377,1788908.765653,1222493.887531,726216.412491,0,1.0,serde,adapted,1,c4a54cdecc67,1064,8
rust,bytes,document,100,66,bincode,2.0.1,236,544,122,780,4237288.135593,1838235.294118,1282051.282051,0,1.0,serde,adapted,1,c4a54cdecc67,1065,9
rust,bytes,document,100,66,serde_avro_fast,2.1.0,609,539,114,1148,1642036.124795,1855287.569573,871080.139373,0,1.0,serde,native,1,c4a54cdecc67,1066,10
rust,bytes,document,100,66,rmp-serde,1.3.1,305,748,333,1053,3278688.524590,1336898.395722,949667.616334,0,1.0,serde,adapted,1,c4a54cdecc67,1067,11
rust,bytes,document,100,66,nanoserde,0.1.37,315,283,258,598,3174603.174603,3533568.904594,1672240.802676,0,1.0,direct,adapted,1,c4a54cdecc67,1068,12
rust,bytes,document,100,66,rkyv,0.8.17,480,316,272,796,2083333.333333,3164556.962025,1256281.407035,0,1.0,archive,adapted,1,c4a54cdecc67,1069,13
rust,bytes,document,100,66,ciborium,0.2.2,502,1844,339,2346,1992031.872510,542299.349241,426257.459506,0,1.0,serde,native,1,c4a54cdecc67,1070,14
rust,bytes,document,100,66,prost,0.13.5,467,554,155,1021,2141327.623126,1805054.151625,979431.929481,0,1.0,message,adapted,1,c4a54cdecc67,1071,15
rust,bytes,document,100,67,flexbuffers,2.0.0,2393,1663,452,4056,417885.499373,601322.910403,246548.323471,0,1.0,serde,adapted,1,c4a54cdecc67,1072,0
rust,bytes,document,100,67,prost,0.13.5,602,629,155,1231,1661129.568106,1589825.119237,812347.684809,0,1.0,message,adapted,1,c4a54cdecc67,1073,1
rust,bytes,document,100,67,sonic-rs,0.3.17,502,895,460,1397,1992031.872510,1117318.435754,715819.613457,0,1.0,serde,adapted,1,c4a54cdecc67,1074,2
rust,bytes,document,100,67,speedy,0.8.7,83,182,214,265,12048192.771084,5494505.494505,3773584.905660,0,1.0,direct,adapted,1,c4a54cdecc67,1075,3
rust,bytes,document,100,67,postcard,1.1.3,157,356,114,513,6369426.751592,2808988.764045,1949317.738791,0,1.0,serde,adapted,1,c4a54cdecc67,1076,4
rust,bytes,document,100,67,minicbor,0.25.1,372,519,133,891,2688172.043011,1926782.273603,1122334.455668,0,1.0,direct,adapted,1,c4a54cdecc67,1077,5
rust,bytes,document,100,67,bson,2.15.0,1028,1941,540,2969,972762.645914,515198.351365,336813.742001,0,1.0,serde,adapted,1,c4a54cdecc67,1078,6
rust,bytes,document,100,67,ciborium,0.2.2,517,1780,339,2297,1934235.976789,561797.752809,435350.457118,0,1.0,serde,native,1,c4a54cdecc67,1079,7
rust,bytes,document,100,67,simd-json,0.14.3,602,1324,460,1926,1661129.568106,755287.009063,519210.799585,0,1.0,serde,adapted,1,c4a54cdecc67,1080,8
rust,bytes,document,100,67,nanoserde,0.1.37,289,311,258,600,3460207.612457,3215434.083601,1666666.666667,0,1.0,direct,adapted,1,c4a54cdecc67,1081,9
rust,bytes,document,100,67,rmp-serde,1.3.1,261,732,333,993,3831417.624521,1366120.218579,1007049.345418,0,1.0,serde,adapted,1,c4a54cdecc67,1082,10
rust,bytes,document,100,67,serde_avro_fast,2.1.0,634,608,114,1242,1577287.066246,1644736.842105,805152.979066,0,1.0,serde,native,1,c4a54cdecc67,1083,11
rust,bytes,document,100,67,serde_json,1.0.150,527,1221,460,1748,1897533.206831,819000.819001,572082.379863,0,1.0,serde,native,1,c4a54cdecc67,1084,12
rust,bytes,document,100,67,bincode,2.0.1,185,656,122,841,5405405.405405,1524390.243902,1189060.642093,0,1.0,serde,adapted,1,c4a54cdecc67,1085,13
rust,bytes,document,100,67,rkyv,0.8.17,578,334,272,912,1730103.806228,2994011.976048,1096491.228070,0,1.0,archive,adapted,1,c4a54cdecc67,1086,14
rust,bytes,document,100,67,bitcode,0.6.9,1318,919,122,2237,758725.341426,1088139.281828,447027.268663,0,1.0,serde,adapted,1,c4a54cdecc67,1087,15
rust,bytes,document,100,68,sonic-rs,0.3.17,447,923,460,1370,2237136.465324,1083423.618635,729927.007299,0,1.0,serde,adapted,1,c4a54cdecc67,1088,0
rust,bytes,document,100,68,minicbor,0.25.1,336,827,133,1163,2976190.476190,1209189.842805,859845.227859,0,1.0,direct,adapted,1,c4a54cdecc67,1089,1
rust,bytes,document,100,68,postcard,1.1.3,144,378,114,522,6944444.444444,2645502.645503,1915708.812261,0,1.0,serde,adapted,1,c4a54cdecc67,1090,2
rust,bytes,document,100,68,rkyv,0.8.17,432,272,272,704,2314814.814815,3676470.588235,1420454.545455,0,1.0,archive,adapted,1,c4a54cdecc67,1091,3
rust,bytes,document,100,68,bson,2.15.0,957,1904,540,2861,1044932.079415,525210.084034,349528.137015,0,1.0,serde,adapted,1,c4a54cdecc67,1092,4
rust,bytes,document,100,68,rmp-serde,1.3.1,279,711,333,990,3584229.390681,1406469.760900,1010101.010101,0,1.0,serde,adapted,1,c4a54cdecc67,1093,5
rust,bytes,document,100,68,serde_json,1.0.150,612,1124,460,1736,1633986.928105,889679.715302,576036.866359,0,1.0,serde,native,1,c4a54cdecc67,1094,6
rust,bytes,document,100,68,speedy,0.8.7,83,397,214,480,12048192.771084,2518891.687657,2083333.333333,0,1.0,direct,adapted,1,c4a54cdecc67,1095,7
rust,bytes,document,100,68,bincode,2.0.1,166,516,122,682,6024096.385542,1937984.496124,1466275.659824,0,1.0,serde,adapted,1,c4a54cdecc67,1096,8
rust,bytes,document,100,68,ciborium,0.2.2,585,1904,339,2489,1709401.709402,525210.084034,401767.778224,0,1.0,serde,native,1,c4a54cdecc67,1097,9
rust,bytes,document,100,68,nanoserde,0.1.37,251,291,258,542,3984063.745020,3436426.116838,1845018.450185,0,1.0,direct,adapted,1,c4a54cdecc67,1098,10
rust,bytes,document,100,68,serde_avro_fast,2.1.0,633,626,114,1259,1579778.830964,1597444.089457,794281.175536,0,1.0,serde,native,1,c4a54cdecc67,1099,11
rust,bytes,document,100,68,prost,0.13.5,517,577,155,1094,1934235.976789,1733102.253033,914076.782450,0,1.0,message,adapted,1,c4a54cdecc67,1100,12
rust,bytes,document,100,68,flexbuffers,2.0.0,2730,1758,452,4488,366300.366300,568828.213879,222816.399287,0,1.0,serde,adapted,1,c4a54cdecc67,1101,13
rust,bytes,document,100,68,simd-json,0.14.3,484,1389,460,1873,2066115.702479,719942.404608,533902.829685,0,1.0,serde,adapted,1,c4a54cdecc67,1102,14
rust,bytes,document,100,68,bitcode,0.6.9,1181,861,122,2042,846740.050804,1161440.185830,489715.964740,0,1.0,serde,adapted,1,c4a54cdecc67,1103,15
rust,bytes,document,100,69,prost,0.13.5,584,824,155,1408,1712328.767123,1213592.233010,710227.272727,0,1.0,message,adapted,1,c4a54cdecc67,1104,0
rust,bytes,document,100,69,serde_json,1.0.150,464,1017,460,1481,2155172.413793,983284.169125,675219.446320,0,1.0,serde,native,1,c4a54cdecc67,1105,1
rust,bytes,document,100,69,bitcode,0.6.9,1101,768,122,1869,908265.213442,1302083.333333,535045.478866,0,1.0,serde,adapted,1,c4a54cdecc67,1106,2
rust,bytes,document,100,69,rkyv,0.8.17,380,308,272,688,2631578.947368,3246753.246753,1453488.372093,0,1.0,archive,adapted,1,c4a54cdecc67,1107,3
rust,bytes,document,100,69,bincode,2.0.1,137,492,122,629,7299270.072993,2032520.325203,1589825.119237,0,1.0,serde,adapted,1,c4a54cdecc67,1108,4
rust,bytes,document,100,69,minicbor,0.25.1,375,468,133,843,2666666.666667,2136752.136752,1186239.620403,0,1.0,direct,adapted,1,c4a54cdecc67,1109,5
rust,bytes,document,100,69,flexbuffers,2.0.0,2408,1521,452,3929,415282.392027,657462.195924,254517.688979,0,1.0,serde,adapted,1,c4a54cdecc67,1110,6
rust,bytes,document,100,69,ciborium,0.2.2,483,1759,339,2242,2070393.374741,568504.832291,446030.330062,0,1.0,serde,native,1,c4a54cdecc67,1111,7
rust,bytes,document,100,69,serde_avro_fast,2.1.0,595,598,114,1193,1680672.268908,1672240.802676,838222.967309,0,1.0,serde,native,1,c4a54cdecc67,1112,8
rust,bytes,document,100,69,bson,2.15.0,930,1960,540,2890,1075268.817204,510204.081633,346020.761246,0,1.0,serde,adapted,1,c4a54cdecc67,1113,9
rust,bytes,document,100,69,speedy,0.8.7,79,249,214,328,12658227.848101,4016064.257028,3048780.487805,0,1.0,direct,adapted,1,c4a54cdecc67,1114,10
rust,bytes,document,100,69,nanoserde,0.1.37,270,308,258,578,3703703.703704,3246753.246753,1730103.806228,0,1.0,direct,adapted,1,c4a54cdecc67,1115,11
rust,bytes,document,100,69,sonic-rs,0.3.17,489,799,460,1288,2044989.775051,1251564.455569,776397.515528,0,1.0,serde,adapted,1,c4a54cdecc67,1116,12
rust,bytes,document,100,69,postcard,1.1.3,153,375,114,528,6535947.712418,2666666.666667,1893939.393939,0,1.0,serde,adapted,1,c4a54cdecc67,1117,13
rust,bytes,document,100,69,simd-json,0.14.3,558,1346,460,1904,1792114.695341,742942.050520,525210.084034,0,1.0,serde,adapted,1,c4a54cdecc67,1118,14
rust,bytes,document,100,69,rmp-serde,1.3.1,393,783,333,1176,2544529.262087,1277139.208174,850340.136054,0,1.0,serde,adapted,1,c4a54cdecc67,1119,15
rust,bytes,document,100,70,speedy,0.8.7,78,280,214,358,12820512.820513,3571428.571429,2793296.089385,0,1.0,direct,adapted,1,c4a54cdecc67,1120,0
rust,bytes,document,100,70,ciborium,0.2.2,442,2088,339,2530,2262443.438914,478927.203065,395256.916996,0,1.0,serde,native,1,c4a54cdecc67,1121,1
rust,bytes,document,100,70,minicbor,0.25.1,307,489,133,796,3257328.990228,2044989.775051,1256281.407035,0,1.0,direct,adapted,1,c4a54cdecc67,1122,2
rust,bytes,document,100,70,bitcode,0.6.9,1143,839,122,1982,874890.638670,1191895.113230,504540.867810,0,1.0,serde,adapted,1,c4a54cdecc67,1123,3
rust,bytes,document,100,70,rmp-serde,1.3.1,260,681,333,941,3846153.846154,1468428.781204,1062699.256111,0,1.0,serde,adapted,1,c4a54cdecc67,1124,4
rust,bytes,document,100,70,simd-json,0.14.3,507,1270,460,1777,1972386.587771,787401.574803,562746.201463,0,1.0,serde,adapted,1,c4a54cdecc67,1125,5
rust,bytes,document,100,70,serde_avro_fast,2.1.0,700,560,114,1260,1428571.428571,1785714.285714,793650.793651,0,1.0,serde,native,1,c4a54cdecc67,1126,6
rust,bytes,document,100,70,prost,0.13.5,515,561,155,1076,1941747.572816,1782531.194296,929368.029740,0,1.0,message,adapted,1,c4a54cdecc67,1127,7
rust,bytes,document,100,70,sonic-rs,0.3.17,438,823,460,1261,2283105.022831,1215066.828676,793021.411578,0,1.0,serde,adapted,1,c4a54cdecc67,1128,8
rust,bytes,document,100,70,rkyv,0.8.17,420,347,272,767,2380952.380952,2881844.380403,1303780.964798,0,1.0,archive,adapted,1,c4a54cdecc67,1129,9
rust,bytes,document,100,70,postcard,1.1.3,148,340,114,488,6756756.756757,2941176.470588,2049180.327869,0,1.0,serde,adapted,1,c4a54cdecc67,1130,10
rust,bytes,document,100,70,flexbuffers,2.0.0,2437,1602,452,4039,410340.582684,624219.725343,247586.036148,0,1.0,serde,adapted,1,c4a54cdecc67,1131,11
rust,bytes,document,100,70,nanoserde,0.1.37,264,300,258,564,3787878.787879,3333333.333333,1773049.645390,0,1.0,direct,adapted,1,c4a54cdecc67,1132,12
rust,bytes,document,100,70,bincode,2.0.1,167,487,122,654,5988023.952096,2053388.090349,1529051.987768,0,1.0,serde,adapted,1,c4a54cdecc67,1133,13
rust,bytes,document,100,70,serde_json,1.0.150,555,1058,460,1613,1801801.801802,945179.584121,619962.802232,0,1.0,serde,native,1,c4a54cdecc67,1134,14
rust,bytes,document,100,70,bson,2.15.0,907,2018,540,2925,1102535.832415,495540.138751,341880.341880,0,1.0,serde,adapted,1,c4a54cdecc67,1135,15
rust,bytes,document,100,71,serde_avro_fast,2.1.0,580,846,114,1426,1724137.931034,1182033.096927,701262.272090,0,1.0,serde,native,1,c4a54cdecc67,1136,0
rust,bytes,document,100,71,sonic-rs,0.3.17,479,1023,460,1502,2087682.672234,977517.106549,665778.961385,0,1.0,serde,adapted,1,c4a54cdecc67,1137,1
rust,bytes,document,100,71,minicbor,0.25.1,338,507,133,845,2958579.881657,1972386.587771,1183431.952663,0,1.0,direct,adapted,1,c4a54cdecc67,1138,2
rust,bytes,document,100,71,rmp-serde,1.3.1,268,697,333,965,3731343.283582,1434720.229555,1036269.430052,0,1.0,serde,adapted,1,c4a54cdecc67,1139,3
rust,bytes,document,100,71,rkyv,0.8.17,406,295,272,701,2463054.187192,3389830.508475,1426533.523538,0,1.0,archive,adapted,1,c4a54cdecc67,1140,4
rust,bytes,document,100,71,bincode,2.0.1,183,440,122,623,5464480.874317,2272727.272727,1605136.436597,0,1.0,serde,adapted,1,c4a54cdecc67,1141,5
rust,bytes,document,100,71,bitcode,0.6.9,1221,877,122,2098,819000.819001,1140250.855188,476644.423260,0,1.0,serde,adapted,1,c4a54cdecc67,1142,6
rust,bytes,document,100,71,serde_json,1.0.150,483,1099,460,1582,2070393.374741,909918.107370,632111.251580,0,1.0,serde,native,1,c4a54cdecc67,1143,7
rust,bytes,document,100,71,postcard,1.1.3,147,355,114,502,6802721.088435,2816901.408451,1992031.872510,0,1.0,serde,adapted,1,c4a54cdecc67,1144,8
rust,bytes,document,100,71,speedy,0.8.7,97,285,214,382,10309278.350515,3508771.929825,2617801.047120,0,1.0,direct,adapted,1,c4a54cdecc67,1145,9
rust,bytes,document,100,71,bson,2.15.0,873,1880,540,2753,1145475.372279,531914.893617,363240.101707,0,1.0,serde,adapted,1,c4a54cdecc67,1146,10
rust,bytes,document,100,71,ciborium,0.2.2,487,1819,339,2306,2053388.090349,549752.611325,433651.344319,0,1.0,serde,native,1,c4a54cdecc67,1147,11
rust,bytes,document,100,71,nanoserde,0.1.37,246,271,258,517,4065040.650407,3690036.900369,1934235.976789,0,1.0,direct,adapted,1,c4a54cdecc67,1148,12
rust,bytes,document,100,71,flexbuffers,2.0.0,2349,1650,452,3999,425713.069391,606060.606061,250062.515629,0,1.0,serde,adapted,1,c4a54cdecc67,1149,13
rust,bytes,document,100,71,prost,0.13.5,508,565,155,1073,1968503.937008,1769911.504425,931966.449208,0,1.0,message,adapted,1,c4a54cdecc67,1150,14
rust,bytes,document,100,71,simd-json,0.14.3,563,1280,460,1843,1776198.934281,781250.000000,542593.597396,0,1.0,serde,adapted,1,c4a54cdecc67,1151,15
rust,bytes,document,100,72,flexbuffers,2.0.0,2239,1646,452,3885,446627.958910,607533.414338,257400.257400,0,1.0,serde,adapted,1,c4a54cdecc67,1152,0
rust,bytes,document,100,72,postcard,1.1.3,120,644,114,764,8333333.333333,1552795.031056,1308900.523560,0,1.0,serde,adapted,1,c4a54cdecc67,1153,1
rust,bytes,document,100,72,serde_json,1.0.150,478,1132,460,1610,2092050.209205,883392.226148,621118.012422,0,1.0,serde,native,1,c4a54cdecc67,1154,2
rust,bytes,document,100,72,nanoserde,0.1.37,287,270,258,557,3484320.557491,3703703.703704,1795332.136445,0,1.0,direct,adapted,1,c4a54cdecc67,1155,3
rust,bytes,document,100,72,prost,0.13.5,467,567,155,1034,2141327.623126,1763668.430335,967117.988395,0,1.0,message,adapted,1,c4a54cdecc67,1156,4
rust,bytes,document,100,72,ciborium,0.2.2,396,1719,339,2115,2525252.525253,581733.566027,472813.238771,0,1.0,serde,native,1,c4a54cdecc67,1157,5
rust,bytes,document,100,72,rmp-serde,1.3.1,255,698,333,953,3921568.627451,1432664.756447,1049317.943337,0,1.0,serde,adapted,1,c4a54cdecc67,1158,6
rust,bytes,document,100,72,speedy,0.8.7,65,182,214,247,15384615.384615,5494505.494505,4048582.995951,0,1.0,direct,adapted,1,c4a54cdecc67,1159,7
rust,bytes,document,100,72,minicbor,0.25.1,311,447,133,758,3215434.083601,2237136.465324,1319261.213720,0,1.0,direct,adapted,1,c4a54cdecc67,1160,8
rust,bytes,document,100,72,serde_avro_fast,2.1.0,605,599,114,1204,1652892.561983,1669449.081803,830564.784053,0,1.0,serde,native,1,c4a54cdecc67,1161,9
rust,bytes,document,100,72,sonic-rs,0.3.17,508,812,460,1320,1968503.937008,1231527.093596,757575.757576,0,1.0,serde,adapted,1,c4a54cdecc67,1162,10
rust,bytes,document,100,72,bson,2.15.0,1019,1903,540,2922,981354.268891,525486.074619,342231.348392,0,1.0,serde,adapted,1,c4a54cdecc67,1163,11
rust,bytes,document,100,72,simd-json,0.14.3,585,1291,460,1876,1709401.709402,774593.338497,533049.040512,0,1.0,serde,adapted,1,c4a54cdecc67,1164,12
rust,bytes,document,100,72,bincode,2.0.1,171,448,122,619,5847953.216374,2232142.857143,1615508.885299,0,1.0,serde,adapted,1,c4a54cdecc67,1165,13
rust,bytes,document,100,72,rkyv,0.8.17,442,374,272,816,2262443.438914,2673796.791444,1225490.196078,0,1.0,archive,adapted,1,c4a54cdecc67,1166,14
rust,bytes,document,100,72,bitcode,0.6.9,1218,878,122,2096,821018.062397,1138952.164009,477099.236641,0,1.0,serde,adapted,1,c4a54cdecc67,1167,15
rust,bytes,document,100,73,minicbor,0.25.1,321,692,133,1013,3115264.797508,1445086.705202,987166.831194,0,1.0,direct,adapted,1,c4a54cdecc67,1168,0
rust,bytes,document,100,73,speedy,0.8.7,42,447,214,489,23809523.809524,2237136.465324,2044989.775051,0,1.0,direct,adapted,1,c4a54cdecc67,1169,1
rust,bytes,document,100,73,bitcode,0.6.9,1094,829,122,1923,914076.782450,1206272.617612,520020.800832,0,1.0,serde,adapted,1,c4a54cdecc67,1170,2
rust,bytes,document,100,73,serde_avro_fast,2.1.0,545,554,114,1099,1834862.385321,1805054.151625,909918.107370,0,1.0,serde,native,1,c4a54cdecc67,1171,3
rust,bytes,document,100,73,rkyv,0.8.17,468,360,272,828,2136752.136752,2777777.777778,1207729.468599,0,1.0,archive,adapted,1,c4a54cdecc67,1172,4
rust,bytes,document,100,73,sonic-rs,0.3.17,406,771,460,1177,2463054.187192,1297016.861219,849617.672048,0,1.0,serde,adapted,1,c4a54cdecc67,1173,5
rust,bytes,document,100,73,bson,2.15.0,881,1870,540,2751,1135073.779796,534759.358289,363504.180298,0,1.0,serde,adapted,1,c4a54cdecc67,1174,6
rust,bytes,document,100,73,rmp-serde,1.3.1,392,659,333,1051,2551020.408163,1517450.682853,951474.785918,0,1.0,serde,adapted,1,c4a54cdecc67,1175,7
rust,bytes,document,100,73,simd-json,0.14.3,642,1285,460,1927,1557632.398754,778210.116732,518941.359626,0,1.0,serde,adapted,1,c4a54cdecc67,1176,8
rust,bytes,document,100,73,nanoserde,0.1.37,365,349,258,714,2739726.027397,2865329.512894,1400560.224090,0,1.0,direct,adapted,1,c4a54cdecc67,1177,9
rust,bytes,document,100,73,flexbuffers,2.0.0,2527,1569,452,4096,395726.157499,637348.629700,244140.625000,0,1.0,serde,adapted,1,c4a54cdecc67,1178,10
rust,bytes,document,100,73,prost,0.13.5,451,526,155,977,2217294.900222,1901140.684411,1023541.453429,0,1.0,message,adapted,1,c4a54cdecc67,1179,11
rust,bytes,document,100,73,serde_json,1.0.150,496,1077,460,1573,2016129.032258,928505.106778,635727.908455,0,1.0,serde,native,1,c4a54cdecc67,1180,12
rust,bytes,document,100,73,ciborium,0.2.2,464,1867,339,2331,2155172.413793,535618.639529,429000.429000,0,1.0,serde,native,1,c4a54cdecc67,1181,13
rust,bytes,document,100,73,postcard,1.1.3,145,310,114,455,6896551.724138,3225806.451613,2197802.197802,0,1.0,serde,adapted,1,c4a54cdecc67,1182,14
rust,bytes,document,100,73,bincode,2.0.1,207,473,122,680,4830917.874396,2114164.904863,1470588.235294,0,1.0,serde,adapted,1,c4a54cdecc67,1183,15
rust,bytes,document,100,74,nanoserde,0.1.37,310,525,258,835,3225806.451613,1904761.904762,1197604.790419,0,1.0,direct,adapted,1,c4a54cdecc67,1184,0
rust,bytes,document,100,74,bitcode,0.6.9,1687,910,122,2597,592768.227623,1098901.098901,385059.684251,0,1.0,serde,adapted,1,c4a54cdecc67,1185,1
rust,bytes,document,100,74,bson,2.15.0,912,1858,540,2770,1096491.228070,538213.132400,361010.830325,0,1.0,serde,adapted,1,c4a54cdecc67,1186,2
rust,bytes,document,100,74,rkyv,0.8.17,422,327,272,749,2369668.246445,3058103.975535,1335113.484646,0,1.0,archive,adapted,1,c4a54cdecc67,1187,3
rust,bytes,document,100,74,postcard,1.1.3,150,329,114,479,6666666.666667,3039513.677812,2087682.672234,0,1.0,serde,adapted,1,c4a54cdecc67,1188,4
rust,bytes,document,100,74,simd-json,0.14.3,490,1317,460,1807,2040816.326531,759301.442673,553403.431101,0,1.0,serde,adapted,1,c4a54cdecc67,1189,5
rust,bytes,document,100,74,serde_avro_fast,2.1.0,582,621,114,1203,1718213.058419,1610305.958132,831255.195345,0,1.0,serde,native,1,c4a54cdecc67,1190,6
rust,bytes,document,100,74,sonic-rs,0.3.17,479,863,460,1342,2087682.672234,1158748.551564,745156.482861,0,1.0,serde,adapted,1,c4a54cdecc67,1191,7
rust,bytes,document,100,74,ciborium,0.2.2,492,1907,339,2399,2032520.325203,524383.848977,416840.350146,0,1.0,serde,native,1,c4a54cdecc67,1192,8
rust,bytes,document,100,74,rmp-serde,1.3.1,272,646,333,918,3676470.588235,1547987.616099,1089324.618736,0,1.0,serde,adapted,1,c4a54cdecc67,1193,9
rust,bytes,document,100,74,flexbuffers,2.0.0,2538,1562,452,4100,394011.032309,640204.865557,243902.439024,0,1.0,serde,adapted,1,c4a54cdecc67,1194,10
rust,bytes,document,100,74,minicbor,0.25.1,387,519,133,906,2583979.328165,1926782.273603,1103752.759382,0,1.0,direct,adapted,1,c4a54cdecc67,1195,11
rust,bytes,document,100,74,speedy,0.8.7,84,272,214,356,11904761.904762,3676470.588235,2808988.764045,0,1.0,direct,adapted,1,c4a54cdecc67,1196,12
rust,bytes,document,100,74,bincode,2.0.1,167,444,122,611,5988023.952096,2252252.252252,1636661.211129,0,1.0,serde,adapted,1,c4a54cdecc67,1197,13
rust,bytes,document,100,74,prost,0.13.5,441,507,155,948,2267573.696145,1972386.587771,1054852.320675,0,1.0,message,adapted,1,c4a54cdecc67,1198,14
rust,bytes,document,100,74,serde_json,1.0.150,544,1052,460,1596,1838235.294118,950570.342205,626566.416040,0,1.0,serde,native,1,c4a54cdecc67,1199,15
rust,bytes,document,100,75,serde_avro_fast,2.1.0,609,737,114,1346,1642036.124795,1356852.103121,742942.050520,0,1.0,serde,native,1,c4a54cdecc67,1200,0
rust,bytes,document,100,75,speedy,0.8.7,55,434,214,489,18181818.181818,2304147.465438,2044989.775051,0,1.0,direct,adapted,1,c4a54cdecc67,1201,1
rust,bytes,document,100,75,postcard,1.1.3,138,423,114,561,7246376.811594,2364066.193853,1782531.194296,0,1.0,serde,adapted,1,c4a54cdecc67,1202,2
rust,bytes,document,100,75,rkyv,0.8.17,451,359,272,810,2217294.900222,2785515.320334,1234567.901235,0,1.0,archive,adapted,1,c4a54cdecc67,1203,3
rust,bytes,document,100,75,sonic-rs,0.3.17,424,805,460,1229,2358490.566038,1242236.024845,813669.650122,0,1.0,serde,adapted,1,c4a54cdecc67,1204,4
rust,bytes,document,100,75,minicbor,0.25.1,303,501,133,804,3300330.033003,1996007.984032,1243781.094527,0,1.0,direct,adapted,1,c4a54cdecc67,1205,5
rust,bytes,document,100,75,nanoserde,0.1.37,292,368,258,660,3424657.534247,2717391.304348,1515151.515152,0,1.0,direct,adapted,1,c4a54cdecc67,1206,6
rust,bytes,document,100,75,bson,2.15.0,959,1953,540,2912,1042752.867570,512032.770097,343406.593407,0,1.0,serde,adapted,1,c4a54cdecc67,1207,7
rust,bytes,document,100,75,prost,0.13.5,497,528,155,1025,2012072.434608,1893939.393939,975609.756098,0,1.0,message,adapted,1,c4a54cdecc67,1208,8
rust,bytes,document,100,75,serde_json,1.0.150,543,1024,460,1567,1841620.626151,976562.500000,638162.093172,0,1.0,serde,native,1,c4a54cdecc67,1209,9
rust,bytes,document,100,75,bitcode,0.6.9,1414,825,122,2239,707213.578501,1212121.212121,446627.958910,0,1.0,serde,adapted,1,c4a54cdecc67,1210,10
rust,bytes,document,100,75,bincode,2.0.1,141,432,122,573,7092198.581560,2314814.814815,1745200.698080,0,1.0,serde,adapted,1,c4a54cdecc67,1211,11
rust,bytes,document,100,75,ciborium,0.2.2,515,1904,339,2419,1941747.572816,525210.084034,413393.964448,0,1.0,serde,native,1,c4a54cdecc67,1212,12
rust,bytes,document,100,75,rmp-serde,1.3.1,269,636,333,905,3717472.118959,1572327.044025,1104972.375691,0,1.0,serde,adapted,1,c4a54cdecc67,1213,13
rust,bytes,document,100,75,simd-json,0.14.3,453,1447,460,1900,2207505.518764,691085.003455,526315.789474,0,1.0,serde,adapted,1,c4a54cdecc67,1214,14
rust,bytes,document,100,75,flexbuffers,2.0.0,2498,1544,452,4042,400320.256205,647668.393782,247402.276101,0,1.0,serde,adapted,1,c4a54cdecc67,1215,15
rust,bytes,document,100,76,minicbor,0.25.1,316,618,133,934,3164556.962025,1618122.977346,1070663.811563,0,1.0,direct,adapted,1,c4a54cdecc67,1216,0
rust,bytes,document,100,76,serde_json,1.0.150,593,1460,460,2053,1686340.640809,684931.506849,487092.060399,0,1.0,serde,native,1,c4a54cdecc67,1217,1
rust,bytes,document,100,76,postcard,1.1.3,147,381,114,528,6802721.088435,2624671.916010,1893939.393939,0,1.0,serde,adapted,1,c4a54cdecc67,1218,2
rust,bytes,document,100,76,rmp-serde,1.3.1,223,597,333,820,4484304.932735,1675041.876047,1219512.195122,0,1.0,serde,adapted,1,c4a54cdecc67,1219,3
rust,bytes,document,100,76,prost,0.13.5,389,481,155,870,2570694.087404,2079002.079002,1149425.287356,0,1.0,message,adapted,1,c4a54cdecc67,1220,4
rust,bytes,document,100,76,bson,2.15.0,996,1939,540,2935,1004016.064257,515729.757607,340715.502555,0,1.0,serde,adapted,1,c4a54cdecc67,1221,5
rust,bytes,document,100,76,simd-json,0.14.3,711,1216,460,1927,1406469.760900,822368.421053,518941.359626,0,1.0,serde,adapted,1,c4a54cdecc67,1222,6
rust,bytes,document,100,76,bincode,2.0.1,183,421,122,604,5464480.874317,2375296.912114,1655629.139073,0,1.0,serde,adapted,1,c4a54cdecc67,1223,7
rust,bytes,document,100,76,nanoserde,0.1.37,310,504,258,814,3225806.451613,1984126.984127,1228501.228501,0,1.0,direct,adapted,1,c4a54cdecc67,1224,8
rust,bytes,document,100,76,ciborium,0.2.2,429,1739,339,2168,2331002.331002,575043.128235,461254.612546,0,1.0,serde,native,1,c4a54cdecc67,1225,9
rust,bytes,document,100,76,flexbuffers,2.0.0,2530,1566,452,4096,395256.916996,638569.604087,244140.625000,0,1.0,serde,adapted,1,c4a54cdecc67,1226,10
rust,bytes,document,100,76,bitcode,0.6.9,1113,812,122,1925,898472.596586,1231527.093596,519480.519481,0,1.0,serde,adapted,1,c4a54cdecc67,1227,11
rust,bytes,document,100,76,rkyv,0.8.17,505,348,272,853,1980198.019802,2873563.218391,1172332.942556,0,1.0,archive,adapted,1,c4a54cdecc67,1228,12
rust,bytes,document,100,76,speedy,0.8.7,79,228,214,307,12658227.848101,4385964.912281,3257328.990228,0,1.0,direct,adapted,1,c4a54cdecc67,1229,13
rust,bytes,document,100,76,sonic-rs,0.3.17,648,834,460,1482,1543209.876543,1199040.767386,674763.832659,0,1.0,serde,adapted,1,c4a54cdecc67,1230,14
rust,bytes,document,100,76,serde_avro_fast,2.1.0,648,792,114,1440,1543209.876543,1262626.262626,694444.444444,0,1.0,serde,native,1,c4a54cdecc67,1231,15
rust,bytes,document,100,77,prost,0.13.5,575,840,155,1415,1739130.434783,1190476.190476,706713.780919,0,1.0,message,adapted,1,c4a54cdecc67,1232,0
rust,bytes,document,100,77,rkyv,0.8.17,457,271,272,728,2188183.807440,3690036.900369,1373626.373626,0,1.0,archive,adapted,1,c4a54cdecc67,1233,1
rust,bytes,document,100,77,bson,2.15.0,894,1777,540,2671,1118568.232662,562746.201463,374391.613628,0,1.0,serde,adapted,1,c4a54cdecc67,1234,2
rust,bytes,document,100,77,ciborium,0.2.2,450,1850,339,2300,2222222.222222,540540.540541,434782.608696,0,1.0,serde,native,1,c4a54cdecc67,1235,3
rust,bytes,document,100,77,rmp-serde,1.3.1,273,771,333,1044,3663003.663004,1297016.861219,957854.406130,0,1.0,serde,adapted,1,c4a54cdecc67,1236,4
rust,bytes,document,100,77,simd-json,0.14.3,525,1282,460,1807,1904761.904762,780031.201248,553403.431101,0,1.0,serde,adapted,1,c4a54cdecc67,1237,5
rust,bytes,document,100,77,speedy,0.8.7,42,181,214,223,23809523.809524,5524861.878453,4484304.932735,0,1.0,direct,adapted,1,c4a54cdecc67,1238,6
rust,bytes,document,100,77,nanoserde,0.1.37,272,333,258,605,3676470.588235,3003003.003003,1652892.561983,0,1.0,direct,adapted,1,c4a54cdecc67,1239,7
rust,bytes,document,100,77,bitcode,0.6.9,1272,931,122,2203,786163.522013,1074113.856069,453926.463913,0,1.0,serde,adapted,1,c4a54cdecc67,1240,8
rust,bytes,document,100,77,serde_avro_fast,2.1.0,552,549,114,1101,1811594.202899,1821493.624772,908265.213442,0,1.0,serde,native,1,c4a54cdecc67,1241,9
rust,bytes,document,100,77,postcard,1.1.3,147,340,114,487,6802721.088435,2941176.470588,2053388.090349,0,1.0,serde,adapted,1,c4a54cdecc67,1242,10
rust,bytes,document,100,77,bincode,2.0.1,172,545,122,717,5813953.488372,1834862.385321,1394700.139470,0,1.0,serde,adapted,1,c4a54cdecc67,1243,11
rust,bytes,document,100,77,minicbor,0.25.1,326,603,133,929,3067484.662577,1658374.792703,1076426.264801,0,1.0,direct,adapted,1,c4a54cdecc67,1244,12
rust,bytes,document,100,77,flexbuffers,2.0.0,2651,1709,452,4360,377216.144851,585137.507314,229357.798165,0,1.0,serde,adapted,1,c4a54cdecc67,1245,13
rust,bytes,document,100,77,sonic-rs,0.3.17,461,812,460,1273,2169197.396963,1231527.093596,785545.954438,0,1.0,serde,adapted,1,c4a54cdecc67,1246,14
rust,bytes,document,100,77,serde_json,1.0.150,634,1052,460,1686,1577287.066246,950570.342205,593119.810202,0,1.0,serde,native,1,c4a54cdecc67,1247,15
rust,bytes,document,100,78,serde_avro_fast,2.1.0,560,654,114,1214,1785714.285714,1529051.987768,823723.228995,0,1.0,serde,native,1,c4a54cdecc67,1248,0
rust,bytes,document,100,78,simd-json,0.14.3,533,1543,460,2076,1876172.607880,648088.139987,481695.568401,0,1.0,serde,adapted,1,c4a54cdecc67,1249,1
rust,bytes,document,100,78,sonic-rs,0.3.17,480,962,460,1442,2083333.333333,1039501.039501,693481.276006,0,1.0,serde,adapted,1,c4a54cdecc67,1250,2
rust,bytes,document,100,78,flexbuffers,2.0.0,2629,1562,452,4191,380372.765310,640204.865557,238606.537819,0,1.0,serde,adapted,1,c4a54cdecc67,1251,3
rust,bytes,document,100,78,rmp-serde,1.3.1,399,730,333,1129,2506265.664160,1369863.013699,885739.592560,0,1.0,serde,adapted,1,c4a54cdecc67,1252,4
rust,bytes,document,100,78,serde_json,1.0.150,479,1003,460,1482,2087682.672234,997008.973081,674763.832659,0,1.0,serde,native,1,c4a54cdecc67,1253,5
rust,bytes,document,100,78,rkyv,0.8.17,353,289,272,642,2832861.189802,3460207.612457,1557632.398754,0,1.0,archive,adapted,1,c4a54cdecc67,1254,6
rust,bytes,document,100,78,bson,2.15.0,1044,1909,540,2953,957854.406130,523834.468308,338638.672536,0,1.0,serde,adapted,1,c4a54cdecc67,1255,7
rust,bytes,document,100,78,nanoserde,0.1.37,294,299,258,593,3401360.544218,3344481.605351,1686340.640809,0,1.0,direct,adapted,1,c4a54cdecc67,1256,8
rust,bytes,document,100,78,minicbor,0.25.1,318,521,133,839,3144654.088050,1919385.796545,1191895.113230,0,1.0,direct,adapted,1,c4a54cdecc67,1257,9
rust,bytes,document,100,78,prost,0.13.5,565,599,155,1164,1769911.504425,1669449.081803,859106.529210,0,1.0,message,adapted,1,c4a54cdecc67,1258,10
rust,bytes,document,100,78,bitcode,0.6.9,1175,899,122,2074,851063.829787,1112347.052280,482160.077146,0,1.0,serde,adapted,1,c4a54cdecc67,1259,11
rust,bytes,document,100,78,speedy,0.8.7,86,232,214,318,11627906.976744,4310344.827586,3144654.088050,0,1.0,direct,adapted,1,c4a54cdecc67,1260,12
rust,bytes,document,100,78,postcard,1.1.3,150,333,114,483,6666666.666667,3003003.003003,2070393.374741,0,1.0,serde,adapted,1,c4a54cdecc67,1261,13
rust,bytes,document,100,78,ciborium,0.2.2,530,1945,339,2475,1886792.452830,514138.817481,404040.404040,0,1.0,serde,native,1,c4a54cdecc67,1262,14
rust,bytes,document,100,78,bincode,2.0.1,202,563,122,765,4950495.049505,1776198.934281,1307189.542484,0,1.0,serde,adapted,1,c4a54cdecc67,1263,15
rust,bytes,document,100,79,bincode,2.0.1,126,396,122,522,7936507.936508,2525252.525253,1915708.812261,0,1.0,serde,adapted,1,c4a54cdecc67,1264,0
rust,bytes,document,100,79,bitcode,0.6.9,1352,881,122,2233,739644.970414,1135073.779796,447828.034035,0,1.0,serde,adapted,1,c4a54cdecc67,1265,1
rust,bytes,document,100,79,speedy,0.8.7,45,218,214,263,22222222.222222,4587155.963303,3802281.368821,0,1.0,direct,adapted,1,c4a54cdecc67,1266,2
rust,bytes,document,100,79,serde_avro_fast,2.1.0,565,547,114,1112,1769911.504425,1828153.564899,899280.575540,0,1.0,serde,native,1,c4a54cdecc67,1267,3
rust,bytes,document,100,79,rkyv,0.8.17,383,284,272,667,2610966.057441,3521126.760563,1499250.374813,0,1.0,archive,adapted,1,c4a54cdecc67,1268,4
rust,bytes,document,100,79,minicbor,0.25.1,345,446,133,791,2898550.724638,2242152.466368,1264222.503161,0,1.0,direct,adapted,1,c4a54cdecc67,1269,5
rust,bytes,document,100,79,postcard,1.1.3,137,338,114,475,7299270.072993,2958579.881657,2105263.157895,0,1.0,serde,adapted,1,c4a54cdecc67,1270,6
rust,bytes,document,100,79,bson,2.15.0,953,1943,540,2896,1049317.943337,514668.039115,345303.867403,0,1.0,serde,adapted,1,c4a54cdecc67,1271,7
rust,bytes,document,100,79,nanoserde,0.1.37,257,307,258,564,3891050.583658,3257328.990228,1773049.645390,0,1.0,direct,adapted,1,c4a54cdecc67,1272,8
rust,bytes,document,100,79,prost,0.13.5,451,540,155,991,2217294.900222,1851851.851852,1009081.735621,0,1.0,message,adapted,1,c4a54cdecc67,1273,9
rust,bytes,document,100,79,simd-json,0.14.3,488,1340,460,1828,2049180.327869,746268.656716,547045.951860,0,1.0,serde,adapted,1,c4a54cdecc67,1274,10
rust,bytes,document,100,79,flexbuffers,2.0.0,2245,1613,452,3858,445434.298441,619962.802232,259201.658891,0,1.0,serde,adapted,1,c4a54cdecc67,1275,11
rust,bytes,document,100,79,ciborium,0.2.2,461,1713,339,2174,2169197.396963,583771.161705,459981.600736,0,1.0,serde,native,1,c4a54cdecc67,1276,12
rust,bytes,document,100,79,serde_json,1.0.150,526,1116,460,1642,1901140.684411,896057.347670,609013.398295,0,1.0,serde,native,1,c4a54cdecc67,1277,13
rust,bytes,document,100,79,rmp-serde,1.3.1,280,767,333,1047,3571428.571429,1303780.964798,955109.837631,0,1.0,serde,adapted,1,c4a54cdecc67,1278,14
rust,bytes,document,100,79,sonic-rs,0.3.17,500,794,460,1294,2000000.000000,1259445.843829,772797.527048,0,1.0,serde,adapted,1,c4a54cdecc67,1279,15
rust,bytes,document,100,80,bitcode,0.6.9,1336,1162,122,2498,748502.994012,860585.197935,400320.256205,0,1.0,serde,adapted,1,c4a54cdecc67,1280,0
rust,bytes,document,100,80,simd-json,0.14.3,459,1442,460,1901,2178649.237473,693481.276006,526038.926881,0,1.0,serde,adapted,1,c4a54cdecc67,1281,1
rust,bytes,document,100,80,rmp-serde,1.3.1,228,827,333,1055,4385964.912281,1209189.842805,947867.298578,0,1.0,serde,adapted,1,c4a54cdecc67,1282,2
rust,bytes,document,100,80,flexbuffers,2.0.0,2357,1713,452,4070,424268.137463,583771.161705,245700.245700,0,1.0,serde,adapted,1,c4a54cdecc67,1283,3
rust,bytes,document,100,80,postcard,1.1.3,125,471,114,596,8000000.000000,2123142.250531,1677852.348993,0,1.0,serde,adapted,1,c4a54cdecc67,1284,4
rust,bytes,document,100,80,bson,2.15.0,882,2007,540,2889,1133786.848073,498256.103637,346140.533056,0,1.0,serde,adapted,1,c4a54cdecc67,1285,5
rust,bytes,document,100,80,speedy,0.8.7,86,256,214,342,11627906.976744,3906250.000000,2923976.608187,0,1.0,direct,adapted,1,c4a54cdecc67,1286,6
rust,bytes,document,100,80,minicbor,0.25.1,385,671,133,1056,2597402.597403,1490312.965723,946969.696970,0,1.0,direct,adapted,1,c4a54cdecc67,1287,7
rust,bytes,document,100,80,serde_avro_fast,2.1.0,607,735,114,1342,1647446.457990,1360544.217687,745156.482861,0,1.0,serde,native,1,c4a54cdecc67,1288,8
rust,bytes,document,100,80,ciborium,0.2.2,470,1748,339,2218,2127659.574468,572082.379863,450856.627592,0,1.0,serde,native,1,c4a54cdecc67,1289,9
rust,bytes,document,100,80,prost,0.13.5,462,548,155,1010,2164502.164502,1824817.518248,990099.009901,0,1.0,message,adapted,1,c4a54cdecc67,1290,10
rust,bytes,document,100,80,serde_json,1.0.150,629,1077,460,1706,1589825.119237,928505.106778,586166.471278,0,1.0,serde,native,1,c4a54cdecc67,1291,11
rust,bytes,document,100,80,sonic-rs,0.3.17,600,747,460,1347,1666666.666667,1338688.085676,742390.497402,0,1.0,serde,adapted,1,c4a54cdecc67,1292,12
rust,bytes,document,100,80,nanoserde,0.1.37,311,295,258,606,3215434.083601,3389830.508475,1650165.016502,0,1.0,direct,adapted,1,c4a54cdecc67,1293,13
rust,bytes,document,100,80,bincode,2.0.1,219,631,122,850,4566210.045662,1584786.053883,1176470.588235,0,1.0,serde,adapted,1,c4a54cdecc67,1294,14
rust,bytes,document,100,80,rkyv,0.8.17,596,354,272,950,1677852.348993,2824858.757062,1052631.578947,0,1.0,archive,adapted,1,c4a54cdecc67,1295,15
rust,bytes,document,100,81,sonic-rs,0.3.17,476,894,460,1370,2100840.336134,1118568.232662,729927.007299,0,1.0,serde,adapted,1,c4a54cdecc67,1296,0
rust,bytes,document,100,81,simd-json,0.14.3,506,1345,460,1851,1976284.584980,743494.423792,540248.514317,0,1.0,serde,adapted,1,c4a54cdecc67,1297,1
rust,bytes,document,100,81,prost,0.13.5,688,571,155,1259,1453488.372093,1751313.485114,794281.175536,0,1.0,message,adapted,1,c4a54cdecc67,1298,2
rust,bytes,document,100,81,bincode,2.0.1,151,519,122,670,6622516.556291,1926782.273603,1492537.313433,0,1.0,serde,adapted,1,c4a54cdecc67,1299,3
rust,bytes,document,100,81,nanoserde,0.1.37,317,279,258,596,3154574.132492,3584229.390681,1677852.348993,0,1.0,direct,adapted,1,c4a54cdecc67,1300,4
rust,bytes,document,100,81,bson,2.15.0,1041,1922,540,2963,960614.793468,520291.363163,337495.781303,0,1.0,serde,adapted,1,c4a54cdecc67,1301,5
rust,bytes,document,100,81,minicbor,0.25.1,365,481,133,846,2739726.027397,2079002.079002,1182033.096927,0,1.0,direct,adapted,1,c4a54cdecc67,1302,6
rust,bytes,document,100,81,rmp-serde,1.3.1,254,729,333,983,3937007.874016,1371742.112483,1017293.997965,0,1.0,serde,adapted,1,c4a54cdecc67,1303,7
rust,bytes,document,100,81,bitcode,0.6.9,1397,887,122,2284,715819.613457,1127395.715896,437828.371278,0,1.0,serde,adapted,1,c4a54cdecc67,1304,8
rust,bytes,document,100,81,rkyv,0.8.17,425,350,272,775,2352941.176471,2857142.857143,1290322.580645,0,1.0,archive,adapted,1,c4a54cdecc67,1305,9
rust,bytes,document,100,81,flexbuffers,2.0.0,2529,1580,452,4109,395413.206801,632911.392405,243368.216111,0,1.0,serde,adapted,1,c4a54cdecc67,1306,10
rust,bytes,document,100,81,speedy,0.8.7,82,211,214,293,12195121.951220,4739336.492891,3412969.283276,0,1.0,direct,adapted,1,c4a54cdecc67,1307,11
rust,bytes,document,100,81,serde_avro_fast,2.1.0,658,620,114,1278,1519756.838906,1612903.225806,782472.613459,0,1.0,serde,native,1,c4a54cdecc67,1308,12
rust,bytes,document,100,81,ciborium,0.2.2,502,1952,339,2454,1992031.872510,512295.081967,407497.962510,0,1.0,serde,native,1,c4a54cdecc67,1309,13
rust,bytes,document,100,81,postcard,1.1.3,152,390,114,542,6578947.368421,2564102.564103,1845018.450185,0,1.0,serde,adapted,1,c4a54cdecc67,1310,14
rust,bytes,document,100,81,serde_json,1.0.150,535,1068,460,1603,1869158.878505,936329.588015,623830.318153,0,1.0,serde,native,1,c4a54cdecc67,1311,15
rust,bytes,document,100,82,bincode,2.0.1,221,439,122,660,4524886.877828,2277904.328018,1515151.515152,0,1.0,serde,adapted,1,c4a54cdecc67,1312,0
rust,bytes,document,100,82,flexbuffers,2.0.0,2360,1720,452,4080,423728.813559,581395.348837,245098.039216,0,1.0,serde,adapted,1,c4a54cdecc67,1313,1
rust,bytes,document,100,82,ciborium,0.2.2,421,1946,339,2367,2375296.912114,513874.614594,422475.707647,0,1.0,serde,native,1,c4a54cdecc67,1314,2
rust,bytes,document,100,82,prost,0.13.5,482,525,155,1007,2074688.796680,1904761.904762,993048.659384,0,1.0,message,adapted,1,c4a54cdecc67,1315,3
rust,bytes,document,100,82,nanoserde,0.1.37,276,279,258,555,3623188.405797,3584229.390681,1801801.801802,0,1.0,direct,adapted,1,c4a54cdecc67,1316,4
rust,bytes,document,100,82,simd-json,0.14.3,487,2728,460,3215,2053388.090349,366568.914956,311041.990669,0,1.0,serde,adapted,1,c4a54cdecc67,1317,5
rust,bytes,document,100,82,bitcode,0.6.9,1192,883,122,2075,838926.174497,1132502.831257,481927.710843,0,1.0,serde,adapted,1,c4a54cdecc67,1318,6
rust,bytes,document,100,82,postcard,1.1.3,137,358,114,495,7299270.072993,2793296.089385,2020202.020202,0,1.0,serde,adapted,1,c4a54cdecc67,1319,7
rust,bytes,document,100,82,serde_avro_fast,2.1.0,564,599,114,1163,1773049.645390,1669449.081803,859845.227859,0,1.0,serde,native,1,c4a54cdecc67,1320,8
rust,bytes,document,100,82,minicbor,0.25.1,358,583,133,941,2793296.089385,1715265.866209,1062699.256111,0,1.0,direct,adapted,1,c4a54cdecc67,1321,9
rust,bytes,document,100,82,bson,2.15.0,940,1883,540,2823,1063829.787234,531067.445566,354233.085370,0,1.0,serde,adapted,1,c4a54cdecc67,1322,10
rust,bytes,document,100,82,sonic-rs,0.3.17,552,790,460,1342,1811594.202899,1265822.784810,745156.482861,0,1.0,serde,adapted,1,c4a54cdecc67,1323,11
rust,bytes,document,100,82,speedy,0.8.7,99,222,214,321,10101010.101010,4504504.504505,3115264.797508,0,1.0,direct,adapted,1,c4a54cdecc67,1324,12
rust,bytes,document,100,82,rmp-serde,1.3.1,312,734,333,1046,3205128.205128,1362397.820163,956022.944551,0,1.0,serde,adapted,1,c4a54cdecc67,1325,13
rust,bytes,document,100,82,rkyv,0.8.17,397,300,272,697,2518891.687657,3333333.333333,1434720.229555,0,1.0,archive,adapted,1,c4a54cdecc67,1326,14
rust,bytes,document,100,82,serde_json,1.0.150,479,1025,460,1504,2087682.672234,975609.756098,664893.617021,0,1.0,serde,native,1,c4a54cdecc67,1327,15
rust,bytes,document,100,83,rmp-serde,1.3.1,333,767,333,1100,3003003.003003,1303780.964798,909090.909091,0,1.0,serde,adapted,1,c4a54cdecc67,1328,0
rust,bytes,document,100,83,ciborium,0.2.2,474,1973,339,2447,2109704.641350,506842.372022,408663.669800,0,1.0,serde,native,1,c4a54cdecc67,1329,1
rust,bytes,document,100,83,minicbor,0.25.1,291,516,133,807,3436426.116838,1937984.496124,1239157.372986,0,1.0,direct,adapted,1,c4a54cdecc67,1330,2
rust,bytes,document,100,83,prost,0.13.5,461,532,155,993,2169197.396963,1879699.248120,1007049.345418,0,1.0,message,adapted,1,c4a54cdecc67,1331,3
rust,bytes,document,100,83,sonic-rs,0.3.17,454,752,460,1206,2202643.171806,1329787.234043,829187.396352,0,1.0,serde,adapted,1,c4a54cdecc67,1332,4
rust,bytes,document,100,83,rkyv,0.8.17,373,301,272,674,2680965.147453,3322259.136213,1483679.525223,0,1.0,archive,adapted,1,c4a54cdecc67,1333,5
rust,bytes,document,100,83,nanoserde,0.1.37,236,306,258,542,4237288.135593,3267973.856209,1845018.450185,0,1.0,direct,adapted,1,c4a54cdecc67,1334,6
rust,bytes,document,100,83,bson,2.15.0,974,1911,540,2885,1026694.045175,523286.237572,346620.450607,0,1.0,serde,adapted,1,c4a54cdecc67,1335,7
rust,bytes,document,100,83,bincode,2.0.1,234,482,122,716,4273504.273504,2074688.796680,1396648.044693,0,1.0,serde,adapted,1,c4a54cdecc67,1336,8
rust,bytes,document,100,83,serde_avro_fast,2.1.0,550,675,114,1225,1818181.818182,1481481.481481,816326.530612,0,1.0,serde,native,1,c4a54cdecc67,1337,9
rust,bytes,document,100,83,speedy,0.8.7,62,168,214,230,16129032.258065,5952380.952381,4347826.086957,0,1.0,direct,adapted,1,c4a54cdecc67,1338,10
rust,bytes,document,100,83,postcard,1.1.3,161,320,114,481,6211180.124224,3125000.000000,2079002.079002,0,1.0,serde,adapted,1,c4a54cdecc67,1339,11
rust,bytes,document,100,83,serde_json,1.0.150,484,1032,460,1516,2066115.702479,968992.248062,659630.606860,0,1.0,serde,native,1,c4a54cdecc67,1340,12
rust,bytes,document,100,83,flexbuffers,2.0.0,2456,1685,452,4141,407166.123779,593471.810089,241487.563390,0,1.0,serde,adapted,1,c4a54cdecc67,1341,13
rust,bytes,document,100,83,simd-json,0.14.3,474,1373,460,1847,2109704.641350,728332.119446,541418.516513,0,1.0,serde,adapted,1,c4a54cdecc67,1342,14
rust,bytes,document,100,83,bitcode,0.6.9,1271,846,122,2117,786782.061369,1182033.096927,472366.556448,0,1.0,serde,adapted,1,c4a54cdecc67,1343,15
rust,bytes,document,100,84,serde_avro_fast,2.1.0,3234,675,114,3909,309214.594929,1481481.481481,255819.902788,0,1.0,serde,native,1,c4a54cdecc67,1344,0
rust,bytes,document,100,84,sonic-rs,0.3.17,447,1044,460,1491,2237136.465324,957854.406130,670690.811536,0,1.0,serde,adapted,1,c4a54cdecc67,1345,1
rust,bytes,document,100,84,minicbor,0.25.1,291,516,133,807,3436426.116838,1937984.496124,1239157.372986,0,1.0,direct,adapted,1,c4a54cdecc67,1346,2
rust,bytes,document,100,84,postcard,1.1.3,148,343,114,491,6756756.756757,2915451.895044,2036659.877800,0,1.0,serde,adapted,1,c4a54cdecc67,1347,3
rust,bytes,document,100,84,bson,2.15.0,950,1911,540,2861,1052631.578947,523286.237572,349528.137015,0,1.0,serde,adapted,1,c4a54cdecc67,1348,4
rust,bytes,document,100,84,nanoserde,0.1.37,261,299,258,560,3831417.624521,3344481.605351,1785714.285714,0,1.0,direct,adapted,1,c4a54cdecc67,1349,5
rust,bytes,document,100,84,bitcode,0.6.9,1201,774,122,1975,832639.467111,1291989.664083,506329.113924,0,1.0,serde,adapted,1,c4a54cdecc67,1350,6
rust,bytes,document,100,84,simd-json,0.14.3,566,1255,460,1821,1766784.452297,796812.749004,549148.819330,0,1.0,serde,adapted,1,c4a54cdecc67,1351,7
rust,bytes,document,100,84,rkyv,0.8.17,366,294,272,660,2732240.437158,3401360.544218,1515151.515152,0,1.0,archive,adapted,1,c4a54cdecc67,1352,8
rust,bytes,document,100,84,ciborium,0.2.2,483,1870,339,2353,2070393.374741,534759.358289,424989.375266,0,1.0,serde,native,1,c4a54cdecc67,1353,9
rust,bytes,document,100,84,rmp-serde,1.3.1,293,754,333,1047,3412969.283276,1326259.946950,955109.837631,0,1.0,serde,adapted,1,c4a54cdecc67,1354,10
rust,bytes,document,100,84,bincode,2.0.1,210,484,122,694,4761904.761905,2066115.702479,1440922.190202,0,1.0,serde,adapted,1,c4a54cdecc67,1355,11
rust,bytes,document,100,84,flexbuffers,2.0.0,2609,1677,452,4286,383288.616328,596302.921884,233317.778815,0,1.0,serde,adapted,1,c4a54cdecc67,1356,12
rust,bytes,document,100,84,prost,0.13.5,478,603,155,1081,2092050.209205,1658374.792703,925069.380204,0,1.0,message,adapted,1,c4a54cdecc67,1357,13
rust,bytes,document,100,84,serde_json,1.0.150,586,1175,460,1761,1706484.641638,851063.829787,567859.170926,0,1.0,serde,native,1,c4a54cdecc67,1358,14
rust,bytes,document,100,84,speedy,0.8.7,62,233,214,295,16129032.258065,4291845.493562,3389830.508475,0,1.0,direct,adapted,1,c4a54cdecc67,1359,15
rust,bytes,document,100,85,postcard,1.1.3,164,475,114,639,6097560.975610,2105263.157895,1564945.226917,0,1.0,serde,adapted,1,c4a54cdecc67,1360,0
rust,bytes,document,100,85,bitcode,0.6.9,1579,837,122,2416,633312.222926,1194743.130227,413907.284768,0,1.0,serde,adapted,1,c4a54cdecc67,1361,1
rust,bytes,document,100,85,flexbuffers,2.0.0,2368,1619,452,3987,422297.297297,617665.225448,250815.149235,0,1.0,serde,adapted,1,c4a54cdecc67,1362,2
rust,bytes,document,100,85,simd-json,0.14.3,489,1370,460,1859,2044989.775051,729927.007299,537923.614847,0,1.0,serde,adapted,1,c4a54cdecc67,1363,3
rust,bytes,document,100,85,sonic-rs,0.3.17,487,928,460,1415,2053388.090349,1077586.206897,706713.780919,0,1.0,serde,adapted,1,c4a54cdecc67,1364,4
rust,bytes,document,100,85,serde_avro_fast,2.1.0,657,696,114,1353,1522070.015221,1436781.609195,739098.300074,0,1.0,serde,native,1,c4a54cdecc67,1365,5
rust,bytes,document,100,85,rkyv,0.8.17,375,300,272,675,2666666.666667,3333333.333333,1481481.481481,0,1.0,archive,adapted,1,c4a54cdecc67,1366,6
rust,bytes,document,100,85,serde_json,1.0.150,687,1078,460,1765,1455604.075691,927643.784787,566572.237960,0,1.0,serde,native,1,c4a54cdecc67,1367,7
rust,bytes,document,100,85,speedy,0.8.7,60,245,214,305,16666666.666667,4081632.653061,3278688.524590,0,1.0,direct,adapted,1,c4a54cdecc67,1368,8
rust,bytes,document,100,85,ciborium,0.2.2,462,1890,339,2352,2164502.164502,529100.529101,425170.068027,0,1.0,serde,native,1,c4a54cdecc67,1369,9
rust,bytes,document,100,85,minicbor,0.25.1,422,551,133,973,2369668.246445,1814882.032668,1027749.229188,0,1.0,direct,adapted,1,c4a54cdecc67,1370,10
rust,bytes,document,100,85,nanoserde,0.1.37,312,274,258,586,3205128.205128,3649635.036496,1706484.641638,0,1.0,direct,adapted,1,c4a54cdecc67,1371,11
rust,bytes,document,100,85,bincode,2.0.1,156,543,122,699,6410256.410256,1841620.626151,1430615.164521,0,1.0,serde,adapted,1,c4a54cdecc67,1372,12
rust,bytes,document,100,85,bson,2.15.0,1106,2016,540,3122,904159.132007,496031.746032,320307.495195,0,1.0,serde,adapted,1,c4a54cdecc67,1373,13
rust,bytes,document,100,85,prost,0.13.5,567,542,155,1109,1763668.430335,1845018.450185,901713.255185,0,1.0,message,adapted,1,c4a54cdecc67,1374,14
rust,bytes,document,100,85,rmp-serde,1.3.1,302,782,333,1084,3311258.278146,1278772.378517,922509.225092,0,1.0,serde,adapted,1,c4a54cdecc67,1375,15
rust,bytes,document,100,86,flexbuffers,2.0.0,2427,1780,452,4207,412031.314380,561797.752809,237699.072974,0,1.0,serde,adapted,1,c4a54cdecc67,1376,0
rust,bytes,document,100,86,bincode,2.0.1,164,682,122,846,6097560.975610,1466275.659824,1182033.096927,0,1.0,serde,adapted,1,c4a54cdecc67,1377,1
rust,bytes,document,100,86,speedy,0.8.7,45,177,214,222,22222222.222222,5649717.514124,4504504.504505,0,1.0,direct,adapted,1,c4a54cdecc67,1378,2
rust,bytes,document,100,86,rkyv,0.8.17,399,351,272,750,2506265.664160,2849002.849003,1333333.333333,0,1.0,archive,adapted,1,c4a54cdecc67,1379,3
rust,bytes,document,100,86,sonic-rs,0.3.17,476,814,460,1290,2100840.336134,1228501.228501,775193.798450,0,1.0,serde,adapted,1,c4a54cdecc67,1380,4
rust,bytes,document,100,86,nanoserde,0.1.37,256,309,258,565,3906250.000000,3236245.954693,1769911.504425,0,1.0,direct,adapted,1,c4a54cdecc67,1381,5
rust,bytes,document,100,86,bitcode,0.6.9,1306,989,122,2295,765696.784074,1011122.345804,435729.847495,0,1.0,serde,adapted,1,c4a54cdecc67,1382,6
rust,bytes,document,100,86,simd-json,0.14.3,577,1646,460,2223,1733102.253033,607533.414338,449842.555106,0,1.0,serde,adapted,1,c4a54cdecc67,1383,7
rust,bytes,document,100,86,rmp-serde,1.3.1,256,682,333,938,3906250.000000,1466275.659824,1066098.081023,0,1.0,serde,adapted,1,c4a54cdecc67,1384,8
rust,bytes,document,100,86,minicbor,0.25.1,388,516,133,904,2577319.587629,1937984.496124,1106194.690265,0,1.0,direct,adapted,1,c4a54cdecc67,1385,9
rust,bytes,document,100,86,serde_avro_fast,2.1.0,592,661,114,1253,1689189.189189,1512859.304085,798084.596967,0,1.0,serde,native,1,c4a54cdecc67,1386,10
rust,bytes,document,100,86,prost,0.13.5,532,553,155,1085,1879699.248120,1808318.264014,921658.986175,0,1.0,message,adapted,1,c4a54cdecc67,1387,11
rust,bytes,document,100,86,ciborium,0.2.2,487,1957,339,2444,2053388.090349,510986.203373,409165.302782,0,1.0,serde,native,1,c4a54cdecc67,1388,12
rust,bytes,document,100,86,bson,2.15.0,978,2055,540,3033,1022494.887526,486618.004866,329706.561161,0,1.0,serde,adapted,1,c4a54cdecc67,1389,13
rust,bytes,document,100,86,serde_json,1.0.150,566,1137,460,1703,1766784.452297,879507.475814,587199.060482,0,1.0,serde,native,1,c4a54cdecc67,1390,14
rust,bytes,document,100,86,postcard,1.1.3,151,384,114,535,6622516.556291,2604166.666667,1869158.878505,0,1.0,serde,adapted,1,c4a54cdecc67,1391,15
rust,bytes,document,100,87,postcard,1.1.3,141,547,114,688,7092198.581560,1828153.564899,1453488.372093,0,1.0,serde,adapted,1,c4a54cdecc67,1392,0
rust,bytes,document,100,87,bincode,2.0.1,199,692,122,891,5025125.628141,1445086.705202,1122334.455668,0,1.0,serde,adapted,1,c4a54cdecc67,1393,1
rust,bytes,document,100,87,simd-json,0.14.3,562,1490,460,2052,1779359.430605,671140.939597,487329.434698,0,1.0,serde,adapted,1,c4a54cdecc67,1394,2
rust,bytes,document,100,87,serde_json,1.0.150,426,1046,460,1472,2347417.840376,956022.944551,679347.826087,0,1.0,serde,native,1,c4a54cdecc67,1395,3
rust,bytes,document,100,87,bson,2.15.0,953,1898,540,2851,1049317.943337,526870.389884,350754.121361,0,1.0,serde,adapted,1,c4a54cdecc67,1396,4
rust,bytes,document,100,87,rkyv,0.8.17,475,265,272,740,2105263.157895,3773584.905660,1351351.351351,0,1.0,archive,adapted,1,c4a54cdecc67,1397,5
rust,bytes,document,100,87,serde_avro_fast,2.1.0,595,545,114,1140,1680672.268908,1834862.385321,877192.982456,0,1.0,serde,native,1,c4a54cdecc67,1398,6
rust,bytes,document,100,87,bitcode,0.6.9,1260,879,122,2139,793650.793651,1137656.427759,467508.181393,0,1.0,serde,adapted,1,c4a54cdecc67,1399,7
rust,bytes,document,100,87,speedy,0.8.7,100,203,214,303,10000000.000000,4926108.374384,3300330.033003,0,1.0,direct,adapted,1,c4a54cdecc67,1400,8
rust,bytes,document,100,87,prost,0.13.5,1593,549,155,2142,627746.390458,1821493.624772,466853.408030,0,1.0,message,adapted,1,c4a54cdecc67,1401,9
rust,bytes,document,100,87,rmp-serde,1.3.1,369,662,333,1031,2710027.100271,1510574.018127,969932.104753,0,1.0,serde,adapted,1,c4a54cdecc67,1402,10
rust,bytes,document,100,87,minicbor,0.25.1,331,507,133,838,3021148.036254,1972386.587771,1193317.422434,0,1.0,direct,adapted,1,c4a54cdecc67,1403,11
rust,bytes,document,100,87,nanoserde,0.1.37,337,270,258,607,2967359.050445,3703703.703704,1647446.457990,0,1.0,direct,adapted,1,c4a54cdecc67,1404,12
rust,bytes,document,100,87,flexbuffers,2.0.0,2544,1664,452,4208,393081.761006,600961.538462,237642.585551,0,1.0,serde,adapted,1,c4a54cdecc67,1405,13
rust,bytes,document,100,87,sonic-rs,0.3.17,492,828,460,1320,2032520.325203,1207729.468599,757575.757576,0,1.0,serde,adapted,1,c4a54cdecc67,1406,14
rust,bytes,document,100,87,ciborium,0.2.2,465,1894,339,2359,2150537.634409,527983.104541,423908.435778,0,1.0,serde,native,1,c4a54cdecc67,1407,15
rust,bytes,document,100,88,speedy,0.8.7,62,295,214,357,16129032.258065,3389830.508475,2801120.448179,0,1.0,direct,adapted,1,c4a54cdecc67,1408,0
rust,bytes,document,100,88,serde_avro_fast,2.1.0,598,1022,114,1620,1672240.802676,978473.581213,617283.950617,0,1.0,serde,native,1,c4a54cdecc67,1409,1
rust,bytes,document,100,88,bson,2.15.0,930,1796,540,2726,1075268.817204,556792.873051,366837.857667,0,1.0,serde,adapted,1,c4a54cdecc67,1410,2
rust,bytes,document,100,88,nanoserde,0.1.37,273,301,258,574,3663003.663004,3322259.136213,1742160.278746,0,1.0,direct,adapted,1,c4a54cdecc67,1411,3
rust,bytes,document,100,88,flexbuffers,2.0.0,2337,1541,452,3878,427899.015832,648929.266710,257864.878804,0,1.0,serde,adapted,1,c4a54cdecc67,1412,4
rust,bytes,document,100,88,rkyv,0.8.17,371,272,272,643,2695417.789757,3676470.588235,1555209.953344,0,1.0,archive,adapted,1,c4a54cdecc67,1413,5
rust,bytes,document,100,88,prost,0.13.5,452,521,155,973,2212389.380531,1919385.796545,1027749.229188,0,1.0,message,adapted,1,c4a54cdecc67,1414,6
rust,bytes,document,100,88,minicbor,0.25.1,312,524,133,836,3205128.205128,1908396.946565,1196172.248804,0,1.0,direct,adapted,1,c4a54cdecc67,1415,7
rust,bytes,document,100,88,simd-json,0.14.3,523,1400,460,1923,1912045.889101,714285.714286,520020.800832,0,1.0,serde,adapted,1,c4a54cdecc67,1416,8
rust,bytes,document,100,88,ciborium,0.2.2,501,1702,339,2203,1996007.984032,587544.065805,453926.463913,0,1.0,serde,native,1,c4a54cdecc67,1417,9
rust,bytes,document,100,88,sonic-rs,0.3.17,450,752,460,1202,2222222.222222,1329787.234043,831946.755408,0,1.0,serde,adapted,1,c4a54cdecc67,1418,10
rust,bytes,document,100,88,rmp-serde,1.3.1,302,750,333,1052,3311258.278146,1333333.333333,950570.342205,0,1.0,serde,adapted,1,c4a54cdecc67,1419,11
rust,bytes,document,100,88,postcard,1.1.3,150,417,114,567,6666666.666667,2398081.534772,1763668.430335,0,1.0,serde,adapted,1,c4a54cdecc67,1420,12
rust,bytes,document,100,88,bincode,2.0.1,239,625,122,864,4184100.418410,1600000.000000,1157407.407407,0,1.0,serde,adapted,1,c4a54cdecc67,1421,13
rust,bytes,document,100,88,bitcode,0.6.9,1529,1020,122,2549,654022.236756,980392.156863,392310.710082,0,1.0,serde,adapted,1,c4a54cdecc67,1422,14
rust,bytes,document,100,88,serde_json,1.0.150,512,1125,460,1637,1953125.000000,888888.888889,610873.549175,0,1.0,serde,native,1,c4a54cdecc67,1423,15
rust,bytes,document,100,89,rmp-serde,1.3.1,256,768,333,1024,3906250.000000,1302083.333333,976562.500000,0,1.0,serde,adapted,1,c4a54cdecc67,1424,0
rust,bytes,document,100,89,rkyv,0.8.17,440,446,272,886,2272727.272727,2242152.466368,1128668.171558,0,1.0,archive,adapted,1,c4a54cdecc67,1425,1
rust,bytes,document,100,89,sonic-rs,0.3.17,404,971,460,1375,2475247.524752,1029866.117405,727272.727273,0,1.0,serde,adapted,1,c4a54cdecc67,1426,2
rust,bytes,document,100,89,prost,0.13.5,419,531,155,950,2386634.844869,1883239.171375,1052631.578947,0,1.0,message,adapted,1,c4a54cdecc67,1427,3
rust,bytes,document,100,89,simd-json,0.14.3,488,1349,460,1837,2049180.327869,741289.844329,544365.813827,0,1.0,serde,adapted,1,c4a54cdecc67,1428,4
rust,bytes,document,100,89,serde_avro_fast,2.1.0,617,621,114,1238,1620745.542950,1610305.958132,807754.442649,0,1.0,serde,native,1,c4a54cdecc67,1429,5
rust,bytes,document,100,89,ciborium,0.2.2,498,1783,339,2281,2008032.128514,560852.495794,438404.208680,0,1.0,serde,native,1,c4a54cdecc67,1430,6
rust,bytes,document,100,89,bincode,2.0.1,184,525,122,709,5434782.608696,1904761.904762,1410437.235543,0,1.0,serde,adapted,1,c4a54cdecc67,1431,7
rust,bytes,document,100,89,bson,2.15.0,983,1904,540,2887,1017293.997965,525210.084034,346380.325598,0,1.0,serde,adapted,1,c4a54cdecc67,1432,8
rust,bytes,document,100,89,minicbor,0.25.1,312,500,133,812,3205128.205128,2000000.000000,1231527.093596,0,1.0,direct,adapted,1,c4a54cdecc67,1433,9
rust,bytes,document,100,89,speedy,0.8.7,81,242,214,323,12345679.012346,4132231.404959,3095975.232198,0,1.0,direct,adapted,1,c4a54cdecc67,1434,10
rust,bytes,document,100,89,postcard,1.1.3,126,383,114,509,7936507.936508,2610966.057441,1964636.542240,0,1.0,serde,adapted,1,c4a54cdecc67,1435,11
rust,bytes,document,100,89,serde_json,1.0.150,563,1025,460,1588,1776198.934281,975609.756098,629722.921914,0,1.0,serde,native,1,c4a54cdecc67,1436,12
rust,bytes,document,100,89,flexbuffers,2.0.0,2522,1735,452,4257,396510.705789,576368.876081,234907.211651,0,1.0,serde,adapted,1,c4a54cdecc67,1437,13
rust,bytes,document,100,89,nanoserde,0.1.37,298,347,258,645,3355704.697987,2881844.380403,1550387.596899,0,1.0,direct,adapted,1,c4a54cdecc67,1438,14
rust,bytes,document,100,89,bitcode,0.6.9,1223,949,122,2172,817661.488144,1053740.779768,460405.156538,0,1.0,serde,adapted,1,c4a54cdecc67,1439,15
rust,bytes,document,100,90,postcard,1.1.3,151,497,114,648,6622516.556291,2012072.434608,1543209.876543,0,1.0,serde,adapted,1,c4a54cdecc67,1440,0
rust,bytes,document,100,90,bincode,2.0.1,209,581,122,790,4784688.995215,1721170.395869,1265822.784810,0,1.0,serde,adapted,1,c4a54cdecc67,1441,1
rust,bytes,document,100,90,serde_avro_fast,2.1.0,602,637,114,1239,1661129.568106,1569858.712716,807102.502018,0,1.0,serde,native,1,c4a54cdecc67,1442,2
rust,bytes,document,100,90,minicbor,0.25.1,308,514,133,822,3246753.246753,1945525.291829,1216545.012165,0,1.0,direct,adapted,1,c4a54cdecc67,1443,3
rust,bytes,document,100,90,flexbuffers,2.0.0,2455,1617,452,4072,407331.975560,618429.189858,245579.567780,0,1.0,serde,adapted,1,c4a54cdecc67,1444,4
rust,bytes,document,100,90,bson,2.15.0,898,1981,540,2879,1113585.746102,504795.557799,347342.827371,0,1.0,serde,adapted,1,c4a54cdecc67,1445,5
rust,bytes,document,100,90,simd-json,0.14.3,558,1270,460,1828,1792114.695341,787401.574803,547045.951860,0,1.0,serde,adapted,1,c4a54cdecc67,1446,6
rust,bytes,document,100,90,bitcode,0.6.9,1047,746,122,1793,955109.837631,1340482.573727,557724.484105,0,1.0,serde,adapted,1,c4a54cdecc67,1447,7
rust,bytes,document,100,90,nanoserde,0.1.37,288,312,258,600,3472222.222222,3205128.205128,1666666.666667,0,1.0,direct,adapted,1,c4a54cdecc67,1448,8
rust,bytes,document,100,90,rmp-serde,1.3.1,276,682,333,958,3623188.405797,1466275.659824,1043841.336117,0,1.0,serde,adapted,1,c4a54cdecc67,1449,9
rust,bytes,document,100,90,sonic-rs,0.3.17,422,823,460,1245,2369668.246445,1215066.828676,803212.851406,0,1.0,serde,adapted,1,c4a54cdecc67,1450,10
rust,bytes,document,100,90,speedy,0.8.7,71,293,214,364,14084507.042254,3412969.283276,2747252.747253,0,1.0,direct,adapted,1,c4a54cdecc67,1451,11
rust,bytes,document,100,90,prost,0.13.5,542,516,155,1058,1845018.450185,1937984.496124,945179.584121,0,1.0,message,adapted,1,c4a54cdecc67,1452,12
rust,bytes,document,100,90,serde_json,1.0.150,488,1111,460,1599,2049180.327869,900090.009001,625390.869293,0,1.0,serde,native,1,c4a54cdecc67,1453,13
rust,bytes,document,100,90,ciborium,0.2.2,487,1962,339,2449,2053388.090349,509683.995923,408329.930584,0,1.0,serde,native,1,c4a54cdecc67,1454,14
rust,bytes,document,100,90,rkyv,0.8.17,491,334,272,825,2036659.877800,2994011.976048,1212121.212121,0,1.0,archive,adapted,1,c4a54cdecc67,1455,15
rust,bytes,document,100,91,ciborium,0.2.2,460,1918,339,2378,2173913.043478,521376.433785,420521.446594,0,1.0,serde,native,1,c4a54cdecc67,1456,0
rust,bytes,document,100,91,serde_avro_fast,2.1.0,595,935,114,1530,1680672.268908,1069518.716578,653594.771242,0,1.0,serde,native,1,c4a54cdecc67,1457,1
rust,bytes,document,100,91,simd-json,0.14.3,541,1386,460,1927,1848428.835490,721500.721501,518941.359626,0,1.0,serde,adapted,1,c4a54cdecc67,1458,2
rust,bytes,document,100,91,bincode,2.0.1,210,462,122,672,4761904.761905,2164502.164502,1488095.238095,0,1.0,serde,adapted,1,c4a54cdecc67,1459,3
rust,bytes,document,100,91,speedy,0.8.7,57,289,214,346,17543859.649123,3460207.612457,2890173.410405,0,1.0,direct,adapted,1,c4a54cdecc67,1460,4
rust,bytes,document,100,91,minicbor,0.25.1,276,510,133,786,3623188.405797,1960784.313725,1272264.631043,0,1.0,direct,adapted,1,c4a54cdecc67,1461,5
rust,bytes,document,100,91,prost,0.13.5,466,545,155,1011,2145922.746781,1834862.385321,989119.683482,0,1.0,message,adapted,1,c4a54cdecc67,1462,6
rust,bytes,document,100,91,nanoserde,0.1.37,351,272,258,623,2849002.849003,3676470.588235,1605136.436597,0,1.0,direct,adapted,1,c4a54cdecc67,1463,7
rust,bytes,document,100,91,rmp-serde,1.3.1,252,667,333,919,3968253.968254,1499250.374813,1088139.281828,0,1.0,serde,adapted,1,c4a54cdecc67,1464,8
rust,bytes,document,100,91,serde_json,1.0.150,474,1082,460,1556,2109704.641350,924214.417745,642673.521851,0,1.0,serde,native,1,c4a54cdecc67,1465,9
rust,bytes,document,100,91,rkyv,0.8.17,492,282,272,774,2032520.325203,3546099.290780,1291989.664083,0,1.0,archive,adapted,1,c4a54cdecc67,1466,10
rust,bytes,document,100,91,bson,2.15.0,900,1962,540,2862,1111111.111111,509683.995923,349406.009783,0,1.0,serde,adapted,1,c4a54cdecc67,1467,11
rust,bytes,document,100,91,flexbuffers,2.0.0,2630,1642,452,4272,380228.136882,609013.398295,234082.397004,0,1.0,serde,adapted,1,c4a54cdecc67,1468,12
rust,bytes,document,100,91,sonic-rs,0.3.17,520,770,460,1290,1923076.923077,1298701.298701,775193.798450,0,1.0,serde,adapted,1,c4a54cdecc67,1469,13
rust,bytes,document,100,91,postcard,1.1.3,148,385,114,533,6756756.756757,2597402.597403,1876172.607880,0,1.0,serde,adapted,1,c4a54cdecc67,1470,14
rust,bytes,document,100,91,bitcode,0.6.9,1270,957,122,2227,787401.574803,1044932.079415,449034.575662,0,1.0,serde,adapted,1,c4a54cdecc67,1471,15
rust,bytes,document,100,92,flexbuffers,2.0.0,2372,1714,452,4086,421585.160202,583430.571762,244738.130201,0,1.0,serde,adapted,1,c4a54cdecc67,1472,0
rust,bytes,document,100,92,serde_avro_fast,2.1.0,570,857,114,1427,1754385.964912,1166861.143524,700770.847933,0,1.0,serde,native,1,c4a54cdecc67,1473,1
rust,bytes,document,100,92,speedy,0.8.7,52,295,214,347,19230769.230769,3389830.508475,2881844.380403,0,1.0,direct,adapted,1,c4a54cdecc67,1474,2
rust,bytes,document,100,92,minicbor,0.25.1,367,489,133,856,2724795.640327,2044989.775051,1168224.299065,0,1.0,direct,adapted,1,c4a54cdecc67,1475,3
rust,bytes,document,100,92,sonic-rs,0.3.17,437,785,460,1222,2288329.519451,1273885.350318,818330.605565,0,1.0,serde,adapted,1,c4a54cdecc67,1476,4
rust,bytes,document,100,92,rkyv,0.8.17,407,315,272,722,2457002.457002,3174603.174603,1385041.551247,0,1.0,archive,adapted,1,c4a54cdecc67,1477,5
rust,bytes,document,100,92,nanoserde,0.1.37,311,311,258,622,3215434.083601,3215434.083601,1607717.041801,0,1.0,direct,adapted,1,c4a54cdecc67,1478,6
rust,bytes,document,100,92,postcard,1.1.3,146,289,114,435,6849315.068493,3460207.612457,2298850.574713,0,1.0,serde,adapted,1,c4a54cdecc67,1479,7
rust,bytes,document,100,92,bitcode,0.6.9,1143,944,122,2087,874890.638670,1059322.033898,479156.684236,0,1.0,serde,adapted,1,c4a54cdecc67,1480,8
rust,bytes,document,100,92,bincode,2.0.1,142,480,122,622,7042253.521127,2083333.333333,1607717.041801,0,1.0,serde,adapted,1,c4a54cdecc67,1481,9
rust,bytes,document,100,92,bson,2.15.0,978,1959,540,2937,1022494.887526,510464.522716,340483.486551,0,1.0,serde,adapted,1,c4a54cdecc67,1482,10
rust,bytes,document,100,92,ciborium,0.2.2,480,1833,339,2313,2083333.333333,545553.737043,432338.953740,0,1.0,serde,native,1,c4a54cdecc67,1483,11
rust,bytes,document,100,92,rmp-serde,1.3.1,338,738,333,1076,2958579.881657,1355013.550136,929368.029740,0,1.0,serde,adapted,1,c4a54cdecc67,1484,12
rust,bytes,document,100,92,simd-json,0.14.3,495,1337,460,1832,2020202.020202,747943.156320,545851.528384,0,1.0,serde,adapted,1,c4a54cdecc67,1485,13
rust,bytes,document,100,92,prost,0.13.5,438,546,155,984,2283105.022831,1831501.831502,1016260.162602,0,1.0,message,adapted,1,c4a54cdecc67,1486,14
rust,bytes,document,100,92,serde_json,1.0.150,416,1104,460,1520,2403846.153846,905797.101449,657894.736842,0,1.0,serde,native,1,c4a54cdecc67,1487,15
rust,bytes,document,100,93,rmp-serde,1.3.1,379,742,333,1121,2638522.427441,1347708.894879,892060.660125,0,1.0,serde,adapted,1,c4a54cdecc67,1488,0
rust,bytes,document,100,93,serde_avro_fast,2.1.0,549,896,114,1445,1821493.624772,1116071.428571,692041.522491,0,1.0,serde,native,1,c4a54cdecc67,1489,1
rust,bytes,document,100,93,bson,2.15.0,998,1916,540,2914,1002004.008016,521920.668058,343170.899108,0,1.0,serde,adapted,1,c4a54cdecc67,1490,2
rust,bytes,document,100,93,speedy,0.8.7,78,239,214,317,12820512.820513,4184100.418410,3154574.132492,0,1.0,direct,adapted,1,c4a54cdecc67,1491,3
rust,bytes,document,100,93,minicbor,0.25.1,318,493,133,811,3144654.088050,2028397.565923,1233045.622688,0,1.0,direct,adapted,1,c4a54cdecc67,1492,4
rust,bytes,document,100,93,postcard,1.1.3,132,378,114,510,7575757.575758,2645502.645503,1960784.313725,0,1.0,serde,adapted,1,c4a54cdecc67,1493,5
rust,bytes,document,100,93,simd-json,0.14.3,472,1314,460,1786,2118644.067797,761035.007610,559910.414334,0,1.0,serde,adapted,1,c4a54cdecc67,1494,6
rust,bytes,document,100,93,prost,0.13.5,467,564,155,1031,2141327.623126,1773049.645390,969932.104753,0,1.0,message,adapted,1,c4a54cdecc67,1495,7
rust,bytes,document,100,93,bincode,2.0.1,169,555,122,724,5917159.763314,1801801.801802,1381215.469613,0,1.0,serde,adapted,1,c4a54cdecc67,1496,8
rust,bytes,document,100,93,sonic-rs,0.3.17,478,777,460,1255,2092050.209205,1287001.287001,796812.749004,0,1.0,serde,adapted,1,c4a54cdecc67,1497,9
rust,bytes,document,100,93,bitcode,0.6.9,1390,909,122,2299,719424.460432,1100110.011001,434971.726838,0,1.0,serde,adapted,1,c4a54cdecc67,1498,10
rust,bytes,document,100,93,nanoserde,0.1.37,308,361,258,669,3246753.246753,2770083.102493,1494768.310912,0,1.0,direct,adapted,1,c4a54cdecc67,1499,11
rust,bytes,document,100,93,flexbuffers,2.0.0,2713,1682,452,4395,368595.650571,594530.321046,227531.285552,0,1.0,serde,adapted,1,c4a54cdecc67,1500,12
rust,bytes,document,100,93,rkyv,0.8.17,367,308,272,675,2724795.640327,3246753.246753,1481481.481481,0,1.0,archive,adapted,1,c4a54cdecc67,1501,13
rust,bytes,document,100,93,serde_json,1.0.150,449,1105,460,1554,2227171.492205,904977.375566,643500.643501,0,1.0,serde,native,1,c4a54cdecc67,1502,14
rust,bytes,document,100,93,ciborium,0.2.2,452,1802,339,2254,2212389.380531,554938.956715,443655.723159,0,1.0,serde,native,1,c4a54cdecc67,1503,15
rust,bytes,document,100,94,bson,2.15.0,957,2081,540,3038,1044932.079415,480538.202787,329163.923634,0,1.0,serde,adapted,1,c4a54cdecc67,1504,0
rust,bytes,document,100,94,serde_avro_fast,2.1.0,549,777,114,1326,1821493.624772,1287001.287001,754147.812971,0,1.0,serde,native,1,c4a54cdecc67,1505,1
rust,bytes,document,100,94,bitcode,0.6.9,1246,843,122,2089,802568.218299,1186239.620403,478697.941599,0,1.0,serde,adapted,1,c4a54cdecc67,1506,2
rust,bytes,document,100,94,sonic-rs,0.3.17,465,841,460,1306,2150537.634409,1189060.642093,765696.784074,0,1.0,serde,adapted,1,c4a54cdecc67,1507,3
rust,bytes,document,100,94,postcard,1.1.3,137,383,114,520,7299270.072993,2610966.057441,1923076.923077,0,1.0,serde,adapted,1,c4a54cdecc67,1508,4
rust,bytes,document,100,94,rmp-serde,1.3.1,349,677,333,1026,2865329.512894,1477104.874446,974658.869396,0,1.0,serde,adapted,1,c4a54cdecc67,1509,5
rust,bytes,document,100,94,serde_json,1.0.150,470,1048,460,1518,2127659.574468,954198.473282,658761.528327,0,1.0,serde,native,1,c4a54cdecc67,1510,6
rust,bytes,document,100,94,rkyv,0.8.17,417,350,272,767,2398081.534772,2857142.857143,1303780.964798,0,1.0,archive,adapted,1,c4a54cdecc67,1511,7
rust,bytes,document,100,94,ciborium,0.2.2,397,1748,339,2145,2518891.687657,572082.379863,466200.466200,0,1.0,serde,native,1,c4a54cdecc67,1512,8
rust,bytes,document,100,94,prost,0.13.5,572,530,155,1102,1748251.748252,1886792.452830,907441.016334,0,1.0,message,adapted,1,c4a54cdecc67,1513,9
rust,bytes,document,100,94,bincode,2.0.1,188,551,122,739,5319148.936170,1814882.032668,1353179.972936,0,1.0,serde,adapted,1,c4a54cdecc67,1514,10
rust,bytes,document,100,94,nanoserde,0.1.37,278,307,258,585,3597122.302158,3257328.990228,1709401.709402,0,1.0,direct,adapted,1,c4a54cdecc67,1515,11
rust,bytes,document,100,94,flexbuffers,2.0.0,2529,1660,452,4189,395413.206801,602409.638554,238720.458343,0,1.0,serde,adapted,1,c4a54cdecc67,1516,12
rust,bytes,document,100,94,speedy,0.8.7,81,222,214,303,12345679.012346,4504504.504505,3300330.033003,0,1.0,direct,adapted,1,c4a54cdecc67,1517,13
rust,bytes,document,100,94,minicbor,0.25.1,431,448,133,879,2320185.614849,2232142.857143,1137656.427759,0,1.0,direct,adapted,1,c4a54cdecc67,1518,14
rust,bytes,document,100,94,simd-json,0.14.3,568,1491,460,2059,1760563.380282,670690.811536,485672.656629,0,1.0,serde,adapted,1,c4a54cdecc67,1519,15
rust,bytes,document,100,95,serde_json,1.0.150,553,1151,460,1704,1808318.264014,868809.730669,586854.460094,0,1.0,serde,native,1,c4a54cdecc67,1520,0
rust,bytes,document,100,95,bitcode,0.6.9,1461,849,122,2310,684462.696783,1177856.301531,432900.432900,0,1.0,serde,adapted,1,c4a54cdecc67,1521,1
rust,bytes,document,100,95,postcard,1.1.3,146,333,114,479,6849315.068493,3003003.003003,2087682.672234,0,1.0,serde,adapted,1,c4a54cdecc67,1522,2
rust,bytes,document,100,95,sonic-rs,0.3.17,480,769,460,1249,2083333.333333,1300390.117035,800640.512410,0,1.0,serde,adapted,1,c4a54cdecc67,1523,3
rust,bytes,document,100,95,rkyv,0.8.17,442,313,272,755,2262443.438914,3194888.178914,1324503.311258,0,1.0,archive,adapted,1,c4a54cdecc67,1524,4
rust,bytes,document,100,95,rmp-serde,1.3.1,249,690,333,939,4016064.257028,1449275.362319,1064962.726305,0,1.0,serde,adapted,1,c4a54cdecc67,1525,5
rust,bytes,document,100,95,serde_avro_fast,2.1.0,589,639,114,1228,1697792.869270,1564945.226917,814332.247557,0,1.0,serde,native,1,c4a54cdecc67,1526,6
rust,bytes,document,100,95,nanoserde,0.1.37,371,326,258,697,2695417.789757,3067484.662577,1434720.229555,0,1.0,direct,adapted,1,c4a54cdecc67,1527,7
rust,bytes,document,100,95,bson,2.15.0,1002,1990,540,2992,998003.992016,502512.562814,334224.598930,0,1.0,serde,adapted,1,c4a54cdecc67,1528,8
rust,bytes,document,100,95,simd-json,0.14.3,500,1226,460,1726,2000000.000000,815660.685155,579374.275782,0,1.0,serde,adapted,1,c4a54cdecc67,1529,9
rust,bytes,document,100,95,speedy,0.8.7,61,214,214,275,16393442.622951,4672897.196262,3636363.636364,0,1.0,direct,adapted,1,c4a54cdecc67,1530,10
rust,bytes,document,100,95,prost,0.13.5,492,558,155,1050,2032520.325203,1792114.695341,952380.952381,0,1.0,message,adapted,1,c4a54cdecc67,1531,11
rust,bytes,document,100,95,ciborium,0.2.2,502,1963,339,2465,1992031.872510,509424.350484,405679.513185,0,1.0,serde,native,1,c4a54cdecc67,1532,12
rust,bytes,document,100,95,minicbor,0.25.1,320,561,133,881,3125000.000000,1782531.194296,1135073.779796,0,1.0,direct,adapted,1,c4a54cdecc67,1533,13
rust,bytes,document,100,95,bincode,2.0.1,181,608,122,789,5524861.878453,1644736.842105,1267427.122940,0,1.0,serde,adapted,1,c4a54cdecc67,1534,14
rust,bytes,document,100,95,flexbuffers,2.0.0,2740,1616,452,4356,364963.503650,618811.881188,229568.411387,0,1.0,serde,adapted,1,c4a54cdecc67,1535,15
rust,bytes,document,100,96,simd-json,0.14.3,565,1496,460,2061,1769911.504425,668449.197861,485201.358564,0,1.0,serde,adapted,1,c4a54cdecc67,1536,0
rust,bytes,document,100,96,ciborium,0.2.2,437,2058,339,2495,2288329.519451,485908.649174,400801.603206,0,1.0,serde,native,1,c4a54cdecc67,1537,1
rust,bytes,document,100,96,sonic-rs,0.3.17,500,863,460,1363,2000000.000000,1158748.551564,733675.715334,0,1.0,serde,adapted,1,c4a54cdecc67,1538,2
rust,bytes,document,100,96,serde_avro_fast,2.1.0,580,635,114,1215,1724137.931034,1574803.149606,823045.267490,0,1.0,serde,native,1,c4a54cdecc67,1539,3
rust,bytes,document,100,96,flexbuffers,2.0.0,2466,1488,452,3954,405515.004055,672043.010753,252908.447142,0,1.0,serde,adapted,1,c4a54cdecc67,1540,4
rust,bytes,document,100,96,speedy,0.8.7,83,184,214,267,12048192.771084,5434782.608696,3745318.352060,0,1.0,direct,adapted,1,c4a54cdecc67,1541,5
rust,bytes,document,100,96,serde_json,1.0.150,513,1061,460,1574,1949317.738791,942507.068803,635324.015248,0,1.0,serde,native,1,c4a54cdecc67,1542,6
rust,bytes,document,100,96,rkyv,0.8.17,414,326,272,740,2415458.937198,3067484.662577,1351351.351351,0,1.0,archive,adapted,1,c4a54cdecc67,1543,7
rust,bytes,document,100,96,prost,0.13.5,437,589,155,1026,2288329.519451,1697792.869270,974658.869396,0,1.0,message,adapted,1,c4a54cdecc67,1544,8
rust,bytes,document,100,96,postcard,1.1.3,140,294,114,434,7142857.142857,3401360.544218,2304147.465438,0,1.0,serde,adapted,1,c4a54cdecc67,1545,9
rust,bytes,document,100,96,minicbor,0.25.1,315,537,133,852,3174603.174603,1862197.392924,1173708.920188,0,1.0,direct,adapted,1,c4a54cdecc67,1546,10
rust,bytes,document,100,96,bincode,2.0.1,130,626,122,756,7692307.692308,1597444.089457,1322751.322751,0,1.0,serde,adapted,1,c4a54cdecc67,1547,11
rust,bytes,document,100,96,rmp-serde,1.3.1,281,773,333,1054,3558718.861210,1293661.060802,948766.603416,0,1.0,serde,adapted,1,c4a54cdecc67,1548,12
rust,bytes,document,100,96,bson,2.15.0,1091,2067,540,3158,916590.284143,483792.936623,316656.111463,0,1.0,serde,adapted,1,c4a54cdecc67,1549,13
rust,bytes,document,100,96,nanoserde,0.1.37,410,392,258,802,2439024.390244,2551020.408163,1246882.793017,0,1.0,direct,adapted,1,c4a54cdecc67,1550,14
rust,bytes,document,100,96,bitcode,0.6.9,1283,901,122,2184,779423.226812,1109877.913430,457875.457875,0,1.0,serde,adapted,1,c4a54cdecc67,1551,15
rust,bytes,document,100,97,bitcode,0.6.9,1216,1038,122,2254,822368.421053,963391.136802,443655.723159,0,1.0,serde,adapted,1,c4a54cdecc67,1552,0
rust,bytes,document,100,97,postcard,1.1.3,149,623,114,772,6711409.395973,1605136.436597,1295336.787565,0,1.0,serde,adapted,1,c4a54cdecc67,1553,1
rust,bytes,document,100,97,nanoserde,0.1.37,266,302,258,568,3759398.496241,3311258.278146,1760563.380282,0,1.0,direct,adapted,1,c4a54cdecc67,1554,2
rust,bytes,document,100,97,rkyv,0.8.17,471,319,272,790,2123142.250531,3134796.238245,1265822.784810,0,1.0,archive,adapted,1,c4a54cdecc67,1555,3
rust,bytes,document,100,97,sonic-rs,0.3.17,567,766,460,1333,1763668.430335,1305483.028721,750187.546887,0,1.0,serde,adapted,1,c4a54cdecc67,1556,4
rust,bytes,document,100,97,serde_avro_fast,2.1.0,612,580,114,1192,1633986.928105,1724137.931034,838926.174497,0,1.0,serde,native,1,c4a54cdecc67,1557,5
rust,bytes,document,100,97,minicbor,0.25.1,334,475,133,809,2994011.976048,2105263.157895,1236093.943140,0,1.0,direct,adapted,1,c4a54cdecc67,1558,6
rust,bytes,document,100,97,ciborium,0.2.2,484,1773,339,2257,2066115.702479,564015.792442,443066.016837,0,1.0,serde,native,1,c4a54cdecc67,1559,7
rust,bytes,document,100,97,serde_json,1.0.150,589,1060,460,1649,1697792.869270,943396.226415,606428.138266,0,1.0,serde,native,1,c4a54cdecc67,1560,8
rust,bytes,document,100,97,bson,2.15.0,987,1878,540,2865,1013171.225937,532481.363152,349040.139616,0,1.0,serde,adapted,1,c4a54cdecc67,1561,9
rust,bytes,document,100,97,speedy,0.8.7,68,240,214,308,14705882.352941,4166666.666667,3246753.246753,0,1.0,direct,adapted,1,c4a54cdecc67,1562,10
rust,bytes,document,100,97,prost,0.13.5,478,551,155,1029,2092050.209205,1814882.032668,971817.298348,0,1.0,message,adapted,1,c4a54cdecc67,1563,11
rust,bytes,document,100,97,flexbuffers,2.0.0,2518,1656,452,4174,397140.587768,603864.734300,239578.342118,0,1.0,serde,adapted,1,c4a54cdecc67,1564,12
rust,bytes,document,100,97,rmp-serde,1.3.1,261,684,333,945,3831417.624521,1461988.304094,1058201.058201,0,1.0,serde,adapted,1,c4a54cdecc67,1565,13
rust,bytes,document,100,97,bincode,2.0.1,175,605,122,780,5714285.714286,1652892.561983,1282051.282051,0,1.0,serde,adapted,1,c4a54cdecc67,1566,14
rust,bytes,document,100,97,simd-json,0.14.3,493,1461,460,1954,2028397.565923,684462.696783,511770.726714,0,1.0,serde,adapted,1,c4a54cdecc67,1567,15
rust,bytes,document,100,98,bincode,2.0.1,135,446,122,581,7407407.407407,2242152.466368,1721170.395869,0,1.0,serde,adapted,1,c4a54cdecc67,1568,0
rust,bytes,document,100,98,ciborium,0.2.2,470,1947,339,2417,2127659.574468,513610.683102,413736.036409,0,1.0,serde,native,1,c4a54cdecc67,1569,1
rust,bytes,document,100,98,postcard,1.1.3,152,321,114,473,6578947.368421,3115264.797508,2114164.904863,0,1.0,serde,adapted,1,c4a54cdecc67,1570,2
rust,bytes,document,100,98,prost,0.13.5,441,507,155,948,2267573.696145,1972386.587771,1054852.320675,0,1.0,message,adapted,1,c4a54cdecc67,1571,3
rust,bytes,document,100,98,bitcode,0.6.9,1157,874,122,2031,864304.235091,1144164.759725,492368.291482,0,1.0,serde,adapted,1,c4a54cdecc67,1572,4
rust,bytes,document,100,98,minicbor,0.25.1,377,507,133,884,2652519.893899,1972386.587771,1131221.719457,0,1.0,direct,adapted,1,c4a54cdecc67,1573,5
rust,bytes,document,100,98,simd-json,0.14.3,480,1510,460,1990,2083333.333333,662251.655629,502512.562814,0,1.0,serde,adapted,1,c4a54cdecc67,1574,6
rust,bytes,document,100,98,bson,2.15.0,904,1971,540,2875,1106194.690265,507356.671740,347826.086957,0,1.0,serde,adapted,1,c4a54cdecc67,1575,7
rust,bytes,document,100,98,nanoserde,0.1.37,293,323,258,616,3412969.283276,3095975.232198,1623376.623377,0,1.0,direct,adapted,1,c4a54cdecc67,1576,8
rust,bytes,document,100,98,speedy,0.8.7,87,202,214,289,11494252.873563,4950495.049505,3460207.612457,0,1.0,direct,adapted,1,c4a54cdecc67,1577,9
rust,bytes,document,100,98,rmp-serde,1.3.1,286,720,333,1006,3496503.496503,1388888.888889,994035.785288,0,1.0,serde,adapted,1,c4a54cdecc67,1578,10
rust,bytes,document,100,98,sonic-rs,0.3.17,387,806,460,1193,2583979.328165,1240694.789082,838222.967309,0,1.0,serde,adapted,1,c4a54cdecc67,1579,11
rust,bytes,document,100,98,rkyv,0.8.17,402,338,272,740,2487562.189055,2958579.881657,1351351.351351,0,1.0,archive,adapted,1,c4a54cdecc67,1580,12
rust,bytes,document,100,98,flexbuffers,2.0.0,2553,1615,452,4168,391696.043870,619195.046440,239923.224568,0,1.0,serde,adapted,1,c4a54cdecc67,1581,13
rust,bytes,document,100,98,serde_avro_fast,2.1.0,667,634,114,1301,1499250.374813,1577287.066246,768639.508071,0,1.0,serde,native,1,c4a54cdecc67,1582,14
rust,bytes,document,100,98,serde_json,1.0.150,611,1063,460,1674,1636661.211129,940733.772342,597371.565114,0,1.0,serde,native,1,c4a54cdecc67,1583,15
rust,bytes,document,100,99,serde_json,1.0.150,440,1224,460,1664,2272727.272727,816993.464052,600961.538462,0,1.0,serde,native,1,c4a54cdecc67,1584,0
rust,bytes,document,100,99,ciborium,0.2.2,459,1860,339,2319,2178649.237473,537634.408602,431220.353601,0,1.0,serde,native,1,c4a54cdecc67,1585,1
rust,bytes,document,100,99,rmp-serde,1.3.1,248,784,333,1032,4032258.064516,1275510.204082,968992.248062,0,1.0,serde,adapted,1,c4a54cdecc67,1586,2
rust,bytes,document,100,99,serde_avro_fast,2.1.0,604,554,114,1158,1655629.139073,1805054.151625,863557.858377,0,1.0,serde,native,1,c4a54cdecc67,1587,3
rust,bytes,document,100,99,speedy,0.8.7,69,191,214,260,14492753.623188,5235602.094241,3846153.846154,0,1.0,direct,adapted,1,c4a54cdecc67,1588,4
rust,bytes,document,100,99,bson,2.15.0,953,1912,540,2865,1049317.943337,523012.552301,349040.139616,0,1.0,serde,adapted,1,c4a54cdecc67,1589,5
rust,bytes,document,100,99,sonic-rs,0.3.17,454,813,460,1267,2202643.171806,1230012.300123,789265.982636,0,1.0,serde,adapted,1,c4a54cdecc67,1590,6
rust,bytes,document,100,99,prost,0.13.5,506,595,155,1101,1976284.584980,1680672.268908,908265.213442,0,1.0,message,adapted,1,c4a54cdecc67,1591,7
rust,bytes,document,100,99,simd-json,0.14.3,547,1365,460,1912,1828153.564899,732600.732601,523012.552301,0,1.0,serde,adapted,1,c4a54cdecc67,1592,8
rust,bytes,document,100,99,rkyv,0.8.17,456,250,272,706,2192982.456140,4000000.000000,1416430.594901,0,1.0,archive,adapted,1,c4a54cdecc67,1593,9
rust,bytes,document,100,99,minicbor,0.25.1,295,499,133,794,3389830.508475,2004008.016032,1259445.843829,0,1.0,direct,adapted,1,c4a54cdecc67,1594,10
rust,bytes,document,100,99,flexbuffers,2.0.0,2408,1581,452,3989,415282.392027,632511.068944,250689.395839,0,1.0,serde,adapted,1,c4a54cdecc67,1595,11
rust,bytes,document,100,99,nanoserde,0.1.37,285,291,258,576,3508771.929825,3436426.116838,1736111.111111,0,1.0,direct,adapted,1,c4a54cdecc67,1596,12
rust,bytes,document,100,99,bincode,2.0.1,181,463,122,644,5524861.878453,2159827.213823,1552795.031056,0,1.0,serde,adapted,1,c4a54cdecc67,1597,13
rust,bytes,document,100,99,bitcode,0.6.9,1397,951,122,2348,715819.613457,1051524.710831,425894.378194,0,1.0,serde,adapted,1,c4a54cdecc67,1598,14
rust,bytes,document,100,99,postcard,1.1.3,157,350,114,507,6369426.751592,2857142.857143,1972386.587771,0,1.0,serde,adapted,1,c4a54cdecc67,1599,15
rust,stream,document,100,0,nanoserde,0.1.37,699,753,258,1452,1430615.164521,1328021.248340,688705.234160,0,1.0,direct,adapted,1,c4a54cdecc67,1600,0
rust,stream,document,100,0,serde_avro_fast,2.1.0,4215,3524,114,7739,237247.924081,283768.444949,129215.660938,0,1.0,serde,native,1,c4a54cdecc67,1601,1
rust,stream,document,100,0,serde_json,1.0.150,3027,10064,460,13091,330360.092501,99364.069952,76388.358414,0,1.0,serde,native,1,c4a54cdecc67,1602,2
rust,stream,document,100,0,simd-json,0.14.3,955,1492,460,2447,1047120.418848,670241.286863,408663.669800,0,1.0,serde,adapted,1,c4a54cdecc67,1603,3
rust,stream,document,100,0,rkyv,0.8.17,676,434,272,1110,1479289.940828,2304147.465438,900900.900901,0,1.0,archive,adapted,1,c4a54cdecc67,1604,4
rust,stream,document,100,0,bitcode,0.6.9,1790,1149,122,2939,558659.217877,870322.019147,340251.786322,0,1.0,serde,adapted,1,c4a54cdecc67,1605,5
rust,stream,document,100,0,rmp-serde,1.3.1,594,988,333,1582,1683501.683502,1012145.748988,632111.251580,0,1.0,serde,adapted,1,c4a54cdecc67,1606,6
rust,stream,document,100,0,bincode,2.0.1,377,556,122,933,2652519.893899,1798561.151079,1071811.361200,0,1.0,serde,adapted,1,c4a54cdecc67,1607,7
rust,stream,document,100,0,prost,0.13.5,866,703,155,1569,1154734.411085,1422475.106686,637348.629700,0,1.0,message,adapted,1,c4a54cdecc67,1608,8
rust,stream,document,100,0,postcard,1.1.3,358,474,114,832,2793296.089385,2109704.641350,1201923.076923,0,1.0,serde,adapted,1,c4a54cdecc67,1609,9
rust,stream,document,100,0,flexbuffers,2.0.0,3010,1756,452,4766,332225.913621,569476.082005,209819.555183,0,1.0,serde,adapted,1,c4a54cdecc67,1610,10
rust,stream,document,100,0,ciborium,0.2.2,5839,5278,339,11117,171262.202432,189465.706707,89952.325268,0,1.0,serde,native,1,c4a54cdecc67,1611,11
rust,stream,document,100,0,bson,2.15.0,1201,2300,540,3501,832639.467111,434782.608696,285632.676378,0,1.0,serde,adapted,1,c4a54cdecc67,1612,12
rust,stream,document,100,0,speedy,0.8.7,280,336,214,616,3571428.571429,2976190.476190,1623376.623377,0,1.0,direct,adapted,1,c4a54cdecc67,1613,13
rust,stream,document,100,0,minicbor,0.25.1,586,695,133,1281,1706484.641638,1438848.920863,780640.124902,0,1.0,direct,adapted,1,c4a54cdecc67,1614,14
rust,stream,document,100,0,sonic-rs,0.3.17,884,1095,460,1979,1131221.719457,913242.009132,505305.709955,0,1.0,serde,adapted,1,c4a54cdecc67,1615,15
rust,stream,document,100,1,bson,2.15.0,984,2017,540,3001,1016260.162602,495785.820526,333222.259247,0,1.0,serde,adapted,1,c4a54cdecc67,1616,0
rust,stream,document,100,1,bincode,2.0.1,372,482,122,854,2688172.043011,2074688.796680,1170960.187354,0,1.0,serde,adapted,1,c4a54cdecc67,1617,1
rust,stream,document,100,1,serde_json,1.0.150,1592,3208,460,4800,628140.703518,311720.698254,208333.333333,0,1.0,serde,native,1,c4a54cdecc67,1618,2
rust,stream,document,100,1,rmp-serde,1.3.1,587,902,333,1489,1703577.512777,1108647.450111,671591.672263,0,1.0,serde,adapted,1,c4a54cdecc67,1619,3
rust,stream,document,100,1,nanoserde,0.1.37,575,415,258,990,1739130.434783,2409638.554217,1010101.010101,0,1.0,direct,adapted,1,c4a54cdecc67,1620,4
rust,stream,document,100,1,flexbuffers,2.0.0,2718,1679,452,4397,367917.586461,595592.614652,227427.791676,0,1.0,serde,adapted,1,c4a54cdecc67,1621,5
rust,stream,document,100,1,serde_avro_fast,2.1.0,1030,1454,114,2484,970873.786408,687757.909216,402576.489533,0,1.0,serde,native,1,c4a54cdecc67,1622,6
rust,stream,document,100,1,simd-json,0.14.3,672,1319,460,1991,1488095.238095,758150.113723,502260.170768,0,1.0,serde,adapted,1,c4a54cdecc67,1623,7
rust,stream,document,100,1,bitcode,0.6.9,1695,998,122,2693,589970.501475,1002004.008016,371333.085778,0,1.0,serde,adapted,1,c4a54cdecc67,1624,8
rust,stream,document,100,1,minicbor,0.25.1,581,583,133,1164,1721170.395869,1715265.866209,859106.529210,0,1.0,direct,adapted,1,c4a54cdecc67,1625,9
rust,stream,document,100,1,sonic-rs,0.3.17,726,886,460,1612,1377410.468320,1128668.171558,620347.394541,0,1.0,serde,adapted,1,c4a54cdecc67,1626,10
rust,stream,document,100,1,prost,0.13.5,688,644,155,1332,1453488.372093,1552795.031056,750750.750751,0,1.0,message,adapted,1,c4a54cdecc67,1627,11
rust,stream,document,100,1,speedy,0.8.7,226,243,214,469,4424778.761062,4115226.337449,2132196.162047,0,1.0,direct,adapted,1,c4a54cdecc67,1628,12
rust,stream,document,100,1,ciborium,0.2.2,1578,2401,339,3979,633713.561470,416493.127863,251319.426992,0,1.0,serde,native,1,c4a54cdecc67,1629,13
rust,stream,document,100,1,postcard,1.1.3,339,494,114,833,2949852.507375,2024291.497976,1200480.192077,0,1.0,serde,adapted,1,c4a54cdecc67,1630,14
rust,stream,document,100,1,rkyv,0.8.17,517,350,272,867,1934235.976789,2857142.857143,1153402.537486,0,1.0,archive,adapted,1,c4a54cdecc67,1631,15
rust,stream,document,100,2,bson,2.15.0,1172,2191,540,3363,853242.320819,456412.596988,297353.553375,0,1.0,serde,adapted,1,c4a54cdecc67,1632,0
rust,stream,document,100,2,serde_json,1.0.150,1409,2820,460,4229,709723.207949,354609.929078,236462.520690,0,1.0,serde,native,1,c4a54cdecc67,1633,1
rust,stream,document,100,2,nanoserde,0.1.37,679,394,258,1073,1472754.050074,2538071.065990,931966.449208,0,1.0,direct,adapted,1,c4a54cdecc67,1634,2
rust,stream,document,100,2,simd-json,0.14.3,600,1565,460,2165,1666666.666667,638977.635783,461893.764434,0,1.0,serde,adapted,1,c4a54cdecc67,1635,3
rust,stream,document,100,2,ciborium,0.2.2,1088,2141,339,3229,919117.647059,467071.461934,309693.403531,0,1.0,serde,native,1,c4a54cdecc67,1636,4
rust,stream,document,100,2,rmp-serde,1.3.1,435,794,333,1229,2298850.574713,1259445.843829,813669.650122,0,1.0,serde,adapted,1,c4a54cdecc67,1637,5
rust,stream,document,100,2,sonic-rs,0.3.17,635,836,460,1471,1574803.149606,1196172.248804,679809.653297,0,1.0,serde,adapted,1,c4a54cdecc67,1638,6
rust,stream,document,100,2,bitcode,0.6.9,1676,982,122,2658,596658.711217,1018329.938900,376222.723853,0,1.0,serde,adapted,1,c4a54cdecc67,1639,7
rust,stream,document,100,2,serde_avro_fast,2.1.0,846,968,114,1814,1182033.096927,1033057.851240,551267.916207,0,1.0,serde,native,1,c4a54cdecc67,1640,8
rust,stream,document,100,2,prost,0.13.5,634,602,155,1236,1577287.066246,1661129.568106,809061.488673,0,1.0,message,adapted,1,c4a54cdecc67,1641,9
rust,stream,document,100,2,rkyv,0.8.17,439,280,272,719,2277904.328018,3571428.571429,1390820.584145,0,1.0,archive,adapted,1,c4a54cdecc67,1642,10
rust,stream,document,100,2,speedy,0.8.7,189,292,214,481,5291005.291005,3424657.534247,2079002.079002,0,1.0,direct,adapted,1,c4a54cdecc67,1643,11
rust,stream,document,100,2,bincode,2.0.1,345,455,122,800,2898550.724638,2197802.197802,1250000.000000,0,1.0,serde,adapted,1,c4a54cdecc67,1644,12
rust,stream,document,100,2,flexbuffers,2.0.0,2830,1796,452,4626,353356.890459,556792.873051,216169.476870,0,1.0,serde,adapted,1,c4a54cdecc67,1645,13
rust,stream,document,100,2,minicbor,0.25.1,552,573,133,1125,1811594.202899,1745200.698080,888888.888889,0,1.0,direct,adapted,1,c4a54cdecc67,1646,14
rust,stream,document,100,2,postcard,1.1.3,227,382,114,609,4405286.343612,2617801.047120,1642036.124795,0,1.0,serde,adapted,1,c4a54cdecc67,1647,15
rust,stream,document,100,3,bson,2.15.0,997,2052,540,3049,1003009.027081,487329.434698,327976.385700,0,1.0,serde,adapted,1,c4a54cdecc67,1648,0
rust,stream,document,100,3,nanoserde,0.1.37,517,452,258,969,1934235.976789,2212389.380531,1031991.744066,0,1.0,direct,adapted,1,c4a54cdecc67,1649,1
rust,stream,document,100,3,serde_json,1.0.150,1406,3038,460,4444,711237.553343,329163.923634,225022.502250,0,1.0,serde,native,1,c4a54cdecc67,1650,2
rust,stream,document,100,3,sonic-rs,0.3.17,683,871,460,1554,1464128.843338,1148105.625718,643500.643501,0,1.0,serde,adapted,1,c4a54cdecc67,1651,3
rust,stream,document,100,3,flexbuffers,2.0.0,2574,1619,452,4193,388500.388500,617665.225448,238492.725972,0,1.0,serde,adapted,1,c4a54cdecc67,1652,4
rust,stream,document,100,3,bincode,2.0.1,261,369,122,630,3831417.624521,2710027.100271,1587301.587302,0,1.0,serde,adapted,1,c4a54cdecc67,1653,5
rust,stream,document,100,3,serde_avro_fast,2.1.0,758,874,114,1632,1319261.213720,1144164.759725,612745.098039,0,1.0,serde,native,1,c4a54cdecc67,1654,6
rust,stream,document,100,3,rmp-serde,1.3.1,422,800,333,1222,2369668.246445,1250000.000000,818330.605565,0,1.0,serde,adapted,1,c4a54cdecc67,1655,7
rust,stream,document,100,3,bitcode,0.6.9,1610,956,122,2566,621118.012422,1046025.104603,389711.613406,0,1.0,serde,adapted,1,c4a54cdecc67,1656,8
rust,stream,document,100,3,prost,0.13.5,729,662,155,1391,1371742.112483,1510574.018127,718907.260963,0,1.0,message,adapted,1,c4a54cdecc67,1657,9
rust,stream,document,100,3,postcard,1.1.3,246,379,114,625,4065040.650407,2638522.427441,1600000.000000,0,1.0,serde,adapted,1,c4a54cdecc67,1658,10
rust,stream,document,100,3,minicbor,0.25.1,461,555,133,1016,2169197.396963,1801801.801802,984251.968504,0,1.0,direct,adapted,1,c4a54cdecc67,1659,11
rust,stream,document,100,3,speedy,0.8.7,201,242,214,443,4975124.378109,4132231.404959,2257336.343115,0,1.0,direct,adapted,1,c4a54cdecc67,1660,12
rust,stream,document,100,3,ciborium,0.2.2,1290,2350,339,3640,775193.798450,425531.914894,274725.274725,0,1.0,serde,native,1,c4a54cdecc67,1661,13
rust,stream,document,100,3,simd-json,0.14.3,770,1456,460,2226,1298701.298701,686813.186813,449236.298293,0,1.0,serde,adapted,1,c4a54cdecc67,1662,14
rust,stream,document,100,3,rkyv,0.8.17,518,359,272,877,1930501.930502,2785515.320334,1140250.855188,0,1.0,archive,adapted,1,c4a54cdecc67,1663,15
rust,stream,document,100,4,minicbor,0.25.1,348,702,133,1050,2873563.218391,1424501.424501,952380.952381,0,1.0,direct,adapted,1,c4a54cdecc67,1664,0
rust,stream,document,100,4,nanoserde,0.1.37,428,489,258,917,2336448.598131,2044989.775051,1090512.540894,0,1.0,direct,adapted,1,c4a54cdecc67,1665,1
rust,stream,document,100,4,sonic-rs,0.3.17,557,958,460,1515,1795332.136445,1043841.336117,660066.006601,0,1.0,serde,adapted,1,c4a54cdecc67,1666,2
rust,stream,document,100,4,bincode,2.0.1,310,390,122,700,3225806.451613,2564102.564103,1428571.428571,0,1.0,serde,adapted,1,c4a54cdecc67,1667,3
rust,stream,document,100,4,flexbuffers,2.0.0,2821,1894,452,4715,354484.225452,527983.104541,212089.077413,0,1.0,serde,adapted,1,c4a54cdecc67,1668,4
rust,stream,document,100,4,prost,0.13.5,801,879,155,1680,1248439.450687,1137656.427759,595238.095238,0,1.0,message,adapted,1,c4a54cdecc67,1669,5
rust,stream,document,100,4,simd-json,0.14.3,624,1333,460,1957,1602564.102564,750187.546887,510986.203373,0,1.0,serde,adapted,1,c4a54cdecc67,1670,6
rust,stream,document,100,4,bson,2.15.0,1146,2156,540,3302,872600.349040,463821.892393,302846.759540,0,1.0,serde,adapted,1,c4a54cdecc67,1671,7
rust,stream,document,100,4,postcard,1.1.3,269,458,114,727,3717472.118959,2183406.113537,1375515.818432,0,1.0,serde,adapted,1,c4a54cdecc67,1672,8
rust,stream,document,100,4,ciborium,0.2.2,1203,2414,339,3617,831255.195345,414250.207125,276472.214542,0,1.0,serde,native,1,c4a54cdecc67,1673,9
rust,stream,document,100,4,serde_avro_fast,2.1.0,884,1041,114,1925,1131221.719457,960614.793468,519480.519481,0,1.0,serde,native,1,c4a54cdecc67,1674,10
rust,stream,document,100,4,speedy,0.8.7,203,237,214,440,4926108.374384,4219409.282700,2272727.272727,0,1.0,direct,adapted,1,c4a54cdecc67,1675,11
rust,stream,document,100,4,rkyv,0.8.17,386,296,272,682,2590673.575130,3378378.378378,1466275.659824,0,1.0,archive,adapted,1,c4a54cdecc67,1676,12
rust,stream,document,100,4,serde_json,1.0.150,1538,2876,460,4414,650195.058518,347705.146036,226551.880381,0,1.0,serde,native,1,c4a54cdecc67,1677,13
rust,stream,document,100,4,bitcode,0.6.9,1765,1041,122,2806,566572.237960,960614.793468,356379.187455,0,1.0,serde,adapted,1,c4a54cdecc67,1678,14
rust,stream,document,100,4,rmp-serde,1.3.1,489,907,333,1396,2044989.775051,1102535.832415,716332.378223,0,1.0,serde,adapted,1,c4a54cdecc67,1679,15
rust,stream,document,100,5,bson,2.15.0,942,2044,540,2986,1061571.125265,489236.790607,334896.182184,0,1.0,serde,adapted,1,c4a54cdecc67,1680,0
rust,stream,document,100,5,simd-json,0.14.3,716,1371,460,2087,1396648.044693,729394.602480,479156.684236,0,1.0,serde,adapted,1,c4a54cdecc67,1681,1
rust,stream,document,100,5,serde_json,1.0.150,1428,2497,460,3925,700280.112045,400480.576692,254777.070064,0,1.0,serde,native,1,c4a54cdecc67,1682,2
rust,stream,document,100,5,bitcode,0.6.9,1516,841,122,2357,659630.606860,1189060.642093,424268.137463,0,1.0,serde,adapted,1,c4a54cdecc67,1683,3
rust,stream,document,100,5,sonic-rs,0.3.17,654,910,460,1564,1529051.987768,1098901.098901,639386.189258,0,1.0,serde,adapted,1,c4a54cdecc67,1684,4
rust,stream,document,100,5,bincode,2.0.1,322,397,122,719,3105590.062112,2518891.687657,1390820.584145,0,1.0,serde,adapted,1,c4a54cdecc67,1685,5
rust,stream,document,100,5,speedy,0.8.7,238,255,214,493,4201680.672269,3921568.627451,2028397.565923,0,1.0,direct,adapted,1,c4a54cdecc67,1686,6
rust,stream,document,100,5,serde_avro_fast,2.1.0,751,822,114,1573,1331557.922770,1216545.012165,635727.908455,0,1.0,serde,native,1,c4a54cdecc67,1687,7
rust,stream,document,100,5,rmp-serde,1.3.1,367,796,333,1163,2724795.640327,1256281.407035,859845.227859,0,1.0,serde,adapted,1,c4a54cdecc67,1688,8
rust,stream,document,100,5,rkyv,0.8.17,514,305,272,819,1945525.291829,3278688.524590,1221001.221001,0,1.0,archive,adapted,1,c4a54cdecc67,1689,9
rust,stream,document,100,5,flexbuffers,2.0.0,2783,1841,452,4624,359324.469996,543183.052689,216262.975779,0,1.0,serde,adapted,1,c4a54cdecc67,1690,10
rust,stream,document,100,5,ciborium,0.2.2,1280,2351,339,3631,781250.000000,425350.914504,275406.224181,0,1.0,serde,native,1,c4a54cdecc67,1691,11
rust,stream,document,100,5,nanoserde,0.1.37,469,466,258,935,2132196.162047,2145922.746781,1069518.716578,0,1.0,direct,adapted,1,c4a54cdecc67,1692,12
rust,stream,document,100,5,prost,0.13.5,703,767,155,1470,1422475.106686,1303780.964798,680272.108844,0,1.0,message,adapted,1,c4a54cdecc67,1693,13
rust,stream,document,100,5,minicbor,0.25.1,488,666,133,1154,2049180.327869,1501501.501502,866551.126516,0,1.0,direct,adapted,1,c4a54cdecc67,1694,14
rust,stream,document,100,5,postcard,1.1.3,299,440,114,739,3344481.605351,2272727.272727,1353179.972936,0,1.0,serde,adapted,1,c4a54cdecc67,1695,15
rust,stream,document,100,6,serde_avro_fast,2.1.0,773,1032,114,1805,1293661.060802,968992.248062,554016.620499,0,1.0,serde,native,1,c4a54cdecc67,1696,0
rust,stream,document,100,6,bson,2.15.0,1111,2083,540,3194,900090.009001,480076.812290,313087.038197,0,1.0,serde,adapted,1,c4a54cdecc67,1697,1
rust,stream,document,100,6,flexbuffers,2.0.0,2610,1737,452,4347,383141.762452,575705.238918,230043.708305,0,1.0,serde,adapted,1,c4a54cdecc67,1698,2
rust,stream,document,100,6,prost,0.13.5,762,792,155,1554,1312335.958005,1262626.262626,643500.643501,0,1.0,message,adapted,1,c4a54cdecc67,1699,3
rust,stream,document,100,6,bincode,2.0.1,343,371,122,714,2915451.895044,2695417.789757,1400560.224090,0,1.0,serde,adapted,1,c4a54cdecc67,1700,4
rust,stream,document,100,6,rkyv,0.8.17,549,455,272,1004,1821493.624772,2197802.197802,996015.936255,0,1.0,archive,adapted,1,c4a54cdecc67,1701,5
rust,stream,document,100,6,minicbor,0.25.1,462,666,133,1128,2164502.164502,1501501.501502,886524.822695,0,1.0,direct,adapted,1,c4a54cdecc67,1702,6
rust,stream,document,100,6,nanoserde,0.1.37,442,418,258,860,2262443.438914,2392344.497608,1162790.697674,0,1.0,direct,adapted,1,c4a54cdecc67,1703,7
rust,stream,document,100,6,speedy,0.8.7,203,341,214,544,4926108.374384,2932551.319648,1838235.294118,0,1.0,direct,adapted,1,c4a54cdecc67,1704,8
rust,stream,document,100,6,rmp-serde,1.3.1,470,950,333,1420,2127659.574468,1052631.578947,704225.352113,0,1.0,serde,adapted,1,c4a54cdecc67,1705,9
rust,stream,document,100,6,bitcode,0.6.9,1894,1424,122,3318,527983.104541,702247.191011,301386.377336,0,1.0,serde,adapted,1,c4a54cdecc67,1706,10
rust,stream,document,100,6,postcard,1.1.3,337,351,114,688,2967359.050445,2849002.849003,1453488.372093,0,1.0,serde,adapted,1,c4a54cdecc67,1707,11
rust,stream,document,100,6,serde_json,1.0.150,1417,2509,460,3926,705716.302047,398565.165405,254712.175242,0,1.0,serde,native,1,c4a54cdecc67,1708,12
rust,stream,document,100,6,ciborium,0.2.2,1168,2295,339,3463,856164.383562,435729.847495,288766.965059,0,1.0,serde,native,1,c4a54cdecc67,1709,13
rust,stream,document,100,6,sonic-rs,0.3.17,678,892,460,1570,1474926.253687,1121076.233184,636942.675159,0,1.0,serde,adapted,1,c4a54cdecc67,1710,14
rust,stream,document,100,6,simd-json,0.14.3,715,1492,460,2207,1398601.398601,670241.286863,453103.760761,0,1.0,serde,adapted,1,c4a54cdecc67,1711,15
rust,stream,document,100,7,rmp-serde,1.3.1,292,866,333,1158,3424657.534247,1154734.411085,863557.858377,0,1.0,serde,adapted,1,c4a54cdecc67,1712,0
rust,stream,document,100,7,speedy,0.8.7,213,273,214,486,4694835.680751,3663003.663004,2057613.168724,0,1.0,direct,adapted,1,c4a54cdecc67,1713,1
rust,stream,document,100,7,simd-json,0.14.3,721,1296,460,2017,1386962.552011,771604.938272,495785.820526,0,1.0,serde,adapted,1,c4a54cdecc67,1714,2
rust,stream,document,100,7,bitcode,0.6.9,1703,1227,122,2930,587199.060482,814995.925020,341296.928328,0,1.0,serde,adapted,1,c4a54cdecc67,1715,3
rust,stream,document,100,7,serde_avro_fast,2.1.0,804,910,114,1714,1243781.094527,1098901.098901,583430.571762,0,1.0,serde,native,1,c4a54cdecc67,1716,4
rust,stream,document,100,7,bson,2.15.0,1015,2016,540,3031,985221.674877,496031.746032,329924.117453,0,1.0,serde,adapted,1,c4a54cdecc67,1717,5
rust,stream,document,100,7,ciborium,0.2.2,1143,2090,339,3233,874890.638670,478468.899522,309310.238169,0,1.0,serde,native,1,c4a54cdecc67,1718,6
rust,stream,document,100,7,postcard,1.1.3,255,332,114,587,3921568.627451,3012048.192771,1703577.512777,0,1.0,serde,adapted,1,c4a54cdecc67,1719,7
rust,stream,document,100,7,sonic-rs,0.3.17,516,817,460,1333,1937984.496124,1223990.208078,750187.546887,0,1.0,serde,adapted,1,c4a54cdecc67,1720,8
rust,stream,document,100,7,serde_json,1.0.150,1275,2430,460,3705,784313.725490,411522.633745,269905.533063,0,1.0,serde,native,1,c4a54cdecc67,1721,9
rust,stream,document,100,7,flexbuffers,2.0.0,2996,1902,452,4898,333778.371162,525762.355415,204164.965292,0,1.0,serde,adapted,1,c4a54cdecc67,1722,10
rust,stream,document,100,7,nanoserde,0.1.37,444,407,258,851,2252252.252252,2457002.457002,1175088.131610,0,1.0,direct,adapted,1,c4a54cdecc67,1723,11
rust,stream,document,100,7,rkyv,0.8.17,484,343,272,827,2066115.702479,2915451.895044,1209189.842805,0,1.0,archive,adapted,1,c4a54cdecc67,1724,12
rust,stream,document,100,7,bincode,2.0.1,297,472,122,769,3367003.367003,2118644.067797,1300390.117035,0,1.0,serde,adapted,1,c4a54cdecc67,1725,13
rust,stream,document,100,7,prost,0.13.5,787,704,155,1491,1270648.030496,1420454.545455,670690.811536,0,1.0,message,adapted,1,c4a54cdecc67,1726,14
rust,stream,document,100,7,minicbor,0.25.1,486,692,133,1178,2057613.168724,1445086.705202,848896.434635,0,1.0,direct,adapted,1,c4a54cdecc67,1727,15
rust,stream,document,100,8,minicbor,0.25.1,319,699,133,1018,3134796.238245,1430615.164521,982318.271120,0,1.0,direct,adapted,1,c4a54cdecc67,1728,0
rust,stream,document,100,8,flexbuffers,2.0.0,2649,1706,452,4355,377500.943752,586166.471278,229621.125144,0,1.0,serde,adapted,1,c4a54cdecc67,1729,1
rust,stream,document,100,8,postcard,1.1.3,249,363,114,612,4016064.257028,2754820.936639,1633986.928105,0,1.0,serde,adapted,1,c4a54cdecc67,1730,2
rust,stream,document,100,8,prost,0.13.5,636,614,155,1250,1572327.044025,1628664.495114,800000.000000,0,1.0,message,adapted,1,c4a54cdecc67,1731,3
rust,stream,document,100,8,speedy,0.8.7,227,321,214,548,4405286.343612,3115264.797508,1824817.518248,0,1.0,direct,adapted,1,c4a54cdecc67,1732,4
rust,stream,document,100,8,serde_avro_fast,2.1.0,770,837,114,1607,1298701.298701,1194743.130227,622277.535781,0,1.0,serde,native,1,c4a54cdecc67,1733,5
rust,stream,document,100,8,nanoserde,0.1.37,571,373,258,944,1751313.485114,2680965.147453,1059322.033898,0,1.0,direct,adapted,1,c4a54cdecc67,1734,6
rust,stream,document,100,8,serde_json,1.0.150,1372,2665,460,4037,728862.973761,375234.521576,247708.694575,0,1.0,serde,native,1,c4a54cdecc67,1735,7
rust,stream,document,100,8,sonic-rs,0.3.17,684,854,460,1538,1461988.304094,1170960.187354,650195.058518,0,1.0,serde,adapted,1,c4a54cdecc67,1736,8
rust,stream,document,100,8,bson,2.15.0,1140,2069,540,3209,877192.982456,483325.277912,311623.558741,0,1.0,serde,adapted,1,c4a54cdecc67,1737,9
rust,stream,document,100,8,ciborium,0.2.2,1263,2232,339,3495,791765.637371,448028.673835,286123.032904,0,1.0,serde,native,1,c4a54cdecc67,1738,10
rust,stream,document,100,8,simd-json,0.14.3,745,1506,460,2251,1342281.879195,664010.624170,444247.001333,0,1.0,serde,adapted,1,c4a54cdecc67,1739,11
rust,stream,document,100,8,bincode,2.0.1,282,533,122,815,3546099.290780,1876172.607880,1226993.865031,0,1.0,serde,adapted,1,c4a54cdecc67,1740,12
rust,stream,document,100,8,rkyv,0.8.17,639,325,272,964,1564945.226917,3076923.076923,1037344.398340,0,1.0,archive,adapted,1,c4a54cdecc67,1741,13
rust,stream,document,100,8,bitcode,0.6.9,1744,1086,122,2830,573394.495413,920810.313076,353356.890459,0,1.0,serde,adapted,1,c4a54cdecc67,1742,14
rust,stream,document,100,8,rmp-serde,1.3.1,490,1029,333,1519,2040816.326531,971817.298348,658327.847268,0,1.0,serde,adapted,1,c4a54cdecc67,1743,15
rust,stream,document,100,9,speedy,0.8.7,168,333,214,501,5952380.952381,3003003.003003,1996007.984032,0,1.0,direct,adapted,1,c4a54cdecc67,1744,0
rust,stream,document,100,9,bitcode,0.6.9,1543,1063,122,2606,648088.139987,940733.772342,383729.854183,0,1.0,serde,adapted,1,c4a54cdecc67,1745,1
rust,stream,document,100,9,bson,2.15.0,1158,2092,540,3250,863557.858377,478011.472275,307692.307692,0,1.0,serde,adapted,1,c4a54cdecc67,1746,2
rust,stream,document,100,9,bincode,2.0.1,369,387,122,756,2710027.100271,2583979.328165,1322751.322751,0,1.0,serde,adapted,1,c4a54cdecc67,1747,3
rust,stream,document,100,9,minicbor,0.25.1,590,583,133,1173,1694915.254237,1715265.866209,852514.919011,0,1.0,direct,adapted,1,c4a54cdecc67,1748,4
rust,stream,document,100,9,rmp-serde,1.3.1,398,804,333,1202,2512562.814070,1243781.094527,831946.755408,0,1.0,serde,adapted,1,c4a54cdecc67,1749,5
rust,stream,document,100,9,simd-json,0.14.3,703,1329,460,2032,1422475.106686,752445.447705,492125.984252,0,1.0,serde,adapted,1,c4a54cdecc67,1750,6
rust,stream,document,100,9,ciborium,0.2.2,1257,2330,339,3587,795544.948290,429184.549356,278784.499582,0,1.0,serde,native,1,c4a54cdecc67,1751,7
rust,stream,document,100,9,sonic-rs,0.3.17,61555,5583,460,67138,16245.633986,179115.171055,14894.694510,0,1.0,serde,adapted,1,c4a54cdecc67,1752,8
rust,stream,document,100,9,serde_avro_fast,2.1.0,3672,3790,114,7462,272331.154684,263852.242744,134012.329134,0,1.0,serde,native,1,c4a54cdecc67,1753,9
rust,stream,document,100,9,rkyv,0.8.17,2177,1581,272,3758,459347.726229,632511.068944,266098.988824,0,1.0,archive,adapted,1,c4a54cdecc67,1754,10
rust,stream,document,100,9,nanoserde,0.1.37,1652,1388,258,3040,605326.876513,720461.095101,328947.368421,0,1.0,direct,adapted,1,c4a54cdecc67,1755,11
rust,stream,document,100,9,postcard,1.1.3,1028,1474,114,2502,972762.645914,678426.051560,399680.255795,0,1.0,serde,adapted,1,c4a54cdecc67,1756,12
rust,stream,document,100,9,prost,0.13.5,1886,1918,155,3804,530222.693531,521376.433785,262881.177708,0,1.0,message,adapted,1,c4a54cdecc67,1757,13
rust,stream,document,100,9,flexbuffers,2.0.0,8394,5798,452,14192,119132.713843,172473.266644,70462.232244,0,1.0,serde,adapted,1,c4a54cdecc67,1758,14
rust,stream,document,100,9,serde_json,1.0.150,3405,6215,460,9620,293685.756241,160901.045857,103950.103950,0,1.0,serde,native,1,c4a54cdecc67,1759,15
rust,stream,document,100,10,serde_avro_fast,2.1.0,1078,1541,114,2619,927643.784787,648929.266710,381825.124093,0,1.0,serde,native,1,c4a54cdecc67,1760,0
rust,stream,document,100,10,ciborium,0.2.2,3664,6007,339,9671,272925.764192,166472.448810,103401.923276,0,1.0,serde,native,1,c4a54cdecc67,1761,1
rust,stream,document,100,10,postcard,1.1.3,639,636,114,1275,1564945.226917,1572327.044025,784313.725490,0,1.0,serde,adapted,1,c4a54cdecc67,1762,2
rust,stream,document,100,10,bson,2.15.0,3142,6385,540,9527,318268.618714,156617.071261,104964.836780,0,1.0,serde,adapted,1,c4a54cdecc67,1763,3
rust,stream,document,100,10,bitcode,0.6.9,5885,3918,122,9803,169923.534410,255232.261358,102009.588901,0,1.0,serde,adapted,1,c4a54cdecc67,1764,4
rust,stream,document,100,10,prost,0.13.5,1242,1114,155,2356,805152.979066,897666.068223,424448.217317,0,1.0,message,adapted,1,c4a54cdecc67,1765,5
rust,stream,document,100,10,serde_json,1.0.150,1903,4096,460,5999,525486.074619,244140.625000,166694.449075,0,1.0,serde,native,1,c4a54cdecc67,1766,6
rust,stream,document,100,10,speedy,0.8.7,489,811,214,1300,2044989.775051,1233045.622688,769230.769231,0,1.0,direct,adapted,1,c4a54cdecc67,1767,7
rust,stream,document,100,10,nanoserde,0.1.37,788,717,258,1505,1269035.532995,1394700.139470,664451.827243,0,1.0,direct,adapted,1,c4a54cdecc67,1768,8
rust,stream,document,100,10,sonic-rs,0.3.17,1191,1703,460,2894,839630.562552,587199.060482,345542.501728,0,1.0,serde,adapted,1,c4a54cdecc67,1769,9
rust,stream,document,100,10,flexbuffers,2.0.0,5072,2677,452,7749,197160.883281,373552.484124,129048.909537,0,1.0,serde,adapted,1,c4a54cdecc67,1770,10
rust,stream,document,100,10,rmp-serde,1.3.1,1282,3537,333,4819,780031.201248,282725.473565,207511.931936,0,1.0,serde,adapted,1,c4a54cdecc67,1771,11
rust,stream,document,100,10,bincode,2.0.1,770,1411,122,2181,1298701.298701,708717.221828,458505.272811,0,1.0,serde,adapted,1,c4a54cdecc67,1772,12
rust,stream,document,100,10,rkyv,0.8.17,1030,678,272,1708,970873.786408,1474926.253687,585480.093677,0,1.0,archive,adapted,1,c4a54cdecc67,1773,13
rust,stream,document,100,10,simd-json,0.14.3,1694,5093,460,6787,590318.772137,196347.928529,147340.503905,0,1.0,serde,adapted,1,c4a54cdecc67,1774,14
rust,stream,document,100,10,minicbor,0.25.1,1373,2002,133,3375,728332.119446,499500.499500,296296.296296,0,1.0,direct,adapted,1,c4a54cdecc67,1775,15
rust,stream,document,100,11,minicbor,0.25.1,510,892,133,1402,1960784.313725,1121076.233184,713266.761769,0,1.0,direct,adapted,1,c4a54cdecc67,1776,0
rust,stream,document,100,11,bitcode,0.6.9,3041,1990,122,5031,328839.197632,502512.562814,198767.640628,0,1.0,serde,adapted,1,c4a54cdecc67,1777,1
rust,stream,document,100,11,nanoserde,0.1.37,871,689,258,1560,1148105.625718,1451378.809869,641025.641026,0,1.0,direct,adapted,1,c4a54cdecc67,1778,2
rust,stream,document,100,11,postcard,1.1.3,437,751,114,1188,2288329.519451,1331557.922770,841750.841751,0,1.0,serde,adapted,1,c4a54cdecc67,1779,3
rust,stream,document,100,11,flexbuffers,2.0.0,3891,2530,452,6421,257003.341043,395256.916996,155738.981467,0,1.0,serde,adapted,1,c4a54cdecc67,1780,4
rust,stream,document,100,11,ciborium,0.2.2,2079,3596,339,5675,481000.481000,278086.763070,176211.453744,0,1.0,serde,native,1,c4a54cdecc67,1781,5
rust,stream,document,100,11,speedy,0.8.7,398,480,214,878,2512562.814070,2083333.333333,1138952.164009,0,1.0,direct,adapted,1,c4a54cdecc67,1782,6
rust,stream,document,100,11,simd-json,0.14.3,981,2193,460,3174,1019367.991845,455996.352029,315059.861374,0,1.0,serde,adapted,1,c4a54cdecc67,1783,7
rust,stream,document,100,11,bincode,2.0.1,424,701,122,1125,2358490.566038,1426533.523538,888888.888889,0,1.0,serde,adapted,1,c4a54cdecc67,1784,8
rust,stream,document,100,11,serde_json,1.0.150,1880,3581,460,5461,531914.893617,279251.605697,183116.645303,0,1.0,serde,native,1,c4a54cdecc67,1785,9
rust,stream,document,100,11,bson,2.15.0,2032,3630,540,5662,492125.984252,275482.093664,176616.036736,0,1.0,serde,adapted,1,c4a54cdecc67,1786,10
rust,stream,document,100,11,rmp-serde,1.3.1,570,1380,333,1950,1754385.964912,724637.681159,512820.512821,0,1.0,serde,adapted,1,c4a54cdecc67,1787,11
rust,stream,document,100,11,sonic-rs,0.3.17,775,1446,460,2221,1290322.580645,691562.932227,450247.636200,0,1.0,serde,adapted,1,c4a54cdecc67,1788,12
rust,stream,document,100,11,prost,0.13.5,1131,1054,155,2185,884173.297966,948766.603416,457665.903890,0,1.0,message,adapted,1,c4a54cdecc67,1789,13
rust,stream,document,100,11,serde_avro_fast,2.1.0,1224,1341,114,2565,816993.464052,745712.155108,389863.547758,0,1.0,serde,native,1,c4a54cdecc67,1790,14
rust,stream,document,100,11,rkyv,0.8.17,730,569,272,1299,1369863.013699,1757469.244288,769822.940724,0,1.0,archive,adapted,1,c4a54cdecc67,1791,15
rust,stream,document,100,12,rkyv,0.8.17,609,753,272,1362,1642036.124795,1328021.248340,734214.390602,0,1.0,archive,adapted,1,c4a54cdecc67,1792,0
rust,stream,document,100,12,sonic-rs,0.3.17,681,1017,460,1698,1468428.781204,983284.169125,588928.150766,0,1.0,serde,adapted,1,c4a54cdecc67,1793,1
rust,stream,document,100,12,serde_json,1.0.150,1638,3474,460,5112,610500.610501,287852.619459,195618.153365,0,1.0,serde,native,1,c4a54cdecc67,1794,2
rust,stream,document,100,12,minicbor,0.25.1,801,856,133,1657,1248439.450687,1168224.299065,603500.301750,0,1.0,direct,adapted,1,c4a54cdecc67,1795,3
rust,stream,document,100,12,bitcode,0.6.9,2967,1670,122,4637,337040.781935,598802.395210,215656.674574,0,1.0,serde,adapted,1,c4a54cdecc67,1796,4
rust,stream,document,100,12,serde_avro_fast,2.1.0,881,1077,114,1958,1135073.779796,928505.106778,510725.229826,0,1.0,serde,native,1,c4a54cdecc67,1797,5
rust,stream,document,100,12,nanoserde,0.1.37,708,548,258,1256,1412429.378531,1824817.518248,796178.343949,0,1.0,direct,adapted,1,c4a54cdecc67,1798,6
rust,stream,document,100,12,bincode,2.0.1,415,821,122,1236,2409638.554217,1218026.796590,809061.488673,0,1.0,serde,adapted,1,c4a54cdecc67,1799,7
rust,stream,document,100,12,ciborium,0.2.2,1771,3060,339,4831,564652.738566,326797.385621,206996.481060,0,1.0,serde,native,1,c4a54cdecc67,1800,8
rust,stream,document,100,12,simd-json,0.14.3,1045,2026,460,3071,956937.799043,493583.415597,325626.831651,0,1.0,serde,adapted,1,c4a54cdecc67,1801,9
rust,stream,document,100,12,speedy,0.8.7,215,379,214,594,4651162.790698,2638522.427441,1683501.683502,0,1.0,direct,adapted,1,c4a54cdecc67,1802,10
rust,stream,document,100,12,postcard,1.1.3,335,661,114,996,2985074.626866,1512859.304085,1004016.064257,0,1.0,serde,adapted,1,c4a54cdecc67,1803,11
rust,stream,document,100,12,prost,0.13.5,910,1078,155,1988,1098901.098901,927643.784787,503018.108652,0,1.0,message,adapted,1,c4a54cdecc67,1804,12
rust,stream,document,100,12,flexbuffers,2.0.0,4170,2628,452,6798,239808.153477,380517.503805,147102.088850,0,1.0,serde,adapted,1,c4a54cdecc67,1805,13
rust,stream,document,100,12,rmp-serde,1.3.1,486,1180,333,1666,2057613.168724,847457.627119,600240.096038,0,1.0,serde,adapted,1,c4a54cdecc67,1806,14
rust,stream,document,100,12,bson,2.15.0,1696,3069,540,4765,589622.641509,325839.035516,209863.588667,0,1.0,serde,adapted,1,c4a54cdecc67,1807,15
rust,stream,document,100,13,sonic-rs,0.3.17,714,1378,460,2092,1400560.224090,725689.404935,478011.472275,0,1.0,serde,adapted,1,c4a54cdecc67,1808,0
rust,stream,document,100,13,minicbor,0.25.1,674,873,133,1547,1483679.525223,1145475.372279,646412.411118,0,1.0,direct,adapted,1,c4a54cdecc67,1809,1
rust,stream,document,100,13,prost,0.13.5,977,984,155,1961,1023541.453429,1016260.162602,509943.906170,0,1.0,message,adapted,1,c4a54cdecc67,1810,2
rust,stream,document,100,13,bson,2.15.0,1239,2652,540,3891,807102.502018,377073.906486,257003.341043,0,1.0,serde,adapted,1,c4a54cdecc67,1811,3
rust,stream,document,100,13,rkyv,0.8.17,666,625,272,1291,1501501.501502,1600000.000000,774593.338497,0,1.0,archive,adapted,1,c4a54cdecc67,1812,4
rust,stream,document,100,13,simd-json,0.14.3,830,1833,460,2663,1204819.277108,545553.737043,375516.334961,0,1.0,serde,adapted,1,c4a54cdecc67,1813,5
rust,stream,document,100,13,serde_json,1.0.150,1838,3939,460,5777,544069.640914,253871.541000,173100.225030,0,1.0,serde,native,1,c4a54cdecc67,1814,6
rust,stream,document,100,13,ciborium,0.2.2,1499,2896,339,4395,667111.407605,345303.867403,227531.285552,0,1.0,serde,native,1,c4a54cdecc67,1815,7
rust,stream,document,100,13,bincode,2.0.1,453,673,122,1126,2207505.518764,1485884.101040,888099.467140,0,1.0,serde,adapted,1,c4a54cdecc67,1816,8
rust,stream,document,100,13,postcard,1.1.3,456,483,114,939,2192982.456140,2070393.374741,1064962.726305,0,1.0,serde,adapted,1,c4a54cdecc67,1817,9
rust,stream,document,100,13,bitcode,0.6.9,2262,1670,122,3932,442086.648983,598802.395210,254323.499491,0,1.0,serde,adapted,1,c4a54cdecc67,1818,10
rust,stream,document,100,13,serde_avro_fast,2.1.0,1035,1048,114,2083,966183.574879,954198.473282,480076.812290,0,1.0,serde,native,1,c4a54cdecc67,1819,11
rust,stream,document,100,13,rmp-serde,1.3.1,569,1066,333,1635,1757469.244288,938086.303940,611620.795107,0,1.0,serde,adapted,1,c4a54cdecc67,1820,12
rust,stream,document,100,13,nanoserde,0.1.37,608,527,258,1135,1644736.842105,1897533.206831,881057.268722,0,1.0,direct,adapted,1,c4a54cdecc67,1821,13
rust,stream,document,100,13,speedy,0.8.7,243,334,214,577,4115226.337449,2994011.976048,1733102.253033,0,1.0,direct,adapted,1,c4a54cdecc67,1822,14
rust,stream,document,100,13,flexbuffers,2.0.0,3485,2394,452,5879,286944.045911,417710.944027,170096.955265,0,1.0,serde,adapted,1,c4a54cdecc67,1823,15
rust,stream,document,100,14,minicbor,0.25.1,523,734,133,1257,1912045.889101,1362397.820163,795544.948290,0,1.0,direct,adapted,1,c4a54cdecc67,1824,0
rust,stream,document,100,14,serde_json,1.0.150,1673,3704,460,5377,597728.631201,269978.401728,185977.310768,0,1.0,serde,native,1,c4a54cdecc67,1825,1
rust,stream,document,100,14,postcard,1.1.3,390,447,114,837,2564102.564103,2237136.465324,1194743.130227,0,1.0,serde,adapted,1,c4a54cdecc67,1826,2
rust,stream,document,100,14,flexbuffers,2.0.0,4213,1996,452,6209,237360.550676,501002.004008,161056.530842,0,1.0,serde,adapted,1,c4a54cdecc67,1827,3
rust,stream,document,100,14,bitcode,0.6.9,1845,1116,122,2961,542005.420054,896057.347670,337723.741979,0,1.0,serde,adapted,1,c4a54cdecc67,1828,4
rust,stream,document,100,14,prost,0.13.5,798,848,155,1646,1253132.832080,1179245.283019,607533.414338,0,1.0,message,adapted,1,c4a54cdecc67,1829,5
rust,stream,document,100,14,bson,2.15.0,1355,2666,540,4021,738007.380074,375093.773443,248694.354638,0,1.0,serde,adapted,1,c4a54cdecc67,1830,6
rust,stream,document,100,14,ciborium,0.2.2,1455,2731,339,4186,687285.223368,366166.239473,238891.543239,0,1.0,serde,native,1,c4a54cdecc67,1831,7
rust,stream,document,100,14,bincode,2.0.1,380,502,122,882,2631578.947368,1992031.872510,1133786.848073,0,1.0,serde,adapted,1,c4a54cdecc67,1832,8
rust,stream,document,100,14,rmp-serde,1.3.1,594,981,333,1575,1683501.683502,1019367.991845,634920.634921,0,1.0,serde,adapted,1,c4a54cdecc67,1833,9
rust,stream,document,100,14,speedy,0.8.7,191,264,214,455,5235602.094241,3787878.787879,2197802.197802,0,1.0,direct,adapted,1,c4a54cdecc67,1834,10
rust,stream,document,100,14,sonic-rs,0.3.17,683,1223,460,1906,1464128.843338,817661.488144,524658.971668,0,1.0,serde,adapted,1,c4a54cdecc67,1835,11
rust,stream,document,100,14,rkyv,0.8.17,605,462,272,1067,1652892.561983,2164502.164502,937207.122774,0,1.0,archive,adapted,1,c4a54cdecc67,1836,12
rust,stream,document,100,14,nanoserde,0.1.37,553,396,258,949,1808318.264014,2525252.525253,1053740.779768,0,1.0,direct,adapted,1,c4a54cdecc67,1837,13
rust,stream,document,100,14,serde_avro_fast,2.1.0,1021,900,114,1921,979431.929481,1111111.111111,520562.207184,0,1.0,serde,native,1,c4a54cdecc67,1838,14
rust,stream,document,100,14,simd-json,0.14.3,765,1818,460,2583,1307189.542484,550055.005501,387146.728610,0,1.0,serde,adapted,1,c4a54cdecc67,1839,15
rust,stream,document,100,15,speedy,0.8.7,188,536,214,724,5319148.936170,1865671.641791,1381215.469613,0,1.0,direct,adapted,1,c4a54cdecc67,1840,0
rust,stream,document,100,15,serde_json,1.0.150,1717,3384,460,5101,582411.182295,295508.274232,196039.992158,0,1.0,serde,native,1,c4a54cdecc67,1841,1
rust,stream,document,100,15,rmp-serde,1.3.1,604,924,333,1528,1655629.139073,1082251.082251,654450.261780,0,1.0,serde,adapted,1,c4a54cdecc67,1842,2
rust,stream,document,100,15,simd-json,0.14.3,888,1556,460,2444,1126126.126126,642673.521851,409165.302782,0,1.0,serde,adapted,1,c4a54cdecc67,1843,3
rust,stream,document,100,15,prost,0.13.5,786,788,155,1574,1272264.631043,1269035.532995,635324.015248,0,1.0,message,adapted,1,c4a54cdecc67,1844,4
rust,stream,document,100,15,nanoserde,0.1.37,561,512,258,1073,1782531.194296,1953125.000000,931966.449208,0,1.0,direct,adapted,1,c4a54cdecc67,1845,5
rust,stream,document,100,15,flexbuffers,2.0.0,3376,2189,452,5565,296208.530806,456829.602558,179694.519317,0,1.0,serde,adapted,1,c4a54cdecc67,1846,6
rust,stream,document,100,15,sonic-rs,0.3.17,757,1006,460,1763,1321003.963012,994035.785288,567214.974475,0,1.0,serde,adapted,1,c4a54cdecc67,1847,7
rust,stream,document,100,15,serde_avro_fast,2.1.0,837,955,114,1792,1194743.130227,1047120.418848,558035.714286,0,1.0,serde,native,1,c4a54cdecc67,1848,8
rust,stream,document,100,15,rkyv,0.8.17,516,427,272,943,1937984.496124,2341920.374707,1060445.387063,0,1.0,archive,adapted,1,c4a54cdecc67,1849,9
rust,stream,document,100,15,bson,2.15.0,1268,2585,540,3853,788643.533123,386847.195358,259538.022320,0,1.0,serde,adapted,1,c4a54cdecc67,1850,10
rust,stream,document,100,15,bitcode,0.6.9,2042,1408,122,3450,489715.964740,710227.272727,289855.072464,0,1.0,serde,adapted,1,c4a54cdecc67,1851,11
rust,stream,document,100,15,postcard,1.1.3,384,511,114,895,2604166.666667,1956947.162427,1117318.435754,0,1.0,serde,adapted,1,c4a54cdecc67,1852,12
rust,stream,document,100,15,ciborium,0.2.2,1574,2777,339,4351,635324.015248,360100.828232,229832.222478,0,1.0,serde,native,1,c4a54cdecc67,1853,13
rust,stream,document,100,15,minicbor,0.25.1,666,775,133,1441,1501501.501502,1290322.580645,693962.526024,0,1.0,direct,adapted,1,c4a54cdecc67,1854,14
rust,stream,document,100,15,bincode,2.0.1,453,672,122,1125,2207505.518764,1488095.238095,888888.888889,0,1.0,serde,adapted,1,c4a54cdecc67,1855,15
rust,stream,document,100,16,sonic-rs,0.3.17,794,1290,460,2084,1259445.843829,775193.798450,479846.449136,0,1.0,serde,adapted,1,c4a54cdecc67,1856,0
rust,stream,document,100,16,bson,2.15.0,1225,2571,540,3796,816326.530612,388953.714508,263435.194942,0,1.0,serde,adapted,1,c4a54cdecc67,1857,1
rust,stream,document,100,16,minicbor,0.25.1,526,703,133,1229,1901140.684411,1422475.106686,813669.650122,0,1.0,direct,adapted,1,c4a54cdecc67,1858,2
rust,stream,document,100,16,postcard,1.1.3,294,632,114,926,3401360.544218,1582278.481013,1079913.606911,0,1.0,serde,adapted,1,c4a54cdecc67,1859,3
rust,stream,document,100,16,flexbuffers,2.0.0,3307,2226,452,5533,302388.872090,449236.298293,180733.779143,0,1.0,serde,adapted,1,c4a54cdecc67,1860,4
rust,stream,document,100,16,bitcode,0.6.9,2468,1535,122,4003,405186.385737,651465.798046,249812.640520,0,1.0,serde,adapted,1,c4a54cdecc67,1861,5
rust,stream,document,100,16,simd-json,0.14.3,959,1815,460,2774,1042752.867570,550964.187328,360490.266763,0,1.0,serde,adapted,1,c4a54cdecc67,1862,6
rust,stream,document,100,16,prost,0.13.5,931,847,155,1778,1074113.856069,1180637.544274,562429.696288,0,1.0,message,adapted,1,c4a54cdecc67,1863,7
rust,stream,document,100,16,rmp-serde,1.3.1,538,1180,333,1718,1858736.059480,847457.627119,582072.176950,0,1.0,serde,adapted,1,c4a54cdecc67,1864,8
rust,stream,document,100,16,nanoserde,0.1.37,692,533,258,1225,1445086.705202,1876172.607880,816326.530612,0,1.0,direct,adapted,1,c4a54cdecc67,1865,9
rust,stream,document,100,16,ciborium,0.2.2,1421,2619,339,4040,703729.767769,381825.124093,247524.752475,0,1.0,serde,native,1,c4a54cdecc67,1866,10
rust,stream,document,100,16,serde_json,1.0.150,1847,3442,460,5289,541418.516513,290528.762347,189071.658158,0,1.0,serde,native,1,c4a54cdecc67,1867,11
rust,stream,document,100,16,rkyv,0.8.17,892,431,272,1323,1121076.233184,2320185.614849,755857.898715,0,1.0,archive,adapted,1,c4a54cdecc67,1868,12
rust,stream,document,100,16,speedy,0.8.7,218,369,214,587,4587155.963303,2710027.100271,1703577.512777,0,1.0,direct,adapted,1,c4a54cdecc67,1869,13
rust,stream,document,100,16,serde_avro_fast,2.1.0,1033,920,114,1953,968054.211036,1086956.521739,512032.770097,0,1.0,serde,native,1,c4a54cdecc67,1870,14
rust,stream,document,100,16,bincode,2.0.1,339,560,122,899,2949852.507375,1785714.285714,1112347.052280,0,1.0,serde,adapted,1,c4a54cdecc67,1871,15
rust,stream,document,100,17,simd-json,0.14.3,739,2155,460,2894,1353179.972936,464037.122970,345542.501728,0,1.0,serde,adapted,1,c4a54cdecc67,1872,0
rust,stream,document,100,17,postcard,1.1.3,311,647,114,958,3215434.083601,1545595.054096,1043841.336117,0,1.0,serde,adapted,1,c4a54cdecc67,1873,1
rust,stream,document,100,17,bitcode,0.6.9,2123,1345,122,3468,471031.559114,743494.423792,288350.634371,0,1.0,serde,adapted,1,c4a54cdecc67,1874,2
rust,stream,document,100,17,ciborium,0.2.2,1352,2724,339,4076,739644.970414,367107.195301,245338.567223,0,1.0,serde,native,1,c4a54cdecc67,1875,3
rust,stream,document,100,17,bson,2.15.0,1440,2626,540,4066,694444.444444,380807.311500,245941.957698,0,1.0,serde,adapted,1,c4a54cdecc67,1876,4
rust,stream,document,100,17,sonic-rs,0.3.17,721,1241,460,1962,1386962.552011,805801.772764,509683.995923,0,1.0,serde,adapted,1,c4a54cdecc67,1877,5
rust,stream,document,100,17,minicbor,0.25.1,608,742,133,1350,1644736.842105,1347708.894879,740740.740741,0,1.0,direct,adapted,1,c4a54cdecc67,1878,6
rust,stream,document,100,17,rmp-serde,1.3.1,525,966,333,1491,1904761.904762,1035196.687371,670690.811536,0,1.0,serde,adapted,1,c4a54cdecc67,1879,7
rust,stream,document,100,17,rkyv,0.8.17,557,340,272,897,1795332.136445,2941176.470588,1114827.201784,0,1.0,archive,adapted,1,c4a54cdecc67,1880,8
rust,stream,document,100,17,serde_json,1.0.150,1591,3402,460,4993,628535.512256,293944.738389,200280.392550,0,1.0,serde,native,1,c4a54cdecc67,1881,9
rust,stream,document,100,17,bincode,2.0.1,369,518,122,887,2710027.100271,1930501.930502,1127395.715896,0,1.0,serde,adapted,1,c4a54cdecc67,1882,10
rust,stream,document,100,17,flexbuffers,2.0.0,3286,2356,452,5642,304321.363360,424448.217317,177242.112726,0,1.0,serde,adapted,1,c4a54cdecc67,1883,11
rust,stream,document,100,17,serde_avro_fast,2.1.0,930,918,114,1848,1075268.817204,1089324.618736,541125.541126,0,1.0,serde,native,1,c4a54cdecc67,1884,12
rust,stream,document,100,17,speedy,0.8.7,211,288,214,499,4739336.492891,3472222.222222,2004008.016032,0,1.0,direct,adapted,1,c4a54cdecc67,1885,13
rust,stream,document,100,17,prost,0.13.5,803,880,155,1683,1245330.012453,1136363.636364,594177.064765,0,1.0,message,adapted,1,c4a54cdecc67,1886,14
rust,stream,document,100,17,nanoserde,0.1.37,609,592,258,1201,1642036.124795,1689189.189189,832639.467111,0,1.0,direct,adapted,1,c4a54cdecc67,1887,15
rust,stream,document,100,18,serde_json,1.0.150,1654,2995,460,4649,604594.921403,333889.816361,215100.021510,0,1.0,serde,native,1,c4a54cdecc67,1888,0
rust,stream,document,100,18,minicbor,0.25.1,596,715,133,1311,1677852.348993,1398601.398601,762776.506484,0,1.0,direct,adapted,1,c4a54cdecc67,1889,1
rust,stream,document,100,18,flexbuffers,2.0.0,3073,2093,452,5166,325414.904003,477783.086479,193573.364305,0,1.0,serde,adapted,1,c4a54cdecc67,1890,2
rust,stream,document,100,18,nanoserde,0.1.37,500,442,258,942,2000000.000000,2262443.438914,1061571.125265,0,1.0,direct,adapted,1,c4a54cdecc67,1891,3
rust,stream,document,100,18,ciborium,0.2.2,1271,2575,339,3846,786782.061369,388349.514563,260010.400416,0,1.0,serde,native,1,c4a54cdecc67,1892,4
rust,stream,document,100,18,postcard,1.1.3,347,534,114,881,2881844.380403,1872659.176030,1135073.779796,0,1.0,serde,adapted,1,c4a54cdecc67,1893,5
rust,stream,document,100,18,bitcode,0.6.9,2099,1383,122,3482,476417.341591,723065.798988,287191.269385,0,1.0,serde,adapted,1,c4a54cdecc67,1894,6
rust,stream,document,100,18,bson,2.15.0,1259,2498,540,3757,794281.175536,400320.256205,266169.816343,0,1.0,serde,adapted,1,c4a54cdecc67,1895,7
rust,stream,document,100,18,rkyv,0.8.17,601,430,272,1031,1663893.510815,2325581.395349,969932.104753,0,1.0,archive,adapted,1,c4a54cdecc67,1896,8
rust,stream,document,100,18,simd-json,0.14.3,900,1882,460,2782,1111111.111111,531349.628055,359453.630482,0,1.0,serde,adapted,1,c4a54cdecc67,1897,9
rust,stream,document,100,18,serde_avro_fast,2.1.0,972,1049,114,2021,1028806.584362,953288.846520,494804.552202,0,1.0,serde,native,1,c4a54cdecc67,1898,10
rust,stream,document,100,18,sonic-rs,0.3.17,724,1139,460,1863,1381215.469613,877963.125549,536768.652711,0,1.0,serde,adapted,1,c4a54cdecc67,1899,11
rust,stream,document,100,18,prost,0.13.5,916,845,155,1761,1091703.056769,1183431.952663,567859.170926,0,1.0,message,adapted,1,c4a54cdecc67,1900,12
rust,stream,document,100,18,rmp-serde,1.3.1,553,1035,333,1588,1808318.264014,966183.574879,629722.921914,0,1.0,serde,adapted,1,c4a54cdecc67,1901,13
rust,stream,document,100,18,speedy,0.8.7,268,283,214,551,3731343.283582,3533568.904594,1814882.032668,0,1.0,direct,adapted,1,c4a54cdecc67,1902,14
rust,stream,document,100,18,bincode,2.0.1,356,550,122,906,2808988.764045,1818181.818182,1103752.759382,0,1.0,serde,adapted,1,c4a54cdecc67,1903,15
rust,stream,document,100,19,speedy,0.8.7,109,388,214,497,9174311.926606,2577319.587629,2012072.434608,0,1.0,direct,adapted,1,c4a54cdecc67,1904,0
rust,stream,document,100,19,bincode,2.0.1,371,519,122,890,2695417.789757,1926782.273603,1123595.505618,0,1.0,serde,adapted,1,c4a54cdecc67,1905,1
rust,stream,document,100,19,serde_json,1.0.150,1803,3866,460,5669,554631.170272,258665.287118,176397.953784,0,1.0,serde,native,1,c4a54cdecc67,1906,2
rust,stream,document,100,19,rkyv,0.8.17,728,341,272,1069,1373626.373626,2932551.319648,935453.695042,0,1.0,archive,adapted,1,c4a54cdecc67,1907,3
rust,stream,document,100,19,simd-json,0.14.3,833,1922,460,2755,1200480.192077,520291.363163,362976.406534,0,1.0,serde,adapted,1,c4a54cdecc67,1908,4
rust,stream,document,100,19,nanoserde,0.1.37,576,492,258,1068,1736111.111111,2032520.325203,936329.588015,0,1.0,direct,adapted,1,c4a54cdecc67,1909,5
rust,stream,document,100,19,bitcode,0.6.9,1756,1064,122,2820,569476.082005,939849.624060,354609.929078,0,1.0,serde,adapted,1,c4a54cdecc67,1910,6
rust,stream,document,100,19,prost,0.13.5,884,811,155,1695,1131221.719457,1233045.622688,589970.501475,0,1.0,message,adapted,1,c4a54cdecc67,1911,7
rust,stream,document,100,19,ciborium,0.2.2,1438,2611,339,4049,695410.292072,382995.021065,246974.561620,0,1.0,serde,native,1,c4a54cdecc67,1912,8
rust,stream,document,100,19,bson,2.15.0,1373,2470,540,3843,728332.119446,404858.299595,260213.374967,0,1.0,serde,adapted,1,c4a54cdecc67,1913,9
rust,stream,document,100,19,flexbuffers,2.0.0,3386,2283,452,5669,295333.727112,438020.148927,176397.953784,0,1.0,serde,adapted,1,c4a54cdecc67,1914,10
rust,stream,document,100,19,rmp-serde,1.3.1,500,942,333,1442,2000000.000000,1061571.125265,693481.276006,0,1.0,serde,adapted,1,c4a54cdecc67,1915,11
rust,stream,document,100,19,sonic-rs,0.3.17,767,1083,460,1850,1303780.964798,923361.034164,540540.540541,0,1.0,serde,adapted,1,c4a54cdecc67,1916,12
rust,stream,document,100,19,serde_avro_fast,2.1.0,969,896,114,1865,1031991.744066,1116071.428571,536193.029491,0,1.0,serde,native,1,c4a54cdecc67,1917,13
rust,stream,document,100,19,postcard,1.1.3,296,491,114,787,3378378.378378,2036659.877800,1270648.030496,0,1.0,serde,adapted,1,c4a54cdecc67,1918,14
rust,stream,document,100,19,minicbor,0.25.1,701,817,133,1518,1426533.523538,1223990.208078,658761.528327,0,1.0,direct,adapted,1,c4a54cdecc67,1919,15
rust,stream,document,100,20,bincode,2.0.1,323,580,122,903,3095975.232198,1724137.931034,1107419.712071,0,1.0,serde,adapted,1,c4a54cdecc67,1920,0
rust,stream,document,100,20,bson,2.15.0,1193,2310,540,3503,838222.967309,432900.432900,285469.597488,0,1.0,serde,adapted,1,c4a54cdecc67,1921,1
rust,stream,document,100,20,serde_avro_fast,2.1.0,851,967,114,1818,1175088.131610,1034126.163392,550055.005501,0,1.0,serde,native,1,c4a54cdecc67,1922,2
rust,stream,document,100,20,flexbuffers,2.0.0,3266,2151,452,5417,306184.935701,464900.046490,184604.024368,0,1.0,serde,adapted,1,c4a54cdecc67,1923,3
rust,stream,document,100,20,speedy,0.8.7,236,408,214,644,4237288.135593,2450980.392157,1552795.031056,0,1.0,direct,adapted,1,c4a54cdecc67,1924,4
rust,stream,document,100,20,serde_json,1.0.150,1631,3306,460,4937,613120.784795,302480.338778,202552.157180,0,1.0,serde,native,1,c4a54cdecc67,1925,5
rust,stream,document,100,20,ciborium,0.2.2,1392,2683,339,4075,718390.804598,372717.107715,245398.773006,0,1.0,serde,native,1,c4a54cdecc67,1926,6
rust,stream,document,100,20,nanoserde,0.1.37,699,482,258,1181,1430615.164521,2074688.796680,846740.050804,0,1.0,direct,adapted,1,c4a54cdecc67,1927,7
rust,stream,document,100,20,bitcode,0.6.9,1787,1227,122,3014,559597.090095,814995.925020,331785.003318,0,1.0,serde,adapted,1,c4a54cdecc67,1928,8
rust,stream,document,100,20,minicbor,0.25.1,728,620,133,1348,1373626.373626,1612903.225806,741839.762611,0,1.0,direct,adapted,1,c4a54cdecc67,1929,9
rust,stream,document,100,20,sonic-rs,0.3.17,793,1092,460,1885,1261034.047919,915750.915751,530503.978780,0,1.0,serde,adapted,1,c4a54cdecc67,1930,10
rust,stream,document,100,20,postcard,1.1.3,284,473,114,757,3521126.760563,2114164.904863,1321003.963012,0,1.0,serde,adapted,1,c4a54cdecc67,1931,11
rust,stream,document,100,20,simd-json,0.14.3,919,1820,460,2739,1088139.281828,549450.549451,365096.750639,0,1.0,serde,adapted,1,c4a54cdecc67,1932,12
rust,stream,document,100,20,rmp-serde,1.3.1,492,948,333,1440,2032520.325203,1054852.320675,694444.444444,0,1.0,serde,adapted,1,c4a54cdecc67,1933,13
rust,stream,document,100,20,rkyv,0.8.17,613,359,272,972,1631321.370310,2785515.320334,1028806.584362,0,1.0,archive,adapted,1,c4a54cdecc67,1934,14
rust,stream,document,100,20,prost,0.13.5,745,786,155,1531,1342281.879195,1272264.631043,653167.864141,0,1.0,message,adapted,1,c4a54cdecc67,1935,15
rust,stream,document,100,21,postcard,1.1.3,220,696,114,916,4545454.545455,1436781.609195,1091703.056769,0,1.0,serde,adapted,1,c4a54cdecc67,1936,0
rust,stream,document,100,21,serde_avro_fast,2.1.0,871,1015,114,1886,1148105.625718,985221.674877,530222.693531,0,1.0,serde,native,1,c4a54cdecc67,1937,1
rust,stream,document,100,21,prost,0.13.5,880,788,155,1668,1136363.636364,1269035.532995,599520.383693,0,1.0,message,adapted,1,c4a54cdecc67,1938,2
rust,stream,document,100,21,rmp-serde,1.3.1,414,1043,333,1457,2415458.937198,958772.770853,686341.798216,0,1.0,serde,adapted,1,c4a54cdecc67,1939,3
rust,stream,document,100,21,bson,2.15.0,1253,2373,540,3626,798084.596967,421407.501054,275785.990072,0,1.0,serde,adapted,1,c4a54cdecc67,1940,4
rust,stream,document,100,21,minicbor,0.25.1,513,665,133,1178,1949317.738791,1503759.398496,848896.434635,0,1.0,direct,adapted,1,c4a54cdecc67,1941,5
rust,stream,document,100,21,serde_json,1.0.150,1654,3190,460,4844,604594.921403,313479.623824,206440.957886,0,1.0,serde,native,1,c4a54cdecc67,1942,6
rust,stream,document,100,21,bitcode,0.6.9,1912,1105,122,3017,523012.552301,904977.375566,331455.087836,0,1.0,serde,adapted,1,c4a54cdecc67,1943,7
rust,stream,document,100,21,bincode,2.0.1,409,583,122,992,2444987.775061,1715265.866209,1008064.516129,0,1.0,serde,adapted,1,c4a54cdecc67,1944,8
rust,stream,document,100,21,nanoserde,0.1.37,630,402,258,1032,1587301.587302,2487562.189055,968992.248062,0,1.0,direct,adapted,1,c4a54cdecc67,1945,9
rust,stream,document,100,21,ciborium,0.2.2,1396,2562,339,3958,716332.378223,390320.062451,252652.854977,0,1.0,serde,native,1,c4a54cdecc67,1946,10
rust,stream,document,100,21,simd-json,0.14.3,987,1710,460,2697,1013171.225937,584795.321637,370782.350760,0,1.0,serde,adapted,1,c4a54cdecc67,1947,11
rust,stream,document,100,21,rkyv,0.8.17,549,282,272,831,1821493.624772,3546099.290780,1203369.434416,0,1.0,archive,adapted,1,c4a54cdecc67,1948,12
rust,stream,document,100,21,flexbuffers,2.0.0,3252,5962,452,9214,307503.075031,167728.950017,108530.497070,0,1.0,serde,adapted,1,c4a54cdecc67,1949,13
rust,stream,document,100,21,sonic-rs,0.3.17,819,1067,460,1886,1221001.221001,937207.122774,530222.693531,0,1.0,serde,adapted,1,c4a54cdecc67,1950,14
rust,stream,document,100,21,speedy,0.8.7,235,341,214,576,4255319.148936,2932551.319648,1736111.111111,0,1.0,direct,adapted,1,c4a54cdecc67,1951,15
rust,stream,document,100,22,serde_avro_fast,2.1.0,892,1072,114,1964,1121076.233184,932835.820896,509164.969450,0,1.0,serde,native,1,c4a54cdecc67,1952,0
rust,stream,document,100,22,bitcode,0.6.9,1935,1249,122,3184,516795.865633,800640.512410,314070.351759,0,1.0,serde,adapted,1,c4a54cdecc67,1953,1
rust,stream,document,100,22,nanoserde,0.1.37,641,421,258,1062,1560062.402496,2375296.912114,941619.585687,0,1.0,direct,adapted,1,c4a54cdecc67,1954,2
rust,stream,document,100,22,prost,0.13.5,754,777,155,1531,1326259.946950,1287001.287001,653167.864141,0,1.0,message,adapted,1,c4a54cdecc67,1955,3
rust,stream,document,100,22,speedy,0.8.7,192,275,214,467,5208333.333333,3636363.636364,2141327.623126,0,1.0,direct,adapted,1,c4a54cdecc67,1956,4
rust,stream,document,100,22,sonic-rs,0.3.17,655,973,460,1628,1526717.557252,1027749.229188,614250.614251,0,1.0,serde,adapted,1,c4a54cdecc67,1957,5
rust,stream,document,100,22,minicbor,0.25.1,587,634,133,1221,1703577.512777,1577287.066246,819000.819001,0,1.0,direct,adapted,1,c4a54cdecc67,1958,6
rust,stream,document,100,22,serde_json,1.0.150,1648,3094,460,4742,606796.116505,323206.205559,210881.484606,0,1.0,serde,native,1,c4a54cdecc67,1959,7
rust,stream,document,100,22,flexbuffers,2.0.0,3242,1913,452,5155,308451.573103,522739.153163,193986.420951,0,1.0,serde,adapted,1,c4a54cdecc67,1960,8
rust,stream,document,100,22,rkyv,0.8.17,470,2480,272,2950,2127659.574468,403225.806452,338983.050847,0,1.0,archive,adapted,1,c4a54cdecc67,1961,9
rust,stream,document,100,22,rmp-serde,1.3.1,486,966,333,1452,2057613.168724,1035196.687371,688705.234160,0,1.0,serde,adapted,1,c4a54cdecc67,1962,10
rust,stream,document,100,22,ciborium,0.2.2,1456,2748,339,4204,686813.186813,363901.018923,237868.696480,0,1.0,serde,native,1,c4a54cdecc67,1963,11
rust,stream,document,100,22,bson,2.15.0,1266,2618,540,3884,789889.415482,381970.970206,257466.529351,0,1.0,serde,adapted,1,c4a54cdecc67,1964,12
rust,stream,document,100,22,postcard,1.1.3,331,416,114,747,3021148.036254,2403846.153846,1338688.085676,0,1.0,serde,adapted,1,c4a54cdecc67,1965,13
rust,stream,document,100,22,simd-json,0.14.3,901,1687,460,2588,1109877.913430,592768.227623,386398.763524,0,1.0,serde,adapted,1,c4a54cdecc67,1966,14
rust,stream,document,100,22,bincode,2.0.1,437,707,122,1144,2288329.519451,1414427.157001,874125.874126,0,1.0,serde,adapted,1,c4a54cdecc67,1967,15
rust,stream,document,100,23,rmp-serde,1.3.1,415,1158,333,1573,2409638.554217,863557.858377,635727.908455,0,1.0,serde,adapted,1,c4a54cdecc67,1968,0
rust,stream,document,100,23,postcard,1.1.3,287,468,114,755,3484320.557491,2136752.136752,1324503.311258,0,1.0,serde,adapted,1,c4a54cdecc67,1969,1
rust,stream,document,100,23,nanoserde,0.1.37,598,552,258,1150,1672240.802676,1811594.202899,869565.217391,0,1.0,direct,adapted,1,c4a54cdecc67,1970,2
rust,stream,document,100,23,minicbor,0.25.1,611,617,133,1228,1636661.211129,1620745.542950,814332.247557,0,1.0,direct,adapted,1,c4a54cdecc67,1971,3
rust,stream,document,100,23,bitcode,0.6.9,2176,1564,122,3740,459558.823529,639386.189258,267379.679144,0,1.0,serde,adapted,1,c4a54cdecc67,1972,4
rust,stream,document,100,23,serde_avro_fast,2.1.0,936,1090,114,2026,1068376.068376,917431.192661,493583.415597,0,1.0,serde,native,1,c4a54cdecc67,1973,5
rust,stream,document,100,23,rkyv,0.8.17,576,425,272,1001,1736111.111111,2352941.176471,999000.999001,0,1.0,archive,adapted,1,c4a54cdecc67,1974,6
rust,stream,document,100,23,prost,0.13.5,812,832,155,1644,1231527.093596,1201923.076923,608272.506083,0,1.0,message,adapted,1,c4a54cdecc67,1975,7
rust,stream,document,100,23,ciborium,0.2.2,1555,2681,339,4236,643086.816720,372995.151063,236071.765817,0,1.0,serde,native,1,c4a54cdecc67,1976,8
rust,stream,document,100,23,flexbuffers,2.0.0,3400,2239,452,5639,294117.647059,446627.958910,177336.407164,0,1.0,serde,adapted,1,c4a54cdecc67,1977,9
rust,stream,document,100,23,serde_json,1.0.150,1766,3352,460,5118,566251.415629,298329.355609,195388.823759,0,1.0,serde,native,1,c4a54cdecc67,1978,10
rust,stream,document,100,23,bson,2.15.0,1337,2405,540,3742,747943.156320,415800.415800,267236.771780,0,1.0,serde,adapted,1,c4a54cdecc67,1979,11
rust,stream,document,100,23,sonic-rs,0.3.17,721,1035,460,1756,1386962.552011,966183.574879,569476.082005,0,1.0,serde,adapted,1,c4a54cdecc67,1980,12
rust,stream,document,100,23,bincode,2.0.1,310,470,122,780,3225806.451613,2127659.574468,1282051.282051,0,1.0,serde,adapted,1,c4a54cdecc67,1981,13
rust,stream,document,100,23,simd-json,0.14.3,821,1831,460,2652,1218026.796590,546149.645003,377073.906486,0,1.0,serde,adapted,1,c4a54cdecc67,1982,14
rust,stream,document,100,23,speedy,0.8.7,222,300,214,522,4504504.504505,3333333.333333,1915708.812261,0,1.0,direct,adapted,1,c4a54cdecc67,1983,15
rust,stream,document,100,24,serde_avro_fast,2.1.0,931,893,114,1824,1074113.856069,1119820.828667,548245.614035,0,1.0,serde,native,1,c4a54cdecc67,1984,0
rust,stream,document,100,24,sonic-rs,0.3.17,647,1075,460,1722,1545595.054096,930232.558140,580720.092915,0,1.0,serde,adapted,1,c4a54cdecc67,1985,1
rust,stream,document,100,24,bitcode,0.6.9,1762,1358,122,3120,567536.889898,736377.025037,320512.820513,0,1.0,serde,adapted,1,c4a54cdecc67,1986,2
rust,stream,document,100,24,flexbuffers,2.0.0,3357,2137,452,5494,297885.016384,467945.718297,182016.745541,0,1.0,serde,adapted,1,c4a54cdecc67,1987,3
rust,stream,document,100,24,rmp-serde,1.3.1,676,994,333,1670,1479289.940828,1006036.217304,598802.395210,0,1.0,serde,adapted,1,c4a54cdecc67,1988,4
rust,stream,document,100,24,simd-json,0.14.3,806,1618,460,2424,1240694.789082,618046.971570,412541.254125,0,1.0,serde,adapted,1,c4a54cdecc67,1989,5
rust,stream,document,100,24,bson,2.15.0,1187,2449,540,3636,842459.983151,408329.930584,275027.502750,0,1.0,serde,adapted,1,c4a54cdecc67,1990,6
rust,stream,document,100,24,nanoserde,0.1.37,587,576,258,1163,1703577.512777,1736111.111111,859845.227859,0,1.0,direct,adapted,1,c4a54cdecc67,1991,7
rust,stream,document,100,24,serde_json,1.0.150,1611,2887,460,4498,620732.464308,346380.325598,222321.031570,0,1.0,serde,native,1,c4a54cdecc67,1992,8
rust,stream,document,100,24,speedy,0.8.7,289,290,214,579,3460207.612457,3448275.862069,1727115.716753,0,1.0,direct,adapted,1,c4a54cdecc67,1993,9
rust,stream,document,100,24,minicbor,0.25.1,646,688,133,1334,1547987.616099,1453488.372093,749625.187406,0,1.0,direct,adapted,1,c4a54cdecc67,1994,10
rust,stream,document,100,24,bincode,2.0.1,403,437,122,840,2481389.578164,2288329.519451,1190476.190476,0,1.0,serde,adapted,1,c4a54cdecc67,1995,11
rust,stream,document,100,24,ciborium,0.2.2,1476,2531,339,4007,677506.775068,395100.750691,249563.264287,0,1.0,serde,native,1,c4a54cdecc67,1996,12
rust,stream,document,100,24,prost,0.13.5,818,717,155,1535,1222493.887531,1394700.139470,651465.798046,0,1.0,message,adapted,1,c4a54cdecc67,1997,13
rust,stream,document,100,24,postcard,1.1.3,269,478,114,747,3717472.118959,2092050.209205,1338688.085676,0,1.0,serde,adapted,1,c4a54cdecc67,1998,14
rust,stream,document,100,24,rkyv,0.8.17,608,345,272,953,1644736.842105,2898550.724638,1049317.943337,0,1.0,archive,adapted,1,c4a54cdecc67,1999,15
rust,stream,document,100,25,serde_json,1.0.150,1496,3055,460,4551,668449.197861,327332.242226,219731.927049,0,1.0,serde,native,1,c4a54cdecc67,2000,0
rust,stream,document,100,25,bitcode,0.6.9,1622,1190,122,2812,616522.811344,840336.134454,355618.776671,0,1.0,serde,adapted,1,c4a54cdecc67,2001,1
rust,stream,document,100,25,ciborium,0.2.2,1323,2495,339,3818,755857.898715,400801.603206,261917.234154,0,1.0,serde,native,1,c4a54cdecc67,2002,2
rust,stream,document,100,25,nanoserde,0.1.37,724,399,258,1123,1381215.469613,2506265.664160,890471.950134,0,1.0,direct,adapted,1,c4a54cdecc67,2003,3
rust,stream,document,100,25,sonic-rs,0.3.17,751,982,460,1733,1331557.922770,1018329.938900,577034.045009,0,1.0,serde,adapted,1,c4a54cdecc67,2004,4
rust,stream,document,100,25,postcard,1.1.3,243,376,114,619,4115226.337449,2659574.468085,1615508.885299,0,1.0,serde,adapted,1,c4a54cdecc67,2005,5
rust,stream,document,100,25,rmp-serde,1.3.1,425,1013,333,1438,2352941.176471,987166.831194,695410.292072,0,1.0,serde,adapted,1,c4a54cdecc67,2006,6
rust,stream,document,100,25,bson,2.15.0,1233,2265,540,3498,811030.008110,441501.103753,285877.644368,0,1.0,serde,adapted,1,c4a54cdecc67,2007,7
rust,stream,document,100,25,speedy,0.8.7,201,259,214,460,4975124.378109,3861003.861004,2173913.043478,0,1.0,direct,adapted,1,c4a54cdecc67,2008,8
rust,stream,document,100,25,rkyv,0.8.17,478,319,272,797,2092050.209205,3134796.238245,1254705.144291,0,1.0,archive,adapted,1,c4a54cdecc67,2009,9
rust,stream,document,100,25,bincode,2.0.1,382,495,122,877,2617801.047120,2020202.020202,1140250.855188,0,1.0,serde,adapted,1,c4a54cdecc67,2010,10
rust,stream,document,100,25,prost,0.13.5,742,625,155,1367,1347708.894879,1600000.000000,731528.895391,0,1.0,message,adapted,1,c4a54cdecc67,2011,11
rust,stream,document,100,25,flexbuffers,2.0.0,3036,2168,452,5204,329380.764163,461254.612546,192159.877018,0,1.0,serde,adapted,1,c4a54cdecc67,2012,12
rust,stream,document,100,25,simd-json,0.14.3,738,1788,460,2526,1355013.550136,559284.116331,395882.818686,0,1.0,serde,adapted,1,c4a54cdecc67,2013,13
rust,stream,document,100,25,minicbor,0.25.1,571,671,133,1242,1751313.485114,1490312.965723,805152.979066,0,1.0,direct,adapted,1,c4a54cdecc67,2014,14
rust,stream,document,100,25,serde_avro_fast,2.1.0,977,999,114,1976,1023541.453429,1001001.001001,506072.874494,0,1.0,serde,native,1,c4a54cdecc67,2015,15
rust,stream,document,100,26,minicbor,0.25.1,432,657,133,1089,2314814.814815,1522070.015221,918273.645546,0,1.0,direct,adapted,1,c4a54cdecc67,2016,0
rust,stream,document,100,26,rmp-serde,1.3.1,471,934,333,1405,2123142.250531,1070663.811563,711743.772242,0,1.0,serde,adapted,1,c4a54cdecc67,2017,1
rust,stream,document,100,26,bitcode,0.6.9,1896,1311,122,3207,527426.160338,762776.506484,311817.898347,0,1.0,serde,adapted,1,c4a54cdecc67,2018,2
rust,stream,document,100,26,sonic-rs,0.3.17,739,1073,460,1812,1353179.972936,931966.449208,551876.379691,0,1.0,serde,adapted,1,c4a54cdecc67,2019,3
rust,stream,document,100,26,serde_json,1.0.150,1625,3212,460,4837,615384.615385,311332.503113,206739.714699,0,1.0,serde,native,1,c4a54cdecc67,2020,4
rust,stream,document,100,26,nanoserde,0.1.37,676,457,258,1133,1479289.940828,2188183.807440,882612.533098,0,1.0,direct,adapted,1,c4a54cdecc67,2021,5
rust,stream,document,100,26,postcard,1.1.3,317,518,114,835,3154574.132492,1930501.930502,1197604.790419,0,1.0,serde,adapted,1,c4a54cdecc67,2022,6
rust,stream,document,100,26,simd-json,0.14.3,682,1551,460,2233,1466275.659824,644745.325596,447828.034035,0,1.0,serde,adapted,1,c4a54cdecc67,2023,7
rust,stream,document,100,26,ciborium,0.2.2,1492,2560,339,4052,670241.286863,390625.000000,246791.707799,0,1.0,serde,native,1,c4a54cdecc67,2024,8
rust,stream,document,100,26,bincode,2.0.1,413,478,122,891,2421307.506053,2092050.209205,1122334.455668,0,1.0,serde,adapted,1,c4a54cdecc67,2025,9
rust,stream,document,100,26,prost,0.13.5,785,740,155,1525,1273885.350318,1351351.351351,655737.704918,0,1.0,message,adapted,1,c4a54cdecc67,2026,10
rust,stream,document,100,26,flexbuffers,2.0.0,3125,2052,452,5177,320000.000000,487329.434698,193162.062971,0,1.0,serde,adapted,1,c4a54cdecc67,2027,11
rust,stream,document,100,26,rkyv,0.8.17,544,362,272,906,1838235.294118,2762430.939227,1103752.759382,0,1.0,archive,adapted,1,c4a54cdecc67,2028,12
rust,stream,document,100,26,bson,2.15.0,1191,2411,540,3602,839630.562552,414765.657404,277623.542476,0,1.0,serde,adapted,1,c4a54cdecc67,2029,13
rust,stream,document,100,26,serde_avro_fast,2.1.0,914,938,114,1852,1094091.903720,1066098.081023,539956.803456,0,1.0,serde,native,1,c4a54cdecc67,2030,14
rust,stream,document,100,26,speedy,0.8.7,230,321,214,551,4347826.086957,3115264.797508,1814882.032668,0,1.0,direct,adapted,1,c4a54cdecc67,2031,15
rust,stream,document,100,27,serde_avro_fast,2.1.0,813,929,114,1742,1230012.300123,1076426.264801,574052.812859,0,1.0,serde,native,1,c4a54cdecc67,2032,0
rust,stream,document,100,27,minicbor,0.25.1,595,678,133,1273,1680672.268908,1474926.253687,785545.954438,0,1.0,direct,adapted,1,c4a54cdecc67,2033,1
rust,stream,document,100,27,speedy,0.8.7,196,335,214,531,5102040.816327,2985074.626866,1883239.171375,0,1.0,direct,adapted,1,c4a54cdecc67,2034,2
rust,stream,document,100,27,bitcode,0.6.9,1833,1203,122,3036,545553.737043,831255.195345,329380.764163,0,1.0,serde,adapted,1,c4a54cdecc67,2035,3
rust,stream,document,100,27,nanoserde,0.1.37,601,383,258,984,1663893.510815,2610966.057441,1016260.162602,0,1.0,direct,adapted,1,c4a54cdecc67,2036,4
rust,stream,document,100,27,rmp-serde,1.3.1,483,979,333,1462,2070393.374741,1021450.459653,683994.528044,0,1.0,serde,adapted,1,c4a54cdecc67,2037,5
rust,stream,document,100,27,prost,0.13.5,721,669,155,1390,1386962.552011,1494768.310912,719424.460432,0,1.0,message,adapted,1,c4a54cdecc67,2038,6
rust,stream,document,100,27,serde_json,1.0.150,1762,3091,460,4853,567536.889898,323519.896474,206058.108387,0,1.0,serde,native,1,c4a54cdecc67,2039,7
rust,stream,document,100,27,ciborium,0.2.2,1378,2809,339,4187,725689.404935,355998.576006,238834.487700,0,1.0,serde,native,1,c4a54cdecc67,2040,8
rust,stream,document,100,27,bincode,2.0.1,480,597,122,1077,2083333.333333,1675041.876047,928505.106778,0,1.0,serde,adapted,1,c4a54cdecc67,2041,9
rust,stream,document,100,27,flexbuffers,2.0.0,3181,2065,452,5246,314366.551399,484261.501211,190621.425848,0,1.0,serde,adapted,1,c4a54cdecc67,2042,10
rust,stream,document,100,27,sonic-rs,0.3.17,787,1031,460,1818,1270648.030496,969932.104753,550055.005501,0,1.0,serde,adapted,1,c4a54cdecc67,2043,11
rust,stream,document,100,27,rkyv,0.8.17,498,494,272,992,2008032.128514,2024291.497976,1008064.516129,0,1.0,archive,adapted,1,c4a54cdecc67,2044,12
rust,stream,document,100,27,simd-json,0.14.3,846,1724,460,2570,1182033.096927,580046.403712,389105.058366,0,1.0,serde,adapted,1,c4a54cdecc67,2045,13
rust,stream,document,100,27,postcard,1.1.3,272,496,114,768,3676470.588235,2016129.032258,1302083.333333,0,1.0,serde,adapted,1,c4a54cdecc67,2046,14
rust,stream,document,100,27,bson,2.15.0,1329,2461,540,3790,752445.447705,406338.886631,263852.242744,0,1.0,serde,adapted,1,c4a54cdecc67,2047,15
rust,stream,document,100,28,ciborium,0.2.2,1258,2705,339,3963,794912.559618,369685.767098,252334.090336,0,1.0,serde,native,1,c4a54cdecc67,2048,0
rust,stream,document,100,28,bitcode,0.6.9,1830,1252,122,3082,546448.087432,798722.044728,324464.633355,0,1.0,serde,adapted,1,c4a54cdecc67,2049,1
rust,stream,document,100,28,nanoserde,0.1.37,575,440,258,1015,1739130.434783,2272727.272727,985221.674877,0,1.0,direct,adapted,1,c4a54cdecc67,2050,2
rust,stream,document,100,28,flexbuffers,2.0.0,3118,2028,452,5146,320718.409237,493096.646943,194325.689856,0,1.0,serde,adapted,1,c4a54cdecc67,2051,3
rust,stream,document,100,28,rkyv,0.8.17,655,436,272,1091,1526717.557252,2293577.981651,916590.284143,0,1.0,archive,adapted,1,c4a54cdecc67,2052,4
rust,stream,document,100,28,simd-json,0.14.3,848,1711,460,2559,1179245.283019,584453.535944,390777.647519,0,1.0,serde,adapted,1,c4a54cdecc67,2053,5
rust,stream,document,100,28,minicbor,0.25.1,602,698,133,1300,1661129.568106,1432664.756447,769230.769231,0,1.0,direct,adapted,1,c4a54cdecc67,2054,6
rust,stream,document,100,28,serde_json,1.0.150,1750,3162,460,4912,571428.571429,316255.534472,203583.061889,0,1.0,serde,native,1,c4a54cdecc67,2055,7
rust,stream,document,100,28,serde_avro_fast,2.1.0,910,1097,114,2007,1098901.098901,911577.028259,498256.103637,0,1.0,serde,native,1,c4a54cdecc67,2056,8
rust,stream,document,100,28,postcard,1.1.3,291,454,114,745,3436426.116838,2202643.171806,1342281.879195,0,1.0,serde,adapted,1,c4a54cdecc67,2057,9
rust,stream,document,100,28,bson,2.15.0,1240,2372,540,3612,806451.612903,421585.160202,276854.928018,0,1.0,serde,adapted,1,c4a54cdecc67,2058,10
rust,stream,document,100,28,speedy,0.8.7,231,295,214,526,4329004.329004,3389830.508475,1901140.684411,0,1.0,direct,adapted,1,c4a54cdecc67,2059,11
rust,stream,document,100,28,prost,0.13.5,817,713,155,1530,1223990.208078,1402524.544180,653594.771242,0,1.0,message,adapted,1,c4a54cdecc67,2060,12
rust,stream,document,100,28,bincode,2.0.1,353,598,122,951,2832861.189802,1672240.802676,1051524.710831,0,1.0,serde,adapted,1,c4a54cdecc67,2061,13
rust,stream,document,100,28,rmp-serde,1.3.1,644,1008,333,1652,1552795.031056,992063.492063,605326.876513,0,1.0,serde,adapted,1,c4a54cdecc67,2062,14
rust,stream,document,100,28,sonic-rs,0.3.17,757,993,460,1750,1321003.963012,1007049.345418,571428.571429,0,1.0,serde,adapted,1,c4a54cdecc67,2063,15
rust,stream,document,100,29,minicbor,0.25.1,506,742,133,1248,1976284.584980,1347708.894879,801282.051282,0,1.0,direct,adapted,1,c4a54cdecc67,2064,0
rust,stream,document,100,29,rkyv,0.8.17,564,440,272,1004,1773049.645390,2272727.272727,996015.936255,0,1.0,archive,adapted,1,c4a54cdecc67,2065,1
rust,stream,document,100,29,prost,0.13.5,1007,847,155,1854,993048.659384,1180637.544274,539374.325782,0,1.0,message,adapted,1,c4a54cdecc67,2066,2
rust,stream,document,100,29,postcard,1.1.3,268,504,114,772,3731343.283582,1984126.984127,1295336.787565,0,1.0,serde,adapted,1,c4a54cdecc67,2067,3
rust,stream,document,100,29,simd-json,0.14.3,716,1700,460,2416,1396648.044693,588235.294118,413907.284768,0,1.0,serde,adapted,1,c4a54cdecc67,2068,4
rust,stream,document,100,29,bitcode,0.6.9,2120,1280,122,3400,471698.113208,781250.000000,294117.647059,0,1.0,serde,adapted,1,c4a54cdecc67,2069,5
rust,stream,document,100,29,bson,2.15.0,1241,2340,540,3581,805801.772764,427350.427350,279251.605697,0,1.0,serde,adapted,1,c4a54cdecc67,2070,6
rust,stream,document,100,29,ciborium,0.2.2,1518,2694,339,4212,658761.528327,371195.248701,237416.904084,0,1.0,serde,native,1,c4a54cdecc67,2071,7
rust,stream,document,100,29,flexbuffers,2.0.0,3217,2048,452,5265,310848.616724,488281.250000,189933.523267,0,1.0,serde,adapted,1,c4a54cdecc67,2072,8
rust,stream,document,100,29,speedy,0.8.7,232,274,214,506,4310344.827586,3649635.036496,1976284.584980,0,1.0,direct,adapted,1,c4a54cdecc67,2073,9
rust,stream,document,100,29,serde_avro_fast,2.1.0,976,893,114,1869,1024590.163934,1119820.828667,535045.478866,0,1.0,serde,native,1,c4a54cdecc67,2074,10
rust,stream,document,100,29,nanoserde,0.1.37,515,496,258,1011,1941747.572816,2016129.032258,989119.683482,0,1.0,direct,adapted,1,c4a54cdecc67,2075,11
rust,stream,document,100,29,sonic-rs,0.3.17,653,1017,460,1670,1531393.568147,983284.169125,598802.395210,0,1.0,serde,adapted,1,c4a54cdecc67,2076,12
rust,stream,document,100,29,serde_json,1.0.150,1713,2840,460,4553,583771.161705,352112.676056,219635.405227,0,1.0,serde,native,1,c4a54cdecc67,2077,13
rust,stream,document,100,29,rmp-serde,1.3.1,539,1036,333,1575,1855287.569573,965250.965251,634920.634921,0,1.0,serde,adapted,1,c4a54cdecc67,2078,14
rust,stream,document,100,29,bincode,2.0.1,351,441,122,792,2849002.849003,2267573.696145,1262626.262626,0,1.0,serde,adapted,1,c4a54cdecc67,2079,15
rust,stream,document,100,30,ciborium,0.2.2,1295,2621,339,3916,772200.772201,381533.765738,255362.614913,0,1.0,serde,native,1,c4a54cdecc67,2080,0
rust,stream,document,100,30,minicbor,0.25.1,592,711,133,1303,1689189.189189,1406469.760900,767459.708365,0,1.0,direct,adapted,1,c4a54cdecc67,2081,1
rust,stream,document,100,30,bincode,2.0.1,320,446,122,766,3125000.000000,2242152.466368,1305483.028721,0,1.0,serde,adapted,1,c4a54cdecc67,2082,2
rust,stream,document,100,30,postcard,1.1.3,342,496,114,838,2923976.608187,2016129.032258,1193317.422434,0,1.0,serde,adapted,1,c4a54cdecc67,2083,3
rust,stream,document,100,30,rmp-serde,1.3.1,412,849,333,1261,2427184.466019,1177856.301531,793021.411578,0,1.0,serde,adapted,1,c4a54cdecc67,2084,4
rust,stream,document,100,30,flexbuffers,2.0.0,3019,1970,452,4989,331235.508447,507614.213198,200440.970134,0,1.0,serde,adapted,1,c4a54cdecc67,2085,5
rust,stream,document,100,30,serde_json,1.0.150,1537,2956,460,4493,650618.087183,338294.993234,222568.439795,0,1.0,serde,native,1,c4a54cdecc67,2086,6
rust,stream,document,100,30,simd-json,0.14.3,896,1643,460,2539,1116071.428571,608642.726719,393855.848759,0,1.0,serde,adapted,1,c4a54cdecc67,2087,7
rust,stream,document,100,30,prost,0.13.5,764,734,155,1498,1308900.523560,1362397.820163,667556.742323,0,1.0,message,adapted,1,c4a54cdecc67,2088,8
rust,stream,document,100,30,bson,2.15.0,1261,2465,540,3726,793021.411578,405679.513185,268384.326355,0,1.0,serde,adapted,1,c4a54cdecc67,2089,9
rust,stream,document,100,30,nanoserde,0.1.37,584,467,258,1051,1712328.767123,2141327.623126,951474.785918,0,1.0,direct,adapted,1,c4a54cdecc67,2090,10
rust,stream,document,100,30,sonic-rs,0.3.17,713,989,460,1702,1402524.544180,1011122.345804,587544.065805,0,1.0,serde,adapted,1,c4a54cdecc67,2091,11
rust,stream,document,100,30,speedy,0.8.7,224,270,214,494,4464285.714286,3703703.703704,2024291.497976,0,1.0,direct,adapted,1,c4a54cdecc67,2092,12
rust,stream,document,100,30,rkyv,0.8.17,611,455,272,1066,1636661.211129,2197802.197802,938086.303940,0,1.0,archive,adapted,1,c4a54cdecc67,2093,13
rust,stream,document,100,30,bitcode,0.6.9,1943,1278,122,3221,514668.039115,782472.613459,310462.589258,0,1.0,serde,adapted,1,c4a54cdecc67,2094,14
rust,stream,document,100,30,serde_avro_fast,2.1.0,967,1073,114,2040,1034126.163392,931966.449208,490196.078431,0,1.0,serde,native,1,c4a54cdecc67,2095,15
rust,stream,document,100,31,simd-json,0.14.3,772,2043,460,2815,1295336.787565,489476.260401,355239.786856,0,1.0,serde,adapted,1,c4a54cdecc67,2096,0
rust,stream,document,100,31,postcard,1.1.3,300,536,114,836,3333333.333333,1865671.641791,1196172.248804,0,1.0,serde,adapted,1,c4a54cdecc67,2097,1
rust,stream,document,100,31,bitcode,0.6.9,1887,978,122,2865,529941.706412,1022494.887526,349040.139616,0,1.0,serde,adapted,1,c4a54cdecc67,2098,2
rust,stream,document,100,31,bson,2.15.0,1450,2456,540,3906,689655.172414,407166.123779,256016.385049,0,1.0,serde,adapted,1,c4a54cdecc67,2099,3
rust,stream,document,100,31,bincode,2.0.1,409,575,122,984,2444987.775061,1739130.434783,1016260.162602,0,1.0,serde,adapted,1,c4a54cdecc67,2100,4
rust,stream,document,100,31,rmp-serde,1.3.1,571,905,333,1476,1751313.485114,1104972.375691,677506.775068,0,1.0,serde,adapted,1,c4a54cdecc67,2101,5
rust,stream,document,100,31,sonic-rs,0.3.17,605,908,460,1513,1652892.561983,1101321.585903,660938.532716,0,1.0,serde,adapted,1,c4a54cdecc67,2102,6
rust,stream,document,100,31,prost,0.13.5,725,737,155,1462,1379310.344828,1356852.103121,683994.528044,0,1.0,message,adapted,1,c4a54cdecc67,2103,7
rust,stream,document,100,31,ciborium,0.2.2,1486,2727,339,4213,672947.510094,366703.337000,237360.550676,0,1.0,serde,native,1,c4a54cdecc67,2104,8
rust,stream,document,100,31,minicbor,0.25.1,653,701,133,1354,1531393.568147,1426533.523538,738552.437223,0,1.0,direct,adapted,1,c4a54cdecc67,2105,9
rust,stream,document,100,31,serde_avro_fast,2.1.0,913,828,114,1741,1095290.251917,1207729.468599,574382.538771,0,1.0,serde,native,1,c4a54cdecc67,2106,10
rust,stream,document,100,31,nanoserde,0.1.37,480,349,258,829,2083333.333333,2865329.512894,1206272.617612,0,1.0,direct,adapted,1,c4a54cdecc67,2107,11
rust,stream,document,100,31,rkyv,0.8.17,666,373,272,1039,1501501.501502,2680965.147453,962463.907603,0,1.0,archive,adapted,1,c4a54cdecc67,2108,12
rust,stream,document,100,31,serde_json,1.0.150,2742,2766,460,5508,364697.301240,361532.899494,181554.103123,0,1.0,serde,native,1,c4a54cdecc67,2109,13
rust,stream,document,100,31,speedy,0.8.7,244,258,214,502,4098360.655738,3875968.992248,1992031.872510,0,1.0,direct,adapted,1,c4a54cdecc67,2110,14
rust,stream,document,100,31,flexbuffers,2.0.0,3408,1984,452,5392,293427.230047,504032.258065,185459.940653,0,1.0,serde,adapted,1,c4a54cdecc67,2111,15
rust,stream,document,100,32,bincode,2.0.1,234,478,122,712,4273504.273504,2092050.209205,1404494.382022,0,1.0,serde,adapted,1,c4a54cdecc67,2112,0
rust,stream,document,100,32,serde_avro_fast,2.1.0,821,871,114,1692,1218026.796590,1148105.625718,591016.548463,0,1.0,serde,native,1,c4a54cdecc67,2113,1
rust,stream,document,100,32,sonic-rs,0.3.17,638,946,460,1584,1567398.119122,1057082.452431,631313.131313,0,1.0,serde,adapted,1,c4a54cdecc67,2114,2
rust,stream,document,100,32,rkyv,0.8.17,561,433,272,994,1782531.194296,2309468.822171,1006036.217304,0,1.0,archive,adapted,1,c4a54cdecc67,2115,3
rust,stream,document,100,32,rmp-serde,1.3.1,441,854,333,1295,2267573.696145,1170960.187354,772200.772201,0,1.0,serde,adapted,1,c4a54cdecc67,2116,4
rust,stream,document,100,32,bson,2.15.0,1321,2317,540,3638,757002.271007,431592.576608,274876.305662,0,1.0,serde,adapted,1,c4a54cdecc67,2117,5
rust,stream,document,100,32,bitcode,0.6.9,2019,1259,122,3278,495294.700347,794281.175536,305064.063453,0,1.0,serde,adapted,1,c4a54cdecc67,2118,6
rust,stream,document,100,32,minicbor,0.25.1,657,639,133,1296,1522070.015221,1564945.226917,771604.938272,0,1.0,direct,adapted,1,c4a54cdecc67,2119,7
rust,stream,document,100,32,ciborium,0.2.2,1387,2437,339,3824,720980.533526,410340.582684,261506.276151,0,1.0,serde,native,1,c4a54cdecc67,2120,8
rust,stream,document,100,32,speedy,0.8.7,242,232,214,474,4132231.404959,4310344.827586,2109704.641350,0,1.0,direct,adapted,1,c4a54cdecc67,2121,9
rust,stream,document,100,32,simd-json,0.14.3,822,1684,460,2506,1216545.012165,593824.228029,399042.298484,0,1.0,serde,adapted,1,c4a54cdecc67,2122,10
rust,stream,document,100,32,nanoserde,0.1.37,530,360,258,890,1886792.452830,2777777.777778,1123595.505618,0,1.0,direct,adapted,1,c4a54cdecc67,2123,11
rust,stream,document,100,32,prost,0.13.5,706,717,155,1423,1416430.594901,1394700.139470,702740.688686,0,1.0,message,adapted,1,c4a54cdecc67,2124,12
rust,stream,document,100,32,serde_json,1.0.150,1580,2991,460,4571,632911.392405,334336.342360,218770.509735,0,1.0,serde,native,1,c4a54cdecc67,2125,13
rust,stream,document,100,32,postcard,1.1.3,309,433,114,742,3236245.954693,2309468.822171,1347708.894879,0,1.0,serde,adapted,1,c4a54cdecc67,2126,14
rust,stream,document,100,32,flexbuffers,2.0.0,3170,1900,452,5070,315457.413249,526315.789474,197238.658777,0,1.0,serde,adapted,1,c4a54cdecc67,2127,15
rust,stream,document,100,33,bincode,2.0.1,271,487,122,758,3690036.900369,2053388.090349,1319261.213720,0,1.0,serde,adapted,1,c4a54cdecc67,2128,0
rust,stream,document,100,33,ciborium,0.2.2,1230,2507,339,3737,813008.130081,398883.127244,267594.327000,0,1.0,serde,native,1,c4a54cdecc67,2129,1
rust,stream,document,100,33,sonic-rs,0.3.17,736,980,460,1716,1358695.652174,1020408.163265,582750.582751,0,1.0,serde,adapted,1,c4a54cdecc67,2130,2
rust,stream,document,100,33,rmp-serde,1.3.1,454,846,333,1300,2202643.171806,1182033.096927,769230.769231,0,1.0,serde,adapted,1,c4a54cdecc67,2131,3
rust,stream,document,100,33,rkyv,0.8.17,493,312,272,805,2028397.565923,3205128.205128,1242236.024845,0,1.0,archive,adapted,1,c4a54cdecc67,2132,4
rust,stream,document,100,33,serde_avro_fast,2.1.0,894,864,114,1758,1118568.232662,1157407.407407,568828.213879,0,1.0,serde,native,1,c4a54cdecc67,2133,5
rust,stream,document,100,33,prost,0.13.5,695,746,155,1441,1438848.920863,1340482.573727,693962.526024,0,1.0,message,adapted,1,c4a54cdecc67,2134,6
rust,stream,document,100,33,minicbor,0.25.1,503,609,133,1112,1988071.570577,1642036.124795,899280.575540,0,1.0,direct,adapted,1,c4a54cdecc67,2135,7
rust,stream,document,100,33,bson,2.15.0,1163,2208,540,3371,859845.227859,452898.550725,296647.878968,0,1.0,serde,adapted,1,c4a54cdecc67,2136,8
rust,stream,document,100,33,nanoserde,0.1.37,485,412,258,897,2061855.670103,2427184.466019,1114827.201784,0,1.0,direct,adapted,1,c4a54cdecc67,2137,9
rust,stream,document,100,33,postcard,1.1.3,260,411,114,671,3846153.846154,2433090.024331,1490312.965723,0,1.0,serde,adapted,1,c4a54cdecc67,2138,10
rust,stream,document,100,33,speedy,0.8.7,183,252,214,435,5464480.874317,3968253.968254,2298850.574713,0,1.0,direct,adapted,1,c4a54cdecc67,2139,11
rust,stream,document,100,33,bitcode,0.6.9,1775,1038,122,2813,563380.281690,963391.136802,355492.356914,0,1.0,serde,adapted,1,c4a54cdecc67,2140,12
rust,stream,document,100,33,flexbuffers,2.0.0,3136,1908,452,5044,318877.551020,524109.014675,198255.352895,0,1.0,serde,adapted,1,c4a54cdecc67,2141,13
rust,stream,document,100,33,serde_json,1.0.150,1696,2729,460,4425,589622.641509,366434.591425,225988.700565,0,1.0,serde,native,1,c4a54cdecc67,2142,14
rust,stream,document,100,33,simd-json,0.14.3,774,1603,460,2377,1291989.664083,623830.318153,420698.359276,0,1.0,serde,adapted,1,c4a54cdecc67,2143,15
rust,stream,document,100,34,bson,2.15.0,1110,2465,540,3575,900900.900901,405679.513185,279720.279720,0,1.0,serde,adapted,1,c4a54cdecc67,2144,0
rust,stream,document,100,34,bitcode,0.6.9,1608,1042,122,2650,621890.547264,959692.898273,377358.490566,0,1.0,serde,adapted,1,c4a54cdecc67,2145,1
rust,stream,document,100,34,rmp-serde,1.3.1,556,901,333,1457,1798561.151079,1109877.913430,686341.798216,0,1.0,serde,adapted,1,c4a54cdecc67,2146,2
rust,stream,document,100,34,ciborium,0.2.2,1470,2708,339,4178,680272.108844,369276.218612,239348.970799,0,1.0,serde,native,1,c4a54cdecc67,2147,3
rust,stream,document,100,34,serde_avro_fast,2.1.0,848,957,114,1805,1179245.283019,1044932.079415,554016.620499,0,1.0,serde,native,1,c4a54cdecc67,2148,4
rust,stream,document,100,34,simd-json,0.14.3,902,1529,460,2431,1108647.450111,654022.236756,411353.352530,0,1.0,serde,adapted,1,c4a54cdecc67,2149,5
rust,stream,document,100,34,bincode,2.0.1,371,431,122,802,2695417.789757,2320185.614849,1246882.793017,0,1.0,serde,adapted,1,c4a54cdecc67,2150,6
rust,stream,document,100,34,serde_json,1.0.150,1449,3307,460,4756,690131.124914,302388.872090,210260.723297,0,1.0,serde,native,1,c4a54cdecc67,2151,7
rust,stream,document,100,34,nanoserde,0.1.37,706,390,258,1096,1416430.594901,2564102.564103,912408.759124,0,1.0,direct,adapted,1,c4a54cdecc67,2152,8
rust,stream,document,100,34,postcard,1.1.3,285,403,114,688,3508771.929825,2481389.578164,1453488.372093,0,1.0,serde,adapted,1,c4a54cdecc67,2153,9
rust,stream,document,100,34,speedy,0.8.7,212,228,214,440,4716981.132075,4385964.912281,2272727.272727,0,1.0,direct,adapted,1,c4a54cdecc67,2154,10
rust,stream,document,100,34,prost,0.13.5,636,698,155,1334,1572327.044025,1432664.756447,749625.187406,0,1.0,message,adapted,1,c4a54cdecc67,2155,11
rust,stream,document,100,34,flexbuffers,2.0.0,2989,1862,452,4851,334560.053530,537056.928034,206143.063286,0,1.0,serde,adapted,1,c4a54cdecc67,2156,12
rust,stream,document,100,34,rkyv,0.8.17,512,407,272,919,1953125.000000,2457002.457002,1088139.281828,0,1.0,archive,adapted,1,c4a54cdecc67,2157,13
rust,stream,document,100,34,minicbor,0.25.1,523,693,133,1216,1912045.889101,1443001.443001,822368.421053,0,1.0,direct,adapted,1,c4a54cdecc67,2158,14
rust,stream,document,100,34,sonic-rs,0.3.17,826,982,460,1808,1210653.753027,1018329.938900,553097.345133,0,1.0,serde,adapted,1,c4a54cdecc67,2159,15
rust,stream,document,100,35,ciborium,0.2.2,1318,2476,339,3794,758725.341426,403877.221325,263574.064312,0,1.0,serde,native,1,c4a54cdecc67,2160,0
rust,stream,document,100,35,rmp-serde,1.3.1,489,928,333,1417,2044989.775051,1077586.206897,705716.302047,0,1.0,serde,adapted,1,c4a54cdecc67,2161,1
rust,stream,document,100,35,serde_avro_fast,2.1.0,899,916,114,1815,1112347.052280,1091703.056769,550964.187328,0,1.0,serde,native,1,c4a54cdecc67,2162,2
rust,stream,document,100,35,prost,0.13.5,848,836,155,1684,1179245.283019,1196172.248804,593824.228029,0,1.0,message,adapted,1,c4a54cdecc67,2163,3
rust,stream,document,100,35,nanoserde,0.1.37,530,478,258,1008,1886792.452830,2092050.209205,992063.492063,0,1.0,direct,adapted,1,c4a54cdecc67,2164,4
rust,stream,document,100,35,serde_json,1.0.150,1530,3254,460,4784,653594.771242,307314.074985,209030.100334,0,1.0,serde,native,1,c4a54cdecc67,2165,5
rust,stream,document,100,35,bson,2.15.0,1355,2327,540,3682,738007.380074,429737.859905,271591.526344,0,1.0,serde,adapted,1,c4a54cdecc67,2166,6
rust,stream,document,100,35,bincode,2.0.1,379,443,122,822,2638522.427441,2257336.343115,1216545.012165,0,1.0,serde,adapted,1,c4a54cdecc67,2167,7
rust,stream,document,100,35,simd-json,0.14.3,797,1502,460,2299,1254705.144291,665778.961385,434971.726838,0,1.0,serde,adapted,1,c4a54cdecc67,2168,8
rust,stream,document,100,35,sonic-rs,0.3.17,604,953,460,1557,1655629.139073,1049317.943337,642260.757868,0,1.0,serde,adapted,1,c4a54cdecc67,2169,9
rust,stream,document,100,35,speedy,0.8.7,204,221,214,425,4901960.784314,4524886.877828,2352941.176471,0,1.0,direct,adapted,1,c4a54cdecc67,2170,10
rust,stream,document,100,35,postcard,1.1.3,267,441,114,708,3745318.352060,2267573.696145,1412429.378531,0,1.0,serde,adapted,1,c4a54cdecc67,2171,11
rust,stream,document,100,35,minicbor,0.25.1,478,614,133,1092,2092050.209205,1628664.495114,915750.915751,0,1.0,direct,adapted,1,c4a54cdecc67,2172,12
rust,stream,document,100,35,bitcode,0.6.9,1887,1190,122,3077,529941.706412,840336.134454,324991.875203,0,1.0,serde,adapted,1,c4a54cdecc67,2173,13
rust,stream,document,100,35,flexbuffers,2.0.0,3063,1891,452,4954,326477.309827,528820.729773,201857.085184,0,1.0,serde,adapted,1,c4a54cdecc67,2174,14
rust,stream,document,100,35,rkyv,0.8.17,552,334,272,886,1811594.202899,2994011.976048,1128668.171558,0,1.0,archive,adapted,1,c4a54cdecc67,2175,15
rust,stream,document,100,36,postcard,1.1.3,209,437,114,646,4784688.995215,2288329.519451,1547987.616099,0,1.0,serde,adapted,1,c4a54cdecc67,2176,0
rust,stream,document,100,36,simd-json,0.14.3,827,1580,460,2407,1209189.842805,632911.392405,415454.923141,0,1.0,serde,adapted,1,c4a54cdecc67,2177,1
rust,stream,document,100,36,ciborium,0.2.2,1418,2795,339,4213,705218.617772,357781.753131,237360.550676,0,1.0,serde,native,1,c4a54cdecc67,2178,2
rust,stream,document,100,36,bincode,2.0.1,363,461,122,824,2754820.936639,2169197.396963,1213592.233010,0,1.0,serde,adapted,1,c4a54cdecc67,2179,3
rust,stream,document,100,36,flexbuffers,2.0.0,3058,1776,452,4834,327011.118378,563063.063063,206868.018204,0,1.0,serde,adapted,1,c4a54cdecc67,2180,4
rust,stream,document,100,36,speedy,0.8.7,194,241,214,435,5154639.175258,4149377.593361,2298850.574713,0,1.0,direct,adapted,1,c4a54cdecc67,2181,5
rust,stream,document,100,36,bson,2.15.0,1147,2267,540,3414,871839.581517,441111.601235,292911.540715,0,1.0,serde,adapted,1,c4a54cdecc67,2182,6
rust,stream,document,100,36,sonic-rs,0.3.17,584,883,460,1467,1712328.767123,1132502.831257,681663.258350,0,1.0,serde,adapted,1,c4a54cdecc67,2183,7
rust,stream,document,100,36,nanoserde,0.1.37,592,410,258,1002,1689189.189189,2439024.390244,998003.992016,0,1.0,direct,adapted,1,c4a54cdecc67,2184,8
rust,stream,document,100,36,serde_json,1.0.150,1560,3458,460,5018,641025.641026,289184.499711,199282.582702,0,1.0,serde,native,1,c4a54cdecc67,2185,9
rust,stream,document,100,36,prost,0.13.5,753,684,155,1437,1328021.248340,1461988.304094,695894.224078,0,1.0,message,adapted,1,c4a54cdecc67,2186,10
rust,stream,document,100,36,serde_avro_fast,2.1.0,928,928,114,1856,1077586.206897,1077586.206897,538793.103448,0,1.0,serde,native,1,c4a54cdecc67,2187,11
rust,stream,document,100,36,rmp-serde,1.3.1,485,873,333,1358,2061855.670103,1145475.372279,736377.025037,0,1.0,serde,adapted,1,c4a54cdecc67,2188,12
rust,stream,document,100,36,minicbor,0.25.1,553,537,133,1090,1808318.264014,1862197.392924,917431.192661,0,1.0,direct,adapted,1,c4a54cdecc67,2189,13
rust,stream,document,100,36,bitcode,0.6.9,1709,1045,122,2754,585137.507314,956937.799043,363108.206245,0,1.0,serde,adapted,1,c4a54cdecc67,2190,14
rust,stream,document,100,36,rkyv,0.8.17,480,342,272,822,2083333.333333,2923976.608187,1216545.012165,0,1.0,archive,adapted,1,c4a54cdecc67,2191,15
rust,stream,document,100,37,sonic-rs,0.3.17,648,1126,460,1774,1543209.876543,888099.467140,563697.857948,0,1.0,serde,adapted,1,c4a54cdecc67,2192,0
rust,stream,document,100,37,bincode,2.0.1,368,560,122,928,2717391.304348,1785714.285714,1077586.206897,0,1.0,serde,adapted,1,c4a54cdecc67,2193,1
rust,stream,document,100,37,minicbor,0.25.1,478,461,133,939,2092050.209205,2169197.396963,1064962.726305,0,1.0,direct,adapted,1,c4a54cdecc67,2194,2
rust,stream,document,100,37,bson,2.15.0,1062,2387,540,3449,941619.585687,418935.902807,289939.112786,0,1.0,serde,adapted,1,c4a54cdecc67,2195,3
rust,stream,document,100,37,serde_json,1.0.150,1524,2692,460,4216,656167.979003,371471.025260,237191.650854,0,1.0,serde,native,1,c4a54cdecc67,2196,4
rust,stream,document,100,37,rkyv,0.8.17,565,351,272,916,1769911.504425,2849002.849003,1091703.056769,0,1.0,archive,adapted,1,c4a54cdecc67,2197,5
rust,stream,document,100,37,speedy,0.8.7,171,225,214,396,5847953.216374,4444444.444444,2525252.525253,0,1.0,direct,adapted,1,c4a54cdecc67,2198,6
rust,stream,document,100,37,ciborium,0.2.2,1384,2590,339,3974,722543.352601,386100.386100,251635.631605,0,1.0,serde,native,1,c4a54cdecc67,2199,7
rust,stream,document,100,37,postcard,1.1.3,309,423,114,732,3236245.954693,2364066.193853,1366120.218579,0,1.0,serde,adapted,1,c4a54cdecc67,2200,8
rust,stream,document,100,37,nanoserde,0.1.37,539,405,258,944,1855287.569573,2469135.802469,1059322.033898,0,1.0,direct,adapted,1,c4a54cdecc67,2201,9
rust,stream,document,100,37,serde_avro_fast,2.1.0,877,823,114,1700,1140250.855188,1215066.828676,588235.294118,0,1.0,serde,native,1,c4a54cdecc67,2202,10
rust,stream,document,100,37,prost,0.13.5,775,747,155,1522,1290322.580645,1338688.085676,657030.223390,0,1.0,message,adapted,1,c4a54cdecc67,2203,11
rust,stream,document,100,37,flexbuffers,2.0.0,3163,1974,452,5137,316155.548530,506585.612969,194666.147557,0,1.0,serde,adapted,1,c4a54cdecc67,2204,12
rust,stream,document,100,37,simd-json,0.14.3,792,1676,460,2468,1262626.262626,596658.711217,405186.385737,0,1.0,serde,adapted,1,c4a54cdecc67,2205,13
rust,stream,document,100,37,bitcode,0.6.9,1640,969,122,2609,609756.097561,1031991.744066,383288.616328,0,1.0,serde,adapted,1,c4a54cdecc67,2206,14
rust,stream,document,100,37,rmp-serde,1.3.1,525,956,333,1481,1904761.904762,1046025.104603,675219.446320,0,1.0,serde,adapted,1,c4a54cdecc67,2207,15
rust,stream,document,100,38,serde_avro_fast,2.1.0,821,884,114,1705,1218026.796590,1131221.719457,586510.263930,0,1.0,serde,native,1,c4a54cdecc67,2208,0
rust,stream,document,100,38,postcard,1.1.3,315,430,114,745,3174603.174603,2325581.395349,1342281.879195,0,1.0,serde,adapted,1,c4a54cdecc67,2209,1
rust,stream,document,100,38,rkyv,0.8.17,542,421,272,963,1845018.450185,2375296.912114,1038421.599169,0,1.0,archive,adapted,1,c4a54cdecc67,2210,2
rust,stream,document,100,38,bson,2.15.0,1030,2335,540,3365,970873.786408,428265.524625,297176.820208,0,1.0,serde,adapted,1,c4a54cdecc67,2211,3
rust,stream,document,100,38,simd-json,0.14.3,801,1508,460,2309,1248439.450687,663129.973475,433087.916847,0,1.0,serde,adapted,1,c4a54cdecc67,2212,4
rust,stream,document,100,38,flexbuffers,2.0.0,3048,2039,452,5087,328083.989501,490436.488475,196579.516414,0,1.0,serde,adapted,1,c4a54cdecc67,2213,5
rust,stream,document,100,38,serde_json,1.0.150,1656,3015,460,4671,603864.734300,331674.958541,214086.919289,0,1.0,serde,native,1,c4a54cdecc67,2214,6
rust,stream,document,100,38,bincode,2.0.1,413,442,122,855,2421307.506053,2262443.438914,1169590.643275,0,1.0,serde,adapted,1,c4a54cdecc67,2215,7
rust,stream,document,100,38,speedy,0.8.7,243,285,214,528,4115226.337449,3508771.929825,1893939.393939,0,1.0,direct,adapted,1,c4a54cdecc67,2216,8
rust,stream,document,100,38,nanoserde,0.1.37,509,387,258,896,1964636.542240,2583979.328165,1116071.428571,0,1.0,direct,adapted,1,c4a54cdecc67,2217,9
rust,stream,document,100,38,bitcode,0.6.9,1677,1063,122,2740,596302.921884,940733.772342,364963.503650,0,1.0,serde,adapted,1,c4a54cdecc67,2218,10
rust,stream,document,100,38,sonic-rs,0.3.17,692,1008,460,1700,1445086.705202,992063.492063,588235.294118,0,1.0,serde,adapted,1,c4a54cdecc67,2219,11
rust,stream,document,100,38,ciborium,0.2.2,1392,2575,339,3967,718390.804598,388349.514563,252079.657172,0,1.0,serde,native,1,c4a54cdecc67,2220,12
rust,stream,document,100,38,rmp-serde,1.3.1,469,872,333,1341,2132196.162047,1146788.990826,745712.155108,0,1.0,serde,adapted,1,c4a54cdecc67,2221,13
rust,stream,document,100,38,minicbor,0.25.1,572,677,133,1249,1748251.748252,1477104.874446,800640.512410,0,1.0,direct,adapted,1,c4a54cdecc67,2222,14
rust,stream,document,100,38,prost,0.13.5,686,685,155,1371,1457725.947522,1459854.014599,729394.602480,0,1.0,message,adapted,1,c4a54cdecc67,2223,15
rust,stream,document,100,39,nanoserde,0.1.37,403,373,258,776,2481389.578164,2680965.147453,1288659.793814,0,1.0,direct,adapted,1,c4a54cdecc67,2224,0
rust,stream,document,100,39,postcard,1.1.3,268,429,114,697,3731343.283582,2331002.331002,1434720.229555,0,1.0,serde,adapted,1,c4a54cdecc67,2225,1
rust,stream,document,100,39,serde_avro_fast,2.1.0,907,957,114,1864,1102535.832415,1044932.079415,536480.686695,0,1.0,serde,native,1,c4a54cdecc67,2226,2
rust,stream,document,100,39,serde_json,1.0.150,1546,2718,460,4264,646830.530401,367917.586461,234521.575985,0,1.0,serde,native,1,c4a54cdecc67,2227,3
rust,stream,document,100,39,minicbor,0.25.1,575,541,133,1116,1739130.434783,1848428.835490,896057.347670,0,1.0,direct,adapted,1,c4a54cdecc67,2228,4
rust,stream,document,100,39,ciborium,0.2.2,1182,2328,339,3510,846023.688663,429553.264605,284900.284900,0,1.0,serde,native,1,c4a54cdecc67,2229,5
rust,stream,document,100,39,rkyv,0.8.17,554,390,272,944,1805054.151625,2564102.564103,1059322.033898,0,1.0,archive,adapted,1,c4a54cdecc67,2230,6
rust,stream,document,100,39,speedy,0.8.7,187,286,214,473,5347593.582888,3496503.496503,2114164.904863,0,1.0,direct,adapted,1,c4a54cdecc67,2231,7
rust,stream,document,100,39,prost,0.13.5,726,703,155,1429,1377410.468320,1422475.106686,699790.062981,0,1.0,message,adapted,1,c4a54cdecc67,2232,8
rust,stream,document,100,39,rmp-serde,1.3.1,407,787,333,1194,2457002.457002,1270648.030496,837520.938023,0,1.0,serde,adapted,1,c4a54cdecc67,2233,9
rust,stream,document,100,39,flexbuffers,2.0.0,3062,1973,452,5035,326583.932071,506842.372022,198609.731877,0,1.0,serde,adapted,1,c4a54cdecc67,2234,10
rust,stream,document,100,39,bson,2.15.0,1116,2461,540,3577,896057.347670,406338.886631,279563.880347,0,1.0,serde,adapted,1,c4a54cdecc67,2235,11
rust,stream,document,100,39,sonic-rs,0.3.17,675,934,460,1609,1481481.481481,1070663.811563,621504.039776,0,1.0,serde,adapted,1,c4a54cdecc67,2236,12
rust,stream,document,100,39,bincode,2.0.1,348,494,122,842,2873563.218391,2024291.497976,1187648.456057,0,1.0,serde,adapted,1,c4a54cdecc67,2237,13
rust,stream,document,100,39,simd-json,0.14.3,893,1583,460,2476,1119820.828667,631711.939356,403877.221325,0,1.0,serde,adapted,1,c4a54cdecc67,2238,14
rust,stream,document,100,39,bitcode,0.6.9,1663,1037,122,2700,601322.910403,964320.154291,370370.370370,0,1.0,serde,adapted,1,c4a54cdecc67,2239,15
rust,stream,document,100,40,nanoserde,0.1.37,468,564,258,1032,2136752.136752,1773049.645390,968992.248062,0,1.0,direct,adapted,1,c4a54cdecc67,2240,0
rust,stream,document,100,40,serde_avro_fast,2.1.0,865,950,114,1815,1156069.364162,1052631.578947,550964.187328,0,1.0,serde,native,1,c4a54cdecc67,2241,1
rust,stream,document,100,40,sonic-rs,0.3.17,682,922,460,1604,1466275.659824,1084598.698482,623441.396509,0,1.0,serde,adapted,1,c4a54cdecc67,2242,2
rust,stream,document,100,40,ciborium,0.2.2,1356,2667,339,4023,737463.126844,374953.130859,248570.718369,0,1.0,serde,native,1,c4a54cdecc67,2243,3
rust,stream,document,100,40,prost,0.13.5,781,740,155,1521,1280409.731114,1351351.351351,657462.195924,0,1.0,message,adapted,1,c4a54cdecc67,2244,4
rust,stream,document,100,40,bitcode,0.6.9,1322,939,122,2261,756429.652042,1064962.726305,442282.176028,0,1.0,serde,adapted,1,c4a54cdecc67,2245,5
rust,stream,document,100,40,serde_json,1.0.150,1632,2800,460,4432,612745.098039,357142.857143,225631.768953,0,1.0,serde,native,1,c4a54cdecc67,2246,6
rust,stream,document,100,40,bincode,2.0.1,461,4584,122,5045,2169197.396963,218150.087260,198216.055500,0,1.0,serde,adapted,1,c4a54cdecc67,2247,7
rust,stream,document,100,40,minicbor,0.25.1,606,621,133,1227,1650165.016502,1610305.958132,814995.925020,0,1.0,direct,adapted,1,c4a54cdecc67,2248,8
rust,stream,document,100,40,flexbuffers,2.0.0,3081,1843,452,4924,324569.944823,542593.597396,203086.921202,0,1.0,serde,adapted,1,c4a54cdecc67,2249,9
rust,stream,document,100,40,postcard,1.1.3,307,420,114,727,3257328.990228,2380952.380952,1375515.818432,0,1.0,serde,adapted,1,c4a54cdecc67,2250,10
rust,stream,document,100,40,bson,2.15.0,1143,2348,540,3491,874890.638670,425894.378194,286450.873675,0,1.0,serde,adapted,1,c4a54cdecc67,2251,11
rust,stream,document,100,40,rkyv,0.8.17,520,400,272,920,1923076.923077,2500000.000000,1086956.521739,0,1.0,archive,adapted,1,c4a54cdecc67,2252,12
rust,stream,document,100,40,speedy,0.8.7,207,315,214,522,4830917.874396,3174603.174603,1915708.812261,0,1.0,direct,adapted,1,c4a54cdecc67,2253,13
rust,stream,document,100,40,simd-json,0.14.3,814,1622,460,2436,1228501.228501,616522.811344,410509.031199,0,1.0,serde,adapted,1,c4a54cdecc67,2254,14
rust,stream,document,100,40,rmp-serde,1.3.1,479,935,333,1414,2087682.672234,1069518.716578,707213.578501,0,1.0,serde,adapted,1,c4a54cdecc67,2255,15
rust,stream,document,100,41,postcard,1.1.3,225,399,114,624,4444444.444444,2506265.664160,1602564.102564,0,1.0,serde,adapted,1,c4a54cdecc67,2256,0
rust,stream,document,100,41,ciborium,0.2.2,1349,2596,339,3945,741289.844329,385208.012327,253485.424588,0,1.0,serde,native,1,c4a54cdecc67,2257,1
rust,stream,document,100,41,serde_json,1.0.150,1485,3004,460,4489,673400.673401,332889.480692,222766.763199,0,1.0,serde,native,1,c4a54cdecc67,2258,2
rust,stream,document,100,41,sonic-rs,0.3.17,832,927,460,1759,1201923.076923,1078748.651564,568504.832291,0,1.0,serde,adapted,1,c4a54cdecc67,2259,3
rust,stream,document,100,41,prost,0.13.5,809,732,155,1541,1236093.943140,1366120.218579,648929.266710,0,1.0,message,adapted,1,c4a54cdecc67,2260,4
rust,stream,document,100,41,serde_avro_fast,2.1.0,886,878,114,1764,1128668.171558,1138952.164009,566893.424036,0,1.0,serde,native,1,c4a54cdecc67,2261,5
rust,stream,document,100,41,bson,2.15.0,1137,2166,540,3303,879507.475814,461680.517082,302755.071147,0,1.0,serde,adapted,1,c4a54cdecc67,2262,6
rust,stream,document,100,41,rkyv,0.8.17,455,287,272,742,2197802.197802,3484320.557491,1347708.894879,0,1.0,archive,adapted,1,c4a54cdecc67,2263,7
rust,stream,document,100,41,speedy,0.8.7,166,243,214,409,6024096.385542,4115226.337449,2444987.775061,0,1.0,direct,adapted,1,c4a54cdecc67,2264,8
rust,stream,document,100,41,bincode,2.0.1,359,455,122,814,2785515.320334,2197802.197802,1228501.228501,0,1.0,serde,adapted,1,c4a54cdecc67,2265,9
rust,stream,document,100,41,rmp-serde,1.3.1,480,744,333,1224,2083333.333333,1344086.021505,816993.464052,0,1.0,serde,adapted,1,c4a54cdecc67,2266,10
rust,stream,document,100,41,flexbuffers,2.0.0,3097,1918,452,5015,322893.122376,521376.433785,199401.794616,0,1.0,serde,adapted,1,c4a54cdecc67,2267,11
rust,stream,document,100,41,nanoserde,0.1.37,435,406,258,841,2298850.574713,2463054.187192,1189060.642093,0,1.0,direct,adapted,1,c4a54cdecc67,2268,12
rust,stream,document,100,41,bitcode,0.6.9,1613,1124,122,2737,619962.802232,889679.715302,365363.536719,0,1.0,serde,adapted,1,c4a54cdecc67,2269,13
rust,stream,document,100,41,minicbor,0.25.1,619,585,133,1204,1615508.885299,1709401.709402,830564.784053,0,1.0,direct,adapted,1,c4a54cdecc67,2270,14
rust,stream,document,100,41,simd-json,0.14.3,836,1615,460,2451,1196172.248804,619195.046440,407996.736026,0,1.0,serde,adapted,1,c4a54cdecc67,2271,15
rust,stream,document,100,42,simd-json,0.14.3,758,1683,460,2441,1319261.213720,594177.064765,409668.168783,0,1.0,serde,adapted,1,c4a54cdecc67,2272,0
rust,stream,document,100,42,serde_avro_fast,2.1.0,856,901,114,1757,1168224.299065,1109877.913430,569151.963574,0,1.0,serde,native,1,c4a54cdecc67,2273,1
rust,stream,document,100,42,prost,0.13.5,839,803,155,1642,1191895.113230,1245330.012453,609013.398295,0,1.0,message,adapted,1,c4a54cdecc67,2274,2
rust,stream,document,100,42,postcard,1.1.3,329,467,114,796,3039513.677812,2141327.623126,1256281.407035,0,1.0,serde,adapted,1,c4a54cdecc67,2275,3
rust,stream,document,100,42,nanoserde,0.1.37,551,441,258,992,1814882.032668,2267573.696145,1008064.516129,0,1.0,direct,adapted,1,c4a54cdecc67,2276,4
rust,stream,document,100,42,bincode,2.0.1,279,483,122,762,3584229.390681,2070393.374741,1312335.958005,0,1.0,serde,adapted,1,c4a54cdecc67,2277,5
rust,stream,document,100,42,rkyv,0.8.17,642,471,272,1113,1557632.398754,2123142.250531,898472.596586,0,1.0,archive,adapted,1,c4a54cdecc67,2278,6
rust,stream,document,100,42,sonic-rs,0.3.17,571,1075,460,1646,1751313.485114,930232.558140,607533.414338,0,1.0,serde,adapted,1,c4a54cdecc67,2279,7
rust,stream,document,100,42,serde_json,1.0.150,1558,3219,460,4777,641848.523748,310655.483069,209336.403601,0,1.0,serde,native,1,c4a54cdecc67,2280,8
rust,stream,document,100,42,flexbuffers,2.0.0,3102,1815,452,4917,322372.662798,550964.187328,203376.042302,0,1.0,serde,adapted,1,c4a54cdecc67,2281,9
rust,stream,document,100,42,minicbor,0.25.1,483,554,133,1037,2070393.374741,1805054.151625,964320.154291,0,1.0,direct,adapted,1,c4a54cdecc67,2282,10
rust,stream,document,100,42,bitcode,0.6.9,1374,858,122,2232,727802.037846,1165501.165501,448028.673835,0,1.0,serde,adapted,1,c4a54cdecc67,2283,11
rust,stream,document,100,42,ciborium,0.2.2,1441,2519,339,3960,693962.526024,396982.929734,252525.252525,0,1.0,serde,native,1,c4a54cdecc67,2284,12
rust,stream,document,100,42,rmp-serde,1.3.1,672,849,333,1521,1488095.238095,1177856.301531,657462.195924,0,1.0,serde,adapted,1,c4a54cdecc67,2285,13
rust,stream,document,100,42,bson,2.15.0,1082,2407,540,3489,924214.417745,415454.923141,286615.075953,0,1.0,serde,adapted,1,c4a54cdecc67,2286,14
rust,stream,document,100,42,speedy,0.8.7,218,283,214,501,4587155.963303,3533568.904594,1996007.984032,0,1.0,direct,adapted,1,c4a54cdecc67,2287,15
rust,stream,document,100,43,prost,0.13.5,799,822,155,1621,1251564.455569,1216545.012165,616903.146206,0,1.0,message,adapted,1,c4a54cdecc67,2288,0
rust,stream,document,100,43,ciborium,0.2.2,1162,2436,339,3598,860585.197935,410509.031199,277932.184547,0,1.0,serde,native,1,c4a54cdecc67,2289,1
rust,stream,document,100,43,postcard,1.1.3,363,429,114,792,2754820.936639,2331002.331002,1262626.262626,0,1.0,serde,adapted,1,c4a54cdecc67,2290,2
rust,stream,document,100,43,rmp-serde,1.3.1,395,751,333,1146,2531645.569620,1331557.922770,872600.349040,0,1.0,serde,adapted,1,c4a54cdecc67,2291,3
rust,stream,document,100,43,bincode,2.0.1,360,452,122,812,2777777.777778,2212389.380531,1231527.093596,0,1.0,serde,adapted,1,c4a54cdecc67,2292,4
rust,stream,document,100,43,nanoserde,0.1.37,590,364,258,954,1694915.254237,2747252.747253,1048218.029350,0,1.0,direct,adapted,1,c4a54cdecc67,2293,5
rust,stream,document,100,43,flexbuffers,2.0.0,3156,1894,452,5050,316856.780735,527983.104541,198019.801980,0,1.0,serde,adapted,1,c4a54cdecc67,2294,6
rust,stream,document,100,43,speedy,0.8.7,181,212,214,393,5524861.878453,4716981.132075,2544529.262087,0,1.0,direct,adapted,1,c4a54cdecc67,2295,7
rust,stream,document,100,43,rkyv,0.8.17,474,344,272,818,2109704.641350,2906976.744186,1222493.887531,0,1.0,archive,adapted,1,c4a54cdecc67,2296,8
rust,stream,document,100,43,serde_avro_fast,2.1.0,852,789,114,1641,1173708.920188,1267427.122940,609384.521633,0,1.0,serde,native,1,c4a54cdecc67,2297,9
rust,stream,document,100,43,minicbor,0.25.1,495,582,133,1077,2020202.020202,1718213.058419,928505.106778,0,1.0,direct,adapted,1,c4a54cdecc67,2298,10
rust,stream,document,100,43,sonic-rs,0.3.17,648,924,460,1572,1543209.876543,1082251.082251,636132.315522,0,1.0,serde,adapted,1,c4a54cdecc67,2299,11
rust,stream,document,100,43,bson,2.15.0,1110,2270,540,3380,900900.900901,440528.634361,295857.988166,0,1.0,serde,adapted,1,c4a54cdecc67,2300,12
rust,stream,document,100,43,simd-json,0.14.3,782,1637,460,2419,1278772.378517,610873.549175,413393.964448,0,1.0,serde,adapted,1,c4a54cdecc67,2301,13
rust,stream,document,100,43,bitcode,0.6.9,1588,1188,122,2776,629722.921914,841750.841751,360230.547550,0,1.0,serde,adapted,1,c4a54cdecc67,2302,14
rust,stream,document,100,43,serde_json,1.0.150,1595,2854,460,4449,626959.247649,350385.423966,224769.611149,0,1.0,serde,native,1,c4a54cdecc67,2303,15
rust,stream,document,100,44,speedy,0.8.7,160,353,214,513,6250000.000000,2832861.189802,1949317.738791,0,1.0,direct,adapted,1,c4a54cdecc67,2304,0
rust,stream,document,100,44,simd-json,0.14.3,842,1479,460,2321,1187648.456057,676132.521974,430848.772081,0,1.0,serde,adapted,1,c4a54cdecc67,2305,1
rust,stream,document,100,44,bson,2.15.0,1109,2270,540,3379,901713.255185,440528.634361,295945.546020,0,1.0,serde,adapted,1,c4a54cdecc67,2306,2
rust,stream,document,100,44,bitcode,0.6.9,1568,1159,122,2727,637755.102041,862812.769629,366703.337000,0,1.0,serde,adapted,1,c4a54cdecc67,2307,3
rust,stream,document,100,44,flexbuffers,2.0.0,3124,2041,452,5165,320102.432778,489955.903969,193610.842207,0,1.0,serde,adapted,1,c4a54cdecc67,2308,4
rust,stream,document,100,44,postcard,1.1.3,297,418,114,715,3367003.367003,2392344.497608,1398601.398601,0,1.0,serde,adapted,1,c4a54cdecc67,2309,5
rust,stream,document,100,44,rkyv,0.8.17,553,380,272,933,1808318.264014,2631578.947368,1071811.361200,0,1.0,archive,adapted,1,c4a54cdecc67,2310,6
rust,stream,document,100,44,nanoserde,0.1.37,571,463,258,1034,1751313.485114,2159827.213823,967117.988395,0,1.0,direct,adapted,1,c4a54cdecc67,2311,7
rust,stream,document,100,44,prost,0.13.5,877,829,155,1706,1140250.855188,1206272.617612,586166.471278,0,1.0,message,adapted,1,c4a54cdecc67,2312,8
rust,stream,document,100,44,rmp-serde,1.3.1,473,1035,333,1508,2114164.904863,966183.574879,663129.973475,0,1.0,serde,adapted,1,c4a54cdecc67,2313,9
rust,stream,document,100,44,serde_avro_fast,2.1.0,883,979,114,1862,1132502.831257,1021450.459653,537056.928034,0,1.0,serde,native,1,c4a54cdecc67,2314,10
rust,stream,document,100,44,ciborium,0.2.2,1450,2691,339,4141,689655.172414,371609.067261,241487.563390,0,1.0,serde,native,1,c4a54cdecc67,2315,11
rust,stream,document,100,44,sonic-rs,0.3.17,675,1031,460,1706,1481481.481481,969932.104753,586166.471278,0,1.0,serde,adapted,1,c4a54cdecc67,2316,12
rust,stream,document,100,44,minicbor,0.25.1,576,607,133,1183,1736111.111111,1647446.457990,845308.537616,0,1.0,direct,adapted,1,c4a54cdecc67,2317,13
rust,stream,document,100,44,bincode,2.0.1,356,578,122,934,2808988.764045,1730103.806228,1070663.811563,0,1.0,serde,adapted,1,c4a54cdecc67,2318,14
rust,stream,document,100,44,serde_json,1.0.150,1712,3079,460,4791,584112.149533,324780.772978,208724.692131,0,1.0,serde,native,1,c4a54cdecc67,2319,15
rust,stream,document,100,45,rmp-serde,1.3.1,527,844,333,1371,1897533.206831,1184834.123223,729394.602480,0,1.0,serde,adapted,1,c4a54cdecc67,2320,0
rust,stream,document,100,45,nanoserde,0.1.37,449,399,258,848,2227171.492205,2506265.664160,1179245.283019,0,1.0,direct,adapted,1,c4a54cdecc67,2321,1
rust,stream,document,100,45,minicbor,0.25.1,511,620,133,1131,1956947.162427,1612903.225806,884173.297966,0,1.0,direct,adapted,1,c4a54cdecc67,2322,2
rust,stream,document,100,45,postcard,1.1.3,312,415,114,727,3205128.205128,2409638.554217,1375515.818432,0,1.0,serde,adapted,1,c4a54cdecc67,2323,3
rust,stream,document,100,45,rkyv,0.8.17,467,315,272,782,2141327.623126,3174603.174603,1278772.378517,0,1.0,archive,adapted,1,c4a54cdecc67,2324,4
rust,stream,document,100,45,prost,0.13.5,742,827,155,1569,1347708.894879,1209189.842805,637348.629700,0,1.0,message,adapted,1,c4a54cdecc67,2325,5
rust,stream,document,100,45,simd-json,0.14.3,845,1621,460,2466,1183431.952663,616903.146206,405515.004055,0,1.0,serde,adapted,1,c4a54cdecc67,2326,6
rust,stream,document,100,45,serde_avro_fast,2.1.0,781,909,114,1690,1280409.731114,1100110.011001,591715.976331,0,1.0,serde,native,1,c4a54cdecc67,2327,7
rust,stream,document,100,45,speedy,0.8.7,235,330,214,565,4255319.148936,3030303.030303,1769911.504425,0,1.0,direct,adapted,1,c4a54cdecc67,2328,8
rust,stream,document,100,45,bitcode,0.6.9,1755,1138,122,2893,569800.569801,878734.622144,345661.942620,0,1.0,serde,adapted,1,c4a54cdecc67,2329,9
rust,stream,document,100,45,flexbuffers,2.0.0,3052,2105,452,5157,327653.997379,475059.382423,193911.188676,0,1.0,serde,adapted,1,c4a54cdecc67,2330,10
rust,stream,document,100,45,bincode,2.0.1,280,498,122,778,3571428.571429,2008032.128514,1285347.043702,0,1.0,serde,adapted,1,c4a54cdecc67,2331,11
rust,stream,document,100,45,bson,2.15.0,1183,2460,540,3643,845308.537616,406504.065041,274499.039253,0,1.0,serde,adapted,1,c4a54cdecc67,2332,12
rust,stream,document,100,45,serde_json,1.0.150,1504,3143,460,4647,664893.617021,318167.356029,215192.597375,0,1.0,serde,native,1,c4a54cdecc67,2333,13
rust,stream,document,100,45,ciborium,0.2.2,1300,2492,339,3792,769230.769231,401284.109149,263713.080169,0,1.0,serde,native,1,c4a54cdecc67,2334,14
rust,stream,document,100,45,sonic-rs,0.3.17,759,967,460,1726,1317523.056653,1034126.163392,579374.275782,0,1.0,serde,adapted,1,c4a54cdecc67,2335,15
rust,stream,document,100,46,prost,0.13.5,699,719,155,1418,1430615.164521,1390820.584145,705218.617772,0,1.0,message,adapted,1,c4a54cdecc67,2336,0
rust,stream,document,100,46,rmp-serde,1.3.1,439,886,333,1325,2277904.328018,1128668.171558,754716.981132,0,1.0,serde,adapted,1,c4a54cdecc67,2337,1
rust,stream,document,100,46,sonic-rs,0.3.17,662,923,460,1585,1510574.018127,1083423.618635,630914.826498,0,1.0,serde,adapted,1,c4a54cdecc67,2338,2
rust,stream,document,100,46,serde_json,1.0.150,1377,2991,460,4368,726216.412491,334336.342360,228937.728938,0,1.0,serde,native,1,c4a54cdecc67,2339,3
rust,stream,document,100,46,bson,2.15.0,1249,2153,540,3402,800640.512410,464468.183929,293944.738389,0,1.0,serde,adapted,1,c4a54cdecc67,2340,4
rust,stream,document,100,46,bitcode,0.6.9,1914,1095,122,3009,522466.039707,913242.009132,332336.324360,0,1.0,serde,adapted,1,c4a54cdecc67,2341,5
rust,stream,document,100,46,flexbuffers,2.0.0,3073,1957,452,5030,325414.904003,510986.203373,198807.157058,0,1.0,serde,adapted,1,c4a54cdecc67,2342,6
rust,stream,document,100,46,serde_avro_fast,2.1.0,910,894,114,1804,1098901.098901,1118568.232662,554323.725055,0,1.0,serde,native,1,c4a54cdecc67,2343,7
rust,stream,document,100,46,minicbor,0.25.1,602,647,133,1249,1661129.568106,1545595.054096,800640.512410,0,1.0,direct,adapted,1,c4a54cdecc67,2344,8
rust,stream,document,100,46,postcard,1.1.3,284,517,114,801,3521126.760563,1934235.976789,1248439.450687,0,1.0,serde,adapted,1,c4a54cdecc67,2345,9
rust,stream,document,100,46,speedy,0.8.7,217,330,214,547,4608294.930876,3030303.030303,1828153.564899,0,1.0,direct,adapted,1,c4a54cdecc67,2346,10
rust,stream,document,100,46,ciborium,0.2.2,1335,2322,339,3657,749063.670412,430663.221361,273448.181570,0,1.0,serde,native,1,c4a54cdecc67,2347,11
rust,stream,document,100,46,rkyv,0.8.17,607,365,272,972,1647446.457990,2739726.027397,1028806.584362,0,1.0,archive,adapted,1,c4a54cdecc67,2348,12
rust,stream,document,100,46,bincode,2.0.1,308,510,122,818,3246753.246753,1960784.313725,1222493.887531,0,1.0,serde,adapted,1,c4a54cdecc67,2349,13
rust,stream,document,100,46,simd-json,0.14.3,896,1874,460,2770,1116071.428571,533617.929562,361010.830325,0,1.0,serde,adapted,1,c4a54cdecc67,2350,14
rust,stream,document,100,46,nanoserde,0.1.37,491,457,258,948,2036659.877800,2188183.807440,1054852.320675,0,1.0,direct,adapted,1,c4a54cdecc67,2351,15
rust,stream,document,100,47,minicbor,0.25.1,461,598,133,1059,2169197.396963,1672240.802676,944287.063267,0,1.0,direct,adapted,1,c4a54cdecc67,2352,0
rust,stream,document,100,47,bson,2.15.0,1131,2576,540,3707,884173.297966,388198.757764,269759.913677,0,1.0,serde,adapted,1,c4a54cdecc67,2353,1
rust,stream,document,100,47,prost,0.13.5,813,860,155,1673,1230012.300123,1162790.697674,597728.631201,0,1.0,message,adapted,1,c4a54cdecc67,2354,2
rust,stream,document,100,47,bitcode,0.6.9,1763,1360,122,3123,567214.974475,735294.117647,320204.931156,0,1.0,serde,adapted,1,c4a54cdecc67,2355,3
rust,stream,document,100,47,flexbuffers,2.0.0,3106,1975,452,5081,321957.501610,506329.113924,196811.651250,0,1.0,serde,adapted,1,c4a54cdecc67,2356,4
rust,stream,document,100,47,serde_json,1.0.150,1638,2959,460,4597,610500.610501,337952.010814,217533.173809,0,1.0,serde,native,1,c4a54cdecc67,2357,5
rust,stream,document,100,47,rkyv,0.8.17,715,404,272,1119,1398601.398601,2475247.524752,893655.049151,0,1.0,archive,adapted,1,c4a54cdecc67,2358,6
rust,stream,document,100,47,speedy,0.8.7,203,264,214,467,4926108.374384,3787878.787879,2141327.623126,0,1.0,direct,adapted,1,c4a54cdecc67,2359,7
rust,stream,document,100,47,rmp-serde,1.3.1,638,935,333,1573,1567398.119122,1069518.716578,635727.908455,0,1.0,serde,adapted,1,c4a54cdecc67,2360,8
rust,stream,document,100,47,ciborium,0.2.2,1252,2443,339,3695,798722.044728,409332.787556,270635.994587,0,1.0,serde,native,1,c4a54cdecc67,2361,9
rust,stream,document,100,47,bincode,2.0.1,305,426,122,731,3278688.524590,2347417.840376,1367989.056088,0,1.0,serde,adapted,1,c4a54cdecc67,2362,10
rust,stream,document,100,47,postcard,1.1.3,319,410,114,729,3134796.238245,2439024.390244,1371742.112483,0,1.0,serde,adapted,1,c4a54cdecc67,2363,11
rust,stream,document,100,47,simd-json,0.14.3,791,1642,460,2433,1264222.503161,609013.398295,411015.207563,0,1.0,serde,adapted,1,c4a54cdecc67,2364,12
rust,stream,document,100,47,sonic-rs,0.3.17,652,999,460,1651,1533742.331288,1001001.001001,605693.519079,0,1.0,serde,adapted,1,c4a54cdecc67,2365,13
rust,stream,document,100,47,serde_avro_fast,2.1.0,902,935,114,1837,1108647.450111,1069518.716578,544365.813827,0,1.0,serde,native,1,c4a54cdecc67,2366,14
rust,stream,document,100,47,nanoserde,0.1.37,555,461,258,1016,1801801.801802,2169197.396963,984251.968504,0,1.0,direct,adapted,1,c4a54cdecc67,2367,15
rust,stream,document,100,48,bson,2.15.0,1216,2579,540,3795,822368.421053,387747.188833,263504.611331,0,1.0,serde,adapted,1,c4a54cdecc67,2368,0
rust,stream,document,100,48,ciborium,0.2.2,1174,2418,339,3592,851788.756388,413564.929694,278396.436526,0,1.0,serde,native,1,c4a54cdecc67,2369,1
rust,stream,document,100,48,nanoserde,0.1.37,561,349,258,910,1782531.194296,2865329.512894,1098901.098901,0,1.0,direct,adapted,1,c4a54cdecc67,2370,2
rust,stream,document,100,48,bitcode,0.6.9,1711,1107,122,2818,584453.535944,903342.366757,354861.603974,0,1.0,serde,adapted,1,c4a54cdecc67,2371,3
rust,stream,document,100,48,sonic-rs,0.3.17,706,900,460,1606,1416430.594901,1111111.111111,622665.006227,0,1.0,serde,adapted,1,c4a54cdecc67,2372,4
rust,stream,document,100,48,minicbor,0.25.1,602,605,133,1207,1661129.568106,1652892.561983,828500.414250,0,1.0,direct,adapted,1,c4a54cdecc67,2373,5
rust,stream,document,100,48,flexbuffers,2.0.0,3041,1922,452,4963,328839.197632,520291.363163,201491.033649,0,1.0,serde,adapted,1,c4a54cdecc67,2374,6
rust,stream,document,100,48,speedy,0.8.7,196,230,214,426,5102040.816327,4347826.086957,2347417.840376,0,1.0,direct,adapted,1,c4a54cdecc67,2375,7
rust,stream,document,100,48,simd-json,0.14.3,729,1584,460,2313,1371742.112483,631313.131313,432338.953740,0,1.0,serde,adapted,1,c4a54cdecc67,2376,8
rust,stream,document,100,48,rmp-serde,1.3.1,429,860,333,1289,2331002.331002,1162790.697674,775795.190070,0,1.0,serde,adapted,1,c4a54cdecc67,2377,9
rust,stream,document,100,48,serde_json,1.0.150,1643,2809,460,4452,608642.726719,355998.576006,224618.149146,0,1.0,serde,native,1,c4a54cdecc67,2378,10
rust,stream,document,100,48,bincode,2.0.1,330,538,122,868,3030303.030303,1858736.059480,1152073.732719,0,1.0,serde,adapted,1,c4a54cdecc67,2379,11
rust,stream,document,100,48,serde_avro_fast,2.1.0,822,950,114,1772,1216545.012165,1052631.578947,564334.085779,0,1.0,serde,native,1,c4a54cdecc67,2380,12
rust,stream,document,100,48,prost,0.13.5,746,782,155,1528,1340482.573727,1278772.378517,654450.261780,0,1.0,message,adapted,1,c4a54cdecc67,2381,13
rust,stream,document,100,48,rkyv,0.8.17,535,362,272,897,1869158.878505,2762430.939227,1114827.201784,0,1.0,archive,adapted,1,c4a54cdecc67,2382,14
rust,stream,document,100,48,postcard,1.1.3,267,422,114,689,3745318.352060,2369668.246445,1451378.809869,0,1.0,serde,adapted,1,c4a54cdecc67,2383,15
rust,stream,document,100,49,prost,0.13.5,997,661,155,1658,1003009.027081,1512859.304085,603136.308806,0,1.0,message,adapted,1,c4a54cdecc67,2384,0
rust,stream,document,100,49,rmp-serde,1.3.1,411,811,333,1222,2433090.024331,1233045.622688,818330.605565,0,1.0,serde,adapted,1,c4a54cdecc67,2385,1
rust,stream,document,100,49,postcard,1.1.3,233,339,114,572,4291845.493562,2949852.507375,1748251.748252,0,1.0,serde,adapted,1,c4a54cdecc67,2386,2
rust,stream,document,100,49,minicbor,0.25.1,507,577,133,1084,1972386.587771,1733102.253033,922509.225092,0,1.0,direct,adapted,1,c4a54cdecc67,2387,3
rust,stream,document,100,49,nanoserde,0.1.37,510,360,258,870,1960784.313725,2777777.777778,1149425.287356,0,1.0,direct,adapted,1,c4a54cdecc67,2388,4
rust,stream,document,100,49,flexbuffers,2.0.0,2886,1911,452,4797,346500.346500,523286.237572,208463.623098,0,1.0,serde,adapted,1,c4a54cdecc67,2389,5
rust,stream,document,100,49,simd-json,0.14.3,705,1515,460,2220,1418439.716312,660066.006601,450450.450450,0,1.0,serde,adapted,1,c4a54cdecc67,2390,6
rust,stream,document,100,49,sonic-rs,0.3.17,726,897,460,1623,1377410.468320,1114827.201784,616142.945163,0,1.0,serde,adapted,1,c4a54cdecc67,2391,7
rust,stream,document,100,49,ciborium,0.2.2,1355,2469,339,3824,738007.380074,405022.276225,261506.276151,0,1.0,serde,native,1,c4a54cdecc67,2392,8
rust,stream,document,100,49,serde_json,1.0.150,1480,3104,460,4584,675675.675676,322164.948454,218150.087260,0,1.0,serde,native,1,c4a54cdecc67,2393,9
rust,stream,document,100,49,bson,2.15.0,1247,2513,540,3760,801924.619086,397930.760048,265957.446809,0,1.0,serde,adapted,1,c4a54cdecc67,2394,10
rust,stream,document,100,49,rkyv,0.8.17,459,276,272,735,2178649.237473,3623188.405797,1360544.217687,0,1.0,archive,adapted,1,c4a54cdecc67,2395,11
rust,stream,document,100,49,speedy,0.8.7,183,254,214,437,5464480.874317,3937007.874016,2288329.519451,0,1.0,direct,adapted,1,c4a54cdecc67,2396,12
rust,stream,document,100,49,serde_avro_fast,2.1.0,912,820,114,1732,1096491.228070,1219512.195122,577367.205543,0,1.0,serde,native,1,c4a54cdecc67,2397,13
rust,stream,document,100,49,bincode,2.0.1,327,648,122,975,3058103.975535,1543209.876543,1025641.025641,0,1.0,serde,adapted,1,c4a54cdecc67,2398,14
rust,stream,document,100,49,bitcode,0.6.9,1790,1230,122,3020,558659.217877,813008.130081,331125.827815,0,1.0,serde,adapted,1,c4a54cdecc67,2399,15
rust,stream,document,100,50,bson,2.15.0,1071,2388,540,3459,933706.816060,418760.469012,289100.896213,0,1.0,serde,adapted,1,c4a54cdecc67,2400,0
rust,stream,document,100,50,rmp-serde,1.3.1,538,854,333,1392,1858736.059480,1170960.187354,718390.804598,0,1.0,serde,adapted,1,c4a54cdecc67,2401,1
rust,stream,document,100,50,serde_json,1.0.150,1474,3103,460,4577,678426.051560,322268.772156,218483.722963,0,1.0,serde,native,1,c4a54cdecc67,2402,2
rust,stream,document,100,50,serde_avro_fast,2.1.0,808,834,114,1642,1237623.762376,1199040.767386,609013.398295,0,1.0,serde,native,1,c4a54cdecc67,2403,3
rust,stream,document,100,50,rkyv,0.8.17,426,269,272,695,2347417.840376,3717472.118959,1438848.920863,0,1.0,archive,adapted,1,c4a54cdecc67,2404,4
rust,stream,document,100,50,nanoserde,0.1.37,574,376,258,950,1742160.278746,2659574.468085,1052631.578947,0,1.0,direct,adapted,1,c4a54cdecc67,2405,5
rust,stream,document,100,50,prost,0.13.5,747,701,155,1448,1338688.085676,1426533.523538,690607.734807,0,1.0,message,adapted,1,c4a54cdecc67,2406,6
rust,stream,document,100,50,speedy,0.8.7,167,245,214,412,5988023.952096,4081632.653061,2427184.466019,0,1.0,direct,adapted,1,c4a54cdecc67,2407,7
rust,stream,document,100,50,ciborium,0.2.2,1242,2281,339,3523,805152.979066,438404.208680,283848.992336,0,1.0,serde,native,1,c4a54cdecc67,2408,8
rust,stream,document,100,50,sonic-rs,0.3.17,654,988,460,1642,1529051.987768,1012145.748988,609013.398295,0,1.0,serde,adapted,1,c4a54cdecc67,2409,9
rust,stream,document,100,50,simd-json,0.14.3,709,1542,460,2251,1410437.235543,648508.430610,444247.001333,0,1.0,serde,adapted,1,c4a54cdecc67,2410,10
rust,stream,document,100,50,bincode,2.0.1,318,456,122,774,3144654.088050,2192982.456140,1291989.664083,0,1.0,serde,adapted,1,c4a54cdecc67,2411,11
rust,stream,document,100,50,minicbor,0.25.1,576,630,133,1206,1736111.111111,1587301.587302,829187.396352,0,1.0,direct,adapted,1,c4a54cdecc67,2412,12
rust,stream,document,100,50,flexbuffers,2.0.0,3272,2001,452,5273,305623.471883,499750.124938,189645.363171,0,1.0,serde,adapted,1,c4a54cdecc67,2413,13
rust,stream,document,100,50,bitcode,0.6.9,1477,944,122,2421,677048.070413,1059322.033898,413052.457662,0,1.0,serde,adapted,1,c4a54cdecc67,2414,14
rust,stream,document,100,50,postcard,1.1.3,313,373,114,686,3194888.178914,2680965.147453,1457725.947522,0,1.0,serde,adapted,1,c4a54cdecc67,2415,15
rust,stream,document,100,51,postcard,1.1.3,195,599,114,794,5128205.128205,1669449.081803,1259445.843829,0,1.0,serde,adapted,1,c4a54cdecc67,2416,0
rust,stream,document,100,51,speedy,0.8.7,220,276,214,496,4545454.545455,3623188.405797,2016129.032258,0,1.0,direct,adapted,1,c4a54cdecc67,2417,1
rust,stream,document,100,51,rmp-serde,1.3.1,444,834,333,1278,2252252.252252,1199040.767386,782472.613459,0,1.0,serde,adapted,1,c4a54cdecc67,2418,2
rust,stream,document,100,51,serde_avro_fast,2.1.0,847,967,114,1814,1180637.544274,1034126.163392,551267.916207,0,1.0,serde,native,1,c4a54cdecc67,2419,3
rust,stream,document,100,51,simd-json,0.14.3,1840,1498,460,3338,543478.260870,667556.742323,299580.587178,0,1.0,serde,adapted,1,c4a54cdecc67,2420,4
rust,stream,document,100,51,prost,0.13.5,734,705,155,1439,1362397.820163,1418439.716312,694927.032662,0,1.0,message,adapted,1,c4a54cdecc67,2421,5
rust,stream,document,100,51,bson,2.15.0,1154,2274,540,3428,866551.126516,439753.737907,291715.285881,0,1.0,serde,adapted,1,c4a54cdecc67,2422,6
rust,stream,document,100,51,ciborium,0.2.2,1255,2633,339,3888,796812.749004,379794.910748,257201.646091,0,1.0,serde,native,1,c4a54cdecc67,2423,7
rust,stream,document,100,51,flexbuffers,2.0.0,2867,1831,452,4698,348796.651552,546149.645003,212856.534696,0,1.0,serde,adapted,1,c4a54cdecc67,2424,8
rust,stream,document,100,51,bitcode,0.6.9,1542,962,122,2504,648508.430610,1039501.039501,399361.022364,0,1.0,serde,adapted,1,c4a54cdecc67,2425,9
rust,stream,document,100,51,rkyv,0.8.17,646,390,272,1036,1547987.616099,2564102.564103,965250.965251,0,1.0,archive,adapted,1,c4a54cdecc67,2426,10
rust,stream,document,100,51,minicbor,0.25.1,553,576,133,1129,1808318.264014,1736111.111111,885739.592560,0,1.0,direct,adapted,1,c4a54cdecc67,2427,11
rust,stream,document,100,51,sonic-rs,0.3.17,806,942,460,1748,1240694.789082,1061571.125265,572082.379863,0,1.0,serde,adapted,1,c4a54cdecc67,2428,12
rust,stream,document,100,51,nanoserde,0.1.37,494,424,258,918,2024291.497976,2358490.566038,1089324.618736,0,1.0,direct,adapted,1,c4a54cdecc67,2429,13
rust,stream,document,100,51,bincode,2.0.1,271,526,122,797,3690036.900369,1901140.684411,1254705.144291,0,1.0,serde,adapted,1,c4a54cdecc67,2430,14
rust,stream,document,100,51,serde_json,1.0.150,1595,2761,460,4356,626959.247649,362187.613184,229568.411387,0,1.0,serde,native,1,c4a54cdecc67,2431,15
rust,stream,document,100,52,prost,0.13.5,810,779,155,1589,1234567.901235,1283697.047497,629326.620516,0,1.0,message,adapted,1,c4a54cdecc67,2432,0
rust,stream,document,100,52,serde_json,1.0.150,1326,2726,460,4052,754147.812971,366837.857667,246791.707799,0,1.0,serde,native,1,c4a54cdecc67,2433,1
rust,stream,document,100,52,sonic-rs,0.3.17,685,847,460,1532,1459854.014599,1180637.544274,652741.514360,0,1.0,serde,adapted,1,c4a54cdecc67,2434,2
rust,stream,document,100,52,bson,2.15.0,1134,2189,540,3323,881834.215168,456829.602558,300932.891965,0,1.0,serde,adapted,1,c4a54cdecc67,2435,3
rust,stream,document,100,52,bitcode,0.6.9,1424,925,122,2349,702247.191011,1081081.081081,425713.069391,0,1.0,serde,adapted,1,c4a54cdecc67,2436,4
rust,stream,document,100,52,nanoserde,0.1.37,517,346,258,863,1934235.976789,2890173.410405,1158748.551564,0,1.0,direct,adapted,1,c4a54cdecc67,2437,5
rust,stream,document,100,52,bincode,2.0.1,271,419,122,690,3690036.900369,2386634.844869,1449275.362319,0,1.0,serde,adapted,1,c4a54cdecc67,2438,6
rust,stream,document,100,52,minicbor,0.25.1,622,473,133,1095,1607717.041801,2114164.904863,913242.009132,0,1.0,direct,adapted,1,c4a54cdecc67,2439,7
rust,stream,document,100,52,flexbuffers,2.0.0,2911,1754,452,4665,343524.562006,570125.427594,214362.272240,0,1.0,serde,adapted,1,c4a54cdecc67,2440,8
rust,stream,document,100,52,speedy,0.8.7,198,273,214,471,5050505.050505,3663003.663004,2123142.250531,0,1.0,direct,adapted,1,c4a54cdecc67,2441,9
rust,stream,document,100,52,ciborium,0.2.2,1431,2525,339,3956,698812.019567,396039.603960,252780.586451,0,1.0,serde,native,1,c4a54cdecc67,2442,10
rust,stream,document,100,52,postcard,1.1.3,311,378,114,689,3215434.083601,2645502.645503,1451378.809869,0,1.0,serde,adapted,1,c4a54cdecc67,2443,11
rust,stream,document,100,52,simd-json,0.14.3,858,1592,460,2450,1165501.165501,628140.703518,408163.265306,0,1.0,serde,adapted,1,c4a54cdecc67,2444,12
rust,stream,document,100,52,rkyv,0.8.17,530,303,272,833,1886792.452830,3300330.033003,1200480.192077,0,1.0,archive,adapted,1,c4a54cdecc67,2445,13
rust,stream,document,100,52,rmp-serde,1.3.1,410,934,333,1344,2439024.390244,1070663.811563,744047.619048,0,1.0,serde,adapted,1,c4a54cdecc67,2446,14
rust,stream,document,100,52,serde_avro_fast,2.1.0,840,886,114,1726,1190476.190476,1128668.171558,579374.275782,0,1.0,serde,native,1,c4a54cdecc67,2447,15
rust,stream,document,100,53,simd-json,0.14.3,813,1512,460,2325,1230012.300123,661375.661376,430107.526882,0,1.0,serde,adapted,1,c4a54cdecc67,2448,0
rust,stream,document,100,53,bson,2.15.0,1121,2272,540,3393,892060.660125,440140.845070,294724.432655,0,1.0,serde,adapted,1,c4a54cdecc67,2449,1
rust,stream,document,100,53,ciborium,0.2.2,1212,2412,339,3624,825082.508251,414593.698176,275938.189845,0,1.0,serde,native,1,c4a54cdecc67,2450,2
rust,stream,document,100,53,postcard,1.1.3,265,377,114,642,3773584.905660,2652519.893899,1557632.398754,0,1.0,serde,adapted,1,c4a54cdecc67,2451,3
rust,stream,document,100,53,rkyv,0.8.17,399,279,272,678,2506265.664160,3584229.390681,1474926.253687,0,1.0,archive,adapted,1,c4a54cdecc67,2452,4
rust,stream,document,100,53,serde_json,1.0.150,1616,2674,460,4290,618811.881188,373971.578160,233100.233100,0,1.0,serde,native,1,c4a54cdecc67,2453,5
rust,stream,document,100,53,serde_avro_fast,2.1.0,856,807,114,1663,1168224.299065,1239157.372986,601322.910403,0,1.0,serde,native,1,c4a54cdecc67,2454,6
rust,stream,document,100,53,rmp-serde,1.3.1,545,774,333,1319,1834862.385321,1291989.664083,758150.113723,0,1.0,serde,adapted,1,c4a54cdecc67,2455,7
rust,stream,document,100,53,nanoserde,0.1.37,515,345,258,860,1941747.572816,2898550.724638,1162790.697674,0,1.0,direct,adapted,1,c4a54cdecc67,2456,8
rust,stream,document,100,53,speedy,0.8.7,214,254,214,468,4672897.196262,3937007.874016,2136752.136752,0,1.0,direct,adapted,1,c4a54cdecc67,2457,9
rust,stream,document,100,53,minicbor,0.25.1,554,607,133,1161,1805054.151625,1647446.457990,861326.442722,0,1.0,direct,adapted,1,c4a54cdecc67,2458,10
rust,stream,document,100,53,sonic-rs,0.3.17,824,971,460,1795,1213592.233010,1029866.117405,557103.064067,0,1.0,serde,adapted,1,c4a54cdecc67,2459,11
rust,stream,document,100,53,prost,0.13.5,688,700,155,1388,1453488.372093,1428571.428571,720461.095101,0,1.0,message,adapted,1,c4a54cdecc67,2460,12
rust,stream,document,100,53,flexbuffers,2.0.0,2954,1967,452,4921,338524.035206,508388.408744,203210.729527,0,1.0,serde,adapted,1,c4a54cdecc67,2461,13
rust,stream,document,100,53,bincode,2.0.1,268,507,122,775,3731343.283582,1972386.587771,1290322.580645,0,1.0,serde,adapted,1,c4a54cdecc67,2462,14
rust,stream,document,100,53,bitcode,0.6.9,1752,1023,122,2775,570776.255708,977517.106549,360360.360360,0,1.0,serde,adapted,1,c4a54cdecc67,2463,15
rust,stream,document,100,54,serde_avro_fast,2.1.0,828,841,114,1669,1207729.468599,1189060.642093,599161.174356,0,1.0,serde,native,1,c4a54cdecc67,2464,0
rust,stream,document,100,54,ciborium,0.2.2,1289,2598,339,3887,775795.190070,384911.470362,257267.815796,0,1.0,serde,native,1,c4a54cdecc67,2465,1
rust,stream,document,100,54,speedy,0.8.7,291,219,214,510,3436426.116838,4566210.045662,1960784.313725,0,1.0,direct,adapted,1,c4a54cdecc67,2466,2
rust,stream,document,100,54,minicbor,0.25.1,570,506,133,1076,1754385.964912,1976284.584980,929368.029740,0,1.0,direct,adapted,1,c4a54cdecc67,2467,3
rust,stream,document,100,54,rkyv,0.8.17,482,356,272,838,2074688.796680,2808988.764045,1193317.422434,0,1.0,archive,adapted,1,c4a54cdecc67,2468,4
rust,stream,document,100,54,bson,2.15.0,1077,2315,540,3392,928505.106778,431965.442765,294811.320755,0,1.0,serde,adapted,1,c4a54cdecc67,2469,5
rust,stream,document,100,54,simd-json,0.14.3,942,1510,460,2452,1061571.125265,662251.655629,407830.342577,0,1.0,serde,adapted,1,c4a54cdecc67,2470,6
rust,stream,document,100,54,sonic-rs,0.3.17,580,1000,460,1580,1724137.931034,1000000.000000,632911.392405,0,1.0,serde,adapted,1,c4a54cdecc67,2471,7
rust,stream,document,100,54,serde_json,1.0.150,1505,2758,460,4263,664451.827243,362581.580856,234576.589256,0,1.0,serde,native,1,c4a54cdecc67,2472,8
rust,stream,document,100,54,nanoserde,0.1.37,574,368,258,942,1742160.278746,2717391.304348,1061571.125265,0,1.0,direct,adapted,1,c4a54cdecc67,2473,9
rust,stream,document,100,54,prost,0.13.5,658,688,155,1346,1519756.838906,1453488.372093,742942.050520,0,1.0,message,adapted,1,c4a54cdecc67,2474,10
rust,stream,document,100,54,bincode,2.0.1,285,448,122,733,3508771.929825,2232142.857143,1364256.480218,0,1.0,serde,adapted,1,c4a54cdecc67,2475,11
rust,stream,document,100,54,flexbuffers,2.0.0,2844,1843,452,4687,351617.440225,542593.597396,213356.091316,0,1.0,serde,adapted,1,c4a54cdecc67,2476,12
rust,stream,document,100,54,rmp-serde,1.3.1,567,897,333,1464,1763668.430335,1114827.201784,683060.109290,0,1.0,serde,adapted,1,c4a54cdecc67,2477,13
rust,stream,document,100,54,postcard,1.1.3,276,466,114,742,3623188.405797,2145922.746781,1347708.894879,0,1.0,serde,adapted,1,c4a54cdecc67,2478,14
rust,stream,document,100,54,bitcode,0.6.9,1428,946,122,2374,700280.112045,1057082.452431,421229.991575,0,1.0,serde,adapted,1,c4a54cdecc67,2479,15
rust,stream,document,100,55,serde_avro_fast,2.1.0,870,837,114,1707,1149425.287356,1194743.130227,585823.081429,0,1.0,serde,native,1,c4a54cdecc67,2480,0
rust,stream,document,100,55,simd-json,0.14.3,763,1537,460,2300,1310615.989515,650618.087183,434782.608696,0,1.0,serde,adapted,1,c4a54cdecc67,2481,1
rust,stream,document,100,55,bson,2.15.0,1106,2184,540,3290,904159.132007,457875.457875,303951.367781,0,1.0,serde,adapted,1,c4a54cdecc67,2482,2
rust,stream,document,100,55,minicbor,0.25.1,505,671,133,1176,1980198.019802,1490312.965723,850340.136054,0,1.0,direct,adapted,1,c4a54cdecc67,2483,3
rust,stream,document,100,55,nanoserde,0.1.37,489,430,258,919,2044989.775051,2325581.395349,1088139.281828,0,1.0,direct,adapted,1,c4a54cdecc67,2484,4
rust,stream,document,100,55,rkyv,0.8.17,509,365,272,874,1964636.542240,2739726.027397,1144164.759725,0,1.0,archive,adapted,1,c4a54cdecc67,2485,5
rust,stream,document,100,55,ciborium,0.2.2,1433,2585,339,4018,697836.706211,386847.195358,248880.039821,0,1.0,serde,native,1,c4a54cdecc67,2486,6
rust,stream,document,100,55,prost,0.13.5,785,676,155,1461,1273885.350318,1479289.940828,684462.696783,0,1.0,message,adapted,1,c4a54cdecc67,2487,7
rust,stream,document,100,55,bincode,2.0.1,303,443,122,746,3300330.033003,2257336.343115,1340482.573727,0,1.0,serde,adapted,1,c4a54cdecc67,2488,8
rust,stream,document,100,55,flexbuffers,2.0.0,2865,1848,452,4713,349040.139616,541125.541126,212179.079143,0,1.0,serde,adapted,1,c4a54cdecc67,2489,9
rust,stream,document,100,55,sonic-rs,0.3.17,613,982,460,1595,1631321.370310,1018329.938900,626959.247649,0,1.0,serde,adapted,1,c4a54cdecc67,2490,10
rust,stream,document,100,55,speedy,0.8.7,224,276,214,500,4464285.714286,3623188.405797,2000000.000000,0,1.0,direct,adapted,1,c4a54cdecc67,2491,11
rust,stream,document,100,55,serde_json,1.0.150,1508,2632,460,4140,663129.973475,379939.209726,241545.893720,0,1.0,serde,native,1,c4a54cdecc67,2492,12
rust,stream,document,100,55,postcard,1.1.3,283,347,114,630,3533568.904594,2881844.380403,1587301.587302,0,1.0,serde,adapted,1,c4a54cdecc67,2493,13
rust,stream,document,100,55,bitcode,0.6.9,1321,874,122,2195,757002.271007,1144164.759725,455580.865604,0,1.0,serde,adapted,1,c4a54cdecc67,2494,14
rust,stream,document,100,55,rmp-serde,1.3.1,507,852,333,1359,1972386.587771,1173708.920188,735835.172921,0,1.0,serde,adapted,1,c4a54cdecc67,2495,15
rust,stream,document,100,56,nanoserde,0.1.37,442,619,258,1061,2262443.438914,1615508.885299,942507.068803,0,1.0,direct,adapted,1,c4a54cdecc67,2496,0
rust,stream,document,100,56,serde_json,1.0.150,1443,3033,460,4476,693000.693001,329706.561161,223413.762288,0,1.0,serde,native,1,c4a54cdecc67,2497,1
rust,stream,document,100,56,flexbuffers,2.0.0,2860,1812,452,4672,349650.349650,551876.379691,214041.095890,0,1.0,serde,adapted,1,c4a54cdecc67,2498,2
rust,stream,document,100,56,rmp-serde,1.3.1,375,739,333,1114,2666666.666667,1353179.972936,897666.068223,0,1.0,serde,adapted,1,c4a54cdecc67,2499,3
rust,stream,document,100,56,minicbor,0.25.1,501,597,133,1098,1996007.984032,1675041.876047,910746.812386,0,1.0,direct,adapted,1,c4a54cdecc67,2500,4
rust,stream,document,100,56,rkyv,0.8.17,396,287,272,683,2525252.525253,3484320.557491,1464128.843338,0,1.0,archive,adapted,1,c4a54cdecc67,2501,5
rust,stream,document,100,56,bson,2.15.0,1194,2190,540,3384,837520.938023,456621.004566,295508.274232,0,1.0,serde,adapted,1,c4a54cdecc67,2502,6
rust,stream,document,100,56,speedy,0.8.7,181,250,214,431,5524861.878453,4000000.000000,2320185.614849,0,1.0,direct,adapted,1,c4a54cdecc67,2503,7
rust,stream,document,100,56,serde_avro_fast,2.1.0,803,820,114,1623,1245330.012453,1219512.195122,616142.945163,0,1.0,serde,native,1,c4a54cdecc67,2504,8
rust,stream,document,100,56,bitcode,0.6.9,1380,924,122,2304,724637.681159,1082251.082251,434027.777778,0,1.0,serde,adapted,1,c4a54cdecc67,2505,9
rust,stream,document,100,56,sonic-rs,0.3.17,698,952,460,1650,1432664.756447,1050420.168067,606060.606061,0,1.0,serde,adapted,1,c4a54cdecc67,2506,10
rust,stream,document,100,56,simd-json,0.14.3,747,1502,460,2249,1338688.085676,665778.961385,444642.063139,0,1.0,serde,adapted,1,c4a54cdecc67,2507,11
rust,stream,document,100,56,postcard,1.1.3,230,397,114,627,4347826.086957,2518891.687657,1594896.331738,0,1.0,serde,adapted,1,c4a54cdecc67,2508,12
rust,stream,document,100,56,prost,0.13.5,736,660,155,1396,1358695.652174,1515151.515152,716332.378223,0,1.0,message,adapted,1,c4a54cdecc67,2509,13
rust,stream,document,100,56,ciborium,0.2.2,1393,2500,339,3893,717875.089734,400000.000000,256871.307475,0,1.0,serde,native,1,c4a54cdecc67,2510,14
rust,stream,document,100,56,bincode,2.0.1,405,522,122,927,2469135.802469,1915708.812261,1078748.651564,0,1.0,serde,adapted,1,c4a54cdecc67,2511,15
rust,stream,document,100,57,serde_json,1.0.150,1505,2973,460,4478,664451.827243,336360.578540,223313.979455,0,1.0,serde,native,1,c4a54cdecc67,2512,0
rust,stream,document,100,57,speedy,0.8.7,242,339,214,581,4132231.404959,2949852.507375,1721170.395869,0,1.0,direct,adapted,1,c4a54cdecc67,2513,1
rust,stream,document,100,57,bincode,2.0.1,275,442,122,717,3636363.636364,2262443.438914,1394700.139470,0,1.0,serde,adapted,1,c4a54cdecc67,2514,2
rust,stream,document,100,57,rmp-serde,1.3.1,444,825,333,1269,2252252.252252,1212121.212121,788022.064618,0,1.0,serde,adapted,1,c4a54cdecc67,2515,3
rust,stream,document,100,57,prost,0.13.5,640,582,155,1222,1562500.000000,1718213.058419,818330.605565,0,1.0,message,adapted,1,c4a54cdecc67,2516,4
rust,stream,document,100,57,minicbor,0.25.1,473,566,133,1039,2114164.904863,1766784.452297,962463.907603,0,1.0,direct,adapted,1,c4a54cdecc67,2517,5
rust,stream,document,100,57,bitcode,0.6.9,1602,948,122,2550,624219.725343,1054852.320675,392156.862745,0,1.0,serde,adapted,1,c4a54cdecc67,2518,6
rust,stream,document,100,57,simd-json,0.14.3,782,1488,460,2270,1278772.378517,672043.010753,440528.634361,0,1.0,serde,adapted,1,c4a54cdecc67,2519,7
rust,stream,document,100,57,flexbuffers,2.0.0,2902,1834,452,4736,344589.937974,545256.270447,211148.648649,0,1.0,serde,adapted,1,c4a54cdecc67,2520,8
rust,stream,document,100,57,postcard,1.1.3,244,397,114,641,4098360.655738,2518891.687657,1560062.402496,0,1.0,serde,adapted,1,c4a54cdecc67,2521,9
rust,stream,document,100,57,nanoserde,0.1.37,516,394,258,910,1937984.496124,2538071.065990,1098901.098901,0,1.0,direct,adapted,1,c4a54cdecc67,2522,10
rust,stream,document,100,57,ciborium,0.2.2,1294,2222,339,3516,772797.527048,450045.004500,284414.106940,0,1.0,serde,native,1,c4a54cdecc67,2523,11
rust,stream,document,100,57,sonic-rs,0.3.17,699,943,460,1642,1430615.164521,1060445.387063,609013.398295,0,1.0,serde,adapted,1,c4a54cdecc67,2524,12
rust,stream,document,100,57,serde_avro_fast,2.1.0,870,890,114,1760,1149425.287356,1123595.505618,568181.818182,0,1.0,serde,native,1,c4a54cdecc67,2525,13
rust,stream,document,100,57,bson,2.15.0,1206,2294,540,3500,829187.396352,435919.790759,285714.285714,0,1.0,serde,adapted,1,c4a54cdecc67,2526,14
rust,stream,document,100,57,rkyv,0.8.17,543,348,272,891,1841620.626151,2873563.218391,1122334.455668,0,1.0,archive,adapted,1,c4a54cdecc67,2527,15
rust,stream,document,100,58,ciborium,0.2.2,1160,2329,339,3489,862068.965517,429368.827823,286615.075953,0,1.0,serde,native,1,c4a54cdecc67,2528,0
rust,stream,document,100,58,minicbor,0.25.1,595,585,133,1180,1680672.268908,1709401.709402,847457.627119,0,1.0,direct,adapted,1,c4a54cdecc67,2529,1
rust,stream,document,100,58,flexbuffers,2.0.0,2960,1936,452,4896,337837.837838,516528.925620,204248.366013,0,1.0,serde,adapted,1,c4a54cdecc67,2530,2
rust,stream,document,100,58,bitcode,0.6.9,1777,1243,122,3020,562746.201463,804505.229284,331125.827815,0,1.0,serde,adapted,1,c4a54cdecc67,2531,3
rust,stream,document,100,58,bincode,2.0.1,424,490,122,914,2358490.566038,2040816.326531,1094091.903720,0,1.0,serde,adapted,1,c4a54cdecc67,2532,4
rust,stream,document,100,58,speedy,0.8.7,235,221,214,456,4255319.148936,4524886.877828,2192982.456140,0,1.0,direct,adapted,1,c4a54cdecc67,2533,5
rust,stream,document,100,58,prost,0.13.5,679,676,155,1355,1472754.050074,1479289.940828,738007.380074,0,1.0,message,adapted,1,c4a54cdecc67,2534,6
rust,stream,document,100,58,sonic-rs,0.3.17,712,877,460,1589,1404494.382022,1140250.855188,629326.620516,0,1.0,serde,adapted,1,c4a54cdecc67,2535,7
rust,stream,document,100,58,rmp-serde,1.3.1,422,864,333,1286,2369668.246445,1157407.407407,777604.976672,0,1.0,serde,adapted,1,c4a54cdecc67,2536,8
rust,stream,document,100,58,bson,2.15.0,1401,2137,540,3538,713775.874375,467945.718297,282645.562465,0,1.0,serde,adapted,1,c4a54cdecc67,2537,9
rust,stream,document,100,58,nanoserde,0.1.37,444,366,258,810,2252252.252252,2732240.437158,1234567.901235,0,1.0,direct,adapted,1,c4a54cdecc67,2538,10
rust,stream,document,100,58,rkyv,0.8.17,611,316,272,927,1636661.211129,3164556.962025,1078748.651564,0,1.0,archive,adapted,1,c4a54cdecc67,2539,11
rust,stream,document,100,58,postcard,1.1.3,263,396,114,659,3802281.368821,2525252.525253,1517450.682853,0,1.0,serde,adapted,1,c4a54cdecc67,2540,12
rust,stream,document,100,58,serde_json,1.0.150,1560,2736,460,4296,641025.641026,365497.076023,232774.674115,0,1.0,serde,native,1,c4a54cdecc67,2541,13
rust,stream,document,100,58,serde_avro_fast,2.1.0,848,874,114,1722,1179245.283019,1144164.759725,580720.092915,0,1.0,serde,native,1,c4a54cdecc67,2542,14
rust,stream,document,100,58,simd-json,0.14.3,733,1790,460,2523,1364256.480218,558659.217877,396353.547364,0,1.0,serde,adapted,1,c4a54cdecc67,2543,15
rust,stream,document,100,59,rmp-serde,1.3.1,349,1190,333,1539,2865329.512894,840336.134454,649772.579597,0,1.0,serde,adapted,1,c4a54cdecc67,2544,0
rust,stream,document,100,59,sonic-rs,0.3.17,709,901,460,1610,1410437.235543,1109877.913430,621118.012422,0,1.0,serde,adapted,1,c4a54cdecc67,2545,1
rust,stream,document,100,59,serde_avro_fast,2.1.0,773,746,114,1519,1293661.060802,1340482.573727,658327.847268,0,1.0,serde,native,1,c4a54cdecc67,2546,2
rust,stream,document,100,59,serde_json,1.0.150,1421,2889,460,4310,703729.767769,346140.533056,232018.561485,0,1.0,serde,native,1,c4a54cdecc67,2547,3
rust,stream,document,100,59,flexbuffers,2.0.0,3040,1884,452,4924,328947.368421,530785.562633,203086.921202,0,1.0,serde,adapted,1,c4a54cdecc67,2548,4
rust,stream,document,100,59,nanoserde,0.1.37,473,395,258,868,2114164.904863,2531645.569620,1152073.732719,0,1.0,direct,adapted,1,c4a54cdecc67,2549,5
rust,stream,document,100,59,speedy,0.8.7,179,248,214,427,5586592.178771,4032258.064516,2341920.374707,0,1.0,direct,adapted,1,c4a54cdecc67,2550,6
rust,stream,document,100,59,bincode,2.0.1,274,588,122,862,3649635.036496,1700680.272109,1160092.807425,0,1.0,serde,adapted,1,c4a54cdecc67,2551,7
rust,stream,document,100,59,prost,0.13.5,794,687,155,1481,1259445.843829,1455604.075691,675219.446320,0,1.0,message,adapted,1,c4a54cdecc67,2552,8
rust,stream,document,100,59,bson,2.15.0,1097,2287,540,3384,911577.028259,437254.044600,295508.274232,0,1.0,serde,adapted,1,c4a54cdecc67,2553,9
rust,stream,document,100,59,simd-json,0.14.3,896,1551,460,2447,1116071.428571,644745.325596,408663.669800,0,1.0,serde,adapted,1,c4a54cdecc67,2554,10
rust,stream,document,100,59,ciborium,0.2.2,1348,2505,339,3853,741839.762611,399201.596806,259538.022320,0,1.0,serde,native,1,c4a54cdecc67,2555,11
rust,stream,document,100,59,rkyv,0.8.17,572,337,272,909,1748251.748252,2967359.050445,1100110.011001,0,1.0,archive,adapted,1,c4a54cdecc67,2556,12
rust,stream,document,100,59,postcard,1.1.3,246,415,114,661,4065040.650407,2409638.554217,1512859.304085,0,1.0,serde,adapted,1,c4a54cdecc67,2557,13
rust,stream,document,100,59,bitcode,0.6.9,1640,998,122,2638,609756.097561,1002004.008016,379075.056861,0,1.0,serde,adapted,1,c4a54cdecc67,2558,14
rust,stream,document,100,59,minicbor,0.25.1,673,582,133,1255,1485884.101040,1718213.058419,796812.749004,0,1.0,direct,adapted,1,c4a54cdecc67,2559,15
rust,stream,document,100,60,postcard,1.1.3,186,563,114,749,5376344.086022,1776198.934281,1335113.484646,0,1.0,serde,adapted,1,c4a54cdecc67,2560,0
rust,stream,document,100,60,speedy,0.8.7,205,253,214,458,4878048.780488,3952569.169960,2183406.113537,0,1.0,direct,adapted,1,c4a54cdecc67,2561,1
rust,stream,document,100,60,nanoserde,0.1.37,494,422,258,916,2024291.497976,2369668.246445,1091703.056769,0,1.0,direct,adapted,1,c4a54cdecc67,2562,2
rust,stream,document,100,60,rkyv,0.8.17,487,390,272,877,2053388.090349,2564102.564103,1140250.855188,0,1.0,archive,adapted,1,c4a54cdecc67,2563,3
rust,stream,document,100,60,sonic-rs,0.3.17,616,1022,460,1638,1623376.623377,978473.581213,610500.610501,0,1.0,serde,adapted,1,c4a54cdecc67,2564,4
rust,stream,document,100,60,ciborium,0.2.2,1280,3975,339,5255,781250.000000,251572.327044,190294.957184,0,1.0,serde,native,1,c4a54cdecc67,2565,5
rust,stream,document,100,60,prost,0.13.5,1069,616,155,1685,935453.695042,1623376.623377,593471.810089,0,1.0,message,adapted,1,c4a54cdecc67,2566,6
rust,stream,document,100,60,rmp-serde,1.3.1,392,897,333,1289,2551020.408163,1114827.201784,775795.190070,0,1.0,serde,adapted,1,c4a54cdecc67,2567,7
rust,stream,document,100,60,bincode,2.0.1,337,404,122,741,2967359.050445,2475247.524752,1349527.665317,0,1.0,serde,adapted,1,c4a54cdecc67,2568,8
rust,stream,document,100,60,serde_avro_fast,2.1.0,809,898,114,1707,1236093.943140,1113585.746102,585823.081429,0,1.0,serde,native,1,c4a54cdecc67,2569,9
rust,stream,document,100,60,serde_json,1.0.150,1490,2855,460,4345,671140.939597,350262.697023,230149.597238,0,1.0,serde,native,1,c4a54cdecc67,2570,10
rust,stream,document,100,60,bson,2.15.0,1220,2408,540,3628,819672.131148,415282.392027,275633.958104,0,1.0,serde,adapted,1,c4a54cdecc67,2571,11
rust,stream,document,100,60,bitcode,0.6.9,1583,996,122,2579,631711.939356,1004016.064257,387747.188833,0,1.0,serde,adapted,1,c4a54cdecc67,2572,12
rust,stream,document,100,60,flexbuffers,2.0.0,3033,2003,452,5036,329706.561161,499251.123315,198570.293884,0,1.0,serde,adapted,1,c4a54cdecc67,2573,13
rust,stream,document,100,60,simd-json,0.14.3,741,1569,460,2310,1349527.665317,637348.629700,432900.432900,0,1.0,serde,adapted,1,c4a54cdecc67,2574,14
rust,stream,document,100,60,minicbor,0.25.1,540,592,133,1132,1851851.851852,1689189.189189,883392.226148,0,1.0,direct,adapted,1,c4a54cdecc67,2575,15
rust,stream,document,100,61,serde_json,1.0.150,1465,2622,460,4087,682593.856655,381388.253242,244678.248104,0,1.0,serde,native,1,c4a54cdecc67,2576,0
rust,stream,document,100,61,bincode,2.0.1,278,412,122,690,3597122.302158,2427184.466019,1449275.362319,0,1.0,serde,adapted,1,c4a54cdecc67,2577,1
rust,stream,document,100,61,bson,2.15.0,1129,2216,540,3345,885739.592560,451263.537906,298953.662182,0,1.0,serde,adapted,1,c4a54cdecc67,2578,2
rust,stream,document,100,61,sonic-rs,0.3.17,780,1031,460,1811,1282051.282051,969932.104753,552181.115406,0,1.0,serde,adapted,1,c4a54cdecc67,2579,3
rust,stream,document,100,61,simd-json,0.14.3,872,1436,460,2308,1146788.990826,696378.830084,433275.563258,0,1.0,serde,adapted,1,c4a54cdecc67,2580,4
rust,stream,document,100,61,bitcode,0.6.9,1599,1061,122,2660,625390.869293,942507.068803,375939.849624,0,1.0,serde,adapted,1,c4a54cdecc67,2581,5
rust,stream,document,100,61,nanoserde,0.1.37,634,441,258,1075,1577287.066246,2267573.696145,930232.558140,0,1.0,direct,adapted,1,c4a54cdecc67,2582,6
rust,stream,document,100,61,flexbuffers,2.0.0,2903,1869,452,4772,344471.236652,535045.478866,209555.741827,0,1.0,serde,adapted,1,c4a54cdecc67,2583,7
rust,stream,document,100,61,minicbor,0.25.1,530,591,133,1121,1886792.452830,1692047.377327,892060.660125,0,1.0,direct,adapted,1,c4a54cdecc67,2584,8
rust,stream,document,100,61,rkyv,0.8.17,546,437,272,983,1831501.831502,2288329.519451,1017293.997965,0,1.0,archive,adapted,1,c4a54cdecc67,2585,9
rust,stream,document,100,61,serde_avro_fast,2.1.0,848,945,114,1793,1179245.283019,1058201.058201,557724.484105,0,1.0,serde,native,1,c4a54cdecc67,2586,10
rust,stream,document,100,61,speedy,0.8.7,246,344,214,590,4065040.650407,2906976.744186,1694915.254237,0,1.0,direct,adapted,1,c4a54cdecc67,2587,11
rust,stream,document,100,61,ciborium,0.2.2,1447,2526,339,3973,691085.003455,395882.818686,251698.968034,0,1.0,serde,native,1,c4a54cdecc67,2588,12
rust,stream,document,100,61,prost,0.13.5,803,784,155,1587,1245330.012453,1275510.204082,630119.722747,0,1.0,message,adapted,1,c4a54cdecc67,2589,13
rust,stream,document,100,61,rmp-serde,1.3.1,484,962,333,1446,2066115.702479,1039501.039501,691562.932227,0,1.0,serde,adapted,1,c4a54cdecc67,2590,14
rust,stream,document,100,61,postcard,1.1.3,333,418,114,751,3003003.003003,2392344.497608,1331557.922770,0,1.0,serde,adapted,1,c4a54cdecc67,2591,15
rust,stream,document,100,62,nanoserde,0.1.37,450,453,258,903,2222222.222222,2207505.518764,1107419.712071,0,1.0,direct,adapted,1,c4a54cdecc67,2592,0
rust,stream,document,100,62,postcard,1.1.3,268,443,114,711,3731343.283582,2257336.343115,1406469.760900,0,1.0,serde,adapted,1,c4a54cdecc67,2593,1
rust,stream,document,100,62,serde_json,1.0.150,1486,2986,460,4472,672947.510094,334896.182184,223613.595707,0,1.0,serde,native,1,c4a54cdecc67,2594,2
rust,stream,document,100,62,serde_avro_fast,2.1.0,773,859,114,1632,1293661.060802,1164144.353900,612745.098039,0,1.0,serde,native,1,c4a54cdecc67,2595,3
rust,stream,document,100,62,prost,0.13.5,643,608,155,1251,1555209.953344,1644736.842105,799360.511591,0,1.0,message,adapted,1,c4a54cdecc67,2596,4
rust,stream,document,100,62,ciborium,0.2.2,1155,2246,339,3401,865800.865801,445235.975067,294031.167304,0,1.0,serde,native,1,c4a54cdecc67,2597,5
rust,stream,document,100,62,simd-json,0.14.3,834,1516,460,2350,1199040.767386,659630.606860,425531.914894,0,1.0,serde,adapted,1,c4a54cdecc67,2598,6
rust,stream,document,100,62,minicbor,0.25.1,525,577,133,1102,1904761.904762,1733102.253033,907441.016334,0,1.0,direct,adapted,1,c4a54cdecc67,2599,7
rust,stream,document,100,62,bincode,2.0.1,287,473,122,760,3484320.557491,2114164.904863,1315789.473684,0,1.0,serde,adapted,1,c4a54cdecc67,2600,8
rust,stream,document,100,62,flexbuffers,2.0.0,2994,1972,452,4966,334001.336005,507099.391481,201369.311317,0,1.0,serde,adapted,1,c4a54cdecc67,2601,9
rust,stream,document,100,62,sonic-rs,0.3.17,688,1033,460,1721,1453488.372093,968054.211036,581057.524695,0,1.0,serde,adapted,1,c4a54cdecc67,2602,10
rust,stream,document,100,62,bson,2.15.0,2363,2175,540,4538,423190.859077,459770.114943,220361.392684,0,1.0,serde,adapted,1,c4a54cdecc67,2603,11
rust,stream,document,100,62,bitcode,0.6.9,1704,1088,122,2792,586854.460094,919117.647059,358166.189112,0,1.0,serde,adapted,1,c4a54cdecc67,2604,12
rust,stream,document,100,62,speedy,0.8.7,212,255,214,467,4716981.132075,3921568.627451,2141327.623126,0,1.0,direct,adapted,1,c4a54cdecc67,2605,13
rust,stream,document,100,62,rmp-serde,1.3.1,405,867,333,1272,2469135.802469,1153402.537486,786163.522013,0,1.0,serde,adapted,1,c4a54cdecc67,2606,14
rust,stream,document,100,62,rkyv,0.8.17,476,280,272,756,2100840.336134,3571428.571429,1322751.322751,0,1.0,archive,adapted,1,c4a54cdecc67,2607,15
rust,stream,document,100,63,postcard,1.1.3,194,403,114,597,5154639.175258,2481389.578164,1675041.876047,0,1.0,serde,adapted,1,c4a54cdecc67,2608,0
rust,stream,document,100,63,ciborium,0.2.2,1346,2483,339,3829,742942.050520,402738.622634,261164.794986,0,1.0,serde,native,1,c4a54cdecc67,2609,1
rust,stream,document,100,63,serde_avro_fast,2.1.0,839,946,114,1785,1191895.113230,1057082.452431,560224.089636,0,1.0,serde,native,1,c4a54cdecc67,2610,2
rust,stream,document,100,63,bincode,2.0.1,300,410,122,710,3333333.333333,2439024.390244,1408450.704225,0,1.0,serde,adapted,1,c4a54cdecc67,2611,3
rust,stream,document,100,63,bson,2.15.0,1113,2121,540,3234,898472.596586,471475.719000,309214.594929,0,1.0,serde,adapted,1,c4a54cdecc67,2612,4
rust,stream,document,100,63,rkyv,0.8.17,421,342,272,763,2375296.912114,2923976.608187,1310615.989515,0,1.0,archive,adapted,1,c4a54cdecc67,2613,5
rust,stream,document,100,63,bitcode,0.6.9,1411,937,122,2348,708717.221828,1067235.859125,425894.378194,0,1.0,serde,adapted,1,c4a54cdecc67,2614,6
rust,stream,document,100,63,minicbor,0.25.1,592,553,133,1145,1689189.189189,1808318.264014,873362.445415,0,1.0,direct,adapted,1,c4a54cdecc67,2615,7
rust,stream,document,100,63,serde_json,1.0.150,1555,2820,460,4375,643086.816720,354609.929078,228571.428571,0,1.0,serde,native,1,c4a54cdecc67,2616,8
rust,stream,document,100,63,rmp-serde,1.3.1,426,810,333,1236,2347417.840376,1234567.901235,809061.488673,0,1.0,serde,adapted,1,c4a54cdecc67,2617,9
rust,stream,document,100,63,simd-json,0.14.3,703,1521,460,2224,1422475.106686,657462.195924,449640.287770,0,1.0,serde,adapted,1,c4a54cdecc67,2618,10
rust,stream,document,100,63,sonic-rs,0.3.17,637,953,460,1590,1569858.712716,1049317.943337,628930.817610,0,1.0,serde,adapted,1,c4a54cdecc67,2619,11
rust,stream,document,100,63,flexbuffers,2.0.0,2832,1978,452,4810,353107.344633,505561.172902,207900.207900,0,1.0,serde,adapted,1,c4a54cdecc67,2620,12
rust,stream,document,100,63,prost,0.13.5,765,700,155,1465,1307189.542484,1428571.428571,682593.856655,0,1.0,message,adapted,1,c4a54cdecc67,2621,13
rust,stream,document,100,63,speedy,0.8.7,186,279,214,465,5376344.086022,3584229.390681,2150537.634409,0,1.0,direct,adapted,1,c4a54cdecc67,2622,14
rust,stream,document,100,63,nanoserde,0.1.37,532,417,258,949,1879699.248120,2398081.534772,1053740.779768,0,1.0,direct,adapted,1,c4a54cdecc67,2623,15
rust,stream,document,100,64,speedy,0.8.7,135,339,214,474,7407407.407407,2949852.507375,2109704.641350,0,1.0,direct,adapted,1,c4a54cdecc67,2624,0
rust,stream,document,100,64,postcard,1.1.3,299,424,114,723,3344481.605351,2358490.566038,1383125.864454,0,1.0,serde,adapted,1,c4a54cdecc67,2625,1
rust,stream,document,100,64,nanoserde,0.1.37,423,378,258,801,2364066.193853,2645502.645503,1248439.450687,0,1.0,direct,adapted,1,c4a54cdecc67,2626,2
rust,stream,document,100,64,sonic-rs,0.3.17,678,950,460,1628,1474926.253687,1052631.578947,614250.614251,0,1.0,serde,adapted,1,c4a54cdecc67,2627,3
rust,stream,document,100,64,serde_avro_fast,2.1.0,844,906,114,1750,1184834.123223,1103752.759382,571428.571429,0,1.0,serde,native,1,c4a54cdecc67,2628,4
rust,stream,document,100,64,rkyv,0.8.17,501,390,272,891,1996007.984032,2564102.564103,1122334.455668,0,1.0,archive,adapted,1,c4a54cdecc67,2629,5
rust,stream,document,100,64,prost,0.13.5,740,719,155,1459,1351351.351351,1390820.584145,685400.959561,0,1.0,message,adapted,1,c4a54cdecc67,2630,6
rust,stream,document,100,64,flexbuffers,2.0.0,2793,1839,452,4632,358037.952023,543773.790103,215889.464594,0,1.0,serde,adapted,1,c4a54cdecc67,2631,7
rust,stream,document,100,64,rmp-serde,1.3.1,395,817,333,1212,2531645.569620,1223990.208078,825082.508251,0,1.0,serde,adapted,1,c4a54cdecc67,2632,8
rust,stream,document,100,64,minicbor,0.25.1,521,661,133,1182,1919385.796545,1512859.304085,846023.688663,0,1.0,direct,adapted,1,c4a54cdecc67,2633,9
rust,stream,document,100,64,bincode,2.0.1,373,530,122,903,2680965.147453,1886792.452830,1107419.712071,0,1.0,serde,adapted,1,c4a54cdecc67,2634,10
rust,stream,document,100,64,ciborium,0.2.2,1380,2539,339,3919,724637.681159,393855.848759,255167.134473,0,1.0,serde,native,1,c4a54cdecc67,2635,11
rust,stream,document,100,64,bson,2.15.0,1243,2200,540,3443,804505.229284,454545.454545,290444.379901,0,1.0,serde,adapted,1,c4a54cdecc67,2636,12
rust,stream,document,100,64,simd-json,0.14.3,648,1456,460,2104,1543209.876543,686813.186813,475285.171103,0,1.0,serde,adapted,1,c4a54cdecc67,2637,13
rust,stream,document,100,64,bitcode,0.6.9,1636,1071,122,2707,611246.943765,933706.816060,369412.633912,0,1.0,serde,adapted,1,c4a54cdecc67,2638,14
rust,stream,document,100,64,serde_json,1.0.150,1554,2627,460,4181,643500.643501,380662.352493,239177.230328,0,1.0,serde,native,1,c4a54cdecc67,2639,15
rust,stream,document,100,65,ciborium,0.2.2,1178,2289,339,3467,848896.434635,436871.996505,288433.804442,0,1.0,serde,native,1,c4a54cdecc67,2640,0
rust,stream,document,100,65,minicbor,0.25.1,492,657,133,1149,2032520.325203,1522070.015221,870322.019147,0,1.0,direct,adapted,1,c4a54cdecc67,2641,1
rust,stream,document,100,65,prost,0.13.5,904,779,155,1683,1106194.690265,1283697.047497,594177.064765,0,1.0,message,adapted,1,c4a54cdecc67,2642,2
rust,stream,document,100,65,bson,2.15.0,1084,2112,540,3196,922509.225092,473484.848485,312891.113892,0,1.0,serde,adapted,1,c4a54cdecc67,2643,3
rust,stream,document,100,65,bitcode,0.6.9,1425,972,122,2397,701754.385965,1028806.584362,417188.151856,0,1.0,serde,adapted,1,c4a54cdecc67,2644,4
rust,stream,document,100,65,nanoserde,0.1.37,585,430,258,1015,1709401.709402,2325581.395349,985221.674877,0,1.0,direct,adapted,1,c4a54cdecc67,2645,5
rust,stream,document,100,65,rkyv,0.8.17,526,371,272,897,1901140.684411,2695417.789757,1114827.201784,0,1.0,archive,adapted,1,c4a54cdecc67,2646,6
rust,stream,document,100,65,postcard,1.1.3,286,400,114,686,3496503.496503,2500000.000000,1457725.947522,0,1.0,serde,adapted,1,c4a54cdecc67,2647,7
rust,stream,document,100,65,serde_json,1.0.150,1451,2801,460,4252,689179.875948,357015.351660,235183.443086,0,1.0,serde,native,1,c4a54cdecc67,2648,8
rust,stream,document,100,65,serde_avro_fast,2.1.0,819,926,114,1745,1221001.221001,1079913.606911,573065.902579,0,1.0,serde,native,1,c4a54cdecc67,2649,9
rust,stream,document,100,65,rmp-serde,1.3.1,443,828,333,1271,2257336.343115,1207729.468599,786782.061369,0,1.0,serde,adapted,1,c4a54cdecc67,2650,10
rust,stream,document,100,65,speedy,0.8.7,179,268,214,447,5586592.178771,3731343.283582,2237136.465324,0,1.0,direct,adapted,1,c4a54cdecc67,2651,11
rust,stream,document,100,65,simd-json,0.14.3,694,1434,460,2128,1440922.190202,697350.069735,469924.812030,0,1.0,serde,adapted,1,c4a54cdecc67,2652,12
rust,stream,document,100,65,bincode,2.0.1,272,440,122,712,3676470.588235,2272727.272727,1404494.382022,0,1.0,serde,adapted,1,c4a54cdecc67,2653,13
rust,stream,document,100,65,flexbuffers,2.0.0,3006,2042,452,5048,332667.997339,489715.964740,198098.256735,0,1.0,serde,adapted,1,c4a54cdecc67,2654,14
rust,stream,document,100,65,sonic-rs,0.3.17,637,1004,460,1641,1569858.712716,996015.936255,609384.521633,0,1.0,serde,adapted,1,c4a54cdecc67,2655,15
rust,stream,document,100,66,bson,2.15.0,968,2296,540,3264,1033057.851240,435540.069686,306372.549020,0,1.0,serde,adapted,1,c4a54cdecc67,2656,0
rust,stream,document,100,66,simd-json,0.14.3,881,1596,460,2477,1135073.779796,626566.416040,403714.170367,0,1.0,serde,adapted,1,c4a54cdecc67,2657,1
rust,stream,document,100,66,rmp-serde,1.3.1,406,892,333,1298,2463054.187192,1121076.233184,770416.024653,0,1.0,serde,adapted,1,c4a54cdecc67,2658,2
rust,stream,document,100,66,rkyv,0.8.17,573,402,272,975,1745200.698080,2487562.189055,1025641.025641,0,1.0,archive,adapted,1,c4a54cdecc67,2659,3
rust,stream,document,100,66,nanoserde,0.1.37,553,438,258,991,1808318.264014,2283105.022831,1009081.735621,0,1.0,direct,adapted,1,c4a54cdecc67,2660,4
rust,stream,document,100,66,minicbor,0.25.1,607,706,133,1313,1647446.457990,1416430.594901,761614.623001,0,1.0,direct,adapted,1,c4a54cdecc67,2661,5
rust,stream,document,100,66,serde_json,1.0.150,1416,2952,460,4368,706214.689266,338753.387534,228937.728938,0,1.0,serde,native,1,c4a54cdecc67,2662,6
rust,stream,document,100,66,bincode,2.0.1,426,386,122,812,2347417.840376,2590673.575130,1231527.093596,0,1.0,serde,adapted,1,c4a54cdecc67,2663,7
rust,stream,document,100,66,serde_avro_fast,2.1.0,767,886,114,1653,1303780.964798,1128668.171558,604960.677556,0,1.0,serde,native,1,c4a54cdecc67,2664,8
rust,stream,document,100,66,bitcode,0.6.9,1643,1112,122,2755,608642.726719,899280.575540,362976.406534,0,1.0,serde,adapted,1,c4a54cdecc67,2665,9
rust,stream,document,100,66,speedy,0.8.7,269,276,214,545,3717472.118959,3623188.405797,1834862.385321,0,1.0,direct,adapted,1,c4a54cdecc67,2666,10
rust,stream,document,100,66,sonic-rs,0.3.17,643,939,460,1582,1555209.953344,1064962.726305,632111.251580,0,1.0,serde,adapted,1,c4a54cdecc67,2667,11
rust,stream,document,100,66,prost,0.13.5,770,803,155,1573,1298701.298701,1245330.012453,635727.908455,0,1.0,message,adapted,1,c4a54cdecc67,2668,12
rust,stream,document,100,66,ciborium,0.2.2,1423,2681,339,4104,702740.688686,372995.151063,243664.717349,0,1.0,serde,native,1,c4a54cdecc67,2669,13
rust,stream,document,100,66,flexbuffers,2.0.0,3249,1925,452,5174,307787.011388,519480.519481,193274.062621,0,1.0,serde,adapted,1,c4a54cdecc67,2670,14
rust,stream,document,100,66,postcard,1.1.3,252,404,114,656,3968253.968254,2475247.524752,1524390.243902,0,1.0,serde,adapted,1,c4a54cdecc67,2671,15
rust,stream,document,100,67,sonic-rs,0.3.17,538,1040,460,1578,1858736.059480,961538.461538,633713.561470,0,1.0,serde,adapted,1,c4a54cdecc67,2672,0
rust,stream,document,100,67,simd-json,0.14.3,874,1724,460,2598,1144164.759725,580046.403712,384911.470362,0,1.0,serde,adapted,1,c4a54cdecc67,2673,1
rust,stream,document,100,67,rkyv,0.8.17,635,452,272,1087,1574803.149606,2212389.380531,919963.201472,0,1.0,archive,adapted,1,c4a54cdecc67,2674,2
rust,stream,document,100,67,ciborium,0.2.2,1253,2566,339,3819,798084.596967,389711.613406,261848.651479,0,1.0,serde,native,1,c4a54cdecc67,2675,3
rust,stream,document,100,67,bincode,2.0.1,376,436,122,812,2659574.468085,2293577.981651,1231527.093596,0,1.0,serde,adapted,1,c4a54cdecc67,2676,4
rust,stream,document,100,67,rmp-serde,1.3.1,473,903,333,1376,2114164.904863,1107419.712071,726744.186047,0,1.0,serde,adapted,1,c4a54cdecc67,2677,5
rust,stream,document,100,67,nanoserde,0.1.37,504,364,258,868,1984126.984127,2747252.747253,1152073.732719,0,1.0,direct,adapted,1,c4a54cdecc67,2678,6
rust,stream,document,100,67,flexbuffers,2.0.0,2922,1771,452,4693,342231.348392,564652.738566,213083.315576,0,1.0,serde,adapted,1,c4a54cdecc67,2679,7
rust,stream,document,100,67,serde_avro_fast,2.1.0,797,830,114,1627,1254705.144291,1204819.277108,614628.149969,0,1.0,serde,native,1,c4a54cdecc67,2680,8
rust,stream,document,100,67,bson,2.15.0,1165,2336,540,3501,858369.098712,428082.191781,285632.676378,0,1.0,serde,adapted,1,c4a54cdecc67,2681,9
rust,stream,document,100,67,minicbor,0.25.1,540,645,133,1185,1851851.851852,1550387.596899,843881.856540,0,1.0,direct,adapted,1,c4a54cdecc67,2682,10
rust,stream,document,100,67,serde_json,1.0.150,1511,2624,460,4135,661813.368630,381097.560976,241837.968561,0,1.0,serde,native,1,c4a54cdecc67,2683,11
rust,stream,document,100,67,speedy,0.8.7,228,242,214,470,4385964.912281,4132231.404959,2127659.574468,0,1.0,direct,adapted,1,c4a54cdecc67,2684,12
rust,stream,document,100,67,bitcode,0.6.9,1592,1083,122,2675,628140.703518,923361.034164,373831.775701,0,1.0,serde,adapted,1,c4a54cdecc67,2685,13
rust,stream,document,100,67,prost,0.13.5,846,715,155,1561,1182033.096927,1398601.398601,640614.990391,0,1.0,message,adapted,1,c4a54cdecc67,2686,14
rust,stream,document,100,67,postcard,1.1.3,251,447,114,698,3984063.745020,2237136.465324,1432664.756447,0,1.0,serde,adapted,1,c4a54cdecc67,2687,15
rust,stream,document,100,68,ciborium,0.2.2,1290,2524,339,3814,775193.798450,396196.513471,262191.924489,0,1.0,serde,native,1,c4a54cdecc67,2688,0
rust,stream,document,100,68,bitcode,0.6.9,1679,1133,122,2812,595592.614652,882612.533098,355618.776671,0,1.0,serde,adapted,1,c4a54cdecc67,2689,1
rust,stream,document,100,68,serde_json,1.0.150,1298,2854,460,4152,770416.024653,350385.423966,240847.784200,0,1.0,serde,native,1,c4a54cdecc67,2690,2
rust,stream,document,100,68,bincode,2.0.1,520,489,122,1009,1923076.923077,2044989.775051,991080.277502,0,1.0,serde,adapted,1,c4a54cdecc67,2691,3
rust,stream,document,100,68,speedy,0.8.7,245,233,214,478,4081632.653061,4291845.493562,2092050.209205,0,1.0,direct,adapted,1,c4a54cdecc67,2692,4
rust,stream,document,100,68,bson,2.15.0,1148,2247,540,3395,871080.139373,445037.828215,294550.810015,0,1.0,serde,adapted,1,c4a54cdecc67,2693,5
rust,stream,document,100,68,sonic-rs,0.3.17,737,1019,460,1756,1356852.103121,981354.268891,569476.082005,0,1.0,serde,adapted,1,c4a54cdecc67,2694,6
rust,stream,document,100,68,serde_avro_fast,2.1.0,817,859,114,1676,1223990.208078,1164144.353900,596658.711217,0,1.0,serde,native,1,c4a54cdecc67,2695,7
rust,stream,document,100,68,simd-json,0.14.3,799,1675,460,2474,1251564.455569,597014.925373,404203.718674,0,1.0,serde,adapted,1,c4a54cdecc67,2696,8
rust,stream,document,100,68,minicbor,0.25.1,489,623,133,1112,2044989.775051,1605136.436597,899280.575540,0,1.0,direct,adapted,1,c4a54cdecc67,2697,9
rust,stream,document,100,68,flexbuffers,2.0.0,2921,1882,452,4803,342348.510784,531349.628055,208203.206329,0,1.0,serde,adapted,1,c4a54cdecc67,2698,10
rust,stream,document,100,68,postcard,1.1.3,236,413,114,649,4237288.135593,2421307.506053,1540832.049307,0,1.0,serde,adapted,1,c4a54cdecc67,2699,11
rust,stream,document,100,68,nanoserde,0.1.37,588,456,258,1044,1700680.272109,2192982.456140,957854.406130,0,1.0,direct,adapted,1,c4a54cdecc67,2700,12
rust,stream,document,100,68,rkyv,0.8.17,585,410,272,995,1709401.709402,2439024.390244,1005025.125628,0,1.0,archive,adapted,1,c4a54cdecc67,2701,13
rust,stream,document,100,68,prost,0.13.5,758,780,155,1538,1319261.213720,1282051.282051,650195.058518,0,1.0,message,adapted,1,c4a54cdecc67,2702,14
rust,stream,document,100,68,rmp-serde,1.3.1,530,945,333,1475,1886792.452830,1058201.058201,677966.101695,0,1.0,serde,adapted,1,c4a54cdecc67,2703,15
rust,stream,document,100,69,rmp-serde,1.3.1,308,960,333,1268,3246753.246753,1041666.666667,788643.533123,0,1.0,serde,adapted,1,c4a54cdecc67,2704,0
rust,stream,document,100,69,bincode,2.0.1,297,465,122,762,3367003.367003,2150537.634409,1312335.958005,0,1.0,serde,adapted,1,c4a54cdecc67,2705,1
rust,stream,document,100,69,ciborium,0.2.2,1276,2553,339,3829,783699.059561,391696.043870,261164.794986,0,1.0,serde,native,1,c4a54cdecc67,2706,2
rust,stream,document,100,69,bson,2.15.0,1154,2143,540,3297,866551.126516,466635.557629,303306.035790,0,1.0,serde,adapted,1,c4a54cdecc67,2707,3
rust,stream,document,100,69,serde_avro_fast,2.1.0,779,766,114,1545,1283697.047497,1305483.028721,647249.190939,0,1.0,serde,native,1,c4a54cdecc67,2708,4
rust,stream,document,100,69,simd-json,0.14.3,783,1435,460,2218,1277139.208174,696864.111498,450856.627592,0,1.0,serde,adapted,1,c4a54cdecc67,2709,5
rust,stream,document,100,69,rkyv,0.8.17,458,316,272,774,2183406.113537,3164556.962025,1291989.664083,0,1.0,archive,adapted,1,c4a54cdecc67,2710,6
rust,stream,document,100,69,sonic-rs,0.3.17,596,893,460,1489,1677852.348993,1119820.828667,671591.672263,0,1.0,serde,adapted,1,c4a54cdecc67,2711,7
rust,stream,document,100,69,speedy,0.8.7,173,211,214,384,5780346.820809,4739336.492891,2604166.666667,0,1.0,direct,adapted,1,c4a54cdecc67,2712,8
rust,stream,document,100,69,bitcode,0.6.9,1724,1135,122,2859,580046.403712,881057.268722,349772.647779,0,1.0,serde,adapted,1,c4a54cdecc67,2713,9
rust,stream,document,100,69,prost,0.13.5,769,637,155,1406,1300390.117035,1569858.712716,711237.553343,0,1.0,message,adapted,1,c4a54cdecc67,2714,10
rust,stream,document,100,69,flexbuffers,2.0.0,2911,1832,452,4743,343524.562006,545851.528384,210837.022981,0,1.0,serde,adapted,1,c4a54cdecc67,2715,11
rust,stream,document,100,69,serde_json,1.0.150,1578,3040,460,4618,633713.561470,328947.368421,216543.958424,0,1.0,serde,native,1,c4a54cdecc67,2716,12
rust,stream,document,100,69,minicbor,0.25.1,617,590,133,1207,1620745.542950,1694915.254237,828500.414250,0,1.0,direct,adapted,1,c4a54cdecc67,2717,13
rust,stream,document,100,69,postcard,1.1.3,250,404,114,654,4000000.000000,2475247.524752,1529051.987768,0,1.0,serde,adapted,1,c4a54cdecc67,2718,14
rust,stream,document,100,69,nanoserde,0.1.37,499,369,258,868,2004008.016032,2710027.100271,1152073.732719,0,1.0,direct,adapted,1,c4a54cdecc67,2719,15
rust,stream,document,100,70,speedy,0.8.7,141,412,214,553,7092198.581560,2427184.466019,1808318.264014,0,1.0,direct,adapted,1,c4a54cdecc67,2720,0
rust,stream,document,100,70,serde_json,1.0.150,1380,2898,460,4278,724637.681159,345065.562457,233754.090697,0,1.0,serde,native,1,c4a54cdecc67,2721,1
rust,stream,document,100,70,bson,2.15.0,1248,2125,540,3373,801282.051282,470588.235294,296471.983398,0,1.0,serde,adapted,1,c4a54cdecc67,2722,2
rust,stream,document,100,70,minicbor,0.25.1,456,600,133,1056,2192982.456140,1666666.666667,946969.696970,0,1.0,direct,adapted,1,c4a54cdecc67,2723,3
rust,stream,document,100,70,prost,0.13.5,735,683,155,1418,1360544.217687,1464128.843338,705218.617772,0,1.0,message,adapted,1,c4a54cdecc67,2724,4
rust,stream,document,100,70,sonic-rs,0.3.17,788,912,460,1700,1269035.532995,1096491.228070,588235.294118,0,1.0,serde,adapted,1,c4a54cdecc67,2725,5
rust,stream,document,100,70,bitcode,0.6.9,1498,956,122,2454,667556.742323,1046025.104603,407497.962510,0,1.0,serde,adapted,1,c4a54cdecc67,2726,6
rust,stream,document,100,70,ciborium,0.2.2,1353,2466,339,3819,739098.300074,405515.004055,261848.651479,0,1.0,serde,native,1,c4a54cdecc67,2727,7
rust,stream,document,100,70,rkyv,0.8.17,566,408,272,974,1766784.452297,2450980.392157,1026694.045175,0,1.0,archive,adapted,1,c4a54cdecc67,2728,8
rust,stream,document,100,70,bincode,2.0.1,422,435,122,857,2369668.246445,2298850.574713,1166861.143524,0,1.0,serde,adapted,1,c4a54cdecc67,2729,9
rust,stream,document,100,70,nanoserde,0.1.37,496,380,258,876,2016129.032258,2631578.947368,1141552.511416,0,1.0,direct,adapted,1,c4a54cdecc67,2730,10
rust,stream,document,100,70,serde_avro_fast,2.1.0,863,883,114,1746,1158748.551564,1132502.831257,572737.686140,0,1.0,serde,native,1,c4a54cdecc67,2731,11
rust,stream,document,100,70,simd-json,0.14.3,852,1534,460,2386,1173708.920188,651890.482399,419111.483655,0,1.0,serde,adapted,1,c4a54cdecc67,2732,12
rust,stream,document,100,70,rmp-serde,1.3.1,585,856,333,1441,1709401.709402,1168224.299065,693962.526024,0,1.0,serde,adapted,1,c4a54cdecc67,2733,13
rust,stream,document,100,70,postcard,1.1.3,225,453,114,678,4444444.444444,2207505.518764,1474926.253687,0,1.0,serde,adapted,1,c4a54cdecc67,2734,14
rust,stream,document,100,70,flexbuffers,2.0.0,2823,1853,452,4676,354233.085370,539665.407447,213857.998289,0,1.0,serde,adapted,1,c4a54cdecc67,2735,15
rust,stream,document,100,71,rkyv,0.8.17,377,389,272,766,2652519.893899,2570694.087404,1305483.028721,0,1.0,archive,adapted,1,c4a54cdecc67,2736,0
rust,stream,document,100,71,nanoserde,0.1.37,448,405,258,853,2232142.857143,2469135.802469,1172332.942556,0,1.0,direct,adapted,1,c4a54cdecc67,2737,1
rust,stream,document,100,71,flexbuffers,2.0.0,2559,1813,452,4372,390777.647519,551571.980143,228728.270814,0,1.0,serde,adapted,1,c4a54cdecc67,2738,2
rust,stream,document,100,71,bitcode,0.6.9,1568,1139,122,2707,637755.102041,877963.125549,369412.633912,0,1.0,serde,adapted,1,c4a54cdecc67,2739,3
rust,stream,document,100,71,bincode,2.0.1,1471,440,122,1911,679809.653297,2272727.272727,523286.237572,0,1.0,serde,adapted,1,c4a54cdecc67,2740,4
rust,stream,document,100,71,speedy,0.8.7,249,244,214,493,4016064.257028,4098360.655738,2028397.565923,0,1.0,direct,adapted,1,c4a54cdecc67,2741,5
rust,stream,document,100,71,serde_avro_fast,2.1.0,773,853,114,1626,1293661.060802,1172332.942556,615006.150062,0,1.0,serde,native,1,c4a54cdecc67,2742,6
rust,stream,document,100,71,rmp-serde,1.3.1,381,776,333,1157,2624671.916010,1288659.793814,864304.235091,0,1.0,serde,adapted,1,c4a54cdecc67,2743,7
rust,stream,document,100,71,bson,2.15.0,1098,2134,540,3232,910746.812386,468603.561387,309405.940594,0,1.0,serde,adapted,1,c4a54cdecc67,2744,8
rust,stream,document,100,71,ciborium,0.2.2,1320,2435,339,3755,757575.757576,410677.618070,266311.584554,0,1.0,serde,native,1,c4a54cdecc67,2745,9
rust,stream,document,100,71,prost,0.13.5,760,695,155,1455,1315789.473684,1438848.920863,687285.223368,0,1.0,message,adapted,1,c4a54cdecc67,2746,10
rust,stream,document,100,71,simd-json,0.14.3,777,1579,460,2356,1287001.287001,633312.222926,424448.217317,0,1.0,serde,adapted,1,c4a54cdecc67,2747,11
rust,stream,document,100,71,postcard,1.1.3,246,433,114,679,4065040.650407,2309468.822171,1472754.050074,0,1.0,serde,adapted,1,c4a54cdecc67,2748,12
rust,stream,document,100,71,serde_json,1.0.150,1560,2751,460,4311,641025.641026,363504.180298,231964.741359,0,1.0,serde,native,1,c4a54cdecc67,2749,13
rust,stream,document,100,71,sonic-rs,0.3.17,783,930,460,1713,1277139.208174,1075268.817204,583771.161705,0,1.0,serde,adapted,1,c4a54cdecc67,2750,14
rust,stream,document,100,71,minicbor,0.25.1,497,584,133,1081,2012072.434608,1712328.767123,925069.380204,0,1.0,direct,adapted,1,c4a54cdecc67,2751,15
rust,stream,document,100,72,nanoserde,0.1.37,394,378,258,772,2538071.065990,2645502.645503,1295336.787565,0,1.0,direct,adapted,1,c4a54cdecc67,2752,0
rust,stream,document,100,72,sonic-rs,0.3.17,747,942,460,1689,1338688.085676,1061571.125265,592066.311427,0,1.0,serde,adapted,1,c4a54cdecc67,2753,1
rust,stream,document,100,72,serde_json,1.0.150,1344,2816,460,4160,744047.619048,355113.636364,240384.615385,0,1.0,serde,native,1,c4a54cdecc67,2754,2
rust,stream,document,100,72,postcard,1.1.3,274,340,114,614,3649635.036496,2941176.470588,1628664.495114,0,1.0,serde,adapted,1,c4a54cdecc67,2755,3
rust,stream,document,100,72,rmp-serde,1.3.1,361,761,333,1122,2770083.102493,1314060.446781,891265.597148,0,1.0,serde,adapted,1,c4a54cdecc67,2756,4
rust,stream,document,100,72,prost,0.13.5,589,656,155,1245,1697792.869270,1524390.243902,803212.851406,0,1.0,message,adapted,1,c4a54cdecc67,2757,5
rust,stream,document,100,72,bson,2.15.0,1111,2152,540,3263,900090.009001,464684.014870,306466.441925,0,1.0,serde,adapted,1,c4a54cdecc67,2758,6
rust,stream,document,100,72,minicbor,0.25.1,410,498,133,908,2439024.390244,2008032.128514,1101321.585903,0,1.0,direct,adapted,1,c4a54cdecc67,2759,7
rust,stream,document,100,72,simd-json,0.14.3,655,1410,460,2065,1526717.557252,709219.858156,484261.501211,0,1.0,serde,adapted,1,c4a54cdecc67,2760,8
rust,stream,document,100,72,serde_avro_fast,2.1.0,848,813,114,1661,1179245.283019,1230012.300123,602046.959663,0,1.0,serde,native,1,c4a54cdecc67,2761,9
rust,stream,document,100,72,rkyv,0.8.17,543,323,272,866,1841620.626151,3095975.232198,1154734.411085,0,1.0,archive,adapted,1,c4a54cdecc67,2762,10
rust,stream,document,100,72,flexbuffers,2.0.0,2792,1829,452,4621,358166.189112,546746.856206,216403.375893,0,1.0,serde,adapted,1,c4a54cdecc67,2763,11
rust,stream,document,100,72,bitcode,0.6.9,1590,1001,122,2591,628930.817610,999000.999001,385951.370127,0,1.0,serde,adapted,1,c4a54cdecc67,2764,12
rust,stream,document,100,72,speedy,0.8.7,253,229,214,482,3952569.169960,4366812.227074,2074688.796680,0,1.0,direct,adapted,1,c4a54cdecc67,2765,13
rust,stream,document,100,72,ciborium,0.2.2,1376,2317,339,3693,726744.186047,431592.576608,270782.561603,0,1.0,serde,native,1,c4a54cdecc67,2766,14
rust,stream,document,100,72,bincode,2.0.1,328,476,122,804,3048780.487805,2100840.336134,1243781.094527,0,1.0,serde,adapted,1,c4a54cdecc67,2767,15
rust,stream,document,100,73,rkyv,0.8.17,468,407,272,875,2136752.136752,2457002.457002,1142857.142857,0,1.0,archive,adapted,1,c4a54cdecc67,2768,0
rust,stream,document,100,73,bincode,2.0.1,254,431,122,685,3937007.874016,2320185.614849,1459854.014599,0,1.0,serde,adapted,1,c4a54cdecc67,2769,1
rust,stream,document,100,73,sonic-rs,0.3.17,577,897,460,1474,1733102.253033,1114827.201784,678426.051560,0,1.0,serde,adapted,1,c4a54cdecc67,2770,2
rust,stream,document,100,73,postcard,1.1.3,293,440,114,733,3412969.283276,2272727.272727,1364256.480218,0,1.0,serde,adapted,1,c4a54cdecc67,2771,3
rust,stream,document,100,73,nanoserde,0.1.37,487,381,258,868,2053388.090349,2624671.916010,1152073.732719,0,1.0,direct,adapted,1,c4a54cdecc67,2772,4
rust,stream,document,100,73,ciborium,0.2.2,1080,2162,339,3242,925925.925926,462534.690102,308451.573103,0,1.0,serde,native,1,c4a54cdecc67,2773,5
rust,stream,document,100,73,flexbuffers,2.0.0,2790,1807,452,4597,358422.939068,553403.431101,217533.173809,0,1.0,serde,adapted,1,c4a54cdecc67,2774,6
rust,stream,document,100,73,speedy,0.8.7,167,219,214,386,5988023.952096,4566210.045662,2590673.575130,0,1.0,direct,adapted,1,c4a54cdecc67,2775,7
rust,stream,document,100,73,minicbor,0.25.1,484,500,133,984,2066115.702479,2000000.000000,1016260.162602,0,1.0,direct,adapted,1,c4a54cdecc67,2776,8
rust,stream,document,100,73,bitcode,0.6.9,1414,959,122,2373,707213.578501,1042752.867570,421407.501054,0,1.0,serde,adapted,1,c4a54cdecc67,2777,9
rust,stream,document,100,73,serde_json,1.0.150,1474,2744,460,4218,678426.051560,364431.486880,237079.184448,0,1.0,serde,native,1,c4a54cdecc67,2778,10
rust,stream,document,100,73,prost,0.13.5,717,688,155,1405,1394700.139470,1453488.372093,711743.772242,0,1.0,message,adapted,1,c4a54cdecc67,2779,11
rust,stream,document,100,73,bson,2.15.0,1020,2079,540,3099,980392.156863,481000.481000,322684.737012,0,1.0,serde,adapted,1,c4a54cdecc67,2780,12
rust,stream,document,100,73,rmp-serde,1.3.1,554,836,333,1390,1805054.151625,1196172.248804,719424.460432,0,1.0,serde,adapted,1,c4a54cdecc67,2781,13
rust,stream,document,100,73,simd-json,0.14.3,919,1407,460,2326,1088139.281828,710732.054016,429922.613929,0,1.0,serde,adapted,1,c4a54cdecc67,2782,14
rust,stream,document,100,73,serde_avro_fast,2.1.0,869,849,114,1718,1150747.986191,1177856.301531,582072.176950,0,1.0,serde,native,1,c4a54cdecc67,2783,15
rust,stream,document,100,74,serde_json,1.0.150,1408,2623,460,4031,710227.272727,381242.851697,248077.400149,0,1.0,serde,native,1,c4a54cdecc67,2784,0
rust,stream,document,100,74,sonic-rs,0.3.17,631,945,460,1576,1584786.053883,1058201.058201,634517.766497,0,1.0,serde,adapted,1,c4a54cdecc67,2785,1
rust,stream,document,100,74,rkyv,0.8.17,532,373,272,905,1879699.248120,2680965.147453,1104972.375691,0,1.0,archive,adapted,1,c4a54cdecc67,2786,2
rust,stream,document,100,74,simd-json,0.14.3,711,1381,460,2092,1406469.760900,724112.961622,478011.472275,0,1.0,serde,adapted,1,c4a54cdecc67,2787,3
rust,stream,document,100,74,bincode,2.0.1,274,492,122,766,3649635.036496,2032520.325203,1305483.028721,0,1.0,serde,adapted,1,c4a54cdecc67,2788,4
rust,stream,document,100,74,rmp-serde,1.3.1,398,780,333,1178,2512562.814070,1282051.282051,848896.434635,0,1.0,serde,adapted,1,c4a54cdecc67,2789,5
rust,stream,document,100,74,bson,2.15.0,1157,2058,540,3215,864304.235091,485908.649174,311041.990669,0,1.0,serde,adapted,1,c4a54cdecc67,2790,6
rust,stream,document,100,74,nanoserde,0.1.37,516,433,258,949,1937984.496124,2309468.822171,1053740.779768,0,1.0,direct,adapted,1,c4a54cdecc67,2791,7
rust,stream,document,100,74,postcard,1.1.3,291,447,114,738,3436426.116838,2237136.465324,1355013.550136,0,1.0,serde,adapted,1,c4a54cdecc67,2792,8
rust,stream,document,100,74,serde_avro_fast,2.1.0,759,869,114,1628,1317523.056653,1150747.986191,614250.614251,0,1.0,serde,native,1,c4a54cdecc67,2793,9
rust,stream,document,100,74,flexbuffers,2.0.0,2855,1885,452,4740,350262.697023,530503.978780,210970.464135,0,1.0,serde,adapted,1,c4a54cdecc67,2794,10
rust,stream,document,100,74,speedy,0.8.7,200,272,214,472,5000000.000000,3676470.588235,2118644.067797,0,1.0,direct,adapted,1,c4a54cdecc67,2795,11
rust,stream,document,100,74,minicbor,0.25.1,501,613,133,1114,1996007.984032,1631321.370310,897666.068223,0,1.0,direct,adapted,1,c4a54cdecc67,2796,12
rust,stream,document,100,74,bitcode,0.6.9,1679,1135,122,2814,595592.614652,881057.268722,355366.027008,0,1.0,serde,adapted,1,c4a54cdecc67,2797,13
rust,stream,document,100,74,ciborium,0.2.2,1504,2586,339,4090,664893.617021,386697.602475,244498.777506,0,1.0,serde,native,1,c4a54cdecc67,2798,14
rust,stream,document,100,74,prost,0.13.5,761,663,155,1424,1314060.446781,1508295.625943,702247.191011,0,1.0,message,adapted,1,c4a54cdecc67,2799,15
rust,stream,document,100,75,bincode,2.0.1,242,453,122,695,4132231.404959,2207505.518764,1438848.920863,0,1.0,serde,adapted,1,c4a54cdecc67,2800,0
rust,stream,document,100,75,rmp-serde,1.3.1,479,894,333,1373,2087682.672234,1118568.232662,728332.119446,0,1.0,serde,adapted,1,c4a54cdecc67,2801,1
rust,stream,document,100,75,bitcode,0.6.9,1716,1155,122,2871,582750.582751,865800.865801,348310.693138,0,1.0,serde,adapted,1,c4a54cdecc67,2802,2
rust,stream,document,100,75,simd-json,0.14.3,821,1495,460,2316,1218026.796590,668896.321070,431778.929188,0,1.0,serde,adapted,1,c4a54cdecc67,2803,3
rust,stream,document,100,75,sonic-rs,0.3.17,580,972,460,1552,1724137.931034,1028806.584362,644329.896907,0,1.0,serde,adapted,1,c4a54cdecc67,2804,4
rust,stream,document,100,75,postcard,1.1.3,316,440,114,756,3164556.962025,2272727.272727,1322751.322751,0,1.0,serde,adapted,1,c4a54cdecc67,2805,5
rust,stream,document,100,75,minicbor,0.25.1,477,588,133,1065,2096436.058700,1700680.272109,938967.136150,0,1.0,direct,adapted,1,c4a54cdecc67,2806,6
rust,stream,document,100,75,flexbuffers,2.0.0,2856,1799,452,4655,350140.056022,555864.369094,214822.771214,0,1.0,serde,adapted,1,c4a54cdecc67,2807,7
rust,stream,document,100,75,serde_avro_fast,2.1.0,835,920,114,1755,1197604.790419,1086956.521739,569800.569801,0,1.0,serde,native,1,c4a54cdecc67,2808,8
rust,stream,document,100,75,bson,2.15.0,1280,2215,540,3495,781250.000000,451467.268623,286123.032904,0,1.0,serde,adapted,1,c4a54cdecc67,2809,9
rust,stream,document,100,75,speedy,0.8.7,199,285,214,484,5025125.628141,3508771.929825,2066115.702479,0,1.0,direct,adapted,1,c4a54cdecc67,2810,10
rust,stream,document,100,75,rkyv,0.8.17,619,381,272,1000,1615508.885299,2624671.916010,1000000.000000,0,1.0,archive,adapted,1,c4a54cdecc67,2811,11
rust,stream,document,100,75,nanoserde,0.1.37,522,393,258,915,1915708.812261,2544529.262087,1092896.174863,0,1.0,direct,adapted,1,c4a54cdecc67,2812,12
rust,stream,document,100,75,ciborium,0.2.2,1321,2417,339,3738,757002.271007,413736.036409,267522.739433,0,1.0,serde,native,1,c4a54cdecc67,2813,13
rust,stream,document,100,75,prost,0.13.5,808,651,155,1459,1237623.762376,1536098.310292,685400.959561,0,1.0,message,adapted,1,c4a54cdecc67,2814,14
rust,stream,document,100,75,serde_json,1.0.150,1523,2862,460,4385,656598.818122,349406.009783,228050.171038,0,1.0,serde,native,1,c4a54cdecc67,2815,15
rust,stream,document,100,76,nanoserde,0.1.37,387,371,258,758,2583979.328165,2695417.789757,1319261.213720,0,1.0,direct,adapted,1,c4a54cdecc67,2816,0
rust,stream,document,100,76,flexbuffers,2.0.0,2775,1923,452,4698,360360.360360,520020.800832,212856.534696,0,1.0,serde,adapted,1,c4a54cdecc67,2817,1
rust,stream,document,100,76,sonic-rs,0.3.17,677,1009,460,1686,1477104.874446,991080.277502,593119.810202,0,1.0,serde,adapted,1,c4a54cdecc67,2818,2
rust,stream,document,100,76,speedy,0.8.7,209,304,214,513,4784688.995215,3289473.684211,1949317.738791,0,1.0,direct,adapted,1,c4a54cdecc67,2819,3
rust,stream,document,100,76,bincode,2.0.1,296,430,122,726,3378378.378378,2325581.395349,1377410.468320,0,1.0,serde,adapted,1,c4a54cdecc67,2820,4
rust,stream,document,100,76,simd-json,0.14.3,733,1494,460,2227,1364256.480218,669344.042838,449034.575662,0,1.0,serde,adapted,1,c4a54cdecc67,2821,5
rust,stream,document,100,76,bson,2.15.0,1095,2202,540,3297,913242.009132,454132.606721,303306.035790,0,1.0,serde,adapted,1,c4a54cdecc67,2822,6
rust,stream,document,100,76,rmp-serde,1.3.1,478,865,333,1343,2092050.209205,1156069.364162,744601.638124,0,1.0,serde,adapted,1,c4a54cdecc67,2823,7
rust,stream,document,100,76,rkyv,0.8.17,506,432,272,938,1976284.584980,2314814.814815,1066098.081023,0,1.0,archive,adapted,1,c4a54cdecc67,2824,8
rust,stream,document,100,76,minicbor,0.25.1,604,596,133,1200,1655629.139073,1677852.348993,833333.333333,0,1.0,direct,adapted,1,c4a54cdecc67,2825,9
rust,stream,document,100,76,serde_json,1.0.150,1398,2954,460,4352,715307.582260,338524.035206,229779.411765,0,1.0,serde,native,1,c4a54cdecc67,2826,10
rust,stream,document,100,76,postcard,1.1.3,375,382,114,757,2666666.666667,2617801.047120,1321003.963012,0,1.0,serde,adapted,1,c4a54cdecc67,2827,11
rust,stream,document,100,76,ciborium,0.2.2,1205,2258,339,3463,829875.518672,442869.796280,288766.965059,0,1.0,serde,native,1,c4a54cdecc67,2828,12
rust,stream,document,100,76,serde_avro_fast,2.1.0,827,871,114,1698,1209189.842805,1148105.625718,588928.150766,0,1.0,serde,native,1,c4a54cdecc67,2829,13
rust,stream,document,100,76,bitcode,0.6.9,1620,1014,122,2634,617283.950617,986193.293886,379650.721336,0,1.0,serde,adapted,1,c4a54cdecc67,2830,14
rust,stream,document,100,76,prost,0.13.5,682,668,155,1350,1466275.659824,1497005.988024,740740.740741,0,1.0,message,adapted,1,c4a54cdecc67,2831,15
rust,stream,document,100,77,serde_json,1.0.150,1316,2487,460,3803,759878.419453,402090.872537,262950.302393,0,1.0,serde,native,1,c4a54cdecc67,2832,0
rust,stream,document,100,77,simd-json,0.14.3,827,1443,460,2270,1209189.842805,693000.693001,440528.634361,0,1.0,serde,adapted,1,c4a54cdecc67,2833,1
rust,stream,document,100,77,flexbuffers,2.0.0,2782,1811,452,4593,359453.630482,552181.115406,217722.621380,0,1.0,serde,adapted,1,c4a54cdecc67,2834,2
rust,stream,document,100,77,serde_avro_fast,2.1.0,742,848,114,1590,1347708.894879,1179245.283019,628930.817610,0,1.0,serde,native,1,c4a54cdecc67,2835,3
rust,stream,document,100,77,rmp-serde,1.3.1,451,827,333,1278,2217294.900222,1209189.842805,782472.613459,0,1.0,serde,adapted,1,c4a54cdecc67,2836,4
rust,stream,document,100,77,rkyv,0.8.17,516,328,272,844,1937984.496124,3048780.487805,1184834.123223,0,1.0,archive,adapted,1,c4a54cdecc67,2837,5
rust,stream,document,100,77,minicbor,0.25.1,466,598,133,1064,2145922.746781,1672240.802676,939849.624060,0,1.0,direct,adapted,1,c4a54cdecc67,2838,6
rust,stream,document,100,77,postcard,1.1.3,307,384,114,691,3257328.990228,2604166.666667,1447178.002894,0,1.0,serde,adapted,1,c4a54cdecc67,2839,7
rust,stream,document,100,77,nanoserde,0.1.37,435,411,258,846,2298850.574713,2433090.024331,1182033.096927,0,1.0,direct,adapted,1,c4a54cdecc67,2840,8
rust,stream,document,100,77,speedy,0.8.7,209,267,214,476,4784688.995215,3745318.352060,2100840.336134,0,1.0,direct,adapted,1,c4a54cdecc67,2841,9
rust,stream,document,100,77,bitcode,0.6.9,1495,1073,122,2568,668896.321070,931966.449208,389408.099688,0,1.0,serde,adapted,1,c4a54cdecc67,2842,10
rust,stream,document,100,77,ciborium,0.2.2,1210,2479,339,3689,826446.280992,403388.463090,271076.172404,0,1.0,serde,native,1,c4a54cdecc67,2843,11
rust,stream,document,100,77,prost,0.13.5,750,626,155,1376,1333333.333333,1597444.089457,726744.186047,0,1.0,message,adapted,1,c4a54cdecc67,2844,12
rust,stream,document,100,77,bincode,2.0.1,253,464,122,717,3952569.169960,2155172.413793,1394700.139470,0,1.0,serde,adapted,1,c4a54cdecc67,2845,13
rust,stream,document,100,77,sonic-rs,0.3.17,684,930,460,1614,1461988.304094,1075268.817204,619578.686493,0,1.0,serde,adapted,1,c4a54cdecc67,2846,14
rust,stream,document,100,77,bson,2.15.0,1109,2149,540,3258,901713.255185,465332.712890,306936.771025,0,1.0,serde,adapted,1,c4a54cdecc67,2847,15
rust,stream,document,100,78,ciborium,0.2.2,1081,2138,339,3219,925069.380204,467726.847521,310655.483069,0,1.0,serde,native,1,c4a54cdecc67,2848,0
rust,stream,document,100,78,bincode,2.0.1,281,441,122,722,3558718.861210,2267573.696145,1385041.551247,0,1.0,serde,adapted,1,c4a54cdecc67,2849,1
rust,stream,document,100,78,speedy,0.8.7,190,249,214,439,5263157.894737,4016064.257028,2277904.328018,0,1.0,direct,adapted,1,c4a54cdecc67,2850,2
rust,stream,document,100,78,sonic-rs,0.3.17,592,855,460,1447,1689189.189189,1169590.643275,691085.003455,0,1.0,serde,adapted,1,c4a54cdecc67,2851,3
rust,stream,document,100,78,flexbuffers,2.0.0,2779,1898,452,4677,359841.669665,526870.389884,213812.272824,0,1.0,serde,adapted,1,c4a54cdecc67,2852,4
rust,stream,document,100,78,minicbor,0.25.1,486,566,133,1052,2057613.168724,1766784.452297,950570.342205,0,1.0,direct,adapted,1,c4a54cdecc67,2853,5
rust,stream,document,100,78,postcard,1.1.3,230,375,114,605,4347826.086957,2666666.666667,1652892.561983,0,1.0,serde,adapted,1,c4a54cdecc67,2854,6
rust,stream,document,100,78,rkyv,0.8.17,427,352,272,779,2341920.374707,2840909.090909,1283697.047497,0,1.0,archive,adapted,1,c4a54cdecc67,2855,7
rust,stream,document,100,78,bitcode,0.6.9,1638,901,122,2539,610500.610501,1109877.913430,393855.848759,0,1.0,serde,adapted,1,c4a54cdecc67,2856,8
rust,stream,document,100,78,serde_avro_fast,2.1.0,828,947,114,1775,1207729.468599,1055966.209081,563380.281690,0,1.0,serde,native,1,c4a54cdecc67,2857,9
rust,stream,document,100,78,prost,0.13.5,704,666,155,1370,1420454.545455,1501501.501502,729927.007299,0,1.0,message,adapted,1,c4a54cdecc67,2858,10
rust,stream,document,100,78,rmp-serde,1.3.1,476,858,333,1334,2100840.336134,1165501.165501,749625.187406,0,1.0,serde,adapted,1,c4a54cdecc67,2859,11
rust,stream,document,100,78,serde_json,1.0.150,1584,2843,460,4427,631313.131313,351741.118537,225886.604924,0,1.0,serde,native,1,c4a54cdecc67,2860,12
rust,stream,document,100,78,nanoserde,0.1.37,545,433,258,978,1834862.385321,2309468.822171,1022494.887526,0,1.0,direct,adapted,1,c4a54cdecc67,2861,13
rust,stream,document,100,78,bson,2.15.0,1254,2190,540,3444,797448.165869,456621.004566,290360.046458,0,1.0,serde,adapted,1,c4a54cdecc67,2862,14
rust,stream,document,100,78,simd-json,0.14.3,805,1668,460,2473,1242236.024845,599520.383693,404367.165386,0,1.0,serde,adapted,1,c4a54cdecc67,2863,15
rust,stream,document,100,79,rkyv,0.8.17,483,435,272,918,2070393.374741,2298850.574713,1089324.618736,0,1.0,archive,adapted,1,c4a54cdecc67,2864,0
rust,stream,document,100,79,bitcode,0.6.9,1535,974,122,2509,651465.798046,1026694.045175,398565.165405,0,1.0,serde,adapted,1,c4a54cdecc67,2865,1
rust,stream,document,100,79,ciborium,0.2.2,1351,2568,339,3919,740192.450037,389408.099688,255167.134473,0,1.0,serde,native,1,c4a54cdecc67,2866,2
rust,stream,document,100,79,postcard,1.1.3,354,340,114,694,2824858.757062,2941176.470588,1440922.190202,0,1.0,serde,adapted,1,c4a54cdecc67,2867,3
rust,stream,document,100,79,bson,2.15.0,1005,2040,540,3045,995024.875622,490196.078431,328407.224959,0,1.0,serde,adapted,1,c4a54cdecc67,2868,4
rust,stream,document,100,79,serde_avro_fast,2.1.0,773,756,114,1529,1293661.060802,1322751.322751,654022.236756,0,1.0,serde,native,1,c4a54cdecc67,2869,5
rust,stream,document,100,79,serde_json,1.0.150,1457,2614,460,4071,686341.798216,382555.470543,245639.891918,0,1.0,serde,native,1,c4a54cdecc67,2870,6
rust,stream,document,100,79,minicbor,0.25.1,546,624,133,1170,1831501.831502,1602564.102564,854700.854701,0,1.0,direct,adapted,1,c4a54cdecc67,2871,7
rust,stream,document,100,79,bincode,2.0.1,332,439,122,771,3012048.192771,2277904.328018,1297016.861219,0,1.0,serde,adapted,1,c4a54cdecc67,2872,8
rust,stream,document,100,79,rmp-serde,1.3.1,444,826,333,1270,2252252.252252,1210653.753027,787401.574803,0,1.0,serde,adapted,1,c4a54cdecc67,2873,9
rust,stream,document,100,79,speedy,0.8.7,194,232,214,426,5154639.175258,4310344.827586,2347417.840376,0,1.0,direct,adapted,1,c4a54cdecc67,2874,10
rust,stream,document,100,79,prost,0.13.5,620,593,155,1213,1612903.225806,1686340.640809,824402.308326,0,1.0,message,adapted,1,c4a54cdecc67,2875,11
rust,stream,document,100,79,simd-json,0.14.3,766,1520,460,2286,1305483.028721,657894.736842,437445.319335,0,1.0,serde,adapted,1,c4a54cdecc67,2876,12
rust,stream,document,100,79,flexbuffers,2.0.0,2921,1989,452,4910,342348.510784,502765.208648,203665.987780,0,1.0,serde,adapted,1,c4a54cdecc67,2877,13
rust,stream,document,100,79,nanoserde,0.1.37,445,374,258,819,2247191.011236,2673796.791444,1221001.221001,0,1.0,direct,adapted,1,c4a54cdecc67,2878,14
rust,stream,document,100,79,sonic-rs,0.3.17,752,1004,460,1756,1329787.234043,996015.936255,569476.082005,0,1.0,serde,adapted,1,c4a54cdecc67,2879,15
rust,stream,document,100,80,rkyv,0.8.17,410,386,272,796,2439024.390244,2590673.575130,1256281.407035,0,1.0,archive,adapted,1,c4a54cdecc67,2880,0
rust,stream,document,100,80,minicbor,0.25.1,491,614,133,1105,2036659.877800,1628664.495114,904977.375566,0,1.0,direct,adapted,1,c4a54cdecc67,2881,1
rust,stream,document,100,80,serde_avro_fast,2.1.0,800,828,114,1628,1250000.000000,1207729.468599,614250.614251,0,1.0,serde,native,1,c4a54cdecc67,2882,2
rust,stream,document,100,80,sonic-rs,0.3.17,635,915,460,1550,1574803.149606,1092896.174863,645161.290323,0,1.0,serde,adapted,1,c4a54cdecc67,2883,3
rust,stream,document,100,80,serde_json,1.0.150,1384,2702,460,4086,722543.352601,370096.225019,244738.130201,0,1.0,serde,native,1,c4a54cdecc67,2884,4
rust,stream,document,100,80,flexbuffers,2.0.0,2727,1771,452,4498,366703.337000,564652.738566,222321.031570,0,1.0,serde,adapted,1,c4a54cdecc67,2885,5
rust,stream,document,100,80,bson,2.15.0,1034,2133,540,3167,967117.988395,468823.253633,315756.236186,0,1.0,serde,adapted,1,c4a54cdecc67,2886,6
rust,stream,document,100,80,nanoserde,0.1.37,516,387,258,903,1937984.496124,2583979.328165,1107419.712071,0,1.0,direct,adapted,1,c4a54cdecc67,2887,7
rust,stream,document,100,80,bitcode,0.6.9,1744,1138,122,2882,573394.495413,878734.622144,346981.263012,0,1.0,serde,adapted,1,c4a54cdecc67,2888,8
rust,stream,document,100,80,bincode,2.0.1,366,412,122,778,2732240.437158,2427184.466019,1285347.043702,0,1.0,serde,adapted,1,c4a54cdecc67,2889,9
rust,stream,document,100,80,postcard,1.1.3,301,383,114,684,3322259.136213,2610966.057441,1461988.304094,0,1.0,serde,adapted,1,c4a54cdecc67,2890,10
rust,stream,document,100,80,speedy,0.8.7,207,241,214,448,4830917.874396,4149377.593361,2232142.857143,0,1.0,direct,adapted,1,c4a54cdecc67,2891,11
rust,stream,document,100,80,ciborium,0.2.2,1431,2381,339,3812,698812.019567,419991.600168,262329.485834,0,1.0,serde,native,1,c4a54cdecc67,2892,12
rust,stream,document,100,80,rmp-serde,1.3.1,410,821,333,1231,2439024.390244,1218026.796590,812347.684809,0,1.0,serde,adapted,1,c4a54cdecc67,2893,13
rust,stream,document,100,80,prost,0.13.5,732,726,155,1458,1366120.218579,1377410.468320,685871.056241,0,1.0,message,adapted,1,c4a54cdecc67,2894,14
rust,stream,document,100,80,simd-json,0.14.3,708,1537,460,2245,1412429.378531,650618.087183,445434.298441,0,1.0,serde,adapted,1,c4a54cdecc67,2895,15
rust,stream,document,100,81,speedy,0.8.7,104,248,214,352,9615384.615385,4032258.064516,2840909.090909,0,1.0,direct,adapted,1,c4a54cdecc67,2896,0
rust,stream,document,100,81,bincode,2.0.1,252,374,122,626,3968253.968254,2673796.791444,1597444.089457,0,1.0,serde,adapted,1,c4a54cdecc67,2897,1
rust,stream,document,100,81,prost,0.13.5,721,776,155,1497,1386962.552011,1288659.793814,668002.672011,0,1.0,message,adapted,1,c4a54cdecc67,2898,2
rust,stream,document,100,81,rkyv,0.8.17,502,371,272,873,1992031.872510,2695417.789757,1145475.372279,0,1.0,archive,adapted,1,c4a54cdecc67,2899,3
rust,stream,document,100,81,serde_avro_fast,2.1.0,772,812,114,1584,1295336.787565,1231527.093596,631313.131313,0,1.0,serde,native,1,c4a54cdecc67,2900,4
rust,stream,document,100,81,ciborium,0.2.2,1125,2305,339,3430,888888.888889,433839.479393,291545.189504,0,1.0,serde,native,1,c4a54cdecc67,2901,5
rust,stream,document,100,81,flexbuffers,2.0.0,2856,1819,452,4675,350140.056022,549752.611325,213903.743316,0,1.0,serde,adapted,1,c4a54cdecc67,2902,6
rust,stream,document,100,81,simd-json,0.14.3,659,1386,460,2045,1517450.682853,721500.721501,488997.555012,0,1.0,serde,adapted,1,c4a54cdecc67,2903,7
rust,stream,document,100,81,bson,2.15.0,1037,2266,540,3303,964320.154291,441306.266549,302755.071147,0,1.0,serde,adapted,1,c4a54cdecc67,2904,8
rust,stream,document,100,81,sonic-rs,0.3.17,630,908,460,1538,1587301.587302,1101321.585903,650195.058518,0,1.0,serde,adapted,1,c4a54cdecc67,2905,9
rust,stream,document,100,81,minicbor,0.25.1,487,600,133,1087,2053388.090349,1666666.666667,919963.201472,0,1.0,direct,adapted,1,c4a54cdecc67,2906,10
rust,stream,document,100,81,bitcode,0.6.9,1628,1017,122,2645,614250.614251,983284.169125,378071.833648,0,1.0,serde,adapted,1,c4a54cdecc67,2907,11
rust,stream,document,100,81,nanoserde,0.1.37,502,378,258,880,1992031.872510,2645502.645503,1136363.636364,0,1.0,direct,adapted,1,c4a54cdecc67,2908,12
rust,stream,document,100,81,postcard,1.1.3,249,391,114,640,4016064.257028,2557544.757033,1562500.000000,0,1.0,serde,adapted,1,c4a54cdecc67,2909,13
rust,stream,document,100,81,serde_json,1.0.150,1518,2674,460,4192,658761.528327,373971.578160,238549.618321,0,1.0,serde,native,1,c4a54cdecc67,2910,14
rust,stream,document,100,81,rmp-serde,1.3.1,410,901,333,1311,2439024.390244,1109877.913430,762776.506484,0,1.0,serde,adapted,1,c4a54cdecc67,2911,15
rust,stream,document,100,82,bitcode,0.6.9,1628,1218,122,2846,614250.614251,821018.062397,351370.344343,0,1.0,serde,adapted,1,c4a54cdecc67,2912,0
rust,stream,document,100,82,rkyv,0.8.17,544,388,272,932,1838235.294118,2577319.587629,1072961.373391,0,1.0,archive,adapted,1,c4a54cdecc67,2913,1
rust,stream,document,100,82,ciborium,0.2.2,1231,2334,339,3565,812347.684809,428449.014567,280504.908836,0,1.0,serde,native,1,c4a54cdecc67,2914,2
rust,stream,document,100,82,bson,2.15.0,1176,2187,540,3363,850340.136054,457247.370828,297353.553375,0,1.0,serde,adapted,1,c4a54cdecc67,2915,3
rust,stream,document,100,82,rmp-serde,1.3.1,438,701,333,1139,2283105.022831,1426533.523538,877963.125549,0,1.0,serde,adapted,1,c4a54cdecc67,2916,4
rust,stream,document,100,82,simd-json,0.14.3,823,1387,460,2210,1215066.828676,720980.533526,452488.687783,0,1.0,serde,adapted,1,c4a54cdecc67,2917,5
rust,stream,document,100,82,minicbor,0.25.1,534,607,133,1141,1872659.176030,1647446.457990,876424.189308,0,1.0,direct,adapted,1,c4a54cdecc67,2918,6
rust,stream,document,100,82,serde_avro_fast,2.1.0,855,815,114,1670,1169590.643275,1226993.865031,598802.395210,0,1.0,serde,native,1,c4a54cdecc67,2919,7
rust,stream,document,100,82,postcard,1.1.3,268,381,114,649,3731343.283582,2624671.916010,1540832.049307,0,1.0,serde,adapted,1,c4a54cdecc67,2920,8
rust,stream,document,100,82,speedy,0.8.7,192,269,214,461,5208333.333333,3717472.118959,2169197.396963,0,1.0,direct,adapted,1,c4a54cdecc67,2921,9
rust,stream,document,100,82,sonic-rs,0.3.17,628,968,460,1596,1592356.687898,1033057.851240,626566.416040,0,1.0,serde,adapted,1,c4a54cdecc67,2922,10
rust,stream,document,100,82,serde_json,1.0.150,1372,2703,460,4075,728862.973761,369959.304477,245398.773006,0,1.0,serde,native,1,c4a54cdecc67,2923,11
rust,stream,document,100,82,prost,0.13.5,816,708,155,1524,1225490.196078,1412429.378531,656167.979003,0,1.0,message,adapted,1,c4a54cdecc67,2924,12
rust,stream,document,100,82,bincode,2.0.1,300,442,122,742,3333333.333333,2262443.438914,1347708.894879,0,1.0,serde,adapted,1,c4a54cdecc67,2925,13
rust,stream,document,100,82,nanoserde,0.1.37,537,403,258,940,1862197.392924,2481389.578164,1063829.787234,0,1.0,direct,adapted,1,c4a54cdecc67,2926,14
rust,stream,document,100,82,flexbuffers,2.0.0,2896,1959,452,4855,345303.867403,510464.522716,205973.223481,0,1.0,serde,adapted,1,c4a54cdecc67,2927,15
rust,stream,document,100,83,sonic-rs,0.3.17,554,873,460,1427,1805054.151625,1145475.372279,700770.847933,0,1.0,serde,adapted,1,c4a54cdecc67,2928,0
rust,stream,document,100,83,minicbor,0.25.1,505,600,133,1105,1980198.019802,1666666.666667,904977.375566,0,1.0,direct,adapted,1,c4a54cdecc67,2929,1
rust,stream,document,100,83,simd-json,0.14.3,801,1417,460,2218,1248439.450687,705716.302047,450856.627592,0,1.0,serde,adapted,1,c4a54cdecc67,2930,2
rust,stream,document,100,83,bson,2.15.0,1055,2212,540,3267,947867.298578,452079.566004,306091.215182,0,1.0,serde,adapted,1,c4a54cdecc67,2931,3
rust,stream,document,100,83,speedy,0.8.7,228,246,214,474,4385964.912281,4065040.650407,2109704.641350,0,1.0,direct,adapted,1,c4a54cdecc67,2932,4
rust,stream,document,100,83,nanoserde,0.1.37,481,378,258,859,2079002.079002,2645502.645503,1164144.353900,0,1.0,direct,adapted,1,c4a54cdecc67,2933,5
rust,stream,document,100,83,bitcode,0.6.9,1628,1084,122,2712,614250.614251,922509.225092,368731.563422,0,1.0,serde,adapted,1,c4a54cdecc67,2934,6
rust,stream,document,100,83,serde_avro_fast,2.1.0,789,894,114,1683,1267427.122940,1118568.232662,594177.064765,0,1.0,serde,native,1,c4a54cdecc67,2935,7
rust,stream,document,100,83,rkyv,0.8.17,511,406,272,917,1956947.162427,2463054.187192,1090512.540894,0,1.0,archive,adapted,1,c4a54cdecc67,2936,8
rust,stream,document,100,83,rmp-serde,1.3.1,403,833,333,1236,2481389.578164,1200480.192077,809061.488673,0,1.0,serde,adapted,1,c4a54cdecc67,2937,9
rust,stream,document,100,83,prost,0.13.5,756,762,155,1518,1322751.322751,1312335.958005,658761.528327,0,1.0,message,adapted,1,c4a54cdecc67,2938,10
rust,stream,document,100,83,flexbuffers,2.0.0,2756,1852,452,4608,362844.702467,539956.803456,217013.888889,0,1.0,serde,adapted,1,c4a54cdecc67,2939,11
rust,stream,document,100,83,bincode,2.0.1,252,403,122,655,3968253.968254,2481389.578164,1526717.557252,0,1.0,serde,adapted,1,c4a54cdecc67,2940,12
rust,stream,document,100,83,postcard,1.1.3,287,472,114,759,3484320.557491,2118644.067797,1317523.056653,0,1.0,serde,adapted,1,c4a54cdecc67,2941,13
rust,stream,document,100,83,serde_json,1.0.150,1415,2717,460,4132,706713.780919,368052.999632,242013.552759,0,1.0,serde,native,1,c4a54cdecc67,2942,14
rust,stream,document,100,83,ciborium,0.2.2,1304,2568,339,3872,766871.165644,389408.099688,258264.462810,0,1.0,serde,native,1,c4a54cdecc67,2943,15
rust,stream,document,100,84,prost,0.13.5,853,649,155,1502,1172332.942556,1540832.049307,665778.961385,0,1.0,message,adapted,1,c4a54cdecc67,2944,0
rust,stream,document,100,84,serde_avro_fast,2.1.0,772,851,114,1623,1295336.787565,1175088.131610,616142.945163,0,1.0,serde,native,1,c4a54cdecc67,2945,1
rust,stream,document,100,84,serde_json,1.0.150,1410,2476,460,3886,709219.858156,403877.221325,257334.019557,0,1.0,serde,native,1,c4a54cdecc67,2946,2
rust,stream,document,100,84,simd-json,0.14.3,709,1425,460,2134,1410437.235543,701754.385965,468603.561387,0,1.0,serde,adapted,1,c4a54cdecc67,2947,3
rust,stream,document,100,84,ciborium,0.2.2,1110,2122,339,3232,900900.900901,471253.534402,309405.940594,0,1.0,serde,native,1,c4a54cdecc67,2948,4
rust,stream,document,100,84,postcard,1.1.3,259,328,114,587,3861003.861004,3048780.487805,1703577.512777,0,1.0,serde,adapted,1,c4a54cdecc67,2949,5
rust,stream,document,100,84,sonic-rs,0.3.17,595,884,460,1479,1680672.268908,1131221.719457,676132.521974,0,1.0,serde,adapted,1,c4a54cdecc67,2950,6
rust,stream,document,100,84,nanoserde,0.1.37,485,362,258,847,2061855.670103,2762430.939227,1180637.544274,0,1.0,direct,adapted,1,c4a54cdecc67,2951,7
rust,stream,document,100,84,speedy,0.8.7,190,272,214,462,5263157.894737,3676470.588235,2164502.164502,0,1.0,direct,adapted,1,c4a54cdecc67,2952,8
rust,stream,document,100,84,rkyv,0.8.17,550,339,272,889,1818181.818182,2949852.507375,1124859.392576,0,1.0,archive,adapted,1,c4a54cdecc67,2953,9
rust,stream,document,100,84,bincode,2.0.1,237,461,122,698,4219409.282700,2169197.396963,1432664.756447,0,1.0,serde,adapted,1,c4a54cdecc67,2954,10
rust,stream,document,100,84,bson,2.15.0,1187,2134,540,3321,842459.983151,468603.561387,301114.122252,0,1.0,serde,adapted,1,c4a54cdecc67,2955,11
rust,stream,document,100,84,minicbor,0.25.1,543,684,133,1227,1841620.626151,1461988.304094,814995.925020,0,1.0,direct,adapted,1,c4a54cdecc67,2956,12
rust,stream,document,100,84,bitcode,0.6.9,1556,1027,122,2583,642673.521851,973709.834469,387146.728610,0,1.0,serde,adapted,1,c4a54cdecc67,2957,13
rust,stream,document,100,84,rmp-serde,1.3.1,457,800,333,1257,2188183.807440,1250000.000000,795544.948290,0,1.0,serde,adapted,1,c4a54cdecc67,2958,14
rust,stream,document,100,84,flexbuffers,2.0.0,2864,1818,452,4682,349162.011173,550055.005501,213583.938488,0,1.0,serde,adapted,1,c4a54cdecc67,2959,15
rust,stream,document,100,85,bincode,2.0.1,193,530,122,723,5181347.150259,1886792.452830,1383125.864454,0,1.0,serde,adapted,1,c4a54cdecc67,2960,0
rust,stream,document,100,85,nanoserde,0.1.37,466,399,258,865,2145922.746781,2506265.664160,1156069.364162,0,1.0,direct,adapted,1,c4a54cdecc67,2961,1
rust,stream,document,100,85,rmp-serde,1.3.1,389,731,333,1120,2570694.087404,1367989.056088,892857.142857,0,1.0,serde,adapted,1,c4a54cdecc67,2962,2
rust,stream,document,100,85,flexbuffers,2.0.0,2581,1739,452,4320,387446.726075,575043.128235,231481.481481,0,1.0,serde,adapted,1,c4a54cdecc67,2963,3
rust,stream,document,100,85,ciborium,0.2.2,1204,2310,339,3514,830564.784053,432900.432900,284575.981787,0,1.0,serde,native,1,c4a54cdecc67,2964,4
rust,stream,document,100,85,postcard,1.1.3,312,360,114,672,3205128.205128,2777777.777778,1488095.238095,0,1.0,serde,adapted,1,c4a54cdecc67,2965,5
rust,stream,document,100,85,prost,0.13.5,657,642,155,1299,1522070.015221,1557632.398754,769822.940724,0,1.0,message,adapted,1,c4a54cdecc67,2966,6
rust,stream,document,100,85,bson,2.15.0,1098,2102,540,3200,910746.812386,475737.392959,312500.000000,0,1.0,serde,adapted,1,c4a54cdecc67,2967,7
rust,stream,document,100,85,minicbor,0.25.1,533,589,133,1122,1876172.607880,1697792.869270,891265.597148,0,1.0,direct,adapted,1,c4a54cdecc67,2968,8
rust,stream,document,100,85,serde_json,1.0.150,1517,2583,460,4100,659195.781147,387146.728610,243902.439024,0,1.0,serde,native,1,c4a54cdecc67,2969,9
rust,stream,document,100,85,simd-json,0.14.3,740,1437,460,2177,1351351.351351,695894.224078,459347.726229,0,1.0,serde,adapted,1,c4a54cdecc67,2970,10
rust,stream,document,100,85,serde_avro_fast,2.1.0,839,818,114,1657,1191895.113230,1222493.887531,603500.301750,0,1.0,serde,native,1,c4a54cdecc67,2971,11
rust,stream,document,100,85,speedy,0.8.7,218,236,214,454,4587155.963303,4237288.135593,2202643.171806,0,1.0,direct,adapted,1,c4a54cdecc67,2972,12
rust,stream,document,100,85,sonic-rs,0.3.17,605,923,460,1528,1652892.561983,1083423.618635,654450.261780,0,1.0,serde,adapted,1,c4a54cdecc67,2973,13
rust,stream,document,100,85,rkyv,0.8.17,538,347,272,885,1858736.059480,2881844.380403,1129943.502825,0,1.0,archive,adapted,1,c4a54cdecc67,2974,14
rust,stream,document,100,85,bitcode,0.6.9,1817,1105,122,2922,550357.732526,904977.375566,342231.348392,0,1.0,serde,adapted,1,c4a54cdecc67,2975,15
rust,stream,document,100,86,bitcode,0.6.9,1378,892,122,2270,725689.404935,1121076.233184,440528.634361,0,1.0,serde,adapted,1,c4a54cdecc67,2976,0
rust,stream,document,100,86,serde_avro_fast,2.1.0,732,845,114,1577,1366120.218579,1183431.952663,634115.409004,0,1.0,serde,native,1,c4a54cdecc67,2977,1
rust,stream,document,100,86,rkyv,0.8.17,404,300,272,704,2475247.524752,3333333.333333,1420454.545455,0,1.0,archive,adapted,1,c4a54cdecc67,2978,2
rust,stream,document,100,86,bson,2.15.0,1026,2131,540,3157,974658.869396,469263.256687,316756.414317,0,1.0,serde,adapted,1,c4a54cdecc67,2979,3
rust,stream,document,100,86,rmp-serde,1.3.1,426,792,333,1218,2347417.840376,1262626.262626,821018.062397,0,1.0,serde,adapted,1,c4a54cdecc67,2980,4
rust,stream,document,100,86,bincode,2.0.1,331,408,122,739,3021148.036254,2450980.392157,1353179.972936,0,1.0,serde,adapted,1,c4a54cdecc67,2981,5
rust,stream,document,100,86,serde_json,1.0.150,1375,3220,460,4595,727272.727273,310559.006211,217627.856366,0,1.0,serde,native,1,c4a54cdecc67,2982,6
rust,stream,document,100,86,simd-json,0.14.3,927,1332,460,2259,1078748.651564,750750.750751,442673.749447,0,1.0,serde,adapted,1,c4a54cdecc67,2983,7
rust,stream,document,100,86,minicbor,0.25.1,461,508,133,969,2169197.396963,1968503.937008,1031991.744066,0,1.0,direct,adapted,1,c4a54cdecc67,2984,8
rust,stream,document,100,86,postcard,1.1.3,254,346,114,600,3937007.874016,2890173.410405,1666666.666667,0,1.0,serde,adapted,1,c4a54cdecc67,2985,9
rust,stream,document,100,86,prost,0.13.5,682,671,155,1353,1466275.659824,1490312.965723,739098.300074,0,1.0,message,adapted,1,c4a54cdecc67,2986,10
rust,stream,document,100,86,sonic-rs,0.3.17,701,839,460,1540,1426533.523538,1191895.113230,649350.649351,0,1.0,serde,adapted,1,c4a54cdecc67,2987,11
rust,stream,document,100,86,flexbuffers,2.0.0,2905,1748,452,4653,344234.079174,572082.379863,214915.108532,0,1.0,serde,adapted,1,c4a54cdecc67,2988,12
rust,stream,document,100,86,speedy,0.8.7,192,255,214,447,5208333.333333,3921568.627451,2237136.465324,0,1.0,direct,adapted,1,c4a54cdecc67,2989,13
rust,stream,document,100,86,nanoserde,0.1.37,509,383,258,892,1964636.542240,2610966.057441,1121076.233184,0,1.0,direct,adapted,1,c4a54cdecc67,2990,14
rust,stream,document,100,86,ciborium,0.2.2,1372,2328,339,3700,728862.973761,429553.264605,270270.270270,0,1.0,serde,native,1,c4a54cdecc67,2991,15
rust,stream,document,100,87,serde_avro_fast,2.1.0,765,879,114,1644,1307189.542484,1137656.427759,608272.506083,0,1.0,serde,native,1,c4a54cdecc67,2992,0
rust,stream,document,100,87,nanoserde,0.1.37,517,397,258,914,1934235.976789,2518891.687657,1094091.903720,0,1.0,direct,adapted,1,c4a54cdecc67,2993,1
rust,stream,document,100,87,bson,2.15.0,1131,2210,540,3341,884173.297966,452488.687783,299311.583358,0,1.0,serde,adapted,1,c4a54cdecc67,2994,2
rust,stream,document,100,87,sonic-rs,0.3.17,645,890,460,1535,1550387.596899,1123595.505618,651465.798046,0,1.0,serde,adapted,1,c4a54cdecc67,2995,3
rust,stream,document,100,87,serde_json,1.0.150,1378,3113,460,4491,725689.404935,321233.536781,222667.557337,0,1.0,serde,native,1,c4a54cdecc67,2996,4
rust,stream,document,100,87,postcard,1.1.3,341,345,114,686,2932551.319648,2898550.724638,1457725.947522,0,1.0,serde,adapted,1,c4a54cdecc67,2997,5
rust,stream,document,100,87,rmp-serde,1.3.1,376,858,333,1234,2659574.468085,1165501.165501,810372.771475,0,1.0,serde,adapted,1,c4a54cdecc67,2998,6
rust,stream,document,100,87,minicbor,0.25.1,453,576,133,1029,2207505.518764,1736111.111111,971817.298348,0,1.0,direct,adapted,1,c4a54cdecc67,2999,7
rust,stream,document,100,87,flexbuffers,2.0.0,2817,1852,452,4669,354987.575435,539956.803456,214178.624973,0,1.0,serde,adapted,1,c4a54cdecc67,3000,8
rust,stream,document,100,87,bincode,2.0.1,272,615,122,887,3676470.588235,1626016.260163,1127395.715896,0,1.0,serde,adapted,1,c4a54cdecc67,3001,9
rust,stream,document,100,87,ciborium,0.2.2,1161,2202,339,3363,861326.442722,454132.606721,297353.553375,0,1.0,serde,native,1,c4a54cdecc67,3002,10
rust,stream,document,100,87,simd-json,0.14.3,894,1457,460,2351,1118568.232662,686341.798216,425350.914504,0,1.0,serde,adapted,1,c4a54cdecc67,3003,11
rust,stream,document,100,87,speedy,0.8.7,134,251,214,385,7462686.567164,3984063.745020,2597402.597403,0,1.0,direct,adapted,1,c4a54cdecc67,3004,12
rust,stream,document,100,87,rkyv,0.8.17,448,356,272,804,2232142.857143,2808988.764045,1243781.094527,0,1.0,archive,adapted,1,c4a54cdecc67,3005,13
rust,stream,document,100,87,prost,0.13.5,680,651,155,1331,1470588.235294,1536098.310292,751314.800902,0,1.0,message,adapted,1,c4a54cdecc67,3006,14
rust,stream,document,100,87,bitcode,0.6.9,1691,1024,122,2715,591366.055588,976562.500000,368324.125230,0,1.0,serde,adapted,1,c4a54cdecc67,3007,15
rust,stream,document,100,88,bson,2.15.0,992,2139,540,3131,1008064.516129,467508.181393,319386.777387,0,1.0,serde,adapted,1,c4a54cdecc67,3008,0
rust,stream,document,100,88,ciborium,0.2.2,1119,2326,339,3445,893655.049151,429922.613929,290275.761974,0,1.0,serde,native,1,c4a54cdecc67,3009,1
rust,stream,document,100,88,postcard,1.1.3,343,343,114,686,2915451.895044,2915451.895044,1457725.947522,0,1.0,serde,adapted,1,c4a54cdecc67,3010,2
rust,stream,document,100,88,serde_avro_fast,2.1.0,833,850,114,1683,1200480.192077,1176470.588235,594177.064765,0,1.0,serde,native,1,c4a54cdecc67,3011,3
rust,stream,document,100,88,serde_json,1.0.150,1473,2763,460,4236,678886.625933,361925.443359,236071.765817,0,1.0,serde,native,1,c4a54cdecc67,3012,4
rust,stream,document,100,88,nanoserde,0.1.37,566,377,258,943,1766784.452297,2652519.893899,1060445.387063,0,1.0,direct,adapted,1,c4a54cdecc67,3013,5
rust,stream,document,100,88,minicbor,0.25.1,492,557,133,1049,2032520.325203,1795332.136445,953288.846520,0,1.0,direct,adapted,1,c4a54cdecc67,3014,6
rust,stream,document,100,88,simd-json,0.14.3,879,1379,460,2258,1137656.427759,725163.161711,442869.796280,0,1.0,serde,adapted,1,c4a54cdecc67,3015,7
rust,stream,document,100,88,rmp-serde,1.3.1,447,821,333,1268,2237136.465324,1218026.796590,788643.533123,0,1.0,serde,adapted,1,c4a54cdecc67,3016,8
rust,stream,document,100,88,bincode,2.0.1,274,403,122,677,3649635.036496,2481389.578164,1477104.874446,0,1.0,serde,adapted,1,c4a54cdecc67,3017,9
rust,stream,document,100,88,speedy,0.8.7,171,248,214,419,5847953.216374,4032258.064516,2386634.844869,0,1.0,direct,adapted,1,c4a54cdecc67,3018,10
rust,stream,document,100,88,sonic-rs,0.3.17,739,933,460,1672,1353179.972936,1071811.361200,598086.124402,0,1.0,serde,adapted,1,c4a54cdecc67,3019,11
rust,stream,document,100,88,rkyv,0.8.17,491,357,272,848,2036659.877800,2801120.448179,1179245.283019,0,1.0,archive,adapted,1,c4a54cdecc67,3020,12
rust,stream,document,100,88,prost,0.13.5,625,652,155,1277,1600000.000000,1533742.331288,783085.356304,0,1.0,message,adapted,1,c4a54cdecc67,3021,13
rust,stream,document,100,88,flexbuffers,2.0.0,2758,1799,452,4557,362581.580856,555864.369094,219442.615756,0,1.0,serde,adapted,1,c4a54cdecc67,3022,14
rust,stream,document,100,88,bitcode,0.6.9,1496,921,122,2417,668449.197861,1085776.330076,413736.036409,0,1.0,serde,adapted,1,c4a54cdecc67,3023,15
rust,stream,document,100,89,minicbor,0.25.1,421,682,133,1103,2375296.912114,1466275.659824,906618.313690,0,1.0,direct,adapted,1,c4a54cdecc67,3024,0
rust,stream,document,100,89,bson,2.15.0,1067,2164,540,3231,937207.122774,462107.208872,309501.702259,0,1.0,serde,adapted,1,c4a54cdecc67,3025,1
rust,stream,document,100,89,serde_json,1.0.150,1482,2722,460,4204,674763.832659,367376.928729,237868.696480,0,1.0,serde,native,1,c4a54cdecc67,3026,2
rust,stream,document,100,89,nanoserde,0.1.37,591,374,258,965,1692047.377327,2673796.791444,1036269.430052,0,1.0,direct,adapted,1,c4a54cdecc67,3027,3
rust,stream,document,100,89,prost,0.13.5,614,611,155,1225,1628664.495114,1636661.211129,816326.530612,0,1.0,message,adapted,1,c4a54cdecc67,3028,4
rust,stream,document,100,89,simd-json,0.14.3,686,1312,460,1998,1457725.947522,762195.121951,500500.500501,0,1.0,serde,adapted,1,c4a54cdecc67,3029,5
rust,stream,document,100,89,serde_avro_fast,2.1.0,826,829,114,1655,1210653.753027,1206272.617612,604229.607251,0,1.0,serde,native,1,c4a54cdecc67,3030,6
rust,stream,document,100,89,ciborium,0.2.2,1378,2396,339,3774,725689.404935,417362.270451,264970.853206,0,1.0,serde,native,1,c4a54cdecc67,3031,7
rust,stream,document,100,89,bincode,2.0.1,318,423,122,741,3144654.088050,2364066.193853,1349527.665317,0,1.0,serde,adapted,1,c4a54cdecc67,3032,8
rust,stream,document,100,89,postcard,1.1.3,321,378,114,699,3115264.797508,2645502.645503,1430615.164521,0,1.0,serde,adapted,1,c4a54cdecc67,3033,9
rust,stream,document,100,89,sonic-rs,0.3.17,732,862,460,1594,1366120.218579,1160092.807425,627352.572146,0,1.0,serde,adapted,1,c4a54cdecc67,3034,10
rust,stream,document,100,89,rmp-serde,1.3.1,423,855,333,1278,2364066.193853,1169590.643275,782472.613459,0,1.0,serde,adapted,1,c4a54cdecc67,3035,11
rust,stream,document,100,89,rkyv,0.8.17,413,304,272,717,2421307.506053,3289473.684211,1394700.139470,0,1.0,archive,adapted,1,c4a54cdecc67,3036,12
rust,stream,document,100,89,speedy,0.8.7,168,253,214,421,5952380.952381,3952569.169960,2375296.912114,0,1.0,direct,adapted,1,c4a54cdecc67,3037,13
rust,stream,document,100,89,bitcode,0.6.9,1344,877,122,2221,744047.619048,1140250.855188,450247.636200,0,1.0,serde,adapted,1,c4a54cdecc67,3038,14
rust,stream,document,100,89,flexbuffers,2.0.0,2760,1801,452,4561,362318.840580,555247.084953,219250.164438,0,1.0,serde,adapted,1,c4a54cdecc67,3039,15
rust,stream,document,100,90,bitcode,0.6.9,1720,941,122,2661,581395.348837,1062699.256111,375798.571965,0,1.0,serde,adapted,1,c4a54cdecc67,3040,0
rust,stream,document,100,90,bincode,2.0.1,308,552,122,860,3246753.246753,1811594.202899,1162790.697674,0,1.0,serde,adapted,1,c4a54cdecc67,3041,1
rust,stream,document,100,90,bson,2.15.0,1092,2136,540,3228,915750.915751,468164.794007,309789.343247,0,1.0,serde,adapted,1,c4a54cdecc67,3042,2
rust,stream,document,100,90,ciborium,0.2.2,1227,2161,339,3388,814995.925020,462748.727441,295159.386068,0,1.0,serde,native,1,c4a54cdecc67,3043,3
rust,stream,document,100,90,simd-json,0.14.3,852,1383,460,2235,1173708.920188,723065.798988,447427.293065,0,1.0,serde,adapted,1,c4a54cdecc67,3044,4
rust,stream,document,100,90,minicbor,0.25.1,479,532,133,1011,2087682.672234,1879699.248120,989119.683482,0,1.0,direct,adapted,1,c4a54cdecc67,3045,5
rust,stream,document,100,90,nanoserde,0.1.37,446,357,258,803,2242152.466368,2801120.448179,1245330.012453,0,1.0,direct,adapted,1,c4a54cdecc67,3046,6
rust,stream,document,100,90,flexbuffers,2.0.0,2655,1603,452,4258,376647.834275,623830.318153,234852.043213,0,1.0,serde,adapted,1,c4a54cdecc67,3047,7
rust,stream,document,100,90,serde_json,1.0.150,1496,3529,460,5025,668449.197861,283366.392746,199004.975124,0,1.0,serde,native,1,c4a54cdecc67,3048,8
rust,stream,document,100,90,prost,0.13.5,677,637,155,1314,1477104.874446,1569858.712716,761035.007610,0,1.0,message,adapted,1,c4a54cdecc67,3049,9
rust,stream,document,100,90,serde_avro_fast,2.1.0,826,863,114,1689,1210653.753027,1158748.551564,592066.311427,0,1.0,serde,native,1,c4a54cdecc67,3050,10
rust,stream,document,100,90,speedy,0.8.7,180,236,214,416,5555555.555556,4237288.135593,2403846.153846,0,1.0,direct,adapted,1,c4a54cdecc67,3051,11
rust,stream,document,100,90,postcard,1.1.3,250,456,114,706,4000000.000000,2192982.456140,1416430.594901,0,1.0,serde,adapted,1,c4a54cdecc67,3052,12
rust,stream,document,100,90,rkyv,0.8.17,428,284,272,712,2336448.598131,3521126.760563,1404494.382022,0,1.0,archive,adapted,1,c4a54cdecc67,3053,13
rust,stream,document,100,90,sonic-rs,0.3.17,577,908,460,1485,1733102.253033,1101321.585903,673400.673401,0,1.0,serde,adapted,1,c4a54cdecc67,3054,14
rust,stream,document,100,90,rmp-serde,1.3.1,390,855,333,1245,2564102.564103,1169590.643275,803212.851406,0,1.0,serde,adapted,1,c4a54cdecc67,3055,15
rust,stream,document,100,91,rmp-serde,1.3.1,370,929,333,1299,2702702.702703,1076426.264801,769822.940724,0,1.0,serde,adapted,1,c4a54cdecc67,3056,0
rust,stream,document,100,91,bson,2.15.0,1093,2099,540,3192,914913.083257,476417.341591,313283.208020,0,1.0,serde,adapted,1,c4a54cdecc67,3057,1
rust,stream,document,100,91,ciborium,0.2.2,1307,2611,339,3918,765110.941086,382995.021065,255232.261358,0,1.0,serde,native,1,c4a54cdecc67,3058,2
rust,stream,document,100,91,serde_avro_fast,2.1.0,762,852,114,1614,1312335.958005,1173708.920188,619578.686493,0,1.0,serde,native,1,c4a54cdecc67,3059,3
rust,stream,document,100,91,flexbuffers,2.0.0,2676,1758,452,4434,373692.077728,568828.213879,225529.995489,0,1.0,serde,adapted,1,c4a54cdecc67,3060,4
rust,stream,document,100,91,minicbor,0.25.1,479,551,133,1030,2087682.672234,1814882.032668,970873.786408,0,1.0,direct,adapted,1,c4a54cdecc67,3061,5
rust,stream,document,100,91,bitcode,0.6.9,1500,965,122,2465,666666.666667,1036269.430052,405679.513185,0,1.0,serde,adapted,1,c4a54cdecc67,3062,6
rust,stream,document,100,91,speedy,0.8.7,226,226,214,452,4424778.761062,4424778.761062,2212389.380531,0,1.0,direct,adapted,1,c4a54cdecc67,3063,7
rust,stream,document,100,91,bincode,2.0.1,269,480,122,749,3717472.118959,2083333.333333,1335113.484646,0,1.0,serde,adapted,1,c4a54cdecc67,3064,8
rust,stream,document,100,91,serde_json,1.0.150,1471,3519,460,4990,679809.653297,284171.639670,200400.801603,0,1.0,serde,native,1,c4a54cdecc67,3065,9
rust,stream,document,100,91,sonic-rs,0.3.17,764,831,460,1595,1308900.523560,1203369.434416,626959.247649,0,1.0,serde,adapted,1,c4a54cdecc67,3066,10
rust,stream,document,100,91,postcard,1.1.3,257,376,114,633,3891050.583658,2659574.468085,1579778.830964,0,1.0,serde,adapted,1,c4a54cdecc67,3067,11
rust,stream,document,100,91,nanoserde,0.1.37,462,359,258,821,2164502.164502,2785515.320334,1218026.796590,0,1.0,direct,adapted,1,c4a54cdecc67,3068,12
rust,stream,document,100,91,simd-json,0.14.3,734,1469,460,2203,1362397.820163,680735.194010,453926.463913,0,1.0,serde,adapted,1,c4a54cdecc67,3069,13
rust,stream,document,100,91,prost,0.13.5,671,607,155,1278,1490312.965723,1647446.457990,782472.613459,0,1.0,message,adapted,1,c4a54cdecc67,3070,14
rust,stream,document,100,91,rkyv,0.8.17,464,306,272,770,2155172.413793,3267973.856209,1298701.298701,0,1.0,archive,adapted,1,c4a54cdecc67,3071,15
rust,stream,document,100,92,postcard,1.1.3,179,509,114,688,5586592.178771,1964636.542240,1453488.372093,0,1.0,serde,adapted,1,c4a54cdecc67,3072,0
rust,stream,document,100,92,bson,2.15.0,1033,2087,540,3120,968054.211036,479156.684236,320512.820513,0,1.0,serde,adapted,1,c4a54cdecc67,3073,1
rust,stream,document,100,92,serde_json,1.0.150,1368,2778,460,4146,730994.152047,359971.202304,241196.333816,0,1.0,serde,native,1,c4a54cdecc67,3074,2
rust,stream,document,100,92,rkyv,0.8.17,596,271,272,867,1677852.348993,3690036.900369,1153402.537486,0,1.0,archive,adapted,1,c4a54cdecc67,3075,3
rust,stream,document,100,92,flexbuffers,2.0.0,2645,1790,452,4435,378071.833648,558659.217877,225479.143179,0,1.0,serde,adapted,1,c4a54cdecc67,3076,4
rust,stream,document,100,92,ciborium,0.2.2,1333,2212,339,3545,750187.546887,452079.566004,282087.447109,0,1.0,serde,native,1,c4a54cdecc67,3077,5
rust,stream,document,100,92,bincode,2.0.1,317,410,122,727,3154574.132492,2439024.390244,1375515.818432,0,1.0,serde,adapted,1,c4a54cdecc67,3078,6
rust,stream,document,100,92,speedy,0.8.7,246,252,214,498,4065040.650407,3968253.968254,2008032.128514,0,1.0,direct,adapted,1,c4a54cdecc67,3079,7
rust,stream,document,100,92,simd-json,0.14.3,706,1366,460,2072,1416430.594901,732064.421669,482625.482625,0,1.0,serde,adapted,1,c4a54cdecc67,3080,8
rust,stream,document,100,92,minicbor,0.25.1,483,582,133,1065,2070393.374741,1718213.058419,938967.136150,0,1.0,direct,adapted,1,c4a54cdecc67,3081,9
rust,stream,document,100,92,sonic-rs,0.3.17,639,812,460,1451,1564945.226917,1231527.093596,689179.875948,0,1.0,serde,adapted,1,c4a54cdecc67,3082,10
rust,stream,document,100,92,prost,0.13.5,588,589,155,1177,1700680.272109,1697792.869270,849617.672048,0,1.0,message,adapted,1,c4a54cdecc67,3083,11
rust,stream,document,100,92,rmp-serde,1.3.1,416,888,333,1304,2403846.153846,1126126.126126,766871.165644,0,1.0,serde,adapted,1,c4a54cdecc67,3084,12
rust,stream,document,100,92,nanoserde,0.1.37,477,334,258,811,2096436.058700,2994011.976048,1233045.622688,0,1.0,direct,adapted,1,c4a54cdecc67,3085,13
rust,stream,document,100,92,serde_avro_fast,2.1.0,864,880,114,1744,1157407.407407,1136363.636364,573394.495413,0,1.0,serde,native,1,c4a54cdecc67,3086,14
rust,stream,document,100,92,bitcode,0.6.9,1569,877,122,2446,637348.629700,1140250.855188,408830.744072,0,1.0,serde,adapted,1,c4a54cdecc67,3087,15
rust,stream,document,100,93,serde_avro_fast,2.1.0,716,703,114,1419,1396648.044693,1422475.106686,704721.634954,0,1.0,serde,native,1,c4a54cdecc67,3088,0
rust,stream,document,100,93,serde_json,1.0.150,1442,2734,460,4176,693481.276006,365764.447696,239463.601533,0,1.0,serde,native,1,c4a54cdecc67,3089,1
rust,stream,document,100,93,prost,0.13.5,742,718,155,1460,1347708.894879,1392757.660167,684931.506849,0,1.0,message,adapted,1,c4a54cdecc67,3090,2
rust,stream,document,100,93,speedy,0.8.7,187,238,214,425,5347593.582888,4201680.672269,2352941.176471,0,1.0,direct,adapted,1,c4a54cdecc67,3091,3
rust,stream,document,100,93,bitcode,0.6.9,1337,826,122,2163,747943.156320,1210653.753027,462320.850670,0,1.0,serde,adapted,1,c4a54cdecc67,3092,4
rust,stream,document,100,93,flexbuffers,2.0.0,2892,1817,452,4709,345781.466113,550357.732526,212359.311956,0,1.0,serde,adapted,1,c4a54cdecc67,3093,5
rust,stream,document,100,93,postcard,1.1.3,257,411,114,668,3891050.583658,2433090.024331,1497005.988024,0,1.0,serde,adapted,1,c4a54cdecc67,3094,6
rust,stream,document,100,93,simd-json,0.14.3,747,1468,460,2215,1338688.085676,681198.910082,451467.268623,0,1.0,serde,adapted,1,c4a54cdecc67,3095,7
rust,stream,document,100,93,bson,2.15.0,1125,2212,540,3337,888888.888889,452079.566004,299670.362601,0,1.0,serde,adapted,1,c4a54cdecc67,3096,8
rust,stream,document,100,93,minicbor,0.25.1,523,612,133,1135,1912045.889101,1633986.928105,881057.268722,0,1.0,direct,adapted,1,c4a54cdecc67,3097,9
rust,stream,document,100,93,rkyv,0.8.17,520,327,272,847,1923076.923077,3058103.975535,1180637.544274,0,1.0,archive,adapted,1,c4a54cdecc67,3098,10
rust,stream,document,100,93,sonic-rs,0.3.17,751,949,460,1700,1331557.922770,1053740.779768,588235.294118,0,1.0,serde,adapted,1,c4a54cdecc67,3099,11
rust,stream,document,100,93,bincode,2.0.1,370,481,122,851,2702702.702703,2079002.079002,1175088.131610,0,1.0,serde,adapted,1,c4a54cdecc67,3100,12
rust,stream,document,100,93,nanoserde,0.1.37,570,387,258,957,1754385.964912,2583979.328165,1044932.079415,0,1.0,direct,adapted,1,c4a54cdecc67,3101,13
rust,stream,document,100,93,ciborium,0.2.2,1370,2447,339,3817,729927.007299,408663.669800,261985.852764,0,1.0,serde,native,1,c4a54cdecc67,3102,14
rust,stream,document,100,93,rmp-serde,1.3.1,463,1923,333,2386,2159827.213823,520020.800832,419111.483655,0,1.0,serde,adapted,1,c4a54cdecc67,3103,15
rust,stream,document,100,94,rkyv,0.8.17,353,349,272,702,2832861.189802,2865329.512894,1424501.424501,0,1.0,archive,adapted,1,c4a54cdecc67,3104,0
rust,stream,document,100,94,serde_avro_fast,2.1.0,821,813,114,1634,1218026.796590,1230012.300123,611995.104039,0,1.0,serde,native,1,c4a54cdecc67,3105,1
rust,stream,document,100,94,flexbuffers,2.0.0,2703,1804,452,4507,369959.304477,554323.725055,221877.080098,0,1.0,serde,adapted,1,c4a54cdecc67,3106,2
rust,stream,document,100,94,rmp-serde,1.3.1,390,742,333,1132,2564102.564103,1347708.894879,883392.226148,0,1.0,serde,adapted,1,c4a54cdecc67,3107,3
rust,stream,document,100,94,simd-json,0.14.3,776,1439,460,2215,1288659.793814,694927.032662,451467.268623,0,1.0,serde,adapted,1,c4a54cdecc67,3108,4
rust,stream,document,100,94,nanoserde,0.1.37,468,392,258,860,2136752.136752,2551020.408163,1162790.697674,0,1.0,direct,adapted,1,c4a54cdecc67,3109,5
rust,stream,document,100,94,bitcode,0.6.9,1527,982,122,2509,654878.847413,1018329.938900,398565.165405,0,1.0,serde,adapted,1,c4a54cdecc67,3110,6
rust,stream,document,100,94,serde_json,1.0.150,1552,2752,460,4304,644329.896907,363372.093023,232342.007435,0,1.0,serde,native,1,c4a54cdecc67,3111,7
rust,stream,document,100,94,ciborium,0.2.2,1243,2217,339,3460,804505.229284,451059.990979,289017.341040,0,1.0,serde,native,1,c4a54cdecc67,3112,8
rust,stream,document,100,94,minicbor,0.25.1,672,519,133,1191,1488095.238095,1926782.273603,839630.562552,0,1.0,direct,adapted,1,c4a54cdecc67,3113,9
rust,stream,document,100,94,bincode,2.0.1,263,426,122,689,3802281.368821,2347417.840376,1451378.809869,0,1.0,serde,adapted,1,c4a54cdecc67,3114,10
rust,stream,document,100,94,speedy,0.8.7,207,216,214,423,4830917.874396,4629629.629630,2364066.193853,0,1.0,direct,adapted,1,c4a54cdecc67,3115,11
rust,stream,document,100,94,prost,0.13.5,650,613,155,1263,1538461.538462,1631321.370310,791765.637371,0,1.0,message,adapted,1,c4a54cdecc67,3116,12
rust,stream,document,100,94,postcard,1.1.3,230,393,114,623,4347826.086957,2544529.262087,1605136.436597,0,1.0,serde,adapted,1,c4a54cdecc67,3117,13
rust,stream,document,100,94,bson,2.15.0,1138,2159,540,3297,878734.622144,463177.396943,303306.035790,0,1.0,serde,adapted,1,c4a54cdecc67,3118,14
rust,stream,document,100,94,sonic-rs,0.3.17,637,900,460,1537,1569858.712716,1111111.111111,650618.087183,0,1.0,serde,adapted,1,c4a54cdecc67,3119,15
rust,stream,document,100,95,minicbor,0.25.1,402,545,133,947,2487562.189055,1834862.385321,1055966.209081,0,1.0,direct,adapted,1,c4a54cdecc67,3120,0
rust,stream,document,100,95,serde_json,1.0.150,1399,2773,460,4172,714796.283059,360620.266859,239693.192713,0,1.0,serde,native,1,c4a54cdecc67,3121,1
rust,stream,document,100,95,prost,0.13.5,727,553,155,1280,1375515.818432,1808318.264014,781250.000000,0,1.0,message,adapted,1,c4a54cdecc67,3122,2
rust,stream,document,100,95,bson,2.15.0,986,1889,540,2875,1014198.782961,529380.624669,347826.086957,0,1.0,serde,adapted,1,c4a54cdecc67,3123,3
rust,stream,document,100,95,sonic-rs,0.3.17,544,827,460,1371,1838235.294118,1209189.842805,729394.602480,0,1.0,serde,adapted,1,c4a54cdecc67,3124,4
rust,stream,document,100,95,flexbuffers,2.0.0,2601,1809,452,4410,384467.512495,552791.597568,226757.369615,0,1.0,serde,adapted,1,c4a54cdecc67,3125,5
rust,stream,document,100,95,speedy,0.8.7,185,255,214,440,5405405.405405,3921568.627451,2272727.272727,0,1.0,direct,adapted,1,c4a54cdecc67,3126,6
rust,stream,document,100,95,simd-json,0.14.3,778,1445,460,2223,1285347.043702,692041.522491,449842.555106,0,1.0,serde,adapted,1,c4a54cdecc67,3127,7
rust,stream,document,100,95,serde_avro_fast,2.1.0,810,880,114,1690,1234567.901235,1136363.636364,591715.976331,0,1.0,serde,native,1,c4a54cdecc67,3128,8
rust,stream,document,100,95,postcard,1.1.3,243,372,114,615,4115226.337449,2688172.043011,1626016.260163,0,1.0,serde,adapted,1,c4a54cdecc67,3129,9
rust,stream,document,100,95,rmp-serde,1.3.1,435,806,333,1241,2298850.574713,1240694.789082,805801.772764,0,1.0,serde,adapted,1,c4a54cdecc67,3130,10
rust,stream,document,100,95,ciborium,0.2.2,1176,2069,339,3245,850340.136054,483325.277912,308166.409861,0,1.0,serde,native,1,c4a54cdecc67,3131,11
rust,stream,document,100,95,rkyv,0.8.17,524,354,272,878,1908396.946565,2824858.757062,1138952.164009,0,1.0,archive,adapted,1,c4a54cdecc67,3132,12
rust,stream,document,100,95,bincode,2.0.1,221,397,122,618,4524886.877828,2518891.687657,1618122.977346,0,1.0,serde,adapted,1,c4a54cdecc67,3133,13
rust,stream,document,100,95,bitcode,0.6.9,1610,932,122,2542,621118.012422,1072961.373391,393391.030685,0,1.0,serde,adapted,1,c4a54cdecc67,3134,14
rust,stream,document,100,95,nanoserde,0.1.37,546,363,258,909,1831501.831502,2754820.936639,1100110.011001,0,1.0,direct,adapted,1,c4a54cdecc67,3135,15
rust,stream,document,100,96,bincode,2.0.1,216,403,122,619,4629629.629630,2481389.578164,1615508.885299,0,1.0,serde,adapted,1,c4a54cdecc67,3136,0
rust,stream,document,100,96,minicbor,0.25.1,542,556,133,1098,1845018.450185,1798561.151079,910746.812386,0,1.0,direct,adapted,1,c4a54cdecc67,3137,1
rust,stream,document,100,96,prost,0.13.5,862,825,155,1687,1160092.807425,1212121.212121,592768.227623,0,1.0,message,adapted,1,c4a54cdecc67,3138,2
rust,stream,document,100,96,sonic-rs,0.3.17,653,976,460,1629,1531393.568147,1024590.163934,613873.542050,0,1.0,serde,adapted,1,c4a54cdecc67,3139,3
rust,stream,document,100,96,nanoserde,0.1.37,485,387,258,872,2061855.670103,2583979.328165,1146788.990826,0,1.0,direct,adapted,1,c4a54cdecc67,3140,4
rust,stream,document,100,96,bson,2.15.0,1115,2281,540,3396,896860.986547,438404.208680,294464.075383,0,1.0,serde,adapted,1,c4a54cdecc67,3141,5
rust,stream,document,100,96,simd-json,0.14.3,793,1589,460,2382,1261034.047919,629326.620516,419815.281276,0,1.0,serde,adapted,1,c4a54cdecc67,3142,6
rust,stream,document,100,96,speedy,0.8.7,191,332,214,523,5235602.094241,3012048.192771,1912045.889101,0,1.0,direct,adapted,1,c4a54cdecc67,3143,7
rust,stream,document,100,96,rmp-serde,1.3.1,410,845,333,1255,2439024.390244,1183431.952663,796812.749004,0,1.0,serde,adapted,1,c4a54cdecc67,3144,8
rust,stream,document,100,96,flexbuffers,2.0.0,2890,2042,452,4932,346020.761246,489715.964740,202757.502028,0,1.0,serde,adapted,1,c4a54cdecc67,3145,9
rust,stream,document,100,96,ciborium,0.2.2,1204,2552,339,3756,830564.784053,391849.529781,266240.681576,0,1.0,serde,native,1,c4a54cdecc67,3146,10
rust,stream,document,100,96,postcard,1.1.3,333,382,114,715,3003003.003003,2617801.047120,1398601.398601,0,1.0,serde,adapted,1,c4a54cdecc67,3147,11
rust,stream,document,100,96,bitcode,0.6.9,1517,867,122,2384,659195.781147,1153402.537486,419463.087248,0,1.0,serde,adapted,1,c4a54cdecc67,3148,12
rust,stream,document,100,96,serde_json,1.0.150,1609,2558,460,4167,621504.039776,390930.414386,239980.801536,0,1.0,serde,native,1,c4a54cdecc67,3149,13
rust,stream,document,100,96,rkyv,0.8.17,528,320,272,848,1893939.393939,3125000.000000,1179245.283019,0,1.0,archive,adapted,1,c4a54cdecc67,3150,14
rust,stream,document,100,96,serde_avro_fast,2.1.0,862,818,114,1680,1160092.807425,1222493.887531,595238.095238,0,1.0,serde,native,1,c4a54cdecc67,3151,15
rust,stream,document,100,97,ciborium,0.2.2,1119,2156,339,3275,893655.049151,463821.892393,305343.511450,0,1.0,serde,native,1,c4a54cdecc67,3152,0
rust,stream,document,100,97,bitcode,0.6.9,1443,1082,122,2525,693000.693001,924214.417745,396039.603960,0,1.0,serde,adapted,1,c4a54cdecc67,3153,1
rust,stream,document,100,97,simd-json,0.14.3,843,1454,460,2297,1186239.620403,687757.909216,435350.457118,0,1.0,serde,adapted,1,c4a54cdecc67,3154,2
rust,stream,document,100,97,prost,0.13.5,752,740,155,1492,1329787.234043,1351351.351351,670241.286863,0,1.0,message,adapted,1,c4a54cdecc67,3155,3
rust,stream,document,100,97,speedy,0.8.7,225,268,214,493,4444444.444444,3731343.283582,2028397.565923,0,1.0,direct,adapted,1,c4a54cdecc67,3156,4
rust,stream,document,100,97,sonic-rs,0.3.17,613,981,460,1594,1631321.370310,1019367.991845,627352.572146,0,1.0,serde,adapted,1,c4a54cdecc67,3157,5
rust,stream,document,100,97,flexbuffers,2.0.0,2798,1853,452,4651,357398.141530,539665.407447,215007.525263,0,1.0,serde,adapted,1,c4a54cdecc67,3158,6
rust,stream,document,100,97,rkyv,0.8.17,457,338,272,795,2188183.807440,2958579.881657,1257861.635220,0,1.0,archive,adapted,1,c4a54cdecc67,3159,7
rust,stream,document,100,97,minicbor,0.25.1,520,641,133,1161,1923076.923077,1560062.402496,861326.442722,0,1.0,direct,adapted,1,c4a54cdecc67,3160,8
rust,stream,document,100,97,serde_avro_fast,2.1.0,774,883,114,1657,1291989.664083,1132502.831257,603500.301750,0,1.0,serde,native,1,c4a54cdecc67,3161,9
rust,stream,document,100,97,postcard,1.1.3,271,425,114,696,3690036.900369,2352941.176471,1436781.609195,0,1.0,serde,adapted,1,c4a54cdecc67,3162,10
rust,stream,document,100,97,serde_json,1.0.150,1378,2820,460,4198,725689.404935,354609.929078,238208.670796,0,1.0,serde,native,1,c4a54cdecc67,3163,11
rust,stream,document,100,97,rmp-serde,1.3.1,496,813,333,1309,2016129.032258,1230012.300123,763941.940413,0,1.0,serde,adapted,1,c4a54cdecc67,3164,12
rust,stream,document,100,97,bson,2.15.0,1137,2203,540,3340,879507.475814,453926.463913,299401.197605,0,1.0,serde,adapted,1,c4a54cdecc67,3165,13
rust,stream,document,100,97,nanoserde,0.1.37,448,366,258,814,2232142.857143,2732240.437158,1228501.228501,0,1.0,direct,adapted,1,c4a54cdecc67,3166,14
rust,stream,document,100,97,bincode,2.0.1,302,447,122,749,3311258.278146,2237136.465324,1335113.484646,0,1.0,serde,adapted,1,c4a54cdecc67,3167,15
rust,stream,document,100,98,serde_json,1.0.150,1324,2435,460,3759,755287.009063,410677.618070,266028.198989,0,1.0,serde,native,1,c4a54cdecc67,3168,0
rust,stream,document,100,98,serde_avro_fast,2.1.0,715,813,114,1528,1398601.398601,1230012.300123,654450.261780,0,1.0,serde,native,1,c4a54cdecc67,3169,1
rust,stream,document,100,98,prost,0.13.5,716,681,155,1397,1396648.044693,1468428.781204,715819.613457,0,1.0,message,adapted,1,c4a54cdecc67,3170,2
rust,stream,document,100,98,nanoserde,0.1.37,470,382,258,852,2127659.574468,2617801.047120,1173708.920188,0,1.0,direct,adapted,1,c4a54cdecc67,3171,3
rust,stream,document,100,98,simd-json,0.14.3,722,1418,460,2140,1385041.551247,705218.617772,467289.719626,0,1.0,serde,adapted,1,c4a54cdecc67,3172,4
rust,stream,document,100,98,sonic-rs,0.3.17,613,958,460,1571,1631321.370310,1043841.336117,636537.237428,0,1.0,serde,adapted,1,c4a54cdecc67,3173,5
rust,stream,document,100,98,rmp-serde,1.3.1,441,739,333,1180,2267573.696145,1353179.972936,847457.627119,0,1.0,serde,adapted,1,c4a54cdecc67,3174,6
rust,stream,document,100,98,flexbuffers,2.0.0,2760,1719,452,4479,362318.840580,581733.566027,223264.121456,0,1.0,serde,adapted,1,c4a54cdecc67,3175,7
rust,stream,document,100,98,speedy,0.8.7,204,294,214,498,4901960.784314,3401360.544218,2008032.128514,0,1.0,direct,adapted,1,c4a54cdecc67,3176,8
rust,stream,document,100,98,rkyv,0.8.17,475,362,272,837,2105263.157895,2762430.939227,1194743.130227,0,1.0,archive,adapted,1,c4a54cdecc67,3177,9
rust,stream,document,100,98,bson,2.15.0,970,2078,540,3048,1030927.835052,481231.953802,328083.989501,0,1.0,serde,adapted,1,c4a54cdecc67,3178,10
rust,stream,document,100,98,bitcode,0.6.9,1655,936,122,2591,604229.607251,1068376.068376,385951.370127,0,1.0,serde,adapted,1,c4a54cdecc67,3179,11
rust,stream,document,100,98,bincode,2.0.1,348,421,122,769,2873563.218391,2375296.912114,1300390.117035,0,1.0,serde,adapted,1,c4a54cdecc67,3180,12
rust,stream,document,100,98,minicbor,0.25.1,520,584,133,1104,1923076.923077,1712328.767123,905797.101449,0,1.0,direct,adapted,1,c4a54cdecc67,3181,13
rust,stream,document,100,98,ciborium,0.2.2,1311,2479,339,3790,762776.506484,403388.463090,263852.242744,0,1.0,serde,native,1,c4a54cdecc67,3182,14
rust,stream,document,100,98,postcard,1.1.3,311,364,114,675,3215434.083601,2747252.747253,1481481.481481,0,1.0,serde,adapted,1,c4a54cdecc67,3183,15
rust,stream,document,100,99,ciborium,0.2.2,1032,2057,339,3089,968992.248062,486144.871172,323729.362253,0,1.0,serde,native,1,c4a54cdecc67,3184,0
rust,stream,document,100,99,prost,0.13.5,938,756,155,1694,1066098.081023,1322751.322751,590318.772137,0,1.0,message,adapted,1,c4a54cdecc67,3185,1
rust,stream,document,100,99,speedy,0.8.7,204,266,214,470,4901960.784314,3759398.496241,2127659.574468,0,1.0,direct,adapted,1,c4a54cdecc67,3186,2
rust,stream,document,100,99,rmp-serde,1.3.1,460,839,333,1299,2173913.043478,1191895.113230,769822.940724,0,1.0,serde,adapted,1,c4a54cdecc67,3187,3
rust,stream,document,100,99,postcard,1.1.3,256,385,114,641,3906250.000000,2597402.597403,1560062.402496,0,1.0,serde,adapted,1,c4a54cdecc67,3188,4
rust,stream,document,100,99,simd-json,0.14.3,745,1474,460,2219,1342281.879195,678426.051560,450653.447499,0,1.0,serde,adapted,1,c4a54cdecc67,3189,5
rust,stream,document,100,99,nanoserde,0.1.37,521,420,258,941,1919385.796545,2380952.380952,1062699.256111,0,1.0,direct,adapted,1,c4a54cdecc67,3190,6
rust,stream,document,100,99,minicbor,0.25.1,522,511,133,1033,1915708.812261,1956947.162427,968054.211036,0,1.0,direct,adapted,1,c4a54cdecc67,3191,7
rust,stream,document,100,99,rkyv,0.8.17,467,464,272,931,2141327.623126,2155172.413793,1074113.856069,0,1.0,archive,adapted,1,c4a54cdecc67,3192,8
rust,stream,document,100,99,serde_avro_fast,2.1.0,816,895,114,1711,1225490.196078,1117318.435754,584453.535944,0,1.0,serde,native,1,c4a54cdecc67,3193,9
rust,stream,document,100,99,bincode,2.0.1,353,396,122,749,2832861.189802,2525252.525253,1335113.484646,0,1.0,serde,adapted,1,c4a54cdecc67,3194,10
rust,stream,document,100,99,flexbuffers,2.0.0,2746,1808,452,4554,364166.059723,553097.345133,219587.176109,0,1.0,serde,adapted,1,c4a54cdecc67,3195,11
rust,stream,document,100,99,serde_json,1.0.150,1432,3014,460,4446,698324.022346,331785.003318,224921.277553,0,1.0,serde,native,1,c4a54cdecc67,3196,12
rust,stream,document,100,99,sonic-rs,0.3.17,750,874,460,1624,1333333.333333,1144164.759725,615763.546798,0,1.0,serde,adapted,1,c4a54cdecc67,3197,13
rust,stream,document,100,99,bitcode,0.6.9,1704,976,122,2680,586854.460094,1024590.163934,373134.328358,0,1.0,serde,adapted,1,c4a54cdecc67,3198,14
rust,stream,document,100,99,bson,2.15.0,1126,2160,540,3286,888099.467140,462962.962963,304321.363360,0,1.0,serde,adapted,1,c4a54cdecc67,3199,15
