Language,StringOrStream,TestDataName,Repetitions,RepetitionIndex,SerializerName,SerializerVersion,TimeSer,TimeDeser,Size,TimeSerAndDeser,OpPerSecSer,OpPerSecDeser,OpPerSecSerAndDeser,MemoryPeakBytes,FidelityScore,DataTypeInstanceCount,TypeConfigHash,RunOrder,SchedulePosition
javascript,bytes,message,100,0,bson,6.10.4,435992,448986,140,884978,2293.620066,2227.240938,1129.971593,0,1.00,1,99d1c7fab316,0,0
javascript,bytes,message,100,0,google-protobuf,3.21.4,11926,357071,52,368997,83850.410867,2800.563473,2710.049133,0,1.00,1,99d1c7fab316,1,1
javascript,bytes,message,100,0,flexbuffers,24.12.23,667394,429546,199,1096940,1498.365283,2328.039372,911.626889,0,1.00,1,99d1c7fab316,2,2
javascript,bytes,message,100,0,sia,2.3.0,156086,140226,162,296312,6406.724498,7131.345114,3374.821134,0,1.00,1,99d1c7fab316,3,3
javascript,bytes,message,100,0,flatbuffers,24.12.23,483411,185521,104,668932,2068.633109,5390.225365,1494.920261,0,1.00,1,99d1c7fab316,4,4
javascript,bytes,message,100,0,JSON.stringify,node-24.15.0,18772,22530,168,41302,53270.828894,44385.264092,24211.902571,0,1.00,1,99d1c7fab316,5,5
javascript,bytes,message,100,0,cbor,9.0.2,1497526,738255,124,2235781,667.768039,1354.545516,447.270998,0,1.00,1,99d1c7fab316,6,6
javascript,bytes,message,100,0,protobufjs,7.6.5,319666,597732,52,917398,3128.265127,1672.990571,1090.039438,0,1.00,1,99d1c7fab316,7,7
javascript,bytes,message,100,0,devalue,5.8.1,405582,207612,186,613194,2465.592655,4816.677263,1630.805259,0,1.00,1,99d1c7fab316,8,8
javascript,bytes,message,100,0,cbor-x,1.6.4,619633,520551,131,1140184,1613.858526,1921.041358,877.051423,0,1.00,1,99d1c7fab316,9,9
javascript,bytes,message,100,0,@msgpack/msgpack,3.1.3,371967,579652,124,951619,2688.410531,1725.173035,1050.840725,0,1.00,1,99d1c7fab316,10,10
javascript,bytes,message,100,0,bser,2.1.1,257624,304973,153,562597,3881.625935,3278.978795,1777.471263,0,1.00,1,99d1c7fab316,11,11
javascript,bytes,message,100,0,fast-json-stringify,6.4.0,143751,10569,168,154320,6956.473346,94616.330779,6480.041472,0,1.00,1,99d1c7fab316,12,12
javascript,bytes,message,100,0,v8-serializer,v8-13.6.233.17-node.48,33164,25576,135,58740,30153.178145,39099.155458,17024.174328,0,1.00,1,99d1c7fab316,13,13
javascript,bytes,message,100,0,protobuf-es,2.12.1,183473,168489,50,351962,5450.393246,5935.105556,2841.215813,0,1.00,1,99d1c7fab316,14,14
javascript,bytes,message,100,0,avsc,5.7.9,161046,139292,44,300338,6209.406008,7179.163197,3329.582004,0,1.00,1,99d1c7fab316,15,15
javascript,bytes,message,100,0,msgpackr,1.12.1,529297,432139,126,961436,1889.298447,2314.070241,1040.110834,0,1.00,1,99d1c7fab316,16,16
javascript,bytes,message,100,0,json-pack-msgpack,18.28.0,259084,339821,131,598905,3859.752050,2942.725729,1669.713895,0,1.00,1,99d1c7fab316,17,17
javascript,bytes,message,100,0,bebop,3.2.3,211140,125746,162,336886,4736.193995,7952.539246,2968.363185,0,1.00,1,99d1c7fab316,18,18
javascript,bytes,message,100,0,simdjson-parse+JSON.stringify,0.9.2,14344,98701,168,113045,69715.560513,10131.609609,8846.034765,0,1.00,1,99d1c7fab316,19,19
javascript,bytes,message,100,1,cbor,9.0.2,224743,168378,124,393121,4449.526793,5939.018162,2543.746073,0,1.00,1,99d1c7fab316,20,0
javascript,bytes,message,100,1,msgpackr,1.12.1,13795,27867,126,41662,72490.032621,35884.738221,24002.688301,0,1.00,1,99d1c7fab316,21,1
javascript,bytes,message,100,1,protobufjs,7.6.5,29667,56850,52,86517,33707.486433,17590.149516,11558.422044,0,1.00,1,99d1c7fab316,22,2
javascript,bytes,message,100,1,simdjson-parse+JSON.stringify,0.9.2,5901,19834,168,25735,169462.802915,50418.473329,38857.586944,0,1.00,1,99d1c7fab316,23,3
javascript,bytes,message,100,1,flatbuffers,24.12.23,59738,20445,104,80183,16739.763635,48911.714356,12471.471509,0,1.00,1,99d1c7fab316,24,4
javascript,bytes,message,100,1,v8-serializer,v8-13.6.233.17-node.48,11970,8183,135,20153,83542.188805,122204.570451,49620.403910,0,1.00,1,99d1c7fab316,25,5
javascript,bytes,message,100,1,google-protobuf,3.21.4,2398,51125,52,53523,417014.178482,19559.902200,18683.556602,0,1.00,1,99d1c7fab316,26,6
javascript,bytes,message,100,1,protobuf-es,2.12.1,45819,33899,50,79718,21825.007093,29499.395262,12544.218370,0,1.00,1,99d1c7fab316,27,7
javascript,bytes,message,100,1,sia,2.3.0,32415,22838,162,55253,30849.915163,43786.671337,18098.564784,0,1.00,1,99d1c7fab316,28,8
javascript,bytes,message,100,1,JSON.stringify,node-24.15.0,4956,5328,168,10284,201775.625504,187687.687688,97238.428627,0,1.00,1,99d1c7fab316,29,9
javascript,bytes,message,100,1,@msgpack/msgpack,3.1.3,39935,41983,124,81918,25040.691123,23819.164900,12207.329281,0,1.00,1,99d1c7fab316,30,10
javascript,bytes,message,100,1,json-pack-msgpack,18.28.0,32922,58151,131,91073,30374.825345,17196.608829,10980.202695,0,1.00,1,99d1c7fab316,31,11
javascript,bytes,message,100,1,flexbuffers,24.12.23,149717,82137,199,231854,6679.268219,12174.781158,4313.059080,0,1.00,1,99d1c7fab316,32,12
javascript,bytes,message,100,1,devalue,5.8.1,83896,19821,186,103717,11919.519405,50451.541295,9641.620949,0,1.00,1,99d1c7fab316,33,13
javascript,bytes,message,100,1,bebop,3.2.3,23077,19160,162,42237,43333.188889,52192.066806,23675.923953,0,1.00,1,99d1c7fab316,34,14
javascript,bytes,message,100,1,fast-json-stringify,6.4.0,9079,3024,168,12103,110144.289019,330687.830688,82624.142775,0,1.00,1,99d1c7fab316,35,15
javascript,bytes,message,100,1,cbor-x,1.6.4,28798,29501,131,58299,34724.633655,33897.156029,17152.952881,0,1.00,1,99d1c7fab316,36,16
javascript,bytes,message,100,1,bser,2.1.1,60305,204237,153,264542,16582.372938,4896.272468,3780.118091,0,1.00,1,99d1c7fab316,37,17
javascript,bytes,message,100,1,bson,6.10.4,47528,32422,140,79950,21040.228918,30843.254580,12507.817386,0,1.00,1,99d1c7fab316,38,18
javascript,bytes,message,100,1,avsc,5.7.9,32535,19360,44,51895,30736.130321,51652.892562,19269.679160,0,1.00,1,99d1c7fab316,39,19
javascript,bytes,message,100,2,@msgpack/msgpack,3.1.3,62758,35330,124,98088,15934.223525,28304.557034,10194.927004,0,1.00,1,99d1c7fab316,40,0
javascript,bytes,message,100,2,simdjson-parse+JSON.stringify,0.9.2,3720,18428,168,22148,268817.204301,54265.248535,45150.803684,0,1.00,1,99d1c7fab316,41,1
javascript,bytes,message,100,2,google-protobuf,3.21.4,2398,27549,52,29947,417014.178482,36298.958220,33392.326443,0,1.00,1,99d1c7fab316,42,2
javascript,bytes,message,100,2,flatbuffers,24.12.23,52746,26944,104,79690,18958.783604,37114.014252,12548.625925,0,1.00,1,99d1c7fab316,43,3
javascript,bytes,message,100,2,msgpackr,1.12.1,16680,33159,126,49839,59952.038369,30157.724901,20064.608038,0,1.00,1,99d1c7fab316,44,4
javascript,bytes,message,100,2,devalue,5.8.1,30181,13488,186,43669,33133.428316,74139.976275,22899.539719,0,1.00,1,99d1c7fab316,45,5
javascript,bytes,message,100,2,sia,2.3.0,34219,18405,162,52624,29223.530787,54333.061668,19002.736394,0,1.00,1,99d1c7fab316,46,6
javascript,bytes,message,100,2,bser,2.1.1,29758,38002,153,67760,33604.408898,26314.404505,14757.969303,0,1.00,1,99d1c7fab316,47,7
javascript,bytes,message,100,2,bebop,3.2.3,20472,12658,162,33130,48847.205940,79001.422026,30184.123151,0,1.00,1,99d1c7fab316,48,8
javascript,bytes,message,100,2,v8-serializer,v8-13.6.233.17-node.48,8288,5913,135,14201,120656.370656,169118.890580,70417.576227,0,1.00,1,99d1c7fab316,49,9
javascript,bytes,message,100,2,protobufjs,7.6.5,21829,49577,52,71406,45810.618901,20170.643645,14004.425398,0,1.00,1,99d1c7fab316,50,10
javascript,bytes,message,100,2,json-pack-msgpack,18.28.0,28444,23393,131,51837,35156.799325,42747.830548,19291.239848,0,1.00,1,99d1c7fab316,51,11
javascript,bytes,message,100,2,cbor-x,1.6.4,21501,16687,131,38188,46509.464676,59926.889195,26186.236514,0,1.00,1,99d1c7fab316,52,12
javascript,bytes,message,100,2,JSON.stringify,node-24.15.0,4162,4212,168,8374,240269.101394,237416.904084,119417.243850,0,1.00,1,99d1c7fab316,53,13
javascript,bytes,message,100,2,flexbuffers,24.12.23,82657,41696,199,124353,12098.188901,23983.115886,8041.623443,0,1.00,1,99d1c7fab316,54,14
javascript,bytes,message,100,2,cbor,9.0.2,210202,106445,124,316647,4757.328665,9394.522993,3158.090871,0,1.00,1,99d1c7fab316,55,15
javascript,bytes,message,100,2,protobuf-es,2.12.1,36182,31959,50,68141,27638.052070,31290.090428,14675.452371,0,1.00,1,99d1c7fab316,56,16
javascript,bytes,message,100,2,avsc,5.7.9,21421,12585,44,34006,46683.161384,79459.674215,29406.575310,0,1.00,1,99d1c7fab316,57,17
javascript,bytes,message,100,2,fast-json-stringify,6.4.0,13467,2964,168,16431,74255.587733,337381.916329,60860.568438,0,1.00,1,99d1c7fab316,58,18
javascript,bytes,message,100,2,bson,6.10.4,49034,15934,140,64968,20394.012318,62758.880382,15392.193080,0,1.00,1,99d1c7fab316,59,19
javascript,bytes,message,100,3,bser,2.1.1,26997,28947,153,55944,37041.152721,34545.894220,17875.017875,0,1.00,1,99d1c7fab316,60,0
javascript,bytes,message,100,3,devalue,5.8.1,25068,8576,186,33644,39891.495133,116604.477612,29722.981810,0,1.00,1,99d1c7fab316,61,1
javascript,bytes,message,100,3,flexbuffers,24.12.23,72849,39181,199,112030,13727.024393,25522.574717,8926.180487,0,1.00,1,99d1c7fab316,62,2
javascript,bytes,message,100,3,msgpackr,1.12.1,12003,15056,126,27059,83312.505207,66418.703507,36956.280720,0,1.00,1,99d1c7fab316,63,3
javascript,bytes,message,100,3,cbor-x,1.6.4,23509,12092,131,35601,42536.900761,82699.305326,28089.098621,0,1.00,1,99d1c7fab316,64,4
javascript,bytes,message,100,3,google-protobuf,3.21.4,1380,26885,52,28265,724637.681159,37195.462154,35379.444543,0,1.00,1,99d1c7fab316,65,5
javascript,bytes,message,100,3,json-pack-msgpack,18.28.0,24526,12068,131,36594,40773.057164,82863.771959,27326.884189,0,1.00,1,99d1c7fab316,66,6
javascript,bytes,message,100,3,simdjson-parse+JSON.stringify,0.9.2,4489,17272,168,21761,222766.763199,57897.174618,45953.770507,0,1.00,1,99d1c7fab316,67,7
javascript,bytes,message,100,3,sia,2.3.0,18160,13219,162,31379,55066.079295,75648.687495,31868.447051,0,1.00,1,99d1c7fab316,68,8
javascript,bytes,message,100,3,cbor,9.0.2,146465,80465,124,226930,6827.569727,12427.763624,4406.645221,0,1.00,1,99d1c7fab316,69,9
javascript,bytes,message,100,3,flatbuffers,24.12.23,40337,16632,104,56969,24791.134690,60125.060125,17553.406238,0,1.00,1,99d1c7fab316,70,10
javascript,bytes,message,100,3,bson,6.10.4,21907,11993,140,33900,45647.509928,83381.972817,29498.525074,0,1.00,1,99d1c7fab316,71,11
javascript,bytes,message,100,3,protobufjs,7.6.5,15009,30009,52,45018,66626.690652,33323.336332,22213.336887,0,1.00,1,99d1c7fab316,72,12
javascript,bytes,message,100,3,v8-serializer,v8-13.6.233.17-node.48,7315,5674,135,12989,136705.399863,176242.509693,76988.220802,0,1.00,1,99d1c7fab316,73,13
javascript,bytes,message,100,3,fast-json-stringify,6.4.0,6979,4158,168,11137,143287.003869,240500.240500,89790.787465,0,1.00,1,99d1c7fab316,74,14
javascript,bytes,message,100,3,JSON.stringify,node-24.15.0,3446,1601,168,5047,290191.526407,624609.618988,198137.507430,0,1.00,1,99d1c7fab316,75,15
javascript,bytes,message,100,3,@msgpack/msgpack,3.1.3,33957,26288,124,60245,29449.009041,38040.170420,16598.887875,0,1.00,1,99d1c7fab316,76,16
javascript,bytes,message,100,3,bebop,3.2.3,14566,12188,162,26754,68653.027599,82047.915983,37377.588398,0,1.00,1,99d1c7fab316,77,17
javascript,bytes,message,100,3,avsc,5.7.9,15841,10810,44,26651,63127.327820,92506.938020,37522.044201,0,1.00,1,99d1c7fab316,78,18
javascript,bytes,message,100,3,protobuf-es,2.12.1,24715,20787,50,45502,40461.258345,48106.989946,21977.055954,0,1.00,1,99d1c7fab316,79,19
javascript,bytes,message,100,4,msgpackr,1.12.1,10495,13703,126,24198,95283.468318,72976.720426,41325.729399,0,1.00,1,99d1c7fab316,80,0
javascript,bytes,message,100,4,devalue,5.8.1,55767,9199,186,64966,17931.751753,108707.468203,15392.666933,0,1.00,1,99d1c7fab316,81,1
javascript,bytes,message,100,4,google-protobuf,3.21.4,1424,34800,52,36224,702247.191011,28735.632184,27606.007067,0,1.00,1,99d1c7fab316,82,2
javascript,bytes,message,100,4,bson,6.10.4,22459,11719,140,34178,44525.579946,85331.512928,29258.587395,0,1.00,1,99d1c7fab316,83,3
javascript,bytes,message,100,4,flexbuffers,24.12.23,82262,46018,199,128280,12156.281150,21730.627146,7795.447459,0,1.00,1,99d1c7fab316,84,4
javascript,bytes,message,100,4,bser,2.1.1,29164,32807,153,61971,34288.849266,30481.299723,16136.580013,0,1.00,1,99d1c7fab316,85,5
javascript,bytes,message,100,4,fast-json-stringify,6.4.0,6489,3455,168,9944,154106.950223,289435.600579,100563.153660,0,1.00,1,99d1c7fab316,86,6
javascript,bytes,message,100,4,protobuf-es,2.12.1,22565,18750,50,41315,44316.419233,53333.333333,24204.284158,0,1.00,1,99d1c7fab316,87,7
javascript,bytes,message,100,4,cbor-x,1.6.4,23795,24020,131,47815,42025.635638,41631.973356,20913.939140,0,1.00,1,99d1c7fab316,88,8
javascript,bytes,message,100,4,avsc,5.7.9,23045,17998,44,41043,43393.360816,55561.729081,24364.690690,0,1.00,1,99d1c7fab316,89,9
javascript,bytes,message,100,4,sia,2.3.0,16390,11740,162,28130,61012.812691,85178.875639,35549.235691,0,1.00,1,99d1c7fab316,90,10
javascript,bytes,message,100,4,JSON.stringify,node-24.15.0,2672,3552,168,6224,374251.497006,281531.531532,160668.380463,0,1.00,1,99d1c7fab316,91,11
javascript,bytes,message,100,4,v8-serializer,v8-13.6.233.17-node.48,7057,5687,135,12744,141703.273346,175839.634254,78468.298807,0,1.00,1,99d1c7fab316,92,12
javascript,bytes,message,100,4,cbor,9.0.2,146779,107284,124,254063,6812.963707,9321.054398,3936.031614,0,1.00,1,99d1c7fab316,93,13
javascript,bytes,message,100,4,protobufjs,7.6.5,27672,36762,52,64434,36137.612027,27202.002067,15519.756650,0,1.00,1,99d1c7fab316,94,14
javascript,bytes,message,100,4,json-pack-msgpack,18.28.0,17375,14769,131,32144,57553.956835,67709.391293,31110.004978,0,1.00,1,99d1c7fab316,95,15
javascript,bytes,message,100,4,@msgpack/msgpack,3.1.3,22444,22605,124,45049,44555.337729,44238.000442,22198.051011,0,1.00,1,99d1c7fab316,96,16
javascript,bytes,message,100,4,simdjson-parse+JSON.stringify,0.9.2,4746,11631,168,16377,210703.750527,85977.130083,61061.244428,0,1.00,1,99d1c7fab316,97,17
javascript,bytes,message,100,4,flatbuffers,24.12.23,52770,20630,104,73400,18950.161076,48473.097431,13623.978202,0,1.00,1,99d1c7fab316,98,18
javascript,bytes,message,100,4,bebop,3.2.3,13001,11583,162,24584,76917.160218,86333.419667,40676.863000,0,1.00,1,99d1c7fab316,99,19
javascript,bytes,message,100,5,fast-json-stringify,6.4.0,6516,4318,168,10834,153468.385513,231588.698472,92302.012184,0,1.00,1,99d1c7fab316,100,0
javascript,bytes,message,100,5,flexbuffers,24.12.23,86630,38280,199,124910,11543.345261,26123.301985,8005.764150,0,1.00,1,99d1c7fab316,101,1
javascript,bytes,message,100,5,cbor,9.0.2,146285,78451,124,224736,6835.970879,12746.810111,4449.665385,0,1.00,1,99d1c7fab316,102,2
javascript,bytes,message,100,5,JSON.stringify,node-24.15.0,3852,4340,168,8192,259605.399792,230414.746544,122070.312500,0,1.00,1,99d1c7fab316,103,3
javascript,bytes,message,100,5,sia,2.3.0,14020,10435,162,24455,71326.676177,95831.336847,40891.433245,0,1.00,1,99d1c7fab316,104,4
javascript,bytes,message,100,5,simdjson-parse+JSON.stringify,0.9.2,1874,11102,168,12976,533617.929562,90073.860566,77065.351418,0,1.00,1,99d1c7fab316,105,5
javascript,bytes,message,100,5,protobuf-es,2.12.1,24900,19408,50,44308,40160.642570,51525.144270,22569.287713,0,1.00,1,99d1c7fab316,106,6
javascript,bytes,message,100,5,json-pack-msgpack,18.28.0,14526,37123,131,51649,68842.076277,26937.478113,19361.459080,0,1.00,1,99d1c7fab316,107,7
javascript,bytes,message,100,5,flatbuffers,24.12.23,30294,14236,104,44530,33009.836931,70244.450688,22456.770716,0,1.00,1,99d1c7fab316,108,8
javascript,bytes,message,100,5,protobufjs,7.6.5,15018,25197,52,40215,66586.762552,39687.264357,24866.343404,0,1.00,1,99d1c7fab316,109,9
javascript,bytes,message,100,5,msgpackr,1.12.1,10404,13918,126,24322,96116.878124,71849.403650,41115.039882,0,1.00,1,99d1c7fab316,110,10
javascript,bytes,message,100,5,bson,6.10.4,17278,18321,140,35599,57877.069105,54582.173462,28090.676704,0,1.00,1,99d1c7fab316,111,11
javascript,bytes,message,100,5,google-protobuf,3.21.4,1557,18795,52,20352,642260.757868,53205.639798,49135.220126,0,1.00,1,99d1c7fab316,112,12
javascript,bytes,message,100,5,bser,2.1.1,26261,63089,153,89350,38079.281063,15850.623722,11191.941802,0,1.00,1,99d1c7fab316,113,13
javascript,bytes,message,100,5,avsc,5.7.9,16214,14039,44,30253,61675.095596,71230.144597,33054.573100,0,1.00,1,99d1c7fab316,114,14
javascript,bytes,message,100,5,v8-serializer,v8-13.6.233.17-node.48,8724,5629,135,14353,114626.318203,177651.447859,69671.845607,0,1.00,1,99d1c7fab316,115,15
javascript,bytes,message,100,5,cbor-x,1.6.4,16205,13196,131,29401,61709.348966,75780.539557,34012.448556,0,1.00,1,99d1c7fab316,116,16
javascript,bytes,message,100,5,@msgpack/msgpack,3.1.3,35028,22698,124,57726,28548.589700,44056.745088,17323.216575,0,1.00,1,99d1c7fab316,117,17
javascript,bytes,message,100,5,devalue,5.8.1,20970,8576,186,29546,47687.172151,116604.477612,33845.529006,0,1.00,1,99d1c7fab316,118,18
javascript,bytes,message,100,5,bebop,3.2.3,13206,10315,162,23521,75723.156141,96946.194862,42515.199184,0,1.00,1,99d1c7fab316,119,19
javascript,bytes,message,100,6,bson,6.10.4,16076,12395,140,28471,62204.528490,80677.692618,35123.458958,0,1.00,1,99d1c7fab316,120,0
javascript,bytes,message,100,6,avsc,5.7.9,13812,8648,44,22460,72400.810889,115633.672525,44523.597507,0,1.00,1,99d1c7fab316,121,1
javascript,bytes,message,100,6,simdjson-parse+JSON.stringify,0.9.2,2102,14195,168,16297,475737.392959,70447.340613,61360.986685,0,1.00,1,99d1c7fab316,122,2
javascript,bytes,message,100,6,fast-json-stringify,6.4.0,5758,1699,168,7457,173671.413685,588581.518540,134102.185866,0,1.00,1,99d1c7fab316,123,3
javascript,bytes,message,100,6,google-protobuf,3.21.4,1481,21459,52,22940,675219.446320,46600.493965,43591.979076,0,1.00,1,99d1c7fab316,124,4
javascript,bytes,message,100,6,flatbuffers,24.12.23,28283,15234,104,43517,35356.928190,65642.641460,22979.525243,0,1.00,1,99d1c7fab316,125,5
javascript,bytes,message,100,6,protobufjs,7.6.5,13673,22449,52,36122,73136.839026,44545.414050,27683.959914,0,1.00,1,99d1c7fab316,126,6
javascript,bytes,message,100,6,v8-serializer,v8-13.6.233.17-node.48,6228,6860,135,13088,160565.189467,145772.594752,76405.867971,0,1.00,1,99d1c7fab316,127,7
javascript,bytes,message,100,6,flexbuffers,24.12.23,67303,37873,199,105176,14858.178684,26404.034536,9507.872518,0,1.00,1,99d1c7fab316,128,8
javascript,bytes,message,100,6,protobuf-es,2.12.1,23538,18984,50,42522,42484.493160,52675.937632,23517.238136,0,1.00,1,99d1c7fab316,129,9
javascript,bytes,message,100,6,@msgpack/msgpack,3.1.3,30968,22406,124,53374,32291.397572,44630.902437,18735.714018,0,1.00,1,99d1c7fab316,130,10
javascript,bytes,message,100,6,json-pack-msgpack,18.28.0,33493,11983,131,45476,29856.985042,83451.556372,21989.620899,0,1.00,1,99d1c7fab316,131,11
javascript,bytes,message,100,6,cbor,9.0.2,124595,128016,124,252611,8026.004254,7811.523560,3958.655799,0,1.00,1,99d1c7fab316,132,12
javascript,bytes,message,100,6,JSON.stringify,node-24.15.0,4434,4801,168,9235,225529.995489,208289.939596,108283.703303,0,1.00,1,99d1c7fab316,133,13
javascript,bytes,message,100,6,sia,2.3.0,14457,10118,162,24575,69170.643979,98833.761613,40691.759919,0,1.00,1,99d1c7fab316,134,14
javascript,bytes,message,100,6,cbor-x,1.6.4,23519,13883,131,37402,42518.814575,72030.540949,26736.538153,0,1.00,1,99d1c7fab316,135,15
javascript,bytes,message,100,6,bebop,3.2.3,13171,98148,162,111319,75924.379318,10188.694624,8983.192447,0,1.00,1,99d1c7fab316,136,16
javascript,bytes,message,100,6,devalue,5.8.1,20360,8777,186,29137,49115.913556,113934.146064,34320.623263,0,1.00,1,99d1c7fab316,137,17
javascript,bytes,message,100,6,msgpackr,1.12.1,9871,19292,126,29163,101306.858474,51834.957495,34290.025032,0,1.00,1,99d1c7fab316,138,18
javascript,bytes,message,100,6,bser,2.1.1,115180,25113,153,140293,8682.062858,39820.013539,7127.939384,0,1.00,1,99d1c7fab316,139,19
javascript,bytes,message,100,7,devalue,5.8.1,21915,7384,186,29299,45630.846452,135427.952329,34130.857708,0,1.00,1,99d1c7fab316,140,0
javascript,bytes,message,100,7,JSON.stringify,node-24.15.0,3498,5265,168,8763,285877.644368,189933.523267,114116.170261,0,1.00,1,99d1c7fab316,141,1
javascript,bytes,message,100,7,flexbuffers,24.12.23,75472,39079,199,114551,13249.947000,25589.191126,8729.736100,0,1.00,1,99d1c7fab316,142,2
javascript,bytes,message,100,7,protobuf-es,2.12.1,26793,20185,50,46978,37323.181428,49541.738915,21286.559666,0,1.00,1,99d1c7fab316,143,3
javascript,bytes,message,100,7,msgpackr,1.12.1,9919,12136,126,22055,100816.614578,82399.472643,45341.192473,0,1.00,1,99d1c7fab316,144,4
javascript,bytes,message,100,7,json-pack-msgpack,18.28.0,16728,9348,131,26076,59780.009565,106974.753958,38349.440098,0,1.00,1,99d1c7fab316,145,5
javascript,bytes,message,100,7,google-protobuf,3.21.4,1139,15962,52,17101,877963.125549,62648.790878,58476.112508,0,1.00,1,99d1c7fab316,146,6
javascript,bytes,message,100,7,bser,2.1.1,23367,22194,153,45561,42795.395215,45057.222673,21948.596387,0,1.00,1,99d1c7fab316,147,7
javascript,bytes,message,100,7,bson,6.10.4,17572,11621,140,29193,56908.718416,86051.114362,34254.787106,0,1.00,1,99d1c7fab316,148,8
javascript,bytes,message,100,7,cbor,9.0.2,143169,85631,124,228800,6984.752286,11678.013803,4370.629371,0,1.00,1,99d1c7fab316,149,9
javascript,bytes,message,100,7,bebop,3.2.3,19547,15354,162,34901,51158.745588,65129.607920,28652.474141,0,1.00,1,99d1c7fab316,150,10
javascript,bytes,message,100,7,simdjson-parse+JSON.stringify,0.9.2,9299,16809,168,26108,107538.444994,59491.938842,38302.436035,0,1.00,1,99d1c7fab316,151,11
javascript,bytes,message,100,7,v8-serializer,v8-13.6.233.17-node.48,8324,5293,135,13617,120134.550697,188928.773852,73437.614746,0,1.00,1,99d1c7fab316,152,12
javascript,bytes,message,100,7,cbor-x,1.6.4,23660,13420,131,37080,42265.426881,74515.648286,26968.716289,0,1.00,1,99d1c7fab316,153,13
javascript,bytes,message,100,7,protobufjs,7.6.5,14665,25311,52,39976,68189.566996,39508.514085,25015.009005,0,1.00,1,99d1c7fab316,154,14
javascript,bytes,message,100,7,sia,2.3.0,16176,10299,162,26475,61819.980218,97096.805515,37771.482531,0,1.00,1,99d1c7fab316,155,15
javascript,bytes,message,100,7,flatbuffers,24.12.23,27523,14859,104,42382,36333.248556,67299.279898,23594.922373,0,1.00,1,99d1c7fab316,156,16
javascript,bytes,message,100,7,avsc,5.7.9,27413,10545,44,37958,36479.042790,94831.673779,26344.907529,0,1.00,1,99d1c7fab316,157,17
javascript,bytes,message,100,7,@msgpack/msgpack,3.1.3,15246,32564,124,47810,65590.974682,30708.758138,20916.126333,0,1.00,1,99d1c7fab316,158,18
javascript,bytes,message,100,7,fast-json-stringify,6.4.0,7842,2568,168,10410,127518.490181,389408.099688,96061.479347,0,1.00,1,99d1c7fab316,159,19
javascript,bytes,message,100,8,bebop,3.2.3,11640,9821,162,21461,85910.652921,101822.624987,46596.151158,0,1.00,1,99d1c7fab316,160,0
javascript,bytes,message,100,8,JSON.stringify,node-24.15.0,3239,2080,168,5319,308737.264588,480769.230769,188005.264147,0,1.00,1,99d1c7fab316,161,1
javascript,bytes,message,100,8,@msgpack/msgpack,3.1.3,18620,24010,124,42630,53705.692803,41649.312786,23457.658926,0,1.00,1,99d1c7fab316,162,2
javascript,bytes,message,100,8,bson,6.10.4,21154,15160,140,36314,47272.383474,65963.060686,27537.588809,0,1.00,1,99d1c7fab316,163,3
javascript,bytes,message,100,8,devalue,5.8.1,23204,17853,186,41057,43096.017928,56012.995015,24356.382590,0,1.00,1,99d1c7fab316,164,4
javascript,bytes,message,100,8,cbor,9.0.2,238526,118972,124,357498,4192.415083,8405.339071,2797.218446,0,1.00,1,99d1c7fab316,165,5
javascript,bytes,message,100,8,flatbuffers,24.12.23,54556,25617,104,80173,18329.789574,39036.577273,12473.027079,0,1.00,1,99d1c7fab316,166,6
javascript,bytes,message,100,8,avsc,5.7.9,17700,17417,44,35117,56497.175141,57415.169088,28476.236581,0,1.00,1,99d1c7fab316,167,7
javascript,bytes,message,100,8,fast-json-stringify,6.4.0,10176,1892,168,12068,98270.440252,528541.226216,82863.771959,0,1.00,1,99d1c7fab316,168,8
javascript,bytes,message,100,8,cbor-x,1.6.4,21769,19147,131,40916,45936.882723,52227.503003,24440.316747,0,1.00,1,99d1c7fab316,169,9
javascript,bytes,message,100,8,flexbuffers,24.12.23,121679,46425,199,168104,8218.344990,21540.118471,5948.698425,0,1.00,1,99d1c7fab316,170,10
javascript,bytes,message,100,8,v8-serializer,v8-13.6.233.17-node.48,9994,8187,135,18181,100060.036022,122144.863808,55002.475111,0,1.00,1,99d1c7fab316,171,11
javascript,bytes,message,100,8,google-protobuf,3.21.4,1951,32161,52,34112,512557.662737,31093.560524,29315.196998,0,1.00,1,99d1c7fab316,172,12
javascript,bytes,message,100,8,protobuf-es,2.12.1,55543,28991,50,84534,18004.068920,34493.463489,11829.559704,0,1.00,1,99d1c7fab316,173,13
javascript,bytes,message,100,8,msgpackr,1.12.1,16634,17083,126,33717,60117.830949,58537.727565,29658.629178,0,1.00,1,99d1c7fab316,174,14
javascript,bytes,message,100,8,simdjson-parse+JSON.stringify,0.9.2,5440,17717,168,23157,183823.529412,56442.964384,43183.486635,0,1.00,1,99d1c7fab316,175,15
javascript,bytes,message,100,8,sia,2.3.0,17208,11392,162,28600,58112.505811,87780.898876,34965.034965,0,1.00,1,99d1c7fab316,176,16
javascript,bytes,message,100,8,protobufjs,7.6.5,23011,43847,52,66858,43457.476859,22806.577417,14957.073200,0,1.00,1,99d1c7fab316,177,17
javascript,bytes,message,100,8,json-pack-msgpack,18.28.0,28323,14849,131,43172,35306.994316,67344.602330,23163.161308,0,1.00,1,99d1c7fab316,178,18
javascript,bytes,message,100,8,bser,2.1.1,156221,42853,153,199074,6401.188061,23335.589107,5023.257683,0,1.00,1,99d1c7fab316,179,19
javascript,bytes,message,100,9,avsc,5.7.9,24214,18079,44,42293,41298.422400,55312.793849,23644.574752,0,1.00,1,99d1c7fab316,180,0
javascript,bytes,message,100,9,json-pack-msgpack,18.28.0,22674,14923,131,37597,44103.378319,67010.654694,26597.866851,0,1.00,1,99d1c7fab316,181,1
javascript,bytes,message,100,9,msgpackr,1.12.1,12144,17128,126,29272,82345.191041,58383.932742,34162.339437,0,1.00,1,99d1c7fab316,182,2
javascript,bytes,message,100,9,cbor-x,1.6.4,17128,17960,131,35088,58383.932742,55679.287305,28499.772002,0,1.00,1,99d1c7fab316,183,3
javascript,bytes,message,100,9,sia,2.3.0,16829,11448,162,28277,59421.237150,87351.502446,35364.430456,0,1.00,1,99d1c7fab316,184,4
javascript,bytes,message,100,9,flatbuffers,24.12.23,44167,20039,104,64206,22641.338556,49902.689755,15574.868392,0,1.00,1,99d1c7fab316,185,5
javascript,bytes,message,100,9,protobufjs,7.6.5,25165,45762,52,70927,39737.730976,21852.191775,14099.003200,0,1.00,1,99d1c7fab316,186,6
javascript,bytes,message,100,9,google-protobuf,3.21.4,3032,27943,52,30975,329815.303430,35787.138103,32284.100081,0,1.00,1,99d1c7fab316,187,7
javascript,bytes,message,100,9,bebop,3.2.3,14037,9589,162,23626,71240.293510,104286.161226,42326.250741,0,1.00,1,99d1c7fab316,188,8
javascript,bytes,message,100,9,fast-json-stringify,6.4.0,10624,3720,168,14344,94126.506024,268817.204301,69715.560513,0,1.00,1,99d1c7fab316,189,9
javascript,bytes,message,100,9,@msgpack/msgpack,3.1.3,29651,45753,124,75404,33725.675357,21856.490285,13261.895921,0,1.00,1,99d1c7fab316,190,10
javascript,bytes,message,100,9,simdjson-parse+JSON.stringify,0.9.2,4397,13844,168,18241,227427.791676,72233.458538,54821.555836,0,1.00,1,99d1c7fab316,191,11
javascript,bytes,message,100,9,flexbuffers,24.12.23,82164,44055,199,126219,12170.780390,22698.899103,7922.737464,0,1.00,1,99d1c7fab316,192,12
javascript,bytes,message,100,9,cbor,9.0.2,168409,101718,124,270127,5937.924933,9831.101673,3701.962410,0,1.00,1,99d1c7fab316,193,13
javascript,bytes,message,100,9,bser,2.1.1,43602,44289,153,87891,22934.727765,22578.969947,11377.729233,0,1.00,1,99d1c7fab316,194,14
javascript,bytes,message,100,9,JSON.stringify,node-24.15.0,6058,4541,168,10599,165070.980522,220215.811495,94348.523446,0,1.00,1,99d1c7fab316,195,15
javascript,bytes,message,100,9,bson,6.10.4,43506,21667,140,65173,22985.335356,46153.136106,15343.777331,0,1.00,1,99d1c7fab316,196,16
javascript,bytes,message,100,9,protobuf-es,2.12.1,63373,36479,50,99852,15779.590677,27413.032155,10014.821936,0,1.00,1,99d1c7fab316,197,17
javascript,bytes,message,100,9,devalue,5.8.1,45245,13073,186,58318,22101.889712,76493.536296,17147.364450,0,1.00,1,99d1c7fab316,198,18
javascript,bytes,message,100,9,v8-serializer,v8-13.6.233.17-node.48,25807,13273,135,39080,38749.176580,75340.917652,25588.536336,0,1.00,1,99d1c7fab316,199,19
javascript,bytes,message,100,10,google-protobuf,3.21.4,1474,20347,52,21821,678426.051560,49147.294441,45827.413959,0,1.00,1,99d1c7fab316,200,0
javascript,bytes,message,100,10,simdjson-parse+JSON.stringify,0.9.2,4007,14532,168,18539,249563.264287,68813.652629,53940.341982,0,1.00,1,99d1c7fab316,201,1
javascript,bytes,message,100,10,json-pack-msgpack,18.28.0,13401,14806,131,28207,74621.296918,67540.186411,35452.192718,0,1.00,1,99d1c7fab316,202,2
javascript,bytes,message,100,10,cbor,9.0.2,108587,88517,124,197104,9209.205522,11297.264932,5073.463755,0,1.00,1,99d1c7fab316,203,3
javascript,bytes,message,100,10,avsc,5.7.9,15486,8290,44,23776,64574.454346,120627.261761,42059.219381,0,1.00,1,99d1c7fab316,204,4
javascript,bytes,message,100,10,v8-serializer,v8-13.6.233.17-node.48,7145,5466,135,12611,139958.012596,182949.140139,79295.852827,0,1.00,1,99d1c7fab316,205,5
javascript,bytes,message,100,10,bser,2.1.1,18841,30835,153,49676,53075.739080,32430.679423,20130.445285,0,1.00,1,99d1c7fab316,206,6
javascript,bytes,message,100,10,sia,2.3.0,16144,14470,162,30614,61942.517344,69108.500346,32664.793885,0,1.00,1,99d1c7fab316,207,7
javascript,bytes,message,100,10,bson,6.10.4,23433,12282,140,35715,42674.860240,81419.964175,27999.440011,0,1.00,1,99d1c7fab316,208,8
javascript,bytes,message,100,10,flexbuffers,24.12.23,81849,50843,199,132692,12217.620252,19668.390929,7536.249359,0,1.00,1,99d1c7fab316,209,9
javascript,bytes,message,100,10,@msgpack/msgpack,3.1.3,14297,29512,124,43809,69944.743653,33884.521551,22826.359880,0,1.00,1,99d1c7fab316,210,10
javascript,bytes,message,100,10,protobufjs,7.6.5,20980,29599,52,50579,47664.442326,33784.925166,19771.051227,0,1.00,1,99d1c7fab316,211,11
javascript,bytes,message,100,10,msgpackr,1.12.1,11688,16830,126,28518,85557.837098,59417.706477,35065.572621,0,1.00,1,99d1c7fab316,212,12
javascript,bytes,message,100,10,fast-json-stringify,6.4.0,17322,3904,168,21226,57730.054266,256147.540984,47112.032413,0,1.00,1,99d1c7fab316,213,13
javascript,bytes,message,100,10,flatbuffers,24.12.23,26943,12128,104,39071,37115.391753,82453.825858,25594.430652,0,1.00,1,99d1c7fab316,214,14
javascript,bytes,message,100,10,bebop,3.2.3,10227,5188,162,15415,97780.385255,192752.505783,64871.878041,0,1.00,1,99d1c7fab316,215,15
javascript,bytes,message,100,10,protobuf-es,2.12.1,26423,25411,50,51834,37845.816145,39353.036087,19292.356368,0,1.00,1,99d1c7fab316,216,16
javascript,bytes,message,100,10,JSON.stringify,node-24.15.0,4339,2379,168,6718,230467.849735,420344.682640,148853.825543,0,1.00,1,99d1c7fab316,217,17
javascript,bytes,message,100,10,cbor-x,1.6.4,17938,18827,131,36765,55747.574980,53115.206884,27199.782402,0,1.00,1,99d1c7fab316,218,18
javascript,bytes,message,100,10,devalue,5.8.1,18614,6897,186,25511,53723.004190,144990.575613,39198.776998,0,1.00,1,99d1c7fab316,219,19
javascript,bytes,message,100,11,bebop,3.2.3,5436,4003,162,9439,183958.793230,249812.640520,105943.426210,0,1.00,1,99d1c7fab316,220,0
javascript,bytes,message,100,11,sia,2.3.0,12331,9550,162,21881,81096.423648,104712.041885,45701.750377,0,1.00,1,99d1c7fab316,221,1
javascript,bytes,message,100,11,flatbuffers,24.12.23,28613,7791,104,36404,34949.148988,128353.228084,27469.508845,0,1.00,1,99d1c7fab316,222,2
javascript,bytes,message,100,11,cbor,9.0.2,106765,68751,124,175516,9366.365382,14545.242978,5697.486269,0,1.00,1,99d1c7fab316,223,3
javascript,bytes,message,100,11,JSON.stringify,node-24.15.0,3182,3193,168,6375,314267.756128,313185.092390,156862.745098,0,1.00,1,99d1c7fab316,224,4
javascript,bytes,message,100,11,google-protobuf,3.21.4,1198,14239,52,15437,834724.540902,70229.650959,64779.426054,0,1.00,1,99d1c7fab316,225,5
javascript,bytes,message,100,11,bser,2.1.1,22621,26359,153,48980,44206.710579,37937.706286,20416.496529,0,1.00,1,99d1c7fab316,226,6
javascript,bytes,message,100,11,@msgpack/msgpack,3.1.3,11860,18891,124,30751,84317.032040,52935.260177,32519.267666,0,1.00,1,99d1c7fab316,227,7
javascript,bytes,message,100,11,protobufjs,7.6.5,12746,24392,52,37138,78455.986192,40997.048213,26926.598094,0,1.00,1,99d1c7fab316,228,8
javascript,bytes,message,100,11,fast-json-stringify,6.4.0,6006,3093,168,9099,166500.166500,323310.701584,109902.187054,0,1.00,1,99d1c7fab316,229,9
javascript,bytes,message,100,11,v8-serializer,v8-13.6.233.17-node.48,7211,6721,135,13932,138677.021218,148787.382830,71777.203560,0,1.00,1,99d1c7fab316,230,10
javascript,bytes,message,100,11,json-pack-msgpack,18.28.0,10122,11782,131,21904,98794.704604,84875.233407,45653.761870,0,1.00,1,99d1c7fab316,231,11
javascript,bytes,message,100,11,flexbuffers,24.12.23,63217,37620,199,100837,15818.529826,26581.605529,9916.994754,0,1.00,1,99d1c7fab316,232,12
javascript,bytes,message,100,11,cbor-x,1.6.4,15976,11483,131,27459,62593.890836,87085.256466,36417.932190,0,1.00,1,99d1c7fab316,233,13
javascript,bytes,message,100,11,avsc,5.7.9,14534,8412,44,22946,68804.183294,118877.793628,43580.580493,0,1.00,1,99d1c7fab316,234,14
javascript,bytes,message,100,11,msgpackr,1.12.1,9300,15116,126,24416,107526.881720,66155.067478,40956.749672,0,1.00,1,99d1c7fab316,235,15
javascript,bytes,message,100,11,simdjson-parse+JSON.stringify,0.9.2,2634,17444,168,20078,379650.721336,57326.301307,49805.757546,0,1.00,1,99d1c7fab316,236,16
javascript,bytes,message,100,11,protobuf-es,2.12.1,31711,23821,50,55532,31534.798650,41979.765753,18007.635237,0,1.00,1,99d1c7fab316,237,17
javascript,bytes,message,100,11,devalue,5.8.1,17390,8044,186,25434,57504.312823,124316.260567,39317.449084,0,1.00,1,99d1c7fab316,238,18
javascript,bytes,message,100,11,bson,6.10.4,15054,12334,140,27388,66427.527567,81076.698557,36512.341171,0,1.00,1,99d1c7fab316,239,19
javascript,bytes,message,100,12,fast-json-stringify,6.4.0,8562,2023,168,10585,116795.141322,494315.373208,94473.311290,0,1.00,1,99d1c7fab316,240,0
javascript,bytes,message,100,12,bser,2.1.1,18626,18374,153,37000,53688.392570,54424.730598,27027.027027,0,1.00,1,99d1c7fab316,241,1
javascript,bytes,message,100,12,protobufjs,7.6.5,10187,19148,52,29335,98164.327084,52224.775433,34088.972217,0,1.00,1,99d1c7fab316,242,2
javascript,bytes,message,100,12,flexbuffers,24.12.23,69137,36794,199,105931,14464.035177,27178.344295,9440.107240,0,1.00,1,99d1c7fab316,243,3
javascript,bytes,message,100,12,cbor-x,1.6.4,11990,9899,131,21889,83402.835696,101020.305081,45685.047284,0,1.00,1,99d1c7fab316,244,4
javascript,bytes,message,100,12,@msgpack/msgpack,3.1.3,9917,16246,124,26163,100836.946657,61553.613197,38221.916447,0,1.00,1,99d1c7fab316,245,5
javascript,bytes,message,100,12,msgpackr,1.12.1,7457,9440,126,16897,134102.185866,105932.203390,59182.103332,0,1.00,1,99d1c7fab316,246,6
javascript,bytes,message,100,12,avsc,5.7.9,12264,6714,44,18978,81539.465101,148942.508192,52692.591422,0,1.00,1,99d1c7fab316,247,7
javascript,bytes,message,100,12,protobuf-es,2.12.1,18634,19688,50,38322,53665.342922,50792.360829,26094.671468,0,1.00,1,99d1c7fab316,248,8
javascript,bytes,message,100,12,cbor,9.0.2,108741,72602,124,181343,9196.163361,13773.725242,5514.411916,0,1.00,1,99d1c7fab316,249,9
javascript,bytes,message,100,12,sia,2.3.0,18355,9280,162,27635,54481.067829,107758.620690,36185.996020,0,1.00,1,99d1c7fab316,250,10
javascript,bytes,message,100,12,JSON.stringify,node-24.15.0,2874,3231,168,6105,347947.112039,309501.702259,163800.163800,0,1.00,1,99d1c7fab316,251,11
javascript,bytes,message,100,12,simdjson-parse+JSON.stringify,0.9.2,1279,10594,168,11873,781860.828772,94393.052671,84224.711530,0,1.00,1,99d1c7fab316,252,12
javascript,bytes,message,100,12,v8-serializer,v8-13.6.233.17-node.48,5866,4299,135,10165,170473.917491,232612.235404,98376.783079,0,1.00,1,99d1c7fab316,253,13
javascript,bytes,message,100,12,json-pack-msgpack,18.28.0,8513,9713,131,18226,117467.402796,102954.802842,54866.673982,0,1.00,1,99d1c7fab316,254,14
javascript,bytes,message,100,12,google-protobuf,3.21.4,544,13923,52,14467,1838235.294118,71823.601235,69122.831271,0,1.00,1,99d1c7fab316,255,15
javascript,bytes,message,100,12,devalue,5.8.1,16147,6402,186,22549,61931.008856,156201.187129,44347.864650,0,1.00,1,99d1c7fab316,256,16
javascript,bytes,message,100,12,flatbuffers,24.12.23,20393,7634,104,28027,49036.434071,130992.926382,35679.880116,0,1.00,1,99d1c7fab316,257,17
javascript,bytes,message,100,12,bebop,3.2.3,6205,4771,162,10976,161160.354553,209599.664641,91107.871720,0,1.00,1,99d1c7fab316,258,18
javascript,bytes,message,100,12,bson,6.10.4,10627,10763,140,21390,94099.934130,92910.898448,46750.818139,0,1.00,1,99d1c7fab316,259,19
javascript,bytes,message,100,13,bser,2.1.1,18033,18220,153,36253,55453.890090,54884.742042,27583.924089,0,1.00,1,99d1c7fab316,260,0
javascript,bytes,message,100,13,json-pack-msgpack,18.28.0,6651,6878,131,13529,150353.330326,145391.102065,73915.293074,0,1.00,1,99d1c7fab316,261,1
javascript,bytes,message,100,13,bebop,3.2.3,4472,3345,162,7817,223613.595707,298953.662182,127926.314443,0,1.00,1,99d1c7fab316,262,2
javascript,bytes,message,100,13,protobufjs,7.6.5,9415,18632,52,28047,106213.489113,53671.103478,35654.437195,0,1.00,1,99d1c7fab316,263,3
javascript,bytes,message,100,13,@msgpack/msgpack,3.1.3,9655,15443,124,25098,103573.278094,64754.257592,39843.812256,0,1.00,1,99d1c7fab316,264,4
javascript,bytes,message,100,13,simdjson-parse+JSON.stringify,0.9.2,3096,10053,168,13149,322997.416021,99472.794191,76051.410754,0,1.00,1,99d1c7fab316,265,5
javascript,bytes,message,100,13,sia,2.3.0,19467,9578,162,29045,51368.983408,104405.930257,34429.333792,0,1.00,1,99d1c7fab316,266,6
javascript,bytes,message,100,13,JSON.stringify,node-24.15.0,1517,2624,168,4141,659195.781147,381097.560976,241487.563390,0,1.00,1,99d1c7fab316,267,7
javascript,bytes,message,100,13,google-protobuf,3.21.4,582,14150,52,14732,1718213.058419,70671.378092,67879.446104,0,1.00,1,99d1c7fab316,268,8
javascript,bytes,message,100,13,flexbuffers,24.12.23,56384,34799,199,91183,17735.527809,28736.457944,10966.956560,0,1.00,1,99d1c7fab316,269,9
javascript,bytes,message,100,13,v8-serializer,v8-13.6.233.17-node.48,5356,4596,135,9952,186706.497386,217580.504787,100482.315113,0,1.00,1,99d1c7fab316,270,10
javascript,bytes,message,100,13,flatbuffers,24.12.23,17070,7784,104,24854,58582.308143,128468.653649,40234.972238,0,1.00,1,99d1c7fab316,271,11
javascript,bytes,message,100,13,avsc,5.7.9,10971,6025,44,16996,91149.393857,165975.103734,58837.373500,0,1.00,1,99d1c7fab316,272,12
javascript,bytes,message,100,13,cbor,9.0.2,112510,64887,124,177397,8888.098836,15411.407524,5637.073908,0,1.00,1,99d1c7fab316,273,13
javascript,bytes,message,100,13,cbor-x,1.6.4,12468,10264,131,22732,80205.325634,97427.903352,43990.849903,0,1.00,1,99d1c7fab316,274,14
javascript,bytes,message,100,13,devalue,5.8.1,17912,7999,186,25911,55828.494864,125015.626953,38593.647486,0,1.00,1,99d1c7fab316,275,15
javascript,bytes,message,100,13,msgpackr,1.12.1,7807,10088,126,17895,128090.175484,99127.676447,55881.531154,0,1.00,1,99d1c7fab316,276,16
javascript,bytes,message,100,13,fast-json-stringify,6.4.0,4728,1820,168,6548,211505.922166,549450.549451,152718.387294,0,1.00,1,99d1c7fab316,277,17
javascript,bytes,message,100,13,bson,6.10.4,10525,11605,140,22130,95011.876485,86169.754416,45187.528242,0,1.00,1,99d1c7fab316,278,18
javascript,bytes,message,100,13,protobuf-es,2.12.1,21548,20669,50,42217,46408.019306,48381.634332,23687.140252,0,1.00,1,99d1c7fab316,279,19
javascript,bytes,message,100,14,flatbuffers,24.12.23,28212,7915,104,36127,35445.909542,126342.387871,27680.128436,0,1.00,1,99d1c7fab316,280,0
javascript,bytes,message,100,14,fast-json-stringify,6.4.0,4038,2318,168,6356,247647.350173,431406.384814,157331.655129,0,1.00,1,99d1c7fab316,281,1
javascript,bytes,message,100,14,bser,2.1.1,18670,19312,153,37982,53561.863953,51781.275891,26328.260755,0,1.00,1,99d1c7fab316,282,2
javascript,bytes,message,100,14,flexbuffers,24.12.23,53956,33786,199,87742,18533.619987,29598.058367,11397.050443,0,1.00,1,99d1c7fab316,283,3
javascript,bytes,message,100,14,simdjson-parse+JSON.stringify,0.9.2,3573,37532,168,41105,279876.854184,26643.930513,24327.940640,0,1.00,1,99d1c7fab316,284,4
javascript,bytes,message,100,14,cbor,9.0.2,81033,65993,124,147026,12340.651340,15153.122301,6801.518099,0,1.00,1,99d1c7fab316,285,5
javascript,bytes,message,100,14,devalue,5.8.1,15528,11777,186,27305,64399.793921,84911.267725,36623.329061,0,1.00,1,99d1c7fab316,286,6
javascript,bytes,message,100,14,cbor-x,1.6.4,12103,9598,131,21701,82624.142775,104188.372578,46080.825768,0,1.00,1,99d1c7fab316,287,7
javascript,bytes,message,100,14,json-pack-msgpack,18.28.0,8697,26482,131,35179,114982.177762,37761.498376,28426.049632,0,1.00,1,99d1c7fab316,288,8
javascript,bytes,message,100,14,protobufjs,7.6.5,10669,21646,52,32315,93729.496673,46197.911854,30945.381402,0,1.00,1,99d1c7fab316,289,9
javascript,bytes,message,100,14,avsc,5.7.9,12601,6803,44,19404,79358.781049,146993.973247,51535.765821,0,1.00,1,99d1c7fab316,290,10
javascript,bytes,message,100,14,JSON.stringify,node-24.15.0,1843,1458,168,3301,542593.597396,685871.056241,302938.503484,0,1.00,1,99d1c7fab316,291,11
javascript,bytes,message,100,14,msgpackr,1.12.1,7598,9747,126,17345,131613.582522,102595.670463,57653.502450,0,1.00,1,99d1c7fab316,292,12
javascript,bytes,message,100,14,bson,6.10.4,9584,10629,140,20213,104340.567613,94082.227867,49473.111364,0,1.00,1,99d1c7fab316,293,13
javascript,bytes,message,100,14,bebop,3.2.3,6764,4393,162,11157,147841.513897,227634.873663,89629.828807,0,1.00,1,99d1c7fab316,294,14
javascript,bytes,message,100,14,sia,2.3.0,12397,9818,162,22215,80664.676938,101853.738032,45014.629755,0,1.00,1,99d1c7fab316,295,15
javascript,bytes,message,100,14,protobuf-es,2.12.1,17891,18002,50,35893,55894.024929,55549.383402,27860.585630,0,1.00,1,99d1c7fab316,296,16
javascript,bytes,message,100,14,v8-serializer,v8-13.6.233.17-node.48,6205,4846,135,11051,161160.354553,206355.757326,90489.548457,0,1.00,1,99d1c7fab316,297,17
javascript,bytes,message,100,14,google-protobuf,3.21.4,621,11342,52,11963,1610305.958132,88167.871628,83591.072473,0,1.00,1,99d1c7fab316,298,18
javascript,bytes,message,100,14,@msgpack/msgpack,3.1.3,10319,16267,124,26586,96908.615176,61474.150120,37613.781690,0,1.00,1,99d1c7fab316,299,19
javascript,bytes,message,100,15,protobufjs,7.6.5,9167,16918,52,26085,109086.942293,59108.641683,38336.208549,0,1.00,1,99d1c7fab316,300,0
javascript,bytes,message,100,15,google-protobuf,3.21.4,595,8052,52,8647,1680672.268908,124192.747144,115647.045218,0,1.00,1,99d1c7fab316,301,1
javascript,bytes,message,100,15,flatbuffers,24.12.23,26896,7477,104,34373,37180.249851,133743.480005,29092.601751,0,1.00,1,99d1c7fab316,302,2
javascript,bytes,message,100,15,sia,2.3.0,12065,8858,162,20923,82884.376295,112892.300745,47794.293361,0,1.00,1,99d1c7fab316,303,3
javascript,bytes,message,100,15,json-pack-msgpack,18.28.0,7628,6773,131,14401,131095.962244,147645.061273,69439.622248,0,1.00,1,99d1c7fab316,304,4
javascript,bytes,message,100,15,devalue,5.8.1,15060,6834,186,21894,66401.062417,146327.187591,45674.614050,0,1.00,1,99d1c7fab316,305,5
javascript,bytes,message,100,15,cbor,9.0.2,100594,64559,124,165153,9940.950753,15489.707090,6054.991432,0,1.00,1,99d1c7fab316,306,6
javascript,bytes,message,100,15,JSON.stringify,node-24.15.0,3466,2953,168,6419,288517.022504,338638.672536,155787.505842,0,1.00,1,99d1c7fab316,307,7
javascript,bytes,message,100,15,v8-serializer,v8-13.6.233.17-node.48,5696,4637,135,10333,175561.797753,215656.674574,96777.315397,0,1.00,1,99d1c7fab316,308,8
javascript,bytes,message,100,15,avsc,5.7.9,9245,5987,44,15232,108166.576528,167028.561884,65651.260504,0,1.00,1,99d1c7fab316,309,9
javascript,bytes,message,100,15,bson,6.10.4,9369,11517,140,20886,106734.977052,86828.167057,47878.961984,0,1.00,1,99d1c7fab316,310,10
javascript,bytes,message,100,15,msgpackr,1.12.1,7864,10185,126,18049,127161.749746,98183.603338,55404.731564,0,1.00,1,99d1c7fab316,311,11
javascript,bytes,message,100,15,bebop,3.2.3,6501,4326,162,10827,153822.488848,231160.425335,92361.688372,0,1.00,1,99d1c7fab316,312,12
javascript,bytes,message,100,15,@msgpack/msgpack,3.1.3,10321,26102,124,36423,96889.836256,38311.240518,27455.179420,0,1.00,1,99d1c7fab316,313,13
javascript,bytes,message,100,15,flexbuffers,24.12.23,57036,48241,199,105277,17532.786310,20729.255198,9498.750914,0,1.00,1,99d1c7fab316,314,14
javascript,bytes,message,100,15,bser,2.1.1,24456,22183,153,46639,40889.761204,45079.565433,21441.283046,0,1.00,1,99d1c7fab316,315,15
javascript,bytes,message,100,15,simdjson-parse+JSON.stringify,0.9.2,10816,12941,168,23757,92455.621302,77273.781006,42092.856842,0,1.00,1,99d1c7fab316,316,16
javascript,bytes,message,100,15,protobuf-es,2.12.1,20067,20615,50,40682,49833.059252,48508.367693,24580.895728,0,1.00,1,99d1c7fab316,317,17
javascript,bytes,message,100,15,cbor-x,1.6.4,16016,9634,131,25650,62437.562438,103799.045049,38986.354776,0,1.00,1,99d1c7fab316,318,18
javascript,bytes,message,100,15,fast-json-stringify,6.4.0,5410,3354,168,8764,184842.883549,298151.460942,114103.149247,0,1.00,1,99d1c7fab316,319,19
javascript,bytes,message,100,16,flatbuffers,24.12.23,32375,7636,104,40011,30888.030888,130958.617077,24993.126890,0,1.00,1,99d1c7fab316,320,0
javascript,bytes,message,100,16,json-pack-msgpack,18.28.0,8019,7235,131,15254,124703.828408,138217.000691,65556.575325,0,1.00,1,99d1c7fab316,321,1
javascript,bytes,message,100,16,protobuf-es,2.12.1,14801,15505,50,30306,67563.002500,64495.324089,32996.766317,0,1.00,1,99d1c7fab316,322,2
javascript,bytes,message,100,16,avsc,5.7.9,10542,5703,44,16245,94858.660596,175346.308960,61557.402278,0,1.00,1,99d1c7fab316,323,3
javascript,bytes,message,100,16,fast-json-stringify,6.4.0,4122,1306,168,5428,242600.679282,765696.784074,184229.918939,0,1.00,1,99d1c7fab316,324,4
javascript,bytes,message,100,16,bebop,3.2.3,5599,4597,162,10196,178603.322022,217533.173809,98077.677521,0,1.00,1,99d1c7fab316,325,5
javascript,bytes,message,100,16,cbor-x,1.6.4,9739,7438,131,17177,102679.946606,134444.743211,58217.383711,0,1.00,1,99d1c7fab316,326,6
javascript,bytes,message,100,16,flexbuffers,24.12.23,53808,33489,199,87297,18584.597086,29860.551226,11455.147370,0,1.00,1,99d1c7fab316,327,7
javascript,bytes,message,100,16,cbor,9.0.2,157492,82634,124,240126,6349.528865,12101.556260,4164.480315,0,1.00,1,99d1c7fab316,328,8
javascript,bytes,message,100,16,sia,2.3.0,12684,9353,162,22037,78839.482813,106917.566556,45378.227526,0,1.00,1,99d1c7fab316,329,9
javascript,bytes,message,100,16,google-protobuf,3.21.4,929,12270,52,13199,1076426.264801,81499.592502,75763.315403,0,1.00,1,99d1c7fab316,330,10
javascript,bytes,message,100,16,bson,6.10.4,9411,10752,140,20163,106258.633514,93005.952381,49595.794277,0,1.00,1,99d1c7fab316,331,11
javascript,bytes,message,100,16,v8-serializer,v8-13.6.233.17-node.48,12216,5028,135,17244,81859.855927,198886.237072,57991.185340,0,1.00,1,99d1c7fab316,332,12
javascript,bytes,message,100,16,JSON.stringify,node-24.15.0,3796,3527,168,7323,263435.194942,283527.076836,136556.056261,0,1.00,1,99d1c7fab316,333,13
javascript,bytes,message,100,16,devalue,5.8.1,17930,6141,186,24071,55772.448410,162839.928350,41543.766358,0,1.00,1,99d1c7fab316,334,14
javascript,bytes,message,100,16,protobufjs,7.6.5,10594,20486,52,31080,94393.052671,48813.824075,32175.032175,0,1.00,1,99d1c7fab316,335,15
javascript,bytes,message,100,16,@msgpack/msgpack,3.1.3,31988,16031,124,48019,31261.723146,62379.140415,20825.090069,0,1.00,1,99d1c7fab316,336,16
javascript,bytes,message,100,16,bser,2.1.1,42538,23853,153,66391,23508.392496,41923.447784,15062.282538,0,1.00,1,99d1c7fab316,337,17
javascript,bytes,message,100,16,simdjson-parse+JSON.stringify,0.9.2,2740,13308,168,16048,364963.503650,75142.771265,62313.060818,0,1.00,1,99d1c7fab316,338,18
javascript,bytes,message,100,16,msgpackr,1.12.1,7675,9581,126,17256,130293.159609,104373.238702,57950.857673,0,1.00,1,99d1c7fab316,339,19
javascript,bytes,message,100,17,sia,2.3.0,11508,9045,162,20553,86896.072298,110558.319514,48654.697611,0,1.00,1,99d1c7fab316,340,0
javascript,bytes,message,100,17,cbor,9.0.2,63105,52572,124,115677,15846.604865,19021.532375,8644.760843,0,1.00,1,99d1c7fab316,341,1
javascript,bytes,message,100,17,msgpackr,1.12.1,6966,12623,126,19589,143554.407120,79220.470570,51049.058145,0,1.00,1,99d1c7fab316,342,2
javascript,bytes,message,100,17,bebop,3.2.3,6215,4641,162,10856,160901.045857,215470.803706,92114.959469,0,1.00,1,99d1c7fab316,343,3
javascript,bytes,message,100,17,fast-json-stringify,6.4.0,4911,8221,168,13132,203624.516392,121639.703199,76149.862930,0,1.00,1,99d1c7fab316,344,4
javascript,bytes,message,100,17,JSON.stringify,node-24.15.0,3060,1427,168,4487,326797.385621,700770.847933,222866.057499,0,1.00,1,99d1c7fab316,345,5
javascript,bytes,message,100,17,simdjson-parse+JSON.stringify,0.9.2,1244,10562,168,11806,803858.520900,94679.038061,84702.693546,0,1.00,1,99d1c7fab316,346,6
javascript,bytes,message,100,17,bson,6.10.4,18488,11723,140,30211,54089.138901,85302.396997,33100.526298,0,1.00,1,99d1c7fab316,347,7
javascript,bytes,message,100,17,cbor-x,1.6.4,11560,9060,131,20620,86505.190311,110375.275938,48496.605238,0,1.00,1,99d1c7fab316,348,8
javascript,bytes,message,100,17,v8-serializer,v8-13.6.233.17-node.48,6460,11799,135,18259,154798.761610,84752.945165,54767.511912,0,1.00,1,99d1c7fab316,349,9
javascript,bytes,message,100,17,flexbuffers,24.12.23,60144,39120,199,99264,16626.762437,25562.372188,10074.145712,0,1.00,1,99d1c7fab316,350,10
javascript,bytes,message,100,17,devalue,5.8.1,16284,7092,186,23376,61409.972980,141003.948111,42778.918549,0,1.00,1,99d1c7fab316,351,11
javascript,bytes,message,100,17,@msgpack/msgpack,3.1.3,10047,16362,124,26409,99532.198666,61117.222833,37865.879056,0,1.00,1,99d1c7fab316,352,12
javascript,bytes,message,100,17,avsc,5.7.9,10812,6593,44,17405,92489.826119,151676.020021,57454.754381,0,1.00,1,99d1c7fab316,353,13
javascript,bytes,message,100,17,bser,2.1.1,16971,35158,153,52129,58924.046904,28443.028614,19183.180188,0,1.00,1,99d1c7fab316,354,14
javascript,bytes,message,100,17,protobufjs,7.6.5,9803,29209,52,39012,102009.588901,34236.023144,25633.138521,0,1.00,1,99d1c7fab316,355,15
javascript,bytes,message,100,17,flatbuffers,24.12.23,20190,23352,104,43542,49529.470035,42822.884550,22966.331358,0,1.00,1,99d1c7fab316,356,16
javascript,bytes,message,100,17,google-protobuf,3.21.4,861,11893,52,12754,1161440.185830,84083.074077,78406.774345,0,1.00,1,99d1c7fab316,357,17
javascript,bytes,message,100,17,protobuf-es,2.12.1,18998,18594,50,37592,52637.119697,53780.789502,26601.404554,0,1.00,1,99d1c7fab316,358,18
javascript,bytes,message,100,17,json-pack-msgpack,18.28.0,7854,7230,131,15084,127323.656735,138312.586445,66295.412357,0,1.00,1,99d1c7fab316,359,19
javascript,bytes,message,100,18,flatbuffers,24.12.23,13745,6274,104,20019,72753.728629,159387.950271,49952.545082,0,1.00,1,99d1c7fab316,360,0
javascript,bytes,message,100,18,protobufjs,7.6.5,8216,15280,52,23496,121713.729309,65445.026178,42560.435819,0,1.00,1,99d1c7fab316,361,1
javascript,bytes,message,100,18,avsc,5.7.9,10239,7543,44,17782,97665.787675,132573.246719,56236.643797,0,1.00,1,99d1c7fab316,362,2
javascript,bytes,message,100,18,cbor-x,1.6.4,11282,9041,131,20323,88636.766531,110607.233713,49205.333858,0,1.00,1,99d1c7fab316,363,3
javascript,bytes,message,100,18,bebop,3.2.3,6083,4073,162,10156,164392.569456,245519.273263,98463.962190,0,1.00,1,99d1c7fab316,364,4
javascript,bytes,message,100,18,JSON.stringify,node-24.15.0,2208,1463,168,3671,452898.550725,683526.999316,272405.339145,0,1.00,1,99d1c7fab316,365,5
javascript,bytes,message,100,18,google-protobuf,3.21.4,566,11292,52,11858,1766784.452297,88558.271343,84331.253162,0,1.00,1,99d1c7fab316,366,6
javascript,bytes,message,100,18,fast-json-stringify,6.4.0,4548,1132,168,5680,219876.868953,883392.226148,176056.338028,0,1.00,1,99d1c7fab316,367,7
javascript,bytes,message,100,18,bson,6.10.4,9557,10701,140,20258,104635.345820,93449.210354,49363.214533,0,1.00,1,99d1c7fab316,368,8
javascript,bytes,message,100,18,flexbuffers,24.12.23,80927,39260,199,120187,12356.815402,25471.217524,8320.367427,0,1.00,1,99d1c7fab316,369,9
javascript,bytes,message,100,18,devalue,5.8.1,14811,6214,186,21025,67517.385727,160926.939170,47562.425684,0,1.00,1,99d1c7fab316,370,10
javascript,bytes,message,100,18,@msgpack/msgpack,3.1.3,9189,30436,124,39625,108825.769942,32855.828624,25236.593060,0,1.00,1,99d1c7fab316,371,11
javascript,bytes,message,100,18,simdjson-parse+JSON.stringify,0.9.2,3292,11163,168,14455,303766.707169,89581.653677,69180.214459,0,1.00,1,99d1c7fab316,372,12
javascript,bytes,message,100,18,msgpackr,1.12.1,7510,9594,126,17104,133155.792277,104231.811549,58465.855940,0,1.00,1,99d1c7fab316,373,13
javascript,bytes,message,100,18,bser,2.1.1,19193,28071,153,47264,52102.328974,35623.953546,21157.752200,0,1.00,1,99d1c7fab316,374,14
javascript,bytes,message,100,18,json-pack-msgpack,18.28.0,7715,6720,131,14435,129617.627997,148809.523810,69276.065120,0,1.00,1,99d1c7fab316,375,15
javascript,bytes,message,100,18,v8-serializer,v8-13.6.233.17-node.48,6547,4627,135,11174,152741.713762,216122.757726,89493.466977,0,1.00,1,99d1c7fab316,376,16
javascript,bytes,message,100,18,protobuf-es,2.12.1,93040,21283,50,114323,10748.065348,46985.857257,8747.146244,0,1.00,1,99d1c7fab316,377,17
javascript,bytes,message,100,18,sia,2.3.0,15880,9359,162,25239,62972.292191,106849.022331,39621.221126,0,1.00,1,99d1c7fab316,378,18
javascript,bytes,message,100,18,cbor,9.0.2,63677,46637,124,110314,15704.257424,21442.202543,9065.032543,0,1.00,1,99d1c7fab316,379,19
javascript,bytes,message,100,19,protobufjs,7.6.5,9782,18461,52,28243,102228.583112,54168.246574,35407.003505,0,1.00,1,99d1c7fab316,380,0
javascript,bytes,message,100,19,msgpackr,1.12.1,7756,10361,126,18117,128932.439402,96515.780330,55196.776508,0,1.00,1,99d1c7fab316,381,1
javascript,bytes,message,100,19,devalue,5.8.1,15992,8306,186,24298,62531.265633,120394.895256,41155.650671,0,1.00,1,99d1c7fab316,382,2
javascript,bytes,message,100,19,json-pack-msgpack,18.28.0,7839,6580,131,14419,127567.291746,151975.683891,69352.937097,0,1.00,1,99d1c7fab316,383,3
javascript,bytes,message,100,19,cbor,9.0.2,46621,53949,124,100570,21449.561356,18536.024764,9943.323059,0,1.00,1,99d1c7fab316,384,4
javascript,bytes,message,100,19,JSON.stringify,node-24.15.0,3586,3131,168,6717,278862.242052,319386.777387,148875.986303,0,1.00,1,99d1c7fab316,385,5
javascript,bytes,message,100,19,avsc,5.7.9,9157,6565,44,15722,109206.071858,152322.924600,63605.139295,0,1.00,1,99d1c7fab316,386,6
javascript,bytes,message,100,19,v8-serializer,v8-13.6.233.17-node.48,5894,4815,135,10709,169664.065151,207684.319834,93379.400504,0,1.00,1,99d1c7fab316,387,7
javascript,bytes,message,100,19,@msgpack/msgpack,3.1.3,10011,25787,124,35798,99890.120867,38779.229844,27934.521482,0,1.00,1,99d1c7fab316,388,8
javascript,bytes,message,100,19,fast-json-stringify,6.4.0,4994,1731,168,6725,200240.288346,577700.751011,148698.884758,0,1.00,1,99d1c7fab316,389,9
javascript,bytes,message,100,19,sia,2.3.0,23695,13811,162,37506,42202.996413,72406.053146,26662.400683,0,1.00,1,99d1c7fab316,390,10
javascript,bytes,message,100,19,flexbuffers,24.12.23,74609,35137,199,109746,13403.208728,28460.027891,9111.949410,0,1.00,1,99d1c7fab316,391,11
javascript,bytes,message,100,19,bser,2.1.1,18028,18183,153,36211,55469.270024,54996.425232,27615.917815,0,1.00,1,99d1c7fab316,392,12
javascript,bytes,message,100,19,cbor-x,1.6.4,12163,9320,131,21483,82216.558415,107296.137339,46548.433645,0,1.00,1,99d1c7fab316,393,13
javascript,bytes,message,100,19,simdjson-parse+JSON.stringify,0.9.2,3362,36777,168,40139,297441.998810,27190.907361,24913.425845,0,1.00,1,99d1c7fab316,394,14
javascript,bytes,message,100,19,bebop,3.2.3,6499,4461,162,10960,153869.826127,224164.985429,91240.875912,0,1.00,1,99d1c7fab316,395,15
javascript,bytes,message,100,19,bson,6.10.4,9875,11531,140,21406,101265.822785,86722.747377,46715.874054,0,1.00,1,99d1c7fab316,396,16
javascript,bytes,message,100,19,google-protobuf,3.21.4,641,18168,52,18809,1560062.402496,55041.831792,53166.037535,0,1.00,1,99d1c7fab316,397,17
javascript,bytes,message,100,19,flatbuffers,24.12.23,22932,8201,104,31133,43607.186464,121936.349226,32120.258247,0,1.00,1,99d1c7fab316,398,18
javascript,bytes,message,100,19,protobuf-es,2.12.1,17420,19401,50,36821,57405.281286,51543.734859,27158.415035,0,1.00,1,99d1c7fab316,399,19
javascript,bytes,message,100,20,avsc,5.7.9,11713,6206,44,17919,85375.224110,161134.386078,55806.685641,0,1.00,1,99d1c7fab316,400,0
javascript,bytes,message,100,20,sia,2.3.0,10757,8669,162,19426,92962.721948,115353.558657,51477.401421,0,1.00,1,99d1c7fab316,401,1
javascript,bytes,message,100,20,bson,6.10.4,14387,10040,140,24427,69507.193995,99601.593625,40938.305973,0,1.00,1,99d1c7fab316,402,2
javascript,bytes,message,100,20,protobuf-es,2.12.1,12940,14124,50,27064,77279.752705,70801.472671,36949.453148,0,1.00,1,99d1c7fab316,403,3
javascript,bytes,message,100,20,json-pack-msgpack,18.28.0,7755,6739,131,14494,128949.065119,148389.968838,68994.066510,0,1.00,1,99d1c7fab316,404,4
javascript,bytes,message,100,20,cbor-x,1.6.4,11246,8533,131,19779,88920.505068,117192.077816,50558.673340,0,1.00,1,99d1c7fab316,405,5
javascript,bytes,message,100,20,protobufjs,7.6.5,10244,16564,52,26808,97618.117923,60371.890848,37302.297822,0,1.00,1,99d1c7fab316,406,6
javascript,bytes,message,100,20,@msgpack/msgpack,3.1.3,9507,29763,124,39270,105185.652677,33598.763566,25464.731347,0,1.00,1,99d1c7fab316,407,7
javascript,bytes,message,100,20,JSON.stringify,node-24.15.0,3826,3336,168,7162,261369.576581,299760.191847,139625.802848,0,1.00,1,99d1c7fab316,408,8
javascript,bytes,message,100,20,fast-json-stringify,6.4.0,4618,1126,168,5744,216543.958424,888099.467140,174094.707521,0,1.00,1,99d1c7fab316,409,9
javascript,bytes,message,100,20,simdjson-parse+JSON.stringify,0.9.2,1333,22408,168,23741,750187.546887,44626.918958,42121.224885,0,1.00,1,99d1c7fab316,410,10
javascript,bytes,message,100,20,bebop,3.2.3,6079,4725,162,10804,164500.740253,211640.211640,92558.311736,0,1.00,1,99d1c7fab316,411,11
javascript,bytes,message,100,20,bser,2.1.1,17517,17952,153,35469,57087.400811,55704.099822,28193.633877,0,1.00,1,99d1c7fab316,412,12
javascript,bytes,message,100,20,msgpackr,1.12.1,7567,9591,126,17158,132152.768601,104264.414555,58281.851032,0,1.00,1,99d1c7fab316,413,13
javascript,bytes,message,100,20,flexbuffers,24.12.23,53829,42675,199,96504,18577.346783,23432.923257,10362.264777,0,1.00,1,99d1c7fab316,414,14
javascript,bytes,message,100,20,google-protobuf,3.21.4,700,11549,52,12249,1428571.428571,86587.583341,81639.317495,0,1.00,1,99d1c7fab316,415,15
javascript,bytes,message,100,20,cbor,9.0.2,59728,45214,124,104942,16742.566301,22117.043394,9529.073202,0,1.00,1,99d1c7fab316,416,16
javascript,bytes,message,100,20,devalue,5.8.1,15959,8415,186,24374,62660.567705,118835.412953,41027.324198,0,1.00,1,99d1c7fab316,417,17
javascript,bytes,message,100,20,flatbuffers,24.12.23,17880,7460,104,25340,55928.411633,134048.257373,39463.299132,0,1.00,1,99d1c7fab316,418,18
javascript,bytes,message,100,20,v8-serializer,v8-13.6.233.17-node.48,6479,4886,135,11365,154344.806297,204666.393778,87989.441267,0,1.00,1,99d1c7fab316,419,19
javascript,bytes,message,100,21,protobuf-es,2.12.1,20208,30806,50,51014,49485.352336,32461.208855,19602.462069,0,1.00,1,99d1c7fab316,420,0
javascript,bytes,message,100,21,bson,6.10.4,9740,11345,140,21085,102669.404517,88144.557074,47427.080863,0,1.00,1,99d1c7fab316,421,1
javascript,bytes,message,100,21,simdjson-parse+JSON.stringify,0.9.2,4106,10528,168,14634,243546.030200,94984.802432,68334.016674,0,1.00,1,99d1c7fab316,422,2
javascript,bytes,message,100,21,@msgpack/msgpack,3.1.3,9851,14713,124,24564,101512.536798,67967.103922,40709.982088,0,1.00,1,99d1c7fab316,423,3
javascript,bytes,message,100,21,avsc,5.7.9,10566,6634,44,17200,94643.195154,150738.619234,58139.534884,0,1.00,1,99d1c7fab316,424,4
javascript,bytes,message,100,21,flatbuffers,24.12.23,13323,6536,104,19859,75058.170082,152998.776010,50355.002770,0,1.00,1,99d1c7fab316,425,5
javascript,bytes,message,100,21,JSON.stringify,node-24.15.0,1657,1478,168,3135,603500.301750,676589.986468,318979.266348,0,1.00,1,99d1c7fab316,426,6
javascript,bytes,message,100,21,sia,2.3.0,10371,18869,162,29240,96422.717192,52996.979172,34199.726402,0,1.00,1,99d1c7fab316,427,7
javascript,bytes,message,100,21,msgpackr,1.12.1,7573,9419,126,16992,132048.065496,106168.383056,58851.224105,0,1.00,1,99d1c7fab316,428,8
javascript,bytes,message,100,21,google-protobuf,3.21.4,767,11862,52,12629,1303780.964798,84302.815714,79182.833162,0,1.00,1,99d1c7fab316,429,9
javascript,bytes,message,100,21,fast-json-stringify,6.4.0,4892,1509,168,6401,204415.372036,662690.523526,156225.589752,0,1.00,1,99d1c7fab316,430,10
javascript,bytes,message,100,21,devalue,5.8.1,14439,5175,186,19614,69256.873745,193236.714976,50983.991027,0,1.00,1,99d1c7fab316,431,11
javascript,bytes,message,100,21,bebop,3.2.3,5609,4243,162,9852,178284.899269,235682.300259,101502.233049,0,1.00,1,99d1c7fab316,432,12
javascript,bytes,message,100,21,cbor-x,1.6.4,20744,8690,131,29434,48206.710374,115074.798619,33974.315418,0,1.00,1,99d1c7fab316,433,13
javascript,bytes,message,100,21,json-pack-msgpack,18.28.0,7991,6712,131,14703,125140.783381,148986.889154,68013.330613,0,1.00,1,99d1c7fab316,434,14
javascript,bytes,message,100,21,flexbuffers,24.12.23,51966,144701,199,196667,19243.351422,6910.802275,5084.737145,0,1.00,1,99d1c7fab316,435,15
javascript,bytes,message,100,21,v8-serializer,v8-13.6.233.17-node.48,8954,6246,135,15200,111681.929864,160102.465578,65789.473684,0,1.00,1,99d1c7fab316,436,16
javascript,bytes,message,100,21,bser,2.1.1,32956,22050,153,55006,30343.488287,45351.473923,18179.834927,0,1.00,1,99d1c7fab316,437,17
javascript,bytes,message,100,21,protobufjs,7.6.5,14205,20622,52,34827,70397.747272,48491.901852,28713.354581,0,1.00,1,99d1c7fab316,438,18
javascript,bytes,message,100,21,cbor,9.0.2,62371,46750,124,109121,16033.092303,21390.374332,9164.138892,0,1.00,1,99d1c7fab316,439,19
javascript,bytes,message,100,22,v8-serializer,v8-13.6.233.17-node.48,4171,4221,135,8392,239750.659314,236910.684672,119161.105815,0,1.00,1,99d1c7fab316,440,0
javascript,bytes,message,100,22,cbor,9.0.2,50896,36063,124,86959,19647.909462,27729.251587,11499.672259,0,1.00,1,99d1c7fab316,441,1
javascript,bytes,message,100,22,flatbuffers,24.12.23,18488,8654,104,27142,54089.138901,115553.501271,36843.268735,0,1.00,1,99d1c7fab316,442,2
javascript,bytes,message,100,22,google-protobuf,3.21.4,1059,13155,52,14214,944287.063267,76016.723679,70353.172928,0,1.00,1,99d1c7fab316,443,3
javascript,bytes,message,100,22,fast-json-stringify,6.4.0,15036,4111,168,19147,66507.049747,243249.817563,52227.503003,0,1.00,1,99d1c7fab316,444,4
javascript,bytes,message,100,22,msgpackr,1.12.1,19174,10882,126,30056,52153.958485,91894.872266,33271.227043,0,1.00,1,99d1c7fab316,445,5
javascript,bytes,message,100,22,bson,6.10.4,10265,11723,140,21988,97418.412080,85302.396997,45479.352374,0,1.00,1,99d1c7fab316,446,6
javascript,bytes,message,100,22,avsc,5.7.9,12061,6455,44,18516,82911.864688,154918.667699,54007.344999,0,1.00,1,99d1c7fab316,447,7
javascript,bytes,message,100,22,json-pack-msgpack,18.28.0,8471,6776,131,15247,118049.817023,147579.693034,65586.672788,0,1.00,1,99d1c7fab316,448,8
javascript,bytes,message,100,22,JSON.stringify,node-24.15.0,1839,1348,168,3187,543773.790103,741839.762611,313774.709758,0,1.00,1,99d1c7fab316,449,9
javascript,bytes,message,100,22,bser,2.1.1,20776,17454,153,38230,48132.460531,57293.457087,26157.467957,0,1.00,1,99d1c7fab316,450,10
javascript,bytes,message,100,22,simdjson-parse+JSON.stringify,0.9.2,1441,16409,168,17850,693962.526024,60942.165885,56022.408964,0,1.00,1,99d1c7fab316,451,11
javascript,bytes,message,100,22,cbor-x,1.6.4,12382,9160,131,21542,80762.397028,109170.305677,46420.945130,0,1.00,1,99d1c7fab316,452,12
javascript,bytes,message,100,22,flexbuffers,24.12.23,52792,32723,199,85515,18942.263979,30559.545274,11693.854879,0,1.00,1,99d1c7fab316,453,13
javascript,bytes,message,100,22,bebop,3.2.3,19952,4766,162,24718,50120.288693,209819.555183,40456.347601,0,1.00,1,99d1c7fab316,454,14
javascript,bytes,message,100,22,sia,2.3.0,11231,8473,162,19704,89039.266316,118021.952083,50751.116525,0,1.00,1,99d1c7fab316,455,15
javascript,bytes,message,100,22,@msgpack/msgpack,3.1.3,10586,35602,124,46188,94464.386926,28088.309646,21650.645189,0,1.00,1,99d1c7fab316,456,16
javascript,bytes,message,100,22,protobuf-es,2.12.1,37524,21596,50,59120,26649.610916,46304.871272,16914.749662,0,1.00,1,99d1c7fab316,457,17
javascript,bytes,message,100,22,protobufjs,7.6.5,9014,16691,52,25705,110938.540049,59912.527710,38902.937172,0,1.00,1,99d1c7fab316,458,18
javascript,bytes,message,100,22,devalue,5.8.1,24218,8251,186,32469,41291.601288,121197.430614,30798.607903,0,1.00,1,99d1c7fab316,459,19
javascript,bytes,message,100,23,protobufjs,7.6.5,6011,11334,52,17345,166361.670271,88230.104112,57653.502450,0,1.00,1,99d1c7fab316,460,0
javascript,bytes,message,100,23,msgpackr,1.12.1,7938,10488,126,18426,125976.316453,95347.063310,54271.138608,0,1.00,1,99d1c7fab316,461,1
javascript,bytes,message,100,23,sia,2.3.0,14800,8355,162,23155,67567.567568,119688.809096,43187.216584,0,1.00,1,99d1c7fab316,462,2
javascript,bytes,message,100,23,simdjson-parse+JSON.stringify,0.9.2,3644,20184,168,23828,274423.710209,49544.193421,41967.433272,0,1.00,1,99d1c7fab316,463,3
javascript,bytes,message,100,23,@msgpack/msgpack,3.1.3,10365,12559,124,22924,96478.533526,79624.173899,43622.404467,0,1.00,1,99d1c7fab316,464,4
javascript,bytes,message,100,23,google-protobuf,3.21.4,937,34107,52,35044,1067235.859125,29319.494532,28535.555302,0,1.00,1,99d1c7fab316,465,5
javascript,bytes,message,100,23,cbor-x,1.6.4,6577,9013,131,15590,152045.005322,110950.848774,64143.681847,0,1.00,1,99d1c7fab316,466,6
javascript,bytes,message,100,23,JSON.stringify,node-24.15.0,2630,3300,168,5930,380228.136882,303030.303030,168634.064081,0,1.00,1,99d1c7fab316,467,7
javascript,bytes,message,100,23,devalue,5.8.1,13521,5424,186,18945,73959.026699,184365.781711,52784.375825,0,1.00,1,99d1c7fab316,468,8
javascript,bytes,message,100,23,bson,6.10.4,9491,11350,140,20841,105362.975450,88105.726872,47982.342498,0,1.00,1,99d1c7fab316,469,9
javascript,bytes,message,100,23,avsc,5.7.9,9876,6284,44,16160,101255.569056,159134.309357,61881.188119,0,1.00,1,99d1c7fab316,470,10
javascript,bytes,message,100,23,json-pack-msgpack,18.28.0,8096,7046,131,15142,123517.786561,141924.496168,66041.474046,0,1.00,1,99d1c7fab316,471,11
javascript,bytes,message,100,23,bebop,3.2.3,10722,4448,162,15170,93266.181683,224820.143885,65919.578115,0,1.00,1,99d1c7fab316,472,12
javascript,bytes,message,100,23,flatbuffers,24.12.23,19327,7592,104,26919,51741.087598,131717.597471,37148.482484,0,1.00,1,99d1c7fab316,473,13
javascript,bytes,message,100,23,fast-json-stringify,6.4.0,5121,1534,168,6655,195274.360476,651890.482399,150262.960180,0,1.00,1,99d1c7fab316,474,14
javascript,bytes,message,100,23,cbor,9.0.2,69186,46188,124,115374,14453.791229,21650.645189,8667.464073,0,1.00,1,99d1c7fab316,475,15
javascript,bytes,message,100,23,protobuf-es,2.12.1,28480,21481,50,49961,35112.359551,46552.767562,20015.612177,0,1.00,1,99d1c7fab316,476,16
javascript,bytes,message,100,23,v8-serializer,v8-13.6.233.17-node.48,6395,5006,135,11401,156372.165754,199760.287655,87711.604245,0,1.00,1,99d1c7fab316,477,17
javascript,bytes,message,100,23,flexbuffers,24.12.23,64100,36509,199,100609,15600.624025,27390.506450,9939.468636,0,1.00,1,99d1c7fab316,478,18
javascript,bytes,message,100,23,bser,2.1.1,18563,25115,153,43678,53870.602812,39816.842524,22894.821191,0,1.00,1,99d1c7fab316,479,19
javascript,bytes,message,100,24,msgpackr,1.12.1,4366,10476,126,14842,229042.601924,95456.281023,67376.364371,0,1.00,1,99d1c7fab316,480,0
javascript,bytes,message,100,24,JSON.stringify,node-24.15.0,3900,3682,168,7582,256410.256410,271591.526344,131891.321551,0,1.00,1,99d1c7fab316,481,1
javascript,bytes,message,100,24,v8-serializer,v8-13.6.233.17-node.48,4813,4007,135,8820,207770.621234,249563.264287,113378.684807,0,1.00,1,99d1c7fab316,482,2
javascript,bytes,message,100,24,simdjson-parse+JSON.stringify,0.9.2,1354,10067,168,11421,738552.437223,99334.459124,87558.007180,0,1.00,1,99d1c7fab316,483,3
javascript,bytes,message,100,24,@msgpack/msgpack,3.1.3,12216,13959,124,26175,81859.855927,71638.369511,38204.393505,0,1.00,1,99d1c7fab316,484,4
javascript,bytes,message,100,24,bebop,3.2.3,5834,4384,162,10218,171408.981831,228102.189781,97866.510080,0,1.00,1,99d1c7fab316,485,5
javascript,bytes,message,100,24,flexbuffers,24.12.23,48760,48927,199,97687,20508.613618,20438.612627,10236.776644,0,1.00,1,99d1c7fab316,486,6
javascript,bytes,message,100,24,flatbuffers,24.12.23,15082,7803,104,22885,66304.203687,128155.837498,43696.744593,0,1.00,1,99d1c7fab316,487,7
javascript,bytes,message,100,24,sia,2.3.0,10557,8700,162,19257,94723.879890,114942.528736,51929.168614,0,1.00,1,99d1c7fab316,488,8
javascript,bytes,message,100,24,json-pack-msgpack,18.28.0,12666,6946,131,19612,78951.523764,143967.751224,50989.190292,0,1.00,1,99d1c7fab316,489,9
javascript,bytes,message,100,24,cbor-x,1.6.4,7071,9159,131,16230,141422.712488,109182.225134,61614.294516,0,1.00,1,99d1c7fab316,490,10
javascript,bytes,message,100,24,protobufjs,7.6.5,9271,19824,52,29095,107863.229425,50443.906376,34370.166695,0,1.00,1,99d1c7fab316,491,11
javascript,bytes,message,100,24,devalue,5.8.1,15515,9890,186,25405,64453.754431,101112.234580,39362.330250,0,1.00,1,99d1c7fab316,492,12
javascript,bytes,message,100,24,bson,6.10.4,9099,10859,140,19958,109902.187054,92089.511005,50105.220964,0,1.00,1,99d1c7fab316,493,13
javascript,bytes,message,100,24,bser,2.1.1,17230,18747,153,35977,58038.305281,53341.868032,27795.536037,0,1.00,1,99d1c7fab316,494,14
javascript,bytes,message,100,24,fast-json-stringify,6.4.0,4571,2221,168,6792,218770.509735,450247.636200,147232.037691,0,1.00,1,99d1c7fab316,495,15
javascript,bytes,message,100,24,google-protobuf,3.21.4,726,10081,52,10807,1377410.468320,99196.508283,92532.617748,0,1.00,1,99d1c7fab316,496,16
javascript,bytes,message,100,24,cbor,9.0.2,67127,47340,124,114467,14897.135281,21123.785382,8736.142294,0,1.00,1,99d1c7fab316,497,17
javascript,bytes,message,100,24,avsc,5.7.9,11305,6310,44,17615,88456.435206,158478.605388,56769.798467,0,1.00,1,99d1c7fab316,498,18
javascript,bytes,message,100,24,protobuf-es,2.12.1,18957,18511,50,37468,52750.962705,54021.932905,26689.441657,0,1.00,1,99d1c7fab316,499,19
javascript,bytes,message,100,25,flatbuffers,24.12.23,15749,7481,104,23230,63496.094990,133671.968988,43047.783039,0,1.00,1,99d1c7fab316,500,0
javascript,bytes,message,100,25,devalue,5.8.1,14226,5890,186,20116,70293.828202,169779.286927,49711.672301,0,1.00,1,99d1c7fab316,501,1
javascript,bytes,message,100,25,google-protobuf,3.21.4,732,9495,52,10227,1366120.218579,105318.588731,97780.385255,0,1.00,1,99d1c7fab316,502,2
javascript,bytes,message,100,25,protobuf-es,2.12.1,12625,13930,50,26555,79207.920792,71787.508973,37657.691584,0,1.00,1,99d1c7fab316,503,3
javascript,bytes,message,100,25,cbor-x,1.6.4,6524,15006,131,21530,153280.196199,66640.010662,46446.818393,0,1.00,1,99d1c7fab316,504,4
javascript,bytes,message,100,25,v8-serializer,v8-13.6.233.17-node.48,5138,4871,135,10009,194628.260023,205296.653665,99910.080927,0,1.00,1,99d1c7fab316,505,5
javascript,bytes,message,100,25,bebop,3.2.3,5714,4121,162,9835,175008.750438,242659.548653,101677.681749,0,1.00,1,99d1c7fab316,506,6
javascript,bytes,message,100,25,json-pack-msgpack,18.28.0,7212,6482,131,13694,138657.792568,154273.372416,73024.682343,0,1.00,1,99d1c7fab316,507,7
javascript,bytes,message,100,25,@msgpack/msgpack,3.1.3,9329,12754,124,22083,107192.625147,78406.774345,45283.702396,0,1.00,1,99d1c7fab316,508,8
javascript,bytes,message,100,25,fast-json-stringify,6.4.0,5187,2849,168,8036,192789.666474,351000.351000,124440.019910,0,1.00,1,99d1c7fab316,509,9
javascript,bytes,message,100,25,JSON.stringify,node-24.15.0,2889,1235,168,4124,346140.533056,809716.599190,242483.026188,0,1.00,1,99d1c7fab316,510,10
javascript,bytes,message,100,25,bson,6.10.4,9231,11997,140,21228,108330.625068,83354.171876,47107.593744,0,1.00,1,99d1c7fab316,511,11
javascript,bytes,message,100,25,msgpackr,1.12.1,3449,9598,126,13047,289939.112786,104188.372578,76645.972254,0,1.00,1,99d1c7fab316,512,12
javascript,bytes,message,100,25,bser,2.1.1,16522,22992,153,39514,60525.360126,43493.389005,25307.485954,0,1.00,1,99d1c7fab316,513,13
javascript,bytes,message,100,25,avsc,5.7.9,8078,5997,44,14075,123793.018074,166750.041688,71047.957371,0,1.00,1,99d1c7fab316,514,14
javascript,bytes,message,100,25,flexbuffers,24.12.23,55526,32136,199,87662,18009.581097,31117.749564,11407.451347,0,1.00,1,99d1c7fab316,515,15
javascript,bytes,message,100,25,protobufjs,7.6.5,9020,18593,52,27613,110864.745011,53783.682031,36214.826350,0,1.00,1,99d1c7fab316,516,16
javascript,bytes,message,100,25,sia,2.3.0,11518,9344,162,20862,86820.628581,107020.547945,47934.042757,0,1.00,1,99d1c7fab316,517,17
javascript,bytes,message,100,25,simdjson-parse+JSON.stringify,0.9.2,2388,11493,168,13881,418760.469012,87009.484034,72040.919242,0,1.00,1,99d1c7fab316,518,18
javascript,bytes,message,100,25,cbor,9.0.2,58258,47875,124,106133,17165.024546,20887.728460,9422.140145,0,1.00,1,99d1c7fab316,519,19
javascript,bytes,message,100,26,avsc,5.7.9,20402,6820,44,27222,49014.802470,146627.565982,36734.993755,0,1.00,1,99d1c7fab316,520,0
javascript,bytes,message,100,26,bser,2.1.1,25845,17803,153,43648,38692.203521,56170.308375,22910.557185,0,1.00,1,99d1c7fab316,521,1
javascript,bytes,message,100,26,json-pack-msgpack,18.28.0,8134,9832,131,17966,122940.742562,101708.706265,55660.692419,0,1.00,1,99d1c7fab316,522,2
javascript,bytes,message,100,26,msgpackr,1.12.1,4072,9876,126,13948,245579.567780,101255.569056,71694.866648,0,1.00,1,99d1c7fab316,523,3
javascript,bytes,message,100,26,protobufjs,7.6.5,8519,18364,52,26883,117384.669562,54454.367240,37198.229364,0,1.00,1,99d1c7fab316,524,4
javascript,bytes,message,100,26,bson,6.10.4,10263,18471,140,28734,97437.396473,54138.920470,34801.976752,0,1.00,1,99d1c7fab316,525,5
javascript,bytes,message,100,26,protobuf-es,2.12.1,23550,21293,50,44843,42462.845011,46963.790917,22300.024530,0,1.00,1,99d1c7fab316,526,6
javascript,bytes,message,100,26,v8-serializer,v8-13.6.233.17-node.48,7407,5780,135,13187,135007.425408,173010.380623,75832.259043,0,1.00,1,99d1c7fab316,527,7
javascript,bytes,message,100,26,fast-json-stringify,6.4.0,6052,3054,168,9106,165234.633179,327439.423707,109817.702614,0,1.00,1,99d1c7fab316,528,8
javascript,bytes,message,100,26,flatbuffers,24.12.23,24325,8363,104,32688,41109.969168,119574.315437,30592.266275,0,1.00,1,99d1c7fab316,529,9
javascript,bytes,message,100,26,bebop,3.2.3,11803,4833,162,16636,84724.222655,206910.821436,60110.603510,0,1.00,1,99d1c7fab316,530,10
javascript,bytes,message,100,26,simdjson-parse+JSON.stringify,0.9.2,3214,11882,168,15096,311138.767890,84160.915671,66242.713302,0,1.00,1,99d1c7fab316,531,11
javascript,bytes,message,100,26,flexbuffers,24.12.23,62475,33046,199,95521,16006.402561,30260.848514,10468.902126,0,1.00,1,99d1c7fab316,532,12
javascript,bytes,message,100,26,cbor-x,1.6.4,9630,12436,131,22066,103842.159917,80411.707945,45318.589685,0,1.00,1,99d1c7fab316,533,13
javascript,bytes,message,100,26,sia,2.3.0,11813,17843,162,29656,84652.501481,56044.387155,33719.989210,0,1.00,1,99d1c7fab316,534,14
javascript,bytes,message,100,26,google-protobuf,3.21.4,778,15924,52,16702,1285347.043702,62798.291886,59873.069094,0,1.00,1,99d1c7fab316,535,15
javascript,bytes,message,100,26,devalue,5.8.1,22037,11421,186,33458,45378.227526,87558.007180,29888.218064,0,1.00,1,99d1c7fab316,536,16
javascript,bytes,message,100,26,cbor,9.0.2,80282,49960,124,130242,12456.092275,20016.012810,7678.014773,0,1.00,1,99d1c7fab316,537,17
javascript,bytes,message,100,26,JSON.stringify,node-24.15.0,8111,2819,168,10930,123289.360128,354735.721887,91491.308326,0,1.00,1,99d1c7fab316,538,18
javascript,bytes,message,100,26,@msgpack/msgpack,3.1.3,14243,18876,124,33119,70209.927684,52977.325705,30194.148374,0,1.00,1,99d1c7fab316,539,19
javascript,bytes,message,100,27,flatbuffers,24.12.23,25432,8377,104,33809,39320.541051,119374.477737,29577.923038,0,1.00,1,99d1c7fab316,540,0
javascript,bytes,message,100,27,sia,2.3.0,18541,8792,162,27333,53934.523488,113739.763421,36585.812022,0,1.00,1,99d1c7fab316,541,1
javascript,bytes,message,100,27,bser,2.1.1,18964,18761,153,37725,52731.491247,53302.062790,26507.620941,0,1.00,1,99d1c7fab316,542,2
javascript,bytes,message,100,27,fast-json-stringify,6.4.0,5629,2717,168,8346,177651.447859,368052.999632,119817.876827,0,1.00,1,99d1c7fab316,543,3
javascript,bytes,message,100,27,google-protobuf,3.21.4,1188,13380,52,14568,841750.841751,74738.415546,68643.602416,0,1.00,1,99d1c7fab316,544,4
javascript,bytes,message,100,27,@msgpack/msgpack,3.1.3,10486,13800,124,24286,95365.248903,72463.768116,41175.986165,0,1.00,1,99d1c7fab316,545,5
javascript,bytes,message,100,27,bson,6.10.4,11733,10325,140,22058,85229.694025,96852.300242,45335.025841,0,1.00,1,99d1c7fab316,546,6
javascript,bytes,message,100,27,simdjson-parse+JSON.stringify,0.9.2,2963,39039,168,42002,337495.781303,25615.410231,23808.390077,0,1.00,1,99d1c7fab316,547,7
javascript,bytes,message,100,27,JSON.stringify,node-24.15.0,1793,1855,168,3648,557724.484105,539083.557951,274122.807018,0,1.00,1,99d1c7fab316,548,8
javascript,bytes,message,100,27,msgpackr,1.12.1,4420,12746,126,17166,226244.343891,78455.986192,58254.689503,0,1.00,1,99d1c7fab316,549,9
javascript,bytes,message,100,27,protobufjs,7.6.5,22455,26773,52,49228,44533.511467,37351.062638,20313.642642,0,1.00,1,99d1c7fab316,550,10
javascript,bytes,message,100,27,v8-serializer,v8-13.6.233.17-node.48,11266,9255,135,20521,88762.648677,108049.702863,48730.568686,0,1.00,1,99d1c7fab316,551,11
javascript,bytes,message,100,27,avsc,5.7.9,13953,11257,44,25210,71669.175088,88833.614640,39666.798889,0,1.00,1,99d1c7fab316,552,12
javascript,bytes,message,100,27,json-pack-msgpack,18.28.0,16365,14052,131,30417,61106.018943,71164.247082,32876.352040,0,1.00,1,99d1c7fab316,553,13
javascript,bytes,message,100,27,devalue,5.8.1,32848,11092,186,43940,30443.253775,90155.066715,22758.306782,0,1.00,1,99d1c7fab316,554,14
javascript,bytes,message,100,27,cbor,9.0.2,104671,64956,124,169627,9553.744590,15395.036640,5895.287896,0,1.00,1,99d1c7fab316,555,15
javascript,bytes,message,100,27,protobuf-es,2.12.1,42243,33752,50,75995,23672.561134,29627.873904,13158.760445,0,1.00,1,99d1c7fab316,556,16
javascript,bytes,message,100,27,cbor-x,1.6.4,13708,14803,131,28511,72950.102130,67553.874215,35074.181895,0,1.00,1,99d1c7fab316,557,17
javascript,bytes,message,100,27,flexbuffers,24.12.23,86631,31547,199,118178,11543.212014,31698.735220,8461.811843,0,1.00,1,99d1c7fab316,558,18
javascript,bytes,message,100,27,bebop,3.2.3,6957,4682,162,11639,143740.117867,213583.938488,85918.034195,0,1.00,1,99d1c7fab316,559,19
javascript,bytes,message,100,28,protobuf-es,2.12.1,17271,17599,50,34870,57900.526895,56821.410307,28677.946659,0,1.00,1,99d1c7fab316,560,0
javascript,bytes,message,100,28,cbor,9.0.2,56580,65779,124,122359,17674.089784,15202.420225,8172.672219,0,1.00,1,99d1c7fab316,561,1
javascript,bytes,message,100,28,sia,2.3.0,16241,9988,162,26229,61572.563266,100120.144173,38125.738686,0,1.00,1,99d1c7fab316,562,2
javascript,bytes,message,100,28,flatbuffers,24.12.23,20709,9975,104,30684,48288.183881,100250.626566,32590.275062,0,1.00,1,99d1c7fab316,563,3
javascript,bytes,message,100,28,fast-json-stringify,6.4.0,7328,4274,168,11602,136462.882096,233972.859148,86192.035856,0,1.00,1,99d1c7fab316,564,4
javascript,bytes,message,100,28,bebop,3.2.3,10652,4301,162,14953,93879.083740,232504.068821,66876.212131,0,1.00,1,99d1c7fab316,565,5
javascript,bytes,message,100,28,avsc,5.7.9,10344,7372,44,17716,96674.400619,135648.399349,56446.150373,0,1.00,1,99d1c7fab316,566,6
javascript,bytes,message,100,28,bser,2.1.1,29447,181239,153,210686,33959.316739,5517.576239,4746.399856,0,1.00,1,99d1c7fab316,567,7
javascript,bytes,message,100,28,@msgpack/msgpack,3.1.3,17925,23213,124,41138,55788.005579,43079.309008,24308.425300,0,1.00,1,99d1c7fab316,568,8
javascript,bytes,message,100,28,google-protobuf,3.21.4,1902,15368,52,17270,525762.355415,65070.275898,57903.879560,0,1.00,1,99d1c7fab316,569,9
javascript,bytes,message,100,28,simdjson-parse+JSON.stringify,0.9.2,5228,33149,168,38377,191277.735272,30166.822529,26057.273888,0,1.00,1,99d1c7fab316,570,10
javascript,bytes,message,100,28,flexbuffers,24.12.23,69739,32863,199,102602,14339.178939,30429.358245,9746.398706,0,1.00,1,99d1c7fab316,571,11
javascript,bytes,message,100,28,bson,6.10.4,13879,10060,140,23939,72051.300526,99403.578529,41772.839300,0,1.00,1,99d1c7fab316,572,12
javascript,bytes,message,100,28,protobufjs,7.6.5,11358,23109,52,34467,88043.669660,43273.183608,29013.259059,0,1.00,1,99d1c7fab316,573,13
javascript,bytes,message,100,28,devalue,5.8.1,20823,8775,186,29598,48023.819815,113960.113960,33786.066626,0,1.00,1,99d1c7fab316,574,14
javascript,bytes,message,100,28,JSON.stringify,node-24.15.0,3558,2189,168,5747,281056.773468,456829.602558,174003.828084,0,1.00,1,99d1c7fab316,575,15
javascript,bytes,message,100,28,msgpackr,1.12.1,4925,12355,126,17280,203045.685279,80938.891137,57870.370370,0,1.00,1,99d1c7fab316,576,16
javascript,bytes,message,100,28,v8-serializer,v8-13.6.233.17-node.48,7946,5739,135,13685,125849.484017,174246.384388,73072.707344,0,1.00,1,99d1c7fab316,577,17
javascript,bytes,message,100,28,json-pack-msgpack,18.28.0,11488,10013,131,21501,87047.353760,99870.168781,46509.464676,0,1.00,1,99d1c7fab316,578,18
javascript,bytes,message,100,28,cbor-x,1.6.4,10056,11098,131,21154,99443.118536,90106.325464,47272.383474,0,1.00,1,99d1c7fab316,579,19
javascript,bytes,message,100,29,JSON.stringify,node-24.15.0,2520,1934,168,4454,396825.396825,517063.081696,224517.287831,0,1.00,1,99d1c7fab316,580,0
javascript,bytes,message,100,29,protobuf-es,2.12.1,22156,40470,50,62626,45134.500812,24709.661478,15967.808897,0,1.00,1,99d1c7fab316,581,1
javascript,bytes,message,100,29,fast-json-stringify,6.4.0,5124,1641,168,6765,195160.031226,609384.521633,147819.660015,0,1.00,1,99d1c7fab316,582,2
javascript,bytes,message,100,29,avsc,5.7.9,8644,6982,44,15626,115687.181860,143225.436838,63995.904262,0,1.00,1,99d1c7fab316,583,3
javascript,bytes,message,100,29,google-protobuf,3.21.4,677,12079,52,12756,1477104.874446,82788.310291,78394.481029,0,1.00,1,99d1c7fab316,584,4
javascript,bytes,message,100,29,cbor-x,1.6.4,5543,9181,131,14724,180407.721450,108920.596885,67916.327085,0,1.00,1,99d1c7fab316,585,5
javascript,bytes,message,100,29,v8-serializer,v8-13.6.233.17-node.48,4757,5397,135,10154,210216.523019,185288.123031,98483.356313,0,1.00,1,99d1c7fab316,586,6
javascript,bytes,message,100,29,msgpackr,1.12.1,3063,9100,126,12163,326477.309827,109890.109890,82216.558415,0,1.00,1,99d1c7fab316,587,7
javascript,bytes,message,100,29,bebop,3.2.3,11191,4637,162,15828,89357.519435,215656.674574,63179.176144,0,1.00,1,99d1c7fab316,588,8
javascript,bytes,message,100,29,sia,2.3.0,11913,9130,162,21043,83941.912197,109529.025192,47521.741197,0,1.00,1,99d1c7fab316,589,9
javascript,bytes,message,100,29,bser,2.1.1,17769,18773,153,36542,56277.787157,53267.991264,27365.770894,0,1.00,1,99d1c7fab316,590,10
javascript,bytes,message,100,29,flexbuffers,24.12.23,62928,31345,199,94273,15891.177218,31903.014835,10607.491010,0,1.00,1,99d1c7fab316,591,11
javascript,bytes,message,100,29,protobufjs,7.6.5,8877,189646,52,198523,112650.670271,5272.982293,5037.199720,0,1.00,1,99d1c7fab316,592,12
javascript,bytes,message,100,29,bson,6.10.4,13929,13112,140,27041,71792.662790,76266.015863,36980.880885,0,1.00,1,99d1c7fab316,593,13
javascript,bytes,message,100,29,flatbuffers,24.12.23,26066,10268,104,36334,38364.152536,97389.949357,27522.430781,0,1.00,1,99d1c7fab316,594,14
javascript,bytes,message,100,29,simdjson-parse+JSON.stringify,0.9.2,5136,23375,168,28511,194704.049844,42780.748663,35074.181895,0,1.00,1,99d1c7fab316,595,15
javascript,bytes,message,100,29,devalue,5.8.1,17733,8660,186,26393,56392.037444,115473.441109,37888.834161,0,1.00,1,99d1c7fab316,596,16
javascript,bytes,message,100,29,cbor,9.0.2,65162,58476,124,123638,15346.367515,17101.032902,8088.128245,0,1.00,1,99d1c7fab316,597,17
javascript,bytes,message,100,29,@msgpack/msgpack,3.1.3,11927,15205,124,27132,83843.380565,65767.839526,36856.848002,0,1.00,1,99d1c7fab316,598,18
javascript,bytes,message,100,29,json-pack-msgpack,18.28.0,9271,6924,131,16195,107863.229425,144425.187753,61747.452918,0,1.00,1,99d1c7fab316,599,19
javascript,bytes,message,100,30,JSON.stringify,node-24.15.0,3540,3984,168,7524,282485.875706,251004.016064,132908.027645,0,1.00,1,99d1c7fab316,600,0
javascript,bytes,message,100,30,avsc,5.7.9,7868,6670,44,14538,127097.102186,149925.037481,68785.252442,0,1.00,1,99d1c7fab316,601,1
javascript,bytes,message,100,30,simdjson-parse+JSON.stringify,0.9.2,1319,9278,168,10597,758150.113723,107781.849537,94366.330093,0,1.00,1,99d1c7fab316,602,2
javascript,bytes,message,100,30,cbor,9.0.2,55022,40614,124,95636,18174.548362,24622.051509,10456.313522,0,1.00,1,99d1c7fab316,603,3
javascript,bytes,message,100,30,bser,2.1.1,17128,22674,153,39802,58383.932742,44103.378319,25124.365610,0,1.00,1,99d1c7fab316,604,4
javascript,bytes,message,100,30,sia,2.3.0,12685,9358,162,22043,78833.267639,106860.440265,45365.875788,0,1.00,1,99d1c7fab316,605,5
javascript,bytes,message,100,30,@msgpack/msgpack,3.1.3,17019,54345,124,71364,58757.858864,18400.956850,14012.667451,0,1.00,1,99d1c7fab316,606,6
javascript,bytes,message,100,30,protobuf-es,2.12.1,19944,28530,50,48474,50140.393101,35050.823694,20629.615877,0,1.00,1,99d1c7fab316,607,7
javascript,bytes,message,100,30,json-pack-msgpack,18.28.0,23291,6697,131,29988,42935.039286,149320.591310,33346.672002,0,1.00,1,99d1c7fab316,608,8
javascript,bytes,message,100,30,flatbuffers,24.12.23,43975,9300,104,53275,22740.193292,107526.881720,18770.530267,0,1.00,1,99d1c7fab316,609,9
javascript,bytes,message,100,30,protobufjs,7.6.5,9360,21609,52,30969,106837.606838,46277.014207,32290.354871,0,1.00,1,99d1c7fab316,610,10
javascript,bytes,message,100,30,flexbuffers,24.12.23,58837,29425,199,88262,16996.107891,33984.706882,11329.904149,0,1.00,1,99d1c7fab316,611,11
javascript,bytes,message,100,30,google-protobuf,3.21.4,709,10812,52,11521,1410437.235543,92489.826119,86798.021005,0,1.00,1,99d1c7fab316,612,12
javascript,bytes,message,100,30,devalue,5.8.1,16599,8204,186,24803,60244.593048,121891.760117,40317.703504,0,1.00,1,99d1c7fab316,613,13
javascript,bytes,message,100,30,bson,6.10.4,15287,9001,140,24288,65415.058546,111098.766804,41172.595520,0,1.00,1,99d1c7fab316,614,14
javascript,bytes,message,100,30,v8-serializer,v8-13.6.233.17-node.48,10247,5508,135,15755,97589.538401,181554.103123,63471.913678,0,1.00,1,99d1c7fab316,615,15
javascript,bytes,message,100,30,bebop,3.2.3,6044,4828,162,10872,165453.342158,207125.103563,91979.396615,0,1.00,1,99d1c7fab316,616,16
javascript,bytes,message,100,30,fast-json-stringify,6.4.0,5097,2621,168,7718,196193.839513,381533.765738,129567.245400,0,1.00,1,99d1c7fab316,617,17
javascript,bytes,message,100,30,cbor-x,1.6.4,10373,9631,131,20004,96404.126097,103831.377842,49990.002000,0,1.00,1,99d1c7fab316,618,18
javascript,bytes,message,100,30,msgpackr,1.12.1,3321,9606,126,12927,301114.122252,104101.603165,77357.468864,0,1.00,1,99d1c7fab316,619,19
javascript,bytes,message,100,31,json-pack-msgpack,18.28.0,7768,6472,131,14240,128733.264676,154511.742892,70224.719101,0,1.00,1,99d1c7fab316,620,0
javascript,bytes,message,100,31,JSON.stringify,node-24.15.0,3772,2364,168,6136,265111.346766,423011.844332,162972.620600,0,1.00,1,99d1c7fab316,621,1
javascript,bytes,message,100,31,fast-json-stringify,6.4.0,3239,979,168,4218,308737.264588,1021450.459653,237079.184448,0,1.00,1,99d1c7fab316,622,2
javascript,bytes,message,100,31,bebop,3.2.3,28958,4011,162,32969,34532.771600,249314.385440,30331.523552,0,1.00,1,99d1c7fab316,623,3
javascript,bytes,message,100,31,msgpackr,1.12.1,2504,6919,126,9423,399361.022364,144529.556294,106123.315292,0,1.00,1,99d1c7fab316,624,4
javascript,bytes,message,100,31,sia,2.3.0,11558,9186,162,20744,86520.159197,108861.310690,48206.710374,0,1.00,1,99d1c7fab316,625,5
javascript,bytes,message,100,31,protobuf-es,2.12.1,17460,27239,50,44699,57273.768614,36712.067257,22371.865142,0,1.00,1,99d1c7fab316,626,6
javascript,bytes,message,100,31,google-protobuf,3.21.4,659,9773,52,10432,1517450.682853,102322.725877,95858.895706,0,1.00,1,99d1c7fab316,627,7
javascript,bytes,message,100,31,simdjson-parse+JSON.stringify,0.9.2,2884,15600,168,18484,346740.638003,64102.564103,54100.843973,0,1.00,1,99d1c7fab316,628,8
javascript,bytes,message,100,31,devalue,5.8.1,18070,27158,186,45228,55340.343110,36821.562707,22110.197223,0,1.00,1,99d1c7fab316,629,9
javascript,bytes,message,100,31,@msgpack/msgpack,3.1.3,10941,29326,124,40267,91399.323645,34099.433949,24834.231505,0,1.00,1,99d1c7fab316,630,10
javascript,bytes,message,100,31,v8-serializer,v8-13.6.233.17-node.48,7473,4837,135,12310,133815.067577,206739.714699,81234.768481,0,1.00,1,99d1c7fab316,631,11
javascript,bytes,message,100,31,cbor-x,1.6.4,6258,9255,131,15513,159795.461809,108049.702863,64462.064075,0,1.00,1,99d1c7fab316,632,12
javascript,bytes,message,100,31,flexbuffers,24.12.23,196161,31416,199,227577,5097.853294,31830.914184,4394.117156,0,1.00,1,99d1c7fab316,633,13
javascript,bytes,message,100,31,protobufjs,7.6.5,11792,18660,52,30452,84803.256445,53590.568060,32838.565611,0,1.00,1,99d1c7fab316,634,14
javascript,bytes,message,100,31,avsc,5.7.9,12975,7114,44,20089,77071.290944,140567.894293,49778.485738,0,1.00,1,99d1c7fab316,635,15
javascript,bytes,message,100,31,bser,2.1.1,16905,17084,153,33989,59154.096421,58534.301100,29421.283356,0,1.00,1,99d1c7fab316,636,16
javascript,bytes,message,100,31,flatbuffers,24.12.23,15141,7091,104,22232,66045.835810,141023.833028,44980.208708,0,1.00,1,99d1c7fab316,637,17
javascript,bytes,message,100,31,cbor,9.0.2,69410,44265,124,113675,14407.145944,22591.212019,8797.009017,0,1.00,1,99d1c7fab316,638,18
javascript,bytes,message,100,31,bson,6.10.4,10111,9049,140,19160,98902.185738,110509.448558,52192.066806,0,1.00,1,99d1c7fab316,639,19
javascript,bytes,message,100,32,cbor,9.0.2,46414,30789,124,77203,21545.223424,32479.132158,12952.864526,0,1.00,1,99d1c7fab316,640,0
javascript,bytes,message,100,32,google-protobuf,3.21.4,980,11197,52,12177,1020408.163265,89309.636510,82122.033342,0,1.00,1,99d1c7fab316,641,1
javascript,bytes,message,100,32,cbor-x,1.6.4,6109,9104,131,15213,163692.912097,109841.827768,65733.254453,0,1.00,1,99d1c7fab316,642,2
javascript,bytes,message,100,32,v8-serializer,v8-13.6.233.17-node.48,6001,4827,135,10828,166638.893518,207168.013259,92353.158478,0,1.00,1,99d1c7fab316,643,3
javascript,bytes,message,100,32,devalue,5.8.1,16839,7880,186,24719,59385.949284,126903.553299,40454.710951,0,1.00,1,99d1c7fab316,644,4
javascript,bytes,message,100,32,@msgpack/msgpack,3.1.3,8842,11652,124,20494,113096.584483,85822.176450,48794.769201,0,1.00,1,99d1c7fab316,645,5
javascript,bytes,message,100,32,json-pack-msgpack,18.28.0,7191,6587,131,13778,139062.717285,151814.179444,72579.474525,0,1.00,1,99d1c7fab316,646,6
javascript,bytes,message,100,32,bser,2.1.1,27070,16648,153,43718,36941.263391,60067.275348,22873.873462,0,1.00,1,99d1c7fab316,647,7
javascript,bytes,message,100,32,JSON.stringify,node-24.15.0,3536,2950,168,6486,282805.429864,338983.050847,154178.230034,0,1.00,1,99d1c7fab316,648,8
javascript,bytes,message,100,32,msgpackr,1.12.1,3541,9879,126,13420,282406.099972,101224.820326,74515.648286,0,1.00,1,99d1c7fab316,649,9
javascript,bytes,message,100,32,flexbuffers,24.12.23,68932,36554,199,105486,14507.050427,27356.787219,9479.930986,0,1.00,1,99d1c7fab316,650,10
javascript,bytes,message,100,32,flatbuffers,24.12.23,15250,7181,104,22431,65573.770492,139256.370979,44581.160002,0,1.00,1,99d1c7fab316,651,11
javascript,bytes,message,100,32,fast-json-stringify,6.4.0,5236,2551,168,7787,190985.485103,392003.136025,128419.160139,0,1.00,1,99d1c7fab316,652,12
javascript,bytes,message,100,32,sia,2.3.0,16827,8908,162,25735,59428.299756,112258.643916,38857.586944,0,1.00,1,99d1c7fab316,653,13
javascript,bytes,message,100,32,protobuf-es,2.12.1,18458,17705,50,36163,54177.050601,56481.219994,27652.573072,0,1.00,1,99d1c7fab316,654,14
javascript,bytes,message,100,32,bebop,3.2.3,4809,4790,162,9599,207943.439384,208768.267223,104177.518492,0,1.00,1,99d1c7fab316,655,15
javascript,bytes,message,100,32,protobufjs,7.6.5,9271,14290,52,23561,107863.229425,69979.006298,42443.020245,0,1.00,1,99d1c7fab316,656,16
javascript,bytes,message,100,32,simdjson-parse+JSON.stringify,0.9.2,3424,10911,168,14335,292056.074766,91650.627807,69759.330310,0,1.00,1,99d1c7fab316,657,17
javascript,bytes,message,100,32,bson,6.10.4,9221,9058,140,18279,108448.107581,110399.646721,54707.587942,0,1.00,1,99d1c7fab316,658,18
javascript,bytes,message,100,32,avsc,5.7.9,8824,5980,44,14804,113327.289211,167224.080268,67549.310997,0,1.00,1,99d1c7fab316,659,19
javascript,bytes,message,100,33,msgpackr,1.12.1,3680,9783,126,13463,271739.130435,102218.133497,74277.649855,0,1.00,1,99d1c7fab316,660,0
javascript,bytes,message,100,33,devalue,5.8.1,14945,5812,186,20757,66912.010706,172057.811425,48176.518765,0,1.00,1,99d1c7fab316,661,1
javascript,bytes,message,100,33,google-protobuf,3.21.4,788,9969,52,10757,1269035.532995,100310.963988,92962.721948,0,1.00,1,99d1c7fab316,662,2
javascript,bytes,message,100,33,flexbuffers,24.12.23,66119,36264,199,102383,15124.245678,27575.557026,9767.246516,0,1.00,1,99d1c7fab316,663,3
javascript,bytes,message,100,33,simdjson-parse+JSON.stringify,0.9.2,2551,9680,168,12231,392003.136025,103305.785124,81759.463658,0,1.00,1,99d1c7fab316,664,4
javascript,bytes,message,100,33,sia,2.3.0,10903,116534,162,127437,91717.875814,8581.186606,7847.014603,0,1.00,1,99d1c7fab316,665,5
javascript,bytes,message,100,33,bson,6.10.4,8756,8583,140,17339,114207.400640,116509.379005,57673.452910,0,1.00,1,99d1c7fab316,666,6
javascript,bytes,message,100,33,JSON.stringify,node-24.15.0,2084,2761,168,4845,479846.449136,362187.613184,206398.348813,0,1.00,1,99d1c7fab316,667,7
javascript,bytes,message,100,33,bebop,3.2.3,4879,4414,162,9293,204960.032794,226551.880381,107607.876897,0,1.00,1,99d1c7fab316,668,8
javascript,bytes,message,100,33,avsc,5.7.9,7140,5846,44,12986,140056.022409,171057.133082,77006.006469,0,1.00,1,99d1c7fab316,669,9
javascript,bytes,message,100,33,protobufjs,7.6.5,16225,14175,52,30400,61633.281972,70546.737213,32894.736842,0,1.00,1,99d1c7fab316,670,10
javascript,bytes,message,100,33,@msgpack/msgpack,3.1.3,8954,9056,124,18010,111681.929864,110424.028269,55524.708495,0,1.00,1,99d1c7fab316,671,11
javascript,bytes,message,100,33,cbor-x,1.6.4,6317,10507,131,16824,158302.991927,95174.645474,59438.896814,0,1.00,1,99d1c7fab316,672,12
javascript,bytes,message,100,33,fast-json-stringify,6.4.0,5008,1872,168,6880,199680.511182,534188.034188,145348.837209,0,1.00,1,99d1c7fab316,673,13
javascript,bytes,message,100,33,v8-serializer,v8-13.6.233.17-node.48,12752,5726,135,18478,78419.071518,174641.983933,54118.411083,0,1.00,1,99d1c7fab316,674,14
javascript,bytes,message,100,33,flatbuffers,24.12.23,15839,6998,104,22837,63135.298946,142897.970849,43788.588694,0,1.00,1,99d1c7fab316,675,15
javascript,bytes,message,100,33,bser,2.1.1,15419,21980,153,37399,64855.048966,45495.905369,26738.682852,0,1.00,1,99d1c7fab316,676,16
javascript,bytes,message,100,33,cbor,9.0.2,60614,52884,124,113498,16497.838783,18909.310945,8810.727942,0,1.00,1,99d1c7fab316,677,17
javascript,bytes,message,100,33,protobuf-es,2.12.1,21962,14998,50,36960,45533.193698,66675.556741,27056.277056,0,1.00,1,99d1c7fab316,678,18
javascript,bytes,message,100,33,json-pack-msgpack,18.28.0,7932,7153,131,15085,126071.608674,139801.481896,66291.017567,0,1.00,1,99d1c7fab316,679,19
javascript,bytes,message,100,34,json-pack-msgpack,18.28.0,6582,4229,131,10811,151929.504710,236462.520690,92498.381278,0,1.00,1,99d1c7fab316,680,0
javascript,bytes,message,100,34,bebop,3.2.3,4790,4467,162,9257,208768.267223,223863.890754,108026.358431,0,1.00,1,99d1c7fab316,681,1
javascript,bytes,message,100,34,fast-json-stringify,6.4.0,4543,3683,168,8226,220118.864187,271517.784415,121565.767080,0,1.00,1,99d1c7fab316,682,2
javascript,bytes,message,100,34,protobufjs,7.6.5,8189,13474,52,21663,122115.032360,74217.010539,46161.658127,0,1.00,1,99d1c7fab316,683,3
javascript,bytes,message,100,34,protobuf-es,2.12.1,12886,18294,50,31180,77603.600807,54662.730950,32071.840924,0,1.00,1,99d1c7fab316,684,4
javascript,bytes,message,100,34,google-protobuf,3.21.4,675,9814,52,10489,1481481.481481,101895.251681,95337.973115,0,1.00,1,99d1c7fab316,685,5
javascript,bytes,message,100,34,avsc,5.7.9,9357,6041,44,15398,106871.860639,165535.507366,64943.499156,0,1.00,1,99d1c7fab316,686,6
javascript,bytes,message,100,34,bser,2.1.1,14544,20710,153,35254,68756.875688,48285.852245,28365.575538,0,1.00,1,99d1c7fab316,687,7
javascript,bytes,message,100,34,flexbuffers,24.12.23,62332,32213,199,94545,16043.123917,31043.367585,10576.973928,0,1.00,1,99d1c7fab316,688,8
javascript,bytes,message,100,34,v8-serializer,v8-13.6.233.17-node.48,5260,5031,135,10291,190114.068441,198767.640628,97172.286464,0,1.00,1,99d1c7fab316,689,9
javascript,bytes,message,100,34,cbor-x,1.6.4,6887,9303,131,16190,145201.103528,107492.206815,61766.522545,0,1.00,1,99d1c7fab316,690,10
javascript,bytes,message,100,34,JSON.stringify,node-24.15.0,2929,2351,168,5280,341413.451690,425350.914504,189393.939394,0,1.00,1,99d1c7fab316,691,11
javascript,bytes,message,100,34,simdjson-parse+JSON.stringify,0.9.2,1855,11045,168,12900,539083.557951,90538.705297,77519.379845,0,1.00,1,99d1c7fab316,692,12
javascript,bytes,message,100,34,sia,2.3.0,11792,14723,162,26515,84803.256445,67920.940026,37714.501226,0,1.00,1,99d1c7fab316,693,13
javascript,bytes,message,100,34,msgpackr,1.12.1,3434,9995,126,13429,291205.591147,100050.025013,74465.708541,0,1.00,1,99d1c7fab316,694,14
javascript,bytes,message,100,34,devalue,5.8.1,19763,6512,186,26275,50599.605323,153562.653563,38058.991437,0,1.00,1,99d1c7fab316,695,15
javascript,bytes,message,100,34,@msgpack/msgpack,3.1.3,10167,15405,124,25572,98357.430904,64913.988965,39105.271391,0,1.00,1,99d1c7fab316,696,16
javascript,bytes,message,100,34,flatbuffers,24.12.23,15571,8069,104,23640,64221.951063,123931.094312,42301.184433,0,1.00,1,99d1c7fab316,697,17
javascript,bytes,message,100,34,cbor,9.0.2,54098,44234,124,98332,18484.971718,22607.044355,10169.629419,0,1.00,1,99d1c7fab316,698,18
javascript,bytes,message,100,34,bson,6.10.4,9714,8901,140,18615,102944.204241,112346.927312,53720.118184,0,1.00,1,99d1c7fab316,699,19
javascript,bytes,message,100,35,simdjson-parse+JSON.stringify,0.9.2,3650,20089,168,23739,273972.602740,49778.485738,42124.773579,0,1.00,1,99d1c7fab316,700,0
javascript,bytes,message,100,35,v8-serializer,v8-13.6.233.17-node.48,4803,5634,135,10437,208203.206329,177493.787717,95812.973077,0,1.00,1,99d1c7fab316,701,1
javascript,bytes,message,100,35,cbor-x,1.6.4,6238,9303,131,15541,160307.790959,107492.206815,64345.923686,0,1.00,1,99d1c7fab316,702,2
javascript,bytes,message,100,35,bson,6.10.4,6691,6832,140,13523,149454.491107,146370.023419,73948.088442,0,1.00,1,99d1c7fab316,703,3
javascript,bytes,message,100,35,cbor,9.0.2,63524,34127,124,97651,15742.081733,29302.311952,10240.550532,0,1.00,1,99d1c7fab316,704,4
javascript,bytes,message,100,35,protobuf-es,2.12.1,20713,14089,50,34802,48278.858688,70977.358223,28733.980806,0,1.00,1,99d1c7fab316,705,5
javascript,bytes,message,100,35,flexbuffers,24.12.23,62030,23905,199,85935,16121.231662,41832.252667,11636.702159,0,1.00,1,99d1c7fab316,706,6
javascript,bytes,message,100,35,msgpackr,1.12.1,3812,10182,126,13994,262329.485834,98212.531919,71459.196799,0,1.00,1,99d1c7fab316,707,7
javascript,bytes,message,100,35,json-pack-msgpack,18.28.0,13255,6884,131,20139,75443.228970,145264.381174,49654.898456,0,1.00,1,99d1c7fab316,708,8
javascript,bytes,message,100,35,sia,2.3.0,11498,8035,162,19533,86971.647243,124455.507156,51195.412891,0,1.00,1,99d1c7fab316,709,9
javascript,bytes,message,100,35,google-protobuf,3.21.4,609,10035,52,10644,1642036.124795,99651.220727,93949.642991,0,1.00,1,99d1c7fab316,710,10
javascript,bytes,message,100,35,devalue,5.8.1,16756,8214,186,24970,59680.114586,121743.364987,40048.057669,0,1.00,1,99d1c7fab316,711,11
javascript,bytes,message,100,35,bser,2.1.1,16231,14011,153,30242,61610.498429,71372.493041,33066.596125,0,1.00,1,99d1c7fab316,712,12
javascript,bytes,message,100,35,bebop,3.2.3,4746,4350,162,9096,210703.750527,229885.057471,109938.434477,0,1.00,1,99d1c7fab316,713,13
javascript,bytes,message,100,35,JSON.stringify,node-24.15.0,3364,2266,168,5630,297265.160523,441306.266549,177619.893428,0,1.00,1,99d1c7fab316,714,14
javascript,bytes,message,100,35,fast-json-stringify,6.4.0,4553,1177,168,5730,219635.405227,849617.672048,174520.069808,0,1.00,1,99d1c7fab316,715,15
javascript,bytes,message,100,35,protobufjs,7.6.5,8971,14489,52,23460,111470.293167,69017.875630,42625.745951,0,1.00,1,99d1c7fab316,716,16
javascript,bytes,message,100,35,@msgpack/msgpack,3.1.3,8808,9463,124,18271,113533.151680,105674.733171,54731.541788,0,1.00,1,99d1c7fab316,717,17
javascript,bytes,message,100,35,avsc,5.7.9,7702,6255,44,13957,129836.406128,159872.102318,71648.635094,0,1.00,1,99d1c7fab316,718,18
javascript,bytes,message,100,35,flatbuffers,24.12.23,14792,7007,104,21799,67604.110330,142714.428429,45873.663930,0,1.00,1,99d1c7fab316,719,19
javascript,bytes,message,100,36,bser,2.1.1,41288,12917,153,54205,24220.112381,77417.356971,18448.482612,0,1.00,1,99d1c7fab316,720,0
javascript,bytes,message,100,36,msgpackr,1.12.1,3383,9238,126,12621,295595.625185,108248.538645,79233.024325,0,1.00,1,99d1c7fab316,721,1
javascript,bytes,message,100,36,bebop,3.2.3,4890,3907,162,8797,204498.977505,255950.857435,113675.116517,0,1.00,1,99d1c7fab316,722,2
javascript,bytes,message,100,36,bson,6.10.4,8771,8601,140,17372,114012.085281,116265.550517,57563.895924,0,1.00,1,99d1c7fab316,723,3
javascript,bytes,message,100,36,fast-json-stringify,6.4.0,6152,2480,168,8632,162548.764629,403225.806452,115848.007414,0,1.00,1,99d1c7fab316,724,4
javascript,bytes,message,100,36,avsc,5.7.9,6910,5322,44,12232,144717.800289,187899.285983,81752.779595,0,1.00,1,99d1c7fab316,725,5
javascript,bytes,message,100,36,JSON.stringify,node-24.15.0,1315,976,168,2291,760456.273764,1024590.163934,436490.615452,0,1.00,1,99d1c7fab316,726,6
javascript,bytes,message,100,36,@msgpack/msgpack,3.1.3,7692,7892,124,15584,130005.200208,126710.593006,64168.377823,0,1.00,1,99d1c7fab316,727,7
javascript,bytes,message,100,36,protobufjs,7.6.5,7496,12557,52,20053,133404.482391,79636.855937,49867.850197,0,1.00,1,99d1c7fab316,728,8
javascript,bytes,message,100,36,cbor-x,1.6.4,5840,8750,131,14590,171232.876712,114285.714286,68540.095956,0,1.00,1,99d1c7fab316,729,9
javascript,bytes,message,100,36,simdjson-parse+JSON.stringify,0.9.2,1606,11445,168,13051,622665.006227,87374.399301,76622.481036,0,1.00,1,99d1c7fab316,730,10
javascript,bytes,message,100,36,flexbuffers,24.12.23,58617,23276,199,81893,17059.897299,42962.708369,12211.055890,0,1.00,1,99d1c7fab316,731,11
javascript,bytes,message,100,36,devalue,5.8.1,14770,12516,186,27286,67704.807041,79897.730904,36648.830902,0,1.00,1,99d1c7fab316,732,12
javascript,bytes,message,100,36,google-protobuf,3.21.4,624,10084,52,10708,1602564.102564,99166.997223,93388.121031,0,1.00,1,99d1c7fab316,733,13
javascript,bytes,message,100,36,flatbuffers,24.12.23,14135,19438,104,33573,70746.374248,51445.621978,29785.839812,0,1.00,1,99d1c7fab316,734,14
javascript,bytes,message,100,36,sia,2.3.0,10736,7830,162,18566,93144.560358,127713.920817,53861.898093,0,1.00,1,99d1c7fab316,735,15
javascript,bytes,message,100,36,cbor,9.0.2,69007,44775,124,113782,14491.283493,22333.891681,8788.736355,0,1.00,1,99d1c7fab316,736,16
javascript,bytes,message,100,36,v8-serializer,v8-13.6.233.17-node.48,7951,4765,135,12716,125770.343353,209863.588667,78641.082101,0,1.00,1,99d1c7fab316,737,17
javascript,bytes,message,100,36,json-pack-msgpack,18.28.0,7741,6884,131,14625,129182.276192,145264.381174,68376.068376,0,1.00,1,99d1c7fab316,738,18
javascript,bytes,message,100,36,protobuf-es,2.12.1,24634,13746,50,38380,40594.300560,72748.435909,26055.237103,0,1.00,1,99d1c7fab316,739,19
javascript,bytes,message,100,37,flatbuffers,24.12.23,14648,6571,104,21219,68268.705625,152183.838076,47127.574344,0,1.00,1,99d1c7fab316,740,0
javascript,bytes,message,100,37,@msgpack/msgpack,3.1.3,8784,9198,124,17982,113843.351548,108719.286801,55611.166722,0,1.00,1,99d1c7fab316,741,1
javascript,bytes,message,100,37,simdjson-parse+JSON.stringify,0.9.2,3914,10390,168,14304,255493.101686,96246.390760,69910.514541,0,1.00,1,99d1c7fab316,742,2
javascript,bytes,message,100,37,protobuf-es,2.12.1,13328,24543,50,37871,75030.012005,40744.815222,26405.428956,0,1.00,1,99d1c7fab316,743,3
javascript,bytes,message,100,37,v8-serializer,v8-13.6.233.17-node.48,4505,4137,135,8642,221975.582686,241721.053904,115713.955103,0,1.00,1,99d1c7fab316,744,4
javascript,bytes,message,100,37,google-protobuf,3.21.4,619,9664,52,10283,1615508.885299,103476.821192,97247.884859,0,1.00,1,99d1c7fab316,745,5
javascript,bytes,message,100,37,json-pack-msgpack,18.28.0,6901,6336,131,13237,144906.535285,157828.282828,75545.818539,0,1.00,1,99d1c7fab316,746,6
javascript,bytes,message,100,37,msgpackr,1.12.1,3571,10091,126,13662,280033.604032,99098.206322,73195.725370,0,1.00,1,99d1c7fab316,747,7
javascript,bytes,message,100,37,avsc,5.7.9,17015,6888,44,23903,58771.672054,145180.023229,41835.752834,0,1.00,1,99d1c7fab316,748,8
javascript,bytes,message,100,37,bser,2.1.1,14842,13170,153,28012,67376.364371,75930.144267,35698.986149,0,1.00,1,99d1c7fab316,749,9
javascript,bytes,message,100,37,sia,2.3.0,18904,10378,162,29282,52898.857385,96357.679707,34150.672768,0,1.00,1,99d1c7fab316,750,10
javascript,bytes,message,100,37,flexbuffers,24.12.23,53404,24139,199,77543,18725.189124,41426.736816,12896.070567,0,1.00,1,99d1c7fab316,751,11
javascript,bytes,message,100,37,bson,6.10.4,9642,9263,140,18905,103712.922630,107956.385620,52896.059244,0,1.00,1,99d1c7fab316,752,12
javascript,bytes,message,100,37,JSON.stringify,node-24.15.0,2700,2586,168,5286,370370.370370,386697.602475,189178.963299,0,1.00,1,99d1c7fab316,753,13
javascript,bytes,message,100,37,cbor,9.0.2,53442,35698,124,89140,18711.874556,28012.773825,11218.308279,0,1.00,1,99d1c7fab316,754,14
javascript,bytes,message,100,37,fast-json-stringify,6.4.0,4605,2018,168,6623,217155.266015,495540.138751,150988.977805,0,1.00,1,99d1c7fab316,755,15
javascript,bytes,message,100,37,devalue,5.8.1,14500,5753,186,20253,68965.517241,173822.353555,49375.401175,0,1.00,1,99d1c7fab316,756,16
javascript,bytes,message,100,37,protobufjs,7.6.5,8662,14179,52,22841,115446.779035,70526.835461,43780.920275,0,1.00,1,99d1c7fab316,757,17
javascript,bytes,message,100,37,bebop,3.2.3,5372,4551,162,9923,186150.409531,219731.927049,100775.975008,0,1.00,1,99d1c7fab316,758,18
javascript,bytes,message,100,37,cbor-x,1.6.4,6093,8899,131,14992,164122.763827,112372.176649,66702.241195,0,1.00,1,99d1c7fab316,759,19
javascript,bytes,message,100,38,JSON.stringify,node-24.15.0,2353,2134,168,4487,424989.375266,468603.561387,222866.057499,0,1.00,1,99d1c7fab316,760,0
javascript,bytes,message,100,38,msgpackr,1.12.1,3169,8865,126,12034,315556.958031,112803.158488,83097.889314,0,1.00,1,99d1c7fab316,761,1
javascript,bytes,message,100,38,bebop,3.2.3,3755,3354,162,7109,266311.584554,298151.460942,140666.760445,0,1.00,1,99d1c7fab316,762,2
javascript,bytes,message,100,38,cbor-x,1.6.4,3642,7059,131,10701,274574.409665,141663.125089,93449.210354,0,1.00,1,99d1c7fab316,763,3
javascript,bytes,message,100,38,v8-serializer,v8-13.6.233.17-node.48,4625,4466,135,9091,216216.216216,223914.017017,109998.900011,0,1.00,1,99d1c7fab316,764,4
javascript,bytes,message,100,38,devalue,5.8.1,11917,5311,186,17228,83913.736679,188288.457918,58045.042953,0,1.00,1,99d1c7fab316,765,5
javascript,bytes,message,100,38,json-pack-msgpack,18.28.0,7184,6475,131,13659,139198.218263,154440.154440,73211.801742,0,1.00,1,99d1c7fab316,766,6
javascript,bytes,message,100,38,sia,2.3.0,11163,8091,162,19254,89581.653677,123594.116920,51937.259790,0,1.00,1,99d1c7fab316,767,7
javascript,bytes,message,100,38,google-protobuf,3.21.4,544,9830,52,10374,1838235.294118,101729.399797,96394.833237,0,1.00,1,99d1c7fab316,768,8
javascript,bytes,message,100,38,fast-json-stringify,6.4.0,3954,1580,168,5534,252908.447142,632911.392405,180701.120347,0,1.00,1,99d1c7fab316,769,9
javascript,bytes,message,100,38,avsc,5.7.9,7829,5871,44,13700,127730.233746,170328.734458,72992.700730,0,1.00,1,99d1c7fab316,770,10
javascript,bytes,message,100,38,bser,2.1.1,14070,12550,153,26620,71073.205402,79681.274900,37565.740045,0,1.00,1,99d1c7fab316,771,11
javascript,bytes,message,100,38,protobufjs,7.6.5,7911,12362,52,20273,126406.269751,80893.059376,49326.690672,0,1.00,1,99d1c7fab316,772,12
javascript,bytes,message,100,38,cbor,9.0.2,49983,35809,124,85792,20006.802313,27925.940406,11656.098471,0,1.00,1,99d1c7fab316,773,13
javascript,bytes,message,100,38,flatbuffers,24.12.23,15980,6565,104,22545,62578.222778,152322.924600,44355.732978,0,1.00,1,99d1c7fab316,774,14
javascript,bytes,message,100,38,@msgpack/msgpack,3.1.3,9365,8883,124,18248,106780.565937,112574.580660,54800.526085,0,1.00,1,99d1c7fab316,775,15
javascript,bytes,message,100,38,simdjson-parse+JSON.stringify,0.9.2,2672,10608,168,13280,374251.497006,94268.476621,75301.204819,0,1.00,1,99d1c7fab316,776,16
javascript,bytes,message,100,38,flexbuffers,24.12.23,46345,50958,199,97303,21577.300680,19624.004082,10277.175421,0,1.00,1,99d1c7fab316,777,17
javascript,bytes,message,100,38,protobuf-es,2.12.1,18474,14228,50,32702,54130.128830,70283.947146,30579.169470,0,1.00,1,99d1c7fab316,778,18
javascript,bytes,message,100,38,bson,6.10.4,9740,9583,140,19323,102669.404517,104351.455703,51751.798375,0,1.00,1,99d1c7fab316,779,19
javascript,bytes,message,100,39,cbor-x,1.6.4,6917,9272,131,16189,144571.345959,107851.596204,61770.337884,0,1.00,1,99d1c7fab316,780,0
javascript,bytes,message,100,39,bson,6.10.4,5535,6024,140,11559,180668.473351,166002.656042,86512.674107,0,1.00,1,99d1c7fab316,781,1
javascript,bytes,message,100,39,google-protobuf,3.21.4,745,9939,52,10684,1342281.879195,100613.743837,93597.903407,0,1.00,1,99d1c7fab316,782,2
javascript,bytes,message,100,39,@msgpack/msgpack,3.1.3,8102,7739,124,15841,123426.314490,129215.660938,63127.327820,0,1.00,1,99d1c7fab316,783,3
javascript,bytes,message,100,39,protobufjs,7.6.5,8733,14276,52,23009,114508.187335,70047.632390,43461.254292,0,1.00,1,99d1c7fab316,784,4
javascript,bytes,message,100,39,v8-serializer,v8-13.6.233.17-node.48,5855,5314,135,11169,170794.192997,188182.160331,89533.530307,0,1.00,1,99d1c7fab316,785,5
javascript,bytes,message,100,39,avsc,5.7.9,11154,6739,44,17893,89653.935808,148389.968838,55887.777343,0,1.00,1,99d1c7fab316,786,6
javascript,bytes,message,100,39,flatbuffers,24.12.23,26863,13339,104,40202,37225.924134,74968.138541,24874.384359,0,1.00,1,99d1c7fab316,787,7
javascript,bytes,message,100,39,bser,2.1.1,25021,21968,153,46989,39966.428200,45520.757465,21281.576539,0,1.00,1,99d1c7fab316,788,8
javascript,bytes,message,100,39,bebop,3.2.3,5662,4511,162,10173,176616.036736,221680.336954,98299.420033,0,1.00,1,99d1c7fab316,789,9
javascript,bytes,message,100,39,JSON.stringify,node-24.15.0,2046,2236,168,4282,488758.553275,447227.191413,233535.730967,0,1.00,1,99d1c7fab316,790,10
javascript,bytes,message,100,39,devalue,5.8.1,17371,6000,186,23371,57567.209717,166666.666667,42788.070686,0,1.00,1,99d1c7fab316,791,11
javascript,bytes,message,100,39,cbor,9.0.2,58630,36051,124,94681,17056.114617,27738.481596,10561.781139,0,1.00,1,99d1c7fab316,792,12
javascript,bytes,message,100,39,fast-json-stringify,6.4.0,4674,2051,168,6725,213949.507916,487567.040468,148698.884758,0,1.00,1,99d1c7fab316,793,13
javascript,bytes,message,100,39,protobuf-es,2.12.1,25889,13395,50,39284,38626.443663,74654.721911,25455.656247,0,1.00,1,99d1c7fab316,794,14
javascript,bytes,message,100,39,flexbuffers,24.12.23,64354,23859,199,88213,15539.049632,41912.904983,11336.197613,0,1.00,1,99d1c7fab316,795,15
javascript,bytes,message,100,39,json-pack-msgpack,18.28.0,7986,7194,131,15180,125219.133484,139004.726161,65876.152833,0,1.00,1,99d1c7fab316,796,16
javascript,bytes,message,100,39,simdjson-parse+JSON.stringify,0.9.2,3147,10632,168,13779,317762.948840,94055.680963,72574.207127,0,1.00,1,99d1c7fab316,797,17
javascript,bytes,message,100,39,msgpackr,1.12.1,3625,10512,126,14137,275862.068966,95129.375951,70736.365566,0,1.00,1,99d1c7fab316,798,18
javascript,bytes,message,100,39,sia,2.3.0,15574,11261,162,26835,64209.580069,88802.060208,37264.766164,0,1.00,1,99d1c7fab316,799,19
javascript,bytes,message,100,40,fast-json-stringify,6.4.0,4152,3126,168,7278,240847.784200,319897.632758,137400.384721,0,1.00,1,99d1c7fab316,800,0
javascript,bytes,message,100,40,json-pack-msgpack,18.28.0,5506,5045,131,10551,181620.050854,198216.055500,94777.746185,0,1.00,1,99d1c7fab316,801,1
javascript,bytes,message,100,40,flatbuffers,24.12.23,13067,5560,104,18627,76528.659983,179856.115108,53685.510281,0,1.00,1,99d1c7fab316,802,2
javascript,bytes,message,100,40,flexbuffers,24.12.23,37824,27988,199,65812,26438.240271,35729.598399,15194.797301,0,1.00,1,99d1c7fab316,803,3
javascript,bytes,message,100,40,v8-serializer,v8-13.6.233.17-node.48,5056,4682,135,9738,197784.810127,213583.938488,102690.490861,0,1.00,1,99d1c7fab316,804,4
javascript,bytes,message,100,40,protobuf-es,2.12.1,16488,18323,50,34811,60650.169820,54576.215685,28726.551952,0,1.00,1,99d1c7fab316,805,5
javascript,bytes,message,100,40,cbor,9.0.2,60301,36287,124,96588,16583.472911,27558.078651,10353.252992,0,1.00,1,99d1c7fab316,806,6
javascript,bytes,message,100,40,sia,2.3.0,18822,8657,162,27479,53129.316757,115513.457318,36391.426180,0,1.00,1,99d1c7fab316,807,7
javascript,bytes,message,100,40,bser,2.1.1,15646,13713,153,29359,63914.099450,72923.503245,34061.105623,0,1.00,1,99d1c7fab316,808,8
javascript,bytes,message,100,40,bebop,3.2.3,4958,4479,162,9437,201694.231545,223264.121456,105965.878987,0,1.00,1,99d1c7fab316,809,9
javascript,bytes,message,100,40,@msgpack/msgpack,3.1.3,8495,9177,124,17672,117716.303708,108968.072355,56586.690810,0,1.00,1,99d1c7fab316,810,10
javascript,bytes,message,100,40,simdjson-parse+JSON.stringify,0.9.2,3510,10492,168,14002,284900.284900,95310.712924,71418.368804,0,1.00,1,99d1c7fab316,811,11
javascript,bytes,message,100,40,JSON.stringify,node-24.15.0,13382,3535,168,16917,74727.245554,282885.431400,59112.135721,0,1.00,1,99d1c7fab316,812,12
javascript,bytes,message,100,40,devalue,5.8.1,15830,5872,186,21702,63171.193936,170299.727520,46078.702424,0,1.00,1,99d1c7fab316,813,13
javascript,bytes,message,100,40,avsc,5.7.9,7744,6448,44,14192,129132.231405,155086.848635,70462.232244,0,1.00,1,99d1c7fab316,814,14
javascript,bytes,message,100,40,google-protobuf,3.21.4,756,9635,52,10391,1322751.322751,103788.271925,96237.128284,0,1.00,1,99d1c7fab316,815,15
javascript,bytes,message,100,40,bson,6.10.4,9573,9530,140,19103,104460.461715,104931.794334,52347.798775,0,1.00,1,99d1c7fab316,816,16
javascript,bytes,message,100,40,protobufjs,7.6.5,8602,19925,52,28527,116252.034411,50188.205772,35054.509763,0,1.00,1,99d1c7fab316,817,17
javascript,bytes,message,100,40,cbor-x,1.6.4,6670,9389,131,16059,149925.037481,106507.615294,62270.377981,0,1.00,1,99d1c7fab316,818,18
javascript,bytes,message,100,40,msgpackr,1.12.1,3315,9779,126,13094,301659.125189,102259.944780,76370.856881,0,1.00,1,99d1c7fab316,819,19
javascript,bytes,message,100,41,msgpackr,1.12.1,2037,5761,126,7798,490918.016691,173580.975525,128238.009746,0,1.00,1,99d1c7fab316,820,0
javascript,bytes,message,100,41,cbor-x,1.6.4,3456,6792,131,10248,289351.851852,147232.037691,97580.015613,0,1.00,1,99d1c7fab316,821,1
javascript,bytes,message,100,41,json-pack-msgpack,18.28.0,7706,6728,131,14434,129769.011160,148632.580262,69280.864625,0,1.00,1,99d1c7fab316,822,2
javascript,bytes,message,100,41,JSON.stringify,node-24.15.0,2121,2752,168,4873,471475.719000,363372.093023,205212.394829,0,1.00,1,99d1c7fab316,823,3
javascript,bytes,message,100,41,flexbuffers,24.12.23,47824,30581,199,78405,20910.003346,32700.042510,12754.288630,0,1.00,1,99d1c7fab316,824,4
javascript,bytes,message,100,41,bebop,3.2.3,5220,4250,162,9470,191570.881226,235294.117647,105596.620908,0,1.00,1,99d1c7fab316,825,5
javascript,bytes,message,100,41,sia,2.3.0,18897,13486,162,32383,52918.452664,74150.971378,30880.400210,0,1.00,1,99d1c7fab316,826,6
javascript,bytes,message,100,41,avsc,5.7.9,8727,5954,44,14681,114586.914174,167954.316426,68115.251005,0,1.00,1,99d1c7fab316,827,7
javascript,bytes,message,100,41,cbor,9.0.2,50454,35147,124,85601,19820.034090,28451.930463,11682.106517,0,1.00,1,99d1c7fab316,828,8
javascript,bytes,message,100,41,protobufjs,7.6.5,8183,23794,52,31977,122204.570451,42027.401866,31272.477093,0,1.00,1,99d1c7fab316,829,9
javascript,bytes,message,100,41,google-protobuf,3.21.4,793,9664,52,10457,1261034.047919,103476.821192,95629.721718,0,1.00,1,99d1c7fab316,830,10
javascript,bytes,message,100,41,devalue,5.8.1,15242,6873,186,22115,65608.187902,145496.871817,45218.177707,0,1.00,1,99d1c7fab316,831,11
javascript,bytes,message,100,41,@msgpack/msgpack,3.1.3,9996,8896,124,18892,100040.016006,112410.071942,52932.458183,0,1.00,1,99d1c7fab316,832,12
javascript,bytes,message,100,41,flatbuffers,24.12.23,15735,6165,104,21900,63552.589768,162206.001622,45662.100457,0,1.00,1,99d1c7fab316,833,13
javascript,bytes,message,100,41,bser,2.1.1,31506,13936,153,45442,31739.986034,71756.601607,22006.073676,0,1.00,1,99d1c7fab316,834,14
javascript,bytes,message,100,41,v8-serializer,v8-13.6.233.17-node.48,5957,5298,135,11255,167869.733087,188750.471876,88849.400267,0,1.00,1,99d1c7fab316,835,15
javascript,bytes,message,100,41,protobuf-es,2.12.1,17641,13086,50,30727,56686.128904,76417.545468,32544.667556,0,1.00,1,99d1c7fab316,836,16
javascript,bytes,message,100,41,simdjson-parse+JSON.stringify,0.9.2,5645,16862,168,22507,177147.918512,59304.946032,44430.621584,0,1.00,1,99d1c7fab316,837,17
javascript,bytes,message,100,41,fast-json-stringify,6.4.0,4485,2479,168,6964,222965.440357,403388.463090,143595.634693,0,1.00,1,99d1c7fab316,838,18
javascript,bytes,message,100,41,bson,6.10.4,9779,15644,140,25423,102259.944780,63922.270519,39334.460921,0,1.00,1,99d1c7fab316,839,19
javascript,bytes,message,100,42,flatbuffers,24.12.23,13311,12490,104,25801,75125.835775,80064.051241,38758.187667,0,1.00,1,99d1c7fab316,840,0
javascript,bytes,message,100,42,simdjson-parse+JSON.stringify,0.9.2,2166,7201,168,9367,461680.517082,138869.601444,106757.766628,0,1.00,1,99d1c7fab316,841,1
javascript,bytes,message,100,42,cbor-x,1.6.4,6509,8958,131,15467,153633.430635,111632.060728,64653.779013,0,1.00,1,99d1c7fab316,842,2
javascript,bytes,message,100,42,devalue,5.8.1,18611,6307,186,24918,53731.664070,158553.987633,40131.631752,0,1.00,1,99d1c7fab316,843,3
javascript,bytes,message,100,42,v8-serializer,v8-13.6.233.17-node.48,5151,3981,135,9132,194137.060765,251193.167546,109505.037232,0,1.00,1,99d1c7fab316,844,4
javascript,bytes,message,100,42,json-pack-msgpack,18.28.0,7866,6896,131,14762,127129.417747,145011.600928,67741.498442,0,1.00,1,99d1c7fab316,845,5
javascript,bytes,message,100,42,bser,2.1.1,13607,11996,153,25603,73491.585213,83361.120373,39057.922900,0,1.00,1,99d1c7fab316,846,6
javascript,bytes,message,100,42,JSON.stringify,node-24.15.0,1941,1740,168,3681,515198.351365,574712.643678,271665.308340,0,1.00,1,99d1c7fab316,847,7
javascript,bytes,message,100,42,cbor,9.0.2,54819,34376,124,89195,18241.850453,29090.062835,11211.390773,0,1.00,1,99d1c7fab316,848,8
javascript,bytes,message,100,42,bebop,3.2.3,5485,4557,162,10042,182315.405652,219442.615756,99581.756622,0,1.00,1,99d1c7fab316,849,9
javascript,bytes,message,100,42,flexbuffers,24.12.23,166850,28244,199,195094,5993.407252,35405.749894,5125.734261,0,1.00,1,99d1c7fab316,850,10
javascript,bytes,message,100,42,protobufjs,7.6.5,18544,14784,52,33328,53925.798102,67640.692641,30004.800768,0,1.00,1,99d1c7fab316,851,11
javascript,bytes,message,100,42,google-protobuf,3.21.4,741,18017,52,18758,1349527.665317,55503.135927,53310.587483,0,1.00,1,99d1c7fab316,852,12
javascript,bytes,message,100,42,msgpackr,1.12.1,3700,11073,126,14773,270270.270270,90309.762485,67691.058011,0,1.00,1,99d1c7fab316,853,13
javascript,bytes,message,100,42,@msgpack/msgpack,3.1.3,14402,10031,124,24433,69434.800722,99690.958030,40928.252773,0,1.00,1,99d1c7fab316,854,14
javascript,bytes,message,100,42,avsc,5.7.9,12037,7051,44,19088,83077.178699,141823.854772,52388.935457,0,1.00,1,99d1c7fab316,855,15
javascript,bytes,message,100,42,sia,2.3.0,10687,10927,162,21614,93571.629082,91516.427199,46266.308874,0,1.00,1,99d1c7fab316,856,16
javascript,bytes,message,100,42,fast-json-stringify,6.4.0,23385,2151,168,25536,42762.454565,464900.046490,39160.401003,0,1.00,1,99d1c7fab316,857,17
javascript,bytes,message,100,42,protobuf-es,2.12.1,19258,14006,50,33264,51926.472115,71397.972298,30062.530063,0,1.00,1,99d1c7fab316,858,18
javascript,bytes,message,100,42,bson,6.10.4,17901,9538,140,27439,55862.800961,104843.782764,36444.476840,0,1.00,1,99d1c7fab316,859,19
javascript,bytes,message,100,43,fast-json-stringify,6.4.0,3892,2051,168,5943,256937.307297,487567.040468,168265.185933,0,1.00,1,99d1c7fab316,860,0
javascript,bytes,message,100,43,google-protobuf,3.21.4,694,15385,52,16079,1440922.190202,64998.375041,62192.922445,0,1.00,1,99d1c7fab316,861,1
javascript,bytes,message,100,43,bson,6.10.4,5431,6258,140,11689,184128.153195,159795.461809,85550.517581,0,1.00,1,99d1c7fab316,862,2
javascript,bytes,message,100,43,protobuf-es,2.12.1,13425,9563,50,22988,74487.895717,104569.695702,43500.957021,0,1.00,1,99d1c7fab316,863,3
javascript,bytes,message,100,43,avsc,5.7.9,12712,6132,44,18844,78665.827565,163078.930202,53067.289323,0,1.00,1,99d1c7fab316,864,4
javascript,bytes,message,100,43,cbor-x,1.6.4,7065,9439,131,16504,141542.816702,105943.426210,60591.371789,0,1.00,1,99d1c7fab316,865,5
javascript,bytes,message,100,43,bebop,3.2.3,5046,5008,162,10054,198176.773682,199680.511182,99462.900338,0,1.00,1,99d1c7fab316,866,6
javascript,bytes,message,100,43,JSON.stringify,node-24.15.0,1700,1377,168,3077,588235.294118,726216.412491,324991.875203,0,1.00,1,99d1c7fab316,867,7
javascript,bytes,message,100,43,flatbuffers,24.12.23,14732,4931,104,19663,67879.446104,202798.620969,50856.939429,0,1.00,1,99d1c7fab316,868,8
javascript,bytes,message,100,43,json-pack-msgpack,18.28.0,7494,7159,131,14653,133440.085402,139684.313452,68245.410496,0,1.00,1,99d1c7fab316,869,9
javascript,bytes,message,100,43,protobufjs,7.6.5,7594,12835,52,20429,131682.907559,77911.959486,48950.022028,0,1.00,1,99d1c7fab316,870,10
javascript,bytes,message,100,43,sia,2.3.0,12179,6874,162,19053,82108.547500,145475.705557,52485.172939,0,1.00,1,99d1c7fab316,871,11
javascript,bytes,message,100,43,v8-serializer,v8-13.6.233.17-node.48,6521,5650,135,12171,153350.713081,176991.150442,82162.517460,0,1.00,1,99d1c7fab316,872,12
javascript,bytes,message,100,43,simdjson-parse+JSON.stringify,0.9.2,1775,22871,168,24646,563380.281690,43723.492633,40574.535422,0,1.00,1,99d1c7fab316,873,13
javascript,bytes,message,100,43,flexbuffers,24.12.23,43188,19382,199,62570,23154.579976,51594.262718,15982.100048,0,1.00,1,99d1c7fab316,874,14
javascript,bytes,message,100,43,bser,2.1.1,15364,14023,153,29387,65087.216871,71311.416958,34028.652125,0,1.00,1,99d1c7fab316,875,15
javascript,bytes,message,100,43,cbor,9.0.2,56873,45222,124,102095,17583.035887,22113.130777,9794.798962,0,1.00,1,99d1c7fab316,876,16
javascript,bytes,message,100,43,@msgpack/msgpack,3.1.3,9855,9194,124,19049,101471.334348,108766.586905,52496.194026,0,1.00,1,99d1c7fab316,877,17
javascript,bytes,message,100,43,devalue,5.8.1,16314,8166,186,24480,61297.045482,122458.976243,40849.673203,0,1.00,1,99d1c7fab316,878,18
javascript,bytes,message,100,43,msgpackr,1.12.1,3640,10487,126,14127,274725.274725,95356.155240,70786.437319,0,1.00,1,99d1c7fab316,879,19
javascript,bytes,message,100,44,bser,2.1.1,13883,12190,153,26073,72030.540949,82034.454471,38353.852644,0,1.00,1,99d1c7fab316,880,0
javascript,bytes,message,100,44,flatbuffers,24.12.23,14328,5154,104,19482,69793.411502,194024.058983,51329.432296,0,1.00,1,99d1c7fab316,881,1
javascript,bytes,message,100,44,sia,2.3.0,9512,6466,162,15978,105130.361648,154655.119084,62586.055827,0,1.00,1,99d1c7fab316,882,2
javascript,bytes,message,100,44,cbor,9.0.2,45919,32970,124,78889,21777.477733,30330.603579,12676.038484,0,1.00,1,99d1c7fab316,883,3
javascript,bytes,message,100,44,devalue,5.8.1,12486,6432,186,18918,80089.700465,155472.636816,52859.710329,0,1.00,1,99d1c7fab316,884,4
javascript,bytes,message,100,44,protobuf-es,2.12.1,17509,12518,50,30027,57113.484494,79884.965649,33303.360309,0,1.00,1,99d1c7fab316,885,5
javascript,bytes,message,100,44,avsc,5.7.9,8925,6018,44,14943,112044.817927,166168.162180,66920.966339,0,1.00,1,99d1c7fab316,886,6
javascript,bytes,message,100,44,flexbuffers,24.12.23,42023,18806,199,60829,23796.492397,53174.518771,16439.527199,0,1.00,1,99d1c7fab316,887,7
javascript,bytes,message,100,44,v8-serializer,v8-13.6.233.17-node.48,5698,4875,135,10573,175500.175500,205128.205128,94580.535326,0,1.00,1,99d1c7fab316,888,8
javascript,bytes,message,100,44,msgpackr,1.12.1,3507,9790,126,13297,285143.997719,102145.045965,75204.933444,0,1.00,1,99d1c7fab316,889,9
javascript,bytes,message,100,44,JSON.stringify,node-24.15.0,1836,1640,168,3476,544662.309368,609756.097561,287686.996548,0,1.00,1,99d1c7fab316,890,10
javascript,bytes,message,100,44,protobufjs,7.6.5,7946,13443,52,21389,125849.484017,74388.157405,46753.003880,0,1.00,1,99d1c7fab316,891,11
javascript,bytes,message,100,44,bebop,3.2.3,5133,4453,162,9586,194817.845315,224567.707164,104318.798247,0,1.00,1,99d1c7fab316,892,12
javascript,bytes,message,100,44,simdjson-parse+JSON.stringify,0.9.2,1400,10714,168,12114,714285.714286,93335.822289,82549.116724,0,1.00,1,99d1c7fab316,893,13
javascript,bytes,message,100,44,bson,6.10.4,9114,8119,140,17233,109721.307878,123167.877817,58028.201706,0,1.00,1,99d1c7fab316,894,14
javascript,bytes,message,100,44,json-pack-msgpack,18.28.0,7929,7060,131,14989,126119.308866,141643.059490,66715.591434,0,1.00,1,99d1c7fab316,895,15
javascript,bytes,message,100,44,@msgpack/msgpack,3.1.3,9041,8712,124,17753,110607.233713,114784.205693,56328.507858,0,1.00,1,99d1c7fab316,896,16
javascript,bytes,message,100,44,fast-json-stringify,6.4.0,4954,1729,168,6683,201857.085184,578368.999422,149633.398174,0,1.00,1,99d1c7fab316,897,17
javascript,bytes,message,100,44,cbor-x,1.6.4,6687,8940,131,15627,149543.891132,111856.823266,63991.809048,0,1.00,1,99d1c7fab316,898,18
javascript,bytes,message,100,44,google-protobuf,3.21.4,561,10224,52,10785,1782531.194296,97809.076682,92721.372276,0,1.00,1,99d1c7fab316,899,19
javascript,bytes,message,100,45,sia,2.3.0,22200,120137,162,142337,45045.045045,8323.830294,7025.580137,0,1.00,1,99d1c7fab316,900,0
javascript,bytes,message,100,45,cbor,9.0.2,65949,40356,124,106305,15163.232195,24779.462781,9406.895254,0,1.00,1,99d1c7fab316,901,1
javascript,bytes,message,100,45,@msgpack/msgpack,3.1.3,12044,10272,124,22316,83028.894055,97352.024922,44810.898010,0,1.00,1,99d1c7fab316,902,2
javascript,bytes,message,100,45,flexbuffers,24.12.23,49354,22022,199,71376,20261.782226,45409.136318,14010.311589,0,1.00,1,99d1c7fab316,903,3
javascript,bytes,message,100,45,simdjson-parse+JSON.stringify,0.9.2,5978,22552,168,28530,167280.026765,44341.965236,35050.823694,0,1.00,1,99d1c7fab316,904,4
javascript,bytes,message,100,45,json-pack-msgpack,18.28.0,8314,13226,131,21540,120279.047390,75608.649630,46425.255339,0,1.00,1,99d1c7fab316,905,5
javascript,bytes,message,100,45,v8-serializer,v8-13.6.233.17-node.48,7155,5045,135,12200,139762.403913,198216.055500,81967.213115,0,1.00,1,99d1c7fab316,906,6
javascript,bytes,message,100,45,JSON.stringify,node-24.15.0,2354,3810,168,6164,424808.836024,262467.191601,162232.316677,0,1.00,1,99d1c7fab316,907,7
javascript,bytes,message,100,45,cbor-x,1.6.4,7251,10504,131,17755,137912.012136,95201.827875,56322.162771,0,1.00,1,99d1c7fab316,908,8
javascript,bytes,message,100,45,protobufjs,7.6.5,10081,15332,52,25413,99196.508283,65223.062875,39349.939008,0,1.00,1,99d1c7fab316,909,9
javascript,bytes,message,100,45,bson,6.10.4,10201,10033,140,20234,98029.604941,99671.085418,49421.765345,0,1.00,1,99d1c7fab316,910,10
javascript,bytes,message,100,45,bebop,3.2.3,5543,4998,162,10541,180407.721450,200080.032013,94867.659615,0,1.00,1,99d1c7fab316,911,11
javascript,bytes,message,100,45,devalue,5.8.1,25876,7284,186,33160,38645.849436,137287.204833,30156.815440,0,1.00,1,99d1c7fab316,912,12
javascript,bytes,message,100,45,protobuf-es,2.12.1,25918,17617,50,43535,38583.224014,56763.353579,22970.024119,0,1.00,1,99d1c7fab316,913,13
javascript,bytes,message,100,45,avsc,5.7.9,12790,9163,44,21953,78186.082877,109134.562916,45551.860794,0,1.00,1,99d1c7fab316,914,14
javascript,bytes,message,100,45,bser,2.1.1,33621,21702,153,55323,29743.315190,46078.702424,18075.664733,0,1.00,1,99d1c7fab316,915,15
javascript,bytes,message,100,45,flatbuffers,24.12.23,35899,6167,104,42066,27855.929135,162153.397114,23772.167546,0,1.00,1,99d1c7fab316,916,16
javascript,bytes,message,100,45,msgpackr,1.12.1,6050,10926,126,16976,165289.256198,91524.803222,58906.691800,0,1.00,1,99d1c7fab316,917,17
javascript,bytes,message,100,45,fast-json-stringify,6.4.0,5590,2053,168,7643,178890.876565,487092.060399,130838.675913,0,1.00,1,99d1c7fab316,918,18
javascript,bytes,message,100,45,google-protobuf,3.21.4,1088,11152,52,12240,919117.647059,89670.014347,81699.346405,0,1.00,1,99d1c7fab316,919,19
javascript,bytes,message,100,46,flatbuffers,24.12.23,41297,4098,104,45395,24214.834007,244021.473890,22028.857804,0,1.00,1,99d1c7fab316,920,0
javascript,bytes,message,100,46,sia,2.3.0,14254,46556,162,60810,70155.745756,21479.508549,16444.663707,0,1.00,1,99d1c7fab316,921,1
javascript,bytes,message,100,46,cbor,9.0.2,66785,42018,124,108803,14973.422176,23799.324099,9190.923044,0,1.00,1,99d1c7fab316,922,2
javascript,bytes,message,100,46,bebop,3.2.3,43239,14735,162,57974,23127.269363,67865.626060,17249.111671,0,1.00,1,99d1c7fab316,923,3
javascript,bytes,message,100,46,protobuf-es,2.12.1,20036,13208,50,33244,49910.161709,75711.689885,30080.616051,0,1.00,1,99d1c7fab316,924,4
javascript,bytes,message,100,46,simdjson-parse+JSON.stringify,0.9.2,3492,11224,168,14716,286368.843070,89094.796864,67953.248165,0,1.00,1,99d1c7fab316,925,5
javascript,bytes,message,100,46,v8-serializer,v8-13.6.233.17-node.48,6084,4552,135,10636,164365.548981,219683.655536,94020.308387,0,1.00,1,99d1c7fab316,926,6
javascript,bytes,message,100,46,google-protobuf,3.21.4,887,9937,52,10824,1127395.715896,100633.994163,92387.287509,0,1.00,1,99d1c7fab316,927,7
javascript,bytes,message,100,46,@msgpack/msgpack,3.1.3,9431,10102,124,19533,106033.294454,98990.298951,51195.412891,0,1.00,1,99d1c7fab316,928,8
javascript,bytes,message,100,46,bson,6.10.4,11819,9204,140,21023,84609.527033,108648.413733,47566.950483,0,1.00,1,99d1c7fab316,929,9
javascript,bytes,message,100,46,JSON.stringify,node-24.15.0,2377,3383,168,5760,420698.359276,295595.625185,173611.111111,0,1.00,1,99d1c7fab316,930,10
javascript,bytes,message,100,46,cbor-x,1.6.4,6982,9599,131,16581,143225.436838,104177.518492,60309.993366,0,1.00,1,99d1c7fab316,931,11
javascript,bytes,message,100,46,fast-json-stringify,6.4.0,3626,1544,168,5170,275785.990072,647668.393782,193423.597679,0,1.00,1,99d1c7fab316,932,12
javascript,bytes,message,100,46,bser,2.1.1,28691,13495,153,42186,34854.135443,74101.519081,23704.546532,0,1.00,1,99d1c7fab316,933,13
javascript,bytes,message,100,46,msgpackr,1.12.1,3342,9284,126,12626,299222.022741,107712.193020,79201.647394,0,1.00,1,99d1c7fab316,934,14
javascript,bytes,message,100,46,protobufjs,7.6.5,17609,13943,52,31552,56789.141916,71720.576633,31693.711968,0,1.00,1,99d1c7fab316,935,15
javascript,bytes,message,100,46,flexbuffers,24.12.23,54816,21145,199,75961,18242.848803,47292.504138,13164.650281,0,1.00,1,99d1c7fab316,936,16
javascript,bytes,message,100,46,devalue,5.8.1,15277,7479,186,22756,65457.877856,133707.714935,43944.454210,0,1.00,1,99d1c7fab316,937,17
javascript,bytes,message,100,46,avsc,5.7.9,9297,6810,44,16107,107561.579004,146842.878120,62084.807848,0,1.00,1,99d1c7fab316,938,18
javascript,bytes,message,100,46,json-pack-msgpack,18.28.0,8132,12620,131,20752,122970.978849,79239.302694,48188.126446,0,1.00,1,99d1c7fab316,939,19
javascript,bytes,message,100,47,json-pack-msgpack,18.28.0,4843,19259,131,24102,206483.584555,51923.775897,41490.332752,0,1.00,1,99d1c7fab316,940,0
javascript,bytes,message,100,47,cbor,9.0.2,57629,44489,124,102118,17352.374672,22477.466340,9792.592883,0,1.00,1,99d1c7fab316,941,1
javascript,bytes,message,100,47,google-protobuf,3.21.4,796,10231,52,11027,1256281.407035,97742.156192,90686.496781,0,1.00,1,99d1c7fab316,942,2
javascript,bytes,message,100,47,bson,6.10.4,9561,9360,140,18921,104591.569919,106837.606838,52851.329211,0,1.00,1,99d1c7fab316,943,3
javascript,bytes,message,100,47,sia,2.3.0,13402,6636,162,20038,74615.728996,150693.188668,49905.180158,0,1.00,1,99d1c7fab316,944,4
javascript,bytes,message,100,47,protobuf-es,2.12.1,18991,13257,50,32248,52656.521510,75431.847326,31009.675019,0,1.00,1,99d1c7fab316,945,5
javascript,bytes,message,100,47,avsc,5.7.9,10436,6235,44,16671,95822.154082,160384.923817,59984.404055,0,1.00,1,99d1c7fab316,946,6
javascript,bytes,message,100,47,bebop,3.2.3,4467,4306,162,8773,223863.890754,232234.091965,113986.093697,0,1.00,1,99d1c7fab316,947,7
javascript,bytes,message,100,47,bser,2.1.1,14073,12578,153,26651,71058.054430,79503.895691,37522.044201,0,1.00,1,99d1c7fab316,948,8
javascript,bytes,message,100,47,JSON.stringify,node-24.15.0,1554,1755,168,3309,643500.643501,569800.569801,302206.104563,0,1.00,1,99d1c7fab316,949,9
javascript,bytes,message,100,47,v8-serializer,v8-13.6.233.17-node.48,6187,5082,135,11269,161629.222563,196772.924046,88739.018546,0,1.00,1,99d1c7fab316,950,10
javascript,bytes,message,100,47,flatbuffers,24.12.23,14467,5096,104,19563,69122.831271,196232.339089,51116.904360,0,1.00,1,99d1c7fab316,951,11
javascript,bytes,message,100,47,cbor-x,1.6.4,12995,9256,131,22251,76952.674105,108038.029386,44941.800369,0,1.00,1,99d1c7fab316,952,12
javascript,bytes,message,100,47,fast-json-stringify,6.4.0,3955,1700,168,5655,252844.500632,588235.294118,176834.659593,0,1.00,1,99d1c7fab316,953,13
javascript,bytes,message,100,47,simdjson-parse+JSON.stringify,0.9.2,1337,10280,168,11617,747943.156320,97276.264591,86080.743738,0,1.00,1,99d1c7fab316,954,14
javascript,bytes,message,100,47,protobufjs,7.6.5,7379,13369,52,20748,135519.718119,74799.910240,48197.416618,0,1.00,1,99d1c7fab316,955,15
javascript,bytes,message,100,47,devalue,5.8.1,14658,5570,186,20228,68222.131259,179533.213645,49436.424758,0,1.00,1,99d1c7fab316,956,16
javascript,bytes,message,100,47,@msgpack/msgpack,3.1.3,9279,9068,124,18347,107770.233861,110277.900309,54504.823677,0,1.00,1,99d1c7fab316,957,17
javascript,bytes,message,100,47,msgpackr,1.12.1,3426,10166,126,13592,291885.580852,98367.106040,73572.689818,0,1.00,1,99d1c7fab316,958,18
javascript,bytes,message,100,47,flexbuffers,24.12.23,44240,18916,199,63156,22603.978300,52865.299218,15833.808348,0,1.00,1,99d1c7fab316,959,19
javascript,bytes,message,100,48,msgpackr,1.12.1,12232,7606,126,19838,81752.779595,131475.151196,50408.307289,0,1.00,1,99d1c7fab316,960,0
javascript,bytes,message,100,48,google-protobuf,3.21.4,736,9759,52,10495,1358695.652174,102469.515319,95283.468318,0,1.00,1,99d1c7fab316,961,1
javascript,bytes,message,100,48,cbor-x,1.6.4,5583,8152,131,13735,179115.171055,122669.283611,72806.698216,0,1.00,1,99d1c7fab316,962,2
javascript,bytes,message,100,48,JSON.stringify,node-24.15.0,2825,2643,168,5468,353982.300885,378357.926599,182882.223848,0,1.00,1,99d1c7fab316,963,3
javascript,bytes,message,100,48,flexbuffers,24.12.23,33136,16116,199,49252,30178.657653,62050.136510,20303.744010,0,1.00,1,99d1c7fab316,964,4
javascript,bytes,message,100,48,v8-serializer,v8-13.6.233.17-node.48,5069,4761,135,9830,197277.569540,210039.907582,101729.399797,0,1.00,1,99d1c7fab316,965,5
javascript,bytes,message,100,48,avsc,5.7.9,7685,6140,44,13825,130123.617437,162866.449511,72332.730561,0,1.00,1,99d1c7fab316,966,6
javascript,bytes,message,100,48,flatbuffers,24.12.23,13073,4877,104,17950,76493.536296,205044.084478,55710.306407,0,1.00,1,99d1c7fab316,967,7
javascript,bytes,message,100,48,protobuf-es,2.12.1,28617,13184,50,41801,34944.263899,75849.514563,23922.872659,0,1.00,1,99d1c7fab316,968,8
javascript,bytes,message,100,48,simdjson-parse+JSON.stringify,0.9.2,1923,10516,168,12439,520020.800832,95093.191328,80392.314495,0,1.00,1,99d1c7fab316,969,9
javascript,bytes,message,100,48,sia,2.3.0,143628,25367,162,168995,6962.430724,39421.295384,5917.334832,0,1.00,1,99d1c7fab316,970,10
javascript,bytes,message,100,48,fast-json-stringify,6.4.0,4998,5014,168,10012,200080.032013,199441.563622,99880.143827,0,1.00,1,99d1c7fab316,971,11
javascript,bytes,message,100,48,bson,6.10.4,10470,10700,140,21170,95510.983763,93457.943925,47236.655645,0,1.00,1,99d1c7fab316,972,12
javascript,bytes,message,100,48,json-pack-msgpack,18.28.0,8479,7523,131,16002,117938.436136,132925.694537,62492.188476,0,1.00,1,99d1c7fab316,973,13
javascript,bytes,message,100,48,bebop,3.2.3,4578,4152,162,8730,218435.998253,240847.784200,114547.537228,0,1.00,1,99d1c7fab316,974,14
javascript,bytes,message,100,48,cbor,9.0.2,62933,37071,124,100004,15889.914671,26975.263683,9999.600016,0,1.00,1,99d1c7fab316,975,15
javascript,bytes,message,100,48,@msgpack/msgpack,3.1.3,18439,12423,124,30862,54232.875969,80495.854463,32402.307044,0,1.00,1,99d1c7fab316,976,16
javascript,bytes,message,100,48,devalue,5.8.1,15691,7788,186,23479,63730.801096,128402.670776,42591.251757,0,1.00,1,99d1c7fab316,977,17
javascript,bytes,message,100,48,bser,2.1.1,17453,13438,153,30891,57296.739816,74415.835690,32371.888252,0,1.00,1,99d1c7fab316,978,18
javascript,bytes,message,100,48,protobufjs,7.6.5,7406,13952,52,21358,135025.654874,71674.311927,46820.863377,0,1.00,1,99d1c7fab316,979,19
javascript,bytes,message,100,49,msgpackr,1.12.1,3862,10380,126,14242,258933.195236,96339.113680,70214.857464,0,1.00,1,99d1c7fab316,980,0
javascript,bytes,message,100,49,json-pack-msgpack,18.28.0,7170,6091,131,13261,139470.013947,164176.654080,75409.094337,0,1.00,1,99d1c7fab316,981,1
javascript,bytes,message,100,49,simdjson-parse+JSON.stringify,0.9.2,3669,11877,168,15546,272553.829381,84196.345879,64325.228355,0,1.00,1,99d1c7fab316,982,2
javascript,bytes,message,100,49,cbor-x,1.6.4,6440,9044,131,15484,155279.503106,110570.544007,64582.795143,0,1.00,1,99d1c7fab316,983,3
javascript,bytes,message,100,49,v8-serializer,v8-13.6.233.17-node.48,5631,4784,135,10415,177588.350204,209030.100334,96015.362458,0,1.00,1,99d1c7fab316,984,4
javascript,bytes,message,100,49,sia,2.3.0,10814,6160,162,16974,92472.720547,162337.662338,58913.632615,0,1.00,1,99d1c7fab316,985,5
javascript,bytes,message,100,49,protobufjs,7.6.5,5858,10150,52,16008,170706.725845,98522.167488,62468.765617,0,1.00,1,99d1c7fab316,986,6
javascript,bytes,message,100,49,bser,2.1.1,19333,11644,153,30977,51725.029742,85881.140502,32282.015689,0,1.00,1,99d1c7fab316,987,7
javascript,bytes,message,100,49,@msgpack/msgpack,3.1.3,8197,8407,124,16604,121995.852141,118948.495302,60226.451457,0,1.00,1,99d1c7fab316,988,8
javascript,bytes,message,100,49,JSON.stringify,node-24.15.0,2301,3321,168,5622,434593.654933,301114.122252,177872.643187,0,1.00,1,99d1c7fab316,989,9
javascript,bytes,message,100,49,avsc,5.7.9,6799,6218,44,13017,147080.453008,160823.415889,76822.616578,0,1.00,1,99d1c7fab316,990,10
javascript,bytes,message,100,49,devalue,5.8.1,13610,5008,186,18618,73475.385746,199680.511182,53711.462026,0,1.00,1,99d1c7fab316,991,11
javascript,bytes,message,100,49,bebop,3.2.3,4699,4192,162,8891,212811.236433,238549.618321,112473.287594,0,1.00,1,99d1c7fab316,992,12
javascript,bytes,message,100,49,flatbuffers,24.12.23,14801,5155,104,19956,67563.002500,193986.420951,50110.242534,0,1.00,1,99d1c7fab316,993,13
javascript,bytes,message,100,49,google-protobuf,3.21.4,599,9911,52,10510,1669449.081803,100897.992130,95147.478592,0,1.00,1,99d1c7fab316,994,14
javascript,bytes,message,100,49,protobuf-es,2.12.1,18396,13860,50,32256,54359.643401,72150.072150,31001.984127,0,1.00,1,99d1c7fab316,995,15
javascript,bytes,message,100,49,fast-json-stringify,6.4.0,3515,1848,168,5363,284495.021337,541125.541126,186462.800671,0,1.00,1,99d1c7fab316,996,16
javascript,bytes,message,100,49,flexbuffers,24.12.23,56349,19899,199,76248,17746.543861,50253.781597,13115.098101,0,1.00,1,99d1c7fab316,997,17
javascript,bytes,message,100,49,cbor,9.0.2,52739,41725,124,94464,18961.299987,23966.446974,10586.043360,0,1.00,1,99d1c7fab316,998,18
javascript,bytes,message,100,49,bson,6.10.4,9788,9003,140,18791,102165.917450,111074.086416,53216.965569,0,1.00,1,99d1c7fab316,999,19
javascript,bytes,message,100,50,JSON.stringify,node-24.15.0,5128,3154,168,8282,195007.800312,317057.704502,120743.781695,0,1.00,1,99d1c7fab316,1000,0
javascript,bytes,message,100,50,fast-json-stringify,6.4.0,2966,1103,168,4069,337154.416723,906618.313690,245760.629147,0,1.00,1,99d1c7fab316,1001,1
javascript,bytes,message,100,50,protobufjs,7.6.5,6748,12708,52,19456,148192.056906,78690.588606,51398.026316,0,1.00,1,99d1c7fab316,1002,2
javascript,bytes,message,100,50,bebop,3.2.3,5140,4323,162,9463,194552.529183,231320.842008,105674.733171,0,1.00,1,99d1c7fab316,1003,3
javascript,bytes,message,100,50,bson,6.10.4,6295,6521,140,12816,158856.235107,153350.713081,78027.465668,0,1.00,1,99d1c7fab316,1004,4
javascript,bytes,message,100,50,v8-serializer,v8-13.6.233.17-node.48,5473,4818,135,10291,182715.147086,207555.002076,97172.286464,0,1.00,1,99d1c7fab316,1005,5
javascript,bytes,message,100,50,google-protobuf,3.21.4,628,9486,52,10114,1592356.687898,105418.511491,98872.849516,0,1.00,1,99d1c7fab316,1006,6
javascript,bytes,message,100,50,cbor-x,1.6.4,6651,9125,131,15776,150353.330326,109589.041096,63387.423935,0,1.00,1,99d1c7fab316,1007,7
javascript,bytes,message,100,50,flatbuffers,24.12.23,16570,5184,104,21754,60350.030175,192901.234568,45968.557507,0,1.00,1,99d1c7fab316,1008,8
javascript,bytes,message,100,50,avsc,5.7.9,8724,5757,44,14481,114626.318203,173701.580684,69056.004420,0,1.00,1,99d1c7fab316,1009,9
javascript,bytes,message,100,50,msgpackr,1.12.1,3274,9555,126,12829,305436.774588,104657.247514,77948.398160,0,1.00,1,99d1c7fab316,1010,10
javascript,bytes,message,100,50,flexbuffers,24.12.23,43648,20336,199,63984,22910.557185,49173.878836,15628.907227,0,1.00,1,99d1c7fab316,1011,11
javascript,bytes,message,100,50,@msgpack/msgpack,3.1.3,9137,8895,124,18032,109445.113276,112422.709387,55456.965395,0,1.00,1,99d1c7fab316,1012,12
javascript,bytes,message,100,50,protobuf-es,2.12.1,16441,13353,50,29794,60823.550879,74889.537932,33563.804793,0,1.00,1,99d1c7fab316,1013,13
javascript,bytes,message,100,50,sia,2.3.0,21651,6515,162,28166,46187.243083,153491.941673,35503.798906,0,1.00,1,99d1c7fab316,1014,14
javascript,bytes,message,100,50,devalue,5.8.1,14840,6814,186,21654,67385.444744,146756.677429,46180.844186,0,1.00,1,99d1c7fab316,1015,15
javascript,bytes,message,100,50,simdjson-parse+JSON.stringify,0.9.2,2170,10890,168,13060,460829.493088,91827.364555,76569.678407,0,1.00,1,99d1c7fab316,1016,16
javascript,bytes,message,100,50,bser,2.1.1,13708,14042,153,27750,72950.102130,71214.926649,36036.036036,0,1.00,1,99d1c7fab316,1017,17
javascript,bytes,message,100,50,cbor,9.0.2,55323,34980,124,90303,18075.664733,28587.764437,11073.829219,0,1.00,1,99d1c7fab316,1018,18
javascript,bytes,message,100,50,json-pack-msgpack,18.28.0,7663,6492,131,14155,130497.194310,154035.736291,70646.414694,0,1.00,1,99d1c7fab316,1019,19
javascript,bytes,message,100,51,json-pack-msgpack,18.28.0,13203,3853,131,17056,75740.362039,259538.022320,58630.393996,0,1.00,1,99d1c7fab316,1020,0
javascript,bytes,message,100,51,bebop,3.2.3,4569,3947,162,8516,218866.272707,253356.979985,117426.021606,0,1.00,1,99d1c7fab316,1021,1
javascript,bytes,message,100,51,bson,6.10.4,8479,8663,140,17142,117938.436136,115433.452615,58336.250146,0,1.00,1,99d1c7fab316,1022,2
javascript,bytes,message,100,51,google-protobuf,3.21.4,596,9581,52,10177,1677852.348993,104373.238702,98260.784121,0,1.00,1,99d1c7fab316,1023,3
javascript,bytes,message,100,51,simdjson-parse+JSON.stringify,0.9.2,2815,9885,168,12700,355239.786856,101163.378857,78740.157480,0,1.00,1,99d1c7fab316,1024,4
javascript,bytes,message,100,51,sia,2.3.0,64974,10117,162,75091,15390.771693,98843.530691,13317.175161,0,1.00,1,99d1c7fab316,1025,5
javascript,bytes,message,100,51,protobuf-es,2.12.1,22166,12882,50,35048,45114.138771,77627.697562,28532.298562,0,1.00,1,99d1c7fab316,1026,6
javascript,bytes,message,100,51,avsc,5.7.9,10583,6466,44,17049,94491.165076,154655.119084,58654.466538,0,1.00,1,99d1c7fab316,1027,7
javascript,bytes,message,100,51,@msgpack/msgpack,3.1.3,19091,19532,124,38623,52380.702949,51198.033995,25891.308288,0,1.00,1,99d1c7fab316,1028,8
javascript,bytes,message,100,51,v8-serializer,v8-13.6.233.17-node.48,11335,5684,135,17019,88222.320247,175932.441942,58757.858864,0,1.00,1,99d1c7fab316,1029,9
javascript,bytes,message,100,51,flatbuffers,24.12.23,27469,5947,104,33416,36404.674360,168152.009417,29925.784056,0,1.00,1,99d1c7fab316,1030,10
javascript,bytes,message,100,51,protobufjs,7.6.5,7611,13473,52,21084,131388.779398,74222.519112,47429.330298,0,1.00,1,99d1c7fab316,1031,11
javascript,bytes,message,100,51,msgpackr,1.12.1,3450,16227,126,19677,289855.072464,61625.685586,50820.755196,0,1.00,1,99d1c7fab316,1032,12
javascript,bytes,message,100,51,JSON.stringify,node-24.15.0,2944,2542,168,5486,339673.913043,393391.030685,182282.172803,0,1.00,1,99d1c7fab316,1033,13
javascript,bytes,message,100,51,cbor,9.0.2,71545,41284,124,112829,13977.217136,24222.459064,8862.969627,0,1.00,1,99d1c7fab316,1034,14
javascript,bytes,message,100,51,bser,2.1.1,14365,35796,153,50161,69613.644274,27936.082244,19935.806702,0,1.00,1,99d1c7fab316,1035,15
javascript,bytes,message,100,51,flexbuffers,24.12.23,46460,45534,199,91994,21523.891520,21961.611104,10870.274148,0,1.00,1,99d1c7fab316,1036,16
javascript,bytes,message,100,51,cbor-x,1.6.4,7045,9909,131,16954,141944.641590,100918.357049,58983.130825,0,1.00,1,99d1c7fab316,1037,17
javascript,bytes,message,100,51,fast-json-stringify,6.4.0,4202,3635,168,7837,237981.913375,275103.163686,127599.846880,0,1.00,1,99d1c7fab316,1038,18
javascript,bytes,message,100,51,devalue,5.8.1,15545,5960,186,21505,64329.366356,167785.234899,46500.813764,0,1.00,1,99d1c7fab316,1039,19
javascript,bytes,message,100,52,JSON.stringify,node-24.15.0,3074,1645,168,4719,325309.043591,607902.735562,211909.302818,0,1.00,1,99d1c7fab316,1040,0
javascript,bytes,message,100,52,bser,2.1.1,13739,12467,153,26206,72785.501128,80211.759044,38159.200183,0,1.00,1,99d1c7fab316,1041,1
javascript,bytes,message,100,52,@msgpack/msgpack,3.1.3,9658,9092,124,18750,103541.105819,109986.801584,53333.333333,0,1.00,1,99d1c7fab316,1042,2
javascript,bytes,message,100,52,flatbuffers,24.12.23,14310,5217,104,19527,69881.201957,191681.042745,51211.143545,0,1.00,1,99d1c7fab316,1043,3
javascript,bytes,message,100,52,fast-json-stringify,6.4.0,2790,1433,168,4223,358422.939068,697836.706211,236798.484490,0,1.00,1,99d1c7fab316,1044,4
javascript,bytes,message,100,52,cbor-x,1.6.4,4962,7831,131,12793,201531.640468,127697.612055,78167.747987,0,1.00,1,99d1c7fab316,1045,5
javascript,bytes,message,100,52,protobuf-es,2.12.1,15754,13087,50,28841,63475.942618,76411.706273,34672.861551,0,1.00,1,99d1c7fab316,1046,6
javascript,bytes,message,100,52,bson,6.10.4,9329,9170,140,18499,107192.625147,109051.254089,54056.976053,0,1.00,1,99d1c7fab316,1047,7
javascript,bytes,message,100,52,simdjson-parse+JSON.stringify,0.9.2,2531,11378,168,13909,395100.750691,87888.908420,71895.894744,0,1.00,1,99d1c7fab316,1048,8
javascript,bytes,message,100,52,sia,2.3.0,8233,5253,162,13486,121462.407385,190367.409100,74150.971378,0,1.00,1,99d1c7fab316,1049,9
javascript,bytes,message,100,52,protobufjs,7.6.5,6814,18492,52,25306,146756.677429,54077.438892,39516.320240,0,1.00,1,99d1c7fab316,1050,10
javascript,bytes,message,100,52,msgpackr,1.12.1,3461,29543,126,33004,288933.834152,33848.965914,30299.357654,0,1.00,1,99d1c7fab316,1051,11
javascript,bytes,message,100,52,avsc,5.7.9,9338,5887,44,15225,107089.312487,169865.806013,65681.444992,0,1.00,1,99d1c7fab316,1052,12
javascript,bytes,message,100,52,json-pack-msgpack,18.28.0,6981,6611,131,13592,143245.953302,151263.046438,73572.689818,0,1.00,1,99d1c7fab316,1053,13
javascript,bytes,message,100,52,devalue,5.8.1,14370,5561,186,19931,69589.422408,179823.772703,50173.097185,0,1.00,1,99d1c7fab316,1054,14
javascript,bytes,message,100,52,v8-serializer,v8-13.6.233.17-node.48,9787,5173,135,14960,102176.356391,193311.424705,66844.919786,0,1.00,1,99d1c7fab316,1055,15
javascript,bytes,message,100,52,google-protobuf,3.21.4,691,9988,52,10679,1447178.002894,100120.144173,93641.726753,0,1.00,1,99d1c7fab316,1056,16
javascript,bytes,message,100,52,bebop,3.2.3,13857,4505,162,18362,72165.692430,221975.582686,54460.298442,0,1.00,1,99d1c7fab316,1057,17
javascript,bytes,message,100,52,cbor,9.0.2,60957,39332,124,100289,16405.006808,25424.590664,9971.183280,0,1.00,1,99d1c7fab316,1058,18
javascript,bytes,message,100,52,flexbuffers,24.12.23,55546,24926,199,80472,18003.096533,40118.751504,12426.682573,0,1.00,1,99d1c7fab316,1059,19
javascript,bytes,message,100,53,fast-json-stringify,6.4.0,3329,3387,168,6716,300390.507660,295246.530853,148898.153663,0,1.00,1,99d1c7fab316,1060,0
javascript,bytes,message,100,53,flatbuffers,24.12.23,15426,5224,104,20650,64825.619085,191424.196018,48426.150121,0,1.00,1,99d1c7fab316,1061,1
javascript,bytes,message,100,53,msgpackr,1.12.1,3482,9265,126,12747,287191.269385,107933.081489,78449.831333,0,1.00,1,99d1c7fab316,1062,2
javascript,bytes,message,100,53,cbor-x,1.6.4,5661,8446,131,14107,176647.235471,118399.242245,70886.793790,0,1.00,1,99d1c7fab316,1063,3
javascript,bytes,message,100,53,devalue,5.8.1,16042,6088,186,22130,62336.367037,164257.555848,45187.528242,0,1.00,1,99d1c7fab316,1064,4
javascript,bytes,message,100,53,bser,2.1.1,13904,13424,153,27328,71921.749137,74493.444577,36592.505855,0,1.00,1,99d1c7fab316,1065,5
javascript,bytes,message,100,53,@msgpack/msgpack,3.1.3,7799,7489,124,15288,128221.566868,133529.176125,65410.779696,0,1.00,1,99d1c7fab316,1066,6
javascript,bytes,message,100,53,JSON.stringify,node-24.15.0,2884,1667,168,4551,346740.638003,599880.023995,219731.927049,0,1.00,1,99d1c7fab316,1067,7
javascript,bytes,message,100,53,google-protobuf,3.21.4,786,9452,52,10238,1272264.631043,105797.714769,97675.327212,0,1.00,1,99d1c7fab316,1068,8
javascript,bytes,message,100,53,json-pack-msgpack,18.28.0,5936,6357,131,12293,168463.611860,157306.905773,81347.108110,0,1.00,1,99d1c7fab316,1069,9
javascript,bytes,message,100,53,protobufjs,7.6.5,6986,13168,52,20154,143143.429717,75941.676792,49617.941848,0,1.00,1,99d1c7fab316,1070,10
javascript,bytes,message,100,53,sia,2.3.0,8143,5540,162,13683,122804.863073,180505.415162,73083.388146,0,1.00,1,99d1c7fab316,1071,11
javascript,bytes,message,100,53,flexbuffers,24.12.23,46699,18023,199,64722,21413.734769,55484.658492,15450.696826,0,1.00,1,99d1c7fab316,1072,12
javascript,bytes,message,100,53,protobuf-es,2.12.1,15314,19419,50,34733,65299.725741,51495.957567,28791.063254,0,1.00,1,99d1c7fab316,1073,13
javascript,bytes,message,100,53,bebop,3.2.3,4584,4122,162,8706,218150.087260,242600.679282,114863.312658,0,1.00,1,99d1c7fab316,1074,14
javascript,bytes,message,100,53,v8-serializer,v8-13.6.233.17-node.48,5779,5405,135,11184,173040.318394,185013.876041,89413.447783,0,1.00,1,99d1c7fab316,1075,15
javascript,bytes,message,100,53,bson,6.10.4,9491,8773,140,18264,105362.975450,113986.093697,54752.518616,0,1.00,1,99d1c7fab316,1076,16
javascript,bytes,message,100,53,avsc,5.7.9,15284,6521,44,21805,65427.898456,153350.713081,45861.041046,0,1.00,1,99d1c7fab316,1077,17
javascript,bytes,message,100,53,cbor,9.0.2,49606,55896,124,105502,20158.851752,17890.367826,9478.493299,0,1.00,1,99d1c7fab316,1078,18
javascript,bytes,message,100,53,simdjson-parse+JSON.stringify,0.9.2,1757,28548,168,30305,569151.963574,35028.723553,32997.855139,0,1.00,1,99d1c7fab316,1079,19
javascript,bytes,message,100,54,bser,2.1.1,15016,12533,153,27549,66595.631327,79789.356100,36298.958220,0,1.00,1,99d1c7fab316,1080,0
javascript,bytes,message,100,54,fast-json-stringify,6.4.0,3568,2957,168,6525,280269.058296,338180.588434,153256.704981,0,1.00,1,99d1c7fab316,1081,1
javascript,bytes,message,100,54,msgpackr,1.12.1,3849,10230,126,14079,259807.742271,97751.710655,71027.771859,0,1.00,1,99d1c7fab316,1082,2
javascript,bytes,message,100,54,bson,6.10.4,8862,8999,140,17861,112841.345069,111123.458162,55987.906612,0,1.00,1,99d1c7fab316,1083,3
javascript,bytes,message,100,54,flexbuffers,24.12.23,41409,19761,199,61170,24149.339516,50604.726481,16347.882949,0,1.00,1,99d1c7fab316,1084,4
javascript,bytes,message,100,54,avsc,5.7.9,9378,6600,44,15978,106632.544253,151515.151515,62586.055827,0,1.00,1,99d1c7fab316,1085,5
javascript,bytes,message,100,54,sia,2.3.0,8684,5575,162,14259,115154.306771,179372.197309,70131.145242,0,1.00,1,99d1c7fab316,1086,6
javascript,bytes,message,100,54,@msgpack/msgpack,3.1.3,7747,7393,124,15140,129082.225378,135263.086704,66050.198151,0,1.00,1,99d1c7fab316,1087,7
javascript,bytes,message,100,54,v8-serializer,v8-13.6.233.17-node.48,5746,5020,135,10766,174034.110686,199203.187251,92885.008360,0,1.00,1,99d1c7fab316,1088,8
javascript,bytes,message,100,54,json-pack-msgpack,18.28.0,6319,6566,131,12885,158252.888115,152299.725860,77609.623593,0,1.00,1,99d1c7fab316,1089,9
javascript,bytes,message,100,54,cbor-x,1.6.4,6563,9015,131,15578,152369.343288,110926.234054,64193.092823,0,1.00,1,99d1c7fab316,1090,10
javascript,bytes,message,100,54,devalue,5.8.1,36416,7503,186,43919,27460.456942,133280.021325,22769.188734,0,1.00,1,99d1c7fab316,1091,11
javascript,bytes,message,100,54,protobuf-es,2.12.1,22801,13455,50,36256,43857.725538,74321.813452,27581.641659,0,1.00,1,99d1c7fab316,1092,12
javascript,bytes,message,100,54,flatbuffers,24.12.23,13453,5339,104,18792,74332.862559,187300.992695,53214.133674,0,1.00,1,99d1c7fab316,1093,13
javascript,bytes,message,100,54,simdjson-parse+JSON.stringify,0.9.2,3037,18967,168,22004,329272.308199,52723.150735,45446.282494,0,1.00,1,99d1c7fab316,1094,14
javascript,bytes,message,100,54,JSON.stringify,node-24.15.0,3166,1832,168,4998,315855.969678,545851.528384,200080.032013,0,1.00,1,99d1c7fab316,1095,15
javascript,bytes,message,100,54,protobufjs,7.6.5,9671,13997,52,23668,103401.923276,71443.880832,42251.140781,0,1.00,1,99d1c7fab316,1096,16
javascript,bytes,message,100,54,google-protobuf,3.21.4,723,9611,52,10334,1383125.864454,104047.445635,96767.950455,0,1.00,1,99d1c7fab316,1097,17
javascript,bytes,message,100,54,cbor,9.0.2,53564,37272,124,90836,18669.255470,26829.791801,11008.851116,0,1.00,1,99d1c7fab316,1098,18
javascript,bytes,message,100,54,bebop,3.2.3,5106,4791,162,9897,195848.021935,208724.692131,101040.719410,0,1.00,1,99d1c7fab316,1099,19
javascript,bytes,message,100,55,msgpackr,1.12.1,3688,9632,126,13320,271149.674620,103820.598007,75075.075075,0,1.00,1,99d1c7fab316,1100,0
javascript,bytes,message,100,55,bson,6.10.4,9172,8934,140,18106,109027.474924,111931.945377,55230.310394,0,1.00,1,99d1c7fab316,1101,1
javascript,bytes,message,100,55,fast-json-stringify,6.4.0,3463,3185,168,6648,288766.965059,313971.742543,150421.179302,0,1.00,1,99d1c7fab316,1102,2
javascript,bytes,message,100,55,bebop,3.2.3,3362,3258,162,6620,297441.998810,306936.771025,151057.401813,0,1.00,1,99d1c7fab316,1103,3
javascript,bytes,message,100,55,v8-serializer,v8-13.6.233.17-node.48,5216,4683,135,9899,191717.791411,213538.330130,101020.305081,0,1.00,1,99d1c7fab316,1104,4
javascript,bytes,message,100,55,google-protobuf,3.21.4,596,8614,52,9210,1677852.348993,116090.085907,108577.633008,0,1.00,1,99d1c7fab316,1105,5
javascript,bytes,message,100,55,sia,2.3.0,8680,5353,162,14033,115207.373272,186811.133944,71260.600014,0,1.00,1,99d1c7fab316,1106,6
javascript,bytes,message,100,55,protobuf-es,2.12.1,40888,13088,50,53976,24457.053414,76405.867971,18526.752631,0,1.00,1,99d1c7fab316,1107,7
javascript,bytes,message,100,55,@msgpack/msgpack,3.1.3,7993,7302,124,15295,125109.470787,136948.781156,65380.843413,0,1.00,1,99d1c7fab316,1108,8
javascript,bytes,message,100,55,protobufjs,7.6.5,16488,13283,52,29771,60650.169820,75284.197847,33589.734977,0,1.00,1,99d1c7fab316,1109,9
javascript,bytes,message,100,55,JSON.stringify,node-24.15.0,3410,2949,168,6359,293255.131965,339097.999322,157257.430414,0,1.00,1,99d1c7fab316,1110,10
javascript,bytes,message,100,55,flexbuffers,24.12.23,47894,17934,199,65828,20879.442101,55760.008922,15191.104089,0,1.00,1,99d1c7fab316,1111,11
javascript,bytes,message,100,55,cbor,9.0.2,50525,35047,124,85572,19792.182088,28533.112677,11686.065535,0,1.00,1,99d1c7fab316,1112,12
javascript,bytes,message,100,55,json-pack-msgpack,18.28.0,6464,6328,131,12792,154702.970297,158027.812895,78173.858662,0,1.00,1,99d1c7fab316,1113,13
javascript,bytes,message,100,55,simdjson-parse+JSON.stringify,0.9.2,2524,24633,168,27157,396196.513471,40595.948524,36822.918585,0,1.00,1,99d1c7fab316,1114,14
javascript,bytes,message,100,55,devalue,5.8.1,15075,25105,186,40180,66334.991708,39832.702649,24888.003982,0,1.00,1,99d1c7fab316,1115,15
javascript,bytes,message,100,55,avsc,5.7.9,8784,6500,44,15284,113843.351548,153846.153846,65427.898456,0,1.00,1,99d1c7fab316,1116,16
javascript,bytes,message,100,55,bser,2.1.1,15782,13727,153,29509,63363.325307,72849.129453,33887.966383,0,1.00,1,99d1c7fab316,1117,17
javascript,bytes,message,100,55,flatbuffers,24.12.23,13551,5134,104,18685,73795.291860,194779.898714,53518.865400,0,1.00,1,99d1c7fab316,1118,18
javascript,bytes,message,100,55,cbor-x,1.6.4,6356,9270,131,15626,157331.655129,107874.865156,63995.904262,0,1.00,1,99d1c7fab316,1119,19
javascript,bytes,message,100,56,protobuf-es,2.12.1,15967,25312,50,41279,62629.172669,39506.953224,24225.393057,0,1.00,1,99d1c7fab316,1120,0
javascript,bytes,message,100,56,sia,2.3.0,8240,5295,162,13535,121359.223301,188857.412653,73882.526782,0,1.00,1,99d1c7fab316,1121,1
javascript,bytes,message,100,56,bebop,3.2.3,4244,3724,162,7968,235626.767201,268528.464017,125502.008032,0,1.00,1,99d1c7fab316,1122,2
javascript,bytes,message,100,56,avsc,5.7.9,7832,5090,44,12922,127681.307457,196463.654224,77387.401331,0,1.00,1,99d1c7fab316,1123,3
javascript,bytes,message,100,56,fast-json-stringify,6.4.0,3584,1222,168,4806,279017.857143,818330.605565,208073.241781,0,1.00,1,99d1c7fab316,1124,4
javascript,bytes,message,100,56,json-pack-msgpack,18.28.0,5708,5787,131,11495,175192.711983,172801.105927,86994.345368,0,1.00,1,99d1c7fab316,1125,5
javascript,bytes,message,100,56,simdjson-parse+JSON.stringify,0.9.2,1115,15982,168,17097,896860.986547,62570.391691,58489.793531,0,1.00,1,99d1c7fab316,1126,6
javascript,bytes,message,100,56,cbor,9.0.2,52165,38133,124,90298,19169.941532,26224.005455,11074.442402,0,1.00,1,99d1c7fab316,1127,7
javascript,bytes,message,100,56,msgpackr,1.12.1,3603,7547,126,11150,277546.489037,132502.981317,89686.098655,0,1.00,1,99d1c7fab316,1128,8
javascript,bytes,message,100,56,v8-serializer,v8-13.6.233.17-node.48,5900,4559,135,10459,169491.525424,219346.347883,95611.435128,0,1.00,1,99d1c7fab316,1129,9
javascript,bytes,message,100,56,protobufjs,7.6.5,6953,13571,52,20524,143822.810298,73686.537470,48723.445722,0,1.00,1,99d1c7fab316,1130,10
javascript,bytes,message,100,56,JSON.stringify,node-24.15.0,2139,2531,168,4670,467508.181393,395100.750691,214132.762313,0,1.00,1,99d1c7fab316,1131,11
javascript,bytes,message,100,56,bson,6.10.4,9103,9123,140,18226,109853.894321,109613.065877,54866.673982,0,1.00,1,99d1c7fab316,1132,12
javascript,bytes,message,100,56,cbor-x,1.6.4,22363,8849,131,31212,44716.719581,113007.119449,32038.959375,0,1.00,1,99d1c7fab316,1133,13
javascript,bytes,message,100,56,@msgpack/msgpack,3.1.3,8354,7018,124,15372,119703.136222,142490.738102,65053.343742,0,1.00,1,99d1c7fab316,1134,14
javascript,bytes,message,100,56,flexbuffers,24.12.23,40225,22279,199,62504,24860.161591,44885.318012,15998.976066,0,1.00,1,99d1c7fab316,1135,15
javascript,bytes,message,100,56,flatbuffers,24.12.23,13349,5391,104,18740,74911.978425,185494.342423,53361.792956,0,1.00,1,99d1c7fab316,1136,16
javascript,bytes,message,100,56,bser,2.1.1,17638,14333,153,31971,56695.770496,69769.064397,31278.346001,0,1.00,1,99d1c7fab316,1137,17
javascript,bytes,message,100,56,devalue,5.8.1,15552,6905,186,22457,64300.411523,144822.592324,44529.545353,0,1.00,1,99d1c7fab316,1138,18
javascript,bytes,message,100,56,google-protobuf,3.21.4,616,46732,52,47348,1623376.623377,21398.613370,21120.216271,0,1.00,1,99d1c7fab316,1139,19
javascript,bytes,message,100,57,sia,2.3.0,8854,5689,162,14543,112943.302462,175777.816840,68761.603521,0,1.00,1,99d1c7fab316,1140,0
javascript,bytes,message,100,57,fast-json-stringify,6.4.0,3439,2231,168,5670,290782.204129,448229.493501,176366.843034,0,1.00,1,99d1c7fab316,1141,1
javascript,bytes,message,100,57,bser,2.1.1,14782,11563,153,26345,67649.844405,86482.746692,37957.866768,0,1.00,1,99d1c7fab316,1142,2
javascript,bytes,message,100,57,protobufjs,7.6.5,6832,12532,52,19364,146370.023419,79795.722949,51642.222681,0,1.00,1,99d1c7fab316,1143,3
javascript,bytes,message,100,57,JSON.stringify,node-24.15.0,2782,1368,168,4150,359453.630482,730994.152047,240963.855422,0,1.00,1,99d1c7fab316,1144,4
javascript,bytes,message,100,57,bebop,3.2.3,4556,4284,162,8840,219490.781387,233426.704015,113122.171946,0,1.00,1,99d1c7fab316,1145,5
javascript,bytes,message,100,57,bson,6.10.4,8353,8788,140,17141,119717.466778,113791.533910,58339.653462,0,1.00,1,99d1c7fab316,1146,6
javascript,bytes,message,100,57,cbor,9.0.2,52034,33652,124,85686,19218.203482,29715.915845,11670.517938,0,1.00,1,99d1c7fab316,1147,7
javascript,bytes,message,100,57,devalue,5.8.1,13500,5740,186,19240,74074.074074,174216.027875,51975.051975,0,1.00,1,99d1c7fab316,1148,8
javascript,bytes,message,100,57,simdjson-parse+JSON.stringify,0.9.2,2057,14488,168,16545,486144.871172,69022.639426,60441.220913,0,1.00,1,99d1c7fab316,1149,9
javascript,bytes,message,100,57,google-protobuf,3.21.4,882,9339,52,10221,1133786.848073,107077.845594,97837.784953,0,1.00,1,99d1c7fab316,1150,10
javascript,bytes,message,100,57,@msgpack/msgpack,3.1.3,27720,7573,124,35293,36075.036075,132048.065496,28334.230584,0,1.00,1,99d1c7fab316,1151,11
javascript,bytes,message,100,57,msgpackr,1.12.1,3827,8068,126,11895,261301.280376,123946.455131,84068.936528,0,1.00,1,99d1c7fab316,1152,12
javascript,bytes,message,100,57,cbor-x,1.6.4,5609,26743,131,32352,178284.899269,37392.962644,30909.990109,0,1.00,1,99d1c7fab316,1153,13
javascript,bytes,message,100,57,avsc,5.7.9,9182,6620,44,15802,108908.734481,151057.401813,63283.128718,0,1.00,1,99d1c7fab316,1154,14
javascript,bytes,message,100,57,protobuf-es,2.12.1,17372,33488,50,50860,57563.895924,29861.442905,19661.816752,0,1.00,1,99d1c7fab316,1155,15
javascript,bytes,message,100,57,v8-serializer,v8-13.6.233.17-node.48,7535,5360,135,12895,132714.001327,186567.164179,77549.437767,0,1.00,1,99d1c7fab316,1156,16
javascript,bytes,message,100,57,flexbuffers,24.12.23,36463,17708,199,54171,27425.061021,56471.651231,18460.061657,0,1.00,1,99d1c7fab316,1157,17
javascript,bytes,message,100,57,flatbuffers,24.12.23,12514,5503,104,18017,79910.500240,181719.062330,55503.135927,0,1.00,1,99d1c7fab316,1158,18
javascript,bytes,message,100,57,json-pack-msgpack,18.28.0,6531,6648,131,13179,153115.908743,150421.179302,75878.291221,0,1.00,1,99d1c7fab316,1159,19
javascript,bytes,message,100,58,JSON.stringify,node-24.15.0,2776,2475,168,5251,360230.547550,404040.404040,190439.916206,0,1.00,1,99d1c7fab316,1160,0
javascript,bytes,message,100,58,simdjson-parse+JSON.stringify,0.9.2,1070,12348,168,13418,934579.439252,80984.774862,74526.755105,0,1.00,1,99d1c7fab316,1161,1
javascript,bytes,message,100,58,sia,2.3.0,9879,5435,162,15314,101224.820326,183992.640294,65299.725741,0,1.00,1,99d1c7fab316,1162,2
javascript,bytes,message,100,58,cbor,9.0.2,98658,33804,124,132462,10136.025462,29582.297953,7549.334904,0,1.00,1,99d1c7fab316,1163,3
javascript,bytes,message,100,58,cbor-x,1.6.4,6154,8909,131,15063,162495.937602,112246.043327,66387.837748,0,1.00,1,99d1c7fab316,1164,4
javascript,bytes,message,100,58,protobuf-es,2.12.1,15965,12627,50,28592,62637.018478,79195.374990,34974.818131,0,1.00,1,99d1c7fab316,1165,5
javascript,bytes,message,100,58,bser,2.1.1,16854,19768,153,36622,59333.096001,50586.806961,27305.990934,0,1.00,1,99d1c7fab316,1166,6
javascript,bytes,message,100,58,protobufjs,7.6.5,6444,12964,52,19408,155183.116077,77136.686208,51525.144270,0,1.00,1,99d1c7fab316,1167,7
javascript,bytes,message,100,58,bebop,3.2.3,4693,4147,162,8840,213083.315576,241138.172173,113122.171946,0,1.00,1,99d1c7fab316,1168,8
javascript,bytes,message,100,58,msgpackr,1.12.1,3352,7368,126,10720,298329.355609,135722.041260,93283.582090,0,1.00,1,99d1c7fab316,1169,9
javascript,bytes,message,100,58,@msgpack/msgpack,3.1.3,7464,7160,124,14624,133976.420150,139664.804469,68380.743982,0,1.00,1,99d1c7fab316,1170,10
javascript,bytes,message,100,58,v8-serializer,v8-13.6.233.17-node.48,8391,5537,135,13928,119175.306876,180603.214737,71797.817346,0,1.00,1,99d1c7fab316,1171,11
javascript,bytes,message,100,58,flatbuffers,24.12.23,13277,6617,104,19894,75318.219477,151125.887865,50266.411984,0,1.00,1,99d1c7fab316,1172,12
javascript,bytes,message,100,58,json-pack-msgpack,18.28.0,6018,6179,131,12197,166168.162180,161838.485192,81987.373944,0,1.00,1,99d1c7fab316,1173,13
javascript,bytes,message,100,58,fast-json-stringify,6.4.0,4055,3093,168,7148,246609.124538,323310.701584,139899.272524,0,1.00,1,99d1c7fab316,1174,14
javascript,bytes,message,100,58,bson,6.10.4,8963,11686,140,20649,111569.786902,85572.479890,48428.495327,0,1.00,1,99d1c7fab316,1175,15
javascript,bytes,message,100,58,devalue,5.8.1,13286,4390,186,17676,75267.198555,227790.432802,56573.885494,0,1.00,1,99d1c7fab316,1176,16
javascript,bytes,message,100,58,avsc,5.7.9,10239,5956,44,16195,97665.787675,167897.918066,61747.452918,0,1.00,1,99d1c7fab316,1177,17
javascript,bytes,message,100,58,flexbuffers,24.12.23,38909,20251,199,59160,25700.994628,49380.277517,16903.313049,0,1.00,1,99d1c7fab316,1178,18
javascript,bytes,message,100,58,google-protobuf,3.21.4,604,14671,52,15275,1655629.139073,68161.679504,65466.448445,0,1.00,1,99d1c7fab316,1179,19
javascript,bytes,message,100,59,protobufjs,7.6.5,6714,13253,52,19967,148942.508192,75454.614050,50082.636350,0,1.00,1,99d1c7fab316,1180,0
javascript,bytes,message,100,59,simdjson-parse+JSON.stringify,0.9.2,2005,12838,168,14843,498753.117207,77893.752921,67371.825103,0,1.00,1,99d1c7fab316,1181,1
javascript,bytes,message,100,59,cbor-x,1.6.4,6500,11189,131,17689,153846.153846,89373.491822,56532.308214,0,1.00,1,99d1c7fab316,1182,2
javascript,bytes,message,100,59,devalue,5.8.1,14933,6078,186,21011,66965.780486,164527.805199,47594.117367,0,1.00,1,99d1c7fab316,1183,3
javascript,bytes,message,100,59,flexbuffers,24.12.23,72864,21547,199,94411,13724.198507,46410.173110,10591.986103,0,1.00,1,99d1c7fab316,1184,4
javascript,bytes,message,100,59,@msgpack/msgpack,3.1.3,10018,7969,124,17987,99820.323418,125486.259255,55595.708011,0,1.00,1,99d1c7fab316,1185,5
javascript,bytes,message,100,59,json-pack-msgpack,18.28.0,6164,6498,131,12662,162232.316677,153893.505694,78976.465013,0,1.00,1,99d1c7fab316,1186,6
javascript,bytes,message,100,59,sia,2.3.0,9537,6972,162,16509,104854.776135,143430.866322,60573.020777,0,1.00,1,99d1c7fab316,1187,7
javascript,bytes,message,100,59,avsc,5.7.9,10063,7098,44,17161,99373.944152,140884.756269,58271.662491,0,1.00,1,99d1c7fab316,1188,8
javascript,bytes,message,100,59,msgpackr,1.12.1,3467,8800,126,12267,288433.804442,113636.363636,81519.523926,0,1.00,1,99d1c7fab316,1189,9
javascript,bytes,message,100,59,bson,6.10.4,9385,9452,140,18837,106553.010123,105797.714769,53087.009609,0,1.00,1,99d1c7fab316,1190,10
javascript,bytes,message,100,59,bser,2.1.1,30560,16036,153,46596,32722.513089,62359.690696,21461.069620,0,1.00,1,99d1c7fab316,1191,11
javascript,bytes,message,100,59,JSON.stringify,node-24.15.0,1739,1755,168,3494,575043.128235,569800.569801,286204.922725,0,1.00,1,99d1c7fab316,1192,12
javascript,bytes,message,100,59,v8-serializer,v8-13.6.233.17-node.48,6282,5401,135,11683,159184.972939,185150.897982,85594.453479,0,1.00,1,99d1c7fab316,1193,13
javascript,bytes,message,100,59,bebop,3.2.3,5936,4454,162,10390,168463.611860,224517.287831,96246.390760,0,1.00,1,99d1c7fab316,1194,14
javascript,bytes,message,100,59,cbor,9.0.2,59249,45010,124,104259,16877.921990,22217.285048,9591.498096,0,1.00,1,99d1c7fab316,1195,15
javascript,bytes,message,100,59,fast-json-stringify,6.4.0,4957,2288,168,7245,201734.920315,437062.937063,138026.224983,0,1.00,1,99d1c7fab316,1196,16
javascript,bytes,message,100,59,protobuf-es,2.12.1,20257,26220,50,46477,49365.651380,38138.825324,21516.018676,0,1.00,1,99d1c7fab316,1197,17
javascript,bytes,message,100,59,flatbuffers,24.12.23,14682,6854,104,21536,68110.611633,145900.204260,46433.878158,0,1.00,1,99d1c7fab316,1198,18
javascript,bytes,message,100,59,google-protobuf,3.21.4,627,11576,52,12203,1594896.331738,86385.625432,81947.062198,0,1.00,1,99d1c7fab316,1199,19
javascript,bytes,message,100,60,protobuf-es,2.12.1,12330,21754,50,34084,81103.000811,45968.557507,29339.279427,0,1.00,1,99d1c7fab316,1200,0
javascript,bytes,message,100,60,avsc,5.7.9,11217,5971,44,17188,89150.396719,167476.134651,58180.125669,0,1.00,1,99d1c7fab316,1201,1
javascript,bytes,message,100,60,google-protobuf,3.21.4,520,14441,52,14961,1923076.923077,69247.282044,66840.451841,0,1.00,1,99d1c7fab316,1202,2
javascript,bytes,message,100,60,v8-serializer,v8-13.6.233.17-node.48,5010,5105,135,10115,199600.798403,195886.385896,98863.074642,0,1.00,1,99d1c7fab316,1203,3
javascript,bytes,message,100,60,cbor,9.0.2,57134,36021,124,93155,17502.712921,27761.583521,10734.796844,0,1.00,1,99d1c7fab316,1204,4
javascript,bytes,message,100,60,bson,6.10.4,10062,8936,140,18998,99383.820314,111906.893465,52637.119697,0,1.00,1,99d1c7fab316,1205,5
javascript,bytes,message,100,60,sia,2.3.0,9740,6591,162,16331,102669.404517,151722.045213,61233.237401,0,1.00,1,99d1c7fab316,1206,6
javascript,bytes,message,100,60,JSON.stringify,node-24.15.0,2233,3562,168,5795,447828.034035,280741.156654,172562.553926,0,1.00,1,99d1c7fab316,1207,7
javascript,bytes,message,100,60,msgpackr,1.12.1,3519,8620,126,12139,284171.639670,116009.280742,82379.108658,0,1.00,1,99d1c7fab316,1208,8
javascript,bytes,message,100,60,devalue,5.8.1,13727,4688,186,18415,72849.129453,213310.580205,54303.556883,0,1.00,1,99d1c7fab316,1209,9
javascript,bytes,message,100,60,flatbuffers,24.12.23,14638,4909,104,19547,68315.343626,203707.476064,51158.745588,0,1.00,1,99d1c7fab316,1210,10
javascript,bytes,message,100,60,protobufjs,7.6.5,8145,13803,52,21948,122774.708410,72448.018547,45562.238017,0,1.00,1,99d1c7fab316,1211,11
javascript,bytes,message,100,60,bebop,3.2.3,4862,4475,162,9337,205676.676265,223463.687151,107100.781836,0,1.00,1,99d1c7fab316,1212,12
javascript,bytes,message,100,60,fast-json-stringify,6.4.0,3612,1867,168,5479,276854.928018,535618.639529,182515.057492,0,1.00,1,99d1c7fab316,1213,13
javascript,bytes,message,100,60,@msgpack/msgpack,3.1.3,7667,7139,124,14806,130429.111778,140075.640846,67540.186411,0,1.00,1,99d1c7fab316,1214,14
javascript,bytes,message,100,60,json-pack-msgpack,18.28.0,6175,6318,131,12493,161943.319838,158277.936056,80044.825102,0,1.00,1,99d1c7fab316,1215,15
javascript,bytes,message,100,60,bser,2.1.1,14216,13542,153,27758,70343.275183,73844.336139,36025.650263,0,1.00,1,99d1c7fab316,1216,16
javascript,bytes,message,100,60,flexbuffers,24.12.23,43014,21286,199,64300,23248.244758,46979.235178,15552.099533,0,1.00,1,99d1c7fab316,1217,17
javascript,bytes,message,100,60,simdjson-parse+JSON.stringify,0.9.2,2833,21771,168,24604,352982.703848,45932.662716,40643.797756,0,1.00,1,99d1c7fab316,1218,18
javascript,bytes,message,100,60,cbor-x,1.6.4,8383,8383,131,16766,119289.037337,119289.037337,59644.518669,0,1.00,1,99d1c7fab316,1219,19
javascript,bytes,message,100,61,fast-json-stringify,6.4.0,3065,2752,168,5817,326264.274062,363372.093023,171909.919202,0,1.00,1,99d1c7fab316,1220,0
javascript,bytes,message,100,61,@msgpack/msgpack,3.1.3,6442,7571,124,14013,155231.294629,132082.948091,71362.306430,0,1.00,1,99d1c7fab316,1221,1
javascript,bytes,message,100,61,bser,2.1.1,13138,11676,153,24814,76115.086010,85645.769099,40299.830741,0,1.00,1,99d1c7fab316,1222,2
javascript,bytes,message,100,61,flexbuffers,24.12.23,37407,19079,199,56486,26732.964418,52413.648514,17703.501753,0,1.00,1,99d1c7fab316,1223,3
javascript,bytes,message,100,61,json-pack-msgpack,18.28.0,6636,5596,131,12232,150693.188668,178699.070765,81752.779595,0,1.00,1,99d1c7fab316,1224,4
javascript,bytes,message,100,61,avsc,5.7.9,8917,6455,44,15372,112145.340361,154918.667699,65053.343742,0,1.00,1,99d1c7fab316,1225,5
javascript,bytes,message,100,61,v8-serializer,v8-13.6.233.17-node.48,5206,5169,135,10375,192086.054552,193461.017605,96385.542169,0,1.00,1,99d1c7fab316,1226,6
javascript,bytes,message,100,61,google-protobuf,3.21.4,1638,11863,52,13501,610500.610501,84295.709348,74068.587512,0,1.00,1,99d1c7fab316,1227,7
javascript,bytes,message,100,61,cbor-x,1.6.4,6600,5977,131,12577,151515.151515,167308.014054,79510.217063,0,1.00,1,99d1c7fab316,1228,8
javascript,bytes,message,100,61,flatbuffers,24.12.23,13988,5129,104,19117,71489.848442,194969.779684,52309.462782,0,1.00,1,99d1c7fab316,1229,9
javascript,bytes,message,100,61,cbor,9.0.2,58910,40974,124,99884,16975.046681,24405.720701,10011.613472,0,1.00,1,99d1c7fab316,1230,10
javascript,bytes,message,100,61,protobuf-es,2.12.1,18900,14488,50,33388,52910.052910,69022.639426,29950.880556,0,1.00,1,99d1c7fab316,1231,11
javascript,bytes,message,100,61,bson,6.10.4,9651,10544,140,20195,103616.205575,94840.667678,49517.207230,0,1.00,1,99d1c7fab316,1232,12
javascript,bytes,message,100,61,JSON.stringify,node-24.15.0,2990,2942,168,5932,334448.160535,339904.826649,168577.208361,0,1.00,1,99d1c7fab316,1233,13
javascript,bytes,message,100,61,devalue,5.8.1,16559,5686,186,22245,60390.120176,175870.559268,44953.922230,0,1.00,1,99d1c7fab316,1234,14
javascript,bytes,message,100,61,sia,2.3.0,10446,5414,162,15860,95730.423128,184706.316956,63051.702396,0,1.00,1,99d1c7fab316,1235,15
javascript,bytes,message,100,61,protobufjs,7.6.5,6844,13242,52,20086,146113.383986,75517.293460,49785.920542,0,1.00,1,99d1c7fab316,1236,16
javascript,bytes,message,100,61,bebop,3.2.3,4589,5305,162,9894,217912.399216,188501.413761,101071.356378,0,1.00,1,99d1c7fab316,1237,17
javascript,bytes,message,100,61,msgpackr,1.12.1,3582,8962,126,12544,279173.646008,111582.236108,79719.387755,0,1.00,1,99d1c7fab316,1238,18
javascript,bytes,message,100,61,simdjson-parse+JSON.stringify,0.9.2,1969,29116,168,31085,507872.016252,34345.377112,32169.856844,0,1.00,1,99d1c7fab316,1239,19
javascript,bytes,message,100,62,flexbuffers,24.12.23,42519,19787,199,62306,23518.897434,50538.232173,16049.818637,0,1.00,1,99d1c7fab316,1240,0
javascript,bytes,message,100,62,JSON.stringify,node-24.15.0,1911,2372,168,4283,523286.237572,421585.160202,233481.204763,0,1.00,1,99d1c7fab316,1241,1
javascript,bytes,message,100,62,cbor-x,1.6.4,6153,6141,131,12294,162522.346823,162839.928350,81340.491297,0,1.00,1,99d1c7fab316,1242,2
javascript,bytes,message,100,62,json-pack-msgpack,18.28.0,6068,6126,131,12194,164798.945287,163238.654913,82007.544694,0,1.00,1,99d1c7fab316,1243,3
javascript,bytes,message,100,62,simdjson-parse+JSON.stringify,0.9.2,1208,9711,168,10919,827814.569536,102976.006590,91583.478341,0,1.00,1,99d1c7fab316,1244,4
javascript,bytes,message,100,62,@msgpack/msgpack,3.1.3,6908,9061,124,15969,144759.698900,110363.094581,62621.328825,0,1.00,1,99d1c7fab316,1245,5
javascript,bytes,message,100,62,google-protobuf,3.21.4,673,20139,52,20812,1485884.101040,49654.898456,48049.202383,0,1.00,1,99d1c7fab316,1246,6
javascript,bytes,message,100,62,bser,2.1.1,14294,12990,153,27284,69959.423534,76982.294072,36651.517373,0,1.00,1,99d1c7fab316,1247,7
javascript,bytes,message,100,62,v8-serializer,v8-13.6.233.17-node.48,5613,5220,135,10833,178157.847853,191570.881226,92310.532632,0,1.00,1,99d1c7fab316,1248,8
javascript,bytes,message,100,62,sia,2.3.0,9239,6365,162,15604,108236.822167,157109.190888,64086.131761,0,1.00,1,99d1c7fab316,1249,9
javascript,bytes,message,100,62,devalue,5.8.1,11676,6188,186,17864,85645.769099,161603.102780,55978.504254,0,1.00,1,99d1c7fab316,1250,10
javascript,bytes,message,100,62,msgpackr,1.12.1,3210,7850,126,11060,311526.479751,127388.535032,90415.913201,0,1.00,1,99d1c7fab316,1251,11
javascript,bytes,message,100,62,protobuf-es,2.12.1,16385,14633,50,31018,61031.431187,68338.686530,32239.344897,0,1.00,1,99d1c7fab316,1252,12
javascript,bytes,message,100,62,flatbuffers,24.12.23,13228,6511,104,19739,75597.218022,153586.238673,50661.127717,0,1.00,1,99d1c7fab316,1253,13
javascript,bytes,message,100,62,bebop,3.2.3,4143,16332,162,20475,241370.987207,61229.488121,48840.048840,0,1.00,1,99d1c7fab316,1254,14
javascript,bytes,message,100,62,bson,6.10.4,10358,9356,140,19714,96543.734312,106883.283454,50725.372831,0,1.00,1,99d1c7fab316,1255,15
javascript,bytes,message,100,62,fast-json-stringify,6.4.0,3601,2349,168,5950,277700.638711,425713.069391,168067.226891,0,1.00,1,99d1c7fab316,1256,16
javascript,bytes,message,100,62,protobufjs,7.6.5,6693,13038,52,19731,149409.831167,76698.880196,50681.668441,0,1.00,1,99d1c7fab316,1257,17
javascript,bytes,message,100,62,cbor,9.0.2,53854,37472,124,91326,18568.722843,26686.592656,10949.784289,0,1.00,1,99d1c7fab316,1258,18
javascript,bytes,message,100,62,avsc,5.7.9,11194,6153,44,17347,89333.571556,162522.346823,57646.855364,0,1.00,1,99d1c7fab316,1259,19
javascript,bytes,message,100,63,msgpackr,1.12.1,3575,7507,126,11082,279720.279720,133209.004929,90236.419419,0,1.00,1,99d1c7fab316,1260,0
javascript,bytes,message,100,63,simdjson-parse+JSON.stringify,0.9.2,1296,9826,168,11122,771604.938272,101770.812131,89911.886351,0,1.00,1,99d1c7fab316,1261,1
javascript,bytes,message,100,63,JSON.stringify,node-24.15.0,2100,1177,168,3277,476190.476190,849617.672048,305157.155935,0,1.00,1,99d1c7fab316,1262,2
javascript,bytes,message,100,63,bson,6.10.4,8081,10511,140,18592,123747.061007,95138.426410,53786.574871,0,1.00,1,99d1c7fab316,1263,3
javascript,bytes,message,100,63,@msgpack/msgpack,3.1.3,8713,15744,124,24457,114771.031792,63516.260163,40888.089300,0,1.00,1,99d1c7fab316,1264,4
javascript,bytes,message,100,63,v8-serializer,v8-13.6.233.17-node.48,5388,4689,135,10077,185597.624350,213265.088505,99235.883696,0,1.00,1,99d1c7fab316,1265,5
javascript,bytes,message,100,63,flatbuffers,24.12.23,22799,5079,104,27878,43861.572876,196889.151408,35870.578951,0,1.00,1,99d1c7fab316,1266,6
javascript,bytes,message,100,63,cbor-x,1.6.4,6846,6211,131,13057,146070.698218,161004.669135,76587.271196,0,1.00,1,99d1c7fab316,1267,7
javascript,bytes,message,100,63,fast-json-stringify,6.4.0,4806,1846,168,6652,208073.241781,541711.809317,150330.727601,0,1.00,1,99d1c7fab316,1268,8
javascript,bytes,message,100,63,avsc,5.7.9,7048,11721,44,18769,141884.222474,85316.952478,53279.343598,0,1.00,1,99d1c7fab316,1269,9
javascript,bytes,message,100,63,protobufjs,7.6.5,6636,13208,52,19844,150693.188668,75711.689885,50393.065914,0,1.00,1,99d1c7fab316,1270,10
javascript,bytes,message,100,63,bser,2.1.1,13856,14640,153,28496,72170.900693,68306.010929,35092.644582,0,1.00,1,99d1c7fab316,1271,11
javascript,bytes,message,100,63,json-pack-msgpack,18.28.0,6347,12150,131,18497,157554.750276,82304.526749,54062.820998,0,1.00,1,99d1c7fab316,1272,12
javascript,bytes,message,100,63,devalue,5.8.1,24074,6003,186,30077,41538.589350,166583.374979,33247.996808,0,1.00,1,99d1c7fab316,1273,13
javascript,bytes,message,100,63,cbor,9.0.2,57955,43745,124,101700,17254.766629,22859.755401,9832.841691,0,1.00,1,99d1c7fab316,1274,14
javascript,bytes,message,100,63,flexbuffers,24.12.23,50680,29603,199,80283,19731.649566,33780.360099,12455.937122,0,1.00,1,99d1c7fab316,1275,15
javascript,bytes,message,100,63,google-protobuf,3.21.4,729,20609,52,21338,1371742.112483,48522.490174,46864.748336,0,1.00,1,99d1c7fab316,1276,16
javascript,bytes,message,100,63,protobuf-es,2.12.1,17588,15187,50,32775,56856.947919,65845.789162,30511.060259,0,1.00,1,99d1c7fab316,1277,17
javascript,bytes,message,100,63,bebop,3.2.3,4832,7939,162,12771,206953.642384,125960.448419,78302.403884,0,1.00,1,99d1c7fab316,1278,18
javascript,bytes,message,100,63,sia,2.3.0,11960,5430,162,17390,83612.040134,184162.062615,57504.312823,0,1.00,1,99d1c7fab316,1279,19
javascript,bytes,message,100,64,flatbuffers,24.12.23,18541,5944,104,24485,53934.523488,168236.877524,40841.331427,0,1.00,1,99d1c7fab316,1280,0
javascript,bytes,message,100,64,bson,6.10.4,9490,19733,140,29223,105374.077977,50676.531698,34219.621531,0,1.00,1,99d1c7fab316,1281,1
javascript,bytes,message,100,64,json-pack-msgpack,18.28.0,6605,9741,131,16346,151400.454201,102658.864593,61177.046372,0,1.00,1,99d1c7fab316,1282,2
javascript,bytes,message,100,64,msgpackr,1.12.1,3593,7870,126,11463,278318.953521,127064.803050,87237.197941,0,1.00,1,99d1c7fab316,1283,3
javascript,bytes,message,100,64,cbor,9.0.2,54100,36615,124,90715,18484.288355,27311.211252,11023.535248,0,1.00,1,99d1c7fab316,1284,4
javascript,bytes,message,100,64,v8-serializer,v8-13.6.233.17-node.48,7040,4971,135,12011,142045.454545,201166.767250,83257.014403,0,1.00,1,99d1c7fab316,1285,5
javascript,bytes,message,100,64,flexbuffers,24.12.23,72479,19924,199,92403,13797.099850,50190.724754,10822.159454,0,1.00,1,99d1c7fab316,1286,6
javascript,bytes,message,100,64,protobuf-es,2.12.1,17274,14693,50,31967,57890.471228,68059.620227,31282.259830,0,1.00,1,99d1c7fab316,1287,7
javascript,bytes,message,100,64,bser,2.1.1,15997,13698,153,29695,62511.720948,73003.358154,33675.702980,0,1.00,1,99d1c7fab316,1288,8
javascript,bytes,message,100,64,fast-json-stringify,6.4.0,5550,3461,168,9011,180180.180180,288933.834152,110975.474420,0,1.00,1,99d1c7fab316,1289,9
javascript,bytes,message,100,64,bebop,3.2.3,4509,5184,162,9693,221778.664892,192901.234568,103167.234086,0,1.00,1,99d1c7fab316,1290,10
javascript,bytes,message,100,64,google-protobuf,3.21.4,571,18341,52,18912,1751313.485114,54522.654163,52876.480541,0,1.00,1,99d1c7fab316,1291,11
javascript,bytes,message,100,64,JSON.stringify,node-24.15.0,3443,1792,168,5235,290444.379901,558035.714286,191021.967526,0,1.00,1,99d1c7fab316,1292,12
javascript,bytes,message,100,64,@msgpack/msgpack,3.1.3,32487,8270,124,40757,30781.543387,120918.984281,24535.662586,0,1.00,1,99d1c7fab316,1293,13
javascript,bytes,message,100,64,cbor-x,1.6.4,6591,6922,131,13513,151722.045213,144466.917076,74002.812107,0,1.00,1,99d1c7fab316,1294,14
javascript,bytes,message,100,64,sia,2.3.0,9709,5313,162,15022,102997.219075,188217.579522,66569.032086,0,1.00,1,99d1c7fab316,1295,15
javascript,bytes,message,100,64,protobufjs,7.6.5,8579,13576,52,22155,116563.702063,73659.398939,45136.538028,0,1.00,1,99d1c7fab316,1296,16
javascript,bytes,message,100,64,avsc,5.7.9,9790,6065,44,15855,102145.045965,164880.461665,63071.586250,0,1.00,1,99d1c7fab316,1297,17
javascript,bytes,message,100,64,simdjson-parse+JSON.stringify,0.9.2,1304,12809,168,14113,766871.165644,78070.106956,70856.656983,0,1.00,1,99d1c7fab316,1298,18
javascript,bytes,message,100,64,devalue,5.8.1,11993,5217,186,17210,83381.972817,191681.042745,58105.752469,0,1.00,1,99d1c7fab316,1299,19
javascript,bytes,message,100,65,bebop,3.2.3,4298,5239,162,9537,232666.356445,190876.121397,104854.776135,0,1.00,1,99d1c7fab316,1300,0
javascript,bytes,message,100,65,fast-json-stringify,6.4.0,2948,2767,168,5715,339213.025780,361402.240694,174978.127734,0,1.00,1,99d1c7fab316,1301,1
javascript,bytes,message,100,65,sia,2.3.0,15627,4465,162,20092,63991.809048,223964.165733,49771.053155,0,1.00,1,99d1c7fab316,1302,2
javascript,bytes,message,100,65,cbor,9.0.2,50226,38849,124,89075,19910.006769,25740.688306,11226.494527,0,1.00,1,99d1c7fab316,1303,3
javascript,bytes,message,100,65,v8-serializer,v8-13.6.233.17-node.48,10137,4826,135,14963,98648.515340,207210.940738,66831.517744,0,1.00,1,99d1c7fab316,1304,4
javascript,bytes,message,100,65,bser,2.1.1,14276,12429,153,26705,70047.632390,80456.995736,37446.171129,0,1.00,1,99d1c7fab316,1305,5
javascript,bytes,message,100,65,devalue,5.8.1,9231,5592,186,14823,108330.625068,178826.895565,67462.726843,0,1.00,1,99d1c7fab316,1306,6
javascript,bytes,message,100,65,bson,6.10.4,9081,11499,140,20580,110120.030834,86964.083833,48590.864917,0,1.00,1,99d1c7fab316,1307,7
javascript,bytes,message,100,65,json-pack-msgpack,18.28.0,7787,6365,131,14152,128419.160139,157109.190888,70661.390616,0,1.00,1,99d1c7fab316,1308,8
javascript,bytes,message,100,65,JSON.stringify,node-24.15.0,2783,1623,168,4406,359324.469996,616142.945163,226963.231956,0,1.00,1,99d1c7fab316,1309,9
javascript,bytes,message,100,65,cbor-x,1.6.4,6178,6429,131,12607,161864.681127,155545.185876,79321.012136,0,1.00,1,99d1c7fab316,1310,10
javascript,bytes,message,100,65,flatbuffers,24.12.23,13776,6115,104,19891,72590.011614,163532.297629,50273.993263,0,1.00,1,99d1c7fab316,1311,11
javascript,bytes,message,100,65,protobufjs,7.6.5,6492,13640,52,20132,154035.736291,73313.782991,49672.163719,0,1.00,1,99d1c7fab316,1312,12
javascript,bytes,message,100,65,@msgpack/msgpack,3.1.3,7231,9955,124,17186,138293.458719,100452.034154,58186.896311,0,1.00,1,99d1c7fab316,1313,13
javascript,bytes,message,100,65,simdjson-parse+JSON.stringify,0.9.2,2005,22150,168,24155,498753.117207,45146.726862,41399.296212,0,1.00,1,99d1c7fab316,1314,14
javascript,bytes,message,100,65,protobuf-es,2.12.1,24213,35482,50,59695,41300.128030,28183.304211,16751.821761,0,1.00,1,99d1c7fab316,1315,15
javascript,bytes,message,100,65,flexbuffers,24.12.23,43662,21915,199,65577,22903.211030,45630.846452,15249.248974,0,1.00,1,99d1c7fab316,1316,16
javascript,bytes,message,100,65,google-protobuf,3.21.4,606,8355,52,8961,1650165.016502,119688.809096,111594.688093,0,1.00,1,99d1c7fab316,1317,17
javascript,bytes,message,100,65,avsc,5.7.9,10598,6596,44,17194,94357.425929,151607.034566,58159.823194,0,1.00,1,99d1c7fab316,1318,18
javascript,bytes,message,100,65,msgpackr,1.12.1,3586,9126,126,12712,278862.242052,109577.032654,78665.827565,0,1.00,1,99d1c7fab316,1319,19
javascript,bytes,message,100,66,json-pack-msgpack,18.28.0,5891,5667,131,11558,169750.466814,176460.208223,86520.159197,0,1.00,1,99d1c7fab316,1320,0
javascript,bytes,message,100,66,google-protobuf,3.21.4,435,6791,52,7226,2298850.574713,147253.718156,138389.150291,0,1.00,1,99d1c7fab316,1321,1
javascript,bytes,message,100,66,cbor,9.0.2,53690,35292,124,88982,18625.442354,28335.033435,11238.227956,0,1.00,1,99d1c7fab316,1322,2
javascript,bytes,message,100,66,devalue,5.8.1,10614,6166,186,16780,94215.187488,162179.695102,59594.755662,0,1.00,1,99d1c7fab316,1323,3
javascript,bytes,message,100,66,flexbuffers,24.12.23,59416,20369,199,79785,16830.483371,49094.211792,12533.684276,0,1.00,1,99d1c7fab316,1324,4
javascript,bytes,message,100,66,bser,2.1.1,14238,26967,153,41205,70234.583509,37082.359921,24268.899405,0,1.00,1,99d1c7fab316,1325,5
javascript,bytes,message,100,66,protobufjs,7.6.5,6918,13512,52,20430,144550.448106,74008.288928,48947.626040,0,1.00,1,99d1c7fab316,1326,6
javascript,bytes,message,100,66,v8-serializer,v8-13.6.233.17-node.48,6283,5703,135,11986,159159.637116,175346.308960,83430.669114,0,1.00,1,99d1c7fab316,1327,7
javascript,bytes,message,100,66,avsc,5.7.9,9356,6252,44,15608,106883.283454,159948.816379,64069.707842,0,1.00,1,99d1c7fab316,1328,8
javascript,bytes,message,100,66,fast-json-stringify,6.4.0,4791,1370,168,6161,208724.692131,729927.007299,162311.313099,0,1.00,1,99d1c7fab316,1329,9
javascript,bytes,message,100,66,bson,6.10.4,9532,6815,140,16347,104909.777591,146735.143067,61173.303970,0,1.00,1,99d1c7fab316,1330,10
javascript,bytes,message,100,66,bebop,3.2.3,6126,4284,162,10410,163238.654913,233426.704015,96061.479347,0,1.00,1,99d1c7fab316,1331,11
javascript,bytes,message,100,66,@msgpack/msgpack,3.1.3,7442,17042,124,24484,134372.480516,58678.558855,40842.999510,0,1.00,1,99d1c7fab316,1332,12
javascript,bytes,message,100,66,cbor-x,1.6.4,6295,7845,131,14140,158856.235107,127469.725940,70721.357850,0,1.00,1,99d1c7fab316,1333,13
javascript,bytes,message,100,66,flatbuffers,24.12.23,13987,6400,104,20387,71494.959605,156250.000000,49050.865748,0,1.00,1,99d1c7fab316,1334,14
javascript,bytes,message,100,66,protobuf-es,2.12.1,17366,13955,50,31321,57583.784406,71658.903619,31927.460809,0,1.00,1,99d1c7fab316,1335,15
javascript,bytes,message,100,66,sia,2.3.0,9185,6516,162,15701,108873.162765,153468.385513,63690.210815,0,1.00,1,99d1c7fab316,1336,16
javascript,bytes,message,100,66,JSON.stringify,node-24.15.0,3813,2261,168,6074,262260.687123,442282.176028,164636.154099,0,1.00,1,99d1c7fab316,1337,17
javascript,bytes,message,100,66,msgpackr,1.12.1,3284,8555,126,11839,304506.699147,116890.707189,84466.593462,0,1.00,1,99d1c7fab316,1338,18
javascript,bytes,message,100,66,simdjson-parse+JSON.stringify,0.9.2,1164,11246,168,12410,859106.529210,88920.505068,80580.177276,0,1.00,1,99d1c7fab316,1339,19
javascript,bytes,message,100,67,bson,6.10.4,9309,4966,140,14275,107422.924052,201369.311317,70052.539405,0,1.00,1,99d1c7fab316,1340,0
javascript,bytes,message,100,67,cbor,9.0.2,59580,39536,124,99116,16784.155757,25293.403480,10089.188426,0,1.00,1,99d1c7fab316,1341,1
javascript,bytes,message,100,67,bser,2.1.1,28448,13257,153,41705,35151.856018,75431.847326,23977.940295,0,1.00,1,99d1c7fab316,1342,2
javascript,bytes,message,100,67,fast-json-stringify,6.4.0,4718,2845,168,7563,211954.217889,351493.848858,132222.662964,0,1.00,1,99d1c7fab316,1343,3
javascript,bytes,message,100,67,cbor-x,1.6.4,5960,7666,131,13626,167785.234899,130446.125750,73389.109056,0,1.00,1,99d1c7fab316,1344,4
javascript,bytes,message,100,67,flexbuffers,24.12.23,45639,21441,199,67080,21911.084818,46639.615690,14907.573047,0,1.00,1,99d1c7fab316,1345,5
javascript,bytes,message,100,67,sia,2.3.0,8763,6309,162,15072,114116.170261,158503.724838,66348.195329,0,1.00,1,99d1c7fab316,1346,6
javascript,bytes,message,100,67,bebop,3.2.3,4374,4708,162,9082,228623.685414,212404.418012,110107.905748,0,1.00,1,99d1c7fab316,1347,7
javascript,bytes,message,100,67,msgpackr,1.12.1,4193,7064,126,11257,238492.725972,141562.853907,88833.614640,0,1.00,1,99d1c7fab316,1348,8
javascript,bytes,message,100,67,avsc,5.7.9,10756,6123,44,16879,92971.364820,163318.634656,59245.215949,0,1.00,1,99d1c7fab316,1349,9
javascript,bytes,message,100,67,flatbuffers,24.12.23,13400,23868,104,37268,74626.865672,41897.100721,26832.671461,0,1.00,1,99d1c7fab316,1350,10
javascript,bytes,message,100,67,simdjson-parse+JSON.stringify,0.9.2,1550,10276,168,11826,645161.290323,97314.130012,84559.445290,0,1.00,1,99d1c7fab316,1351,11
javascript,bytes,message,100,67,devalue,5.8.1,12330,5700,186,18030,81103.000811,175438.596491,55463.117027,0,1.00,1,99d1c7fab316,1352,12
javascript,bytes,message,100,67,json-pack-msgpack,18.28.0,6850,6342,131,13192,145985.401460,157678.965626,75803.517283,0,1.00,1,99d1c7fab316,1353,13
javascript,bytes,message,100,67,v8-serializer,v8-13.6.233.17-node.48,6098,4961,135,11059,163988.192850,201572.263657,90424.088977,0,1.00,1,99d1c7fab316,1354,14
javascript,bytes,message,100,67,google-protobuf,3.21.4,696,9834,52,10530,1436781.609195,101688.021151,94966.761633,0,1.00,1,99d1c7fab316,1355,15
javascript,bytes,message,100,67,protobuf-es,2.12.1,17071,13275,50,30346,58578.876457,75329.566855,32953.272260,0,1.00,1,99d1c7fab316,1356,16
javascript,bytes,message,100,67,protobufjs,7.6.5,7836,13555,52,21391,127616.130679,73773.515308,46748.632602,0,1.00,1,99d1c7fab316,1357,17
javascript,bytes,message,100,67,@msgpack/msgpack,3.1.3,7428,7825,124,15253,134625.740442,127795.527157,65560.873271,0,1.00,1,99d1c7fab316,1358,18
javascript,bytes,message,100,67,JSON.stringify,node-24.15.0,2262,1938,168,4200,442086.648983,515995.872033,238095.238095,0,1.00,1,99d1c7fab316,1359,19
javascript,bytes,message,100,68,cbor,9.0.2,55026,37754,124,92780,18173.227202,26487.259628,10778.184954,0,1.00,1,99d1c7fab316,1360,0
javascript,bytes,message,100,68,google-protobuf,3.21.4,821,7661,52,8482,1218026.796590,130531.262237,117896.722471,0,1.00,1,99d1c7fab316,1361,1
javascript,bytes,message,100,68,json-pack-msgpack,18.28.0,5837,5598,131,11435,171320.884016,178635.226867,87450.808920,0,1.00,1,99d1c7fab316,1362,2
javascript,bytes,message,100,68,sia,2.3.0,9627,6225,162,15852,103874.519580,160642.570281,63083.522584,0,1.00,1,99d1c7fab316,1363,3
javascript,bytes,message,100,68,bebop,3.2.3,4027,4775,162,8802,248323.814254,209424.083770,113610.543058,0,1.00,1,99d1c7fab316,1364,4
javascript,bytes,message,100,68,protobufjs,7.6.5,20331,12074,52,32405,49185.972161,82822.594004,30859.435272,0,1.00,1,99d1c7fab316,1365,5
javascript,bytes,message,100,68,simdjson-parse+JSON.stringify,0.9.2,2490,21846,168,24336,401606.425703,45774.970246,41091.387245,0,1.00,1,99d1c7fab316,1366,6
javascript,bytes,message,100,68,JSON.stringify,node-24.15.0,1241,2561,168,3802,805801.772764,390472.471691,263019.463440,0,1.00,1,99d1c7fab316,1367,7
javascript,bytes,message,100,68,flexbuffers,24.12.23,47127,20553,199,67680,21219.258599,48654.697611,14775.413712,0,1.00,1,99d1c7fab316,1368,8
javascript,bytes,message,100,68,avsc,5.7.9,7555,6953,44,14508,132362.673726,143822.810298,68927.488282,0,1.00,1,99d1c7fab316,1369,9
javascript,bytes,message,100,68,@msgpack/msgpack,3.1.3,7200,7562,124,14762,138888.888889,132240.148109,67741.498442,0,1.00,1,99d1c7fab316,1370,10
javascript,bytes,message,100,68,bson,6.10.4,8770,6274,140,15044,114025.085519,159387.950271,66471.683063,0,1.00,1,99d1c7fab316,1371,11
javascript,bytes,message,100,68,v8-serializer,v8-13.6.233.17-node.48,6840,4973,135,11813,146198.830409,201085.863664,84652.501481,0,1.00,1,99d1c7fab316,1372,12
javascript,bytes,message,100,68,flatbuffers,24.12.23,13723,5083,104,18806,72870.363623,196734.212079,53174.518771,0,1.00,1,99d1c7fab316,1373,13
javascript,bytes,message,100,68,fast-json-stringify,6.4.0,6270,1439,168,7709,159489.633174,694927.032662,129718.510831,0,1.00,1,99d1c7fab316,1374,14
javascript,bytes,message,100,68,protobuf-es,2.12.1,16150,14917,50,31067,61919.504644,67037.608098,32188.495832,0,1.00,1,99d1c7fab316,1375,15
javascript,bytes,message,100,68,bser,2.1.1,12298,14025,153,26323,81314.034802,71301.247772,37989.590852,0,1.00,1,99d1c7fab316,1376,16
javascript,bytes,message,100,68,msgpackr,1.12.1,3524,7216,126,10740,283768.444949,138580.931264,93109.869646,0,1.00,1,99d1c7fab316,1377,17
javascript,bytes,message,100,68,cbor-x,1.6.4,6051,6153,131,12204,165261.940175,162522.346823,81940.347427,0,1.00,1,99d1c7fab316,1378,18
javascript,bytes,message,100,68,devalue,5.8.1,11482,5862,186,17344,87092.840968,170590.242238,57656.826568,0,1.00,1,99d1c7fab316,1379,19
javascript,bytes,message,100,69,bser,2.1.1,9939,10363,153,20302,100613.743837,96497.153334,49256.230913,0,1.00,1,99d1c7fab316,1380,0
javascript,bytes,message,100,69,cbor-x,1.6.4,4963,4568,131,9531,201491.033649,218914.185639,104920.784807,0,1.00,1,99d1c7fab316,1381,1
javascript,bytes,message,100,69,flatbuffers,24.12.23,12555,4165,104,16720,79649.542015,240096.038415,59808.612440,0,1.00,1,99d1c7fab316,1382,2
javascript,bytes,message,100,69,devalue,5.8.1,7262,5552,186,12814,137703.112090,180115.273775,78039.644139,0,1.00,1,99d1c7fab316,1383,3
javascript,bytes,message,100,69,simdjson-parse+JSON.stringify,0.9.2,2445,9936,168,12381,408997.955010,100644.122383,80768.920120,0,1.00,1,99d1c7fab316,1384,4
javascript,bytes,message,100,69,flexbuffers,24.12.23,40214,19305,199,59519,24866.961755,51800.051800,16801.357550,0,1.00,1,99d1c7fab316,1385,5
javascript,bytes,message,100,69,protobufjs,7.6.5,7826,12673,52,20499,127779.197547,78907.914464,48782.867457,0,1.00,1,99d1c7fab316,1386,6
javascript,bytes,message,100,69,protobuf-es,2.12.1,14876,13251,50,28127,67222.371605,75466.002566,35553.027340,0,1.00,1,99d1c7fab316,1387,7
javascript,bytes,message,100,69,msgpackr,1.12.1,3116,7967,126,11083,320924.261874,125517.760763,90228.277542,0,1.00,1,99d1c7fab316,1388,8
javascript,bytes,message,100,69,google-protobuf,3.21.4,595,9313,52,9908,1680672.268908,107376.785139,100928.542592,0,1.00,1,99d1c7fab316,1389,9
javascript,bytes,message,100,69,bebop,3.2.3,4295,3805,162,8100,232828.870780,262812.089356,123456.790123,0,1.00,1,99d1c7fab316,1390,10
javascript,bytes,message,100,69,v8-serializer,v8-13.6.233.17-node.48,5491,4855,135,10346,182116.190129,205973.223481,96655.712353,0,1.00,1,99d1c7fab316,1391,11
javascript,bytes,message,100,69,avsc,5.7.9,9799,5828,44,15627,102051.229717,171585.449554,63991.809048,0,1.00,1,99d1c7fab316,1392,12
javascript,bytes,message,100,69,fast-json-stringify,6.4.0,4735,1199,168,5934,211193.241816,834028.356964,168520.390967,0,1.00,1,99d1c7fab316,1393,13
javascript,bytes,message,100,69,JSON.stringify,node-24.15.0,1092,910,168,2002,915750.915751,1098901.098901,499500.499500,0,1.00,1,99d1c7fab316,1394,14
javascript,bytes,message,100,69,bson,6.10.4,8291,6537,140,14828,120612.712580,152975.370965,67439.978419,0,1.00,1,99d1c7fab316,1395,15
javascript,bytes,message,100,69,sia,2.3.0,9177,5100,162,14277,108968.072355,196078.431373,70042.726063,0,1.00,1,99d1c7fab316,1396,16
javascript,bytes,message,100,69,cbor,9.0.2,56764,38131,124,94895,17616.799380,26225.380924,10537.963012,0,1.00,1,99d1c7fab316,1397,17
javascript,bytes,message,100,69,@msgpack/msgpack,3.1.3,8988,6644,124,15632,111259.457054,150511.739916,63971.340839,0,1.00,1,99d1c7fab316,1398,18
javascript,bytes,message,100,69,json-pack-msgpack,18.28.0,6297,6259,131,12556,158805.780530,159769.931299,79643.198471,0,1.00,1,99d1c7fab316,1399,19
javascript,bytes,message,100,70,devalue,5.8.1,11425,7101,186,18526,87527.352298,140825.235882,53978.192810,0,1.00,1,99d1c7fab316,1400,0
javascript,bytes,message,100,70,json-pack-msgpack,18.28.0,3923,3700,131,7623,254906.958960,270270.270270,131181.949364,0,1.00,1,99d1c7fab316,1401,1
javascript,bytes,message,100,70,v8-serializer,v8-13.6.233.17-node.48,4485,4325,135,8810,222965.440357,231213.872832,113507.377980,0,1.00,1,99d1c7fab316,1402,2
javascript,bytes,message,100,70,protobufjs,7.6.5,7735,13102,52,20837,129282.482224,76324.225309,47991.553487,0,1.00,1,99d1c7fab316,1403,3
javascript,bytes,message,100,70,protobuf-es,2.12.1,17931,13386,50,31317,55769.338018,74704.915583,31931.538781,0,1.00,1,99d1c7fab316,1404,4
javascript,bytes,message,100,70,flexbuffers,24.12.23,43067,21927,199,64994,23219.634523,45605.874037,15386.035634,0,1.00,1,99d1c7fab316,1405,5
javascript,bytes,message,100,70,avsc,5.7.9,9672,6579,44,16251,103391.232423,151998.784010,61534.674789,0,1.00,1,99d1c7fab316,1406,6
javascript,bytes,message,100,70,fast-json-stringify,6.4.0,3540,1366,168,4906,282485.875706,732064.421669,203832.042397,0,1.00,1,99d1c7fab316,1407,7
javascript,bytes,message,100,70,bser,2.1.1,13620,13019,153,26639,73421.439060,76810.814963,37538.946657,0,1.00,1,99d1c7fab316,1408,8
javascript,bytes,message,100,70,google-protobuf,3.21.4,615,9456,52,10071,1626016.260163,105752.961083,99295.005461,0,1.00,1,99d1c7fab316,1409,9
javascript,bytes,message,100,70,bson,6.10.4,8461,6274,140,14735,118189.339322,159387.950271,67865.626060,0,1.00,1,99d1c7fab316,1410,10
javascript,bytes,message,100,70,@msgpack/msgpack,3.1.3,8308,6395,124,14703,120365.912374,156372.165754,68013.330613,0,1.00,1,99d1c7fab316,1411,11
javascript,bytes,message,100,70,sia,2.3.0,10555,6290,162,16845,94741.828517,158982.511924,59364.796676,0,1.00,1,99d1c7fab316,1412,12
javascript,bytes,message,100,70,simdjson-parse+JSON.stringify,0.9.2,1673,10970,168,12643,597728.631201,91157.702826,79095.151467,0,1.00,1,99d1c7fab316,1413,13
javascript,bytes,message,100,70,cbor,9.0.2,50645,35021,124,85666,19745.285813,28554.295994,11673.242593,0,1.00,1,99d1c7fab316,1414,14
javascript,bytes,message,100,70,cbor-x,1.6.4,6334,6990,131,13324,157878.118093,143061.516452,75052.536776,0,1.00,1,99d1c7fab316,1415,15
javascript,bytes,message,100,70,JSON.stringify,node-24.15.0,1682,2459,168,4141,594530.321046,406669.377796,241487.563390,0,1.00,1,99d1c7fab316,1416,16
javascript,bytes,message,100,70,msgpackr,1.12.1,3157,8836,126,11993,316756.414317,113173.381621,83381.972817,0,1.00,1,99d1c7fab316,1417,17
javascript,bytes,message,100,70,flatbuffers,24.12.23,15293,5113,104,20406,65389.393840,195579.894387,49005.194551,0,1.00,1,99d1c7fab316,1418,18
javascript,bytes,message,100,70,bebop,3.2.3,7038,4285,162,11323,142085.819835,233372.228705,88315.817363,0,1.00,1,99d1c7fab316,1419,19
javascript,bytes,message,100,71,devalue,5.8.1,11718,4788,186,16506,85338.795016,208855.472013,60584.030050,0,1.00,1,99d1c7fab316,1420,0
javascript,bytes,message,100,71,protobuf-es,2.12.1,32081,13312,50,45393,31171.098158,75120.192308,22029.828388,0,1.00,1,99d1c7fab316,1421,1
javascript,bytes,message,100,71,protobufjs,7.6.5,26932,13253,52,40185,37130.551017,75454.614050,24884.907304,0,1.00,1,99d1c7fab316,1422,2
javascript,bytes,message,100,71,cbor,9.0.2,47751,36433,124,84184,20941.969802,27447.643620,11878.741804,0,1.00,1,99d1c7fab316,1423,3
javascript,bytes,message,100,71,simdjson-parse+JSON.stringify,0.9.2,2629,9870,168,12499,380372.765310,101317.122594,80006.400512,0,1.00,1,99d1c7fab316,1424,4
javascript,bytes,message,100,71,fast-json-stringify,6.4.0,3118,2270,168,5388,320718.409237,440528.634361,185597.624350,0,1.00,1,99d1c7fab316,1425,5
javascript,bytes,message,100,71,google-protobuf,3.21.4,1854,8464,52,10318,539374.325782,118147.448015,96918.007366,0,1.00,1,99d1c7fab316,1426,6
javascript,bytes,message,100,71,@msgpack/msgpack,3.1.3,7856,7356,124,15212,127291.242363,135943.447526,65737.575598,0,1.00,1,99d1c7fab316,1427,7
javascript,bytes,message,100,71,v8-serializer,v8-13.6.233.17-node.48,6230,5602,135,11832,160513.643660,178507.675830,84516.565247,0,1.00,1,99d1c7fab316,1428,8
javascript,bytes,message,100,71,avsc,5.7.9,8017,15972,44,23989,124734.938256,62609.566742,41685.772646,0,1.00,1,99d1c7fab316,1429,9
javascript,bytes,message,100,71,flatbuffers,24.12.23,12984,6511,104,19495,77017.868145,153586.238673,51295.203898,0,1.00,1,99d1c7fab316,1430,10
javascript,bytes,message,100,71,flexbuffers,24.12.23,57458,20177,199,77635,17404.016847,49561.381771,12880.788304,0,1.00,1,99d1c7fab316,1431,11
javascript,bytes,message,100,71,bser,2.1.1,12775,12880,153,25655,78277.886497,77639.751553,38978.756578,0,1.00,1,99d1c7fab316,1432,12
javascript,bytes,message,100,71,sia,2.3.0,9210,6220,162,15430,108577.633008,160771.704180,64808.813999,0,1.00,1,99d1c7fab316,1433,13
javascript,bytes,message,100,71,bson,6.10.4,8490,6282,140,14772,117785.630153,159184.972939,67695.640401,0,1.00,1,99d1c7fab316,1434,14
javascript,bytes,message,100,71,JSON.stringify,node-24.15.0,3735,2032,168,5767,267737.617135,492125.984252,173400.381481,0,1.00,1,99d1c7fab316,1435,15
javascript,bytes,message,100,71,json-pack-msgpack,18.28.0,10199,5990,131,16189,98048.828317,166944.908180,61770.337884,0,1.00,1,99d1c7fab316,1436,16
javascript,bytes,message,100,71,cbor-x,1.6.4,6435,6742,131,13177,155400.155400,148323.939484,75889.807999,0,1.00,1,99d1c7fab316,1437,17
javascript,bytes,message,100,71,bebop,3.2.3,4486,4071,162,8557,222915.737851,245639.891918,116863.386701,0,1.00,1,99d1c7fab316,1438,18
javascript,bytes,message,100,71,msgpackr,1.12.1,3037,7059,126,10096,329272.308199,141663.125089,99049.128368,0,1.00,1,99d1c7fab316,1439,19
javascript,bytes,message,100,72,simdjson-parse+JSON.stringify,0.9.2,2837,10465,168,13302,352485.019387,95556.617296,75176.665163,0,1.00,1,99d1c7fab316,1440,0
javascript,bytes,message,100,72,bser,2.1.1,10752,11399,153,22151,93005.952381,87726.993596,45144.688727,0,1.00,1,99d1c7fab316,1441,1
javascript,bytes,message,100,72,protobufjs,7.6.5,14760,13087,52,27847,67750.677507,76411.706273,35910.511007,0,1.00,1,99d1c7fab316,1442,2
javascript,bytes,message,100,72,json-pack-msgpack,18.28.0,14434,5041,131,19475,69280.864625,198373.338623,51347.881900,0,1.00,1,99d1c7fab316,1443,3
javascript,bytes,message,100,72,msgpackr,1.12.1,2792,5605,126,8397,358166.189112,178412.132025,119090.151244,0,1.00,1,99d1c7fab316,1444,4
javascript,bytes,message,100,72,@msgpack/msgpack,3.1.3,6616,6048,124,12664,151148.730351,165343.915344,78963.992419,0,1.00,1,99d1c7fab316,1445,5
javascript,bytes,message,100,72,fast-json-stringify,6.4.0,3474,2652,168,6126,287852.619459,377073.906486,163238.654913,0,1.00,1,99d1c7fab316,1446,6
javascript,bytes,message,100,72,protobuf-es,2.12.1,28506,135660,50,164166,35080.333965,7371.369600,6091.395295,0,1.00,1,99d1c7fab316,1447,7
javascript,bytes,message,100,72,cbor,9.0.2,92156,84949,124,177105,10851.165415,11771.768944,5646.367974,0,1.00,1,99d1c7fab316,1448,8
javascript,bytes,message,100,72,bson,6.10.4,15003,6721,140,21724,66653.335999,148787.382830,46032.038299,0,1.00,1,99d1c7fab316,1449,9
javascript,bytes,message,100,72,bebop,3.2.3,5812,5806,162,11618,172057.811425,172235.618326,86073.334481,0,1.00,1,99d1c7fab316,1450,10
javascript,bytes,message,100,72,flatbuffers,24.12.23,22040,7765,104,29805,45372.050817,128783.000644,33551.417547,0,1.00,1,99d1c7fab316,1451,11
javascript,bytes,message,100,72,sia,2.3.0,9560,5550,162,15110,104602.510460,180180.180180,66181.336863,0,1.00,1,99d1c7fab316,1452,12
javascript,bytes,message,100,72,google-protobuf,3.21.4,718,11438,52,12156,1392757.660167,87427.872006,82263.902600,0,1.00,1,99d1c7fab316,1453,13
javascript,bytes,message,100,72,v8-serializer,v8-13.6.233.17-node.48,6195,5439,135,11634,161420.500404,183857.326714,85954.959601,0,1.00,1,99d1c7fab316,1454,14
javascript,bytes,message,100,72,cbor-x,1.6.4,7849,7064,131,14913,127404.764938,141562.853907,67055.589083,0,1.00,1,99d1c7fab316,1455,15
javascript,bytes,message,100,72,devalue,5.8.1,15073,10785,186,25858,66343.793538,92721.372276,38672.751180,0,1.00,1,99d1c7fab316,1456,16
javascript,bytes,message,100,72,JSON.stringify,node-24.15.0,3382,1902,168,5284,295683.027794,525762.355415,189250.567752,0,1.00,1,99d1c7fab316,1457,17
javascript,bytes,message,100,72,avsc,5.7.9,8009,17238,44,25247,124859.533025,58011.370229,39608.666376,0,1.00,1,99d1c7fab316,1458,18
javascript,bytes,message,100,72,flexbuffers,24.12.23,46559,31773,199,78332,21478.124530,31473.263463,12766.174743,0,1.00,1,99d1c7fab316,1459,19
javascript,bytes,message,100,73,avsc,5.7.9,10170,8297,44,18467,98328.416912,120525.491141,54150.647100,0,1.00,1,99d1c7fab316,1460,0
javascript,bytes,message,100,73,flexbuffers,24.12.23,50981,16699,199,67680,19615.150742,59883.825379,14775.413712,0,1.00,1,99d1c7fab316,1461,1
javascript,bytes,message,100,73,devalue,5.8.1,17387,4508,186,21895,57514.234773,221827.861579,45672.527974,0,1.00,1,99d1c7fab316,1462,2
javascript,bytes,message,100,73,bson,6.10.4,10237,6966,140,17203,97684.868614,143554.407120,58129.396036,0,1.00,1,99d1c7fab316,1463,3
javascript,bytes,message,100,73,protobuf-es,2.12.1,17984,15190,50,33174,55604.982206,65832.784727,30144.088744,0,1.00,1,99d1c7fab316,1464,4
javascript,bytes,message,100,73,@msgpack/msgpack,3.1.3,9503,6967,124,16470,105229.927391,143533.802210,60716.454159,0,1.00,1,99d1c7fab316,1465,5
javascript,bytes,message,100,73,cbor,9.0.2,51259,36635,124,87894,19508.769192,27296.301351,11377.340888,0,1.00,1,99d1c7fab316,1466,6
javascript,bytes,message,100,73,msgpackr,1.12.1,3842,9146,126,12988,260281.103592,109337.415264,76994.148445,0,1.00,1,99d1c7fab316,1467,7
javascript,bytes,message,100,73,bebop,3.2.3,5020,5306,162,10326,199203.187251,188465.887674,96842.920782,0,1.00,1,99d1c7fab316,1468,8
javascript,bytes,message,100,73,v8-serializer,v8-13.6.233.17-node.48,6439,5660,135,12099,155303.618574,176678.445230,82651.458798,0,1.00,1,99d1c7fab316,1469,9
javascript,bytes,message,100,73,json-pack-msgpack,18.28.0,6572,6161,131,12733,152160.681680,162311.313099,78536.087332,0,1.00,1,99d1c7fab316,1470,10
javascript,bytes,message,100,73,flatbuffers,24.12.23,13734,5273,104,19007,72811.999418,189645.363171,52612.195507,0,1.00,1,99d1c7fab316,1471,11
javascript,bytes,message,100,73,sia,2.3.0,7980,7419,162,15399,125313.283208,134789.055129,64939.281772,0,1.00,1,99d1c7fab316,1472,12
javascript,bytes,message,100,73,cbor-x,1.6.4,7148,6396,131,13544,139899.272524,156347.717323,73833.431778,0,1.00,1,99d1c7fab316,1473,13
javascript,bytes,message,100,73,google-protobuf,3.21.4,614,9851,52,10465,1628664.495114,101512.536798,95556.617296,0,1.00,1,99d1c7fab316,1474,14
javascript,bytes,message,100,73,simdjson-parse+JSON.stringify,0.9.2,5171,11294,168,16465,193386.192226,88542.588985,60734.892196,0,1.00,1,99d1c7fab316,1475,15
javascript,bytes,message,100,73,fast-json-stringify,6.4.0,3643,2930,168,6573,274499.039253,341296.928328,152137.532329,0,1.00,1,99d1c7fab316,1476,16
javascript,bytes,message,100,73,protobufjs,7.6.5,7581,13352,52,20933,131908.719166,74895.146794,47771.461329,0,1.00,1,99d1c7fab316,1477,17
javascript,bytes,message,100,73,bser,2.1.1,12303,12588,153,24891,81280.988377,79440.737210,40175.163714,0,1.00,1,99d1c7fab316,1478,18
javascript,bytes,message,100,73,JSON.stringify,node-24.15.0,1886,1540,168,3426,530222.693531,649350.649351,291885.580852,0,1.00,1,99d1c7fab316,1479,19
javascript,bytes,message,100,74,flexbuffers,24.12.23,39621,19987,199,59608,25239.140860,50032.521139,16776.271641,0,1.00,1,99d1c7fab316,1480,0
javascript,bytes,message,100,74,avsc,5.7.9,8641,5423,44,14064,115727.346372,184399.778720,71103.526735,0,1.00,1,99d1c7fab316,1481,1
javascript,bytes,message,100,74,devalue,5.8.1,11893,4227,186,16120,84083.074077,236574.402650,62034.739454,0,1.00,1,99d1c7fab316,1482,2
javascript,bytes,message,100,74,sia,2.3.0,8873,6208,162,15081,112701.453849,161082.474227,66308.600225,0,1.00,1,99d1c7fab316,1483,3
javascript,bytes,message,100,74,msgpackr,1.12.1,3443,8352,126,11795,290444.379901,119731.800766,84781.687156,0,1.00,1,99d1c7fab316,1484,4
javascript,bytes,message,100,74,google-protobuf,3.21.4,684,7811,52,8495,1461988.304094,128024.580719,117716.303708,0,1.00,1,99d1c7fab316,1485,5
javascript,bytes,message,100,74,json-pack-msgpack,18.28.0,5902,5636,131,11538,169434.090139,177430.801987,86670.133472,0,1.00,1,99d1c7fab316,1486,6
javascript,bytes,message,100,74,protobufjs,7.6.5,7224,11756,52,18980,138427.464009,85062.946580,52687.038988,0,1.00,1,99d1c7fab316,1487,7
javascript,bytes,message,100,74,fast-json-stringify,6.4.0,5822,5931,168,11753,171762.281003,168605.631428,85084.659236,0,1.00,1,99d1c7fab316,1488,8
javascript,bytes,message,100,74,v8-serializer,v8-13.6.233.17-node.48,5621,6248,135,11869,177904.287493,160051.216389,84253.096301,0,1.00,1,99d1c7fab316,1489,9
javascript,bytes,message,100,74,JSON.stringify,node-24.15.0,2005,1139,168,3144,498753.117207,877963.125549,318066.157761,0,1.00,1,99d1c7fab316,1490,10
javascript,bytes,message,100,74,flatbuffers,24.12.23,12930,5061,104,17991,77339.520495,197589.409208,55583.347229,0,1.00,1,99d1c7fab316,1491,11
javascript,bytes,message,100,74,@msgpack/msgpack,3.1.3,7656,6848,124,14504,130616.509927,146028.037383,68946.497518,0,1.00,1,99d1c7fab316,1492,12
javascript,bytes,message,100,74,bser,2.1.1,11771,12535,153,24306,84954.549316,79776.625449,41142.104830,0,1.00,1,99d1c7fab316,1493,13
javascript,bytes,message,100,74,bebop,3.2.3,4675,4132,162,8807,213903.743316,242013.552759,113546.042920,0,1.00,1,99d1c7fab316,1494,14
javascript,bytes,message,100,74,protobuf-es,2.12.1,16334,13592,50,29926,61221.990939,73572.689818,33415.758872,0,1.00,1,99d1c7fab316,1495,15
javascript,bytes,message,100,74,cbor-x,1.6.4,6493,6735,131,13228,154012.012937,148478.099480,75597.218022,0,1.00,1,99d1c7fab316,1496,16
javascript,bytes,message,100,74,bson,6.10.4,9213,9793,140,19006,108542.277217,102113.754723,52614.963696,0,1.00,1,99d1c7fab316,1497,17
javascript,bytes,message,100,74,cbor,9.0.2,53689,38384,124,92073,18625.789268,26052.521884,10860.947292,0,1.00,1,99d1c7fab316,1498,18
javascript,bytes,message,100,74,simdjson-parse+JSON.stringify,0.9.2,3001,20708,168,23709,333222.259247,48290.515743,42178.075836,0,1.00,1,99d1c7fab316,1499,19
javascript,bytes,message,100,75,flatbuffers,24.12.23,12808,6223,104,19031,78076.202374,160694.198939,52545.846251,0,1.00,1,99d1c7fab316,1500,0
javascript,bytes,message,100,75,flexbuffers,24.12.23,42777,20296,199,63073,23377.048414,49270.792274,15854.644618,0,1.00,1,99d1c7fab316,1501,1
javascript,bytes,message,100,75,msgpackr,1.12.1,3638,7562,126,11200,274876.305662,132240.148109,89285.714286,0,1.00,1,99d1c7fab316,1502,2
javascript,bytes,message,100,75,protobufjs,7.6.5,6762,14246,52,21008,147885.241053,70195.142496,47600.913938,0,1.00,1,99d1c7fab316,1503,3
javascript,bytes,message,100,75,fast-json-stringify,6.4.0,3616,3333,168,6949,276548.672566,300030.003000,143905.597928,0,1.00,1,99d1c7fab316,1504,4
javascript,bytes,message,100,75,@msgpack/msgpack,3.1.3,8369,6414,124,14783,119488.588840,155908.949174,67645.268213,0,1.00,1,99d1c7fab316,1505,5
javascript,bytes,message,100,75,google-protobuf,3.21.4,767,7964,52,8731,1303780.964798,125565.042692,114534.417592,0,1.00,1,99d1c7fab316,1506,6
javascript,bytes,message,100,75,devalue,5.8.1,13195,4729,186,17924,75786.282683,211461.196870,55791.118054,0,1.00,1,99d1c7fab316,1507,7
javascript,bytes,message,100,75,bebop,3.2.3,4710,4258,162,8968,212314.225053,234852.043213,111507.582516,0,1.00,1,99d1c7fab316,1508,8
javascript,bytes,message,100,75,cbor-x,1.6.4,6166,6049,131,12215,162179.695102,165316.581253,81866.557511,0,1.00,1,99d1c7fab316,1509,9
javascript,bytes,message,100,75,avsc,5.7.9,22005,6108,44,28113,45444.217223,163719.711853,35570.732401,0,1.00,1,99d1c7fab316,1510,10
javascript,bytes,message,100,75,protobuf-es,2.12.1,16000,13280,50,29280,62500.000000,75301.204819,34153.005464,0,1.00,1,99d1c7fab316,1511,11
javascript,bytes,message,100,75,bser,2.1.1,11973,17048,153,29021,83521.256160,58657.907086,34457.806416,0,1.00,1,99d1c7fab316,1512,12
javascript,bytes,message,100,75,simdjson-parse+JSON.stringify,0.9.2,1657,11165,168,12822,603500.301750,89565.606807,77990.953049,0,1.00,1,99d1c7fab316,1513,13
javascript,bytes,message,100,75,v8-serializer,v8-13.6.233.17-node.48,5967,4485,135,10452,167588.402883,222965.440357,95675.468810,0,1.00,1,99d1c7fab316,1514,14
javascript,bytes,message,100,75,cbor,9.0.2,49694,37114,124,86808,20123.153701,26944.010346,11519.675606,0,1.00,1,99d1c7fab316,1515,15
javascript,bytes,message,100,75,json-pack-msgpack,18.28.0,6709,6172,131,12881,149053.510210,162022.034997,77633.724090,0,1.00,1,99d1c7fab316,1516,16
javascript,bytes,message,100,75,bson,6.10.4,8979,5448,140,14427,111370.976723,183553.597651,69314.479795,0,1.00,1,99d1c7fab316,1517,17
javascript,bytes,message,100,75,sia,2.3.0,10185,5441,162,15626,98183.603338,183789.744532,63995.904262,0,1.00,1,99d1c7fab316,1518,18
javascript,bytes,message,100,75,JSON.stringify,node-24.15.0,2074,2715,168,4789,482160.077146,368324.125230,208811.860514,0,1.00,1,99d1c7fab316,1519,19
javascript,bytes,message,100,76,cbor,9.0.2,38772,34207,124,72979,25791.808522,29233.782559,13702.571973,0,1.00,1,99d1c7fab316,1520,0
javascript,bytes,message,100,76,flatbuffers,24.12.23,13948,5228,104,19176,71694.866648,191277.735272,52148.518982,0,1.00,1,99d1c7fab316,1521,1
javascript,bytes,message,100,76,@msgpack/msgpack,3.1.3,7429,7308,124,14737,134607.618791,136836.343733,67856.415824,0,1.00,1,99d1c7fab316,1522,2
javascript,bytes,message,100,76,google-protobuf,3.21.4,787,8002,52,8789,1270648.030496,124968.757811,113778.586870,0,1.00,1,99d1c7fab316,1523,3
javascript,bytes,message,100,76,json-pack-msgpack,18.28.0,5172,5119,131,10291,193348.801237,195350.654425,97172.286464,0,1.00,1,99d1c7fab316,1524,4
javascript,bytes,message,100,76,v8-serializer,v8-13.6.233.17-node.48,5205,4651,135,9856,192122.958694,215007.525263,101461.038961,0,1.00,1,99d1c7fab316,1525,5
javascript,bytes,message,100,76,protobuf-es,2.12.1,19851,12868,50,32719,50375.295955,77712.154181,30563.281274,0,1.00,1,99d1c7fab316,1526,6
javascript,bytes,message,100,76,avsc,5.7.9,9127,5470,44,14597,109565.026843,182815.356490,68507.227513,0,1.00,1,99d1c7fab316,1527,7
javascript,bytes,message,100,76,sia,2.3.0,8618,6428,162,15046,116036.203295,155569.383945,66462.847268,0,1.00,1,99d1c7fab316,1528,8
javascript,bytes,message,100,76,JSON.stringify,node-24.15.0,1629,1568,168,3197,613873.542050,637755.102041,312793.243666,0,1.00,1,99d1c7fab316,1529,9
javascript,bytes,message,100,76,devalue,5.8.1,11882,5191,186,17073,84160.915671,192641.109613,58572.014292,0,1.00,1,99d1c7fab316,1530,10
javascript,bytes,message,100,76,simdjson-parse+JSON.stringify,0.9.2,1097,18903,168,20000,911577.028259,52901.655822,50000.000000,0,1.00,1,99d1c7fab316,1531,11
javascript,bytes,message,100,76,bson,6.10.4,8486,6597,140,15083,117841.150130,151584.053358,66299.807731,0,1.00,1,99d1c7fab316,1532,12
javascript,bytes,message,100,76,protobufjs,7.6.5,6565,23434,52,29999,152322.924600,42673.039174,33334.444481,0,1.00,1,99d1c7fab316,1533,13
javascript,bytes,message,100,76,fast-json-stringify,6.4.0,3320,1594,168,4914,301204.819277,627352.572146,203500.203500,0,1.00,1,99d1c7fab316,1534,14
javascript,bytes,message,100,76,bebop,3.2.3,4785,5105,162,9890,208986.415883,195886.385896,101112.234580,0,1.00,1,99d1c7fab316,1535,15
javascript,bytes,message,100,76,bser,2.1.1,12264,11935,153,24199,81539.465101,83787.180561,41324.021654,0,1.00,1,99d1c7fab316,1536,16
javascript,bytes,message,100,76,msgpackr,1.12.1,3659,7151,126,10810,273298.715496,139840.581737,92506.938020,0,1.00,1,99d1c7fab316,1537,17
javascript,bytes,message,100,76,flexbuffers,24.12.23,40215,21613,199,61828,24866.343404,46268.449544,16173.901792,0,1.00,1,99d1c7fab316,1538,18
javascript,bytes,message,100,76,cbor-x,1.6.4,7451,6477,131,13928,134210.173131,154392.465648,71797.817346,0,1.00,1,99d1c7fab316,1539,19
javascript,bytes,message,100,77,@msgpack/msgpack,3.1.3,7179,7664,124,14843,139295.166458,130480.167015,67371.825103,0,1.00,1,99d1c7fab316,1540,0
javascript,bytes,message,100,77,simdjson-parse+JSON.stringify,0.9.2,2788,16552,168,19340,358680.057389,60415.659739,51706.308170,0,1.00,1,99d1c7fab316,1541,1
javascript,bytes,message,100,77,devalue,5.8.1,10881,6174,186,17055,91903.317710,161969.549725,58633.831721,0,1.00,1,99d1c7fab316,1542,2
javascript,bytes,message,100,77,bebop,3.2.3,4031,4824,162,8855,248077.400149,207296.849088,112930.547713,0,1.00,1,99d1c7fab316,1543,3
javascript,bytes,message,100,77,cbor,9.0.2,48647,36587,124,85234,20556.252184,27332.112499,11732.407255,0,1.00,1,99d1c7fab316,1544,4
javascript,bytes,message,100,77,JSON.stringify,node-24.15.0,2370,2471,168,4841,421940.928270,404694.455686,206568.890725,0,1.00,1,99d1c7fab316,1545,5
javascript,bytes,message,100,77,flatbuffers,24.12.23,14084,5182,104,19266,71002.556092,192975.685064,51904.910205,0,1.00,1,99d1c7fab316,1546,6
javascript,bytes,message,100,77,cbor-x,1.6.4,5672,6319,131,11991,176304.654443,158252.888115,83395.880244,0,1.00,1,99d1c7fab316,1547,7
javascript,bytes,message,100,77,json-pack-msgpack,18.28.0,6117,6259,131,12376,163478.829492,159769.931299,80801.551390,0,1.00,1,99d1c7fab316,1548,8
javascript,bytes,message,100,77,flexbuffers,24.12.23,41167,21204,199,62371,24291.301285,47160.913035,16033.092303,0,1.00,1,99d1c7fab316,1549,9
javascript,bytes,message,100,77,v8-serializer,v8-13.6.233.17-node.48,5808,4974,135,10782,172176.308540,201045.436269,92747.171211,0,1.00,1,99d1c7fab316,1550,10
javascript,bytes,message,100,77,bser,2.1.1,12219,12896,153,25115,81839.757754,77543.424318,39816.842524,0,1.00,1,99d1c7fab316,1551,11
javascript,bytes,message,100,77,fast-json-stringify,6.4.0,4630,2367,168,6997,215982.721382,422475.707647,142918.393597,0,1.00,1,99d1c7fab316,1552,12
javascript,bytes,message,100,77,avsc,5.7.9,7033,6683,44,13716,142186.833499,149633.398174,72907.553223,0,1.00,1,99d1c7fab316,1553,13
javascript,bytes,message,100,77,protobuf-es,2.12.1,30456,14140,50,44596,32834.252692,70721.357850,22423.535743,0,1.00,1,99d1c7fab316,1554,14
javascript,bytes,message,100,77,sia,2.3.0,8182,6555,162,14737,122219.506233,152555.301297,67856.415824,0,1.00,1,99d1c7fab316,1555,15
javascript,bytes,message,100,77,msgpackr,1.12.1,3479,9068,126,12547,287438.919230,110277.900309,79700.326771,0,1.00,1,99d1c7fab316,1556,16
javascript,bytes,message,100,77,bson,6.10.4,10353,4654,140,15007,96590.360282,214868.929953,66635.570067,0,1.00,1,99d1c7fab316,1557,17
javascript,bytes,message,100,77,protobufjs,7.6.5,6794,13804,52,20598,147188.695908,72442.770212,48548.402758,0,1.00,1,99d1c7fab316,1558,18
javascript,bytes,message,100,77,google-protobuf,3.21.4,679,8308,52,8987,1472754.050074,120365.912374,111271.837098,0,1.00,1,99d1c7fab316,1559,19
javascript,bytes,message,100,78,msgpackr,1.12.1,2634,6733,126,9367,379650.721336,148522.204070,106757.766628,0,1.00,1,99d1c7fab316,1560,0
javascript,bytes,message,100,78,google-protobuf,3.21.4,464,5236,52,5700,2155172.413793,190985.485103,175438.596491,0,1.00,1,99d1c7fab316,1561,1
javascript,bytes,message,100,78,v8-serializer,v8-13.6.233.17-node.48,4056,4614,135,8670,246548.323471,216731.686173,115340.253749,0,1.00,1,99d1c7fab316,1562,2
javascript,bytes,message,100,78,cbor,9.0.2,77762,34906,124,112668,12859.751550,28648.369908,8875.634608,0,1.00,1,99d1c7fab316,1563,3
javascript,bytes,message,100,78,cbor-x,1.6.4,5780,7463,131,13243,173010.380623,133994.372236,75511.591029,0,1.00,1,99d1c7fab316,1564,4
javascript,bytes,message,100,78,avsc,5.7.9,22591,6275,44,28866,44265.415431,159362.549801,34642.832398,0,1.00,1,99d1c7fab316,1565,5
javascript,bytes,message,100,78,JSON.stringify,node-24.15.0,3463,1754,168,5217,288766.965059,570125.427594,191681.042745,0,1.00,1,99d1c7fab316,1566,6
javascript,bytes,message,100,78,simdjson-parse+JSON.stringify,0.9.2,2025,10453,168,12478,493827.160494,95666.315890,80141.048245,0,1.00,1,99d1c7fab316,1567,7
javascript,bytes,message,100,78,devalue,5.8.1,13373,4387,186,17760,74777.536828,227946.204696,56306.306306,0,1.00,1,99d1c7fab316,1568,8
javascript,bytes,message,100,78,flexbuffers,24.12.23,63276,21495,199,84771,15803.780264,46522.447081,11796.487006,0,1.00,1,99d1c7fab316,1569,9
javascript,bytes,message,100,78,protobufjs,7.6.5,6952,12415,52,19367,143843.498274,80547.724527,51634.223163,0,1.00,1,99d1c7fab316,1570,10
javascript,bytes,message,100,78,fast-json-stringify,6.4.0,3316,2653,168,5969,301568.154403,376931.775349,167532.249958,0,1.00,1,99d1c7fab316,1571,11
javascript,bytes,message,100,78,bebop,3.2.3,4908,5323,162,10231,203748.981255,187863.986474,97742.156192,0,1.00,1,99d1c7fab316,1572,12
javascript,bytes,message,100,78,bson,6.10.4,9168,5475,140,14643,109075.043630,182648.401826,68292.016663,0,1.00,1,99d1c7fab316,1573,13
javascript,bytes,message,100,78,json-pack-msgpack,18.28.0,6237,7109,131,13346,160333.493667,140666.760445,74928.817623,0,1.00,1,99d1c7fab316,1574,14
javascript,bytes,message,100,78,protobuf-es,2.12.1,25733,13598,50,39331,38860.607003,73540.226504,25425.237090,0,1.00,1,99d1c7fab316,1575,15
javascript,bytes,message,100,78,bser,2.1.1,12472,12704,153,25176,80179.602309,78715.365239,39720.368605,0,1.00,1,99d1c7fab316,1576,16
javascript,bytes,message,100,78,flatbuffers,24.12.23,12242,5135,104,17377,81685.999020,194741.966894,57547.332681,0,1.00,1,99d1c7fab316,1577,17
javascript,bytes,message,100,78,sia,2.3.0,7436,6185,162,13621,134480.903712,161681.487470,73416.048748,0,1.00,1,99d1c7fab316,1578,18
javascript,bytes,message,100,78,@msgpack/msgpack,3.1.3,8220,6830,124,15050,121654.501217,146412.884334,66445.182724,0,1.00,1,99d1c7fab316,1579,19
javascript,bytes,message,100,79,devalue,5.8.1,11913,5479,186,17392,83941.912197,182515.057492,57497.700092,0,1.00,1,99d1c7fab316,1580,0
javascript,bytes,message,100,79,cbor-x,1.6.4,5948,6390,131,12338,168123.739072,156494.522692,81050.413357,0,1.00,1,99d1c7fab316,1581,1
javascript,bytes,message,100,79,protobuf-es,2.12.1,12287,11022,50,23309,81386.831611,90727.635638,42901.883393,0,1.00,1,99d1c7fab316,1582,2
javascript,bytes,message,100,79,cbor,9.0.2,47035,35661,124,82696,21260.763261,28041.838423,12092.483312,0,1.00,1,99d1c7fab316,1583,3
javascript,bytes,message,100,79,avsc,5.7.9,9368,6779,44,16147,106746.370623,147514.382652,61931.008856,0,1.00,1,99d1c7fab316,1584,4
javascript,bytes,message,100,79,google-protobuf,3.21.4,648,8332,52,8980,1543209.876543,120019.203072,111358.574610,0,1.00,1,99d1c7fab316,1585,5
javascript,bytes,message,100,79,v8-serializer,v8-13.6.233.17-node.48,5867,4800,135,10667,170444.861087,208333.333333,93747.070404,0,1.00,1,99d1c7fab316,1586,6
javascript,bytes,message,100,79,bson,6.10.4,9457,4136,140,13593,105741.778577,241779.497099,73567.277275,0,1.00,1,99d1c7fab316,1587,7
javascript,bytes,message,100,79,bser,2.1.1,11263,11892,153,23155,88786.291397,84090.144635,43187.216584,0,1.00,1,99d1c7fab316,1588,8
javascript,bytes,message,100,79,sia,2.3.0,10269,6177,162,16446,97380.465479,161890.885543,60805.058981,0,1.00,1,99d1c7fab316,1589,9
javascript,bytes,message,100,79,flexbuffers,24.12.23,41447,19586,199,61033,24127.198591,51056.877361,16384.578834,0,1.00,1,99d1c7fab316,1590,10
javascript,bytes,message,100,79,msgpackr,1.12.1,3413,7188,126,10601,292997.363024,139120.756817,94330.723517,0,1.00,1,99d1c7fab316,1591,11
javascript,bytes,message,100,79,protobufjs,7.6.5,6391,21451,52,27842,156470.035988,46617.873293,35916.959989,0,1.00,1,99d1c7fab316,1592,12
javascript,bytes,message,100,79,flatbuffers,24.12.23,11918,5053,104,16971,83906.695754,197902.236295,58924.046904,0,1.00,1,99d1c7fab316,1593,13
javascript,bytes,message,100,79,simdjson-parse+JSON.stringify,0.9.2,2745,10787,168,13532,364298.724954,92704.180959,73898.906296,0,1.00,1,99d1c7fab316,1594,14
javascript,bytes,message,100,79,json-pack-msgpack,18.28.0,7458,6119,131,13577,134084.204881,163425.396307,73653.973632,0,1.00,1,99d1c7fab316,1595,15
javascript,bytes,message,100,79,JSON.stringify,node-24.15.0,1360,2418,168,3778,735294.117647,413564.929694,264690.312335,0,1.00,1,99d1c7fab316,1596,16
javascript,bytes,message,100,79,@msgpack/msgpack,3.1.3,7094,6695,124,13789,140964.195094,149365.197909,72521.575169,0,1.00,1,99d1c7fab316,1597,17
javascript,bytes,message,100,79,fast-json-stringify,6.4.0,3524,1401,168,4925,283768.444949,713775.874375,203045.685279,0,1.00,1,99d1c7fab316,1598,18
javascript,bytes,message,100,79,bebop,3.2.3,4468,11857,162,16325,223813.786929,84338.365522,61255.742726,0,1.00,1,99d1c7fab316,1599,19
javascript,bytes,message,100,80,cbor-x,1.6.4,5879,6296,131,12175,170096.955265,158831.003812,82135.523614,0,1.00,1,99d1c7fab316,1600,0
javascript,bytes,message,100,80,fast-json-stringify,6.4.0,2236,1413,168,3649,447227.191413,707714.083510,274047.684297,0,1.00,1,99d1c7fab316,1601,1
javascript,bytes,message,100,80,google-protobuf,3.21.4,590,9063,52,9653,1694915.254237,110338.739932,103594.737387,0,1.00,1,99d1c7fab316,1602,2
javascript,bytes,message,100,80,protobuf-es,2.12.1,14408,12631,50,27039,69405.885619,79170.295305,36983.616258,0,1.00,1,99d1c7fab316,1603,3
javascript,bytes,message,100,80,simdjson-parse+JSON.stringify,0.9.2,1969,8696,168,10665,507872.016252,114995.400184,93764.650727,0,1.00,1,99d1c7fab316,1604,4
javascript,bytes,message,100,80,devalue,5.8.1,12030,4438,186,16468,83125.519534,225326.723749,60723.828030,0,1.00,1,99d1c7fab316,1605,5
javascript,bytes,message,100,80,@msgpack/msgpack,3.1.3,6513,6357,124,12870,153539.075695,157306.905773,77700.077700,0,1.00,1,99d1c7fab316,1606,6
javascript,bytes,message,100,80,msgpackr,1.12.1,3143,7810,126,10953,318167.356029,128040.973111,91299.187437,0,1.00,1,99d1c7fab316,1607,7
javascript,bytes,message,100,80,bser,2.1.1,11829,15834,153,27663,84537.999831,63155.235569,36149.369194,0,1.00,1,99d1c7fab316,1608,8
javascript,bytes,message,100,80,sia,2.3.0,9773,5254,162,15027,102322.725877,190331.176247,66546.882279,0,1.00,1,99d1c7fab316,1609,9
javascript,bytes,message,100,80,flatbuffers,24.12.23,12694,4773,104,17467,78777.375138,209511.837419,57250.815824,0,1.00,1,99d1c7fab316,1610,10
javascript,bytes,message,100,80,bson,6.10.4,8650,5317,140,13967,115606.936416,188075.982697,71597.336579,0,1.00,1,99d1c7fab316,1611,11
javascript,bytes,message,100,80,bebop,3.2.3,4153,3839,162,7992,240789.790513,260484.501172,125125.125125,0,1.00,1,99d1c7fab316,1612,12
javascript,bytes,message,100,80,cbor,9.0.2,60081,36748,124,96829,16644.197001,27212.365299,10327.484535,0,1.00,1,99d1c7fab316,1613,13
javascript,bytes,message,100,80,flexbuffers,24.12.23,42670,20768,199,63438,23435.669088,48151.001541,15763.422554,0,1.00,1,99d1c7fab316,1614,14
javascript,bytes,message,100,80,avsc,5.7.9,11752,6045,44,17797,85091.899251,165425.971878,56189.245378,0,1.00,1,99d1c7fab316,1615,15
javascript,bytes,message,100,80,protobufjs,7.6.5,7062,12487,52,19549,141602.945341,80083.286618,51153.511689,0,1.00,1,99d1c7fab316,1616,16
javascript,bytes,message,100,80,v8-serializer,v8-13.6.233.17-node.48,6333,6911,135,13244,157903.047529,144696.860078,75505.889459,0,1.00,1,99d1c7fab316,1617,17
javascript,bytes,message,100,80,JSON.stringify,node-24.15.0,1734,1805,168,3539,576701.268743,554016.620499,282565.696524,0,1.00,1,99d1c7fab316,1618,18
javascript,bytes,message,100,80,json-pack-msgpack,18.28.0,6546,7525,131,14071,152765.047357,132890.365449,71068.154360,0,1.00,1,99d1c7fab316,1619,19
javascript,bytes,message,100,81,bson,6.10.4,9013,5393,140,14406,110950.848774,185425.551641,69415.521311,0,1.00,1,99d1c7fab316,1620,0
javascript,bytes,message,100,81,v8-serializer,v8-13.6.233.17-node.48,2992,3074,135,6066,334224.598930,325309.043591,164853.280580,0,1.00,1,99d1c7fab316,1621,1
javascript,bytes,message,100,81,bebop,3.2.3,4441,3846,162,8287,225174.510245,260010.400416,120670.930373,0,1.00,1,99d1c7fab316,1622,2
javascript,bytes,message,100,81,simdjson-parse+JSON.stringify,0.9.2,1719,10074,168,11793,581733.566027,99265.435775,84796.065463,0,1.00,1,99d1c7fab316,1623,3
javascript,bytes,message,100,81,cbor-x,1.6.4,7809,6801,131,14610,128057.369702,147037.200412,68446.269678,0,1.00,1,99d1c7fab316,1624,4
javascript,bytes,message,100,81,protobufjs,7.6.5,6873,9016,52,15889,145496.871817,110913.930790,62936.622821,0,1.00,1,99d1c7fab316,1625,5
javascript,bytes,message,100,81,msgpackr,1.12.1,3206,8444,126,11650,311915.159077,118427.285647,85836.909871,0,1.00,1,99d1c7fab316,1626,6
javascript,bytes,message,100,81,JSON.stringify,node-24.15.0,1416,3221,168,4637,706214.689266,310462.589258,215656.674574,0,1.00,1,99d1c7fab316,1627,7
javascript,bytes,message,100,81,bser,2.1.1,12930,11660,153,24590,77339.520495,85763.293310,40666.937780,0,1.00,1,99d1c7fab316,1628,8
javascript,bytes,message,100,81,flatbuffers,24.12.23,12359,5852,104,18211,80912.695202,170881.749829,54911.866454,0,1.00,1,99d1c7fab316,1629,9
javascript,bytes,message,100,81,cbor,9.0.2,46875,35553,124,82428,21333.333333,28127.021630,12131.799874,0,1.00,1,99d1c7fab316,1630,10
javascript,bytes,message,100,81,sia,2.3.0,7835,5992,162,13827,127632.418634,166889.185581,72322.268026,0,1.00,1,99d1c7fab316,1631,11
javascript,bytes,message,100,81,google-protobuf,3.21.4,771,9340,52,10111,1297016.861219,107066.381156,98902.185738,0,1.00,1,99d1c7fab316,1632,12
javascript,bytes,message,100,81,@msgpack/msgpack,3.1.3,7647,7164,124,14811,130770.236694,139586.823004,67517.385727,0,1.00,1,99d1c7fab316,1633,13
javascript,bytes,message,100,81,avsc,5.7.9,8124,6425,44,14549,123092.072871,155642.023346,68733.246271,0,1.00,1,99d1c7fab316,1634,14
javascript,bytes,message,100,81,fast-json-stringify,6.4.0,3777,1354,168,5131,264760.391845,738552.437223,194893.782888,0,1.00,1,99d1c7fab316,1635,15
javascript,bytes,message,100,81,json-pack-msgpack,18.28.0,5912,5870,131,11782,169147.496617,170357.751278,84875.233407,0,1.00,1,99d1c7fab316,1636,16
javascript,bytes,message,100,81,protobuf-es,2.12.1,15842,14385,50,30227,63123.343012,69516.857838,33083.005260,0,1.00,1,99d1c7fab316,1637,17
javascript,bytes,message,100,81,devalue,5.8.1,22166,4811,186,26977,45114.138771,207856.994388,37068.614005,0,1.00,1,99d1c7fab316,1638,18
javascript,bytes,message,100,81,flexbuffers,24.12.23,41913,19424,199,61337,23858.945912,51482.701812,16303.373168,0,1.00,1,99d1c7fab316,1639,19
javascript,bytes,message,100,82,devalue,5.8.1,8277,4580,186,12857,120816.721034,218340.611354,77778.641985,0,1.00,1,99d1c7fab316,1640,0
javascript,bytes,message,100,82,json-pack-msgpack,18.28.0,5200,5077,131,10277,192307.692308,196966.712626,97304.660893,0,1.00,1,99d1c7fab316,1641,1
javascript,bytes,message,100,82,cbor-x,1.6.4,6354,6492,131,12846,157381.177211,154035.736291,77845.243656,0,1.00,1,99d1c7fab316,1642,2
javascript,bytes,message,100,82,bson,6.10.4,8616,5892,140,14508,116063.138347,169721.656483,68927.488282,0,1.00,1,99d1c7fab316,1643,3
javascript,bytes,message,100,82,sia,2.3.0,8876,4638,162,13514,112663.361875,215610.176800,73997.336096,0,1.00,1,99d1c7fab316,1644,4
javascript,bytes,message,100,82,@msgpack/msgpack,3.1.3,6571,5650,124,12221,152183.838076,176991.150442,81826.364455,0,1.00,1,99d1c7fab316,1645,5
javascript,bytes,message,100,82,flexbuffers,24.12.23,32135,16954,199,49089,31118.717909,58983.130825,20371.162582,0,1.00,1,99d1c7fab316,1646,6
javascript,bytes,message,100,82,google-protobuf,3.21.4,519,9357,52,9876,1926782.273603,106871.860639,101255.569056,0,1.00,1,99d1c7fab316,1647,7
javascript,bytes,message,100,82,fast-json-stringify,6.4.0,3296,2201,168,5497,303398.058252,454338.936847,181917.409496,0,1.00,1,99d1c7fab316,1648,8
javascript,bytes,message,100,82,protobufjs,7.6.5,5975,16771,52,22746,167364.016736,59626.736629,43963.773850,0,1.00,1,99d1c7fab316,1649,9
javascript,bytes,message,100,82,cbor,9.0.2,56260,34745,124,91005,17774.617846,28781.119586,10988.407230,0,1.00,1,99d1c7fab316,1650,10
javascript,bytes,message,100,82,JSON.stringify,node-24.15.0,2939,2216,168,5155,340251.786322,451263.537906,193986.420951,0,1.00,1,99d1c7fab316,1651,11
javascript,bytes,message,100,82,protobuf-es,2.12.1,16575,14283,50,30858,60331.825038,70013.302527,32406.507227,0,1.00,1,99d1c7fab316,1652,12
javascript,bytes,message,100,82,v8-serializer,v8-13.6.233.17-node.48,6051,4706,135,10757,165261.940175,212494.687633,92962.721948,0,1.00,1,99d1c7fab316,1653,13
javascript,bytes,message,100,82,bebop,3.2.3,4391,4003,162,8394,227738.556138,249812.640520,119132.713843,0,1.00,1,99d1c7fab316,1654,14
javascript,bytes,message,100,82,bser,2.1.1,19720,13459,153,33179,50709.939148,74299.725091,30139.546098,0,1.00,1,99d1c7fab316,1655,15
javascript,bytes,message,100,82,msgpackr,1.12.1,3749,7768,126,11517,266737.796746,128733.264676,86828.167057,0,1.00,1,99d1c7fab316,1656,16
javascript,bytes,message,100,82,avsc,5.7.9,7338,5078,44,12416,136276.914691,196927.924380,80541.237113,0,1.00,1,99d1c7fab316,1657,17
javascript,bytes,message,100,82,simdjson-parse+JSON.stringify,0.9.2,3772,10511,168,14283,265111.346766,95138.426410,70013.302527,0,1.00,1,99d1c7fab316,1658,18
javascript,bytes,message,100,82,flatbuffers,24.12.23,12307,5779,104,18086,81254.570570,173040.318394,55291.385602,0,1.00,1,99d1c7fab316,1659,19
javascript,bytes,message,100,83,cbor-x,1.6.4,6193,6642,131,12835,161472.630389,150557.061126,77911.959486,0,1.00,1,99d1c7fab316,1660,0
javascript,bytes,message,100,83,avsc,5.7.9,4693,3831,44,8524,213083.315576,261028.452101,117315.814172,0,1.00,1,99d1c7fab316,1661,1
javascript,bytes,message,100,83,json-pack-msgpack,18.28.0,5901,5559,131,11460,169462.802915,179888.469149,87260.034904,0,1.00,1,99d1c7fab316,1662,2
javascript,bytes,message,100,83,bser,2.1.1,10010,16904,153,26914,99900.099900,59157.595835,37155.383815,0,1.00,1,99d1c7fab316,1663,3
javascript,bytes,message,100,83,bebop,3.2.3,3994,4458,162,8452,250375.563345,224315.836698,118315.191671,0,1.00,1,99d1c7fab316,1664,4
javascript,bytes,message,100,83,sia,2.3.0,8196,5159,162,13355,122010.736945,193836.014732,74878.322726,0,1.00,1,99d1c7fab316,1665,5
javascript,bytes,message,100,83,fast-json-stringify,6.4.0,3324,1448,168,4772,300842.358604,690607.734807,209555.741827,0,1.00,1,99d1c7fab316,1666,6
javascript,bytes,message,100,83,JSON.stringify,node-24.15.0,1065,898,168,1963,938967.136150,1113585.746102,509424.350484,0,1.00,1,99d1c7fab316,1667,7
javascript,bytes,message,100,83,flexbuffers,24.12.23,39580,18672,199,58252,25265.285498,53556.126821,17166.792556,0,1.00,1,99d1c7fab316,1668,8
javascript,bytes,message,100,83,cbor,9.0.2,49787,36232,124,86019,20085.564505,27599.911680,11625.338588,0,1.00,1,99d1c7fab316,1669,9
javascript,bytes,message,100,83,google-protobuf,3.21.4,766,8618,52,9384,1305483.028721,116036.203295,106564.364876,0,1.00,1,99d1c7fab316,1670,10
javascript,bytes,message,100,83,flatbuffers,24.12.23,13820,5128,104,18948,72358.900145,195007.800312,52776.018577,0,1.00,1,99d1c7fab316,1671,11
javascript,bytes,message,100,83,devalue,5.8.1,12756,5178,186,17934,78394.481029,193124.758594,55760.008922,0,1.00,1,99d1c7fab316,1672,12
javascript,bytes,message,100,83,protobuf-es,2.12.1,14047,13183,50,27230,71189.577846,75855.268148,36724.201249,0,1.00,1,99d1c7fab316,1673,13
javascript,bytes,message,100,83,@msgpack/msgpack,3.1.3,8369,6442,124,14811,119488.588840,155231.294629,67517.385727,0,1.00,1,99d1c7fab316,1674,14
javascript,bytes,message,100,83,simdjson-parse+JSON.stringify,0.9.2,3067,10453,168,13520,326051.516140,95666.315890,73964.497041,0,1.00,1,99d1c7fab316,1675,15
javascript,bytes,message,100,83,msgpackr,1.12.1,3410,8813,126,12223,293255.131965,113468.739362,81812.975538,0,1.00,1,99d1c7fab316,1676,16
javascript,bytes,message,100,83,v8-serializer,v8-13.6.233.17-node.48,6036,4459,135,10495,165672.630881,224265.530388,95283.468318,0,1.00,1,99d1c7fab316,1677,17
javascript,bytes,message,100,83,bson,6.10.4,9209,5313,140,14522,108589.423390,188217.579522,68861.038424,0,1.00,1,99d1c7fab316,1678,18
javascript,bytes,message,100,83,protobufjs,7.6.5,7477,11607,52,19084,133743.480005,86154.906522,52399.916160,0,1.00,1,99d1c7fab316,1679,19
javascript,bytes,message,100,84,cbor-x,1.6.4,6135,6417,131,12552,162999.185004,155836.060464,79668.578713,0,1.00,1,99d1c7fab316,1680,0
javascript,bytes,message,100,84,devalue,5.8.1,9023,6262,186,15285,110827.884296,159693.388694,65423.617926,0,1.00,1,99d1c7fab316,1681,1
javascript,bytes,message,100,84,flexbuffers,24.12.23,39781,23220,199,63001,25137.628516,43066.322136,15872.763924,0,1.00,1,99d1c7fab316,1682,2
javascript,bytes,message,100,84,cbor,9.0.2,45167,101331,124,146498,22140.058007,9868.648291,6826.031755,0,1.00,1,99d1c7fab316,1683,3
javascript,bytes,message,100,84,simdjson-parse+JSON.stringify,0.9.2,3540,10929,168,14469,282485.875706,91499.679751,69113.276660,0,1.00,1,99d1c7fab316,1684,4
javascript,bytes,message,100,84,bebop,3.2.3,5219,5515,162,10734,191607.587660,181323.662738,93161.915409,0,1.00,1,99d1c7fab316,1685,5
javascript,bytes,message,100,84,msgpackr,1.12.1,3468,8205,126,11673,288350.634371,121876.904327,85667.780348,0,1.00,1,99d1c7fab316,1686,6
javascript,bytes,message,100,84,protobuf-es,2.12.1,14640,13107,50,27747,68306.010929,76295.109483,36039.932245,0,1.00,1,99d1c7fab316,1687,7
javascript,bytes,message,100,84,google-protobuf,3.21.4,614,8380,52,8994,1628664.495114,119331.742243,111185.234601,0,1.00,1,99d1c7fab316,1688,8
javascript,bytes,message,100,84,bson,6.10.4,9359,4983,140,14342,106849.022331,200682.319888,69725.282387,0,1.00,1,99d1c7fab316,1689,9
javascript,bytes,message,100,84,JSON.stringify,node-24.15.0,2233,3296,168,5529,447828.034035,303398.058252,180864.532465,0,1.00,1,99d1c7fab316,1690,10
javascript,bytes,message,100,84,fast-json-stringify,6.4.0,10579,1358,168,11937,94526.892901,736377.025037,83773.142331,0,1.00,1,99d1c7fab316,1691,11
javascript,bytes,message,100,84,avsc,5.7.9,8640,5470,44,14110,115740.740741,182815.356490,70871.722183,0,1.00,1,99d1c7fab316,1692,12
javascript,bytes,message,100,84,@msgpack/msgpack,3.1.3,7833,7181,124,15014,127665.007022,139256.370979,66604.502464,0,1.00,1,99d1c7fab316,1693,13
javascript,bytes,message,100,84,flatbuffers,24.12.23,12886,4529,104,17415,77603.600807,220799.293442,57421.762848,0,1.00,1,99d1c7fab316,1694,14
javascript,bytes,message,100,84,v8-serializer,v8-13.6.233.17-node.48,6005,5103,135,11108,166527.893422,195963.158926,90025.207058,0,1.00,1,99d1c7fab316,1695,15
javascript,bytes,message,100,84,protobufjs,7.6.5,7869,11335,52,19204,127080.950566,88222.320247,52072.484899,0,1.00,1,99d1c7fab316,1696,16
javascript,bytes,message,100,84,json-pack-msgpack,18.28.0,6222,5992,131,12214,160720.025715,166889.185581,81873.260193,0,1.00,1,99d1c7fab316,1697,17
javascript,bytes,message,100,84,bser,2.1.1,11714,12452,153,24166,85367.935803,80308.384195,41380.451875,0,1.00,1,99d1c7fab316,1698,18
javascript,bytes,message,100,84,sia,2.3.0,7812,6558,162,14370,128008.192524,152485.513876,69589.422408,0,1.00,1,99d1c7fab316,1699,19
javascript,bytes,message,100,85,bser,2.1.1,8565,9139,153,17704,116754.232341,109421.162053,56484.410303,0,1.00,1,99d1c7fab316,1700,0
javascript,bytes,message,100,85,@msgpack/msgpack,3.1.3,6110,5829,124,11939,163666.121113,171556.013038,83759.108803,0,1.00,1,99d1c7fab316,1701,1
javascript,bytes,message,100,85,cbor,9.0.2,44881,46152,124,91033,22281.143468,21667.533368,10985.027408,0,1.00,1,99d1c7fab316,1702,2
javascript,bytes,message,100,85,json-pack-msgpack,18.28.0,5503,5189,131,10692,181719.062330,192715.359414,93527.871306,0,1.00,1,99d1c7fab316,1703,3
javascript,bytes,message,100,85,fast-json-stringify,6.4.0,3376,4418,168,7794,296208.530806,226346.763241,128303.823454,0,1.00,1,99d1c7fab316,1704,4
javascript,bytes,message,100,85,simdjson-parse+JSON.stringify,0.9.2,2437,19715,168,22152,410340.582684,50722.799899,45142.650776,0,1.00,1,99d1c7fab316,1705,5
javascript,bytes,message,100,85,flexbuffers,24.12.23,49106,37665,199,86771,20364.110292,26549.847338,11524.587708,0,1.00,1,99d1c7fab316,1706,6
javascript,bytes,message,100,85,avsc,5.7.9,8430,6922,44,15352,118623.962040,144466.917076,65138.092757,0,1.00,1,99d1c7fab316,1707,7
javascript,bytes,message,100,85,v8-serializer,v8-13.6.233.17-node.48,5183,4597,135,9780,192938.452634,217533.173809,102249.488753,0,1.00,1,99d1c7fab316,1708,8
javascript,bytes,message,100,85,msgpackr,1.12.1,3734,7846,126,11580,267809.319764,127453.479480,86355.785838,0,1.00,1,99d1c7fab316,1709,9
javascript,bytes,message,100,85,flatbuffers,24.12.23,11705,5019,104,16724,85433.575395,199242.877067,59794.307582,0,1.00,1,99d1c7fab316,1710,10
javascript,bytes,message,100,85,protobuf-es,2.12.1,26779,13569,50,40348,37342.693902,73697.398482,24784.375929,0,1.00,1,99d1c7fab316,1711,11
javascript,bytes,message,100,85,bson,6.10.4,15248,5405,140,20653,65582.371459,185013.876041,48419.115867,0,1.00,1,99d1c7fab316,1712,12
javascript,bytes,message,100,85,protobufjs,7.6.5,11709,12369,52,24078,85404.389786,80847.279489,41531.688678,0,1.00,1,99d1c7fab316,1713,13
javascript,bytes,message,100,85,google-protobuf,3.21.4,896,8162,52,9058,1116071.428571,122518.990444,110399.646721,0,1.00,1,99d1c7fab316,1714,14
javascript,bytes,message,100,85,bebop,3.2.3,4703,5561,162,10264,212630.236020,179823.772703,97427.903352,0,1.00,1,99d1c7fab316,1715,15
javascript,bytes,message,100,85,devalue,5.8.1,13413,5891,186,19304,74554.536644,169750.466814,51802.735184,0,1.00,1,99d1c7fab316,1716,16
javascript,bytes,message,100,85,sia,2.3.0,9298,6367,162,15665,107550.010755,157059.839799,63836.578359,0,1.00,1,99d1c7fab316,1717,17
javascript,bytes,message,100,85,JSON.stringify,node-24.15.0,2833,1933,168,4766,352982.703848,517330.574237,209819.555183,0,1.00,1,99d1c7fab316,1718,18
javascript,bytes,message,100,85,cbor-x,1.6.4,7020,6854,131,13874,142450.142450,145900.204260,72077.266830,0,1.00,1,99d1c7fab316,1719,19
javascript,bytes,message,100,86,cbor-x,1.6.4,4492,3710,131,8202,222617.987533,269541.778976,121921.482565,0,1.00,1,99d1c7fab316,1720,0
javascript,bytes,message,100,86,cbor,9.0.2,54987,39806,124,94793,18186.116718,25121.840929,10549.302164,0,1.00,1,99d1c7fab316,1721,1
javascript,bytes,message,100,86,protobufjs,7.6.5,5952,11480,52,17432,168010.752688,87108.013937,57365.764112,0,1.00,1,99d1c7fab316,1722,2
javascript,bytes,message,100,86,bson,6.10.4,8423,4880,140,13303,118722.545411,204918.032787,75171.014057,0,1.00,1,99d1c7fab316,1723,3
javascript,bytes,message,100,86,bebop,3.2.3,25874,5245,162,31119,38648.836670,190657.769304,32134.708699,0,1.00,1,99d1c7fab316,1724,4
javascript,bytes,message,100,86,protobuf-es,2.12.1,15780,12813,50,28593,63371.356147,78045.734801,34973.594936,0,1.00,1,99d1c7fab316,1725,5
javascript,bytes,message,100,86,v8-serializer,v8-13.6.233.17-node.48,22085,5453,135,27538,45279.601540,183385.292500,36313.457767,0,1.00,1,99d1c7fab316,1726,6
javascript,bytes,message,100,86,msgpackr,1.12.1,3714,8513,126,12227,269251.480883,117467.402796,81786.210845,0,1.00,1,99d1c7fab316,1727,7
javascript,bytes,message,100,86,simdjson-parse+JSON.stringify,0.9.2,3747,13322,168,17069,266880.170803,75063.804234,58585.740231,0,1.00,1,99d1c7fab316,1728,8
javascript,bytes,message,100,86,JSON.stringify,node-24.15.0,1305,2902,168,4207,766283.524904,344589.937974,237699.072974,0,1.00,1,99d1c7fab316,1729,9
javascript,bytes,message,100,86,devalue,5.8.1,10519,5175,186,15694,95066.070919,193236.714976,63718.618580,0,1.00,1,99d1c7fab316,1730,10
javascript,bytes,message,100,86,sia,2.3.0,9831,5122,162,14953,101719.051978,195236.235845,66876.212131,0,1.00,1,99d1c7fab316,1731,11
javascript,bytes,message,100,86,@msgpack/msgpack,3.1.3,8029,6503,124,14532,124548.511645,153775.180686,68813.652629,0,1.00,1,99d1c7fab316,1732,12
javascript,bytes,message,100,86,google-protobuf,3.21.4,795,8367,52,9162,1257861.635220,119517.150711,109146.474569,0,1.00,1,99d1c7fab316,1733,13
javascript,bytes,message,100,86,bser,2.1.1,13846,12004,153,25850,72223.024700,83305.564812,38684.719536,0,1.00,1,99d1c7fab316,1734,14
javascript,bytes,message,100,86,fast-json-stringify,6.4.0,4461,1626,168,6087,224164.985429,615006.150062,164284.540825,0,1.00,1,99d1c7fab316,1735,15
javascript,bytes,message,100,86,flexbuffers,24.12.23,38828,29187,199,68015,25754.610075,34261.828896,14702.639124,0,1.00,1,99d1c7fab316,1736,16
javascript,bytes,message,100,86,avsc,5.7.9,7546,5428,44,12974,132520.540684,184229.918939,77077.231386,0,1.00,1,99d1c7fab316,1737,17
javascript,bytes,message,100,86,flatbuffers,24.12.23,11104,4655,104,15759,90057.636888,214822.771214,63455.803033,0,1.00,1,99d1c7fab316,1738,18
javascript,bytes,message,100,86,json-pack-msgpack,18.28.0,6694,6344,131,13038,149387.511204,157629.255990,76698.880196,0,1.00,1,99d1c7fab316,1739,19
javascript,bytes,message,100,87,bser,2.1.1,10821,10696,153,21517,92412.900841,93492.894540,46474.880327,0,1.00,1,99d1c7fab316,1740,0
javascript,bytes,message,100,87,msgpackr,1.12.1,3441,6487,126,9928,290613.193839,154154.462772,100725.221595,0,1.00,1,99d1c7fab316,1741,1
javascript,bytes,message,100,87,@msgpack/msgpack,3.1.3,6579,6745,124,13324,151998.784010,148257.968866,75052.536776,0,1.00,1,99d1c7fab316,1742,2
javascript,bytes,message,100,87,flatbuffers,24.12.23,8199,4636,104,12835,121966.093426,215703.192407,77911.959486,0,1.00,1,99d1c7fab316,1743,3
javascript,bytes,message,100,87,fast-json-stringify,6.4.0,4268,2944,168,7212,234301.780694,339673.913043,138657.792568,0,1.00,1,99d1c7fab316,1744,4
javascript,bytes,message,100,87,flexbuffers,24.12.23,33931,17823,199,51754,29471.574666,56107.277114,19322.177996,0,1.00,1,99d1c7fab316,1745,5
javascript,bytes,message,100,87,protobufjs,7.6.5,7199,10608,52,17807,138908.181692,94268.476621,56157.690796,0,1.00,1,99d1c7fab316,1746,6
javascript,bytes,message,100,87,protobuf-es,2.12.1,23076,12432,50,35508,43335.066736,80437.580438,28162.667568,0,1.00,1,99d1c7fab316,1747,7
javascript,bytes,message,100,87,bson,6.10.4,18950,4165,140,23115,52770.448549,240096.038415,43261.951114,0,1.00,1,99d1c7fab316,1748,8
javascript,bytes,message,100,87,v8-serializer,v8-13.6.233.17-node.48,5637,5589,135,11226,177399.325883,178922.884237,89078.923927,0,1.00,1,99d1c7fab316,1749,9
javascript,bytes,message,100,87,simdjson-parse+JSON.stringify,0.9.2,4227,10104,168,14331,236574.402650,98970.704671,69778.801200,0,1.00,1,99d1c7fab316,1750,10
javascript,bytes,message,100,87,json-pack-msgpack,18.28.0,6267,5911,131,12178,159565.980533,169176.112333,82115.289867,0,1.00,1,99d1c7fab316,1751,11
javascript,bytes,message,100,87,bebop,3.2.3,4249,4092,162,8341,235349.493999,244379.276637,119889.701475,0,1.00,1,99d1c7fab316,1752,12
javascript,bytes,message,100,87,sia,2.3.0,10745,5090,162,15835,93066.542578,196463.654224,63151.247237,0,1.00,1,99d1c7fab316,1753,13
javascript,bytes,message,100,87,avsc,5.7.9,7656,5137,44,12793,130616.509927,194666.147557,78167.747987,0,1.00,1,99d1c7fab316,1754,14
javascript,bytes,message,100,87,cbor,9.0.2,54869,44776,124,99645,18225.227360,22333.392889,10035.626474,0,1.00,1,99d1c7fab316,1755,15
javascript,bytes,message,100,87,JSON.stringify,node-24.15.0,1781,1903,168,3684,561482.313307,525486.074619,271444.082519,0,1.00,1,99d1c7fab316,1756,16
javascript,bytes,message,100,87,google-protobuf,3.21.4,684,8428,52,9112,1461988.304094,118652.112008,109745.390694,0,1.00,1,99d1c7fab316,1757,17
javascript,bytes,message,100,87,cbor-x,1.6.4,7398,6533,131,13931,135171.668018,153069.034134,71782.355897,0,1.00,1,99d1c7fab316,1758,18
javascript,bytes,message,100,87,devalue,5.8.1,11844,4380,186,16224,84430.935495,228310.502283,61637.080868,0,1.00,1,99d1c7fab316,1759,19
javascript,bytes,message,100,88,bser,2.1.1,12847,14754,153,27601,77839.184245,67778.229633,36230.571356,0,1.00,1,99d1c7fab316,1760,0
javascript,bytes,message,100,88,@msgpack/msgpack,3.1.3,7429,7199,124,14628,134607.618791,138908.181692,68362.045392,0,1.00,1,99d1c7fab316,1761,1
javascript,bytes,message,100,88,json-pack-msgpack,18.28.0,5602,7242,131,12844,178507.675830,138083.402375,77857.365307,0,1.00,1,99d1c7fab316,1762,2
javascript,bytes,message,100,88,devalue,5.8.1,7439,4370,186,11809,134426.670251,228832.951945,84681.175375,0,1.00,1,99d1c7fab316,1763,3
javascript,bytes,message,100,88,JSON.stringify,node-24.15.0,1659,1237,168,2896,602772.754671,808407.437348,345303.867403,0,1.00,1,99d1c7fab316,1764,4
javascript,bytes,message,100,88,simdjson-parse+JSON.stringify,0.9.2,1054,10101,168,11155,948766.603416,99000.099000,89645.898700,0,1.00,1,99d1c7fab316,1765,5
javascript,bytes,message,100,88,cbor-x,1.6.4,4642,5203,131,9845,215424.386040,192196.809533,101574.403250,0,1.00,1,99d1c7fab316,1766,6
javascript,bytes,message,100,88,sia,2.3.0,8474,5950,162,14424,118008.024546,168067.226891,69328.896284,0,1.00,1,99d1c7fab316,1767,7
javascript,bytes,message,100,88,fast-json-stringify,6.4.0,8851,2344,168,11195,112981.584002,426621.160410,89325.591782,0,1.00,1,99d1c7fab316,1768,8
javascript,bytes,message,100,88,bebop,3.2.3,3906,4863,162,8769,256016.385049,205634.382069,114038.088722,0,1.00,1,99d1c7fab316,1769,9
javascript,bytes,message,100,88,protobufjs,7.6.5,7100,10857,52,17957,140845.070423,92106.475085,55688.589408,0,1.00,1,99d1c7fab316,1770,10
javascript,bytes,message,100,88,v8-serializer,v8-13.6.233.17-node.48,5463,4653,135,10116,183049.606443,214915.108532,98853.301700,0,1.00,1,99d1c7fab316,1771,11
javascript,bytes,message,100,88,protobuf-es,2.12.1,13982,14057,50,28039,71520.526391,71138.934339,35664.610007,0,1.00,1,99d1c7fab316,1772,12
javascript,bytes,message,100,88,flatbuffers,24.12.23,11730,4161,104,15891,85251.491901,240326.844509,62928.701781,0,1.00,1,99d1c7fab316,1773,13
javascript,bytes,message,100,88,flexbuffers,24.12.23,49334,17617,199,66951,20269.996351,56763.353579,14936.296695,0,1.00,1,99d1c7fab316,1774,14
javascript,bytes,message,100,88,msgpackr,1.12.1,3475,8498,126,11973,287769.784173,117674.746999,83521.256160,0,1.00,1,99d1c7fab316,1775,15
javascript,bytes,message,100,88,avsc,5.7.9,9793,5280,44,15073,102113.754723,189393.939394,66343.793538,0,1.00,1,99d1c7fab316,1776,16
javascript,bytes,message,100,88,google-protobuf,3.21.4,572,8290,52,8862,1748251.748252,120627.261761,112841.345069,0,1.00,1,99d1c7fab316,1777,17
javascript,bytes,message,100,88,bson,6.10.4,8664,6918,140,15582,115420.129271,144550.448106,64176.614042,0,1.00,1,99d1c7fab316,1778,18
javascript,bytes,message,100,88,cbor,9.0.2,50242,51277,124,101519,19903.666255,19501.920939,9850.372837,0,1.00,1,99d1c7fab316,1779,19
javascript,bytes,message,100,89,protobufjs,7.6.5,7339,11124,52,18463,136258.345824,89895.720964,54162.378812,0,1.00,1,99d1c7fab316,1780,0
javascript,bytes,message,100,89,protobuf-es,2.12.1,13899,13839,50,27738,71947.622131,72259.556326,36051.625928,0,1.00,1,99d1c7fab316,1781,1
javascript,bytes,message,100,89,devalue,5.8.1,13969,6441,186,20410,71587.085690,155255.395125,48995.590397,0,1.00,1,99d1c7fab316,1782,2
javascript,bytes,message,100,89,@msgpack/msgpack,3.1.3,8342,6534,124,14876,119875.329657,153045.607591,67222.371605,0,1.00,1,99d1c7fab316,1783,3
javascript,bytes,message,100,89,cbor,9.0.2,40789,31205,124,71994,24516.413739,32046.146451,13890.046393,0,1.00,1,99d1c7fab316,1784,4
javascript,bytes,message,100,89,flatbuffers,24.12.23,14976,5246,104,20222,66773.504274,190621.425848,49451.092869,0,1.00,1,99d1c7fab316,1785,5
javascript,bytes,message,100,89,v8-serializer,v8-13.6.233.17-node.48,6143,4775,135,10918,162786.911932,209424.083770,91591.866642,0,1.00,1,99d1c7fab316,1786,6
javascript,bytes,message,100,89,cbor-x,1.6.4,6074,7949,131,14023,164636.154099,125801.987671,71311.416958,0,1.00,1,99d1c7fab316,1787,7
javascript,bytes,message,100,89,bson,6.10.4,21002,6521,140,27523,47614.512904,153350.713081,36333.248556,0,1.00,1,99d1c7fab316,1788,8
javascript,bytes,message,100,89,bebop,3.2.3,5994,3948,162,9942,166833.500167,253292.806484,100583.383625,0,1.00,1,99d1c7fab316,1789,9
javascript,bytes,message,100,89,JSON.stringify,node-24.15.0,3308,3020,168,6328,302297.460701,331125.827815,158027.812895,0,1.00,1,99d1c7fab316,1790,10
javascript,bytes,message,100,89,json-pack-msgpack,18.28.0,7155,6215,131,13370,139762.403913,160901.045857,74794.315632,0,1.00,1,99d1c7fab316,1791,11
javascript,bytes,message,100,89,flexbuffers,24.12.23,41422,19356,199,60778,24141.760417,51663.566853,16453.321926,0,1.00,1,99d1c7fab316,1792,12
javascript,bytes,message,100,89,sia,2.3.0,8883,6206,162,15089,112574.580660,161134.386078,66273.444231,0,1.00,1,99d1c7fab316,1793,13
javascript,bytes,message,100,89,avsc,5.7.9,8354,5214,44,13568,119703.136222,191791.331032,73702.830189,0,1.00,1,99d1c7fab316,1794,14
javascript,bytes,message,100,89,fast-json-stringify,6.4.0,3771,1364,168,5135,265181.649430,733137.829912,194741.966894,0,1.00,1,99d1c7fab316,1795,15
javascript,bytes,message,100,89,simdjson-parse+JSON.stringify,0.9.2,1126,10442,168,11568,888099.467140,95767.094426,86445.366528,0,1.00,1,99d1c7fab316,1796,16
javascript,bytes,message,100,89,google-protobuf,3.21.4,532,9420,52,9952,1879699.248120,106157.112527,100482.315113,0,1.00,1,99d1c7fab316,1797,17
javascript,bytes,message,100,89,msgpackr,1.12.1,3450,8659,126,12109,289855.072464,115486.776764,82583.202577,0,1.00,1,99d1c7fab316,1798,18
javascript,bytes,message,100,89,bser,2.1.1,11487,11995,153,23482,87054.931662,83368.070029,42585.810408,0,1.00,1,99d1c7fab316,1799,19
javascript,bytes,message,100,90,protobufjs,7.6.5,6822,10939,52,17761,146584.579302,91416.034372,56303.136085,0,1.00,1,99d1c7fab316,1800,0
javascript,bytes,message,100,90,avsc,5.7.9,6907,4138,44,11045,144780.657304,241662.638956,90538.705297,0,1.00,1,99d1c7fab316,1801,1
javascript,bytes,message,100,90,v8-serializer,v8-13.6.233.17-node.48,4278,4927,135,9205,233754.090697,202963.263649,108636.610538,0,1.00,1,99d1c7fab316,1802,2
javascript,bytes,message,100,90,google-protobuf,3.21.4,470,6174,52,6644,2127659.574468,161969.549725,150511.739916,0,1.00,1,99d1c7fab316,1803,3
javascript,bytes,message,100,90,JSON.stringify,node-24.15.0,1294,1282,168,2576,772797.527048,780031.201248,388198.757764,0,1.00,1,99d1c7fab316,1804,4
javascript,bytes,message,100,90,msgpackr,1.12.1,2620,6895,126,9515,381679.389313,145032.632342,105097.214924,0,1.00,1,99d1c7fab316,1805,5
javascript,bytes,message,100,90,flatbuffers,24.12.23,13851,4545,104,18396,72196.953289,220022.002200,54359.643401,0,1.00,1,99d1c7fab316,1806,6
javascript,bytes,message,100,90,flexbuffers,24.12.23,35210,16886,199,52096,28401.022437,59220.656165,19195.331695,0,1.00,1,99d1c7fab316,1807,7
javascript,bytes,message,100,90,cbor-x,1.6.4,5925,11643,131,17568,168776.371308,85888.516705,56921.675774,0,1.00,1,99d1c7fab316,1808,8
javascript,bytes,message,100,90,bser,2.1.1,21022,16928,153,37950,47569.213205,59073.724008,26350.461133,0,1.00,1,99d1c7fab316,1809,9
javascript,bytes,message,100,90,simdjson-parse+JSON.stringify,0.9.2,4661,23773,168,28434,214546.234714,42064.526984,35169.163677,0,1.00,1,99d1c7fab316,1810,10
javascript,bytes,message,100,90,sia,2.3.0,24801,7294,162,32095,40320.954800,137098.985468,31157.501168,0,1.00,1,99d1c7fab316,1811,11
javascript,bytes,message,100,90,cbor,9.0.2,54867,35013,124,89880,18225.891702,28560.820267,11125.945705,0,1.00,1,99d1c7fab316,1812,12
javascript,bytes,message,100,90,devalue,5.8.1,12069,6831,186,18900,82856.906123,146391.450739,52910.052910,0,1.00,1,99d1c7fab316,1813,13
javascript,bytes,message,100,90,json-pack-msgpack,18.28.0,47655,8134,131,55789,20984.156961,122940.742562,17924.680493,0,1.00,1,99d1c7fab316,1814,14
javascript,bytes,message,100,90,fast-json-stringify,6.4.0,3888,2901,168,6789,257201.646091,344708.721131,147297.098247,0,1.00,1,99d1c7fab316,1815,15
javascript,bytes,message,100,90,protobuf-es,2.12.1,122776,21699,50,144475,8144.914316,46085.073045,6921.612736,0,1.00,1,99d1c7fab316,1816,16
javascript,bytes,message,100,90,bebop,3.2.3,16795,6397,162,23192,59541.530217,156323.276536,43118.316661,0,1.00,1,99d1c7fab316,1817,17
javascript,bytes,message,100,90,bson,6.10.4,10626,4726,140,15352,94108.789761,211595.429539,65138.092757,0,1.00,1,99d1c7fab316,1818,18
javascript,bytes,message,100,90,@msgpack/msgpack,3.1.3,13521,8014,124,21535,73959.026699,124781.632144,46436.034363,0,1.00,1,99d1c7fab316,1819,19
javascript,bytes,message,100,91,google-protobuf,3.21.4,694,8312,52,9006,1440922.190202,120307.988450,111037.086387,0,1.00,1,99d1c7fab316,1820,0
javascript,bytes,message,100,91,msgpackr,1.12.1,3959,7633,126,11592,252589.037636,131010.087777,86266.390614,0,1.00,1,99d1c7fab316,1821,1
javascript,bytes,message,100,91,JSON.stringify,node-24.15.0,3959,4416,168,8375,252589.037636,226449.275362,119402.985075,0,1.00,1,99d1c7fab316,1822,2
javascript,bytes,message,100,91,flexbuffers,24.12.23,334461,18801,199,353262,2989.885218,53188.660178,2830.760172,0,1.00,1,99d1c7fab316,1823,3
javascript,bytes,message,100,91,json-pack-msgpack,18.28.0,6406,6747,131,13153,156103.652825,148214.021046,76028.282521,0,1.00,1,99d1c7fab316,1824,4
javascript,bytes,message,100,91,protobuf-es,2.12.1,12820,11041,50,23861,78003.120125,90571.506204,41909.391895,0,1.00,1,99d1c7fab316,1825,5
javascript,bytes,message,100,91,cbor-x,1.6.4,7621,6942,131,14563,131216.375804,144050.705848,68667.170226,0,1.00,1,99d1c7fab316,1826,6
javascript,bytes,message,100,91,bson,6.10.4,8012,3811,140,11823,124812.780829,262398.320651,84580.901632,0,1.00,1,99d1c7fab316,1827,7
javascript,bytes,message,100,91,protobufjs,7.6.5,7462,13439,52,20901,134012.329134,74410.298385,47844.600737,0,1.00,1,99d1c7fab316,1828,8
javascript,bytes,message,100,91,sia,2.3.0,9184,5257,162,14441,108885.017422,190222.560396,69247.282044,0,1.00,1,99d1c7fab316,1829,9
javascript,bytes,message,100,91,@msgpack/msgpack,3.1.3,6500,6035,124,12535,153846.153846,165700.082850,79776.625449,0,1.00,1,99d1c7fab316,1830,10
javascript,bytes,message,100,91,v8-serializer,v8-13.6.233.17-node.48,6310,6462,135,12772,158478.605388,154750.851130,78296.273097,0,1.00,1,99d1c7fab316,1831,11
javascript,bytes,message,100,91,devalue,5.8.1,11655,6035,186,17690,85800.085800,165700.082850,56529.112493,0,1.00,1,99d1c7fab316,1832,12
javascript,bytes,message,100,91,bser,2.1.1,10945,24772,153,35717,91365.920512,40368.157597,27997.872162,0,1.00,1,99d1c7fab316,1833,13
javascript,bytes,message,100,91,bebop,3.2.3,4284,4081,162,8365,233426.704015,245037.980887,119545.726240,0,1.00,1,99d1c7fab316,1834,14
javascript,bytes,message,100,91,simdjson-parse+JSON.stringify,0.9.2,5614,18257,168,23871,178126.113288,54773.511530,41891.835281,0,1.00,1,99d1c7fab316,1835,15
javascript,bytes,message,100,91,fast-json-stringify,6.4.0,3611,2234,168,5845,276931.597895,447627.573859,171086.398631,0,1.00,1,99d1c7fab316,1836,16
javascript,bytes,message,100,91,flatbuffers,24.12.23,15125,5094,104,20219,66115.702479,196309.383589,49458.430189,0,1.00,1,99d1c7fab316,1837,17
javascript,bytes,message,100,91,avsc,5.7.9,7220,5163,44,12383,138504.155125,193685.841565,80755.874990,0,1.00,1,99d1c7fab316,1838,18
javascript,bytes,message,100,91,cbor,9.0.2,52163,34143,124,86306,19170.676533,29288.580383,11586.679953,0,1.00,1,99d1c7fab316,1839,19
javascript,bytes,message,100,92,fast-json-stringify,6.4.0,2847,1955,168,4802,351246.926589,511508.951407,208246.563932,0,1.00,1,99d1c7fab316,1840,0
javascript,bytes,message,100,92,bson,6.10.4,13607,4032,140,17639,73491.585213,248015.873016,56692.556267,0,1.00,1,99d1c7fab316,1841,1
javascript,bytes,message,100,92,google-protobuf,3.21.4,762,7540,52,8302,1312335.958005,132625.994695,120452.902915,0,1.00,1,99d1c7fab316,1842,2
javascript,bytes,message,100,92,avsc,5.7.9,6621,5013,44,11634,151034.586920,199481.348494,85954.959601,0,1.00,1,99d1c7fab316,1843,3
javascript,bytes,message,100,92,protobufjs,7.6.5,5992,10967,52,16959,166889.185581,91182.638826,58965.740905,0,1.00,1,99d1c7fab316,1844,4
javascript,bytes,message,100,92,cbor,9.0.2,37011,27584,124,64595,27018.994353,36252.900232,15481.074387,0,1.00,1,99d1c7fab316,1845,5
javascript,bytes,message,100,92,sia,2.3.0,9288,5191,162,14479,107665.805340,192641.109613,69065.543200,0,1.00,1,99d1c7fab316,1846,6
javascript,bytes,message,100,92,cbor-x,1.6.4,18019,6794,131,24813,55496.975415,147188.695908,40301.454883,0,1.00,1,99d1c7fab316,1847,7
javascript,bytes,message,100,92,flexbuffers,24.12.23,335962,15782,199,351744,2976.527107,63363.325307,2842.976710,0,1.00,1,99d1c7fab316,1848,8
javascript,bytes,message,100,92,bebop,3.2.3,4727,3920,162,8647,211550.666385,255102.040816,115647.045218,0,1.00,1,99d1c7fab316,1849,9
javascript,bytes,message,100,92,simdjson-parse+JSON.stringify,0.9.2,4406,10302,168,14708,226963.231956,97068.530382,67990.209410,0,1.00,1,99d1c7fab316,1850,10
javascript,bytes,message,100,92,json-pack-msgpack,18.28.0,5888,6106,131,11994,169836.956522,163773.337701,83375.020844,0,1.00,1,99d1c7fab316,1851,11
javascript,bytes,message,100,92,flatbuffers,24.12.23,12248,4920,104,17168,81645.983018,203252.032520,58247.903075,0,1.00,1,99d1c7fab316,1852,12
javascript,bytes,message,100,92,protobuf-es,2.12.1,12128,11456,50,23584,82453.825858,87290.502793,42401.628223,0,1.00,1,99d1c7fab316,1853,13
javascript,bytes,message,100,92,JSON.stringify,node-24.15.0,1918,3841,168,5759,521376.433785,260348.867482,173641.257163,0,1.00,1,99d1c7fab316,1854,14
javascript,bytes,message,100,92,bser,2.1.1,9877,9746,153,19623,101245.317404,102606.197414,50960.607450,0,1.00,1,99d1c7fab316,1855,15
javascript,bytes,message,100,92,v8-serializer,v8-13.6.233.17-node.48,5903,4899,135,10802,169405.387091,204123.290467,92575.448991,0,1.00,1,99d1c7fab316,1856,16
javascript,bytes,message,100,92,devalue,5.8.1,10159,4477,186,14636,98434.885323,223363.859727,68324.678874,0,1.00,1,99d1c7fab316,1857,17
javascript,bytes,message,100,92,msgpackr,1.12.1,3367,7391,126,10758,297000.297000,135299.688811,92954.080684,0,1.00,1,99d1c7fab316,1858,18
javascript,bytes,message,100,92,@msgpack/msgpack,3.1.3,6851,6174,124,13025,145964.092833,161969.549725,76775.431862,0,1.00,1,99d1c7fab316,1859,19
javascript,bytes,message,100,93,google-protobuf,3.21.4,602,6809,52,7411,1661129.568106,146864.444118,134934.556740,0,1.00,1,99d1c7fab316,1860,0
javascript,bytes,message,100,93,devalue,5.8.1,5822,2932,186,8754,171762.281003,341064.120055,114233.493260,0,1.00,1,99d1c7fab316,1861,1
javascript,bytes,message,100,93,simdjson-parse+JSON.stringify,0.9.2,1643,8364,168,10007,608642.726719,119560.019130,99930.048966,0,1.00,1,99d1c7fab316,1862,2
javascript,bytes,message,100,93,msgpackr,1.12.1,2405,4901,126,7306,415800.415800,204039.991838,136873.802354,0,1.00,1,99d1c7fab316,1863,3
javascript,bytes,message,100,93,avsc,5.7.9,6093,4888,44,10981,164122.763827,204582.651391,91066.387396,0,1.00,1,99d1c7fab316,1864,4
javascript,bytes,message,100,93,fast-json-stringify,6.4.0,2879,1052,168,3931,347342.827371,950570.342205,254388.196388,0,1.00,1,99d1c7fab316,1865,5
javascript,bytes,message,100,93,v8-serializer,v8-13.6.233.17-node.48,3565,3451,135,7016,280504.908836,289771.080846,142531.356899,0,1.00,1,99d1c7fab316,1866,6
javascript,bytes,message,100,93,flexbuffers,24.12.23,381708,15128,199,396836,2619.803620,66102.591222,2519.932667,0,1.00,1,99d1c7fab316,1867,7
javascript,bytes,message,100,93,cbor,9.0.2,45600,29879,124,75479,21929.824561,33468.322233,13248.718187,0,1.00,1,99d1c7fab316,1868,8
javascript,bytes,message,100,93,bebop,3.2.3,4516,14424,162,18940,221434.898140,69328.896284,52798.310454,0,1.00,1,99d1c7fab316,1869,9
javascript,bytes,message,100,93,bson,6.10.4,8378,3788,140,12166,119360.229172,263991.552270,82196.284728,0,1.00,1,99d1c7fab316,1870,10
javascript,bytes,message,100,93,protobufjs,7.6.5,5999,11488,52,17487,166694.449075,87047.353760,57185.337679,0,1.00,1,99d1c7fab316,1871,11
javascript,bytes,message,100,93,@msgpack/msgpack,3.1.3,7111,5675,124,12786,140627.197300,176211.453744,78210.542781,0,1.00,1,99d1c7fab316,1872,12
javascript,bytes,message,100,93,cbor-x,1.6.4,6035,15339,131,21374,165700.082850,65193.298129,46785.814541,0,1.00,1,99d1c7fab316,1873,13
javascript,bytes,message,100,93,JSON.stringify,node-24.15.0,2986,3186,168,6172,334896.182184,313873.195229,162022.034997,0,1.00,1,99d1c7fab316,1874,14
javascript,bytes,message,100,93,protobuf-es,2.12.1,12687,11674,50,24361,78820.840230,85660.442008,41049.218012,0,1.00,1,99d1c7fab316,1875,15
javascript,bytes,message,100,93,flatbuffers,24.12.23,12578,4511,104,17089,79503.895691,221680.336954,58517.174791,0,1.00,1,99d1c7fab316,1876,16
javascript,bytes,message,100,93,sia,2.3.0,7655,4912,162,12567,130633.572828,203583.061889,79573.486114,0,1.00,1,99d1c7fab316,1877,17
javascript,bytes,message,100,93,json-pack-msgpack,18.28.0,5226,5941,131,11167,191350.937620,168321.831342,89549.565685,0,1.00,1,99d1c7fab316,1878,18
javascript,bytes,message,100,93,bser,2.1.1,9744,9848,153,19592,102627.257800,101543.460601,51041.241323,0,1.00,1,99d1c7fab316,1879,19
javascript,bytes,message,100,94,msgpackr,1.12.1,3162,6553,126,9715,316255.534472,152601.861743,102933.607823,0,1.00,1,99d1c7fab316,1880,0
javascript,bytes,message,100,94,v8-serializer,v8-13.6.233.17-node.48,4204,4783,135,8987,237868.696480,209073.803052,111271.837098,0,1.00,1,99d1c7fab316,1881,1
javascript,bytes,message,100,94,bson,6.10.4,7204,3509,140,10713,138811.771238,284981.476204,93344.534677,0,1.00,1,99d1c7fab316,1882,2
javascript,bytes,message,100,94,protobufjs,7.6.5,5242,10022,52,15264,190766.882869,99780.482938,65513.626834,0,1.00,1,99d1c7fab316,1883,3
javascript,bytes,message,100,94,avsc,5.7.9,8023,4942,44,12965,124641.655241,202347.227843,77130.736599,0,1.00,1,99d1c7fab316,1884,4
javascript,bytes,message,100,94,fast-json-stringify,6.4.0,3255,1191,168,4446,307219.662058,839630.562552,224921.277553,0,1.00,1,99d1c7fab316,1885,5
javascript,bytes,message,100,94,protobuf-es,2.12.1,10085,9926,50,20011,99157.164105,100745.516825,49972.515117,0,1.00,1,99d1c7fab316,1886,6
javascript,bytes,message,100,94,bebop,3.2.3,4004,3349,162,7353,249750.249750,298596.595999,135998.912009,0,1.00,1,99d1c7fab316,1887,7
javascript,bytes,message,100,94,flexbuffers,24.12.23,319426,15286,199,334712,3130.615542,65419.337956,2987.643108,0,1.00,1,99d1c7fab316,1888,8
javascript,bytes,message,100,94,JSON.stringify,node-24.15.0,2202,2079,168,4281,454132.606721,481000.481000,233590.282644,0,1.00,1,99d1c7fab316,1889,9
javascript,bytes,message,100,94,cbor,9.0.2,58274,33014,124,91288,17160.311631,30290.179924,10954.342301,0,1.00,1,99d1c7fab316,1890,10
javascript,bytes,message,100,94,google-protobuf,3.21.4,847,7968,52,8815,1180637.544274,125502.008032,113442.994895,0,1.00,1,99d1c7fab316,1891,11
javascript,bytes,message,100,94,sia,2.3.0,9714,5098,162,14812,102944.204241,196155.355041,67512.827437,0,1.00,1,99d1c7fab316,1892,12
javascript,bytes,message,100,94,simdjson-parse+JSON.stringify,0.9.2,1816,11120,168,12936,550660.792952,89928.057554,77303.648732,0,1.00,1,99d1c7fab316,1893,13
javascript,bytes,message,100,94,bser,2.1.1,9695,10216,153,19911,103145.951521,97885.669538,50223.494551,0,1.00,1,99d1c7fab316,1894,14
javascript,bytes,message,100,94,json-pack-msgpack,18.28.0,6008,6482,131,12490,166444.740346,154273.372416,80064.051241,0,1.00,1,99d1c7fab316,1895,15
javascript,bytes,message,100,94,@msgpack/msgpack,3.1.3,7116,6233,124,13349,140528.386734,160436.386973,74911.978425,0,1.00,1,99d1c7fab316,1896,16
javascript,bytes,message,100,94,flatbuffers,24.12.23,12967,5068,104,18035,77118.840133,197316.495659,55447.740505,0,1.00,1,99d1c7fab316,1897,17
javascript,bytes,message,100,94,devalue,5.8.1,11007,5614,186,16621,90851.276460,178126.113288,60164.851694,0,1.00,1,99d1c7fab316,1898,18
javascript,bytes,message,100,94,cbor-x,1.6.4,10298,4442,131,14740,97106.234220,225123.818100,67842.605156,0,1.00,1,99d1c7fab316,1899,19
javascript,bytes,message,100,95,avsc,5.7.9,7951,5122,44,13073,125770.343353,195236.235845,76493.536296,0,1.00,1,99d1c7fab316,1900,0
javascript,bytes,message,100,95,bser,2.1.1,7821,10801,153,18622,127860.887355,92584.019998,53699.924820,0,1.00,1,99d1c7fab316,1901,1
javascript,bytes,message,100,95,flatbuffers,24.12.23,8951,3701,104,12652,111719.360965,270197.243988,79038.887132,0,1.00,1,99d1c7fab316,1902,2
javascript,bytes,message,100,95,simdjson-parse+JSON.stringify,0.9.2,1185,8452,168,9637,843881.856540,118315.191671,103766.732386,0,1.00,1,99d1c7fab316,1903,3
javascript,bytes,message,100,95,@msgpack/msgpack,3.1.3,5605,4709,124,10314,178412.132025,212359.311956,96955.594338,0,1.00,1,99d1c7fab316,1904,4
javascript,bytes,message,100,95,bebop,3.2.3,4314,3486,162,7800,231803.430691,286861.732645,128205.128205,0,1.00,1,99d1c7fab316,1905,5
javascript,bytes,message,100,95,JSON.stringify,node-24.15.0,967,1186,168,2153,1034126.163392,843170.320405,464468.183929,0,1.00,1,99d1c7fab316,1906,6
javascript,bytes,message,100,95,devalue,5.8.1,7085,3094,186,10179,141143.260409,323206.205559,98241.477552,0,1.00,1,99d1c7fab316,1907,7
javascript,bytes,message,100,95,msgpackr,1.12.1,3409,7146,126,10555,293341.155764,139938.427092,94741.828517,0,1.00,1,99d1c7fab316,1908,8
javascript,bytes,message,100,95,cbor-x,1.6.4,4333,3031,131,7364,230786.983614,329924.117453,135795.763172,0,1.00,1,99d1c7fab316,1909,9
javascript,bytes,message,100,95,flexbuffers,24.12.23,395176,16195,199,411371,2530.518048,61747.452918,2430.895712,0,1.00,1,99d1c7fab316,1910,10
javascript,bytes,message,100,95,protobufjs,7.6.5,6465,11911,52,18376,154679.040990,83956.007052,54418.807140,0,1.00,1,99d1c7fab316,1911,11
javascript,bytes,message,100,95,fast-json-stringify,6.4.0,3635,2267,168,5902,275103.163686,441111.601235,169434.090139,0,1.00,1,99d1c7fab316,1912,12
javascript,bytes,message,100,95,bson,6.10.4,9226,4185,140,13411,108389.334489,238948.626045,74565.655059,0,1.00,1,99d1c7fab316,1913,13
javascript,bytes,message,100,95,v8-serializer,v8-13.6.233.17-node.48,6403,5407,135,11810,156176.792129,184945.441095,84674.005080,0,1.00,1,99d1c7fab316,1914,14
javascript,bytes,message,100,95,sia,2.3.0,7912,4858,162,12770,126390.293225,205846.027172,78308.535630,0,1.00,1,99d1c7fab316,1915,15
javascript,bytes,message,100,95,protobuf-es,2.12.1,12847,12220,50,25067,77839.184245,81833.060556,39893.086528,0,1.00,1,99d1c7fab316,1916,16
javascript,bytes,message,100,95,cbor,9.0.2,41932,40396,124,82328,23848.135076,24754.926230,12146.535808,0,1.00,1,99d1c7fab316,1917,17
javascript,bytes,message,100,95,json-pack-msgpack,18.28.0,6029,6385,131,12414,165864.985901,156617.071261,80554.212985,0,1.00,1,99d1c7fab316,1918,18
javascript,bytes,message,100,95,google-protobuf,3.21.4,515,7430,52,7945,1941747.572816,134589.502019,125865.324103,0,1.00,1,99d1c7fab316,1919,19
javascript,bytes,message,100,96,bser,2.1.1,9839,10057,153,19896,101636.345157,99433.230586,50261.359067,0,1.00,1,99d1c7fab316,1920,0
javascript,bytes,message,100,96,protobuf-es,2.12.1,10313,10449,50,20762,96964.995637,95702.938080,48164.916675,0,1.00,1,99d1c7fab316,1921,1
javascript,bytes,message,100,96,bebop,3.2.3,4358,3418,162,7776,229463.056448,292568.753657,128600.823045,0,1.00,1,99d1c7fab316,1922,2
javascript,bytes,message,100,96,flatbuffers,24.12.23,12208,4690,104,16898,81913.499345,213219.616205,59178.601018,0,1.00,1,99d1c7fab316,1923,3
javascript,bytes,message,100,96,cbor,9.0.2,37317,29314,124,66631,26797.438165,34113.392918,15008.029296,0,1.00,1,99d1c7fab316,1924,4
javascript,bytes,message,100,96,flexbuffers,24.12.23,294831,16095,199,310926,3391.773592,62131.096614,3216.199353,0,1.00,1,99d1c7fab316,1925,5
javascript,bytes,message,100,96,JSON.stringify,node-24.15.0,2984,3010,168,5994,335120.643432,332225.913621,166833.500167,0,1.00,1,99d1c7fab316,1926,6
javascript,bytes,message,100,96,cbor-x,1.6.4,6409,4251,131,10660,156030.581994,235238.767349,93808.630394,0,1.00,1,99d1c7fab316,1927,7
javascript,bytes,message,100,96,google-protobuf,3.21.4,508,6885,52,7393,1968503.937008,145243.282498,135263.086704,0,1.00,1,99d1c7fab316,1928,8
javascript,bytes,message,100,96,bson,6.10.4,8866,3749,140,12615,112790.435371,266737.796746,79270.709473,0,1.00,1,99d1c7fab316,1929,9
javascript,bytes,message,100,96,v8-serializer,v8-13.6.233.17-node.48,5983,4757,135,10740,167140.230654,210216.523019,93109.869646,0,1.00,1,99d1c7fab316,1930,10
javascript,bytes,message,100,96,simdjson-parse+JSON.stringify,0.9.2,1737,9511,168,11248,575705.238918,105141.415203,88904.694168,0,1.00,1,99d1c7fab316,1931,11
javascript,bytes,message,100,96,@msgpack/msgpack,3.1.3,6856,5483,124,12339,145857.642940,182381.907715,81043.844720,0,1.00,1,99d1c7fab316,1932,12
javascript,bytes,message,100,96,fast-json-stringify,6.4.0,3518,2137,168,5655,284252.416146,467945.718297,176834.659593,0,1.00,1,99d1c7fab316,1933,13
javascript,bytes,message,100,96,json-pack-msgpack,18.28.0,5411,5957,131,11368,184808.722972,167869.733087,87966.220971,0,1.00,1,99d1c7fab316,1934,14
javascript,bytes,message,100,96,msgpackr,1.12.1,8371,6929,126,15300,119460.040616,144320.969837,65359.477124,0,1.00,1,99d1c7fab316,1935,15
javascript,bytes,message,100,96,protobufjs,7.6.5,6063,12244,52,18307,164934.850734,81672.655995,54623.914350,0,1.00,1,99d1c7fab316,1936,16
javascript,bytes,message,100,96,devalue,5.8.1,9616,4291,186,13907,103993.344426,233045.910044,71906.234271,0,1.00,1,99d1c7fab316,1937,17
javascript,bytes,message,100,96,sia,2.3.0,8311,5156,162,13467,120322.464204,193948.797517,74255.587733,0,1.00,1,99d1c7fab316,1938,18
javascript,bytes,message,100,96,avsc,5.7.9,6871,4851,44,11722,145539.222821,206143.063286,85309.674117,0,1.00,1,99d1c7fab316,1939,19
javascript,bytes,message,100,97,bebop,3.2.3,4355,3101,162,7456,229621.125144,322476.620445,134120.171674,0,1.00,1,99d1c7fab316,1940,0
javascript,bytes,message,100,97,protobuf-es,2.12.1,10967,11214,50,22181,91182.638826,89174.246478,45083.630134,0,1.00,1,99d1c7fab316,1941,1
javascript,bytes,message,100,97,bser,2.1.1,9460,9126,153,18586,105708.245243,109577.032654,53803.938448,0,1.00,1,99d1c7fab316,1942,2
javascript,bytes,message,100,97,JSON.stringify,node-24.15.0,1419,1378,168,2797,704721.634954,725689.404935,357525.920629,0,1.00,1,99d1c7fab316,1943,3
javascript,bytes,message,100,97,google-protobuf,3.21.4,487,6114,52,6601,2053388.090349,163559.044815,151492.198152,0,1.00,1,99d1c7fab316,1944,4
javascript,bytes,message,100,97,cbor,9.0.2,39639,30068,124,69707,25227.679810,33257.948650,14345.761545,0,1.00,1,99d1c7fab316,1945,5
javascript,bytes,message,100,97,v8-serializer,v8-13.6.233.17-node.48,5137,4458,135,9595,194666.147557,224315.836698,104220.948411,0,1.00,1,99d1c7fab316,1946,6
javascript,bytes,message,100,97,flatbuffers,24.12.23,12583,4689,104,17272,79472.303902,213265.088505,57897.174618,0,1.00,1,99d1c7fab316,1947,7
javascript,bytes,message,100,97,protobufjs,7.6.5,5517,20358,52,25875,181257.930034,49120.738776,38647.342995,0,1.00,1,99d1c7fab316,1948,8
javascript,bytes,message,100,97,sia,2.3.0,9860,6453,162,16313,101419.878296,154966.682163,61300.803041,0,1.00,1,99d1c7fab316,1949,9
javascript,bytes,message,100,97,@msgpack/msgpack,3.1.3,7090,5866,124,12956,141043.723554,170473.917491,77184.316147,0,1.00,1,99d1c7fab316,1950,10
javascript,bytes,message,100,97,cbor-x,1.6.4,5950,4100,131,10050,168067.226891,243902.439024,99502.487562,0,1.00,1,99d1c7fab316,1951,11
javascript,bytes,message,100,97,fast-json-stringify,6.4.0,3840,3055,168,6895,260416.666667,327332.242226,145032.632342,0,1.00,1,99d1c7fab316,1952,12
javascript,bytes,message,100,97,flexbuffers,24.12.23,275753,16643,199,292396,3626.433801,60085.321156,3420.019426,0,1.00,1,99d1c7fab316,1953,13
javascript,bytes,message,100,97,bson,6.10.4,9906,4378,140,14284,100948.919847,228414.801279,70008.401008,0,1.00,1,99d1c7fab316,1954,14
javascript,bytes,message,100,97,avsc,5.7.9,10231,5942,44,16173,97742.156192,168293.503871,61831.447474,0,1.00,1,99d1c7fab316,1955,15
javascript,bytes,message,100,97,simdjson-parse+JSON.stringify,0.9.2,1483,11225,168,12708,674308.833446,89086.859688,78690.588606,0,1.00,1,99d1c7fab316,1956,16
javascript,bytes,message,100,97,devalue,5.8.1,11719,4238,186,15957,85331.512928,235960.358660,62668.421382,0,1.00,1,99d1c7fab316,1957,17
javascript,bytes,message,100,97,json-pack-msgpack,18.28.0,8002,6364,131,14366,124968.757811,157133.878064,69608.798552,0,1.00,1,99d1c7fab316,1958,18
javascript,bytes,message,100,97,msgpackr,1.12.1,3524,7389,126,10913,283768.444949,135336.310732,91633.831210,0,1.00,1,99d1c7fab316,1959,19
javascript,bytes,message,100,98,@msgpack/msgpack,3.1.3,6482,5362,124,11844,154273.372416,186497.575532,84430.935495,0,1.00,1,99d1c7fab316,1960,0
javascript,bytes,message,100,98,json-pack-msgpack,18.28.0,3534,3605,131,7139,282965.478212,277392.510402,140075.640846,0,1.00,1,99d1c7fab316,1961,1
javascript,bytes,message,100,98,google-protobuf,3.21.4,473,7481,52,7954,2114164.904863,133671.968988,125722.906714,0,1.00,1,99d1c7fab316,1962,2
javascript,bytes,message,100,98,msgpackr,1.12.1,2035,4727,126,6762,491400.491400,211550.666385,147885.241053,0,1.00,1,99d1c7fab316,1963,3
javascript,bytes,message,100,98,flexbuffers,24.12.23,298014,14511,199,312525,3355.547055,68913.238233,3199.744020,0,1.00,1,99d1c7fab316,1964,4
javascript,bytes,message,100,98,simdjson-parse+JSON.stringify,0.9.2,2573,8826,168,11399,388651.379712,113301.608883,87726.993596,0,1.00,1,99d1c7fab316,1965,5
javascript,bytes,message,100,98,v8-serializer,v8-13.6.233.17-node.48,5025,4658,135,9683,199004.975124,214684.413912,103273.778788,0,1.00,1,99d1c7fab316,1966,6
javascript,bytes,message,100,98,devalue,5.8.1,8462,4457,186,12919,118175.372252,224366.165582,77405.371933,0,1.00,1,99d1c7fab316,1967,7
javascript,bytes,message,100,98,JSON.stringify,node-24.15.0,1331,1267,168,2598,751314.800902,789265.982636,384911.470362,0,1.00,1,99d1c7fab316,1968,8
javascript,bytes,message,100,98,avsc,5.7.9,6069,5036,44,11105,164771.791069,198570.293884,90049.527240,0,1.00,1,99d1c7fab316,1969,9
javascript,bytes,message,100,98,cbor-x,1.6.4,5926,4368,131,10294,168747.890651,228937.728938,97143.967360,0,1.00,1,99d1c7fab316,1970,10
javascript,bytes,message,100,98,fast-json-stringify,6.4.0,2964,909,168,3873,337381.916329,1100110.011001,258197.779499,0,1.00,1,99d1c7fab316,1971,11
javascript,bytes,message,100,98,bson,6.10.4,7989,3420,140,11409,125172.111654,292397.660819,87650.100798,0,1.00,1,99d1c7fab316,1972,12
javascript,bytes,message,100,98,bebop,3.2.3,4848,3525,162,8373,206270.627063,283687.943262,119431.506031,0,1.00,1,99d1c7fab316,1973,13
javascript,bytes,message,100,98,cbor,9.0.2,47029,35113,124,82142,21263.475728,28479.480534,12174.040077,0,1.00,1,99d1c7fab316,1974,14
javascript,bytes,message,100,98,bser,2.1.1,10455,9963,153,20418,95648.015304,100371.374084,48976.393378,0,1.00,1,99d1c7fab316,1975,15
javascript,bytes,message,100,98,flatbuffers,24.12.23,13066,4982,104,18048,76534.517067,200722.601365,55407.801418,0,1.00,1,99d1c7fab316,1976,16
javascript,bytes,message,100,98,protobuf-es,2.12.1,12895,12453,50,25348,77549.437767,80301.935277,39450.844248,0,1.00,1,99d1c7fab316,1977,17
javascript,bytes,message,100,98,protobufjs,7.6.5,6070,11252,52,17322,164744.645799,88873.089229,57730.054266,0,1.00,1,99d1c7fab316,1978,18
javascript,bytes,message,100,98,sia,2.3.0,7913,22763,162,30676,126374.320738,43930.940561,32598.774286,0,1.00,1,99d1c7fab316,1979,19
javascript,bytes,message,100,99,flexbuffers,24.12.23,518986,14694,199,533680,1926.834250,68054.988431,1873.782042,0,1.00,1,99d1c7fab316,1980,0
javascript,bytes,message,100,99,cbor,9.0.2,41909,29438,124,71347,23861.223126,33969.699028,14016.006279,0,1.00,1,99d1c7fab316,1981,1
javascript,bytes,message,100,99,msgpackr,1.12.1,3276,7065,126,10341,305250.305250,141542.816702,96702.446572,0,1.00,1,99d1c7fab316,1982,2
javascript,bytes,message,100,99,simdjson-parse+JSON.stringify,0.9.2,2983,9926,168,12909,335232.986926,100745.516825,77465.334263,0,1.00,1,99d1c7fab316,1983,3
javascript,bytes,message,100,99,avsc,5.7.9,8085,5131,44,13216,123685.837972,194893.782888,75665.859564,0,1.00,1,99d1c7fab316,1984,4
javascript,bytes,message,100,99,protobufjs,7.6.5,5630,9984,52,15614,177619.893428,100160.256410,64045.087742,0,1.00,1,99d1c7fab316,1985,5
javascript,bytes,message,100,99,fast-json-stringify,6.4.0,3098,1402,168,4500,322788.896062,713266.761769,222222.222222,0,1.00,1,99d1c7fab316,1986,6
javascript,bytes,message,100,99,sia,2.3.0,7570,4470,162,12040,132100.396301,223713.646532,83056.478405,0,1.00,1,99d1c7fab316,1987,7
javascript,bytes,message,100,99,google-protobuf,3.21.4,632,6868,52,7500,1582278.481013,145602.795574,133333.333333,0,1.00,1,99d1c7fab316,1988,8
javascript,bytes,message,100,99,devalue,5.8.1,9230,3952,186,13182,108342.361863,253036.437247,75861.022607,0,1.00,1,99d1c7fab316,1989,9
javascript,bytes,message,100,99,v8-serializer,v8-13.6.233.17-node.48,5550,4611,135,10161,180180.180180,216872.695728,98415.510284,0,1.00,1,99d1c7fab316,1990,10
javascript,bytes,message,100,99,@msgpack/msgpack,3.1.3,7045,5544,124,12589,141944.641590,180375.180375,79434.426881,0,1.00,1,99d1c7fab316,1991,11
javascript,bytes,message,100,99,cbor-x,1.6.4,5422,3754,131,9176,184433.788270,266382.525306,108979.947690,0,1.00,1,99d1c7fab316,1992,12
javascript,bytes,message,100,99,bser,2.1.1,9338,9808,153,19146,107089.312487,101957.585644,52230.230858,0,1.00,1,99d1c7fab316,1993,13
javascript,bytes,message,100,99,protobuf-es,2.12.1,11727,11996,50,23723,85273.300929,83361.120373,42153.184673,0,1.00,1,99d1c7fab316,1994,14
javascript,bytes,message,100,99,JSON.stringify,node-24.15.0,2084,1610,168,3694,479846.449136,621118.012422,270709.258257,0,1.00,1,99d1c7fab316,1995,15
javascript,bytes,message,100,99,bson,6.10.4,7928,3589,140,11517,126135.216953,278629.144609,86828.167057,0,1.00,1,99d1c7fab316,1996,16
javascript,bytes,message,100,99,bebop,3.2.3,4365,3115,162,7480,229095.074456,321027.287319,133689.839572,0,1.00,1,99d1c7fab316,1997,17
javascript,bytes,message,100,99,flatbuffers,24.12.23,11928,4466,104,16394,83836.351442,223914.017017,60997.926071,0,1.00,1,99d1c7fab316,1998,18
javascript,bytes,message,100,99,json-pack-msgpack,18.28.0,5028,5737,131,10765,198886.237072,174307.129162,92893.636786,0,1.00,1,99d1c7fab316,1999,19
javascript,bytes,message,100,0,protobuf-es,2.12.1,512405,503259,4841,1015664,1951.581269,1987.048418,984.577577,0,1.00,100,99d1c7fab316,2000,0
javascript,bytes,message,100,0,msgpackr,1.12.1,562589,263013,12231,825602,1777.496538,3802.093433,1211.237376,0,1.00,100,99d1c7fab316,2001,1
javascript,bytes,message,100,0,bson,6.10.4,486787,636110,14057,1122897,2054.286577,1572.055148,890.553630,0,1.00,100,99d1c7fab316,2002,2
javascript,bytes,message,100,0,simdjson-parse+JSON.stringify,0.9.2,62475,204183,16546,266658,16006.402561,4897.567378,3750.121879,0,1.00,100,99d1c7fab316,2003,3
javascript,bytes,message,100,0,flexbuffers,24.12.23,2172294,2410277,14566,4582571,460.342845,414.890073,218.218114,0,1.00,100,99d1c7fab316,2004,4
javascript,bytes,message,100,0,fast-json-stringify,6.4.0,256671,74679,16546,331350,3896.038119,13390.645295,3017.956843,0,1.00,100,99d1c7fab316,2005,5
javascript,bytes,message,100,0,cbor,9.0.2,2507519,1755112,12030,4262631,398.800567,569.764209,234.596896,0,1.00,100,99d1c7fab316,2006,6
javascript,bytes,message,100,0,google-protobuf,3.21.4,3350,395489,5047,398839,298507.462687,2528.515332,2507.277373,0,1.00,100,99d1c7fab316,2007,7
javascript,bytes,message,100,0,bebop,3.2.3,615604,220771,15859,836375,1624.420894,4529.580425,1195.635929,0,1.00,100,99d1c7fab316,2008,8
javascript,bytes,message,100,0,@msgpack/msgpack,3.1.3,457289,490728,12031,948017,2186.800907,2037.788755,1054.833405,0,1.00,100,99d1c7fab316,2009,9
javascript,bytes,message,100,0,flatbuffers,24.12.23,738255,256307,10404,994562,1354.545516,3901.571163,1005.467734,0,1.00,100,99d1c7fab316,2010,10
javascript,bytes,message,100,0,JSON.stringify,node-24.15.0,56465,72101,16546,128566,17710.085894,13869.433156,7778.106187,0,1.00,100,99d1c7fab316,2011,11
javascript,bytes,message,100,0,bser,2.1.1,786478,785303,14248,1571781,1271.491383,1273.393837,636.220949,0,1.00,100,99d1c7fab316,2012,12
javascript,bytes,message,100,0,avsc,5.7.9,510029,344160,4051,854189,1960.672824,2905.625291,1170.701098,0,1.00,100,99d1c7fab316,2013,13
javascript,bytes,message,100,0,sia,2.3.0,613852,365558,15859,979410,1629.057167,2735.544018,1021.022861,0,1.00,100,99d1c7fab316,2014,14
javascript,bytes,message,100,0,cbor-x,1.6.4,261080,418399,5206,679479,3830.243603,2390.063074,1471.715829,0,1.00,100,99d1c7fab316,2015,15
javascript,bytes,message,100,0,protobufjs,7.6.5,380439,591353,5047,971792,2628.542289,1691.037333,1029.026788,0,1.00,100,99d1c7fab316,2016,16
javascript,bytes,message,100,0,v8-serializer,v8-13.6.233.17-node.48,43475,59905,12955,103380,23001.725129,16693.097404,9673.050880,0,1.00,100,99d1c7fab316,2017,17
javascript,bytes,message,100,0,devalue,5.8.1,608802,224089,18552,832891,1642.570162,4462.512662,1200.637298,0,1.00,100,99d1c7fab316,2018,18
javascript,bytes,message,100,0,json-pack-msgpack,18.28.0,277840,334955,12660,612795,3599.193781,2985.475661,1631.867101,0,1.00,100,99d1c7fab316,2019,19
javascript,bytes,message,100,1,@msgpack/msgpack,3.1.3,185028,1564276,12031,1749304,5404.587414,639.273376,571.655927,0,1.00,100,99d1c7fab316,2020,0
javascript,bytes,message,100,1,v8-serializer,v8-13.6.233.17-node.48,39022,78170,12955,117192,25626.569627,12792.631444,8533.005666,0,1.00,100,99d1c7fab316,2021,1
javascript,bytes,message,100,1,bser,2.1.1,574032,567190,14248,1141222,1742.063160,1763.077628,876.253700,0,1.00,100,99d1c7fab316,2022,2
javascript,bytes,message,100,1,msgpackr,1.12.1,66967,181801,12231,248768,14932.728060,5500.519799,4019.809622,0,1.00,100,99d1c7fab316,2023,3
javascript,bytes,message,100,1,JSON.stringify,node-24.15.0,55262,81599,16546,136861,18095.617242,12255.052145,7306.683423,0,1.00,100,99d1c7fab316,2024,4
javascript,bytes,message,100,1,sia,2.3.0,490346,311710,15859,802056,2039.376277,3208.110102,1246.795735,0,1.00,100,99d1c7fab316,2025,5
javascript,bytes,message,100,1,cbor-x,1.6.4,335736,195346,5206,531082,2978.530750,5119.121968,1882.948396,0,1.00,100,99d1c7fab316,2026,6
javascript,bytes,message,100,1,simdjson-parse+JSON.stringify,0.9.2,57098,199117,16546,256215,17513.748292,5022.172893,3902.972113,0,1.00,100,99d1c7fab316,2027,7
javascript,bytes,message,100,1,cbor,9.0.2,1196577,1021943,12030,2218520,835.717217,978.528157,450.750951,0,1.00,100,99d1c7fab316,2028,8
javascript,bytes,message,100,1,bebop,3.2.3,158063,172128,15859,330191,6326.591296,5809.630043,3028.550142,0,1.00,100,99d1c7fab316,2029,9
javascript,bytes,message,100,1,devalue,5.8.1,591901,192378,18552,784279,1689.471719,5198.099575,1275.056453,0,1.00,100,99d1c7fab316,2030,10
javascript,bytes,message,100,1,protobufjs,7.6.5,207315,381356,5047,588671,4823.577648,2622.221756,1698.741742,0,1.00,100,99d1c7fab316,2031,11
javascript,bytes,message,100,1,fast-json-stringify,6.4.0,125409,66868,16546,192277,7973.909369,14954.836394,5200.830052,0,1.00,100,99d1c7fab316,2032,12
javascript,bytes,message,100,1,google-protobuf,3.21.4,1675,291292,5047,292967,597014.925373,3432.981338,3413.353722,0,1.00,100,99d1c7fab316,2033,13
javascript,bytes,message,100,1,avsc,5.7.9,250315,211737,4051,462052,3994.966342,4722.840127,2164.258568,0,1.00,100,99d1c7fab316,2034,14
javascript,bytes,message,100,1,bson,6.10.4,297819,435850,14057,733669,3357.744133,2294.367328,1363.012476,0,1.00,100,99d1c7fab316,2035,15
javascript,bytes,message,100,1,flatbuffers,24.12.23,547764,216898,10404,764662,1825.603727,4610.462061,1307.767353,0,1.00,100,99d1c7fab316,2036,16
javascript,bytes,message,100,1,flexbuffers,24.12.23,1554670,1914883,14566,3469553,643.223321,522.225118,288.221566,0,1.00,100,99d1c7fab316,2037,17
javascript,bytes,message,100,1,protobuf-es,2.12.1,747162,684161,4841,1431323,1338.397831,1461.644262,698.654322,0,1.00,100,99d1c7fab316,2038,18
javascript,bytes,message,100,1,json-pack-msgpack,18.28.0,228651,215095,12660,443746,4373.477483,4649.108533,2253.541440,0,1.00,100,99d1c7fab316,2039,19
javascript,bytes,message,100,2,avsc,5.7.9,302508,166838,4051,469346,3305.697701,5993.838334,2130.624316,0,1.00,100,99d1c7fab316,2040,0
javascript,bytes,message,100,2,cbor,9.0.2,1400058,1400121,12030,2800179,714.256124,714.223985,357.120027,0,1.00,100,99d1c7fab316,2041,1
javascript,bytes,message,100,2,bson,6.10.4,159762,230493,14057,390255,6259.310725,4338.526550,2562.427131,0,1.00,100,99d1c7fab316,2042,2
javascript,bytes,message,100,2,bebop,3.2.3,105194,164791,15859,269985,9506.245603,6068.292565,3703.909476,0,1.00,100,99d1c7fab316,2043,3
javascript,bytes,message,100,2,msgpackr,1.12.1,67635,139551,12231,207186,14785.244326,7165.839012,4826.580947,0,1.00,100,99d1c7fab316,2044,4
javascript,bytes,message,100,2,protobufjs,7.6.5,221756,287120,5047,508876,4509.460849,3482.864308,1965.115274,0,1.00,100,99d1c7fab316,2045,5
javascript,bytes,message,100,2,json-pack-msgpack,18.28.0,108015,126197,12660,234212,9257.973430,7924.118640,4269.636056,0,1.00,100,99d1c7fab316,2046,6
javascript,bytes,message,100,2,fast-json-stringify,6.4.0,164408,70535,16546,234943,6082.429079,14177.358758,4256.351541,0,1.00,100,99d1c7fab316,2047,7
javascript,bytes,message,100,2,protobuf-es,2.12.1,515584,700223,4841,1215807,1939.548163,1428.116471,822.498966,0,1.00,100,99d1c7fab316,2048,8
javascript,bytes,message,100,2,simdjson-parse+JSON.stringify,0.9.2,60741,193206,16546,253947,16463.344364,5175.822697,3937.829547,0,1.00,100,99d1c7fab316,2049,9
javascript,bytes,message,100,2,bser,2.1.1,448215,300290,14248,748505,2231.072142,3330.114223,1335.996420,0,1.00,100,99d1c7fab316,2050,10
javascript,bytes,message,100,2,flatbuffers,24.12.23,406717,231331,10404,638048,2458.712077,4322.810172,1567.280205,0,1.00,100,99d1c7fab316,2051,11
javascript,bytes,message,100,2,cbor-x,1.6.4,252852,138898,5206,391750,3954.882698,7199.527711,2552.648373,0,1.00,100,99d1c7fab316,2052,12
javascript,bytes,message,100,2,flexbuffers,24.12.23,2176342,1124823,14566,3301165,459.486606,889.028763,302.923362,0,1.00,100,99d1c7fab316,2053,13
javascript,bytes,message,100,2,v8-serializer,v8-13.6.233.17-node.48,74383,60079,12955,134462,13443.932081,16644.751078,7437.045411,0,1.00,100,99d1c7fab316,2054,14
javascript,bytes,message,100,2,@msgpack/msgpack,3.1.3,150586,110520,12031,261106,6640.723573,9048.136084,3829.862202,0,1.00,100,99d1c7fab316,2055,15
javascript,bytes,message,100,2,devalue,5.8.1,360468,118332,18552,478800,2774.171355,8450.799446,2088.554720,0,1.00,100,99d1c7fab316,2056,16
javascript,bytes,message,100,2,google-protobuf,3.21.4,1166,212235,5047,213401,857632.933105,4711.758193,4686.013655,0,1.00,100,99d1c7fab316,2057,17
javascript,bytes,message,100,2,JSON.stringify,node-24.15.0,49396,49946,16546,99342,20244.554215,20021.623353,10066.235832,0,1.00,100,99d1c7fab316,2058,18
javascript,bytes,message,100,2,sia,2.3.0,374791,299075,15859,673866,2668.153718,3343.642899,1483.974559,0,1.00,100,99d1c7fab316,2059,19
javascript,bytes,message,100,3,msgpackr,1.12.1,48422,137199,12231,185621,20651.769857,7288.682862,5387.321478,0,1.00,100,99d1c7fab316,2060,0
javascript,bytes,message,100,3,flexbuffers,24.12.23,1025352,1071754,14566,2097106,975.274832,933.049935,476.847618,0,1.00,100,99d1c7fab316,2061,1
javascript,bytes,message,100,3,bser,2.1.1,309488,221462,14248,530950,3231.143049,4515.447345,1883.416518,0,1.00,100,99d1c7fab316,2062,2
javascript,bytes,message,100,3,devalue,5.8.1,309266,121543,18552,430809,3233.462456,8227.540870,2321.214274,0,1.00,100,99d1c7fab316,2063,3
javascript,bytes,message,100,3,JSON.stringify,node-24.15.0,47993,44910,16546,92903,20836.371971,22266.755734,10763.915051,0,1.00,100,99d1c7fab316,2064,4
javascript,bytes,message,100,3,flatbuffers,24.12.23,502358,176313,10404,678671,1990.612273,5671.731523,1473.467998,0,1.00,100,99d1c7fab316,2065,5
javascript,bytes,message,100,3,v8-serializer,v8-13.6.233.17-node.48,36593,58195,12955,94788,27327.630968,17183.606839,10549.858632,0,1.00,100,99d1c7fab316,2066,6
javascript,bytes,message,100,3,@msgpack/msgpack,3.1.3,123510,223616,12031,347126,8096.510404,4471.951918,2880.798327,0,1.00,100,99d1c7fab316,2067,7
javascript,bytes,message,100,3,sia,2.3.0,385303,234974,15859,620277,2595.360015,4255.790002,1612.182944,0,1.00,100,99d1c7fab316,2068,8
javascript,bytes,message,100,3,cbor-x,1.6.4,50452,64089,5206,114541,19820.819789,15603.301659,8730.498250,0,1.00,100,99d1c7fab316,2069,9
javascript,bytes,message,100,3,simdjson-parse+JSON.stringify,0.9.2,48701,181605,16546,230306,20533.459272,5506.456320,4342.049274,0,1.00,100,99d1c7fab316,2070,10
javascript,bytes,message,100,3,protobufjs,7.6.5,172950,270032,5047,442982,5782.017924,3703.264798,2257.428067,0,1.00,100,99d1c7fab316,2071,11
javascript,bytes,message,100,3,cbor,9.0.2,1327485,1223447,12030,2550932,753.304180,817.362746,392.013586,0,1.00,100,99d1c7fab316,2072,12
javascript,bytes,message,100,3,bebop,3.2.3,110490,169572,15859,280062,9050.592814,5897.200009,3570.637930,0,1.00,100,99d1c7fab316,2073,13
javascript,bytes,message,100,3,fast-json-stringify,6.4.0,130657,65633,16546,196290,7653.627437,15236.237868,5094.503031,0,1.00,100,99d1c7fab316,2074,14
javascript,bytes,message,100,3,json-pack-msgpack,18.28.0,97645,109192,12660,206837,10241.179784,9158.180086,4834.724928,0,1.00,100,99d1c7fab316,2075,15
javascript,bytes,message,100,3,avsc,5.7.9,341949,151919,4051,493868,2924.412705,6582.455124,2024.832546,0,1.00,100,99d1c7fab316,2076,16
javascript,bytes,message,100,3,google-protobuf,3.21.4,1560,241585,5047,243145,641025.641026,4139.329842,4112.772214,0,1.00,100,99d1c7fab316,2077,17
javascript,bytes,message,100,3,protobuf-es,2.12.1,537667,544775,4841,1082442,1859.887254,1835.620210,923.837028,0,1.00,100,99d1c7fab316,2078,18
javascript,bytes,message,100,3,bson,6.10.4,168645,223850,14057,392495,5929.615464,4467.277195,2547.803157,0,1.00,100,99d1c7fab316,2079,19
javascript,bytes,message,100,4,cbor,9.0.2,1081482,1123195,12030,2204677,924.657091,890.317354,453.581182,0,1.00,100,99d1c7fab316,2080,0
javascript,bytes,message,100,4,google-protobuf,3.21.4,1318,233277,5047,234595,758725.341426,4286.749229,4262.665445,0,1.00,100,99d1c7fab316,2081,1
javascript,bytes,message,100,4,flexbuffers,24.12.23,1303363,1871274,14566,3174637,767.245963,534.395284,314.996644,0,1.00,100,99d1c7fab316,2082,2
javascript,bytes,message,100,4,fast-json-stringify,6.4.0,126713,65120,16546,191833,7891.850086,15356.265356,5212.867442,0,1.00,100,99d1c7fab316,2083,3
javascript,bytes,message,100,4,avsc,5.7.9,309470,155433,4051,464903,3231.330985,6433.640218,2150.986335,0,1.00,100,99d1c7fab316,2084,4
javascript,bytes,message,100,4,v8-serializer,v8-13.6.233.17-node.48,39758,54330,12955,94088,25152.170632,18406.037180,10628.347930,0,1.00,100,99d1c7fab316,2085,5
javascript,bytes,message,100,4,simdjson-parse+JSON.stringify,0.9.2,43537,185504,16546,229041,22968.968923,5390.719338,4366.030536,0,1.00,100,99d1c7fab316,2086,6
javascript,bytes,message,100,4,bser,2.1.1,266985,245576,14248,512561,3745.528775,4072.059159,1950.987297,0,1.00,100,99d1c7fab316,2087,7
javascript,bytes,message,100,4,protobuf-es,2.12.1,452975,577167,4841,1030142,2207.627353,1732.600790,970.739956,0,1.00,100,99d1c7fab316,2088,8
javascript,bytes,message,100,4,bebop,3.2.3,108222,118258,15859,226480,9240.265380,8456.087537,4415.400918,0,1.00,100,99d1c7fab316,2089,9
javascript,bytes,message,100,4,flatbuffers,24.12.23,448107,207024,10404,655131,2231.609861,4830.357833,1526.412275,0,1.00,100,99d1c7fab316,2090,10
javascript,bytes,message,100,4,sia,2.3.0,379705,271424,15859,651129,2633.623471,3684.272577,1535.793982,0,1.00,100,99d1c7fab316,2091,11
javascript,bytes,message,100,4,bson,6.10.4,160646,160271,14057,320917,6224.867099,6239.431962,3116.070510,0,1.00,100,99d1c7fab316,2092,12
javascript,bytes,message,100,4,protobufjs,7.6.5,177153,291187,5047,468340,5644.838078,3434.219247,2135.200922,0,1.00,100,99d1c7fab316,2093,13
javascript,bytes,message,100,4,msgpackr,1.12.1,72113,124207,12231,196320,13867.125206,8051.076026,5093.724531,0,1.00,100,99d1c7fab316,2094,14
javascript,bytes,message,100,4,devalue,5.8.1,398668,105911,18552,504579,2508.352815,9441.889889,1981.850216,0,1.00,100,99d1c7fab316,2095,15
javascript,bytes,message,100,4,@msgpack/msgpack,3.1.3,129785,110892,12031,240677,7705.050661,9017.783068,4154.946256,0,1.00,100,99d1c7fab316,2096,16
javascript,bytes,message,100,4,json-pack-msgpack,18.28.0,593303,125566,12660,718869,1685.479426,7963.939283,1391.074034,0,1.00,100,99d1c7fab316,2097,17
javascript,bytes,message,100,4,JSON.stringify,node-24.15.0,49155,54090,16546,103245,20343.810396,18487.705676,9685.699065,0,1.00,100,99d1c7fab316,2098,18
javascript,bytes,message,100,4,cbor-x,1.6.4,43209,54878,5206,98087,23143.326622,18222.238420,10195.030942,0,1.00,100,99d1c7fab316,2099,19
javascript,bytes,message,100,5,json-pack-msgpack,18.28.0,67110,94084,12660,161194,14900.908955,10628.799796,6203.704853,0,1.00,100,99d1c7fab316,2100,0
javascript,bytes,message,100,5,devalue,5.8.1,317851,102176,18552,420027,3146.128217,9787.034137,2380.799330,0,1.00,100,99d1c7fab316,2101,1
javascript,bytes,message,100,5,bser,2.1.1,226836,229607,14248,456443,4408.471318,4355.267914,2190.854061,0,1.00,100,99d1c7fab316,2102,2
javascript,bytes,message,100,5,cbor-x,1.6.4,37206,44161,5206,81367,26877.385368,22644.414755,12289.994715,0,1.00,100,99d1c7fab316,2103,3
javascript,bytes,message,100,5,avsc,5.7.9,188131,128388,4051,316519,5315.445089,7788.889927,3159.368000,0,1.00,100,99d1c7fab316,2104,4
javascript,bytes,message,100,5,JSON.stringify,node-24.15.0,38070,38737,16546,76807,26267.402154,25815.112167,13019.646647,0,1.00,100,99d1c7fab316,2105,5
javascript,bytes,message,100,5,sia,2.3.0,387696,224716,15859,612412,2579.340514,4450.061411,1632.887664,0,1.00,100,99d1c7fab316,2106,6
javascript,bytes,message,100,5,protobuf-es,2.12.1,353384,305011,4841,658395,2829.782899,3278.570281,1518.845070,0,1.00,100,99d1c7fab316,2107,7
javascript,bytes,message,100,5,bebop,3.2.3,62420,104268,15859,166688,16020.506248,9590.670196,5999.232098,0,1.00,100,99d1c7fab316,2108,8
javascript,bytes,message,100,5,msgpackr,1.12.1,67513,135598,12231,203111,14811.962141,7374.740040,4923.416260,0,1.00,100,99d1c7fab316,2109,9
javascript,bytes,message,100,5,protobufjs,7.6.5,167438,149151,5047,316589,5972.359918,6704.614786,3158.669442,0,1.00,100,99d1c7fab316,2110,10
javascript,bytes,message,100,5,v8-serializer,v8-13.6.233.17-node.48,48900,57949,12955,106849,20449.897751,17256.553176,9359.001956,0,1.00,100,99d1c7fab316,2111,11
javascript,bytes,message,100,5,@msgpack/msgpack,3.1.3,113709,84013,12031,197722,8794.378633,11902.919786,5057.606134,0,1.00,100,99d1c7fab316,2112,12
javascript,bytes,message,100,5,simdjson-parse+JSON.stringify,0.9.2,44390,206878,16546,251268,22527.596305,4833.766761,3979.814381,0,1.00,100,99d1c7fab316,2113,13
javascript,bytes,message,100,5,cbor,9.0.2,631747,767281,12030,1399028,1582.912147,1303.303483,714.781977,0,1.00,100,99d1c7fab316,2114,14
javascript,bytes,message,100,5,fast-json-stringify,6.4.0,104951,54783,16546,159734,9528.256043,18253.837869,6260.407928,0,1.00,100,99d1c7fab316,2115,15
javascript,bytes,message,100,5,flexbuffers,24.12.23,978555,831743,14566,1810298,1021.914966,1202.294459,552.395241,0,1.00,100,99d1c7fab316,2116,16
javascript,bytes,message,100,5,google-protobuf,3.21.4,1289,128421,5047,129710,775795.190070,7786.888437,7709.505821,0,1.00,100,99d1c7fab316,2117,17
javascript,bytes,message,100,5,flatbuffers,24.12.23,248858,115249,10404,364107,4018.355850,8676.864875,2746.445413,0,1.00,100,99d1c7fab316,2118,18
javascript,bytes,message,100,5,bson,6.10.4,119859,148882,14057,268741,8343.136519,6716.728684,3721.054845,0,1.00,100,99d1c7fab316,2119,19
javascript,bytes,message,100,6,protobuf-es,2.12.1,324246,288996,4841,613242,3084.078138,3460.255505,1630.677612,0,1.00,100,99d1c7fab316,2120,0
javascript,bytes,message,100,6,bebop,3.2.3,59934,100547,15859,160481,16685.020189,9945.597581,6231.267253,0,1.00,100,99d1c7fab316,2121,1
javascript,bytes,message,100,6,json-pack-msgpack,18.28.0,61629,68078,12660,129707,16226.127310,14689.033168,7709.684134,0,1.00,100,99d1c7fab316,2122,2
javascript,bytes,message,100,6,@msgpack/msgpack,3.1.3,109185,62295,12031,171480,9158.767230,16052.652701,5831.583858,0,1.00,100,99d1c7fab316,2123,3
javascript,bytes,message,100,6,google-protobuf,3.21.4,843,79700,5047,80543,1186239.620403,12547.051443,12415.728245,0,1.00,100,99d1c7fab316,2124,4
javascript,bytes,message,100,6,devalue,5.8.1,309163,108752,18552,417915,3234.539709,9195.233191,2392.831078,0,1.00,100,99d1c7fab316,2125,5
javascript,bytes,message,100,6,flatbuffers,24.12.23,208916,584399,10404,793315,4786.612801,1711.159670,1260.533332,0,1.00,100,99d1c7fab316,2126,6
javascript,bytes,message,100,6,protobufjs,7.6.5,199192,139975,5047,339167,5020.281939,7144.132881,2948.400051,0,1.00,100,99d1c7fab316,2127,7
javascript,bytes,message,100,6,fast-json-stringify,6.4.0,126424,54928,16546,181352,7909.890527,18205.651034,5514.138250,0,1.00,100,99d1c7fab316,2128,8
javascript,bytes,message,100,6,bson,6.10.4,109839,173396,14057,283235,9104.234379,5767.145724,3530.637103,0,1.00,100,99d1c7fab316,2129,9
javascript,bytes,message,100,6,cbor-x,1.6.4,38847,61288,5206,100135,25742.013540,16316.407780,9986.518200,0,1.00,100,99d1c7fab316,2130,10
javascript,bytes,message,100,6,v8-serializer,v8-13.6.233.17-node.48,39780,58127,12955,97907,25138.260432,17203.709120,10213.774296,0,1.00,100,99d1c7fab316,2131,11
javascript,bytes,message,100,6,bser,2.1.1,235835,232221,14248,468056,4240.252719,4306.242760,2136.496488,0,1.00,100,99d1c7fab316,2132,12
javascript,bytes,message,100,6,cbor,9.0.2,554680,791249,12030,1345929,1802.841278,1263.824662,742.981242,0,1.00,100,99d1c7fab316,2133,13
javascript,bytes,message,100,6,sia,2.3.0,398641,237324,15859,635965,2508.522706,4213.648851,1572.413576,0,1.00,100,99d1c7fab316,2134,14
javascript,bytes,message,100,6,avsc,5.7.9,187035,107797,4051,294832,5346.592884,9276.696012,3391.762088,0,1.00,100,99d1c7fab316,2135,15
javascript,bytes,message,100,6,flexbuffers,24.12.23,956343,766643,14566,1722986,1045.649939,1304.388092,580.387769,0,1.00,100,99d1c7fab316,2136,16
javascript,bytes,message,100,6,JSON.stringify,node-24.15.0,58660,50040,16546,108700,17047.391749,19984.012790,9199.632015,0,1.00,100,99d1c7fab316,2137,17
javascript,bytes,message,100,6,msgpackr,1.12.1,49690,120153,12231,169843,20124.773596,8322.721863,5887.790489,0,1.00,100,99d1c7fab316,2138,18
javascript,bytes,message,100,6,simdjson-parse+JSON.stringify,0.9.2,39543,173517,16546,213060,25288.925979,5763.124074,4693.513564,0,1.00,100,99d1c7fab316,2139,19
javascript,bytes,message,100,7,JSON.stringify,node-24.15.0,37990,44448,16546,82438,26322.716504,22498.200144,12130.328247,0,1.00,100,99d1c7fab316,2140,0
javascript,bytes,message,100,7,cbor,9.0.2,545096,756043,12030,1301139,1834.539237,1322.676091,768.557395,0,1.00,100,99d1c7fab316,2141,1
javascript,bytes,message,100,7,flatbuffers,24.12.23,269333,136497,10404,405830,3712.875882,7326.168341,2464.085947,0,1.00,100,99d1c7fab316,2142,2
javascript,bytes,message,100,7,v8-serializer,v8-13.6.233.17-node.48,40569,66504,12955,107073,24649.362814,15036.689522,9339.422637,0,1.00,100,99d1c7fab316,2143,3
javascript,bytes,message,100,7,bson,6.10.4,108170,131056,14057,239226,9244.707405,7630.325968,4180.147643,0,1.00,100,99d1c7fab316,2144,4
javascript,bytes,message,100,7,bser,2.1.1,326291,224844,14248,551135,3064.748951,4447.528064,1814.437479,0,1.00,100,99d1c7fab316,2145,5
javascript,bytes,message,100,7,flexbuffers,24.12.23,948578,756673,14566,1705251,1054.209564,1321.574841,586.423934,0,1.00,100,99d1c7fab316,2146,6
javascript,bytes,message,100,7,protobuf-es,2.12.1,307622,311491,4841,619113,3250.742795,3210.365629,1615.214024,0,1.00,100,99d1c7fab316,2147,7
javascript,bytes,message,100,7,simdjson-parse+JSON.stringify,0.9.2,57511,182873,16546,240384,17387.977952,5468.275798,4160.010650,0,1.00,100,99d1c7fab316,2148,8
javascript,bytes,message,100,7,cbor-x,1.6.4,45085,60341,5206,105426,22180.326051,16572.479740,9485.326200,0,1.00,100,99d1c7fab316,2149,9
javascript,bytes,message,100,7,@msgpack/msgpack,3.1.3,107443,65057,12031,172500,9307.260594,15371.136081,5797.101449,0,1.00,100,99d1c7fab316,2150,10
javascript,bytes,message,100,7,avsc,5.7.9,216131,122610,4051,338741,4626.823547,8155.941603,2952.107953,0,1.00,100,99d1c7fab316,2151,11
javascript,bytes,message,100,7,devalue,5.8.1,348816,103308,18552,452124,2866.840971,9679.792465,2211.782608,0,1.00,100,99d1c7fab316,2152,12
javascript,bytes,message,100,7,sia,2.3.0,349187,240573,15859,589760,2863.795044,4156.742444,1695.604992,0,1.00,100,99d1c7fab316,2153,13
javascript,bytes,message,100,7,msgpackr,1.12.1,43638,132059,12231,175697,22915.807324,7572.372955,5691.616818,0,1.00,100,99d1c7fab316,2154,14
javascript,bytes,message,100,7,protobufjs,7.6.5,68296,141560,5047,209856,14642.145953,7064.142413,4765.172309,0,1.00,100,99d1c7fab316,2155,15
javascript,bytes,message,100,7,bebop,3.2.3,63029,101575,15859,164604,15865.712608,9844.942161,6075.186508,0,1.00,100,99d1c7fab316,2156,16
javascript,bytes,message,100,7,json-pack-msgpack,18.28.0,60556,72958,12660,133514,16513.640267,13706.516078,7489.851252,0,1.00,100,99d1c7fab316,2157,17
javascript,bytes,message,100,7,google-protobuf,3.21.4,971,131176,5047,132147,1029866.117405,7623.345734,7567.330322,0,1.00,100,99d1c7fab316,2158,18
javascript,bytes,message,100,7,fast-json-stringify,6.4.0,68917,54285,16546,123202,14510.207931,18421.295017,8116.751351,0,1.00,100,99d1c7fab316,2159,19
javascript,bytes,message,100,8,cbor,9.0.2,546717,1102392,12030,1649109,1829.099882,907.118339,606.388056,0,1.00,100,99d1c7fab316,2160,0
javascript,bytes,message,100,8,sia,2.3.0,629434,222534,15859,851968,1588.728922,4493.695345,1173.753005,0,1.00,100,99d1c7fab316,2161,1
javascript,bytes,message,100,8,bser,2.1.1,219323,188574,14248,407897,4559.485325,5302.957990,2451.599301,0,1.00,100,99d1c7fab316,2162,2
javascript,bytes,message,100,8,protobufjs,7.6.5,66497,1174769,5047,1241266,15038.272403,851.231178,805.629092,0,1.00,100,99d1c7fab316,2163,3
javascript,bytes,message,100,8,@msgpack/msgpack,3.1.3,110935,73670,12031,184605,9014.287646,13574.046423,5416.971371,0,1.00,100,99d1c7fab316,2164,4
javascript,bytes,message,100,8,simdjson-parse+JSON.stringify,0.9.2,55369,210061,16546,265430,18060.647655,4760.521944,3767.471650,0,1.00,100,99d1c7fab316,2165,5
javascript,bytes,message,100,8,flexbuffers,24.12.23,1031044,852850,14566,1883894,969.890713,1172.539133,530.815428,0,1.00,100,99d1c7fab316,2166,6
javascript,bytes,message,100,8,bson,6.10.4,114203,137970,14057,252173,8756.337399,7247.952453,3965.531599,0,1.00,100,99d1c7fab316,2167,7
javascript,bytes,message,100,8,google-protobuf,3.21.4,1925,99457,5047,101382,519480.519481,10054.596459,9863.683889,0,1.00,100,99d1c7fab316,2168,8
javascript,bytes,message,100,8,flatbuffers,24.12.23,245025,137282,10404,382307,4081.216202,7284.276161,2615.698902,0,1.00,100,99d1c7fab316,2169,9
javascript,bytes,message,100,8,fast-json-stringify,6.4.0,124577,75419,16546,199996,8027.163923,13259.258277,5000.100002,0,1.00,100,99d1c7fab316,2170,10
javascript,bytes,message,100,8,JSON.stringify,node-24.15.0,51044,39882,16546,90926,19590.941149,25073.968206,10997.954380,0,1.00,100,99d1c7fab316,2171,11
javascript,bytes,message,100,8,avsc,5.7.9,162522,118742,4051,281264,6153.013131,8421.619983,3555.378577,0,1.00,100,99d1c7fab316,2172,12
javascript,bytes,message,100,8,cbor-x,1.6.4,40757,89088,5206,129845,24535.662586,11224.856322,7701.490238,0,1.00,100,99d1c7fab316,2173,13
javascript,bytes,message,100,8,v8-serializer,v8-13.6.233.17-node.48,45359,57894,12955,103253,22046.341410,17272.947110,9684.948621,0,1.00,100,99d1c7fab316,2174,14
javascript,bytes,message,100,8,json-pack-msgpack,18.28.0,73811,74425,12660,148236,13548.116134,13436.345314,6745.999622,0,1.00,100,99d1c7fab316,2175,15
javascript,bytes,message,100,8,bebop,3.2.3,75475,112728,15859,188203,13249.420338,8870.910510,5313.411582,0,1.00,100,99d1c7fab316,2176,16
javascript,bytes,message,100,8,msgpackr,1.12.1,48371,81165,12231,129536,20673.544066,12320.581531,7719.861660,0,1.00,100,99d1c7fab316,2177,17
javascript,bytes,message,100,8,protobuf-es,2.12.1,305398,395615,4841,701013,3274.415681,2527.710021,1426.507069,0,1.00,100,99d1c7fab316,2178,18
javascript,bytes,message,100,8,devalue,5.8.1,420109,128246,18552,548355,2380.334627,7797.514152,1823.636148,0,1.00,100,99d1c7fab316,2179,19
javascript,bytes,message,100,9,protobufjs,7.6.5,93580,187267,5047,280847,10686.044027,5339.969135,3560.657582,0,1.00,100,99d1c7fab316,2180,0
javascript,bytes,message,100,9,json-pack-msgpack,18.28.0,117955,78173,12660,196128,8477.809334,12792.140509,5098.711046,0,1.00,100,99d1c7fab316,2181,1
javascript,bytes,message,100,9,bson,6.10.4,129855,149860,14057,279715,7700.897155,6672.894702,3575.067479,0,1.00,100,99d1c7fab316,2182,2
javascript,bytes,message,100,9,flatbuffers,24.12.23,227821,117276,10404,345097,4389.410985,8526.893823,2897.735999,0,1.00,100,99d1c7fab316,2183,3
javascript,bytes,message,100,9,JSON.stringify,node-24.15.0,60548,68692,16546,129240,16515.822158,14557.735981,7737.542556,0,1.00,100,99d1c7fab316,2184,4
javascript,bytes,message,100,9,avsc,5.7.9,166955,106342,4051,273297,5989.637926,9403.622275,3659.022968,0,1.00,100,99d1c7fab316,2185,5
javascript,bytes,message,100,9,flexbuffers,24.12.23,941423,621461,14566,1562884,1062.221764,1609.111433,639.842752,0,1.00,100,99d1c7fab316,2186,6
javascript,bytes,message,100,9,cbor-x,1.6.4,42171,56424,5206,98595,23712.978113,17722.954771,10142.502155,0,1.00,100,99d1c7fab316,2187,7
javascript,bytes,message,100,9,sia,2.3.0,367787,207658,15859,575445,2718.965053,4815.610282,1737.785540,0,1.00,100,99d1c7fab316,2188,8
javascript,bytes,message,100,9,@msgpack/msgpack,3.1.3,128736,66065,12031,194801,7767.834949,15136.607886,5133.443873,0,1.00,100,99d1c7fab316,2189,9
javascript,bytes,message,100,9,cbor,9.0.2,627352,620501,12030,1247853,1594.001454,1611.600948,801.376444,0,1.00,100,99d1c7fab316,2190,10
javascript,bytes,message,100,9,bebop,3.2.3,58057,97763,15859,155820,17224.451832,10228.818674,6417.661404,0,1.00,100,99d1c7fab316,2191,11
javascript,bytes,message,100,9,protobuf-es,2.12.1,287291,258216,4841,545507,3480.791253,3872.726709,1833.157045,0,1.00,100,99d1c7fab316,2192,12
javascript,bytes,message,100,9,bser,2.1.1,228587,227228,14248,455815,4374.701973,4400.866090,2193.872514,0,1.00,100,99d1c7fab316,2193,13
javascript,bytes,message,100,9,v8-serializer,v8-13.6.233.17-node.48,42304,60358,12955,102662,23638.426626,16567.812055,9740.702499,0,1.00,100,99d1c7fab316,2194,14
javascript,bytes,message,100,9,fast-json-stringify,6.4.0,77308,59260,16546,136568,12935.271899,16874.789065,7322.359557,0,1.00,100,99d1c7fab316,2195,15
javascript,bytes,message,100,9,msgpackr,1.12.1,93494,87063,12231,180557,10695.873532,11485.935472,5538.417231,0,1.00,100,99d1c7fab316,2196,16
javascript,bytes,message,100,9,google-protobuf,3.21.4,1070,74439,5047,75509,934579.439252,13433.818294,13243.454423,0,1.00,100,99d1c7fab316,2197,17
javascript,bytes,message,100,9,simdjson-parse+JSON.stringify,0.9.2,47883,192375,16546,240258,20884.238665,5198.180637,4162.192310,0,1.00,100,99d1c7fab316,2198,18
javascript,bytes,message,100,9,devalue,5.8.1,311133,107824,18552,418957,3214.059582,9274.373052,2386.879799,0,1.00,100,99d1c7fab316,2199,19
javascript,bytes,message,100,10,fast-json-stringify,6.4.0,56722,45531,16546,102253,17629.843800,21963.058136,9779.664166,0,1.00,100,99d1c7fab316,2200,0
javascript,bytes,message,100,10,bebop,3.2.3,60070,100575,15859,160645,16647.244881,9942.828735,6224.905848,0,1.00,100,99d1c7fab316,2201,1
javascript,bytes,message,100,10,v8-serializer,v8-13.6.233.17-node.48,34464,54774,12955,89238,29015.784587,18256.837186,11205.988480,0,1.00,100,99d1c7fab316,2202,2
javascript,bytes,message,100,10,msgpackr,1.12.1,40899,79255,12231,120154,24450.475562,12617.500473,8322.652596,0,1.00,100,99d1c7fab316,2203,3
javascript,bytes,message,100,10,JSON.stringify,node-24.15.0,42907,44198,16546,87105,23306.220430,22625.458166,11480.397222,0,1.00,100,99d1c7fab316,2204,4
javascript,bytes,message,100,10,@msgpack/msgpack,3.1.3,111824,65892,12031,177716,8942.624124,15176.349177,5626.955367,0,1.00,100,99d1c7fab316,2205,5
javascript,bytes,message,100,10,devalue,5.8.1,716914,113169,18552,830083,1394.867446,8836.342108,1204.698807,0,1.00,100,99d1c7fab316,2206,6
javascript,bytes,message,100,10,simdjson-parse+JSON.stringify,0.9.2,81701,233409,16546,315110,12239.752267,4284.324940,3173.494970,0,1.00,100,99d1c7fab316,2207,7
javascript,bytes,message,100,10,cbor-x,1.6.4,43857,53422,5206,97279,22801.377203,18718.879862,10279.710935,0,1.00,100,99d1c7fab316,2208,8
javascript,bytes,message,100,10,bser,2.1.1,299495,188989,14248,488484,3338.953906,5291.313251,2047.149958,0,1.00,100,99d1c7fab316,2209,9
javascript,bytes,message,100,10,google-protobuf,3.21.4,1322,106036,5047,107358,756429.652042,9430.759365,9314.629557,0,1.00,100,99d1c7fab316,2210,10
javascript,bytes,message,100,10,flatbuffers,24.12.23,243356,129747,10404,373103,4109.206266,7707.307298,2680.225032,0,1.00,100,99d1c7fab316,2211,11
javascript,bytes,message,100,10,sia,2.3.0,364391,238237,15859,602628,2744.304881,4197.500808,1659.398501,0,1.00,100,99d1c7fab316,2212,12
javascript,bytes,message,100,10,json-pack-msgpack,18.28.0,92577,68137,12660,160714,10801.819026,14676.313897,6222.233284,0,1.00,100,99d1c7fab316,2213,13
javascript,bytes,message,100,10,protobufjs,7.6.5,81668,143198,5047,224866,12244.698046,6983.337756,4447.092935,0,1.00,100,99d1c7fab316,2214,14
javascript,bytes,message,100,10,bson,6.10.4,105154,135046,14057,240200,9509.861727,7404.884262,4163.197336,0,1.00,100,99d1c7fab316,2215,15
javascript,bytes,message,100,10,protobuf-es,2.12.1,375178,404943,4841,780121,2665.401489,2469.483359,1281.852431,0,1.00,100,99d1c7fab316,2216,16
javascript,bytes,message,100,10,avsc,5.7.9,192404,112804,4051,305208,5197.397144,8864.933868,3276.454090,0,1.00,100,99d1c7fab316,2217,17
javascript,bytes,message,100,10,flexbuffers,24.12.23,937411,605178,14566,1542589,1066.767939,1652.406399,648.260813,0,1.00,100,99d1c7fab316,2218,18
javascript,bytes,message,100,10,cbor,9.0.2,540502,682070,12030,1222572,1850.131914,1466.125178,817.947736,0,1.00,100,99d1c7fab316,2219,19
javascript,bytes,message,100,11,google-protobuf,3.21.4,1738,69019,5047,70757,575373.993096,14488.763964,14132.877312,0,1.00,100,99d1c7fab316,2220,0
javascript,bytes,message,100,11,bson,6.10.4,104097,135837,14057,239934,9606.424777,7361.764468,4167.812815,0,1.00,100,99d1c7fab316,2221,1
javascript,bytes,message,100,11,cbor,9.0.2,508450,639201,12030,1147651,1966.761727,1564.453122,871.345034,0,1.00,100,99d1c7fab316,2222,2
javascript,bytes,message,100,11,protobuf-es,2.12.1,318643,252864,4841,571507,3138.308389,3954.695014,1749.759845,0,1.00,100,99d1c7fab316,2223,3
javascript,bytes,message,100,11,protobufjs,7.6.5,62877,113944,5047,176821,15904.066670,8776.240960,5655.436854,0,1.00,100,99d1c7fab316,2224,4
javascript,bytes,message,100,11,cbor-x,1.6.4,41488,49840,5206,91328,24103.355187,20064.205457,10949.544499,0,1.00,100,99d1c7fab316,2225,5
javascript,bytes,message,100,11,bebop,3.2.3,62819,101690,15859,164509,15918.750696,9833.808634,6078.694783,0,1.00,100,99d1c7fab316,2226,6
javascript,bytes,message,100,11,bser,2.1.1,184780,206509,14248,391289,5411.841108,4842.403963,2555.655794,0,1.00,100,99d1c7fab316,2227,7
javascript,bytes,message,100,11,JSON.stringify,node-24.15.0,56735,64116,16546,120851,17625.804177,15596.730925,8274.652258,0,1.00,100,99d1c7fab316,2228,8
javascript,bytes,message,100,11,devalue,5.8.1,327384,104203,18552,431587,3054.517020,9596.652688,2317.029938,0,1.00,100,99d1c7fab316,2229,9
javascript,bytes,message,100,11,json-pack-msgpack,18.28.0,61396,67317,12660,128713,16287.706039,14855.088611,7769.223000,0,1.00,100,99d1c7fab316,2230,10
javascript,bytes,message,100,11,simdjson-parse+JSON.stringify,0.9.2,47021,183785,16546,230806,21267.093426,5441.140463,4332.642999,0,1.00,100,99d1c7fab316,2231,11
javascript,bytes,message,100,11,@msgpack/msgpack,3.1.3,88146,62471,12031,150617,11344.814285,16007.427446,6639.356779,0,1.00,100,99d1c7fab316,2232,12
javascript,bytes,message,100,11,msgpackr,1.12.1,46638,86814,12231,133452,21441.742785,11518.879443,7493.330935,0,1.00,100,99d1c7fab316,2233,13
javascript,bytes,message,100,11,flatbuffers,24.12.23,227659,98151,10404,325810,4392.534448,10188.383205,3069.273503,0,1.00,100,99d1c7fab316,2234,14
javascript,bytes,message,100,11,v8-serializer,v8-13.6.233.17-node.48,46560,59472,12955,106032,21477.663230,16814.635459,9431.115135,0,1.00,100,99d1c7fab316,2235,15
javascript,bytes,message,100,11,sia,2.3.0,341239,180165,15859,521404,2930.497393,5550.467627,1917.898597,0,1.00,100,99d1c7fab316,2236,16
javascript,bytes,message,100,11,avsc,5.7.9,161870,123716,4051,285586,6177.796998,8083.028873,3501.572206,0,1.00,100,99d1c7fab316,2237,17
javascript,bytes,message,100,11,flexbuffers,24.12.23,875953,585176,14566,1461129,1141.613762,1708.887583,684.402267,0,1.00,100,99d1c7fab316,2238,18
javascript,bytes,message,100,11,fast-json-stringify,6.4.0,85797,46752,16546,132549,11655.419187,21389.459274,7544.379814,0,1.00,100,99d1c7fab316,2239,19
javascript,bytes,message,100,12,devalue,5.8.1,305694,104017,18552,409711,3271.245101,9613.813127,2440.744818,0,1.00,100,99d1c7fab316,2240,0
javascript,bytes,message,100,12,protobufjs,7.6.5,59915,109812,5047,169727,16690.311274,9106.472881,5891.814502,0,1.00,100,99d1c7fab316,2241,1
javascript,bytes,message,100,12,v8-serializer,v8-13.6.233.17-node.48,38220,315389,12955,353609,26164.311879,3170.687627,2827.982319,0,1.00,100,99d1c7fab316,2242,2
javascript,bytes,message,100,12,avsc,5.7.9,244340,166198,4051,410538,4092.657772,6016.919578,2435.828108,0,1.00,100,99d1c7fab316,2243,3
javascript,bytes,message,100,12,JSON.stringify,node-24.15.0,60115,41545,16546,101660,16634.783332,24070.285233,9836.710604,0,1.00,100,99d1c7fab316,2244,4
javascript,bytes,message,100,12,bson,6.10.4,139664,138530,14057,278194,7160.041242,7218.652999,3594.613831,0,1.00,100,99d1c7fab316,2245,5
javascript,bytes,message,100,12,msgpackr,1.12.1,43056,87240,12231,130296,23225.566704,11462.631820,7674.832689,0,1.00,100,99d1c7fab316,2246,6
javascript,bytes,message,100,12,@msgpack/msgpack,3.1.3,93042,62847,12031,155889,10747.834311,15911.658472,6414.820802,0,1.00,100,99d1c7fab316,2247,7
javascript,bytes,message,100,12,json-pack-msgpack,18.28.0,60583,63987,12660,124570,16506.280640,15628.174473,8027.614996,0,1.00,100,99d1c7fab316,2248,8
javascript,bytes,message,100,12,bser,2.1.1,182667,209063,14248,391730,5474.442565,4783.247155,2552.778700,0,1.00,100,99d1c7fab316,2249,9
javascript,bytes,message,100,12,cbor,9.0.2,657594,741044,12030,1398638,1520.695140,1349.447536,714.981289,0,1.00,100,99d1c7fab316,2250,10
javascript,bytes,message,100,12,bebop,3.2.3,68133,101525,15859,169658,14677.175524,9849.790692,5894.210706,0,1.00,100,99d1c7fab316,2251,11
javascript,bytes,message,100,12,protobuf-es,2.12.1,383190,258448,4841,641638,2609.671442,3869.250294,1558.511185,0,1.00,100,99d1c7fab316,2252,12
javascript,bytes,message,100,12,fast-json-stringify,6.4.0,104194,76209,16546,180403,9597.481621,13121.809760,5543.145070,0,1.00,100,99d1c7fab316,2253,13
javascript,bytes,message,100,12,google-protobuf,3.21.4,1483,85015,5047,86498,674308.833446,11762.630124,11560.960947,0,1.00,100,99d1c7fab316,2254,14
javascript,bytes,message,100,12,flatbuffers,24.12.23,320382,96721,10404,417103,3121.273979,10339.016346,2397.489349,0,1.00,100,99d1c7fab316,2255,15
javascript,bytes,message,100,12,sia,2.3.0,335886,171947,15859,507833,2977.200598,5815.745550,1969.151276,0,1.00,100,99d1c7fab316,2256,16
javascript,bytes,message,100,12,flexbuffers,24.12.23,896796,602260,14566,1499056,1115.080799,1660.412446,667.086486,0,1.00,100,99d1c7fab316,2257,17
javascript,bytes,message,100,12,cbor-x,1.6.4,51369,53453,5206,104822,19466.993712,18708.023871,9539.982065,0,1.00,100,99d1c7fab316,2258,18
javascript,bytes,message,100,12,simdjson-parse+JSON.stringify,0.9.2,54549,176804,16546,231353,18332.141744,5655.980634,4322.399104,0,1.00,100,99d1c7fab316,2259,19
javascript,bytes,message,100,13,sia,2.3.0,321084,167396,15859,488480,3114.449801,5973.858396,2047.166721,0,1.00,100,99d1c7fab316,2260,0
javascript,bytes,message,100,13,cbor,9.0.2,749910,663795,12030,1413705,1333.493353,1506.489202,707.361154,0,1.00,100,99d1c7fab316,2261,1
javascript,bytes,message,100,13,@msgpack/msgpack,3.1.3,97974,68143,12031,166117,10206.789556,14675.021646,6019.853477,0,1.00,100,99d1c7fab316,2262,2
javascript,bytes,message,100,13,flexbuffers,24.12.23,953363,604858,14566,1558221,1048.918408,1653.280605,641.757491,0,1.00,100,99d1c7fab316,2263,3
javascript,bytes,message,100,13,json-pack-msgpack,18.28.0,58712,66590,12660,125302,17032.293228,15017.269860,7980.718584,0,1.00,100,99d1c7fab316,2264,4
javascript,bytes,message,100,13,google-protobuf,3.21.4,920,87574,5047,88494,1086956.521739,11418.914290,11300.201144,0,1.00,100,99d1c7fab316,2265,5
javascript,bytes,message,100,13,bebop,3.2.3,59827,101382,15859,161209,16714.861183,9863.683889,6203.127617,0,1.00,100,99d1c7fab316,2266,6
javascript,bytes,message,100,13,v8-serializer,v8-13.6.233.17-node.48,52232,64086,12955,116318,19145.351509,15604.032082,8597.121684,0,1.00,100,99d1c7fab316,2267,7
javascript,bytes,message,100,13,JSON.stringify,node-24.15.0,52060,62124,16546,114184,19208.605455,16096.838581,8757.794437,0,1.00,100,99d1c7fab316,2268,8
javascript,bytes,message,100,13,msgpackr,1.12.1,41416,88898,12231,130314,24145.257871,11248.846993,7673.772580,0,1.00,100,99d1c7fab316,2269,9
javascript,bytes,message,100,13,cbor-x,1.6.4,40839,46666,5206,87505,24486.397806,21428.877555,11427.918405,0,1.00,100,99d1c7fab316,2270,10
javascript,bytes,message,100,13,bson,6.10.4,105283,129720,14057,235003,9498.209587,7708.911502,4255.264826,0,1.00,100,99d1c7fab316,2271,11
javascript,bytes,message,100,13,fast-json-stringify,6.4.0,77954,48722,16546,126676,12828.078097,20524.609006,7894.155168,0,1.00,100,99d1c7fab316,2272,12
javascript,bytes,message,100,13,flatbuffers,24.12.23,221572,97756,10404,319328,4513.205640,10229.551127,3131.576310,0,1.00,100,99d1c7fab316,2273,13
javascript,bytes,message,100,13,devalue,5.8.1,293576,101236,18552,394812,3406.272992,9877.909044,2532.851078,0,1.00,100,99d1c7fab316,2274,14
javascript,bytes,message,100,13,simdjson-parse+JSON.stringify,0.9.2,42508,170539,16546,213047,23524.983533,5863.761368,4693.799960,0,1.00,100,99d1c7fab316,2275,15
javascript,bytes,message,100,13,protobuf-es,2.12.1,339472,228148,4841,567620,2945.751049,4383.119729,1761.742010,0,1.00,100,99d1c7fab316,2276,16
javascript,bytes,message,100,13,bser,2.1.1,186112,174009,14248,360121,5373.108666,5746.829187,2776.844450,0,1.00,100,99d1c7fab316,2277,17
javascript,bytes,message,100,13,avsc,5.7.9,154172,103986,4051,258158,6486.262097,9616.679168,3873.596790,0,1.00,100,99d1c7fab316,2278,18
javascript,bytes,message,100,13,protobufjs,7.6.5,60525,127899,5047,188424,16522.098306,7818.669419,5307.179552,0,1.00,100,99d1c7fab316,2279,19
javascript,bytes,message,100,14,google-protobuf,3.21.4,1519,58184,5047,59703,658327.847268,17186.855493,16749.577073,0,1.00,100,99d1c7fab316,2280,0
javascript,bytes,message,100,14,bebop,3.2.3,57057,102323,15859,159380,17526.333316,9772.973818,6274.312963,0,1.00,100,99d1c7fab316,2281,1
javascript,bytes,message,100,14,bser,2.1.1,164459,212332,14248,376791,6080.542871,4709.605712,2653.991205,0,1.00,100,99d1c7fab316,2282,2
javascript,bytes,message,100,14,cbor,9.0.2,1110963,645252,12030,1756215,900.119986,1549.782101,569.406365,0,1.00,100,99d1c7fab316,2283,3
javascript,bytes,message,100,14,avsc,5.7.9,182661,110185,4051,292846,5474.622388,9075.645505,3414.764074,0,1.00,100,99d1c7fab316,2284,4
javascript,bytes,message,100,14,flatbuffers,24.12.23,239602,97741,10404,337343,4173.587867,10231.121024,2964.341931,0,1.00,100,99d1c7fab316,2285,5
javascript,bytes,message,100,14,json-pack-msgpack,18.28.0,80043,68227,12660,148270,12493.284859,14656.953992,6744.452688,0,1.00,100,99d1c7fab316,2286,6
javascript,bytes,message,100,14,protobufjs,7.6.5,85362,106360,5047,191722,11714.814554,9402.030839,5215.885501,0,1.00,100,99d1c7fab316,2287,7
javascript,bytes,message,100,14,JSON.stringify,node-24.15.0,47510,45894,16546,93404,21048.200379,21789.340655,10706.179607,0,1.00,100,99d1c7fab316,2288,8
javascript,bytes,message,100,14,sia,2.3.0,328372,169580,15859,497952,3045.326642,5896.921807,2008.225692,0,1.00,100,99d1c7fab316,2289,9
javascript,bytes,message,100,14,bson,6.10.4,111501,144797,14057,256298,8968.529430,6906.220433,3901.708168,0,1.00,100,99d1c7fab316,2290,10
javascript,bytes,message,100,14,fast-json-stringify,6.4.0,80937,45615,16546,126552,12355.288681,21922.613175,7901.890132,0,1.00,100,99d1c7fab316,2291,11
javascript,bytes,message,100,14,@msgpack/msgpack,3.1.3,93170,69516,12031,162686,10733.068584,14385.177513,6146.810420,0,1.00,100,99d1c7fab316,2292,12
javascript,bytes,message,100,14,flexbuffers,24.12.23,863376,552232,14566,1415608,1158.243917,1810.833128,706.410249,0,1.00,100,99d1c7fab316,2293,13
javascript,bytes,message,100,14,cbor-x,1.6.4,33074,57910,5206,90984,30235.230090,17268.174754,10990.943463,0,1.00,100,99d1c7fab316,2294,14
javascript,bytes,message,100,14,simdjson-parse+JSON.stringify,0.9.2,79568,179523,16546,259091,12567.866479,5570.316895,3859.647769,0,1.00,100,99d1c7fab316,2295,15
javascript,bytes,message,100,14,protobuf-es,2.12.1,331301,239681,4841,570982,3018.403204,4172.212232,1751.368695,0,1.00,100,99d1c7fab316,2296,16
javascript,bytes,message,100,14,devalue,5.8.1,333486,102553,18552,436039,2998.626629,9751.055552,2293.372841,0,1.00,100,99d1c7fab316,2297,17
javascript,bytes,message,100,14,msgpackr,1.12.1,48692,89378,12231,138070,20537.254580,11188.435633,7242.702977,0,1.00,100,99d1c7fab316,2298,18
javascript,bytes,message,100,14,v8-serializer,v8-13.6.233.17-node.48,39793,70521,12955,110314,25130.047998,14180.173282,9065.032543,0,1.00,100,99d1c7fab316,2299,19
javascript,bytes,message,100,15,bebop,3.2.3,60082,96104,15859,156186,16643.919976,10405.394156,6402.622514,0,1.00,100,99d1c7fab316,2300,0
javascript,bytes,message,100,15,devalue,5.8.1,311236,103562,18552,414798,3212.995926,9656.051447,2410.812010,0,1.00,100,99d1c7fab316,2301,1
javascript,bytes,message,100,15,msgpackr,1.12.1,36909,73913,12231,110822,27093.662792,13529.419723,9023.479093,0,1.00,100,99d1c7fab316,2302,2
javascript,bytes,message,100,15,protobufjs,7.6.5,56855,89492,5047,146347,17588.602586,11174.183167,6833.074815,0,1.00,100,99d1c7fab316,2303,3
javascript,bytes,message,100,15,json-pack-msgpack,18.28.0,63967,66697,12660,130664,15633.060797,14993.178104,7653.217413,0,1.00,100,99d1c7fab316,2304,4
javascript,bytes,message,100,15,bson,6.10.4,113602,144796,14057,258398,8802.661925,6906.268129,3869.998994,0,1.00,100,99d1c7fab316,2305,5
javascript,bytes,message,100,15,protobuf-es,2.12.1,274007,230597,4841,504604,3649.541800,4336.569860,1981.752027,0,1.00,100,99d1c7fab316,2306,6
javascript,bytes,message,100,15,flatbuffers,24.12.23,208868,92405,10404,301273,4787.712814,10821.925220,3319.248655,0,1.00,100,99d1c7fab316,2307,7
javascript,bytes,message,100,15,cbor,9.0.2,534150,640391,12030,1174541,1872.133296,1561.545993,851.396418,0,1.00,100,99d1c7fab316,2308,8
javascript,bytes,message,100,15,JSON.stringify,node-24.15.0,51877,53954,16546,105831,19276.365249,18534.307002,9449.027223,0,1.00,100,99d1c7fab316,2309,9
javascript,bytes,message,100,15,sia,2.3.0,360728,168863,15859,529591,2772.171830,5921.960406,1888.249611,0,1.00,100,99d1c7fab316,2310,10
javascript,bytes,message,100,15,bser,2.1.1,168761,172855,14248,341616,5925.539669,5785.195684,2927.263360,0,1.00,100,99d1c7fab316,2311,11
javascript,bytes,message,100,15,google-protobuf,3.21.4,1728,63451,5047,65179,578703.703704,15760.192905,15342.364872,0,1.00,100,99d1c7fab316,2312,12
javascript,bytes,message,100,15,fast-json-stringify,6.4.0,68526,47786,16546,116312,14593.001197,20926.631231,8597.565170,0,1.00,100,99d1c7fab316,2313,13
javascript,bytes,message,100,15,cbor-x,1.6.4,33034,59299,5206,92333,30271.841133,16863.690787,10830.364009,0,1.00,100,99d1c7fab316,2314,14
javascript,bytes,message,100,15,v8-serializer,v8-13.6.233.17-node.48,40416,56068,12955,96484,24742.676168,17835.485482,10364.412752,0,1.00,100,99d1c7fab316,2315,15
javascript,bytes,message,100,15,@msgpack/msgpack,3.1.3,86197,60231,12031,146428,11601.331833,16602.746094,6829.294944,0,1.00,100,99d1c7fab316,2316,16
javascript,bytes,message,100,15,avsc,5.7.9,168637,131652,4051,300289,5929.896760,7595.782821,3330.125313,0,1.00,100,99d1c7fab316,2317,17
javascript,bytes,message,100,15,simdjson-parse+JSON.stringify,0.9.2,42770,177952,16546,220722,23380.874445,5619.492897,4530.585986,0,1.00,100,99d1c7fab316,2318,18
javascript,bytes,message,100,15,flexbuffers,24.12.23,890782,551873,14566,1442655,1122.609123,1812.011097,693.166419,0,1.00,100,99d1c7fab316,2319,19
javascript,bytes,message,100,16,@msgpack/msgpack,3.1.3,83343,65022,12031,148365,11998.608161,15379.410046,6740.134129,0,1.00,100,99d1c7fab316,2320,0
javascript,bytes,message,100,16,flexbuffers,24.12.23,802229,944021,14566,1746250,1246.526865,1059.298469,572.655691,0,1.00,100,99d1c7fab316,2321,1
javascript,bytes,message,100,16,sia,2.3.0,619387,173633,15859,793020,1614.499497,5759.273871,1261.002245,0,1.00,100,99d1c7fab316,2322,2
javascript,bytes,message,100,16,simdjson-parse+JSON.stringify,0.9.2,48373,188022,16546,236395,20672.689310,5318.526555,4230.207915,0,1.00,100,99d1c7fab316,2323,3
javascript,bytes,message,100,16,google-protobuf,3.21.4,1027,60401,5047,61428,973709.834469,16556.017284,16279.221202,0,1.00,100,99d1c7fab316,2324,4
javascript,bytes,message,100,16,protobufjs,7.6.5,63130,100541,5047,163671,15840.329479,9946.191106,6109.817866,0,1.00,100,99d1c7fab316,2325,5
javascript,bytes,message,100,16,v8-serializer,v8-13.6.233.17-node.48,38442,54812,12955,93254,26013.214713,18244.180107,10723.400605,0,1.00,100,99d1c7fab316,2326,6
javascript,bytes,message,100,16,fast-json-stringify,6.4.0,75608,53334,16546,128942,13226.113639,18749.765628,7755.424920,0,1.00,100,99d1c7fab316,2327,7
javascript,bytes,message,100,16,cbor-x,1.6.4,32875,43205,5206,76080,30418.250951,23145.469274,13144.058885,0,1.00,100,99d1c7fab316,2328,8
javascript,bytes,message,100,16,devalue,5.8.1,297390,85868,18552,383258,3362.587848,11645.781898,2609.208418,0,1.00,100,99d1c7fab316,2329,9
javascript,bytes,message,100,16,bser,2.1.1,194847,169776,14248,364623,5132.231956,5890.114033,2742.558752,0,1.00,100,99d1c7fab316,2330,10
javascript,bytes,message,100,16,bson,6.10.4,100931,96300,14057,197231,9907.758766,10384.215992,5070.196876,0,1.00,100,99d1c7fab316,2331,11
javascript,bytes,message,100,16,bebop,3.2.3,58179,97118,15859,155297,17188.332560,10296.752404,6439.274423,0,1.00,100,99d1c7fab316,2332,12
javascript,bytes,message,100,16,flatbuffers,24.12.23,223491,93064,10404,316555,4474.453110,10745.293561,3159.008703,0,1.00,100,99d1c7fab316,2333,13
javascript,bytes,message,100,16,json-pack-msgpack,18.28.0,53628,47268,12660,100896,18646.975461,21155.961750,9911.195687,0,1.00,100,99d1c7fab316,2334,14
javascript,bytes,message,100,16,avsc,5.7.9,152894,101193,4051,254087,6540.479025,9882.106470,3935.659833,0,1.00,100,99d1c7fab316,2335,15
javascript,bytes,message,100,16,cbor,9.0.2,516173,695268,12030,1211441,1937.334963,1438.294298,825.463229,0,1.00,100,99d1c7fab316,2336,16
javascript,bytes,message,100,16,protobuf-es,2.12.1,303428,223857,4841,527285,3295.674756,4467.137503,1896.507581,0,1.00,100,99d1c7fab316,2337,17
javascript,bytes,message,100,16,JSON.stringify,node-24.15.0,43421,46464,16546,89885,23030.330946,21522.038567,11125.326806,0,1.00,100,99d1c7fab316,2338,18
javascript,bytes,message,100,16,msgpackr,1.12.1,42188,80606,12231,122794,23703.422774,12406.024365,8143.720377,0,1.00,100,99d1c7fab316,2339,19
javascript,bytes,message,100,17,v8-serializer,v8-13.6.233.17-node.48,44893,54099,12955,98992,22275.187668,18484.630030,10101.826410,0,1.00,100,99d1c7fab316,2340,0
javascript,bytes,message,100,17,bebop,3.2.3,104166,102912,15859,207078,9600.061440,9717.039801,4829.098214,0,1.00,100,99d1c7fab316,2341,1
javascript,bytes,message,100,17,avsc,5.7.9,142368,95184,4051,237552,7024.050348,10505.967389,4209.604634,0,1.00,100,99d1c7fab316,2342,2
javascript,bytes,message,100,17,@msgpack/msgpack,3.1.3,83848,61009,12031,144857,11926.342906,16391.024275,6903.359865,0,1.00,100,99d1c7fab316,2343,3
javascript,bytes,message,100,17,sia,2.3.0,351996,164614,15859,516610,2840.941374,6074.817452,1935.696173,0,1.00,100,99d1c7fab316,2344,4
javascript,bytes,message,100,17,protobuf-es,2.12.1,251641,216243,4841,467884,3973.915220,4624.427149,2137.281890,0,1.00,100,99d1c7fab316,2345,5
javascript,bytes,message,100,17,devalue,5.8.1,255550,86275,18552,341825,3913.128546,11590.843234,2925.473561,0,1.00,100,99d1c7fab316,2346,6
javascript,bytes,message,100,17,JSON.stringify,node-24.15.0,43321,39976,16546,83297,23083.492994,25015.009005,12005.234282,0,1.00,100,99d1c7fab316,2347,7
javascript,bytes,message,100,17,fast-json-stringify,6.4.0,57253,38638,16546,95891,17466.333642,25881.256794,10428.507368,0,1.00,100,99d1c7fab316,2348,8
javascript,bytes,message,100,17,simdjson-parse+JSON.stringify,0.9.2,37510,172880,16546,210390,26659.557451,5784.359093,4753.077618,0,1.00,100,99d1c7fab316,2349,9
javascript,bytes,message,100,17,bson,6.10.4,100080,100319,14057,200399,9992.006395,9968.201437,4990.044861,0,1.00,100,99d1c7fab316,2350,10
javascript,bytes,message,100,17,flexbuffers,24.12.23,890407,554561,14566,1444968,1123.081916,1803.228139,692.056848,0,1.00,100,99d1c7fab316,2351,11
javascript,bytes,message,100,17,flatbuffers,24.12.23,230965,94682,10404,325647,4329.660338,10561.669589,3070.809803,0,1.00,100,99d1c7fab316,2352,12
javascript,bytes,message,100,17,msgpackr,1.12.1,50788,82090,12231,132878,19689.690478,12181.751736,7525.700266,0,1.00,100,99d1c7fab316,2353,13
javascript,bytes,message,100,17,cbor,9.0.2,544138,627582,12030,1171720,1837.769095,1593.417275,853.446216,0,1.00,100,99d1c7fab316,2354,14
javascript,bytes,message,100,17,cbor-x,1.6.4,34900,44910,5206,79810,28653.295129,22266.755734,12529.758176,0,1.00,100,99d1c7fab316,2355,15
javascript,bytes,message,100,17,json-pack-msgpack,18.28.0,55217,48092,12660,103309,18110.364562,20793.479165,9679.698768,0,1.00,100,99d1c7fab316,2356,16
javascript,bytes,message,100,17,google-protobuf,3.21.4,886,64632,5047,65518,1128668.171558,15472.211907,15262.981165,0,1.00,100,99d1c7fab316,2357,17
javascript,bytes,message,100,17,protobufjs,7.6.5,59256,114104,5047,173360,16875.928176,8763.934656,5768.343332,0,1.00,100,99d1c7fab316,2358,18
javascript,bytes,message,100,17,bser,2.1.1,166692,186725,14248,353417,5999.088139,5355.469273,2829.518671,0,1.00,100,99d1c7fab316,2359,19
javascript,bytes,message,100,18,@msgpack/msgpack,3.1.3,86019,59922,12031,145941,11625.338588,16688.361537,6852.084061,0,1.00,100,99d1c7fab316,2360,0
javascript,bytes,message,100,18,avsc,5.7.9,172011,107716,4051,279727,5813.581690,9283.671878,3574.914113,0,1.00,100,99d1c7fab316,2361,1
javascript,bytes,message,100,18,sia,2.3.0,320430,165826,15859,486256,3120.806416,6030.417425,2056.529894,0,1.00,100,99d1c7fab316,2362,2
javascript,bytes,message,100,18,msgpackr,1.12.1,39939,82457,12231,122396,25038.183229,12127.533138,8170.201641,0,1.00,100,99d1c7fab316,2363,3
javascript,bytes,message,100,18,JSON.stringify,node-24.15.0,41205,46728,16546,87933,24268.899405,21400.445129,11372.294815,0,1.00,100,99d1c7fab316,2364,4
javascript,bytes,message,100,18,bebop,3.2.3,62434,100416,15859,162850,16016.913861,9958.572339,6140.620203,0,1.00,100,99d1c7fab316,2365,5
javascript,bytes,message,100,18,v8-serializer,v8-13.6.233.17-node.48,38881,56757,12955,95638,25719.503099,17618.972109,10456.094858,0,1.00,100,99d1c7fab316,2366,6
javascript,bytes,message,100,18,devalue,5.8.1,268183,125596,18552,393779,3728.797127,7962.037008,2539.495504,0,1.00,100,99d1c7fab316,2367,7
javascript,bytes,message,100,18,google-protobuf,3.21.4,1024,67057,5047,68081,976562.500000,14912.686222,14688.385893,0,1.00,100,99d1c7fab316,2368,8
javascript,bytes,message,100,18,protobuf-es,2.12.1,640923,464420,4841,1105343,1560.249827,2153.223375,904.696551,0,1.00,100,99d1c7fab316,2369,9
javascript,bytes,message,100,18,simdjson-parse+JSON.stringify,0.9.2,53070,213128,16546,266198,18843.037498,4692.016065,3756.602228,0,1.00,100,99d1c7fab316,2370,10
javascript,bytes,message,100,18,flatbuffers,24.12.23,226784,92201,10404,318985,4409.482150,10845.869351,3134.943649,0,1.00,100,99d1c7fab316,2371,11
javascript,bytes,message,100,18,fast-json-stringify,6.4.0,63532,49542,16546,113074,15740.099477,20184.893626,8843.766029,0,1.00,100,99d1c7fab316,2372,12
javascript,bytes,message,100,18,bson,6.10.4,100234,133084,14057,233318,9976.654628,7514.051276,4285.995937,0,1.00,100,99d1c7fab316,2373,13
javascript,bytes,message,100,18,protobufjs,7.6.5,73112,83996,5047,157108,13677.645257,11905.328825,6365.048247,0,1.00,100,99d1c7fab316,2374,14
javascript,bytes,message,100,18,cbor,9.0.2,501096,608589,12030,1109685,1995.625589,1643.145045,901.156635,0,1.00,100,99d1c7fab316,2375,15
javascript,bytes,message,100,18,cbor-x,1.6.4,30656,43334,5206,73990,32620.041754,23076.568053,13515.339911,0,1.00,100,99d1c7fab316,2376,16
javascript,bytes,message,100,18,bser,2.1.1,161092,162978,14248,324070,6207.632905,6135.797470,3085.753078,0,1.00,100,99d1c7fab316,2377,17
javascript,bytes,message,100,18,json-pack-msgpack,18.28.0,52607,46402,12660,99009,19008.877146,21550.795224,10100.091911,0,1.00,100,99d1c7fab316,2378,18
javascript,bytes,message,100,18,flexbuffers,24.12.23,892730,617496,14566,1510226,1120.159511,1619.443689,662.152552,0,1.00,100,99d1c7fab316,2379,19
javascript,bytes,message,100,19,cbor-x,1.6.4,32567,35396,5206,67963,30705.929315,28251.779862,14713.888439,0,1.00,100,99d1c7fab316,2380,0
javascript,bytes,message,100,19,bser,2.1.1,158703,175753,14248,334456,6301.078114,5689.803303,2989.929916,0,1.00,100,99d1c7fab316,2381,1
javascript,bytes,message,100,19,sia,2.3.0,315089,163077,15859,478166,3173.706477,6132.072579,2091.323934,0,1.00,100,99d1c7fab316,2382,2
javascript,bytes,message,100,19,cbor,9.0.2,585141,627320,12030,1212461,1708.989799,1594.082765,824.768797,0,1.00,100,99d1c7fab316,2383,3
javascript,bytes,message,100,19,@msgpack/msgpack,3.1.3,85598,62132,12031,147730,11682.515947,16094.765982,6769.105801,0,1.00,100,99d1c7fab316,2384,4
javascript,bytes,message,100,19,devalue,5.8.1,261481,93599,18552,355080,3824.369648,10683.874828,2816.266757,0,1.00,100,99d1c7fab316,2385,5
javascript,bytes,message,100,19,fast-json-stringify,6.4.0,53671,45147,16546,98818,18632.035923,22149.865993,10119.613836,0,1.00,100,99d1c7fab316,2386,6
javascript,bytes,message,100,19,JSON.stringify,node-24.15.0,47810,41086,16546,88896,20916.126333,24339.190965,11249.100072,0,1.00,100,99d1c7fab316,2387,7
javascript,bytes,message,100,19,protobuf-es,2.12.1,256267,186390,4841,442657,3902.180148,5365.094694,2259.085477,0,1.00,100,99d1c7fab316,2388,8
javascript,bytes,message,100,19,protobufjs,7.6.5,61425,81053,5047,142478,16280.016280,12337.606258,7018.627437,0,1.00,100,99d1c7fab316,2389,9
javascript,bytes,message,100,19,flatbuffers,24.12.23,207583,107429,10404,315012,4817.350168,9308.473503,3174.482242,0,1.00,100,99d1c7fab316,2390,10
javascript,bytes,message,100,19,flexbuffers,24.12.23,814683,545565,14566,1360248,1227.471299,1832.962158,735.160059,0,1.00,100,99d1c7fab316,2391,11
javascript,bytes,message,100,19,v8-serializer,v8-13.6.233.17-node.48,39222,55961,12955,95183,25495.895161,17869.587749,10506.077766,0,1.00,100,99d1c7fab316,2392,12
javascript,bytes,message,100,19,json-pack-msgpack,18.28.0,68064,47957,12660,116021,14692.054537,20852.013262,8619.129296,0,1.00,100,99d1c7fab316,2393,13
javascript,bytes,message,100,19,avsc,5.7.9,156412,103326,4051,259738,6393.371353,9678.106188,3850.033495,0,1.00,100,99d1c7fab316,2394,14
javascript,bytes,message,100,19,bson,6.10.4,101204,102166,14057,203370,9881.032370,9787.992091,4917.146088,0,1.00,100,99d1c7fab316,2395,15
javascript,bytes,message,100,19,simdjson-parse+JSON.stringify,0.9.2,42850,188723,16546,231573,23337.222870,5298.771215,4318.292720,0,1.00,100,99d1c7fab316,2396,16
javascript,bytes,message,100,19,google-protobuf,3.21.4,1139,58769,5047,59908,877963.125549,17015.773622,16692.261468,0,1.00,100,99d1c7fab316,2397,17
javascript,bytes,message,100,19,msgpackr,1.12.1,43646,79010,12231,122656,22911.607020,12656.625744,8152.882859,0,1.00,100,99d1c7fab316,2398,18
javascript,bytes,message,100,19,bebop,3.2.3,61104,105022,15859,166126,16365.540717,9521.814477,6019.527347,0,1.00,100,99d1c7fab316,2399,19
javascript,bytes,message,100,20,flatbuffers,24.12.23,205013,91113,10404,296126,4877.739460,10975.382218,3376.940897,0,1.00,100,99d1c7fab316,2400,0
javascript,bytes,message,100,20,avsc,5.7.9,149264,98821,4051,248085,6699.539072,10119.306625,4030.876514,0,1.00,100,99d1c7fab316,2401,1
javascript,bytes,message,100,20,devalue,5.8.1,256001,82531,18552,338532,3906.234741,12116.659195,2953.930500,0,1.00,100,99d1c7fab316,2402,2
javascript,bytes,message,100,20,msgpackr,1.12.1,41333,76001,12231,117334,24193.743498,13157.721609,8522.678848,0,1.00,100,99d1c7fab316,2403,3
javascript,bytes,message,100,20,bebop,3.2.3,55771,96456,15859,152227,17930.465654,10367.421415,6569.136881,0,1.00,100,99d1c7fab316,2404,4
javascript,bytes,message,100,20,cbor,9.0.2,504635,1026561,12030,1531196,1981.630287,974.126233,653.084256,0,1.00,100,99d1c7fab316,2405,5
javascript,bytes,message,100,20,google-protobuf,3.21.4,1514,59252,5047,60766,660501.981506,16877.067441,16456.571109,0,1.00,100,99d1c7fab316,2406,6
javascript,bytes,message,100,20,protobuf-es,2.12.1,460990,186857,4841,647847,2169.244452,5351.686049,1543.574332,0,1.00,100,99d1c7fab316,2407,7
javascript,bytes,message,100,20,bson,6.10.4,98650,96304,14057,194954,10136.847440,10383.784682,5129.415144,0,1.00,100,99d1c7fab316,2408,8
javascript,bytes,message,100,20,bser,2.1.1,163236,164594,14248,327830,6126.099635,6075.555610,3050.361468,0,1.00,100,99d1c7fab316,2409,9
javascript,bytes,message,100,20,@msgpack/msgpack,3.1.3,83140,60737,12031,143877,12027.904739,16464.428602,6950.381228,0,1.00,100,99d1c7fab316,2410,10
javascript,bytes,message,100,20,cbor-x,1.6.4,29973,39956,5206,69929,33363.360358,25027.530283,14300.218793,0,1.00,100,99d1c7fab316,2411,11
javascript,bytes,message,100,20,fast-json-stringify,6.4.0,59871,50618,16546,110489,16702.577208,19755.818088,9050.674728,0,1.00,100,99d1c7fab316,2412,12
javascript,bytes,message,100,20,JSON.stringify,node-24.15.0,48007,40477,16546,88484,20830.295582,24705.388245,11301.478233,0,1.00,100,99d1c7fab316,2413,13
javascript,bytes,message,100,20,json-pack-msgpack,18.28.0,52352,46333,12660,98685,19101.466993,21582.889086,10133.252267,0,1.00,100,99d1c7fab316,2414,14
javascript,bytes,message,100,20,simdjson-parse+JSON.stringify,0.9.2,37542,167597,16546,205139,26636.833413,5966.693915,4874.743467,0,1.00,100,99d1c7fab316,2415,15
javascript,bytes,message,100,20,flexbuffers,24.12.23,829057,545460,14566,1374517,1206.189683,1833.315000,727.528288,0,1.00,100,99d1c7fab316,2416,16
javascript,bytes,message,100,20,protobufjs,7.6.5,59275,105960,5047,165235,16870.518768,9437.523594,6051.986565,0,1.00,100,99d1c7fab316,2417,17
javascript,bytes,message,100,20,sia,2.3.0,330725,163982,15859,494707,3023.660141,6098.230294,2021.398525,0,1.00,100,99d1c7fab316,2418,18
javascript,bytes,message,100,20,v8-serializer,v8-13.6.233.17-node.48,39362,53907,12955,93269,25405.213150,18550.466544,10721.676012,0,1.00,100,99d1c7fab316,2419,19
javascript,bytes,message,100,21,fast-json-stringify,6.4.0,57546,51733,16546,109279,17377.402426,19330.021456,9150.889009,0,1.00,100,99d1c7fab316,2420,0
javascript,bytes,message,100,21,sia,2.3.0,309352,159065,15859,468417,3232.563552,6286.738126,2134.849931,0,1.00,100,99d1c7fab316,2421,1
javascript,bytes,message,100,21,bebop,3.2.3,57333,110105,15859,167438,17441.961872,9082.239680,5972.359918,0,1.00,100,99d1c7fab316,2422,2
javascript,bytes,message,100,21,devalue,5.8.1,249933,86054,18552,335987,4001.072287,11620.610314,2976.305631,0,1.00,100,99d1c7fab316,2423,3
javascript,bytes,message,100,21,cbor,9.0.2,517375,619587,12030,1136962,1932.834018,1613.978344,879.536871,0,1.00,100,99d1c7fab316,2424,4
javascript,bytes,message,100,21,@msgpack/msgpack,3.1.3,87372,61365,12031,148737,11445.314288,16295.934164,6723.276656,0,1.00,100,99d1c7fab316,2425,5
javascript,bytes,message,100,21,flexbuffers,24.12.23,956864,586799,14566,1543663,1045.080597,1704.161050,647.809787,0,1.00,100,99d1c7fab316,2426,6
javascript,bytes,message,100,21,bser,2.1.1,178185,174961,14248,353146,5612.144681,5715.559468,2831.690009,0,1.00,100,99d1c7fab316,2427,7
javascript,bytes,message,100,21,json-pack-msgpack,18.28.0,59690,51614,12660,111304,16753.224996,19374.588290,8984.403076,0,1.00,100,99d1c7fab316,2428,8
javascript,bytes,message,100,21,bson,6.10.4,110889,101500,14057,212389,9018.027036,9852.216749,4708.341769,0,1.00,100,99d1c7fab316,2429,9
javascript,bytes,message,100,21,protobuf-es,2.12.1,269409,225386,4841,494795,3711.828484,4436.832811,2021.039016,0,1.00,100,99d1c7fab316,2430,10
javascript,bytes,message,100,21,flatbuffers,24.12.23,218417,96494,10404,314911,4578.398202,10363.338653,3175.500379,0,1.00,100,99d1c7fab316,2431,11
javascript,bytes,message,100,21,protobufjs,7.6.5,87541,90094,5047,177635,11423.218835,11099.518281,5629.521209,0,1.00,100,99d1c7fab316,2432,12
javascript,bytes,message,100,21,v8-serializer,v8-13.6.233.17-node.48,44761,59534,12955,104295,22340.877103,16797.124332,9588.187353,0,1.00,100,99d1c7fab316,2433,13
javascript,bytes,message,100,21,cbor-x,1.6.4,36911,49127,5206,86038,27092.194739,20355.405378,11622.771334,0,1.00,100,99d1c7fab316,2434,14
javascript,bytes,message,100,21,google-protobuf,3.21.4,1297,67585,5047,68882,771010.023130,14796.182585,14517.580790,0,1.00,100,99d1c7fab316,2435,15
javascript,bytes,message,100,21,avsc,5.7.9,174817,108836,4051,283653,5720.267480,9188.136278,3525.434245,0,1.00,100,99d1c7fab316,2436,16
javascript,bytes,message,100,21,msgpackr,1.12.1,42010,83025,12231,125035,23803.856225,12044.564890,7997.760627,0,1.00,100,99d1c7fab316,2437,17
javascript,bytes,message,100,21,JSON.stringify,node-24.15.0,45476,43399,16546,88875,21989.620899,23042.005576,11251.758087,0,1.00,100,99d1c7fab316,2438,18
javascript,bytes,message,100,21,simdjson-parse+JSON.stringify,0.9.2,50082,176005,16546,226087,19967.253704,5681.656771,4423.076072,0,1.00,100,99d1c7fab316,2439,19
javascript,bytes,message,100,22,protobufjs,7.6.5,64210,85672,5047,149882,15573.898147,11672.425063,6671.915240,0,1.00,100,99d1c7fab316,2440,0
javascript,bytes,message,100,22,cbor-x,1.6.4,32438,61129,5206,93567,30828.041186,16358.847683,10687.528723,0,1.00,100,99d1c7fab316,2441,1
javascript,bytes,message,100,22,bson,6.10.4,107636,101886,14057,209522,9290.571928,9814.891153,4772.768492,0,1.00,100,99d1c7fab316,2442,2
javascript,bytes,message,100,22,flexbuffers,24.12.23,882749,568692,14566,1451441,1132.824846,1758.421079,688.970478,0,1.00,100,99d1c7fab316,2443,3
javascript,bytes,message,100,22,protobuf-es,2.12.1,298262,194403,4841,492665,3352.756972,5143.953540,2029.776826,0,1.00,100,99d1c7fab316,2444,4
javascript,bytes,message,100,22,@msgpack/msgpack,3.1.3,93742,73628,12031,167370,10667.576967,13581.789537,5974.786401,0,1.00,100,99d1c7fab316,2445,5
javascript,bytes,message,100,22,v8-serializer,v8-13.6.233.17-node.48,47134,62003,12955,109137,21216.107269,16128.251859,9162.795386,0,1.00,100,99d1c7fab316,2446,6
javascript,bytes,message,100,22,avsc,5.7.9,178026,101460,4051,279486,5617.157044,9856.100926,3577.996751,0,1.00,100,99d1c7fab316,2447,7
javascript,bytes,message,100,22,devalue,5.8.1,274952,88115,18552,363067,3636.998458,11348.805538,2754.312565,0,1.00,100,99d1c7fab316,2448,8
javascript,bytes,message,100,22,JSON.stringify,node-24.15.0,39218,39216,16546,78434,25498.495589,25499.796002,12749.572889,0,1.00,100,99d1c7fab316,2449,9
javascript,bytes,message,100,22,google-protobuf,3.21.4,1256,61342,5047,62598,796178.343949,16302.044276,15974.951276,0,1.00,100,99d1c7fab316,2450,10
javascript,bytes,message,100,22,sia,2.3.0,301165,515206,15859,816371,3320.438962,1940.971184,1224.933272,0,1.00,100,99d1c7fab316,2451,11
javascript,bytes,message,100,22,cbor,9.0.2,799698,698267,12030,1497965,1250.472053,1432.116941,667.572340,0,1.00,100,99d1c7fab316,2452,12
javascript,bytes,message,100,22,bebop,3.2.3,62587,93338,15859,155925,15977.758960,10713.750027,6413.339747,0,1.00,100,99d1c7fab316,2453,13
javascript,bytes,message,100,22,fast-json-stringify,6.4.0,61116,52874,16546,113990,16362.327377,18912.887241,8772.699360,0,1.00,100,99d1c7fab316,2454,14
javascript,bytes,message,100,22,flatbuffers,24.12.23,214746,119138,10404,333884,4656.664152,8393.627558,2995.052174,0,1.00,100,99d1c7fab316,2455,15
javascript,bytes,message,100,22,msgpackr,1.12.1,39687,80383,12231,120070,25197.167838,12440.441387,8328.475056,0,1.00,100,99d1c7fab316,2456,16
javascript,bytes,message,100,22,json-pack-msgpack,18.28.0,67315,46694,12660,114009,14855.529971,21416.027755,8771.237358,0,1.00,100,99d1c7fab316,2457,17
javascript,bytes,message,100,22,simdjson-parse+JSON.stringify,0.9.2,47347,193030,16546,240377,21120.662344,5180.541885,4160.131793,0,1.00,100,99d1c7fab316,2458,18
javascript,bytes,message,100,22,bser,2.1.1,161781,165495,14248,327276,6181.195567,6042.478625,3055.525000,0,1.00,100,99d1c7fab316,2459,19
javascript,bytes,message,100,23,flatbuffers,24.12.23,195751,120456,10404,316207,5108.530735,8301.786544,3162.485334,0,1.00,100,99d1c7fab316,2460,0
javascript,bytes,message,100,23,sia,2.3.0,307326,177022,15859,484348,3253.873737,5649.015377,2064.631216,0,1.00,100,99d1c7fab316,2461,1
javascript,bytes,message,100,23,JSON.stringify,node-24.15.0,41885,52383,16546,94268,23874.895547,19090.162839,10608.053634,0,1.00,100,99d1c7fab316,2462,2
javascript,bytes,message,100,23,msgpackr,1.12.1,40292,96703,12231,136995,24818.822595,10340.940819,7299.536479,0,1.00,100,99d1c7fab316,2463,3
javascript,bytes,message,100,23,devalue,5.8.1,246056,80851,18552,326907,4064.115486,12368.430817,3058.973959,0,1.00,100,99d1c7fab316,2464,4
javascript,bytes,message,100,23,cbor-x,1.6.4,32608,43057,5206,75665,30667.320903,23225.027289,13216.150135,0,1.00,100,99d1c7fab316,2465,5
javascript,bytes,message,100,23,google-protobuf,3.21.4,894,71247,5047,72141,1118568.232662,14035.678695,13861.742976,0,1.00,100,99d1c7fab316,2466,6
javascript,bytes,message,100,23,bebop,3.2.3,55956,93084,15859,149040,17871.184502,10742.984831,6709.608159,0,1.00,100,99d1c7fab316,2467,7
javascript,bytes,message,100,23,bser,2.1.1,160443,176239,14248,336682,6232.743093,5674.112994,2970.161755,0,1.00,100,99d1c7fab316,2468,8
javascript,bytes,message,100,23,fast-json-stringify,6.4.0,84754,47936,16546,132690,11798.853151,20861.148198,7536.362951,0,1.00,100,99d1c7fab316,2469,9
javascript,bytes,message,100,23,simdjson-parse+JSON.stringify,0.9.2,43228,167992,16546,211220,23133.154437,5952.664413,4734.400152,0,1.00,100,99d1c7fab316,2470,10
javascript,bytes,message,100,23,v8-serializer,v8-13.6.233.17-node.48,39612,56714,12955,96326,25244.875290,17632.330641,10381.413118,0,1.00,100,99d1c7fab316,2471,11
javascript,bytes,message,100,23,@msgpack/msgpack,3.1.3,85834,62387,12031,148221,11650.394948,16028.980397,6746.682319,0,1.00,100,99d1c7fab316,2472,12
javascript,bytes,message,100,23,protobufjs,7.6.5,75044,84362,5047,159406,13325.515697,11853.678196,6273.289588,0,1.00,100,99d1c7fab316,2473,13
javascript,bytes,message,100,23,cbor,9.0.2,569803,741058,12030,1310861,1754.992515,1349.422043,762.857389,0,1.00,100,99d1c7fab316,2474,14
javascript,bytes,message,100,23,avsc,5.7.9,149978,97932,4051,247910,6667.644588,10211.166932,4033.721915,0,1.00,100,99d1c7fab316,2475,15
javascript,bytes,message,100,23,protobuf-es,2.12.1,265926,209818,4841,475744,3760.444635,4766.035326,2101.970808,0,1.00,100,99d1c7fab316,2476,16
javascript,bytes,message,100,23,json-pack-msgpack,18.28.0,54308,47397,12660,101705,18413.493408,21098.381754,9832.358291,0,1.00,100,99d1c7fab316,2477,17
javascript,bytes,message,100,23,flexbuffers,24.12.23,836563,542631,14566,1379194,1195.367235,1842.872965,725.061159,0,1.00,100,99d1c7fab316,2478,18
javascript,bytes,message,100,23,bson,6.10.4,100318,95985,14057,196303,9968.300803,10418.294525,5094.165652,0,1.00,100,99d1c7fab316,2479,19
javascript,bytes,message,100,24,google-protobuf,3.21.4,1025,57386,5047,58411,975609.756098,17425.852996,17120.063002,0,1.00,100,99d1c7fab316,2480,0
javascript,bytes,message,100,24,cbor,9.0.2,603588,644397,12030,1247985,1656.759246,1551.838385,801.291682,0,1.00,100,99d1c7fab316,2481,1
javascript,bytes,message,100,24,cbor-x,1.6.4,50470,43241,5206,93711,19813.750743,23126.199672,10671.105847,0,1.00,100,99d1c7fab316,2482,2
javascript,bytes,message,100,24,@msgpack/msgpack,3.1.3,83160,59096,12031,142256,12025.012025,16921.619061,7029.580475,0,1.00,100,99d1c7fab316,2483,3
javascript,bytes,message,100,24,msgpackr,1.12.1,38883,76147,12231,115030,25718.180182,13132.493729,8693.384335,0,1.00,100,99d1c7fab316,2484,4
javascript,bytes,message,100,24,bson,6.10.4,95521,92787,14057,188308,10468.902126,10777.371830,5310.448839,0,1.00,100,99d1c7fab316,2485,5
javascript,bytes,message,100,24,avsc,5.7.9,161655,121293,4051,282948,6186.013424,8244.498858,3534.218302,0,1.00,100,99d1c7fab316,2486,6
javascript,bytes,message,100,24,simdjson-parse+JSON.stringify,0.9.2,38515,165205,16546,203720,25963.910165,6053.085560,4908.698213,0,1.00,100,99d1c7fab316,2487,7
javascript,bytes,message,100,24,JSON.stringify,node-24.15.0,35522,38838,16546,74360,28151.568042,25747.978784,13448.090371,0,1.00,100,99d1c7fab316,2488,8
javascript,bytes,message,100,24,devalue,5.8.1,251629,80659,18552,332288,3974.104734,12397.872525,3009.437596,0,1.00,100,99d1c7fab316,2489,9
javascript,bytes,message,100,24,sia,2.3.0,323053,156228,15859,479281,3095.467307,6400.901247,2086.458675,0,1.00,100,99d1c7fab316,2490,10
javascript,bytes,message,100,24,bebop,3.2.3,58452,93865,15859,152317,17108.054472,10653.598253,6565.255356,0,1.00,100,99d1c7fab316,2491,11
javascript,bytes,message,100,24,json-pack-msgpack,18.28.0,53215,46125,12660,99340,18791.694071,21680.216802,10066.438494,0,1.00,100,99d1c7fab316,2492,12
javascript,bytes,message,100,24,flatbuffers,24.12.23,201425,93876,10404,295301,4964.627032,10652.349908,3386.375258,0,1.00,100,99d1c7fab316,2493,13
javascript,bytes,message,100,24,protobuf-es,2.12.1,249121,167627,4841,416748,4014.113624,5965.626063,2399.531611,0,1.00,100,99d1c7fab316,2494,14
javascript,bytes,message,100,24,bser,2.1.1,166379,167644,14248,334023,6010.373905,5965.021116,2993.805816,0,1.00,100,99d1c7fab316,2495,15
javascript,bytes,message,100,24,fast-json-stringify,6.4.0,629560,52463,16546,682023,1588.410954,19061.052551,1466.226212,0,1.00,100,99d1c7fab316,2496,16
javascript,bytes,message,100,24,protobufjs,7.6.5,138541,172021,5047,310562,7218.079846,5813.243732,3219.968959,0,1.00,100,99d1c7fab316,2497,17
javascript,bytes,message,100,24,v8-serializer,v8-13.6.233.17-node.48,69291,59036,12955,128327,14431.888701,16938.816993,7792.592362,0,1.00,100,99d1c7fab316,2498,18
javascript,bytes,message,100,24,flexbuffers,24.12.23,852619,550502,14566,1403121,1172.856809,1816.523827,712.696909,0,1.00,100,99d1c7fab316,2499,19
javascript,bytes,message,100,25,cbor-x,1.6.4,36636,35271,5206,71907,27295.556283,28351.903830,13906.851906,0,1.00,100,99d1c7fab316,2500,0
javascript,bytes,message,100,25,@msgpack/msgpack,3.1.3,115089,56545,12031,171634,8688.927699,17685.029622,5826.351422,0,1.00,100,99d1c7fab316,2501,1
javascript,bytes,message,100,25,avsc,5.7.9,149329,109466,4051,258795,6696.622893,9135.256609,3864.062289,0,1.00,100,99d1c7fab316,2502,2
javascript,bytes,message,100,25,flatbuffers,24.12.23,215081,104177,10404,319258,4649.411152,9599.047774,3132.262935,0,1.00,100,99d1c7fab316,2503,3
javascript,bytes,message,100,25,cbor,9.0.2,492447,659022,12030,1151469,2030.675382,1517.400026,868.455859,0,1.00,100,99d1c7fab316,2504,4
javascript,bytes,message,100,25,devalue,5.8.1,241298,84726,18552,326024,4144.253164,11802.752402,3067.258852,0,1.00,100,99d1c7fab316,2505,5
javascript,bytes,message,100,25,bson,6.10.4,98669,93428,14057,192097,10134.895459,10703.429379,5205.703369,0,1.00,100,99d1c7fab316,2506,6
javascript,bytes,message,100,25,msgpackr,1.12.1,38421,76294,12231,114715,26027.432914,13107.190605,8717.255808,0,1.00,100,99d1c7fab316,2507,7
javascript,bytes,message,100,25,JSON.stringify,node-24.15.0,43464,45217,16546,88681,23007.546475,22115.576000,11276.372616,0,1.00,100,99d1c7fab316,2508,8
javascript,bytes,message,100,25,sia,2.3.0,304994,150331,15859,455325,3278.753025,6651.987947,2196.233460,0,1.00,100,99d1c7fab316,2509,9
javascript,bytes,message,100,25,flexbuffers,24.12.23,791617,544867,14566,1336484,1263.237146,1835.310268,748.231928,0,1.00,100,99d1c7fab316,2510,10
javascript,bytes,message,100,25,fast-json-stringify,6.4.0,55270,44831,16546,100101,18092.998010,22305.993620,9989.910191,0,1.00,100,99d1c7fab316,2511,11
javascript,bytes,message,100,25,v8-serializer,v8-13.6.233.17-node.48,35609,54044,12955,89653,28082.788059,18503.441640,11154.116427,0,1.00,100,99d1c7fab316,2512,12
javascript,bytes,message,100,25,bser,2.1.1,181500,170897,14248,352397,5509.641873,5851.477791,2837.708607,0,1.00,100,99d1c7fab316,2513,13
javascript,bytes,message,100,25,google-protobuf,3.21.4,1131,60955,5047,62086,884173.297966,16405.545074,16106.690719,0,1.00,100,99d1c7fab316,2514,14
javascript,bytes,message,100,25,protobufjs,7.6.5,59772,69832,5047,129604,16730.241585,14320.082484,7715.811240,0,1.00,100,99d1c7fab316,2515,15
javascript,bytes,message,100,25,protobuf-es,2.12.1,245102,168572,4841,413674,4079.934068,5932.183281,2417.362464,0,1.00,100,99d1c7fab316,2516,16
javascript,bytes,message,100,25,simdjson-parse+JSON.stringify,0.9.2,44978,214031,16546,259009,22233.091734,4672.220379,3860.869700,0,1.00,100,99d1c7fab316,2517,17
javascript,bytes,message,100,25,bebop,3.2.3,59190,102270,15859,161460,16894.745734,9778.038525,6193.484454,0,1.00,100,99d1c7fab316,2518,18
javascript,bytes,message,100,25,json-pack-msgpack,18.28.0,43074,47300,12660,90374,23215.861076,21141.649049,11065.129351,0,1.00,100,99d1c7fab316,2519,19
javascript,bytes,message,100,26,cbor-x,1.6.4,30795,36276,5206,67071,32472.804027,27566.435109,14909.573437,0,1.00,100,99d1c7fab316,2520,0
javascript,bytes,message,100,26,sia,2.3.0,305704,154708,15859,460412,3271.138094,6463.789849,2171.967716,0,1.00,100,99d1c7fab316,2521,1
javascript,bytes,message,100,26,devalue,5.8.1,246465,88220,18552,334685,4057.371229,11335.298118,2987.884130,0,1.00,100,99d1c7fab316,2522,2
javascript,bytes,message,100,26,flatbuffers,24.12.23,199234,91762,10404,290996,5019.223626,10897.757242,3436.473354,0,1.00,100,99d1c7fab316,2523,3
javascript,bytes,message,100,26,json-pack-msgpack,18.28.0,40055,43888,12660,83943,24965.672201,22785.271600,11912.845621,0,1.00,100,99d1c7fab316,2524,4
javascript,bytes,message,100,26,bson,6.10.4,115701,95396,14057,211097,8642.967649,10482.619816,4737.158747,0,1.00,100,99d1c7fab316,2525,5
javascript,bytes,message,100,26,@msgpack/msgpack,3.1.3,89263,57665,12031,146928,11202.850005,17341.541663,6806.054666,0,1.00,100,99d1c7fab316,2526,6
javascript,bytes,message,100,26,msgpackr,1.12.1,46315,77249,12231,123564,21591.277124,12945.151394,8092.972063,0,1.00,100,99d1c7fab316,2527,7
javascript,bytes,message,100,26,fast-json-stringify,6.4.0,53813,47135,16546,100948,18582.870310,21215.657155,9906.090264,0,1.00,100,99d1c7fab316,2528,8
javascript,bytes,message,100,26,protobufjs,7.6.5,55463,65835,5047,121298,18030.038043,15189.488874,8244.159013,0,1.00,100,99d1c7fab316,2529,9
javascript,bytes,message,100,26,simdjson-parse+JSON.stringify,0.9.2,45936,161362,16546,207298,21769.418321,6197.245944,4823.973217,0,1.00,100,99d1c7fab316,2530,10
javascript,bytes,message,100,26,bser,2.1.1,181982,166629,14248,348611,5495.048961,6001.356307,2868.526811,0,1.00,100,99d1c7fab316,2531,11
javascript,bytes,message,100,26,protobuf-es,2.12.1,243228,166362,4841,409590,4111.368757,6010.988086,2441.465856,0,1.00,100,99d1c7fab316,2532,12
javascript,bytes,message,100,26,JSON.stringify,node-24.15.0,41815,46337,16546,88152,23914.863087,21581.025962,11344.042109,0,1.00,100,99d1c7fab316,2533,13
javascript,bytes,message,100,26,bebop,3.2.3,56692,103628,15859,160320,17639.173076,9649.901571,6237.524950,0,1.00,100,99d1c7fab316,2534,14
javascript,bytes,message,100,26,avsc,5.7.9,141196,100972,4051,242168,7082.353608,9903.735689,4129.364739,0,1.00,100,99d1c7fab316,2535,15
javascript,bytes,message,100,26,cbor,9.0.2,533356,623305,12030,1156661,1874.920316,1604.351000,864.557550,0,1.00,100,99d1c7fab316,2536,16
javascript,bytes,message,100,26,v8-serializer,v8-13.6.233.17-node.48,37571,53812,12955,91383,26616.273189,18583.215640,10942.954379,0,1.00,100,99d1c7fab316,2537,17
javascript,bytes,message,100,26,flexbuffers,24.12.23,797096,850465,14566,1647561,1254.554031,1175.827342,606.957800,0,1.00,100,99d1c7fab316,2538,18
javascript,bytes,message,100,26,google-protobuf,3.21.4,1527,59664,5047,61191,654878.847413,16760.525610,16342.272556,0,1.00,100,99d1c7fab316,2539,19
javascript,bytes,message,100,27,@msgpack/msgpack,3.1.3,112801,59571,12031,172372,8865.169635,16786.691511,5801.406261,0,1.00,100,99d1c7fab316,2540,0
javascript,bytes,message,100,27,avsc,5.7.9,153857,102944,4051,256801,6499.541782,9714.019273,3894.065833,0,1.00,100,99d1c7fab316,2541,1
javascript,bytes,message,100,27,msgpackr,1.12.1,39109,78694,12231,117803,25569.561993,12707.449107,8488.748164,0,1.00,100,99d1c7fab316,2542,2
javascript,bytes,message,100,27,devalue,5.8.1,247096,82847,18552,329943,4047.010069,12070.443106,3030.826537,0,1.00,100,99d1c7fab316,2543,3
javascript,bytes,message,100,27,protobuf-es,2.12.1,251903,162577,4841,414480,3969.782019,6150.931559,2412.661648,0,1.00,100,99d1c7fab316,2544,4
javascript,bytes,message,100,27,simdjson-parse+JSON.stringify,0.9.2,48375,162823,16546,211198,20671.834625,6141.638466,4734.893323,0,1.00,100,99d1c7fab316,2545,5
javascript,bytes,message,100,27,bser,2.1.1,157364,167966,14248,325330,6354.693577,5953.585845,3073.801986,0,1.00,100,99d1c7fab316,2546,6
javascript,bytes,message,100,27,JSON.stringify,node-24.15.0,38268,43929,16546,82197,26131.493676,22764.005554,12165.894132,0,1.00,100,99d1c7fab316,2547,7
javascript,bytes,message,100,27,protobufjs,7.6.5,57343,65811,5047,123154,17438.920182,15195.028187,8119.914903,0,1.00,100,99d1c7fab316,2548,8
javascript,bytes,message,100,27,flexbuffers,24.12.23,794316,524053,14566,1318369,1258.944803,1908.203941,758.512981,0,1.00,100,99d1c7fab316,2549,9
javascript,bytes,message,100,27,json-pack-msgpack,18.28.0,42357,68239,12660,110596,23608.848596,14654.376530,9041.918333,0,1.00,100,99d1c7fab316,2550,10
javascript,bytes,message,100,27,flatbuffers,24.12.23,215819,91143,10404,306962,4633.512341,10971.769637,3257.732227,0,1.00,100,99d1c7fab316,2551,11
javascript,bytes,message,100,27,sia,2.3.0,312678,171548,15859,484226,3198.178318,5829.272274,2065.151396,0,1.00,100,99d1c7fab316,2552,12
javascript,bytes,message,100,27,cbor,9.0.2,493525,646214,12030,1139739,2026.239805,1547.474985,877.393859,0,1.00,100,99d1c7fab316,2553,13
javascript,bytes,message,100,27,v8-serializer,v8-13.6.233.17-node.48,39265,58998,12955,98263,25467.974023,16949.727109,10176.770504,0,1.00,100,99d1c7fab316,2554,14
javascript,bytes,message,100,27,bson,6.10.4,92994,94764,14057,187758,10753.381939,10552.530497,5326.004751,0,1.00,100,99d1c7fab316,2555,15
javascript,bytes,message,100,27,fast-json-stringify,6.4.0,62319,52145,16546,114464,16046.470579,19177.294084,8736.371261,0,1.00,100,99d1c7fab316,2556,16
javascript,bytes,message,100,27,google-protobuf,3.21.4,1017,59643,5047,60660,983284.169125,16766.426907,16485.328058,0,1.00,100,99d1c7fab316,2557,17
javascript,bytes,message,100,27,cbor-x,1.6.4,31651,48081,5206,79732,31594.578370,20798.236310,12542.015753,0,1.00,100,99d1c7fab316,2558,18
javascript,bytes,message,100,27,bebop,3.2.3,69140,248199,15859,317339,14463.407579,4029.025097,3151.204233,0,1.00,100,99d1c7fab316,2559,19
javascript,bytes,message,100,28,bser,2.1.1,163598,162857,14248,326455,6112.544163,6140.356263,3063.209324,0,1.00,100,99d1c7fab316,2560,0
javascript,bytes,message,100,28,JSON.stringify,node-24.15.0,47024,51184,16546,98208,21265.736645,19537.355424,10182.469860,0,1.00,100,99d1c7fab316,2561,1
javascript,bytes,message,100,28,devalue,5.8.1,249432,84828,18552,334260,4009.108695,11788.560381,2991.683121,0,1.00,100,99d1c7fab316,2562,2
javascript,bytes,message,100,28,bson,6.10.4,91709,103420,14057,195129,10904.055218,9669.309611,5124.814866,0,1.00,100,99d1c7fab316,2563,3
javascript,bytes,message,100,28,json-pack-msgpack,18.28.0,43015,43275,12660,86290,23247.704289,23108.030040,11588.828369,0,1.00,100,99d1c7fab316,2564,4
javascript,bytes,message,100,28,cbor-x,1.6.4,29762,33828,5206,63590,33599.892480,29561.310157,15725.743041,0,1.00,100,99d1c7fab316,2565,5
javascript,bytes,message,100,28,avsc,5.7.9,144514,97134,4051,241648,6919.744800,10295.056314,4138.250679,0,1.00,100,99d1c7fab316,2566,6
javascript,bytes,message,100,28,flatbuffers,24.12.23,206747,91869,10404,298616,4836.829555,10885.064603,3348.782383,0,1.00,100,99d1c7fab316,2567,7
javascript,bytes,message,100,28,v8-serializer,v8-13.6.233.17-node.48,38071,55306,12955,93377,26266.712196,18081.220844,10709.275303,0,1.00,100,99d1c7fab316,2568,8
javascript,bytes,message,100,28,msgpackr,1.12.1,40561,80374,12231,120935,24654.224501,12441.834424,8268.904784,0,1.00,100,99d1c7fab316,2569,9
javascript,bytes,message,100,28,@msgpack/msgpack,3.1.3,78756,59292,12031,138048,12697.445274,16865.681711,7243.857209,0,1.00,100,99d1c7fab316,2570,10
javascript,bytes,message,100,28,protobuf-es,2.12.1,247344,173369,4841,420713,4042.952326,5768.043883,2376.917281,0,1.00,100,99d1c7fab316,2571,11
javascript,bytes,message,100,28,fast-json-stringify,6.4.0,62770,46401,16546,109171,15931.177314,21551.259671,9159.941743,0,1.00,100,99d1c7fab316,2572,12
javascript,bytes,message,100,28,cbor,9.0.2,535521,680348,12030,1215869,1867.340403,1469.836025,822.457025,0,1.00,100,99d1c7fab316,2573,13
javascript,bytes,message,100,28,protobufjs,7.6.5,65836,73069,5047,138905,15189.258157,13685.694344,7199.164897,0,1.00,100,99d1c7fab316,2574,14
javascript,bytes,message,100,28,flexbuffers,24.12.23,896374,556762,14566,1453136,1115.605763,1796.099590,688.166834,0,1.00,100,99d1c7fab316,2575,15
javascript,bytes,message,100,28,bebop,3.2.3,53517,115876,15859,169393,18685.651288,8629.914736,5903.431665,0,1.00,100,99d1c7fab316,2576,16
javascript,bytes,message,100,28,simdjson-parse+JSON.stringify,0.9.2,45780,169088,16546,214868,21843.599825,5914.080242,4654.020143,0,1.00,100,99d1c7fab316,2577,17
javascript,bytes,message,100,28,google-protobuf,3.21.4,819,58953,5047,59772,1221001.221001,16962.665174,16730.241585,0,1.00,100,99d1c7fab316,2578,18
javascript,bytes,message,100,28,sia,2.3.0,283961,155332,15859,439293,3521.610362,6437.823501,2276.385010,0,1.00,100,99d1c7fab316,2579,19
javascript,bytes,message,100,29,cbor,9.0.2,1004022,637743,12030,1641765,995.994112,1568.029755,609.100572,0,1.00,100,99d1c7fab316,2580,0
javascript,bytes,message,100,29,JSON.stringify,node-24.15.0,107380,58949,16546,166329,9312.721177,16963.816180,6012.180678,0,1.00,100,99d1c7fab316,2581,1
javascript,bytes,message,100,29,protobufjs,7.6.5,58564,72618,5047,131182,17075.336384,13770.690462,7622.997058,0,1.00,100,99d1c7fab316,2582,2
javascript,bytes,message,100,29,google-protobuf,3.21.4,5537,56363,5047,61900,180603.214737,17742.135798,16155.088853,0,1.00,100,99d1c7fab316,2583,3
javascript,bytes,message,100,29,json-pack-msgpack,18.28.0,58336,69661,12660,127997,17142.073505,14355.234636,7812.683110,0,1.00,100,99d1c7fab316,2584,4
javascript,bytes,message,100,29,flatbuffers,24.12.23,205023,89049,10404,294072,4877.501549,11229.772373,3400.527762,0,1.00,100,99d1c7fab316,2585,5
javascript,bytes,message,100,29,fast-json-stringify,6.4.0,60204,47460,16546,107664,16610.192014,21070.375053,9288.155744,0,1.00,100,99d1c7fab316,2586,6
javascript,bytes,message,100,29,avsc,5.7.9,147234,95934,4051,243168,6791.909477,10423.833052,4112.383208,0,1.00,100,99d1c7fab316,2587,7
javascript,bytes,message,100,29,bson,6.10.4,94430,103019,14057,197449,10589.854919,9706.947262,5064.598960,0,1.00,100,99d1c7fab316,2588,8
javascript,bytes,message,100,29,@msgpack/msgpack,3.1.3,80458,58196,12031,138654,12428.844863,17183.311568,7212.197268,0,1.00,100,99d1c7fab316,2589,9
javascript,bytes,message,100,29,msgpackr,1.12.1,41724,78336,12231,120060,23967.021379,12765.522876,8329.168749,0,1.00,100,99d1c7fab316,2590,10
javascript,bytes,message,100,29,bebop,3.2.3,46690,90438,15859,137128,21417.862497,11057.298923,7292.456683,0,1.00,100,99d1c7fab316,2591,11
javascript,bytes,message,100,29,devalue,5.8.1,249510,87132,18552,336642,4007.855397,11476.839737,2970.514671,0,1.00,100,99d1c7fab316,2592,12
javascript,bytes,message,100,29,v8-serializer,v8-13.6.233.17-node.48,41222,58772,12955,99994,24258.890884,17014.905057,10000.600036,0,1.00,100,99d1c7fab316,2593,13
javascript,bytes,message,100,29,simdjson-parse+JSON.stringify,0.9.2,39854,182372,16546,222226,25091.584283,5483.297875,4499.923501,0,1.00,100,99d1c7fab316,2594,14
javascript,bytes,message,100,29,flexbuffers,24.12.23,797202,535820,14566,1333022,1254.387219,1866.298384,750.175166,0,1.00,100,99d1c7fab316,2595,15
javascript,bytes,message,100,29,cbor-x,1.6.4,33212,39317,5206,72529,30109.598940,25434.290510,13787.588413,0,1.00,100,99d1c7fab316,2596,16
javascript,bytes,message,100,29,protobuf-es,2.12.1,247114,165745,4841,412859,4046.715281,6033.364506,2422.134433,0,1.00,100,99d1c7fab316,2597,17
javascript,bytes,message,100,29,bser,2.1.1,163741,184740,14248,348481,6107.205892,5413.012883,2869.596908,0,1.00,100,99d1c7fab316,2598,18
javascript,bytes,message,100,29,sia,2.3.0,281898,157248,15859,439146,3547.382387,6359.381359,2277.147008,0,1.00,100,99d1c7fab316,2599,19
javascript,bytes,message,100,30,bson,6.10.4,108630,92435,14057,201065,9205.560158,10818.412939,4973.516027,0,1.00,100,99d1c7fab316,2600,0
javascript,bytes,message,100,30,protobufjs,7.6.5,56262,66839,5047,123101,17773.985994,14961.324975,8123.410858,0,1.00,100,99d1c7fab316,2601,1
javascript,bytes,message,100,30,devalue,5.8.1,236871,87538,18552,324409,4221.707174,11423.610318,3082.528537,0,1.00,100,99d1c7fab316,2602,2
javascript,bytes,message,100,30,@msgpack/msgpack,3.1.3,77511,57003,12031,134514,12901.394641,17542.936337,7434.170421,0,1.00,100,99d1c7fab316,2603,3
javascript,bytes,message,100,30,bser,2.1.1,163314,164575,14248,327889,6123.173763,6076.257026,3049.812589,0,1.00,100,99d1c7fab316,2604,4
javascript,bytes,message,100,30,flexbuffers,24.12.23,783323,532812,14566,1316135,1276.612585,1876.834606,759.800476,0,1.00,100,99d1c7fab316,2605,5
javascript,bytes,message,100,30,avsc,5.7.9,150096,99328,4051,249424,6662.402729,10067.654639,4009.237283,0,1.00,100,99d1c7fab316,2606,6
javascript,bytes,message,100,30,json-pack-msgpack,18.28.0,42649,63496,12660,106145,23447.208610,15749.023561,9421.074945,0,1.00,100,99d1c7fab316,2607,7
javascript,bytes,message,100,30,cbor,9.0.2,510235,622154,12030,1132389,1959.881231,1607.319088,883.088762,0,1.00,100,99d1c7fab316,2608,8
javascript,bytes,message,100,30,sia,2.3.0,292149,158113,15859,450262,3422.910912,6324.590641,2220.929148,0,1.00,100,99d1c7fab316,2609,9
javascript,bytes,message,100,30,flatbuffers,24.12.23,205205,100411,10404,305616,4873.175605,9959.068230,3272.079996,0,1.00,100,99d1c7fab316,2610,10
javascript,bytes,message,100,30,JSON.stringify,node-24.15.0,48036,56856,16546,104892,20817.720043,17588.293232,9533.615528,0,1.00,100,99d1c7fab316,2611,11
javascript,bytes,message,100,30,v8-serializer,v8-13.6.233.17-node.48,46180,59257,12955,105437,21654.395842,16875.643384,9484.336618,0,1.00,100,99d1c7fab316,2612,12
javascript,bytes,message,100,30,fast-json-stringify,6.4.0,86928,45009,16546,131937,11503.773238,22217.778666,7579.375005,0,1.00,100,99d1c7fab316,2613,13
javascript,bytes,message,100,30,cbor-x,1.6.4,34107,47064,5206,81171,29319.494532,21247.662757,12319.670818,0,1.00,100,99d1c7fab316,2614,14
javascript,bytes,message,100,30,msgpackr,1.12.1,42809,84336,12231,127145,23359.573921,11857.332574,7865.035983,0,1.00,100,99d1c7fab316,2615,15
javascript,bytes,message,100,30,bebop,3.2.3,53625,94922,15859,148547,18648.018648,10534.965551,6731.876107,0,1.00,100,99d1c7fab316,2616,16
javascript,bytes,message,100,30,google-protobuf,3.21.4,1016,62498,5047,63514,984251.968504,16000.512016,15744.560254,0,1.00,100,99d1c7fab316,2617,17
javascript,bytes,message,100,30,protobuf-es,2.12.1,257571,175868,4841,433439,3882.424652,5686.082744,2307.129723,0,1.00,100,99d1c7fab316,2618,18
javascript,bytes,message,100,30,simdjson-parse+JSON.stringify,0.9.2,43570,177158,16546,220728,22951.572183,5644.678761,4530.462832,0,1.00,100,99d1c7fab316,2619,19
javascript,bytes,message,100,31,flatbuffers,24.12.23,198992,95163,10404,294155,5025.327651,10508.285783,3399.568255,0,1.00,100,99d1c7fab316,2620,0
javascript,bytes,message,100,31,bebop,3.2.3,47182,94427,15859,141609,21194.523335,10590.191365,7061.698056,0,1.00,100,99d1c7fab316,2621,1
javascript,bytes,message,100,31,JSON.stringify,node-24.15.0,41219,52382,16546,93601,24260.656493,19090.527280,10683.646542,0,1.00,100,99d1c7fab316,2622,2
javascript,bytes,message,100,31,@msgpack/msgpack,3.1.3,81019,65291,12031,146310,12342.783791,15316.046622,6834.802816,0,1.00,100,99d1c7fab316,2623,3
javascript,bytes,message,100,31,devalue,5.8.1,265882,85932,18552,351814,3761.066939,11637.108411,2842.411047,0,1.00,100,99d1c7fab316,2624,4
javascript,bytes,message,100,31,fast-json-stringify,6.4.0,58314,41677,16546,99991,17148.540659,23994.049476,10000.900081,0,1.00,100,99d1c7fab316,2625,5
javascript,bytes,message,100,31,flexbuffers,24.12.23,1533157,566966,14566,2100123,652.248922,1763.774195,476.162587,0,1.00,100,99d1c7fab316,2626,6
javascript,bytes,message,100,31,simdjson-parse+JSON.stringify,0.9.2,70719,165845,16546,236564,14140.471443,6029.726552,4227.185878,0,1.00,100,99d1c7fab316,2627,7
javascript,bytes,message,100,31,sia,2.3.0,303170,153139,15859,456309,3298.479401,6530.015215,2191.497428,0,1.00,100,99d1c7fab316,2628,8
javascript,bytes,message,100,31,avsc,5.7.9,155279,100222,4051,255501,6440.020866,9977.849175,3913.879006,0,1.00,100,99d1c7fab316,2629,9
javascript,bytes,message,100,31,bser,2.1.1,160686,165548,14248,326234,6223.317526,6040.544132,3065.284428,0,1.00,100,99d1c7fab316,2630,10
javascript,bytes,message,100,31,bson,6.10.4,120180,95189,14057,215369,8320.852055,10505.415542,4643.193774,0,1.00,100,99d1c7fab316,2631,11
javascript,bytes,message,100,31,protobufjs,7.6.5,68836,76202,5047,145038,14527.282236,13123.015144,6894.744825,0,1.00,100,99d1c7fab316,2632,12
javascript,bytes,message,100,31,google-protobuf,3.21.4,1417,59216,5047,60633,705716.302047,16887.327749,16492.669009,0,1.00,100,99d1c7fab316,2633,13
javascript,bytes,message,100,31,cbor,9.0.2,519835,643741,12030,1163576,1923.687324,1553.419776,859.419582,0,1.00,100,99d1c7fab316,2634,14
javascript,bytes,message,100,31,msgpackr,1.12.1,42596,85395,12231,127991,23476.382759,11710.287488,7813.049355,0,1.00,100,99d1c7fab316,2635,15
javascript,bytes,message,100,31,protobuf-es,2.12.1,262963,174991,4841,437954,3802.816366,5714.579607,2283.344826,0,1.00,100,99d1c7fab316,2636,16
javascript,bytes,message,100,31,json-pack-msgpack,18.28.0,47739,53883,12660,101622,20947.233918,18558.729098,9840.388892,0,1.00,100,99d1c7fab316,2637,17
javascript,bytes,message,100,31,v8-serializer,v8-13.6.233.17-node.48,51514,61339,12955,112853,19412.198626,16302.841585,8861.084774,0,1.00,100,99d1c7fab316,2638,18
javascript,bytes,message,100,31,cbor-x,1.6.4,38095,55892,5206,93987,26250.164064,17891.648179,10639.769330,0,1.00,100,99d1c7fab316,2639,19
javascript,bytes,message,100,32,bson,6.10.4,106766,103927,14057,210693,9366.277654,9622.138617,4746.242163,0,1.00,100,99d1c7fab316,2640,0
javascript,bytes,message,100,32,msgpackr,1.12.1,44599,102219,12231,146818,22422.027400,9782.917070,6811.153946,0,1.00,100,99d1c7fab316,2641,1
javascript,bytes,message,100,32,avsc,5.7.9,183251,118276,4051,301527,5456.996142,8454.800636,3316.452590,0,1.00,100,99d1c7fab316,2642,2
javascript,bytes,message,100,32,cbor,9.0.2,525289,634286,12030,1159575,1903.713956,1576.575866,862.384926,0,1.00,100,99d1c7fab316,2643,3
javascript,bytes,message,100,32,@msgpack/msgpack,3.1.3,93932,67100,12031,161032,10645.999233,14903.129657,6209.945849,0,1.00,100,99d1c7fab316,2644,4
javascript,bytes,message,100,32,fast-json-stringify,6.4.0,101377,64468,16546,165845,9864.170374,15511.571632,6029.726552,0,1.00,100,99d1c7fab316,2645,5
javascript,bytes,message,100,32,protobufjs,7.6.5,66221,79320,5047,145541,15100.949850,12607.160867,6870.916099,0,1.00,100,99d1c7fab316,2646,6
javascript,bytes,message,100,32,JSON.stringify,node-24.15.0,49466,45242,16546,94708,20215.905875,22103.355289,10558.770114,0,1.00,100,99d1c7fab316,2647,7
javascript,bytes,message,100,32,bebop,3.2.3,55101,101100,15859,156201,18148.490953,9891.196835,6402.007670,0,1.00,100,99d1c7fab316,2648,8
javascript,bytes,message,100,32,cbor-x,1.6.4,34060,42865,5206,76925,29359.953024,23329.056340,12999.675008,0,1.00,100,99d1c7fab316,2649,9
javascript,bytes,message,100,32,flexbuffers,24.12.23,1131771,588063,14566,1719834,883.570970,1700.498076,581.451466,0,1.00,100,99d1c7fab316,2650,10
javascript,bytes,message,100,32,bser,2.1.1,171896,192875,14248,364771,5817.471029,5184.705120,2741.446003,0,1.00,100,99d1c7fab316,2651,11
javascript,bytes,message,100,32,devalue,5.8.1,262701,92595,18552,355296,3806.609035,10799.719207,2814.554625,0,1.00,100,99d1c7fab316,2652,12
javascript,bytes,message,100,32,simdjson-parse+JSON.stringify,0.9.2,47434,214341,16546,261775,21081.924358,4665.462977,3820.074491,0,1.00,100,99d1c7fab316,2653,13
javascript,bytes,message,100,32,flatbuffers,24.12.23,265914,94125,10404,360039,3760.614334,10624.169987,2777.476884,0,1.00,100,99d1c7fab316,2654,14
javascript,bytes,message,100,32,google-protobuf,3.21.4,1334,60463,5047,61797,749625.187406,16539.040405,16182.015308,0,1.00,100,99d1c7fab316,2655,15
javascript,bytes,message,100,32,protobuf-es,2.12.1,248854,176776,4841,425630,4018.420439,5656.876499,2349.458450,0,1.00,100,99d1c7fab316,2656,16
javascript,bytes,message,100,32,v8-serializer,v8-13.6.233.17-node.48,40018,56910,12955,96928,24988.755060,17571.604287,10316.936283,0,1.00,100,99d1c7fab316,2657,17
javascript,bytes,message,100,32,json-pack-msgpack,18.28.0,44369,44669,12660,89038,22538.258694,22386.890237,11231.159730,0,1.00,100,99d1c7fab316,2658,18
javascript,bytes,message,100,32,sia,2.3.0,290089,161191,15859,451280,3447.217923,6203.820313,2215.919163,0,1.00,100,99d1c7fab316,2659,19
javascript,bytes,message,100,33,bser,2.1.1,165087,165456,14248,330543,6057.412152,6043.902911,3025.324996,0,1.00,100,99d1c7fab316,2660,0
javascript,bytes,message,100,33,bebop,3.2.3,49441,95671,15859,145112,20226.128112,10452.488215,6891.228844,0,1.00,100,99d1c7fab316,2661,1
javascript,bytes,message,100,33,flatbuffers,24.12.23,200886,91530,10404,292416,4977.947692,10925.379657,3419.785511,0,1.00,100,99d1c7fab316,2662,2
javascript,bytes,message,100,33,sia,2.3.0,283581,160981,15859,444562,3526.329338,6211.913207,2249.405032,0,1.00,100,99d1c7fab316,2663,3
javascript,bytes,message,100,33,devalue,5.8.1,260759,91447,18552,352206,3834.958717,10935.295854,2839.247486,0,1.00,100,99d1c7fab316,2664,4
javascript,bytes,message,100,33,bson,6.10.4,85304,97577,14057,182881,11722.779706,10248.316714,5468.036592,0,1.00,100,99d1c7fab316,2665,5
javascript,bytes,message,100,33,avsc,5.7.9,149526,109191,4051,258717,6687.800115,9158.263959,3865.227256,0,1.00,100,99d1c7fab316,2666,6
javascript,bytes,message,100,33,flexbuffers,24.12.23,808147,1083442,14566,1891589,1237.398642,922.984341,528.656066,0,1.00,100,99d1c7fab316,2667,7
javascript,bytes,message,100,33,protobuf-es,2.12.1,590434,189386,4841,779820,1693.669403,5280.221347,1282.347208,0,1.00,100,99d1c7fab316,2668,8
javascript,bytes,message,100,33,protobufjs,7.6.5,138353,103485,5047,241838,7227.888083,9663.236218,4134.999462,0,1.00,100,99d1c7fab316,2669,9
javascript,bytes,message,100,33,fast-json-stringify,6.4.0,139588,84859,16546,224447,7163.939594,11784.253880,4455.394815,0,1.00,100,99d1c7fab316,2670,10
javascript,bytes,message,100,33,v8-serializer,v8-13.6.233.17-node.48,61278,66449,12955,127727,16319.070466,15049.135427,7829.198212,0,1.00,100,99d1c7fab316,2671,11
javascript,bytes,message,100,33,JSON.stringify,node-24.15.0,53517,40616,16546,94133,18685.651288,24620.839078,10623.267080,0,1.00,100,99d1c7fab316,2672,12
javascript,bytes,message,100,33,simdjson-parse+JSON.stringify,0.9.2,38356,197959,16546,236315,26071.540307,5051.551079,4231.639972,0,1.00,100,99d1c7fab316,2673,13
javascript,bytes,message,100,33,cbor-x,1.6.4,41824,51795,5206,93619,23909.716909,19306.882904,10681.592412,0,1.00,100,99d1c7fab316,2674,14
javascript,bytes,message,100,33,google-protobuf,3.21.4,1444,78790,5047,80234,692520.775623,12691.965986,12463.544133,0,1.00,100,99d1c7fab316,2675,15
javascript,bytes,message,100,33,json-pack-msgpack,18.28.0,46920,46995,12660,93915,21312.872975,21278.859453,10647.926316,0,1.00,100,99d1c7fab316,2676,16
javascript,bytes,message,100,33,cbor,9.0.2,619572,657633,12030,1277205,1614.017418,1520.604957,782.959666,0,1.00,100,99d1c7fab316,2677,17
javascript,bytes,message,100,33,msgpackr,1.12.1,41637,76528,12231,118165,24017.100175,13067.112691,8462.742775,0,1.00,100,99d1c7fab316,2678,18
javascript,bytes,message,100,33,@msgpack/msgpack,3.1.3,82862,63741,12031,146603,12068.258068,15688.489355,6821.142814,0,1.00,100,99d1c7fab316,2679,19
javascript,bytes,message,100,34,fast-json-stringify,6.4.0,65943,56167,16546,122110,15164.611862,17804.048641,8189.337483,0,1.00,100,99d1c7fab316,2680,0
javascript,bytes,message,100,34,protobufjs,7.6.5,57314,66948,5047,124262,17447.744007,14936.966003,8047.512514,0,1.00,100,99d1c7fab316,2681,1
javascript,bytes,message,100,34,@msgpack/msgpack,3.1.3,74994,54773,12031,129767,13334.400085,18257.170504,7706.119429,0,1.00,100,99d1c7fab316,2682,2
javascript,bytes,message,100,34,google-protobuf,3.21.4,1189,66539,5047,67728,841042.893188,15028.780114,14764.942121,0,1.00,100,99d1c7fab316,2683,3
javascript,bytes,message,100,34,v8-serializer,v8-13.6.233.17-node.48,34962,55072,12955,90034,28602.482695,18158.047647,11106.915165,0,1.00,100,99d1c7fab316,2684,4
javascript,bytes,message,100,34,flatbuffers,24.12.23,211492,92692,10404,304184,4728.311236,10788.417555,3287.483891,0,1.00,100,99d1c7fab316,2685,5
javascript,bytes,message,100,34,cbor-x,1.6.4,30809,37875,5206,68684,32458.047973,26402.640264,14559.431600,0,1.00,100,99d1c7fab316,2686,6
javascript,bytes,message,100,34,JSON.stringify,node-24.15.0,50934,46932,16546,97866,19633.250874,21307.423506,10218.053256,0,1.00,100,99d1c7fab316,2687,7
javascript,bytes,message,100,34,json-pack-msgpack,18.28.0,56381,43786,12660,100167,17736.471506,22838.350158,9983.327843,0,1.00,100,99d1c7fab316,2688,8
javascript,bytes,message,100,34,sia,2.3.0,371177,156755,15859,527932,2694.132449,6379.381838,1894.183342,0,1.00,100,99d1c7fab316,2689,9
javascript,bytes,message,100,34,bser,2.1.1,180414,172154,14248,352568,5542.807099,5808.752628,2836.332282,0,1.00,100,99d1c7fab316,2690,10
javascript,bytes,message,100,34,cbor,9.0.2,494603,639152,12030,1133755,2021.823564,1564.573059,882.024776,0,1.00,100,99d1c7fab316,2691,11
javascript,bytes,message,100,34,bebop,3.2.3,52120,94214,15859,146334,19186.492709,10614.133781,6833.681851,0,1.00,100,99d1c7fab316,2692,12
javascript,bytes,message,100,34,flexbuffers,24.12.23,824002,551271,14566,1375273,1213.589287,1813.989853,727.128359,0,1.00,100,99d1c7fab316,2693,13
javascript,bytes,message,100,34,msgpackr,1.12.1,41169,81803,12231,122972,24290.121208,12224.490544,8131.932472,0,1.00,100,99d1c7fab316,2694,14
javascript,bytes,message,100,34,protobuf-es,2.12.1,265322,171728,4841,437050,3769.005209,5823.162210,2288.067727,0,1.00,100,99d1c7fab316,2695,15
javascript,bytes,message,100,34,avsc,5.7.9,168091,104852,4051,272943,5949.158492,9537.252508,3663.768626,0,1.00,100,99d1c7fab316,2696,16
javascript,bytes,message,100,34,simdjson-parse+JSON.stringify,0.9.2,39146,208126,16546,247272,25545.394165,4804.781719,4044.129542,0,1.00,100,99d1c7fab316,2697,17
javascript,bytes,message,100,34,bson,6.10.4,97582,104422,14057,202004,10247.791601,9576.526019,4950.397022,0,1.00,100,99d1c7fab316,2698,18
javascript,bytes,message,100,34,devalue,5.8.1,285801,97268,18552,383069,3498.938072,10280.873463,2610.495759,0,1.00,100,99d1c7fab316,2699,19
javascript,bytes,message,100,35,bser,2.1.1,166172,191038,14248,357210,6017.861011,5234.560663,2799.473699,0,1.00,100,99d1c7fab316,2700,0
javascript,bytes,message,100,35,avsc,5.7.9,145686,100857,4051,246543,6864.077537,9915.028208,4056.087579,0,1.00,100,99d1c7fab316,2701,1
javascript,bytes,message,100,35,bson,6.10.4,84894,107986,14057,192880,11779.395481,9260.459689,5184.570718,0,1.00,100,99d1c7fab316,2702,2
javascript,bytes,message,100,35,protobufjs,7.6.5,61860,75864,5047,137724,16165.535079,13181.482653,7260.898609,0,1.00,100,99d1c7fab316,2703,3
javascript,bytes,message,100,35,simdjson-parse+JSON.stringify,0.9.2,42332,196728,16546,239060,23622.791269,5083.160506,4183.050280,0,1.00,100,99d1c7fab316,2704,4
javascript,bytes,message,100,35,google-protobuf,3.21.4,1498,82353,5047,83851,667556.742323,12142.848469,11925.916209,0,1.00,100,99d1c7fab316,2705,5
javascript,bytes,message,100,35,msgpackr,1.12.1,59335,74004,12231,133339,16853.459172,13512.783093,7499.681264,0,1.00,100,99d1c7fab316,2706,6
javascript,bytes,message,100,35,protobuf-es,2.12.1,295455,243084,4841,538539,3384.610178,4113.804282,1856.875732,0,1.00,100,99d1c7fab316,2707,7
javascript,bytes,message,100,35,json-pack-msgpack,18.28.0,49537,47611,12660,97148,20186.930981,21003.549600,10293.572693,0,1.00,100,99d1c7fab316,2708,8
javascript,bytes,message,100,35,devalue,5.8.1,253644,86997,18552,340641,3942.533630,11494.649241,2935.641922,0,1.00,100,99d1c7fab316,2709,9
javascript,bytes,message,100,35,JSON.stringify,node-24.15.0,41792,40866,16546,82658,23928.024502,24470.219743,12098.042537,0,1.00,100,99d1c7fab316,2710,10
javascript,bytes,message,100,35,flexbuffers,24.12.23,831350,575729,14566,1407079,1202.862813,1736.928312,710.692150,0,1.00,100,99d1c7fab316,2711,11
javascript,bytes,message,100,35,fast-json-stringify,6.4.0,60017,43683,16546,103700,16661.945782,22892.200627,9643.201543,0,1.00,100,99d1c7fab316,2712,12
javascript,bytes,message,100,35,cbor-x,1.6.4,34761,40176,5206,74937,28767.872041,24890.481880,13344.542749,0,1.00,100,99d1c7fab316,2713,13
javascript,bytes,message,100,35,sia,2.3.0,290060,684369,15859,974429,3447.562573,1461.200025,1026.242035,0,1.00,100,99d1c7fab316,2714,14
javascript,bytes,message,100,35,cbor,9.0.2,729849,646703,12030,1376552,1370.146428,1546.304873,726.452760,0,1.00,100,99d1c7fab316,2715,15
javascript,bytes,message,100,35,@msgpack/msgpack,3.1.3,83461,63888,12031,147349,11981.644121,15652.391685,6786.608664,0,1.00,100,99d1c7fab316,2716,16
javascript,bytes,message,100,35,v8-serializer,v8-13.6.233.17-node.48,39705,57189,12955,96894,25185.744868,17485.880152,10320.556484,0,1.00,100,99d1c7fab316,2717,17
javascript,bytes,message,100,35,bebop,3.2.3,52960,93107,15859,146067,18882.175227,10740.331017,6846.173331,0,1.00,100,99d1c7fab316,2718,18
javascript,bytes,message,100,35,flatbuffers,24.12.23,208746,86599,10404,295345,4790.510956,11547.477454,3385.870761,0,1.00,100,99d1c7fab316,2719,19
javascript,bytes,message,100,36,bser,2.1.1,161949,179127,14248,341076,6174.783419,5582.631317,2931.897876,0,1.00,100,99d1c7fab316,2720,0
javascript,bytes,message,100,36,protobuf-es,2.12.1,242993,172801,4841,415794,4115.344886,5787.003547,2405.037110,0,1.00,100,99d1c7fab316,2721,1
javascript,bytes,message,100,36,bson,6.10.4,89722,98024,14057,187746,11145.538441,10201.583286,5326.345168,0,1.00,100,99d1c7fab316,2722,2
javascript,bytes,message,100,36,v8-serializer,v8-13.6.233.17-node.48,37284,54799,12955,92083,26821.156528,18248.508184,10859.767818,0,1.00,100,99d1c7fab316,2723,3
javascript,bytes,message,100,36,simdjson-parse+JSON.stringify,0.9.2,52994,173186,16546,226180,18870.060762,5774.138787,4421.257406,0,1.00,100,99d1c7fab316,2724,4
javascript,bytes,message,100,36,msgpackr,1.12.1,43546,81176,12231,124722,22964.221743,12318.911994,8017.831658,0,1.00,100,99d1c7fab316,2725,5
javascript,bytes,message,100,36,flatbuffers,24.12.23,208827,86843,10404,295670,4788.652808,11515.032875,3382.149017,0,1.00,100,99d1c7fab316,2726,6
javascript,bytes,message,100,36,cbor-x,1.6.4,33207,43901,5206,77108,30114.132562,22778.524407,12968.822950,0,1.00,100,99d1c7fab316,2727,7
javascript,bytes,message,100,36,json-pack-msgpack,18.28.0,44965,64390,12660,109355,22239.519626,15530.361857,9144.529285,0,1.00,100,99d1c7fab316,2728,8
javascript,bytes,message,100,36,bebop,3.2.3,50061,95276,15859,145337,19975.629732,10495.822663,6880.560353,0,1.00,100,99d1c7fab316,2729,9
javascript,bytes,message,100,36,JSON.stringify,node-24.15.0,43431,76234,16546,119665,23025.028206,13117.506624,8356.662349,0,1.00,100,99d1c7fab316,2730,10
javascript,bytes,message,100,36,flexbuffers,24.12.23,865032,588399,14566,1453431,1156.026598,1699.527022,688.027158,0,1.00,100,99d1c7fab316,2731,11
javascript,bytes,message,100,36,devalue,5.8.1,313904,109453,18552,423357,3185.687344,9136.341626,2362.072672,0,1.00,100,99d1c7fab316,2732,12
javascript,bytes,message,100,36,avsc,5.7.9,160170,108058,4051,268228,6243.366423,9254.289363,3728.171556,0,1.00,100,99d1c7fab316,2733,13
javascript,bytes,message,100,36,sia,2.3.0,320623,168317,15859,488940,3118.927837,5941.170529,2045.240725,0,1.00,100,99d1c7fab316,2734,14
javascript,bytes,message,100,36,@msgpack/msgpack,3.1.3,87674,66388,12031,154062,11405.890002,15062.963186,6490.893277,0,1.00,100,99d1c7fab316,2735,15
javascript,bytes,message,100,36,fast-json-stringify,6.4.0,84200,53261,16546,137461,11876.484561,18775.464223,7274.790668,0,1.00,100,99d1c7fab316,2736,16
javascript,bytes,message,100,36,protobufjs,7.6.5,61064,77211,5047,138275,16376.260972,12951.522451,7231.965287,0,1.00,100,99d1c7fab316,2737,17
javascript,bytes,message,100,36,cbor,9.0.2,547414,618979,12030,1166393,1826.770963,1615.563694,857.343966,0,1.00,100,99d1c7fab316,2738,18
javascript,bytes,message,100,36,google-protobuf,3.21.4,1743,61104,5047,62847,573723.465290,16365.540717,15911.658472,0,1.00,100,99d1c7fab316,2739,19
javascript,bytes,message,100,37,flatbuffers,24.12.23,210589,85659,10404,296248,4748.586108,11674.196523,3375.550215,0,1.00,100,99d1c7fab316,2740,0
javascript,bytes,message,100,37,devalue,5.8.1,264165,125091,18552,389256,3785.512842,7994.180237,2569.003432,0,1.00,100,99d1c7fab316,2741,1
javascript,bytes,message,100,37,cbor,9.0.2,463199,607522,12030,1070721,2158.899307,1646.030926,933.950114,0,1.00,100,99d1c7fab316,2742,2
javascript,bytes,message,100,37,bser,2.1.1,162865,161071,14248,323936,6140.054646,6208.442240,3087.029537,0,1.00,100,99d1c7fab316,2743,3
javascript,bytes,message,100,37,protobuf-es,2.12.1,243744,171552,4841,415296,4102.665091,5829.136355,2407.921097,0,1.00,100,99d1c7fab316,2744,4
javascript,bytes,message,100,37,cbor-x,1.6.4,35264,42036,5206,77300,28357.531760,23789.133124,12936.610608,0,1.00,100,99d1c7fab316,2745,5
javascript,bytes,message,100,37,fast-json-stringify,6.4.0,61700,49305,16546,111005,16207.455429,20281.918670,9008.603216,0,1.00,100,99d1c7fab316,2746,6
javascript,bytes,message,100,37,@msgpack/msgpack,3.1.3,92000,60696,12031,152696,10869.565217,16475.550283,6548.960025,0,1.00,100,99d1c7fab316,2747,7
javascript,bytes,message,100,37,simdjson-parse+JSON.stringify,0.9.2,49799,181236,16546,231035,20080.724513,5517.667572,4328.348519,0,1.00,100,99d1c7fab316,2748,8
javascript,bytes,message,100,37,bson,6.10.4,87645,98475,14057,186120,11409.663985,10154.861640,5372.877713,0,1.00,100,99d1c7fab316,2749,9
javascript,bytes,message,100,37,flexbuffers,24.12.23,804619,553015,14566,1357634,1242.824244,1808.269215,736.575542,0,1.00,100,99d1c7fab316,2750,10
javascript,bytes,message,100,37,avsc,5.7.9,152273,102855,4051,255128,6567.152417,9722.424773,3919.601141,0,1.00,100,99d1c7fab316,2751,11
javascript,bytes,message,100,37,bebop,3.2.3,48736,95105,15859,143841,20518.713066,10514.694285,6952.120744,0,1.00,100,99d1c7fab316,2752,12
javascript,bytes,message,100,37,msgpackr,1.12.1,46384,76823,12231,123207,21559.158330,13016.935032,8116.421957,0,1.00,100,99d1c7fab316,2753,13
javascript,bytes,message,100,37,json-pack-msgpack,18.28.0,43315,541186,12660,584501,23086.690523,1847.793550,1710.861059,0,1.00,100,99d1c7fab316,2754,14
javascript,bytes,message,100,37,sia,2.3.0,826281,189318,15859,1015599,1210.242036,5282.117918,984.640591,0,1.00,100,99d1c7fab316,2755,15
javascript,bytes,message,100,37,v8-serializer,v8-13.6.233.17-node.48,39276,57192,12955,96468,25460.841226,17484.962932,10366.131774,0,1.00,100,99d1c7fab316,2756,16
javascript,bytes,message,100,37,JSON.stringify,node-24.15.0,47477,57048,16546,104525,21062.830423,17529.098303,9567.089213,0,1.00,100,99d1c7fab316,2757,17
javascript,bytes,message,100,37,google-protobuf,3.21.4,1277,67416,5047,68693,783085.356304,14833.274000,14557.524056,0,1.00,100,99d1c7fab316,2758,18
javascript,bytes,message,100,37,protobufjs,7.6.5,63684,78461,5047,142145,15702.531248,12745.185506,7035.069823,0,1.00,100,99d1c7fab316,2759,19
javascript,bytes,message,100,38,devalue,5.8.1,321656,89116,18552,410772,3108.911384,11221.329503,2434.440517,0,1.00,100,99d1c7fab316,2760,0
javascript,bytes,message,100,38,bebop,3.2.3,53021,97367,15859,150388,18860.451519,10270.420163,6649.466713,0,1.00,100,99d1c7fab316,2761,1
javascript,bytes,message,100,38,avsc,5.7.9,154700,103790,4051,258490,6464.124111,9634.839580,3868.621610,0,1.00,100,99d1c7fab316,2762,2
javascript,bytes,message,100,38,simdjson-parse+JSON.stringify,0.9.2,38710,199844,16546,238554,25833.118057,5003.903044,4191.923003,0,1.00,100,99d1c7fab316,2763,3
javascript,bytes,message,100,38,v8-serializer,v8-13.6.233.17-node.48,47739,59839,12955,107578,20947.233918,16711.509216,9295.580881,0,1.00,100,99d1c7fab316,2764,4
javascript,bytes,message,100,38,fast-json-stringify,6.4.0,64240,42516,16546,106756,15566.625156,23520.556967,9367.155008,0,1.00,100,99d1c7fab316,2765,5
javascript,bytes,message,100,38,flexbuffers,24.12.23,891848,622973,14566,1514821,1121.267301,1605.206004,660.144004,0,1.00,100,99d1c7fab316,2766,6
javascript,bytes,message,100,38,bser,2.1.1,164542,183047,14248,347589,6077.475660,5463.077789,2876.961009,0,1.00,100,99d1c7fab316,2767,7
javascript,bytes,message,100,38,google-protobuf,3.21.4,998,61540,5047,62538,1002004.008016,16249.593760,15990.277911,0,1.00,100,99d1c7fab316,2768,8
javascript,bytes,message,100,38,JSON.stringify,node-24.15.0,44903,45758,16546,90661,22270.226934,21854.102015,11030.101146,0,1.00,100,99d1c7fab316,2769,9
javascript,bytes,message,100,38,protobuf-es,2.12.1,248959,193223,4841,442182,4016.725646,5175.367322,2261.512228,0,1.00,100,99d1c7fab316,2770,10
javascript,bytes,message,100,38,@msgpack/msgpack,3.1.3,78637,62897,12031,141534,12716.660096,15899.009492,7065.440106,0,1.00,100,99d1c7fab316,2771,11
javascript,bytes,message,100,38,sia,2.3.0,331166,161079,15859,492245,3019.633658,6208.133897,2031.508700,0,1.00,100,99d1c7fab316,2772,12
javascript,bytes,message,100,38,protobufjs,7.6.5,56930,73122,5047,130052,17565.431231,13675.774733,7689.232000,0,1.00,100,99d1c7fab316,2773,13
javascript,bytes,message,100,38,msgpackr,1.12.1,54239,86379,12231,140618,18436.918085,11576.887901,7111.465104,0,1.00,100,99d1c7fab316,2774,14
javascript,bytes,message,100,38,json-pack-msgpack,18.28.0,49178,42786,12660,91964,20334.295823,23372.131071,10873.820191,0,1.00,100,99d1c7fab316,2775,15
javascript,bytes,message,100,38,bson,6.10.4,85956,100004,14057,185960,11633.859184,9999.600016,5377.500538,0,1.00,100,99d1c7fab316,2776,16
javascript,bytes,message,100,38,cbor-x,1.6.4,31633,39172,5206,70805,31612.556507,25528.438681,14123.296377,0,1.00,100,99d1c7fab316,2777,17
javascript,bytes,message,100,38,cbor,9.0.2,561931,617027,12030,1178958,1779.577920,1620.674622,848.206637,0,1.00,100,99d1c7fab316,2778,18
javascript,bytes,message,100,38,flatbuffers,24.12.23,207158,82854,10404,290012,4827.233319,12069.423323,3448.133181,0,1.00,100,99d1c7fab316,2779,19
javascript,bytes,message,100,39,protobuf-es,2.12.1,227873,163976,4841,391849,4388.409333,6098.453432,2552.003450,0,1.00,100,99d1c7fab316,2780,0
javascript,bytes,message,100,39,simdjson-parse+JSON.stringify,0.9.2,45376,171086,16546,216462,22038.081805,5845.013619,4619.748501,0,1.00,100,99d1c7fab316,2781,1
javascript,bytes,message,100,39,sia,2.3.0,276782,149822,15859,426604,3612.951709,6674.587177,2344.094289,0,1.00,100,99d1c7fab316,2782,2
javascript,bytes,message,100,39,bson,6.10.4,83656,93032,14057,176688,11953.715215,10748.989595,5659.693924,0,1.00,100,99d1c7fab316,2783,3
javascript,bytes,message,100,39,bebop,3.2.3,48727,94062,15859,142789,20522.502924,10631.285748,7003.340593,0,1.00,100,99d1c7fab316,2784,4
javascript,bytes,message,100,39,cbor,9.0.2,486928,618526,12030,1105454,2053.691716,1616.746911,904.605710,0,1.00,100,99d1c7fab316,2785,5
javascript,bytes,message,100,39,@msgpack/msgpack,3.1.3,81254,64009,12031,145263,12307.086420,15622.803043,6884.065454,0,1.00,100,99d1c7fab316,2786,6
javascript,bytes,message,100,39,flexbuffers,24.12.23,843651,576273,14566,1419924,1185.324263,1735.288657,704.263045,0,1.00,100,99d1c7fab316,2787,7
javascript,bytes,message,100,39,v8-serializer,v8-13.6.233.17-node.48,44448,90923,12955,135371,22498.200144,10998.317257,7387.106544,0,1.00,100,99d1c7fab316,2788,8
javascript,bytes,message,100,39,protobufjs,7.6.5,62116,81059,5047,143175,16098.911714,12336.693026,6984.459577,0,1.00,100,99d1c7fab316,2789,9
javascript,bytes,message,100,39,bser,2.1.1,161789,160316,14248,322105,6180.889925,6237.680581,3104.577700,0,1.00,100,99d1c7fab316,2790,10
javascript,bytes,message,100,39,avsc,5.7.9,159041,99711,4051,258752,6287.686823,10028.983763,3864.704427,0,1.00,100,99d1c7fab316,2791,11
javascript,bytes,message,100,39,fast-json-stringify,6.4.0,77181,40609,16546,117790,12956.556666,24625.083110,8489.685033,0,1.00,100,99d1c7fab316,2792,12
javascript,bytes,message,100,39,cbor-x,1.6.4,35944,43718,5206,79662,27821.054974,22873.873462,12553.036580,0,1.00,100,99d1c7fab316,2793,13
javascript,bytes,message,100,39,google-protobuf,3.21.4,961,79458,5047,80419,1040582.726327,12585.265172,12434.872356,0,1.00,100,99d1c7fab316,2794,14
javascript,bytes,message,100,39,flatbuffers,24.12.23,198424,81442,10404,279866,5039.712938,12278.676850,3573.138573,0,1.00,100,99d1c7fab316,2795,15
javascript,bytes,message,100,39,devalue,5.8.1,251222,90619,18552,341841,3980.543105,11035.213366,2925.336633,0,1.00,100,99d1c7fab316,2796,16
javascript,bytes,message,100,39,msgpackr,1.12.1,39956,73987,12231,113943,25027.530283,13515.887926,8776.317984,0,1.00,100,99d1c7fab316,2797,17
javascript,bytes,message,100,39,JSON.stringify,node-24.15.0,42850,40416,16546,83266,23337.222870,24742.676168,12009.703841,0,1.00,100,99d1c7fab316,2798,18
javascript,bytes,message,100,39,json-pack-msgpack,18.28.0,60586,65504,12660,126090,16505.463308,15266.243283,7930.843049,0,1.00,100,99d1c7fab316,2799,19
javascript,bytes,message,100,40,fast-json-stringify,6.4.0,54545,43656,16546,98201,18333.486112,22906.358805,10183.195690,0,1.00,100,99d1c7fab316,2800,0
javascript,bytes,message,100,40,simdjson-parse+JSON.stringify,0.9.2,38570,183877,16546,222447,25926.886181,5438.418073,4495.452849,0,1.00,100,99d1c7fab316,2801,1
javascript,bytes,message,100,40,cbor-x,1.6.4,28297,29926,5206,58223,35339.435276,33415.758872,17175.343077,0,1.00,100,99d1c7fab316,2802,2
javascript,bytes,message,100,40,flatbuffers,24.12.23,187107,80619,10404,267726,5344.535480,12404.023865,3735.162069,0,1.00,100,99d1c7fab316,2803,3
javascript,bytes,message,100,40,sia,2.3.0,826292,149144,15859,975436,1210.225925,6704.929464,1025.182585,0,1.00,100,99d1c7fab316,2804,4
javascript,bytes,message,100,40,google-protobuf,3.21.4,730,56665,5047,57395,1369863.013699,17647.577870,17423.120481,0,1.00,100,99d1c7fab316,2805,5
javascript,bytes,message,100,40,JSON.stringify,node-24.15.0,203777,49085,16546,252862,4907.325164,20372.822655,3954.726293,0,1.00,100,99d1c7fab316,2806,6
javascript,bytes,message,100,40,bebop,3.2.3,80519,103012,15859,183531,12419.428955,9707.606881,5448.670797,0,1.00,100,99d1c7fab316,2807,7
javascript,bytes,message,100,40,cbor,9.0.2,457111,602537,12030,1059648,2187.652452,1659.649117,943.709609,0,1.00,100,99d1c7fab316,2808,8
javascript,bytes,message,100,40,msgpackr,1.12.1,38723,107606,12231,146329,25824.445420,9293.162091,6833.915355,0,1.00,100,99d1c7fab316,2809,9
javascript,bytes,message,100,40,protobufjs,7.6.5,55006,84440,5047,139446,18179.834927,11842.728565,7171.234743,0,1.00,100,99d1c7fab316,2810,10
javascript,bytes,message,100,40,avsc,5.7.9,152830,97544,4051,250374,6543.217955,10251.783810,3994.024939,0,1.00,100,99d1c7fab316,2811,11
javascript,bytes,message,100,40,flexbuffers,24.12.23,885518,533852,14566,1419370,1129.282522,1873.178334,704.537929,0,1.00,100,99d1c7fab316,2812,12
javascript,bytes,message,100,40,json-pack-msgpack,18.28.0,42922,41862,12660,84784,23298.075579,23888.012995,11794.678241,0,1.00,100,99d1c7fab316,2813,13
javascript,bytes,message,100,40,@msgpack/msgpack,3.1.3,78188,57968,12031,136156,12789.686397,17250.897047,7344.516584,0,1.00,100,99d1c7fab316,2814,14
javascript,bytes,message,100,40,bson,6.10.4,87710,94556,14057,182266,11401.208528,10575.743475,5486.486783,0,1.00,100,99d1c7fab316,2815,15
javascript,bytes,message,100,40,devalue,5.8.1,245971,84134,18552,330105,4065.519919,11885.801222,3029.339150,0,1.00,100,99d1c7fab316,2816,16
javascript,bytes,message,100,40,protobuf-es,2.12.1,236465,166599,4841,403064,4228.955659,6002.436989,2480.995574,0,1.00,100,99d1c7fab316,2817,17
javascript,bytes,message,100,40,bser,2.1.1,164828,153443,14248,318271,6066.930376,6517.078003,3141.976492,0,1.00,100,99d1c7fab316,2818,18
javascript,bytes,message,100,40,v8-serializer,v8-13.6.233.17-node.48,39933,53993,12955,93926,25041.945258,18520.919378,10646.679301,0,1.00,100,99d1c7fab316,2819,19
javascript,bytes,message,100,41,devalue,5.8.1,238580,82387,18552,320967,4191.466175,12137.837280,3115.585091,0,1.00,100,99d1c7fab316,2820,0
javascript,bytes,message,100,41,bson,6.10.4,78118,98476,14057,176594,12801.146983,10154.758520,5662.706547,0,1.00,100,99d1c7fab316,2821,1
javascript,bytes,message,100,41,v8-serializer,v8-13.6.233.17-node.48,30360,49477,12955,79837,32938.076416,20211.411363,12525.520749,0,1.00,100,99d1c7fab316,2822,2
javascript,bytes,message,100,41,simdjson-parse+JSON.stringify,0.9.2,42924,178758,16546,221682,23296.990029,5594.155227,4510.966159,0,1.00,100,99d1c7fab316,2823,3
javascript,bytes,message,100,41,cbor,9.0.2,462004,601315,12030,1063319,2164.483424,1663.021877,940.451548,0,1.00,100,99d1c7fab316,2824,4
javascript,bytes,message,100,41,sia,2.3.0,293198,148240,15859,441438,3410.664466,6745.817593,2265.323783,0,1.00,100,99d1c7fab316,2825,5
javascript,bytes,message,100,41,avsc,5.7.9,152504,121111,4051,273615,6557.205057,8256.888309,3654.770389,0,1.00,100,99d1c7fab316,2826,6
javascript,bytes,message,100,41,cbor-x,1.6.4,33529,40710,5206,74239,29824.927675,24563.989192,13470.009025,0,1.00,100,99d1c7fab316,2827,7
javascript,bytes,message,100,41,msgpackr,1.12.1,41450,71044,12231,112494,24125.452352,14075.784021,8889.362988,0,1.00,100,99d1c7fab316,2828,8
javascript,bytes,message,100,41,flexbuffers,24.12.23,803268,537117,14566,1340385,1244.914524,1861.791751,746.054305,0,1.00,100,99d1c7fab316,2829,9
javascript,bytes,message,100,41,bebop,3.2.3,50505,97472,15859,147977,19800.019800,10259.356533,6757.806956,0,1.00,100,99d1c7fab316,2830,10
javascript,bytes,message,100,41,protobufjs,7.6.5,56484,69640,5047,126124,17704.128603,14359.563469,7928.705084,0,1.00,100,99d1c7fab316,2831,11
javascript,bytes,message,100,41,bser,2.1.1,158063,152969,14248,311032,6326.591296,6537.272258,3215.103269,0,1.00,100,99d1c7fab316,2832,12
javascript,bytes,message,100,41,protobuf-es,2.12.1,230341,168182,4841,398523,4341.389505,5945.939518,2509.265463,0,1.00,100,99d1c7fab316,2833,13
javascript,bytes,message,100,41,google-protobuf,3.21.4,1107,71798,5047,72905,903342.366757,13927.964567,13716.480351,0,1.00,100,99d1c7fab316,2834,14
javascript,bytes,message,100,41,fast-json-stringify,6.4.0,64713,47029,16546,111742,15452.845642,21263.475728,8949.186519,0,1.00,100,99d1c7fab316,2835,15
javascript,bytes,message,100,41,JSON.stringify,node-24.15.0,43205,39479,16546,82684,23145.469274,25329.922237,12094.238305,0,1.00,100,99d1c7fab316,2836,16
javascript,bytes,message,100,41,flatbuffers,24.12.23,200988,83616,10404,284604,4975.421418,11959.433601,3513.654060,0,1.00,100,99d1c7fab316,2837,17
javascript,bytes,message,100,41,@msgpack/msgpack,3.1.3,101488,61896,12031,163384,9853.381681,16156.132868,6120.550360,0,1.00,100,99d1c7fab316,2838,18
javascript,bytes,message,100,41,json-pack-msgpack,18.28.0,42406,42373,12660,84779,23581.568646,23599.933920,11795.373854,0,1.00,100,99d1c7fab316,2839,19
javascript,bytes,message,100,42,cbor,9.0.2,462400,599213,12030,1061613,2162.629758,1668.855649,941.962843,0,1.00,100,99d1c7fab316,2840,0
javascript,bytes,message,100,42,msgpackr,1.12.1,39951,72833,12231,112784,25030.662562,13730.039954,8866.505887,0,1.00,100,99d1c7fab316,2841,1
javascript,bytes,message,100,42,flexbuffers,24.12.23,1418830,593440,14566,2012270,704.806073,1685.090321,496.951204,0,1.00,100,99d1c7fab316,2842,2
javascript,bytes,message,100,42,protobuf-es,2.12.1,356080,177567,4841,533647,2808.357672,5631.677057,1873.897914,0,1.00,100,99d1c7fab316,2843,3
javascript,bytes,message,100,42,google-protobuf,3.21.4,1354,82022,5047,83376,738552.437223,12191.850967,11993.859144,0,1.00,100,99d1c7fab316,2844,4
javascript,bytes,message,100,42,json-pack-msgpack,18.28.0,44020,48036,12660,92056,22716.946842,20817.720043,10862.952985,0,1.00,100,99d1c7fab316,2845,5
javascript,bytes,message,100,42,simdjson-parse+JSON.stringify,0.9.2,67072,179538,16546,246610,14909.351145,5569.851508,4054.985605,0,1.00,100,99d1c7fab316,2846,6
javascript,bytes,message,100,42,bson,6.10.4,89055,95491,14057,184546,11229.015777,10472.191097,5418.703196,0,1.00,100,99d1c7fab316,2847,7
javascript,bytes,message,100,42,JSON.stringify,node-24.15.0,38947,62548,16546,101495,25675.918556,15987.721430,9852.702104,0,1.00,100,99d1c7fab316,2848,8
javascript,bytes,message,100,42,avsc,5.7.9,140313,103503,4051,243816,7126.923378,9661.555704,4101.453555,0,1.00,100,99d1c7fab316,2849,9
javascript,bytes,message,100,42,fast-json-stringify,6.4.0,78533,39407,16546,117940,12733.500567,25376.202198,8478.887570,0,1.00,100,99d1c7fab316,2850,10
javascript,bytes,message,100,42,v8-serializer,v8-13.6.233.17-node.48,42385,54045,12955,96430,23593.252330,18503.099269,10370.216738,0,1.00,100,99d1c7fab316,2851,11
javascript,bytes,message,100,42,sia,2.3.0,312698,147856,15859,460554,3197.973764,6763.337301,2171.298045,0,1.00,100,99d1c7fab316,2852,12
javascript,bytes,message,100,42,bser,2.1.1,161198,158936,14248,320134,6203.550913,6291.840741,3123.691954,0,1.00,100,99d1c7fab316,2853,13
javascript,bytes,message,100,42,protobufjs,7.6.5,54577,74482,5047,129059,18322.736684,13426.062673,7748.394145,0,1.00,100,99d1c7fab316,2854,14
javascript,bytes,message,100,42,devalue,5.8.1,255885,94463,18552,350348,3908.005549,10586.155426,2854.304863,0,1.00,100,99d1c7fab316,2855,15
javascript,bytes,message,100,42,bebop,3.2.3,51080,98594,15859,149674,19577.133908,10142.605027,6681.187113,0,1.00,100,99d1c7fab316,2856,16
javascript,bytes,message,100,42,flatbuffers,24.12.23,202871,89286,10404,292157,4929.240749,11199.964160,3422.817184,0,1.00,100,99d1c7fab316,2857,17
javascript,bytes,message,100,42,@msgpack/msgpack,3.1.3,68192,62184,12031,130376,14664.476771,16081.307089,7670.123336,0,1.00,100,99d1c7fab316,2858,18
javascript,bytes,message,100,42,cbor-x,1.6.4,32022,42626,5206,74648,31228.530385,23459.860179,13396.206194,0,1.00,100,99d1c7fab316,2859,19
javascript,bytes,message,100,43,google-protobuf,3.21.4,863,54868,5047,55731,1158748.551564,18225.559525,17943.334948,0,1.00,100,99d1c7fab316,2860,0
javascript,bytes,message,100,43,bser,2.1.1,156311,151427,14248,307738,6397.502415,6603.842115,3249.517447,0,1.00,100,99d1c7fab316,2861,1
javascript,bytes,message,100,43,json-pack-msgpack,18.28.0,42030,42895,12660,84925,23792.529146,23312.740413,11775.095673,0,1.00,100,99d1c7fab316,2862,2
javascript,bytes,message,100,43,protobufjs,7.6.5,51586,93090,5047,144676,19385.104486,10742.292405,6911.996461,0,1.00,100,99d1c7fab316,2863,3
javascript,bytes,message,100,43,fast-json-stringify,6.4.0,56429,51118,16546,107547,17721.384395,19562.580696,9298.260295,0,1.00,100,99d1c7fab316,2864,4
javascript,bytes,message,100,43,@msgpack/msgpack,3.1.3,63132,55184,12031,118316,15839.827663,18121.194549,8451.942256,0,1.00,100,99d1c7fab316,2865,5
javascript,bytes,message,100,43,flexbuffers,24.12.23,821083,536233,14566,1357316,1217.903671,1864.860984,736.748112,0,1.00,100,99d1c7fab316,2866,6
javascript,bytes,message,100,43,JSON.stringify,node-24.15.0,47153,43621,16546,90774,21207.558374,22924.738085,11016.370326,0,1.00,100,99d1c7fab316,2867,7
javascript,bytes,message,100,43,avsc,5.7.9,141492,95737,4051,237229,7067.537387,10445.282388,4215.336236,0,1.00,100,99d1c7fab316,2868,8
javascript,bytes,message,100,43,v8-serializer,v8-13.6.233.17-node.48,38425,53469,12955,91894,26024.723487,18702.425705,10882.103293,0,1.00,100,99d1c7fab316,2869,9
javascript,bytes,message,100,43,cbor,9.0.2,475249,605482,12030,1080731,2104.160135,1651.576760,925.299635,0,1.00,100,99d1c7fab316,2870,10
javascript,bytes,message,100,43,sia,2.3.0,288254,151060,15859,439314,3469.162614,6619.886138,2276.276194,0,1.00,100,99d1c7fab316,2871,11
javascript,bytes,message,100,43,devalue,5.8.1,255193,85571,18552,340764,3918.602783,11686.202101,2934.582292,0,1.00,100,99d1c7fab316,2872,12
javascript,bytes,message,100,43,protobuf-es,2.12.1,233828,170972,4841,404800,4276.647792,5848.910933,2470.355731,0,1.00,100,99d1c7fab316,2873,13
javascript,bytes,message,100,43,bson,6.10.4,84934,102376,14057,187310,11773.847929,9767.914355,5338.743260,0,1.00,100,99d1c7fab316,2874,14
javascript,bytes,message,100,43,simdjson-parse+JSON.stringify,0.9.2,44353,176377,16546,220730,22546.389196,5669.673484,4530.421782,0,1.00,100,99d1c7fab316,2875,15
javascript,bytes,message,100,43,flatbuffers,24.12.23,198701,84420,10404,283121,5032.687304,11845.534234,3532.058731,0,1.00,100,99d1c7fab316,2876,16
javascript,bytes,message,100,43,msgpackr,1.12.1,40712,76567,12231,117279,24562.782472,13060.456855,8526.675705,0,1.00,100,99d1c7fab316,2877,17
javascript,bytes,message,100,43,cbor-x,1.6.4,31375,35688,5206,67063,31872.509960,28020.623179,14911.352012,0,1.00,100,99d1c7fab316,2878,18
javascript,bytes,message,100,43,bebop,3.2.3,48275,94123,15859,142398,20714.655619,10624.395737,7022.570542,0,1.00,100,99d1c7fab316,2879,19
javascript,bytes,message,100,44,bebop,3.2.3,43479,93287,15859,136766,22999.609007,10719.607234,7311.758770,0,1.00,100,99d1c7fab316,2880,0
javascript,bytes,message,100,44,google-protobuf,3.21.4,717,55417,5047,56134,1394700.139470,18045.004241,17814.515267,0,1.00,100,99d1c7fab316,2881,1
javascript,bytes,message,100,44,devalue,5.8.1,245676,89555,18552,335231,4070.401667,11166.322372,2983.017680,0,1.00,100,99d1c7fab316,2882,2
javascript,bytes,message,100,44,JSON.stringify,node-24.15.0,41944,43693,16546,85637,23841.312226,22886.961298,11677.195605,0,1.00,100,99d1c7fab316,2883,3
javascript,bytes,message,100,44,flexbuffers,24.12.23,796912,536947,14566,1333859,1254.843697,1862.381203,749.704429,0,1.00,100,99d1c7fab316,2884,4
javascript,bytes,message,100,44,simdjson-parse+JSON.stringify,0.9.2,47088,164648,16546,211736,21236.833163,6073.562995,4722.862432,0,1.00,100,99d1c7fab316,2885,5
javascript,bytes,message,100,44,protobufjs,7.6.5,54045,67281,5047,121326,18503.099269,14863.037113,8242.256400,0,1.00,100,99d1c7fab316,2886,6
javascript,bytes,message,100,44,avsc,5.7.9,147155,101648,4051,248803,6795.555707,9837.871872,4019.244141,0,1.00,100,99d1c7fab316,2887,7
javascript,bytes,message,100,44,protobuf-es,2.12.1,228321,173997,4841,402318,4379.798617,5747.225527,2485.595971,0,1.00,100,99d1c7fab316,2888,8
javascript,bytes,message,100,44,json-pack-msgpack,18.28.0,58645,41417,12660,100062,17051.752068,24144.674892,9993.803842,0,1.00,100,99d1c7fab316,2889,9
javascript,bytes,message,100,44,bser,2.1.1,159571,157173,14248,316744,6266.802865,6362.415937,3157.123734,0,1.00,100,99d1c7fab316,2890,10
javascript,bytes,message,100,44,msgpackr,1.12.1,41884,73109,12231,114993,23875.465572,13678.206514,8696.181507,0,1.00,100,99d1c7fab316,2891,11
javascript,bytes,message,100,44,bson,6.10.4,81637,458792,14057,540429,12249.347722,2179.636960,1850.381826,0,1.00,100,99d1c7fab316,2892,12
javascript,bytes,message,100,44,flatbuffers,24.12.23,504910,160984,10404,665894,1980.550989,6211.797446,1501.740517,0,1.00,100,99d1c7fab316,2893,13
javascript,bytes,message,100,44,fast-json-stringify,6.4.0,106512,49202,16546,155714,9388.613490,20324.377058,6422.030132,0,1.00,100,99d1c7fab316,2894,14
javascript,bytes,message,100,44,sia,2.3.0,326144,152923,15859,479067,3066.130298,6539.238702,2087.390699,0,1.00,100,99d1c7fab316,2895,15
javascript,bytes,message,100,44,v8-serializer,v8-13.6.233.17-node.48,40140,53625,12955,93765,24912.805182,18648.018648,10664.960273,0,1.00,100,99d1c7fab316,2896,16
javascript,bytes,message,100,44,@msgpack/msgpack,3.1.3,65331,58450,12031,123781,15306.669116,17108.639863,8078.784305,0,1.00,100,99d1c7fab316,2897,17
javascript,bytes,message,100,44,cbor-x,1.6.4,29763,34570,5206,64333,33598.763566,28926.815158,15544.121990,0,1.00,100,99d1c7fab316,2898,18
javascript,bytes,message,100,44,cbor,9.0.2,464180,606295,12030,1070475,2154.336680,1649.362109,934.164740,0,1.00,100,99d1c7fab316,2899,19
javascript,bytes,message,100,45,JSON.stringify,node-24.15.0,49742,45690,16546,95432,20103.735274,21886.627271,10478.665437,0,1.00,100,99d1c7fab316,2900,0
javascript,bytes,message,100,45,simdjson-parse+JSON.stringify,0.9.2,40515,178865,16546,219380,24682.216463,5590.808710,4558.300666,0,1.00,100,99d1c7fab316,2901,1
javascript,bytes,message,100,45,avsc,5.7.9,142297,92749,4051,235046,7027.555043,10781.787405,4254.486356,0,1.00,100,99d1c7fab316,2902,2
javascript,bytes,message,100,45,sia,2.3.0,311867,150868,15859,462735,3206.495076,6628.310841,2161.064108,0,1.00,100,99d1c7fab316,2903,3
javascript,bytes,message,100,45,bebop,3.2.3,52022,100776,15859,152798,19222.636577,9922.997539,6544.588280,0,1.00,100,99d1c7fab316,2904,4
javascript,bytes,message,100,45,cbor,9.0.2,463892,607574,12030,1071466,2155.674166,1645.890048,933.300730,0,1.00,100,99d1c7fab316,2905,5
javascript,bytes,message,100,45,google-protobuf,3.21.4,1405,83953,5047,85358,711743.772242,11911.426632,11715.363528,0,1.00,100,99d1c7fab316,2906,6
javascript,bytes,message,100,45,bser,2.1.1,174003,160903,14248,334906,5747.027350,6214.924520,2985.912465,0,1.00,100,99d1c7fab316,2907,7
javascript,bytes,message,100,45,flexbuffers,24.12.23,830028,625645,14566,1455673,1204.778634,1598.350502,686.967471,0,1.00,100,99d1c7fab316,2908,8
javascript,bytes,message,100,45,flatbuffers,24.12.23,216854,85703,10404,302557,4611.397530,11668.202980,3305.162333,0,1.00,100,99d1c7fab316,2909,9
javascript,bytes,message,100,45,cbor-x,1.6.4,38690,48086,5206,86776,25846.471957,20796.073701,11523.923666,0,1.00,100,99d1c7fab316,2910,10
javascript,bytes,message,100,45,devalue,5.8.1,288451,105132,18552,393583,3466.793320,9511.851767,2540.760145,0,1.00,100,99d1c7fab316,2911,11
javascript,bytes,message,100,45,protobuf-es,2.12.1,250940,186303,4841,437243,3985.016339,5367.600092,2287.057769,0,1.00,100,99d1c7fab316,2912,12
javascript,bytes,message,100,45,v8-serializer,v8-13.6.233.17-node.48,53608,61801,12955,115409,18653.932249,16180.967946,8664.835498,0,1.00,100,99d1c7fab316,2913,13
javascript,bytes,message,100,45,msgpackr,1.12.1,51285,84109,12231,135394,19498.878814,11889.334078,7385.851663,0,1.00,100,99d1c7fab316,2914,14
javascript,bytes,message,100,45,@msgpack/msgpack,3.1.3,78101,67764,12031,145865,12803.933368,14757.098164,6855.654201,0,1.00,100,99d1c7fab316,2915,15
javascript,bytes,message,100,45,bson,6.10.4,95058,103766,14057,198824,10519.893118,9637.068018,5029.573894,0,1.00,100,99d1c7fab316,2916,16
javascript,bytes,message,100,45,protobufjs,7.6.5,61622,86734,5047,148356,16227.970530,11529.504001,6740.543018,0,1.00,100,99d1c7fab316,2917,17
javascript,bytes,message,100,45,json-pack-msgpack,18.28.0,45604,44875,12660,90479,21927.901061,22284.122563,11052.288376,0,1.00,100,99d1c7fab316,2918,18
javascript,bytes,message,100,45,fast-json-stringify,6.4.0,78599,71408,16546,150007,12722.808178,14004.033162,6666.355570,0,1.00,100,99d1c7fab316,2919,19
javascript,bytes,message,100,46,sia,2.3.0,295312,150236,15859,445548,3386.249120,6656.194254,2244.427088,0,1.00,100,99d1c7fab316,2920,0
javascript,bytes,message,100,46,json-pack-msgpack,18.28.0,40467,39936,12660,80403,24711.493316,25040.064103,12437.346865,0,1.00,100,99d1c7fab316,2921,1
javascript,bytes,message,100,46,msgpackr,1.12.1,41899,73687,12231,115586,23866.918065,13570.914815,8651.566799,0,1.00,100,99d1c7fab316,2922,2
javascript,bytes,message,100,46,@msgpack/msgpack,3.1.3,70343,62692,12031,133035,14216.055613,15950.998533,7516.818882,0,1.00,100,99d1c7fab316,2923,3
javascript,bytes,message,100,46,google-protobuf,3.21.4,963,68734,5047,69697,1038421.599169,14548.840457,14347.819849,0,1.00,100,99d1c7fab316,2924,4
javascript,bytes,message,100,46,cbor,9.0.2,518352,627389,12030,1145741,1929.190974,1593.907448,872.797604,0,1.00,100,99d1c7fab316,2925,5
javascript,bytes,message,100,46,fast-json-stringify,6.4.0,69265,56792,16546,126057,14437.305999,17608.113819,7932.919235,0,1.00,100,99d1c7fab316,2926,6
javascript,bytes,message,100,46,protobuf-es,2.12.1,267613,187865,4841,455478,3736.739247,5322.971283,2195.495721,0,1.00,100,99d1c7fab316,2927,7
javascript,bytes,message,100,46,bser,2.1.1,166026,158851,14248,324877,6023.153000,6295.207459,3078.088015,0,1.00,100,99d1c7fab316,2928,8
javascript,bytes,message,100,46,JSON.stringify,node-24.15.0,51832,47863,16546,99695,19293.100787,20892.965339,10030.593310,0,1.00,100,99d1c7fab316,2929,9
javascript,bytes,message,100,46,flatbuffers,24.12.23,205528,110794,10404,316322,4865.517107,9025.759518,3161.335601,0,1.00,100,99d1c7fab316,2930,10
javascript,bytes,message,100,46,v8-serializer,v8-13.6.233.17-node.48,38281,54808,12955,93089,26122.619576,18245.511604,10742.407803,0,1.00,100,99d1c7fab316,2931,11
javascript,bytes,message,100,46,bebop,3.2.3,49021,90094,15859,139115,20399.420656,11099.518281,7188.297452,0,1.00,100,99d1c7fab316,2932,12
javascript,bytes,message,100,46,avsc,5.7.9,139528,95994,4051,235522,7167.020240,10417.317749,4245.887858,0,1.00,100,99d1c7fab316,2933,13
javascript,bytes,message,100,46,flexbuffers,24.12.23,805969,842499,14566,1648468,1240.742510,1186.945029,606.623847,0,1.00,100,99d1c7fab316,2934,14
javascript,bytes,message,100,46,protobufjs,7.6.5,143920,73558,5047,217478,6948.304614,13594.714375,4598.166251,0,1.00,100,99d1c7fab316,2935,15
javascript,bytes,message,100,46,simdjson-parse+JSON.stringify,0.9.2,140054,273542,16546,413596,7140.103103,3655.745736,2417.818354,0,1.00,100,99d1c7fab316,2936,16
javascript,bytes,message,100,46,devalue,5.8.1,258890,89280,18552,348170,3862.644366,11200.716846,2872.160152,0,1.00,100,99d1c7fab316,2937,17
javascript,bytes,message,100,46,cbor-x,1.6.4,32606,41546,5206,74152,30669.201987,24069.705868,13485.812925,0,1.00,100,99d1c7fab316,2938,18
javascript,bytes,message,100,46,bson,6.10.4,85167,96665,14057,181832,11741.637019,10345.005948,5499.582032,0,1.00,100,99d1c7fab316,2939,19
javascript,bytes,message,100,47,cbor,9.0.2,511079,599329,12030,1110408,1956.644667,1668.532642,900.569881,0,1.00,100,99d1c7fab316,2940,0
javascript,bytes,message,100,47,JSON.stringify,node-24.15.0,42498,48866,16546,91364,23530.519083,20464.126386,10945.230069,0,1.00,100,99d1c7fab316,2941,1
javascript,bytes,message,100,47,flexbuffers,24.12.23,816105,531034,14566,1347139,1225.332525,1883.118595,742.313896,0,1.00,100,99d1c7fab316,2942,2
javascript,bytes,message,100,47,json-pack-msgpack,18.28.0,41391,41231,12660,82622,24159.841511,24253.595596,12103.313887,0,1.00,100,99d1c7fab316,2943,3
javascript,bytes,message,100,47,google-protobuf,3.21.4,864,57008,5047,57872,1157407.407407,17541.397699,17279.513409,0,1.00,100,99d1c7fab316,2944,4
javascript,bytes,message,100,47,protobuf-es,2.12.1,229816,167449,4841,397265,4351.307133,5971.967584,2517.211433,0,1.00,100,99d1c7fab316,2945,5
javascript,bytes,message,100,47,avsc,5.7.9,146790,100076,4051,246866,6812.453164,9992.405772,4050.780585,0,1.00,100,99d1c7fab316,2946,6
javascript,bytes,message,100,47,flatbuffers,24.12.23,217459,85836,10404,303295,4598.568006,11650.123491,3297.119966,0,1.00,100,99d1c7fab316,2947,7
javascript,bytes,message,100,47,simdjson-parse+JSON.stringify,0.9.2,45091,196285,16546,241376,22177.374642,5094.632804,4142.913960,0,1.00,100,99d1c7fab316,2948,8
javascript,bytes,message,100,47,v8-serializer,v8-13.6.233.17-node.48,53669,61634,12955,115303,18632.730254,16224.810981,8672.801228,0,1.00,100,99d1c7fab316,2949,9
javascript,bytes,message,100,47,@msgpack/msgpack,3.1.3,73723,69929,12031,143652,13564.287943,14300.218793,6961.267508,0,1.00,100,99d1c7fab316,2950,10
javascript,bytes,message,100,47,cbor-x,1.6.4,51246,75155,5206,126401,19513.718144,13305.834608,7911.329815,0,1.00,100,99d1c7fab316,2951,11
javascript,bytes,message,100,47,sia,2.3.0,320687,150099,15859,470786,3118.305388,6662.269569,2124.107344,0,1.00,100,99d1c7fab316,2952,12
javascript,bytes,message,100,47,fast-json-stringify,6.4.0,75563,58024,16546,133587,13233.990180,17234.247897,7485.758345,0,1.00,100,99d1c7fab316,2953,13
javascript,bytes,message,100,47,protobufjs,7.6.5,62814,77096,5047,139910,15920.017830,12970.841548,7147.451933,0,1.00,100,99d1c7fab316,2954,14
javascript,bytes,message,100,47,bson,6.10.4,93370,103877,14057,197247,10710.078184,9626.770122,5069.785599,0,1.00,100,99d1c7fab316,2955,15
javascript,bytes,message,100,47,msgpackr,1.12.1,45110,75790,12231,120900,22168.033695,13194.352817,8271.298594,0,1.00,100,99d1c7fab316,2956,16
javascript,bytes,message,100,47,bser,2.1.1,163606,159994,14248,323600,6112.245272,6250.234384,3090.234858,0,1.00,100,99d1c7fab316,2957,17
javascript,bytes,message,100,47,devalue,5.8.1,375869,90098,18552,465967,2660.501398,11099.025506,2146.074722,0,1.00,100,99d1c7fab316,2958,18
javascript,bytes,message,100,47,bebop,3.2.3,50613,94885,15859,145498,19757.769743,10539.073615,6872.946707,0,1.00,100,99d1c7fab316,2959,19
javascript,bytes,message,100,48,fast-json-stringify,6.4.0,60473,46250,16546,106723,16536.305459,21621.621622,9370.051442,0,1.00,100,99d1c7fab316,2960,0
javascript,bytes,message,100,48,simdjson-parse+JSON.stringify,0.9.2,45897,178737,16546,224634,21787.916422,5594.812490,4451.685853,0,1.00,100,99d1c7fab316,2961,1
javascript,bytes,message,100,48,msgpackr,1.12.1,37580,69049,12231,106629,26609.898882,14482.468971,9378.311716,0,1.00,100,99d1c7fab316,2962,2
javascript,bytes,message,100,48,flexbuffers,24.12.23,803793,565635,14566,1369428,1244.101404,1767.924545,730.231892,0,1.00,100,99d1c7fab316,2963,3
javascript,bytes,message,100,48,bebop,3.2.3,48017,95230,15859,143247,20825.957473,10500.892576,6980.948990,0,1.00,100,99d1c7fab316,2964,4
javascript,bytes,message,100,48,bser,2.1.1,154344,154190,14248,308534,6479.033846,6485.504897,3241.133878,0,1.00,100,99d1c7fab316,2965,5
javascript,bytes,message,100,48,cbor-x,1.6.4,31424,34033,5206,65457,31822.810591,29383.245673,15277.204883,0,1.00,100,99d1c7fab316,2966,6
javascript,bytes,message,100,48,google-protobuf,3.21.4,1005,52550,5047,53555,995024.875622,19029.495718,18672.392867,0,1.00,100,99d1c7fab316,2967,7
javascript,bytes,message,100,48,protobufjs,7.6.5,54468,67335,5047,121803,18359.403687,14851.117547,8209.978408,0,1.00,100,99d1c7fab316,2968,8
javascript,bytes,message,100,48,protobuf-es,2.12.1,229860,166974,4841,396834,4350.474202,5988.956364,2519.945368,0,1.00,100,99d1c7fab316,2969,9
javascript,bytes,message,100,48,@msgpack/msgpack,3.1.3,66105,58970,12031,125075,15127.448756,16957.775140,7995.202878,0,1.00,100,99d1c7fab316,2970,10
javascript,bytes,message,100,48,avsc,5.7.9,151821,98437,4051,250258,6586.704079,10158.781759,3995.876256,0,1.00,100,99d1c7fab316,2971,11
javascript,bytes,message,100,48,sia,2.3.0,281704,148111,15859,429815,3549.825349,6751.692987,2326.582367,0,1.00,100,99d1c7fab316,2972,12
javascript,bytes,message,100,48,devalue,5.8.1,248758,82036,18552,330794,4019.971217,12189.770345,3023.029438,0,1.00,100,99d1c7fab316,2973,13
javascript,bytes,message,100,48,JSON.stringify,node-24.15.0,38973,39701,16546,78674,25658.789418,25188.282411,12710.679513,0,1.00,100,99d1c7fab316,2974,14
javascript,bytes,message,100,48,cbor,9.0.2,465564,609391,12030,1074955,2147.932400,1640.982555,930.271500,0,1.00,100,99d1c7fab316,2975,15
javascript,bytes,message,100,48,v8-serializer,v8-13.6.233.17-node.48,42433,54433,12955,96866,23566.563759,18371.208642,10323.539735,0,1.00,100,99d1c7fab316,2976,16
javascript,bytes,message,100,48,json-pack-msgpack,18.28.0,43674,43031,12660,86705,22896.918075,23239.060212,11533.360245,0,1.00,100,99d1c7fab316,2977,17
javascript,bytes,message,100,48,bson,6.10.4,107557,93436,14057,200993,9297.395799,10702.512950,4975.297647,0,1.00,100,99d1c7fab316,2978,18
javascript,bytes,message,100,48,flatbuffers,24.12.23,196315,82880,10404,279195,5093.854265,12065.637066,3581.726034,0,1.00,100,99d1c7fab316,2979,19
javascript,bytes,message,100,49,json-pack-msgpack,18.28.0,62728,38977,12660,101705,15941.844153,25656.156195,9832.358291,0,1.00,100,99d1c7fab316,2980,0
javascript,bytes,message,100,49,fast-json-stringify,6.4.0,64573,45972,16546,110545,15486.348784,21752.371008,9046.089828,0,1.00,100,99d1c7fab316,2981,1
javascript,bytes,message,100,49,JSON.stringify,node-24.15.0,46865,41128,16546,87993,21337.885416,24314.335732,11364.540361,0,1.00,100,99d1c7fab316,2982,2
javascript,bytes,message,100,49,simdjson-parse+JSON.stringify,0.9.2,38751,197558,16546,236309,25805.785657,5061.804635,4231.747415,0,1.00,100,99d1c7fab316,2983,3
javascript,bytes,message,100,49,flatbuffers,24.12.23,192349,718701,10404,911050,5198.883280,1391.399205,1097.634597,0,1.00,100,99d1c7fab316,2984,4
javascript,bytes,message,100,49,devalue,5.8.1,392644,93875,18552,486519,2546.836320,10652.463382,2055.418185,0,1.00,100,99d1c7fab316,2985,5
javascript,bytes,message,100,49,bser,2.1.1,161241,192662,14248,353903,6201.896540,5190.437139,2825.633012,0,1.00,100,99d1c7fab316,2986,6
javascript,bytes,message,100,49,protobuf-es,2.12.1,479127,396940,4841,876067,2087.129300,2519.272434,1141.465208,0,1.00,100,99d1c7fab316,2987,7
javascript,bytes,message,100,49,bebop,3.2.3,91022,131824,15859,222846,10986.354947,7585.872072,4487.403857,0,1.00,100,99d1c7fab316,2988,8
javascript,bytes,message,100,49,@msgpack/msgpack,3.1.3,67189,64403,12031,131592,14883.388650,15527.226993,7599.246155,0,1.00,100,99d1c7fab316,2989,9
javascript,bytes,message,100,49,cbor-x,1.6.4,32016,38211,5206,70227,31234.382809,26170.474471,14239.537500,0,1.00,100,99d1c7fab316,2990,10
javascript,bytes,message,100,49,v8-serializer,v8-13.6.233.17-node.48,35620,53154,12955,88774,28074.115665,18813.259585,11264.559443,0,1.00,100,99d1c7fab316,2991,11
javascript,bytes,message,100,49,avsc,5.7.9,144422,142333,4051,286755,6924.152830,7025.777578,3487.297519,0,1.00,100,99d1c7fab316,2992,12
javascript,bytes,message,100,49,msgpackr,1.12.1,64981,133927,12231,198908,15389.113741,7466.754277,5027.449876,0,1.00,100,99d1c7fab316,2993,13
javascript,bytes,message,100,49,sia,2.3.0,589038,289873,15859,878911,1697.683341,3449.786631,1137.771629,0,1.00,100,99d1c7fab316,2994,14
javascript,bytes,message,100,49,protobufjs,7.6.5,55413,66926,5047,122339,18046.306823,14941.876102,8174.008288,0,1.00,100,99d1c7fab316,2995,15
javascript,bytes,message,100,49,flexbuffers,24.12.23,825077,1053785,14566,1878862,1212.008091,948.960177,532.237067,0,1.00,100,99d1c7fab316,2996,16
javascript,bytes,message,100,49,google-protobuf,3.21.4,1760,89612,5047,91372,568181.818182,11159.219747,10944.271768,0,1.00,100,99d1c7fab316,2997,17
javascript,bytes,message,100,49,bson,6.10.4,81767,90669,14057,172436,12229.872687,11029.127927,5799.253056,0,1.00,100,99d1c7fab316,2998,18
javascript,bytes,message,100,49,cbor,9.0.2,663836,923485,12030,1587321,1506.396158,1082.854621,629.992295,0,1.00,100,99d1c7fab316,2999,19
javascript,bytes,message,100,50,protobuf-es,2.12.1,228674,163875,4841,392549,4373.037599,6102.212052,2547.452675,0,1.00,100,99d1c7fab316,3000,0
javascript,bytes,message,100,50,google-protobuf,3.21.4,1768,52511,5047,54279,565610.859729,19043.628954,18423.331307,0,1.00,100,99d1c7fab316,3001,1
javascript,bytes,message,100,50,sia,2.3.0,295249,146210,15859,441459,3386.971675,6839.477464,2265.216022,0,1.00,100,99d1c7fab316,3002,2
javascript,bytes,message,100,50,bser,2.1.1,156383,157654,14248,314037,6394.556953,6343.004301,3184.338151,0,1.00,100,99d1c7fab316,3003,3
javascript,bytes,message,100,50,devalue,5.8.1,278752,112762,18552,391514,3587.418207,8868.235753,2554.187079,0,1.00,100,99d1c7fab316,3004,4
javascript,bytes,message,100,50,JSON.stringify,node-24.15.0,47374,44977,16546,92351,21108.624984,22233.586055,10828.253078,0,1.00,100,99d1c7fab316,3005,5
javascript,bytes,message,100,50,bson,6.10.4,85590,99056,14057,184646,11683.607898,10095.299628,5415.768552,0,1.00,100,99d1c7fab316,3006,6
javascript,bytes,message,100,50,fast-json-stringify,6.4.0,67036,39907,16546,106943,14917.357838,25058.260456,9350.775647,0,1.00,100,99d1c7fab316,3007,7
javascript,bytes,message,100,50,bebop,3.2.3,50783,86998,15859,137781,19691.629088,11494.517115,7257.894775,0,1.00,100,99d1c7fab316,3008,8
javascript,bytes,message,100,50,cbor,9.0.2,520113,567463,12030,1087576,1922.659114,1762.229432,919.475972,0,1.00,100,99d1c7fab316,3009,9
javascript,bytes,message,100,50,msgpackr,1.12.1,44785,74849,12231,119634,22328.904767,13360.231934,8358.827758,0,1.00,100,99d1c7fab316,3010,10
javascript,bytes,message,100,50,v8-serializer,v8-13.6.233.17-node.48,53114,54320,12955,107434,18827.427797,18409.425626,9308.040285,0,1.00,100,99d1c7fab316,3011,11
javascript,bytes,message,100,50,protobufjs,7.6.5,56454,79300,5047,135754,17713.536685,12610.340479,7366.265451,0,1.00,100,99d1c7fab316,3012,12
javascript,bytes,message,100,50,avsc,5.7.9,158257,96940,4051,255197,6318.835818,10315.659171,3918.541362,0,1.00,100,99d1c7fab316,3013,13
javascript,bytes,message,100,50,simdjson-parse+JSON.stringify,0.9.2,39033,166205,16546,205238,25619.347731,6016.666165,4872.392052,0,1.00,100,99d1c7fab316,3014,14
javascript,bytes,message,100,50,cbor-x,1.6.4,32611,45632,5206,78243,30664.499709,21914.446003,12780.696037,0,1.00,100,99d1c7fab316,3015,15
javascript,bytes,message,100,50,flexbuffers,24.12.23,796250,557392,14566,1353642,1255.886970,1794.069524,738.747763,0,1.00,100,99d1c7fab316,3016,16
javascript,bytes,message,100,50,@msgpack/msgpack,3.1.3,65389,58111,12031,123500,15293.092110,17208.445905,8097.165992,0,1.00,100,99d1c7fab316,3017,17
javascript,bytes,message,100,50,json-pack-msgpack,18.28.0,39892,39256,12660,79148,25067.682743,25473.812920,12634.558043,0,1.00,100,99d1c7fab316,3018,18
javascript,bytes,message,100,50,flatbuffers,24.12.23,183708,77498,10404,261206,5443.421081,12903.558802,3828.395979,0,1.00,100,99d1c7fab316,3019,19
javascript,bytes,message,100,51,@msgpack/msgpack,3.1.3,56125,49070,12031,105195,17817.371938,20379.050336,9506.155236,0,1.00,100,99d1c7fab316,3020,0
javascript,bytes,message,100,51,simdjson-parse+JSON.stringify,0.9.2,54229,168277,16546,222506,18440.317911,5942.582765,4494.260829,0,1.00,100,99d1c7fab316,3021,1
javascript,bytes,message,100,51,cbor,9.0.2,415934,585647,12030,1001581,2404.227594,1707.513229,998.421496,0,1.00,100,99d1c7fab316,3022,2
javascript,bytes,message,100,51,cbor-x,1.6.4,39721,37743,5206,77464,25175.599809,26494.979201,12909.222348,0,1.00,100,99d1c7fab316,3023,3
javascript,bytes,message,100,51,google-protobuf,3.21.4,1151,49859,5047,51010,868809.730669,20056.559498,19603.999216,0,1.00,100,99d1c7fab316,3024,4
javascript,bytes,message,100,51,fast-json-stringify,6.4.0,672599,54859,16546,727458,1486.769977,18228.549554,1374.649808,0,1.00,100,99d1c7fab316,3025,5
javascript,bytes,message,100,51,protobufjs,7.6.5,126643,66471,5047,193114,7896.212187,15044.154594,5178.288472,0,1.00,100,99d1c7fab316,3026,6
javascript,bytes,message,100,51,msgpackr,1.12.1,36085,70503,12231,106588,27712.345850,14183.793597,9381.919165,0,1.00,100,99d1c7fab316,3027,7
javascript,bytes,message,100,51,bson,6.10.4,111871,84900,14057,196771,8938.867088,11778.563015,5082.049692,0,1.00,100,99d1c7fab316,3028,8
javascript,bytes,message,100,51,flexbuffers,24.12.23,740182,479762,14566,1219944,1351.019074,2084.366832,819.709757,0,1.00,100,99d1c7fab316,3029,9
javascript,bytes,message,100,51,avsc,5.7.9,134982,91472,4051,226454,7408.395193,10932.307154,4415.907866,0,1.00,100,99d1c7fab316,3030,10
javascript,bytes,message,100,51,protobuf-es,2.12.1,206031,147412,4841,353443,4853.638530,6783.708246,2829.310525,0,1.00,100,99d1c7fab316,3031,11
javascript,bytes,message,100,51,v8-serializer,v8-13.6.233.17-node.48,34745,49825,12955,84570,28781.119586,20070.245861,11824.524063,0,1.00,100,99d1c7fab316,3032,12
javascript,bytes,message,100,51,bebop,3.2.3,44093,82165,15859,126258,22679.336856,12170.632264,7920.290199,0,1.00,100,99d1c7fab316,3033,13
javascript,bytes,message,100,51,devalue,5.8.1,387186,90808,18552,477994,2582.738012,11012.245617,2092.076470,0,1.00,100,99d1c7fab316,3034,14
javascript,bytes,message,100,51,flatbuffers,24.12.23,193009,78198,10404,271207,5181.105544,12788.050845,3687.220463,0,1.00,100,99d1c7fab316,3035,15
javascript,bytes,message,100,51,JSON.stringify,node-24.15.0,43705,42183,16546,85888,22880.677268,23706.232368,11643.070045,0,1.00,100,99d1c7fab316,3036,16
javascript,bytes,message,100,51,sia,2.3.0,266584,137336,15859,403920,3751.162860,7281.412011,2475.737770,0,1.00,100,99d1c7fab316,3037,17
javascript,bytes,message,100,51,json-pack-msgpack,18.28.0,39414,39785,12660,79199,25371.695337,25135.101169,12626.422051,0,1.00,100,99d1c7fab316,3038,18
javascript,bytes,message,100,51,bser,2.1.1,164701,278414,14248,443115,6071.608551,3591.773402,2256.750505,0,1.00,100,99d1c7fab316,3039,19
javascript,bytes,message,100,52,simdjson-parse+JSON.stringify,0.9.2,44811,165056,16546,209867,22315.949209,6058.549826,4764.922546,0,1.00,100,99d1c7fab316,3040,0
javascript,bytes,message,100,52,@msgpack/msgpack,3.1.3,63758,60806,12031,124564,15684.306283,16445.745486,8028.001670,0,1.00,100,99d1c7fab316,3041,1
javascript,bytes,message,100,52,avsc,5.7.9,140947,106874,4051,247821,7094.865446,9356.812695,4035.170546,0,1.00,100,99d1c7fab316,3042,2
javascript,bytes,message,100,52,flatbuffers,24.12.23,208804,87642,10404,296446,4789.180284,11410.054540,3373.295642,0,1.00,100,99d1c7fab316,3043,3
javascript,bytes,message,100,52,devalue,5.8.1,290460,98019,18552,388479,3442.814845,10202.103674,2574.141717,0,1.00,100,99d1c7fab316,3044,4
javascript,bytes,message,100,52,json-pack-msgpack,18.28.0,45684,45997,12660,91681,21889.501795,21740.548297,10907.385391,0,1.00,100,99d1c7fab316,3045,5
javascript,bytes,message,100,52,bser,2.1.1,226108,146294,14248,372402,4422.665275,6835.550330,2685.270219,0,1.00,100,99d1c7fab316,3046,6
javascript,bytes,message,100,52,cbor-x,1.6.4,40972,65251,5206,106223,24406.912037,15325.435626,9414.157009,0,1.00,100,99d1c7fab316,3047,7
javascript,bytes,message,100,52,v8-serializer,v8-13.6.233.17-node.48,51576,60198,12955,111774,19388.863037,16611.847570,8946.624439,0,1.00,100,99d1c7fab316,3048,8
javascript,bytes,message,100,52,fast-json-stringify,6.4.0,70501,48879,16546,119380,14184.195969,20458.683688,8376.612498,0,1.00,100,99d1c7fab316,3049,9
javascript,bytes,message,100,52,sia,2.3.0,261292,131596,15859,392888,3827.135925,7599.015168,2545.254627,0,1.00,100,99d1c7fab316,3050,10
javascript,bytes,message,100,52,bebop,3.2.3,48219,89232,15859,137451,20738.712955,11206.741976,7275.319932,0,1.00,100,99d1c7fab316,3051,11
javascript,bytes,message,100,52,msgpackr,1.12.1,38129,70614,12231,108743,26226.756537,14161.497720,9195.994225,0,1.00,100,99d1c7fab316,3052,12
javascript,bytes,message,100,52,protobuf-es,2.12.1,236707,174076,4841,410783,4224.632140,5744.617294,2434.375327,0,1.00,100,99d1c7fab316,3053,13
javascript,bytes,message,100,52,protobufjs,7.6.5,63753,159657,5047,223410,15685.536367,6263.427222,4476.075377,0,1.00,100,99d1c7fab316,3054,14
javascript,bytes,message,100,52,cbor,9.0.2,536736,581233,12030,1117969,1863.113337,1720.480427,894.479185,0,1.00,100,99d1c7fab316,3055,15
javascript,bytes,message,100,52,google-protobuf,3.21.4,1457,62235,5047,63692,686341.798216,16068.128866,15700.558940,0,1.00,100,99d1c7fab316,3056,16
javascript,bytes,message,100,52,bson,6.10.4,113576,98000,14057,211576,8804.677044,10204.081633,4726.434000,0,1.00,100,99d1c7fab316,3057,17
javascript,bytes,message,100,52,flexbuffers,24.12.23,754959,501589,14566,1256548,1324.575242,1993.664135,795.831118,0,1.00,100,99d1c7fab316,3058,18
javascript,bytes,message,100,52,JSON.stringify,node-24.15.0,45885,48744,16546,94629,21793.614471,20515.345478,10567.584990,0,1.00,100,99d1c7fab316,3059,19
javascript,bytes,message,100,53,bser,2.1.1,139636,144324,14248,283960,7161.476983,6928.854522,3521.622764,0,1.00,100,99d1c7fab316,3060,0
javascript,bytes,message,100,53,google-protobuf,3.21.4,1078,58087,5047,59165,927643.784787,17215.555976,16901.884560,0,1.00,100,99d1c7fab316,3061,1
javascript,bytes,message,100,53,@msgpack/msgpack,3.1.3,67123,63408,12031,130531,14898.023032,15770.880646,7661.015391,0,1.00,100,99d1c7fab316,3062,2
javascript,bytes,message,100,53,msgpackr,1.12.1,39733,67204,12231,106937,25167.996376,14880.066663,9351.300298,0,1.00,100,99d1c7fab316,3063,3
javascript,bytes,message,100,53,avsc,5.7.9,142971,121040,4051,264011,6994.425443,8261.731659,3787.720966,0,1.00,100,99d1c7fab316,3064,4
javascript,bytes,message,100,53,fast-json-stringify,6.4.0,62966,36376,16546,99342,15881.586888,27490.653178,10066.235832,0,1.00,100,99d1c7fab316,3065,5
javascript,bytes,message,100,53,cbor,9.0.2,443066,546016,12030,989082,2257.000086,1831.448163,1011.038519,0,1.00,100,99d1c7fab316,3066,6
javascript,bytes,message,100,53,simdjson-parse+JSON.stringify,0.9.2,37358,172336,16546,209694,26768.028267,5802.618141,4768.853663,0,1.00,100,99d1c7fab316,3067,7
javascript,bytes,message,100,53,cbor-x,1.6.4,31065,34731,5206,65796,32190.568164,28792.721200,15198.492310,0,1.00,100,99d1c7fab316,3068,8
javascript,bytes,message,100,53,json-pack-msgpack,18.28.0,42662,39024,12660,81686,23440.063757,25625.256253,12241.999853,0,1.00,100,99d1c7fab316,3069,9
javascript,bytes,message,100,53,sia,2.3.0,255141,132850,15859,387991,3919.401429,7527.286413,2577.379372,0,1.00,100,99d1c7fab316,3070,10
javascript,bytes,message,100,53,flexbuffers,24.12.23,822449,1040968,14566,1863417,1215.880863,960.644323,536.648533,0,1.00,100,99d1c7fab316,3071,11
javascript,bytes,message,100,53,JSON.stringify,node-24.15.0,213599,53876,16546,267475,4681.669858,18561.140396,3738.667165,0,1.00,100,99d1c7fab316,3072,12
javascript,bytes,message,100,53,bson,6.10.4,118832,133085,14057,251917,8415.241686,7513.994815,3969.561403,0,1.00,100,99d1c7fab316,3073,13
javascript,bytes,message,100,53,bebop,3.2.3,57414,92565,15859,149979,17417.354652,10803.219359,6667.600131,0,1.00,100,99d1c7fab316,3074,14
javascript,bytes,message,100,53,protobuf-es,2.12.1,245701,182952,4841,428653,4069.987505,5465.914557,2332.889307,0,1.00,100,99d1c7fab316,3075,15
javascript,bytes,message,100,53,devalue,5.8.1,258588,86416,18552,345004,3867.155475,11571.931124,2898.517119,0,1.00,100,99d1c7fab316,3076,16
javascript,bytes,message,100,53,protobufjs,7.6.5,80330,72885,5047,153215,12448.649322,13720.244220,6526.776099,0,1.00,100,99d1c7fab316,3077,17
javascript,bytes,message,100,53,flatbuffers,24.12.23,190166,82056,10404,272222,5258.563571,12186.799259,3673.472387,0,1.00,100,99d1c7fab316,3078,18
javascript,bytes,message,100,53,v8-serializer,v8-13.6.233.17-node.48,39442,55547,12955,94989,25353.683890,18002.772427,10527.534767,0,1.00,100,99d1c7fab316,3079,19
javascript,bytes,message,100,54,protobuf-es,2.12.1,206578,151389,4841,357967,4840.786531,6605.499739,2793.553596,0,1.00,100,99d1c7fab316,3080,0
javascript,bytes,message,100,54,@msgpack/msgpack,3.1.3,63656,57550,12031,121206,15709.438230,17376.194613,8250.416646,0,1.00,100,99d1c7fab316,3081,1
javascript,bytes,message,100,54,bebop,3.2.3,47260,93691,15859,140951,21159.542954,10673.383783,7094.664103,0,1.00,100,99d1c7fab316,3082,2
javascript,bytes,message,100,54,simdjson-parse+JSON.stringify,0.9.2,48813,171873,16546,220686,20486.345850,5818.249521,4531.325050,0,1.00,100,99d1c7fab316,3083,3
javascript,bytes,message,100,54,flatbuffers,24.12.23,200465,84127,10404,284592,4988.401965,11886.790210,3513.802215,0,1.00,100,99d1c7fab316,3084,4
javascript,bytes,message,100,54,devalue,5.8.1,264771,86723,18552,351494,3776.848673,11530.966410,2844.998777,0,1.00,100,99d1c7fab316,3085,5
javascript,bytes,message,100,54,protobufjs,7.6.5,57873,72565,5047,130438,17279.214832,13780.748295,7666.477560,0,1.00,100,99d1c7fab316,3086,6
javascript,bytes,message,100,54,google-protobuf,3.21.4,1176,50125,5047,51301,850340.136054,19950.124688,19492.797411,0,1.00,100,99d1c7fab316,3087,7
javascript,bytes,message,100,54,flexbuffers,24.12.23,866694,566674,14566,1433368,1153.809764,1764.683045,697.657545,0,1.00,100,99d1c7fab316,3088,8
javascript,bytes,message,100,54,json-pack-msgpack,18.28.0,73969,43657,12660,117626,13519.176953,22905.834116,8501.521772,0,1.00,100,99d1c7fab316,3089,9
javascript,bytes,message,100,54,sia,2.3.0,284475,151655,15859,436130,3515.247386,6593.913818,2292.894321,0,1.00,100,99d1c7fab316,3090,10
javascript,bytes,message,100,54,cbor,9.0.2,477167,604088,12030,1081255,2095.702343,1655.387957,924.851215,0,1.00,100,99d1c7fab316,3091,11
javascript,bytes,message,100,54,bser,2.1.1,155561,152022,14248,307583,6428.346436,6577.995290,3251.154973,0,1.00,100,99d1c7fab316,3092,12
javascript,bytes,message,100,54,avsc,5.7.9,162089,99259,4051,261348,6169.450117,10074.653180,3826.315870,0,1.00,100,99d1c7fab316,3093,13
javascript,bytes,message,100,54,JSON.stringify,node-24.15.0,37793,39699,16546,77492,26459.926441,25189.551374,12904.557890,0,1.00,100,99d1c7fab316,3094,14
javascript,bytes,message,100,54,bson,6.10.4,87702,97313,14057,185015,11402.248523,10276.119326,5404.967165,0,1.00,100,99d1c7fab316,3095,15
javascript,bytes,message,100,54,v8-serializer,v8-13.6.233.17-node.48,44902,56126,12955,101028,22270.722908,17817.054485,9898.246031,0,1.00,100,99d1c7fab316,3096,16
javascript,bytes,message,100,54,fast-json-stringify,6.4.0,74700,44548,16546,119248,13386.880857,22447.696866,8385.884879,0,1.00,100,99d1c7fab316,3097,17
javascript,bytes,message,100,54,cbor-x,1.6.4,58210,47073,5206,105283,17179.178835,21243.600365,9498.209587,0,1.00,100,99d1c7fab316,3098,18
javascript,bytes,message,100,54,msgpackr,1.12.1,39261,72879,12231,112140,25470.568758,13721.373784,8917.424648,0,1.00,100,99d1c7fab316,3099,19
javascript,bytes,message,100,55,msgpackr,1.12.1,35258,63235,12231,98493,28362.357479,15814.027042,10153.005797,0,1.00,100,99d1c7fab316,3100,0
javascript,bytes,message,100,55,flexbuffers,24.12.23,792560,551865,14566,1344425,1261.734127,1812.037364,743.812411,0,1.00,100,99d1c7fab316,3101,1
javascript,bytes,message,100,55,protobuf-es,2.12.1,269239,193932,4841,463171,3714.172167,5156.446590,2159.029818,0,1.00,100,99d1c7fab316,3102,2
javascript,bytes,message,100,55,bser,2.1.1,153450,141017,14248,294467,6516.780710,7091.343597,3395.966271,0,1.00,100,99d1c7fab316,3103,3
javascript,bytes,message,100,55,avsc,5.7.9,142896,96845,4051,239741,6998.096518,10325.778306,4171.168052,0,1.00,100,99d1c7fab316,3104,4
javascript,bytes,message,100,55,flatbuffers,24.12.23,230597,85990,10404,316587,4336.569860,11629.259216,3158.689397,0,1.00,100,99d1c7fab316,3105,5
javascript,bytes,message,100,55,cbor,9.0.2,432661,624225,12030,1056886,2311.278345,1601.986463,946.175841,0,1.00,100,99d1c7fab316,3106,6
javascript,bytes,message,100,55,v8-serializer,v8-13.6.233.17-node.48,37424,53043,12955,90467,26720.820864,18852.628999,11053.754408,0,1.00,100,99d1c7fab316,3107,7
javascript,bytes,message,100,55,google-protobuf,3.21.4,1344,48474,5047,49818,744047.619048,20629.615877,20073.065960,0,1.00,100,99d1c7fab316,3108,8
javascript,bytes,message,100,55,json-pack-msgpack,18.28.0,42617,43125,12660,85742,23464.814511,23188.405797,11662.895664,0,1.00,100,99d1c7fab316,3109,9
javascript,bytes,message,100,55,fast-json-stringify,6.4.0,68135,46942,16546,115077,14676.744698,21302.884411,8689.833763,0,1.00,100,99d1c7fab316,3110,10
javascript,bytes,message,100,55,devalue,5.8.1,241316,89815,18552,331131,4143.944040,11133.997662,3019.952828,0,1.00,100,99d1c7fab316,3111,11
javascript,bytes,message,100,55,bson,6.10.4,79617,93654,14057,173271,12560.131630,10677.600530,5771.306220,0,1.00,100,99d1c7fab316,3112,12
javascript,bytes,message,100,55,sia,2.3.0,880810,164481,15859,1045291,1135.318627,6079.729574,956.671396,0,1.00,100,99d1c7fab316,3113,13
javascript,bytes,message,100,55,protobufjs,7.6.5,145137,77634,5047,222771,6890.041823,12880.954221,4488.914625,0,1.00,100,99d1c7fab316,3114,14
javascript,bytes,message,100,55,JSON.stringify,node-24.15.0,133529,51648,16546,185177,7489.009878,19361.833953,5400.238691,0,1.00,100,99d1c7fab316,3115,15
javascript,bytes,message,100,55,simdjson-parse+JSON.stringify,0.9.2,39001,192815,16546,231816,25640.368196,5186.318492,4313.766090,0,1.00,100,99d1c7fab316,3116,16
javascript,bytes,message,100,55,cbor-x,1.6.4,34390,39451,5206,73841,29078.220413,25347.899926,13542.611828,0,1.00,100,99d1c7fab316,3117,17
javascript,bytes,message,100,55,bebop,3.2.3,49776,93994,15859,143770,20090.003214,10638.976956,6955.554010,0,1.00,100,99d1c7fab316,3118,18
javascript,bytes,message,100,55,@msgpack/msgpack,3.1.3,65299,62891,12031,128190,15314.170202,15900.526307,7800.920509,0,1.00,100,99d1c7fab316,3119,19
javascript,bytes,message,100,56,cbor-x,1.6.4,26745,24849,5206,51594,37390.166386,40243.068132,19382.098694,0,1.00,100,99d1c7fab316,3120,0
javascript,bytes,message,100,56,google-protobuf,3.21.4,1123,46504,5047,47627,890471.950134,21503.526578,20996.493586,0,1.00,100,99d1c7fab316,3121,1
javascript,bytes,message,100,56,protobuf-es,2.12.1,234298,161271,4841,395569,4268.068870,6200.742849,2528.003964,0,1.00,100,99d1c7fab316,3122,2
javascript,bytes,message,100,56,bebop,3.2.3,44627,91779,15859,136406,22407.959307,10895.738677,7331.055819,0,1.00,100,99d1c7fab316,3123,3
javascript,bytes,message,100,56,sia,2.3.0,281195,149811,15859,431006,3556.251000,6675.077264,2320.153316,0,1.00,100,99d1c7fab316,3124,4
javascript,bytes,message,100,56,bson,6.10.4,80142,94131,14057,174273,12477.851813,10623.492792,5738.123519,0,1.00,100,99d1c7fab316,3125,5
javascript,bytes,message,100,56,protobufjs,7.6.5,50615,62833,5047,113448,19756.989035,15915.203794,8814.611099,0,1.00,100,99d1c7fab316,3126,6
javascript,bytes,message,100,56,flatbuffers,24.12.23,191332,82265,10404,273597,5226.517258,12155.837841,3655.010837,0,1.00,100,99d1c7fab316,3127,7
javascript,bytes,message,100,56,@msgpack/msgpack,3.1.3,61329,53067,12031,114396,16305.499845,18844.102738,8741.564390,0,1.00,100,99d1c7fab316,3128,8
javascript,bytes,message,100,56,json-pack-msgpack,18.28.0,40290,41664,12660,81954,24820.054604,24001.536098,12201.966957,0,1.00,100,99d1c7fab316,3129,9
javascript,bytes,message,100,56,v8-serializer,v8-13.6.233.17-node.48,34088,51834,12955,85922,29335.836658,19292.356368,11638.462792,0,1.00,100,99d1c7fab316,3130,10
javascript,bytes,message,100,56,bser,2.1.1,146378,169064,14248,315442,6831.627704,5914.919794,3170.154894,0,1.00,100,99d1c7fab316,3131,11
javascript,bytes,message,100,56,devalue,5.8.1,252649,82705,18552,335354,3958.060392,12091.167402,2981.923579,0,1.00,100,99d1c7fab316,3132,12
javascript,bytes,message,100,56,cbor,9.0.2,436006,618452,12030,1054458,2293.546419,1616.940361,948.354510,0,1.00,100,99d1c7fab316,3133,13
javascript,bytes,message,100,56,fast-json-stringify,6.4.0,57450,44751,16546,102201,17406.440383,22345.869366,9784.640072,0,1.00,100,99d1c7fab316,3134,14
javascript,bytes,message,100,56,msgpackr,1.12.1,42473,71539,12231,114012,23544.369364,13978.389410,8771.006561,0,1.00,100,99d1c7fab316,3135,15
javascript,bytes,message,100,56,JSON.stringify,node-24.15.0,42852,38084,16546,80936,23336.133669,26257.746035,12355.441336,0,1.00,100,99d1c7fab316,3136,16
javascript,bytes,message,100,56,flexbuffers,24.12.23,774730,563623,14566,1338353,1290.772269,1774.235615,747.187028,0,1.00,100,99d1c7fab316,3137,17
javascript,bytes,message,100,56,avsc,5.7.9,135569,89134,4051,224703,7376.317595,11219.063433,4450.318865,0,1.00,100,99d1c7fab316,3138,18
javascript,bytes,message,100,56,simdjson-parse+JSON.stringify,0.9.2,36714,180056,16546,216770,27237.566051,5553.827698,4613.184481,0,1.00,100,99d1c7fab316,3139,19
javascript,bytes,message,100,57,sia,2.3.0,275364,144053,15859,419417,3631.556776,6941.889443,2384.261964,0,1.00,100,99d1c7fab316,3140,0
javascript,bytes,message,100,57,bebop,3.2.3,47277,93243,15859,140520,21151.934344,10724.665659,7116.424708,0,1.00,100,99d1c7fab316,3141,1
javascript,bytes,message,100,57,cbor-x,1.6.4,32468,35740,5206,68208,30799.556486,27979.854505,14661.036829,0,1.00,100,99d1c7fab316,3142,2
javascript,bytes,message,100,57,flatbuffers,24.12.23,189771,82289,10404,272060,5269.509040,12152.292530,3675.659781,0,1.00,100,99d1c7fab316,3143,3
javascript,bytes,message,100,57,JSON.stringify,node-24.15.0,38575,42311,16546,80886,25923.525599,23634.515847,12363.078901,0,1.00,100,99d1c7fab316,3144,4
javascript,bytes,message,100,57,protobuf-es,2.12.1,217421,159024,4841,376445,4599.371726,6288.358990,2656.430554,0,1.00,100,99d1c7fab316,3145,5
javascript,bytes,message,100,57,protobufjs,7.6.5,52789,68878,5047,121667,18943.340469,14518.423880,8219.155564,0,1.00,100,99d1c7fab316,3146,6
javascript,bytes,message,100,57,@msgpack/msgpack,3.1.3,66405,59949,12031,126354,15059.106995,16680.845385,7914.272599,0,1.00,100,99d1c7fab316,3147,7
javascript,bytes,message,100,57,google-protobuf,3.21.4,1179,48886,5047,50065,848176.420696,20455.754204,19974.033756,0,1.00,100,99d1c7fab316,3148,8
javascript,bytes,message,100,57,bson,6.10.4,82049,93773,14057,175822,12187.838974,10664.050420,5687.570384,0,1.00,100,99d1c7fab316,3149,9
javascript,bytes,message,100,57,bser,2.1.1,156492,145431,14248,301923,6390.103008,6876.113071,3312.102755,0,1.00,100,99d1c7fab316,3150,10
javascript,bytes,message,100,57,fast-json-stringify,6.4.0,62211,45800,16546,108011,16074.327691,21834.061135,9258.316283,0,1.00,100,99d1c7fab316,3151,11
javascript,bytes,message,100,57,msgpackr,1.12.1,42065,72997,12231,115062,23772.732676,13699.193118,8690.966609,0,1.00,100,99d1c7fab316,3152,12
javascript,bytes,message,100,57,simdjson-parse+JSON.stringify,0.9.2,41144,165166,16546,206310,24304.880420,6054.514852,4847.074790,0,1.00,100,99d1c7fab316,3153,13
javascript,bytes,message,100,57,avsc,5.7.9,135807,96296,4051,232103,7363.390694,10384.647337,4308.432032,0,1.00,100,99d1c7fab316,3154,14
javascript,bytes,message,100,57,cbor,9.0.2,462018,620590,12030,1082608,2164.417837,1611.369825,923.695373,0,1.00,100,99d1c7fab316,3155,15
javascript,bytes,message,100,57,devalue,5.8.1,250911,85885,18552,336796,3985.476922,11643.476742,2969.156403,0,1.00,100,99d1c7fab316,3156,16
javascript,bytes,message,100,57,flexbuffers,24.12.23,812372,555901,14566,1368273,1230.963155,1798.881456,730.848303,0,1.00,100,99d1c7fab316,3157,17
javascript,bytes,message,100,57,json-pack-msgpack,18.28.0,47675,42504,12660,90179,20975.353959,23527.197440,11089.056210,0,1.00,100,99d1c7fab316,3158,18
javascript,bytes,message,100,57,v8-serializer,v8-13.6.233.17-node.48,40535,55850,12955,96385,24670.038239,17905.102954,10375.058360,0,1.00,100,99d1c7fab316,3159,19
javascript,bytes,message,100,58,bson,6.10.4,77876,95276,14057,173152,12840.926601,10495.822663,5775.272593,0,1.00,100,99d1c7fab316,3160,0
javascript,bytes,message,100,58,protobufjs,7.6.5,53999,66560,5047,120559,18518.861460,15024.038462,8294.693884,0,1.00,100,99d1c7fab316,3161,1
javascript,bytes,message,100,58,bebop,3.2.3,50100,97493,15859,147593,19960.079840,10257.146667,6775.389077,0,1.00,100,99d1c7fab316,3162,2
javascript,bytes,message,100,58,fast-json-stringify,6.4.0,59066,47786,16546,106852,16930.213659,20926.631231,9358.739191,0,1.00,100,99d1c7fab316,3163,3
javascript,bytes,message,100,58,cbor,9.0.2,992584,616700,12030,1609284,1007.471408,1621.533971,621.394359,0,1.00,100,99d1c7fab316,3164,4
javascript,bytes,message,100,58,flexbuffers,24.12.23,845307,535828,14566,1381135,1183.002152,1866.270520,724.042183,0,1.00,100,99d1c7fab316,3165,5
javascript,bytes,message,100,58,cbor-x,1.6.4,32232,41415,5206,73647,31025.068255,24145.840879,13578.285606,0,1.00,100,99d1c7fab316,3166,6
javascript,bytes,message,100,58,@msgpack/msgpack,3.1.3,68034,58097,12031,126131,14698.533086,17212.592733,7928.265058,0,1.00,100,99d1c7fab316,3167,7
javascript,bytes,message,100,58,v8-serializer,v8-13.6.233.17-node.48,36278,54570,12955,90848,27564.915376,18325.087044,11007.396971,0,1.00,100,99d1c7fab316,3168,8
javascript,bytes,message,100,58,msgpackr,1.12.1,39661,75505,12231,115166,25213.685989,13244.156016,8683.118281,0,1.00,100,99d1c7fab316,3169,9
javascript,bytes,message,100,58,json-pack-msgpack,18.28.0,41788,41180,12660,82968,23930.314923,24283.632831,12052.839649,0,1.00,100,99d1c7fab316,3170,10
javascript,bytes,message,100,58,google-protobuf,3.21.4,716,47034,5047,47750,1396648.044693,21261.215291,20942.408377,0,1.00,100,99d1c7fab316,3171,11
javascript,bytes,message,100,58,bser,2.1.1,154840,148488,14248,303328,6458.279514,6734.550940,3296.761262,0,1.00,100,99d1c7fab316,3172,12
javascript,bytes,message,100,58,protobuf-es,2.12.1,234897,165648,4841,400545,4257.185064,6036.897518,2496.598385,0,1.00,100,99d1c7fab316,3173,13
javascript,bytes,message,100,58,JSON.stringify,node-24.15.0,51021,48868,16546,99889,19599.772643,20463.288860,10011.112335,0,1.00,100,99d1c7fab316,3174,14
javascript,bytes,message,100,58,avsc,5.7.9,137027,96347,4051,233374,7297.831814,10379.150363,4284.967477,0,1.00,100,99d1c7fab316,3175,15
javascript,bytes,message,100,58,sia,2.3.0,295711,150476,15859,446187,3381.680086,6645.578032,2241.212765,0,1.00,100,99d1c7fab316,3176,16
javascript,bytes,message,100,58,flatbuffers,24.12.23,199118,86037,10404,285155,5022.147671,11622.906424,3506.864688,0,1.00,100,99d1c7fab316,3177,17
javascript,bytes,message,100,58,simdjson-parse+JSON.stringify,0.9.2,39653,182085,16546,221738,25218.772855,5491.940577,4509.826913,0,1.00,100,99d1c7fab316,3178,18
javascript,bytes,message,100,58,devalue,5.8.1,256942,84845,18552,341787,3891.928918,11786.198362,2925.798816,0,1.00,100,99d1c7fab316,3179,19
javascript,bytes,message,100,59,fast-json-stringify,6.4.0,52978,42348,16546,95326,18875.759749,23613.866062,10490.317437,0,1.00,100,99d1c7fab316,3180,0
javascript,bytes,message,100,59,@msgpack/msgpack,3.1.3,65806,58939,12031,124745,15196.182719,16966.694379,8016.353361,0,1.00,100,99d1c7fab316,3181,1
javascript,bytes,message,100,59,bson,6.10.4,80866,99801,14057,180667,12366.136572,10019.939680,5535.045138,0,1.00,100,99d1c7fab316,3182,2
javascript,bytes,message,100,59,flatbuffers,24.12.23,194177,88490,10404,282667,5149.940518,11300.711945,3537.731677,0,1.00,100,99d1c7fab316,3183,3
javascript,bytes,message,100,59,JSON.stringify,node-24.15.0,41426,44606,16546,86032,24139.429344,22418.508721,11623.581923,0,1.00,100,99d1c7fab316,3184,4
javascript,bytes,message,100,59,cbor-x,1.6.4,32247,34737,5206,66984,31010.636648,28787.747934,14928.938254,0,1.00,100,99d1c7fab316,3185,5
javascript,bytes,message,100,59,protobuf-es,2.12.1,221029,163463,4841,384492,4524.293192,6117.592360,2600.834348,0,1.00,100,99d1c7fab316,3186,6
javascript,bytes,message,100,59,bebop,3.2.3,47797,94080,15859,141877,20921.815177,10629.251701,7048.358790,0,1.00,100,99d1c7fab316,3187,7
javascript,bytes,message,100,59,msgpackr,1.12.1,42247,74260,12231,116507,23670.319786,13466.199838,8583.175260,0,1.00,100,99d1c7fab316,3188,8
javascript,bytes,message,100,59,bser,2.1.1,157891,147610,14248,305501,6333.483226,6774.608766,3273.311708,0,1.00,100,99d1c7fab316,3189,9
javascript,bytes,message,100,59,v8-serializer,v8-13.6.233.17-node.48,36204,53991,12955,90195,27621.257320,18521.605453,11087.089085,0,1.00,100,99d1c7fab316,3190,10
javascript,bytes,message,100,59,json-pack-msgpack,18.28.0,47929,41210,12660,89139,20864.194955,24265.954865,11218.434131,0,1.00,100,99d1c7fab316,3191,11
javascript,bytes,message,100,59,simdjson-parse+JSON.stringify,0.9.2,42730,175744,16546,218474,23402.761526,5690.094683,4577.203695,0,1.00,100,99d1c7fab316,3192,12
javascript,bytes,message,100,59,devalue,5.8.1,245148,83866,18552,329014,4079.168502,11923.783178,3039.384342,0,1.00,100,99d1c7fab316,3193,13
javascript,bytes,message,100,59,google-protobuf,3.21.4,956,47349,5047,48305,1046025.104603,21119.770217,20701.790705,0,1.00,100,99d1c7fab316,3194,14
javascript,bytes,message,100,59,cbor,9.0.2,457267,615058,12030,1072325,2186.906118,1625.862927,932.553097,0,1.00,100,99d1c7fab316,3195,15
javascript,bytes,message,100,59,sia,2.3.0,288415,149779,15859,438194,3467.226046,6676.503382,2282.094232,0,1.00,100,99d1c7fab316,3196,16
javascript,bytes,message,100,59,avsc,5.7.9,143838,104228,4051,248066,6952.265743,9594.350846,4031.185249,0,1.00,100,99d1c7fab316,3197,17
javascript,bytes,message,100,59,protobufjs,7.6.5,57766,71140,5047,128906,17311.221134,14056.789429,7757.590803,0,1.00,100,99d1c7fab316,3198,18
javascript,bytes,message,100,59,flexbuffers,24.12.23,806045,556965,14566,1363010,1240.625523,1795.444956,733.670333,0,1.00,100,99d1c7fab316,3199,19
javascript,bytes,message,100,60,json-pack-msgpack,18.28.0,45264,44543,12660,89807,22092.612230,22450.216645,11134.989477,0,1.00,100,99d1c7fab316,3200,0
javascript,bytes,message,100,60,bson,6.10.4,91040,99277,14057,190317,10984.182777,10072.826536,5254.391358,0,1.00,100,99d1c7fab316,3201,1
javascript,bytes,message,100,60,cbor-x,1.6.4,38789,42982,5206,81771,25780.504782,23265.553022,12229.274437,0,1.00,100,99d1c7fab316,3202,2
javascript,bytes,message,100,60,devalue,5.8.1,279973,97977,18552,377950,3571.772992,10206.477030,2645.852626,0,1.00,100,99d1c7fab316,3203,3
javascript,bytes,message,100,60,flexbuffers,24.12.23,813274,558740,14566,1372014,1229.597897,1789.741203,728.855536,0,1.00,100,99d1c7fab316,3204,4
javascript,bytes,message,100,60,google-protobuf,3.21.4,1701,56542,5047,58243,587889.476778,17685.967953,17169.445255,0,1.00,100,99d1c7fab316,3205,5
javascript,bytes,message,100,60,msgpackr,1.12.1,45192,85017,12231,130209,22127.810232,11762.353412,7679.960679,0,1.00,100,99d1c7fab316,3206,6
javascript,bytes,message,100,60,JSON.stringify,node-24.15.0,59414,59009,16546,118423,16831.049921,16946.567473,8444.305583,0,1.00,100,99d1c7fab316,3207,7
javascript,bytes,message,100,60,bser,2.1.1,161844,163707,14248,325551,6178.789452,6108.474286,3071.715338,0,1.00,100,99d1c7fab316,3208,8
javascript,bytes,message,100,60,cbor,9.0.2,1018640,633028,12030,1651668,981.701092,1579.708954,605.448553,0,1.00,100,99d1c7fab316,3209,9
javascript,bytes,message,100,60,protobuf-es,2.12.1,262564,171631,4841,434195,3808.595238,5826.453263,2303.112657,0,1.00,100,99d1c7fab316,3210,10
javascript,bytes,message,100,60,@msgpack/msgpack,3.1.3,69657,63171,12031,132828,14356.058975,15830.048598,7528.533141,0,1.00,100,99d1c7fab316,3211,11
javascript,bytes,message,100,60,bebop,3.2.3,54412,94487,15859,148899,18378.298905,10583.466509,6715.961826,0,1.00,100,99d1c7fab316,3212,12
javascript,bytes,message,100,60,fast-json-stringify,6.4.0,77284,65210,16546,142494,12939.288857,15335.071308,7017.839348,0,1.00,100,99d1c7fab316,3213,13
javascript,bytes,message,100,60,avsc,5.7.9,147162,100490,4051,247652,6795.232465,9951.238929,4037.924184,0,1.00,100,99d1c7fab316,3214,14
javascript,bytes,message,100,60,sia,2.3.0,313335,165405,15859,478740,3191.472386,6045.766452,2088.816477,0,1.00,100,99d1c7fab316,3215,15
javascript,bytes,message,100,60,protobufjs,7.6.5,56418,77966,5047,134384,17724.839590,12826.103686,7441.362067,0,1.00,100,99d1c7fab316,3216,16
javascript,bytes,message,100,60,flatbuffers,24.12.23,203476,86924,10404,290400,4914.584521,11504.302609,3443.526171,0,1.00,100,99d1c7fab316,3217,17
javascript,bytes,message,100,60,simdjson-parse+JSON.stringify,0.9.2,42682,192226,16546,234908,23429.080174,5202.209899,4256.985714,0,1.00,100,99d1c7fab316,3218,18
javascript,bytes,message,100,60,v8-serializer,v8-13.6.233.17-node.48,42721,56496,12955,99217,23407.691768,17700.368168,10078.917927,0,1.00,100,99d1c7fab316,3219,19
javascript,bytes,message,100,61,bser,2.1.1,163690,150795,14248,314485,6109.108681,6631.519613,3179.801898,0,1.00,100,99d1c7fab316,3220,0
javascript,bytes,message,100,61,msgpackr,1.12.1,41256,74956,12231,116212,24238.898584,13341.160147,8604.963343,0,1.00,100,99d1c7fab316,3221,1
javascript,bytes,message,100,61,avsc,5.7.9,147108,94002,4051,241110,6797.726840,10638.071530,4147.484551,0,1.00,100,99d1c7fab316,3222,2
javascript,bytes,message,100,61,bson,6.10.4,86039,101552,14057,187591,11622.636246,9847.171892,5330.746145,0,1.00,100,99d1c7fab316,3223,3
javascript,bytes,message,100,61,protobufjs,7.6.5,52684,67706,5047,120390,18981.094830,14769.739757,8306.337736,0,1.00,100,99d1c7fab316,3224,4
javascript,bytes,message,100,61,JSON.stringify,node-24.15.0,40253,53054,16546,93307,24842.868854,18848.720172,10717.309527,0,1.00,100,99d1c7fab316,3225,5
javascript,bytes,message,100,61,flatbuffers,24.12.23,224340,85125,10404,309465,4457.519836,11747.430250,3231.383194,0,1.00,100,99d1c7fab316,3226,6
javascript,bytes,message,100,61,cbor,9.0.2,457302,618161,12030,1075463,2186.738742,1617.701537,929.832082,0,1.00,100,99d1c7fab316,3227,7
javascript,bytes,message,100,61,flexbuffers,24.12.23,824367,558855,14566,1383222,1213.051954,1789.372914,722.949751,0,1.00,100,99d1c7fab316,3228,8
javascript,bytes,message,100,61,bebop,3.2.3,49657,96067,15859,145724,20138.147693,10409.401772,6862.287612,0,1.00,100,99d1c7fab316,3229,9
javascript,bytes,message,100,61,sia,2.3.0,286583,151684,15859,438267,3489.390508,6592.653147,2281.714115,0,1.00,100,99d1c7fab316,3230,10
javascript,bytes,message,100,61,protobuf-es,2.12.1,231942,165783,4841,397725,4311.422683,6031.981566,2514.300082,0,1.00,100,99d1c7fab316,3231,11
javascript,bytes,message,100,61,devalue,5.8.1,267837,95704,18552,363541,3733.614101,10448.884059,2750.721377,0,1.00,100,99d1c7fab316,3232,12
javascript,bytes,message,100,61,@msgpack/msgpack,3.1.3,69721,61359,12031,131080,14342.880911,16297.527665,7628.928898,0,1.00,100,99d1c7fab316,3233,13
javascript,bytes,message,100,61,cbor-x,1.6.4,34570,45075,5206,79645,28926.815158,22185.246811,12555.715990,0,1.00,100,99d1c7fab316,3234,14
javascript,bytes,message,100,61,fast-json-stringify,6.4.0,65382,53900,16546,119282,15294.729436,18552.875696,8383.494576,0,1.00,100,99d1c7fab316,3235,15
javascript,bytes,message,100,61,json-pack-msgpack,18.28.0,45765,45087,12660,90852,21850.759314,22179.342161,11006.912341,0,1.00,100,99d1c7fab316,3236,16
javascript,bytes,message,100,61,simdjson-parse+JSON.stringify,0.9.2,51314,179917,16546,231231,19487.859064,5558.118466,4324.679649,0,1.00,100,99d1c7fab316,3237,17
javascript,bytes,message,100,61,v8-serializer,v8-13.6.233.17-node.48,44973,56840,12955,101813,22235.563560,17593.244194,9821.928437,0,1.00,100,99d1c7fab316,3238,18
javascript,bytes,message,100,61,google-protobuf,3.21.4,1012,52290,5047,53302,988142.292490,19124.115510,18761.022100,0,1.00,100,99d1c7fab316,3239,19
javascript,bytes,message,100,62,protobuf-es,2.12.1,231219,181386,4841,412605,4324.904095,5513.104650,2423.625501,0,1.00,100,99d1c7fab316,3240,0
javascript,bytes,message,100,62,fast-json-stringify,6.4.0,69156,50712,16546,119868,14460.061311,19719.198612,8342.510094,0,1.00,100,99d1c7fab316,3241,1
javascript,bytes,message,100,62,bser,2.1.1,169691,159923,14248,329614,5893.064452,6253.009261,3033.851717,0,1.00,100,99d1c7fab316,3242,2
javascript,bytes,message,100,62,sia,2.3.0,286035,155905,15859,441940,3496.075655,6414.162471,2262.750600,0,1.00,100,99d1c7fab316,3243,3
javascript,bytes,message,100,62,cbor,9.0.2,495463,651604,12030,1147067,2018.314183,1534.674434,871.788658,0,1.00,100,99d1c7fab316,3244,4
javascript,bytes,message,100,62,simdjson-parse+JSON.stringify,0.9.2,55478,179670,16546,235148,18025.163128,5565.759448,4252.640890,0,1.00,100,99d1c7fab316,3245,5
javascript,bytes,message,100,62,bson,6.10.4,88378,96094,14057,184472,11315.033153,10406.476991,5420.876881,0,1.00,100,99d1c7fab316,3246,6
javascript,bytes,message,100,62,google-protobuf,3.21.4,1032,49410,5047,50442,968992.248062,20238.818053,19824.749217,0,1.00,100,99d1c7fab316,3247,7
javascript,bytes,message,100,62,bebop,3.2.3,50510,93892,15859,144402,19798.059790,10650.534657,6925.111841,0,1.00,100,99d1c7fab316,3248,8
javascript,bytes,message,100,62,v8-serializer,v8-13.6.233.17-node.48,41675,56039,12955,97714,23995.200960,17844.715288,10233.948052,0,1.00,100,99d1c7fab316,3249,9
javascript,bytes,message,100,62,msgpackr,1.12.1,43925,74760,12231,118685,22766.078543,13376.136972,8425.664574,0,1.00,100,99d1c7fab316,3250,10
javascript,bytes,message,100,62,protobufjs,7.6.5,56866,72296,5047,129162,17585.200295,13832.023902,7742.215203,0,1.00,100,99d1c7fab316,3251,11
javascript,bytes,message,100,62,json-pack-msgpack,18.28.0,43204,44006,12660,87210,23146.005000,22724.173976,11466.574934,0,1.00,100,99d1c7fab316,3252,12
javascript,bytes,message,100,62,JSON.stringify,node-24.15.0,42616,51105,16546,93721,23465.365121,19567.556991,10669.967243,0,1.00,100,99d1c7fab316,3253,13
javascript,bytes,message,100,62,avsc,5.7.9,138529,94713,4051,233242,7218.705109,10558.212706,4287.392494,0,1.00,100,99d1c7fab316,3254,14
javascript,bytes,message,100,62,cbor-x,1.6.4,32693,44151,5206,76844,30587.587557,22649.543612,13013.377752,0,1.00,100,99d1c7fab316,3255,15
javascript,bytes,message,100,62,@msgpack/msgpack,3.1.3,67586,61300,12031,128886,14795.963661,16313.213703,7758.794594,0,1.00,100,99d1c7fab316,3256,16
javascript,bytes,message,100,62,flexbuffers,24.12.23,1575380,570440,14566,2145820,634.767485,1753.032747,466.022313,0,1.00,100,99d1c7fab316,3257,17
javascript,bytes,message,100,62,flatbuffers,24.12.23,197677,87175,10404,284852,5058.757468,11471.178664,3510.594976,0,1.00,100,99d1c7fab316,3258,18
javascript,bytes,message,100,62,devalue,5.8.1,258791,96455,18552,355246,3864.122014,10367.528899,2814.950767,0,1.00,100,99d1c7fab316,3259,19
javascript,bytes,message,100,63,@msgpack/msgpack,3.1.3,67703,59833,12031,127536,14770.394222,16713.185032,7840.923347,0,1.00,100,99d1c7fab316,3260,0
javascript,bytes,message,100,63,fast-json-stringify,6.4.0,57907,46316,16546,104223,17269.069370,21590.810951,9594.811126,0,1.00,100,99d1c7fab316,3261,1
javascript,bytes,message,100,63,flatbuffers,24.12.23,194486,83182,10404,277668,5141.758276,12021.831646,3601.423282,0,1.00,100,99d1c7fab316,3262,2
javascript,bytes,message,100,63,cbor,9.0.2,464622,610837,12030,1075459,2152.287236,1637.097949,929.835540,0,1.00,100,99d1c7fab316,3263,3
javascript,bytes,message,100,63,sia,2.3.0,307449,152028,15859,459477,3252.571971,6577.735680,2176.387501,0,1.00,100,99d1c7fab316,3264,4
javascript,bytes,message,100,63,bser,2.1.1,158267,178222,14248,336489,6318.436566,5610.979565,2971.865351,0,1.00,100,99d1c7fab316,3265,5
javascript,bytes,message,100,63,protobuf-es,2.12.1,245061,339907,4841,584968,4080.616663,2941.981189,1709.495220,0,1.00,100,99d1c7fab316,3266,6
javascript,bytes,message,100,63,cbor-x,1.6.4,42546,59450,5206,101996,23503.972171,16820.857864,9804.306051,0,1.00,100,99d1c7fab316,3267,7
javascript,bytes,message,100,63,json-pack-msgpack,18.28.0,45270,44151,12660,89421,22089.684118,22649.543612,11183.055434,0,1.00,100,99d1c7fab316,3268,8
javascript,bytes,message,100,63,google-protobuf,3.21.4,1310,62000,5047,63310,763358.778626,16129.032258,15795.293003,0,1.00,100,99d1c7fab316,3269,9
javascript,bytes,message,100,63,flexbuffers,24.12.23,856654,574722,14566,1431376,1167.332435,1739.971673,698.628453,0,1.00,100,99d1c7fab316,3270,10
javascript,bytes,message,100,63,bebop,3.2.3,51205,97993,15859,149198,19529.342838,10204.810548,6702.502715,0,1.00,100,99d1c7fab316,3271,11
javascript,bytes,message,100,63,devalue,5.8.1,257398,103019,18552,360417,3885.034072,9706.947262,2774.563908,0,1.00,100,99d1c7fab316,3272,12
javascript,bytes,message,100,63,msgpackr,1.12.1,41419,76167,12231,117586,24143.509018,13129.045387,8504.413791,0,1.00,100,99d1c7fab316,3273,13
javascript,bytes,message,100,63,avsc,5.7.9,143126,102439,4051,245565,6986.850747,9761.907086,4072.241565,0,1.00,100,99d1c7fab316,3274,14
javascript,bytes,message,100,63,simdjson-parse+JSON.stringify,0.9.2,42802,170239,16546,213041,23363.394234,5874.094655,4693.932154,0,1.00,100,99d1c7fab316,3275,15
javascript,bytes,message,100,63,protobufjs,7.6.5,57722,72969,5047,130691,17324.417033,13704.449835,7651.636302,0,1.00,100,99d1c7fab316,3276,16
javascript,bytes,message,100,63,bson,6.10.4,84745,96092,14057,180837,11800.106201,10406.693585,5529.841791,0,1.00,100,99d1c7fab316,3277,17
javascript,bytes,message,100,63,JSON.stringify,node-24.15.0,41047,45443,16546,86490,24362.316369,22005.589420,11562.030293,0,1.00,100,99d1c7fab316,3278,18
javascript,bytes,message,100,63,v8-serializer,v8-13.6.233.17-node.48,40714,55764,12955,96478,24561.575871,17932.716448,10365.057319,0,1.00,100,99d1c7fab316,3279,19
javascript,bytes,message,100,64,bser,2.1.1,156318,146099,14248,302417,6397.215932,6844.673817,3306.692415,0,1.00,100,99d1c7fab316,3280,0
javascript,bytes,message,100,64,cbor-x,1.6.4,31336,33859,5206,65195,31912.177687,29534.244957,15338.599586,0,1.00,100,99d1c7fab316,3281,1
javascript,bytes,message,100,64,bebop,3.2.3,47180,93268,15859,140448,21195.421789,10721.790968,7120.072910,0,1.00,100,99d1c7fab316,3282,2
javascript,bytes,message,100,64,sia,2.3.0,278304,144733,15859,423037,3593.193055,6909.274319,2363.859426,0,1.00,100,99d1c7fab316,3283,3
javascript,bytes,message,100,64,msgpackr,1.12.1,39233,72452,12231,111685,25488.746718,13802.241484,8953.753861,0,1.00,100,99d1c7fab316,3284,4
javascript,bytes,message,100,64,fast-json-stringify,6.4.0,68552,46418,16546,114970,14587.466449,21543.366797,8697.921197,0,1.00,100,99d1c7fab316,3285,5
javascript,bytes,message,100,64,json-pack-msgpack,18.28.0,51205,42725,12660,93930,19529.342838,23405.500293,10646.225913,0,1.00,100,99d1c7fab316,3286,6
javascript,bytes,message,100,64,JSON.stringify,node-24.15.0,46709,40212,16546,86921,21409.150271,24868.198548,11504.699670,0,1.00,100,99d1c7fab316,3287,7
javascript,bytes,message,100,64,v8-serializer,v8-13.6.233.17-node.48,34266,54097,12955,88363,29183.447149,18485.313418,11316.953929,0,1.00,100,99d1c7fab316,3288,8
javascript,bytes,message,100,64,flexbuffers,24.12.23,795897,628076,14566,1423973,1256.443987,1592.164006,702.260506,0,1.00,100,99d1c7fab316,3289,9
javascript,bytes,message,100,64,google-protobuf,3.21.4,1529,51263,5047,52792,654022.236756,19507.246942,18942.263979,0,1.00,100,99d1c7fab316,3290,10
javascript,bytes,message,100,64,flatbuffers,24.12.23,191988,85731,10404,277719,5208.658875,11664.392110,3600.761921,0,1.00,100,99d1c7fab316,3291,11
javascript,bytes,message,100,64,protobufjs,7.6.5,55696,71173,5047,126869,17954.610744,14050.271873,7882.146151,0,1.00,100,99d1c7fab316,3292,12
javascript,bytes,message,100,64,bson,6.10.4,83478,102705,14057,186183,11979.204102,9736.624312,5371.059656,0,1.00,100,99d1c7fab316,3293,13
javascript,bytes,message,100,64,protobuf-es,2.12.1,236652,155645,4841,392297,4225.613982,6424.877124,2549.089083,0,1.00,100,99d1c7fab316,3294,14
javascript,bytes,message,100,64,devalue,5.8.1,264004,99690,18552,363694,3787.821397,10031.096399,2749.564194,0,1.00,100,99d1c7fab316,3295,15
javascript,bytes,message,100,64,@msgpack/msgpack,3.1.3,71028,63028,12031,134056,14078.954778,15865.964333,7459.569135,0,1.00,100,99d1c7fab316,3296,16
javascript,bytes,message,100,64,avsc,5.7.9,147590,107255,4051,254845,6775.526797,9323.574659,3923.953776,0,1.00,100,99d1c7fab316,3297,17
javascript,bytes,message,100,64,simdjson-parse+JSON.stringify,0.9.2,43909,200148,16546,244057,22774.374274,4996.302736,4097.403475,0,1.00,100,99d1c7fab316,3298,18
javascript,bytes,message,100,64,cbor,9.0.2,471400,1076427,12030,1547827,2121.340687,928.999365,646.067035,0,1.00,100,99d1c7fab316,3299,19
javascript,bytes,message,100,65,simdjson-parse+JSON.stringify,0.9.2,112208,298201,16546,410409,8912.020533,3353.442812,2436.593739,0,1.00,100,99d1c7fab316,3300,0
javascript,bytes,message,100,65,devalue,5.8.1,337658,108736,18552,446394,2961.576506,9196.586227,2240.173479,0,1.00,100,99d1c7fab316,3301,1
javascript,bytes,message,100,65,flexbuffers,24.12.23,873056,580049,14566,1453105,1145.401899,1723.992283,688.181515,0,1.00,100,99d1c7fab316,3302,2
javascript,bytes,message,100,65,cbor,9.0.2,509945,650622,12030,1160567,1960.995794,1536.990757,861.647798,0,1.00,100,99d1c7fab316,3303,3
javascript,bytes,message,100,65,fast-json-stringify,6.4.0,84374,60680,16546,145054,11851.992320,16479.894529,6893.984309,0,1.00,100,99d1c7fab316,3304,4
javascript,bytes,message,100,65,google-protobuf,3.21.4,1461,52079,5047,53540,684462.696783,19201.597573,18677.624206,0,1.00,100,99d1c7fab316,3305,5
javascript,bytes,message,100,65,flatbuffers,24.12.23,207467,86799,10404,294266,4820.043670,11520.870056,3398.285905,0,1.00,100,99d1c7fab316,3306,6
javascript,bytes,message,100,65,JSON.stringify,node-24.15.0,48144,48291,16546,96435,20771.020273,20707.792342,10369.679058,0,1.00,100,99d1c7fab316,3307,7
javascript,bytes,message,100,65,avsc,5.7.9,144768,96500,4051,241268,6907.603890,10362.694301,4144.768473,0,1.00,100,99d1c7fab316,3308,8
javascript,bytes,message,100,65,protobufjs,7.6.5,56452,74751,5047,131203,17714.164246,13377.747455,7621.776941,0,1.00,100,99d1c7fab316,3309,9
javascript,bytes,message,100,65,bson,6.10.4,88261,105355,14057,193616,11330.032517,9491.718476,5164.862408,0,1.00,100,99d1c7fab316,3310,10
javascript,bytes,message,100,65,bser,2.1.1,163676,149649,14248,313325,6109.631223,6682.303256,3191.574244,0,1.00,100,99d1c7fab316,3311,11
javascript,bytes,message,100,65,bebop,3.2.3,52396,99626,15859,152022,19085.426368,10037.540401,6577.995290,0,1.00,100,99d1c7fab316,3312,12
javascript,bytes,message,100,65,protobuf-es,2.12.1,235779,157228,4841,393007,4241.259824,6360.190297,2544.483940,0,1.00,100,99d1c7fab316,3313,13
javascript,bytes,message,100,65,v8-serializer,v8-13.6.233.17-node.48,41969,62460,12955,104429,23827.110486,16010.246558,9575.884093,0,1.00,100,99d1c7fab316,3314,14
javascript,bytes,message,100,65,cbor-x,1.6.4,36256,43977,5206,80233,27581.641659,22739.159106,12463.699475,0,1.00,100,99d1c7fab316,3315,15
javascript,bytes,message,100,65,@msgpack/msgpack,3.1.3,68483,61660,12031,130143,14602.164041,16217.969510,7683.855451,0,1.00,100,99d1c7fab316,3316,16
javascript,bytes,message,100,65,msgpackr,1.12.1,44357,80875,12231,125232,22544.356020,12364.760433,7985.179507,0,1.00,100,99d1c7fab316,3317,17
javascript,bytes,message,100,65,sia,2.3.0,291174,150151,15859,441325,3434.372574,6659.962305,2265.903812,0,1.00,100,99d1c7fab316,3318,18
javascript,bytes,message,100,65,json-pack-msgpack,18.28.0,45119,48107,12660,93226,22163.611782,20786.995656,10726.621329,0,1.00,100,99d1c7fab316,3319,19
javascript,bytes,message,100,66,JSON.stringify,node-24.15.0,46657,52827,16546,99484,21433.011124,18929.713972,10051.867637,0,1.00,100,99d1c7fab316,3320,0
javascript,bytes,message,100,66,json-pack-msgpack,18.28.0,40877,37030,12660,77907,24463.634807,27005.130975,12835.817064,0,1.00,100,99d1c7fab316,3321,1
javascript,bytes,message,100,66,fast-json-stringify,6.4.0,62376,40429,16546,102805,16031.807105,24734.720127,9727.153349,0,1.00,100,99d1c7fab316,3322,2
javascript,bytes,message,100,66,devalue,5.8.1,242988,80647,18552,323635,4115.429569,12399.717286,3089.900660,0,1.00,100,99d1c7fab316,3323,3
javascript,bytes,message,100,66,flexbuffers,24.12.23,827324,563654,14566,1390978,1208.716295,1774.138035,718.918631,0,1.00,100,99d1c7fab316,3324,4
javascript,bytes,message,100,66,flatbuffers,24.12.23,218766,84060,10404,302826,4571.094229,11896.264573,3302.226361,0,1.00,100,99d1c7fab316,3325,5
javascript,bytes,message,100,66,v8-serializer,v8-13.6.233.17-node.48,36262,57781,12955,94043,27577.077933,17306.727125,10633.433642,0,1.00,100,99d1c7fab316,3326,6
javascript,bytes,message,100,66,protobuf-es,2.12.1,220305,168461,4841,388766,4539.161617,5936.092033,2572.241400,0,1.00,100,99d1c7fab316,3327,7
javascript,bytes,message,100,66,protobufjs,7.6.5,54596,67832,5047,122428,18316.360173,14742.304517,8168.066129,0,1.00,100,99d1c7fab316,3328,8
javascript,bytes,message,100,66,msgpackr,1.12.1,38659,75658,12231,114317,25867.197806,13217.372915,8747.605343,0,1.00,100,99d1c7fab316,3329,9
javascript,bytes,message,100,66,sia,2.3.0,275228,152605,15859,427833,3633.351258,6552.865240,2337.360606,0,1.00,100,99d1c7fab316,3330,10
javascript,bytes,message,100,66,avsc,5.7.9,152308,96045,4051,248353,6565.643302,10411.786142,4026.526758,0,1.00,100,99d1c7fab316,3331,11
javascript,bytes,message,100,66,bson,6.10.4,84801,98824,14057,183625,11792.313770,10118.999433,5445.881552,0,1.00,100,99d1c7fab316,3332,12
javascript,bytes,message,100,66,google-protobuf,3.21.4,918,50107,5047,51025,1089324.618736,19957.291396,19598.236159,0,1.00,100,99d1c7fab316,3333,13
javascript,bytes,message,100,66,bser,2.1.1,155841,149240,14248,305081,6416.796607,6700.616457,3277.818022,0,1.00,100,99d1c7fab316,3334,14
javascript,bytes,message,100,66,cbor,9.0.2,480940,658550,12030,1139490,2079.261446,1518.487586,877.585587,0,1.00,100,99d1c7fab316,3335,15
javascript,bytes,message,100,66,simdjson-parse+JSON.stringify,0.9.2,56173,190816,16546,246989,17802.146939,5240.650679,4048.763305,0,1.00,100,99d1c7fab316,3336,16
javascript,bytes,message,100,66,cbor-x,1.6.4,35053,47413,5206,82466,28528.228682,21091.261890,12126.209589,0,1.00,100,99d1c7fab316,3337,17
javascript,bytes,message,100,66,@msgpack/msgpack,3.1.3,69456,63152,12031,132608,14397.604239,15834.811249,7541.023166,0,1.00,100,99d1c7fab316,3338,18
javascript,bytes,message,100,66,bebop,3.2.3,51812,96948,15859,148760,19300.548136,10314.807938,6722.237161,0,1.00,100,99d1c7fab316,3339,19
javascript,bytes,message,100,67,JSON.stringify,node-24.15.0,43272,65179,16546,108451,23109.632095,15342.364872,9220.754073,0,1.00,100,99d1c7fab316,3340,0
javascript,bytes,message,100,67,flatbuffers,24.12.23,201240,87681,10404,288921,4969.191016,11404.979414,3461.153741,0,1.00,100,99d1c7fab316,3341,1
javascript,bytes,message,100,67,sia,2.3.0,291186,156181,15859,447367,3434.231041,6402.827489,2235.301218,0,1.00,100,99d1c7fab316,3342,2
javascript,bytes,message,100,67,bson,6.10.4,96939,98064,14057,195003,10315.765585,10197.422092,5128.126234,0,1.00,100,99d1c7fab316,3343,3
javascript,bytes,message,100,67,cbor-x,1.6.4,30701,31320,5206,62021,32572.228918,31928.480204,16123.571049,0,1.00,100,99d1c7fab316,3344,4
javascript,bytes,message,100,67,google-protobuf,3.21.4,1277,79254,5047,80531,783085.356304,12617.659676,12417.578324,0,1.00,100,99d1c7fab316,3345,5
javascript,bytes,message,100,67,protobufjs,7.6.5,57626,76965,5047,134591,17353.278034,12992.918859,7429.917305,0,1.00,100,99d1c7fab316,3346,6
javascript,bytes,message,100,67,simdjson-parse+JSON.stringify,0.9.2,41805,159775,16546,201580,23920.583662,6258.801440,4960.809604,0,1.00,100,99d1c7fab316,3347,7
javascript,bytes,message,100,67,fast-json-stringify,6.4.0,74135,54197,16546,128332,13488.905375,18451.205786,7792.288751,0,1.00,100,99d1c7fab316,3348,8
javascript,bytes,message,100,67,@msgpack/msgpack,3.1.3,63711,56522,12031,120233,15695.876693,17692.226036,8317.184134,0,1.00,100,99d1c7fab316,3349,9
javascript,bytes,message,100,67,protobuf-es,2.12.1,947515,270180,4841,1217695,1055.392263,3701.236213,821.223705,0,1.00,100,99d1c7fab316,3350,10
javascript,bytes,message,100,67,flexbuffers,24.12.23,1357843,548226,14566,1906069,736.462168,1824.065258,524.639979,0,1.00,100,99d1c7fab316,3351,11
javascript,bytes,message,100,67,bebop,3.2.3,51812,94081,15859,145893,19300.548136,10629.138721,6854.338454,0,1.00,100,99d1c7fab316,3352,12
javascript,bytes,message,100,67,devalue,5.8.1,298656,102078,18552,400734,3348.333869,9796.430181,2495.420903,0,1.00,100,99d1c7fab316,3353,13
javascript,bytes,message,100,67,v8-serializer,v8-13.6.233.17-node.48,41500,54045,12955,95545,24096.385542,18503.099269,10466.272437,0,1.00,100,99d1c7fab316,3354,14
javascript,bytes,message,100,67,cbor,9.0.2,451970,587882,12030,1039852,2212.536230,1701.021634,961.675315,0,1.00,100,99d1c7fab316,3355,15
javascript,bytes,message,100,67,avsc,5.7.9,148839,97526,4051,246365,6718.669166,10253.675943,4059.018124,0,1.00,100,99d1c7fab316,3356,16
javascript,bytes,message,100,67,msgpackr,1.12.1,38612,75651,12231,114263,25898.684347,13218.595921,8751.739408,0,1.00,100,99d1c7fab316,3357,17
javascript,bytes,message,100,67,json-pack-msgpack,18.28.0,43767,43614,12660,87381,22848.264674,22928.417481,11444.135453,0,1.00,100,99d1c7fab316,3358,18
javascript,bytes,message,100,67,bser,2.1.1,145471,160361,14248,305832,6874.222354,6235.930183,3269.769024,0,1.00,100,99d1c7fab316,3359,19
javascript,bytes,message,100,68,sia,2.3.0,300375,163035,15859,463410,3329.171868,6133.652283,2157.916316,0,1.00,100,99d1c7fab316,3360,0
javascript,bytes,message,100,68,bser,2.1.1,138284,131859,14248,270143,7231.494605,7583.858516,3701.743151,0,1.00,100,99d1c7fab316,3361,1
javascript,bytes,message,100,68,msgpackr,1.12.1,39444,64451,12231,103895,25352.398337,15515.663062,9625.102267,0,1.00,100,99d1c7fab316,3362,2
javascript,bytes,message,100,68,cbor,9.0.2,546597,547812,12030,1094409,1829.501443,1825.443765,913.735176,0,1.00,100,99d1c7fab316,3363,3
javascript,bytes,message,100,68,bebop,3.2.3,49306,85017,15859,134323,20281.507322,11762.353412,7444.741407,0,1.00,100,99d1c7fab316,3364,4
javascript,bytes,message,100,68,protobufjs,7.6.5,61910,106835,5047,168745,16152.479406,9360.228390,5926.101514,0,1.00,100,99d1c7fab316,3365,5
javascript,bytes,message,100,68,JSON.stringify,node-24.15.0,42967,54268,16546,97235,23273.675146,18427.065674,10284.362627,0,1.00,100,99d1c7fab316,3366,6
javascript,bytes,message,100,68,json-pack-msgpack,18.28.0,38071,39047,12660,77118,26266.712196,25610.162112,12967.141264,0,1.00,100,99d1c7fab316,3367,7
javascript,bytes,message,100,68,bson,6.10.4,80403,95794,14057,176197,12437.346865,10439.067165,5675.465530,0,1.00,100,99d1c7fab316,3368,8
javascript,bytes,message,100,68,simdjson-parse+JSON.stringify,0.9.2,35120,160104,16546,195224,28473.804100,6245.940139,5122.321026,0,1.00,100,99d1c7fab316,3369,9
javascript,bytes,message,100,68,cbor-x,1.6.4,30756,40713,5206,71469,32513.981012,24562.179157,13992.080482,0,1.00,100,99d1c7fab316,3370,10
javascript,bytes,message,100,68,flexbuffers,24.12.23,772020,505365,14566,1277385,1295.303230,1978.767821,782.849337,0,1.00,100,99d1c7fab316,3371,11
javascript,bytes,message,100,68,avsc,5.7.9,140889,91046,4051,231935,7097.786200,10983.458911,4311.552806,0,1.00,100,99d1c7fab316,3372,12
javascript,bytes,message,100,68,flatbuffers,24.12.23,175984,76933,10404,252917,5682.334758,12998.323216,3953.866288,0,1.00,100,99d1c7fab316,3373,13
javascript,bytes,message,100,68,v8-serializer,v8-13.6.233.17-node.48,37061,52535,12955,89596,26982.542295,19034.929095,11161.212554,0,1.00,100,99d1c7fab316,3374,14
javascript,bytes,message,100,68,devalue,5.8.1,255624,82689,18552,338313,3911.995744,12093.506996,2955.842666,0,1.00,100,99d1c7fab316,3375,15
javascript,bytes,message,100,68,@msgpack/msgpack,3.1.3,63504,55773,12031,119277,15747.039557,17929.822674,8383.846006,0,1.00,100,99d1c7fab316,3376,16
javascript,bytes,message,100,68,fast-json-stringify,6.4.0,56915,38451,16546,95366,17570.060617,26007.125953,10485.917413,0,1.00,100,99d1c7fab316,3377,17
javascript,bytes,message,100,68,protobuf-es,2.12.1,210383,136782,4841,347165,4753.235765,7310.903481,2880.474702,0,1.00,100,99d1c7fab316,3378,18
javascript,bytes,message,100,68,google-protobuf,3.21.4,1008,44433,5047,45441,992063.492063,22505.795242,22006.557954,0,1.00,100,99d1c7fab316,3379,19
javascript,bytes,message,100,69,JSON.stringify,node-24.15.0,39533,45156,16546,84689,25295.322895,22145.451324,11807.908937,0,1.00,100,99d1c7fab316,3380,0
javascript,bytes,message,100,69,bser,2.1.1,141752,132734,14248,274486,7054.574186,7533.864722,3643.173058,0,1.00,100,99d1c7fab316,3381,1
javascript,bytes,message,100,69,avsc,5.7.9,119246,81419,4051,200665,8386.025527,12282.145445,4983.430095,0,1.00,100,99d1c7fab316,3382,2
javascript,bytes,message,100,69,json-pack-msgpack,18.28.0,45434,38635,12660,84069,22009.948497,25883.266468,11894.991019,0,1.00,100,99d1c7fab316,3383,3
javascript,bytes,message,100,69,sia,2.3.0,255057,136708,15859,391765,3920.692237,7314.860871,2552.550636,0,1.00,100,99d1c7fab316,3384,4
javascript,bytes,message,100,69,simdjson-parse+JSON.stringify,0.9.2,35887,153749,16546,189636,27865.243682,6504.107344,5273.260351,0,1.00,100,99d1c7fab316,3385,5
javascript,bytes,message,100,69,protobuf-es,2.12.1,194687,129631,4841,324318,5136.449789,7714.204164,3083.393460,0,1.00,100,99d1c7fab316,3386,6
javascript,bytes,message,100,69,v8-serializer,v8-13.6.233.17-node.48,34569,49853,12955,84422,28927.651942,20058.973382,11845.253607,0,1.00,100,99d1c7fab316,3387,7
javascript,bytes,message,100,69,bebop,3.2.3,42907,79755,15859,122662,23306.220430,12538.398846,8152.484062,0,1.00,100,99d1c7fab316,3388,8
javascript,bytes,message,100,69,devalue,5.8.1,255711,80146,18552,335857,3910.664774,12477.229057,2977.457668,0,1.00,100,99d1c7fab316,3389,9
javascript,bytes,message,100,69,@msgpack/msgpack,3.1.3,59973,53592,12031,113565,16674.170043,18659.501418,8805.529873,0,1.00,100,99d1c7fab316,3390,10
javascript,bytes,message,100,69,msgpackr,1.12.1,36307,70054,12231,106361,27542.898064,14274.702372,9401.942441,0,1.00,100,99d1c7fab316,3391,11
javascript,bytes,message,100,69,cbor,9.0.2,408353,1021225,12030,1429578,2448.861647,979.216137,699.507127,0,1.00,100,99d1c7fab316,3392,12
javascript,bytes,message,100,69,protobufjs,7.6.5,137339,77293,5047,214632,7281.252958,12937.782205,4659.137500,0,1.00,100,99d1c7fab316,3393,13
javascript,bytes,message,100,69,cbor-x,1.6.4,66905,43206,5206,110111,14946.566026,23144.933574,9081.744785,0,1.00,100,99d1c7fab316,3394,14
javascript,bytes,message,100,69,flatbuffers,24.12.23,229170,79359,10404,308529,4363.572893,12600.965234,3241.186404,0,1.00,100,99d1c7fab316,3395,15
javascript,bytes,message,100,69,flexbuffers,24.12.23,800243,497010,14566,1297253,1249.620428,2012.031951,770.859655,0,1.00,100,99d1c7fab316,3396,16
javascript,bytes,message,100,69,fast-json-stringify,6.4.0,85562,60949,16546,146511,11687.431336,16407.160085,6825.426077,0,1.00,100,99d1c7fab316,3397,17
javascript,bytes,message,100,69,bson,6.10.4,80985,94103,14057,175088,12347.965673,10626.653773,5711.413689,0,1.00,100,99d1c7fab316,3398,18
javascript,bytes,message,100,69,google-protobuf,3.21.4,1170,49094,5047,50264,854700.854701,20369.087872,19894.954640,0,1.00,100,99d1c7fab316,3399,19
javascript,bytes,message,100,70,fast-json-stringify,6.4.0,60306,46031,16546,106337,16582.097967,21724.490018,9404.064437,0,1.00,100,99d1c7fab316,3400,0
javascript,bytes,message,100,70,bser,2.1.1,144473,137295,14248,281768,6921.708555,7283.586438,3549.019051,0,1.00,100,99d1c7fab316,3401,1
javascript,bytes,message,100,70,bebop,3.2.3,51279,84906,15859,136185,19501.160319,11777.730667,7342.952601,0,1.00,100,99d1c7fab316,3402,2
javascript,bytes,message,100,70,JSON.stringify,node-24.15.0,48533,44041,16546,92574,20604.537119,22706.114757,10802.169076,0,1.00,100,99d1c7fab316,3403,3
javascript,bytes,message,100,70,cbor-x,1.6.4,32457,43099,5206,75556,30809.994762,23202.394487,13235.216263,0,1.00,100,99d1c7fab316,3404,4
javascript,bytes,message,100,70,sia,2.3.0,291359,135345,15859,426704,3432.191901,7388.525620,2343.544940,0,1.00,100,99d1c7fab316,3405,5
javascript,bytes,message,100,70,json-pack-msgpack,18.28.0,40734,40842,12660,81576,24549.516375,24484.599187,12258.507404,0,1.00,100,99d1c7fab316,3406,6
javascript,bytes,message,100,70,simdjson-parse+JSON.stringify,0.9.2,38700,188324,16546,227024,25839.793282,5309.997664,4404.820636,0,1.00,100,99d1c7fab316,3407,7
javascript,bytes,message,100,70,flatbuffers,24.12.23,173677,81593,10404,255270,5757.814794,12255.953329,3917.420770,0,1.00,100,99d1c7fab316,3408,8
javascript,bytes,message,100,70,@msgpack/msgpack,3.1.3,61447,58264,12031,119711,16274.187511,17163.256900,8353.451228,0,1.00,100,99d1c7fab316,3409,9
javascript,bytes,message,100,70,v8-serializer,v8-13.6.233.17-node.48,38456,51292,12955,89748,26003.744539,19496.217734,11142.309578,0,1.00,100,99d1c7fab316,3410,10
javascript,bytes,message,100,70,devalue,5.8.1,235818,103956,18552,339774,4240.558397,9619.454385,2943.132788,0,1.00,100,99d1c7fab316,3411,11
javascript,bytes,message,100,70,bson,6.10.4,75125,100892,14057,176017,13311.148087,9911.588629,5681.269423,0,1.00,100,99d1c7fab316,3412,12
javascript,bytes,message,100,70,protobufjs,7.6.5,51792,64446,5047,116238,19308.001236,15516.866834,8603.038593,0,1.00,100,99d1c7fab316,3413,13
javascript,bytes,message,100,70,cbor,9.0.2,412204,618441,12030,1030645,2425.983251,1616.969121,970.266193,0,1.00,100,99d1c7fab316,3414,14
javascript,bytes,message,100,70,avsc,5.7.9,138753,113099,4051,251852,7207.051379,8841.811157,3970.585900,0,1.00,100,99d1c7fab316,3415,15
javascript,bytes,message,100,70,flexbuffers,24.12.23,775136,521371,14566,1296507,1290.096190,1918.019990,771.303202,0,1.00,100,99d1c7fab316,3416,16
javascript,bytes,message,100,70,protobuf-es,2.12.1,208958,133972,4841,342930,4785.650705,7464.246260,2916.047007,0,1.00,100,99d1c7fab316,3417,17
javascript,bytes,message,100,70,msgpackr,1.12.1,36309,70354,12231,106663,27541.380925,14213.832902,9375.322277,0,1.00,100,99d1c7fab316,3418,18
javascript,bytes,message,100,70,google-protobuf,3.21.4,871,42622,5047,43493,1148105.625718,23462.061846,22992.205642,0,1.00,100,99d1c7fab316,3419,19
javascript,bytes,message,100,71,flexbuffers,24.12.23,728286,483764,14566,1212050,1373.086947,2067.123639,825.048472,0,1.00,100,99d1c7fab316,3420,0
javascript,bytes,message,100,71,JSON.stringify,node-24.15.0,41717,48808,16546,90525,23971.042980,20488.444517,11046.672190,0,1.00,100,99d1c7fab316,3421,1
javascript,bytes,message,100,71,cbor-x,1.6.4,31177,34388,5206,65565,32074.927030,29079.911597,15252.039960,0,1.00,100,99d1c7fab316,3422,2
javascript,bytes,message,100,71,bser,2.1.1,139333,128294,14248,267627,7177.050663,7794.596786,3736.543772,0,1.00,100,99d1c7fab316,3423,3
javascript,bytes,message,100,71,bson,6.10.4,70673,86066,14057,156739,14149.675265,11618.990077,6380.033049,0,1.00,100,99d1c7fab316,3424,4
javascript,bytes,message,100,71,protobuf-es,2.12.1,191916,129876,4841,321792,5210.612977,7699.651976,3107.597454,0,1.00,100,99d1c7fab316,3425,5
javascript,bytes,message,100,71,devalue,5.8.1,239432,75263,18552,314695,4176.551171,13286.741161,3177.679976,0,1.00,100,99d1c7fab316,3426,6
javascript,bytes,message,100,71,cbor,9.0.2,413983,545011,12030,958994,2415.558127,1834.825352,1042.759392,0,1.00,100,99d1c7fab316,3427,7
javascript,bytes,message,100,71,@msgpack/msgpack,3.1.3,63011,53094,12031,116105,15870.244878,18834.519908,8612.893502,0,1.00,100,99d1c7fab316,3428,8
javascript,bytes,message,100,71,sia,2.3.0,259154,145072,15859,404226,3858.709493,6893.128929,2473.863631,0,1.00,100,99d1c7fab316,3429,9
javascript,bytes,message,100,71,json-pack-msgpack,18.28.0,42844,40379,12660,83223,23340.491084,24765.348325,12015.909064,0,1.00,100,99d1c7fab316,3430,10
javascript,bytes,message,100,71,msgpackr,1.12.1,44390,73812,12231,118202,22527.596305,13547.932585,8460.093738,0,1.00,100,99d1c7fab316,3431,11
javascript,bytes,message,100,71,avsc,5.7.9,152238,91708,4051,243946,6568.662226,10904.174118,4099.267871,0,1.00,100,99d1c7fab316,3432,12
javascript,bytes,message,100,71,bebop,3.2.3,44670,82052,15859,126722,22386.389075,12187.393360,7891.289595,0,1.00,100,99d1c7fab316,3433,13
javascript,bytes,message,100,71,simdjson-parse+JSON.stringify,0.9.2,448362,219664,16546,668026,2230.340662,4552.407313,1496.947724,0,1.00,100,99d1c7fab316,3434,14
javascript,bytes,message,100,71,fast-json-stringify,6.4.0,142721,57812,16546,200533,7006.677364,17297.446897,4986.710417,0,1.00,100,99d1c7fab316,3435,15
javascript,bytes,message,100,71,google-protobuf,3.21.4,1822,46628,5047,48450,548847.420417,21446.341254,20639.834881,0,1.00,100,99d1c7fab316,3436,16
javascript,bytes,message,100,71,v8-serializer,v8-13.6.233.17-node.48,109957,56407,12955,166364,9094.464200,17728.296133,6010.915823,0,1.00,100,99d1c7fab316,3437,17
javascript,bytes,message,100,71,flatbuffers,24.12.23,278679,86293,10404,364972,3588.357932,11588.425481,2739.936214,0,1.00,100,99d1c7fab316,3438,18
javascript,bytes,message,100,71,protobufjs,7.6.5,60934,82127,5047,143061,16411.199002,12176.263592,6990.025234,0,1.00,100,99d1c7fab316,3439,19
javascript,bytes,message,100,72,flexbuffers,24.12.23,757194,483531,14566,1240725,1320.665510,2068.119728,805.980374,0,1.00,100,99d1c7fab316,3440,0
javascript,bytes,message,100,72,bson,6.10.4,78402,87556,14057,165958,12754.776664,11421.261821,6025.620940,0,1.00,100,99d1c7fab316,3441,1
javascript,bytes,message,100,72,JSON.stringify,node-24.15.0,45354,50654,16546,96008,22048.771883,19741.777550,10415.798683,0,1.00,100,99d1c7fab316,3442,2
javascript,bytes,message,100,72,devalue,5.8.1,240602,77312,18552,317914,4156.241428,12934.602649,3145.504759,0,1.00,100,99d1c7fab316,3443,3
javascript,bytes,message,100,72,cbor-x,1.6.4,32606,38923,5206,71529,30669.201987,25691.750379,13980.343637,0,1.00,100,99d1c7fab316,3444,4
javascript,bytes,message,100,72,cbor,9.0.2,416009,542275,12030,958284,2403.794149,1844.082799,1043.531980,0,1.00,100,99d1c7fab316,3445,5
javascript,bytes,message,100,72,fast-json-stringify,6.4.0,56842,44415,16546,101257,17592.625172,22514.916132,9875.860434,0,1.00,100,99d1c7fab316,3446,6
javascript,bytes,message,100,72,protobuf-es,2.12.1,211989,140686,4841,352675,4717.225894,7108.027807,2835.471752,0,1.00,100,99d1c7fab316,3447,7
javascript,bytes,message,100,72,msgpackr,1.12.1,35817,65817,12231,101634,27919.702934,15193.642980,9839.227030,0,1.00,100,99d1c7fab316,3448,8
javascript,bytes,message,100,72,google-protobuf,3.21.4,894,44358,5047,45252,1118568.232662,22543.847784,22098.470786,0,1.00,100,99d1c7fab316,3449,9
javascript,bytes,message,100,72,sia,2.3.0,265880,136521,15859,402401,3761.095231,7324.880421,2485.083288,0,1.00,100,99d1c7fab316,3450,10
javascript,bytes,message,100,72,protobufjs,7.6.5,79990,90629,5047,170619,12501.562695,11033.995741,5861.011962,0,1.00,100,99d1c7fab316,3451,11
javascript,bytes,message,100,72,v8-serializer,v8-13.6.233.17-node.48,45174,82776,12955,127950,22136.627263,12080.796366,7815.552950,0,1.00,100,99d1c7fab316,3452,12
javascript,bytes,message,100,72,bebop,3.2.3,75081,148522,15859,223603,13318.948869,6733.009251,4472.211911,0,1.00,100,99d1c7fab316,3453,13
javascript,bytes,message,100,72,bser,2.1.1,251757,244257,14248,496014,3972.084192,4094.048482,2016.072127,0,1.00,100,99d1c7fab316,3454,14
javascript,bytes,message,100,72,@msgpack/msgpack,3.1.3,85302,63441,12031,148743,11723.054559,15762.677133,6723.005452,0,1.00,100,99d1c7fab316,3455,15
javascript,bytes,message,100,72,flatbuffers,24.12.23,172157,76231,10404,248388,5808.651405,13118.022852,4025.959386,0,1.00,100,99d1c7fab316,3456,16
javascript,bytes,message,100,72,avsc,5.7.9,129215,84686,4051,213901,7739.039585,11808.327232,4675.059958,0,1.00,100,99d1c7fab316,3457,17
javascript,bytes,message,100,72,simdjson-parse+JSON.stringify,0.9.2,33217,152118,16546,185335,30105.066683,6573.843990,5395.634931,0,1.00,100,99d1c7fab316,3458,18
javascript,bytes,message,100,72,json-pack-msgpack,18.28.0,38002,39522,12660,77524,26314.404505,25302.363241,12899.231206,0,1.00,100,99d1c7fab316,3459,19
javascript,bytes,message,100,73,flatbuffers,24.12.23,161644,75353,10404,236997,6186.434387,13270.871764,4219.462694,0,1.00,100,99d1c7fab316,3460,0
javascript,bytes,message,100,73,protobufjs,7.6.5,53067,74734,5047,127801,18844.102738,13380.790537,7824.664909,0,1.00,100,99d1c7fab316,3461,1
javascript,bytes,message,100,73,bson,6.10.4,74577,86787,14057,161364,13408.959867,11522.463042,6197.169133,0,1.00,100,99d1c7fab316,3462,2
javascript,bytes,message,100,73,json-pack-msgpack,18.28.0,35646,47672,12660,83318,28053.638557,20976.673939,12002.208406,0,1.00,100,99d1c7fab316,3463,3
javascript,bytes,message,100,73,sia,2.3.0,249611,134995,15859,384606,4006.233700,7407.681766,2600.063442,0,1.00,100,99d1c7fab316,3464,4
javascript,bytes,message,100,73,cbor,9.0.2,443061,586688,12030,1029749,2257.025556,1704.483473,971.110436,0,1.00,100,99d1c7fab316,3465,5
javascript,bytes,message,100,73,flexbuffers,24.12.23,782621,543295,14566,1325916,1277.757689,1840.620657,754.195590,0,1.00,100,99d1c7fab316,3466,6
javascript,bytes,message,100,73,v8-serializer,v8-13.6.233.17-node.48,42533,52319,12955,94852,23511.156044,19113.515167,10542.740269,0,1.00,100,99d1c7fab316,3467,7
javascript,bytes,message,100,73,@msgpack/msgpack,3.1.3,66658,62679,12031,129337,15001.950254,15954.306865,7731.739564,0,1.00,100,99d1c7fab316,3468,8
javascript,bytes,message,100,73,fast-json-stringify,6.4.0,92534,58324,16546,150858,10806.838567,17145.600439,6628.750215,0,1.00,100,99d1c7fab316,3469,9
javascript,bytes,message,100,73,protobuf-es,2.12.1,266061,156762,4841,422823,3758.536576,6379.096975,2365.055827,0,1.00,100,99d1c7fab316,3470,10
javascript,bytes,message,100,73,avsc,5.7.9,154184,111937,4051,266121,6485.757277,8933.596577,3757.689171,0,1.00,100,99d1c7fab316,3471,11
javascript,bytes,message,100,73,devalue,5.8.1,271892,78093,18552,349985,3677.930943,12805.245028,2857.265311,0,1.00,100,99d1c7fab316,3472,12
javascript,bytes,message,100,73,simdjson-parse+JSON.stringify,0.9.2,38402,162592,16546,200994,26040.310400,6150.364102,4975.272894,0,1.00,100,99d1c7fab316,3473,13
javascript,bytes,message,100,73,cbor-x,1.6.4,35086,43668,5206,78754,28501.396568,22900.064120,12697.767732,0,1.00,100,99d1c7fab316,3474,14
javascript,bytes,message,100,73,bser,2.1.1,140322,130890,14248,271212,7126.466270,7640.003056,3687.152486,0,1.00,100,99d1c7fab316,3475,15
javascript,bytes,message,100,73,JSON.stringify,node-24.15.0,36274,39725,16546,75999,27567.955009,25173.064821,13158.067869,0,1.00,100,99d1c7fab316,3476,16
javascript,bytes,message,100,73,bebop,3.2.3,45917,95987,15859,141904,21778.426291,10418.077448,7047.017702,0,1.00,100,99d1c7fab316,3477,17
javascript,bytes,message,100,73,google-protobuf,3.21.4,958,65562,5047,66520,1043841.336117,15252.737866,15033.072760,0,1.00,100,99d1c7fab316,3478,18
javascript,bytes,message,100,73,msgpackr,1.12.1,41238,70300,12231,111538,24249.478636,14224.751067,8965.554340,0,1.00,100,99d1c7fab316,3479,19
javascript,bytes,message,100,74,fast-json-stringify,6.4.0,59540,39591,16546,99131,16795.431643,25258.265767,10087.661781,0,1.00,100,99d1c7fab316,3480,0
javascript,bytes,message,100,74,JSON.stringify,node-24.15.0,35909,34175,16546,70084,27848.171768,29261.155816,14268.591975,0,1.00,100,99d1c7fab316,3481,1
javascript,bytes,message,100,74,v8-serializer,v8-13.6.233.17-node.48,33740,48319,12955,82059,29638.411381,20695.792545,12186.353721,0,1.00,100,99d1c7fab316,3482,2
javascript,bytes,message,100,74,flatbuffers,24.12.23,168521,74884,10404,243405,5933.978555,13353.987501,4108.379039,0,1.00,100,99d1c7fab316,3483,3
javascript,bytes,message,100,74,simdjson-parse+JSON.stringify,0.9.2,34204,144656,16546,178860,29236.346626,6912.952107,5590.965001,0,1.00,100,99d1c7fab316,3484,4
javascript,bytes,message,100,74,json-pack-msgpack,18.28.0,46809,39246,12660,86055,21363.413019,25480.303725,11620.475277,0,1.00,100,99d1c7fab316,3485,5
javascript,bytes,message,100,74,bebop,3.2.3,38902,86460,15859,125362,25705.619248,11566.042100,7976.898901,0,1.00,100,99d1c7fab316,3486,6
javascript,bytes,message,100,74,bser,2.1.1,136622,133413,14248,270035,7319.465386,7495.521426,3703.223656,0,1.00,100,99d1c7fab316,3487,7
javascript,bytes,message,100,74,cbor-x,1.6.4,29875,31751,5206,61626,33472.803347,31495.071021,16226.917210,0,1.00,100,99d1c7fab316,3488,8
javascript,bytes,message,100,74,bson,6.10.4,104720,93269,14057,197989,9549.274255,10721.676012,5050.785650,0,1.00,100,99d1c7fab316,3489,9
javascript,bytes,message,100,74,avsc,5.7.9,255291,110639,4051,365930,3917.098527,9038.404179,2732.763097,0,1.00,100,99d1c7fab316,3490,10
javascript,bytes,message,100,74,cbor,9.0.2,455146,583298,12030,1038444,2197.097195,1714.389557,962.979227,0,1.00,100,99d1c7fab316,3491,11
javascript,bytes,message,100,74,google-protobuf,3.21.4,1785,45167,5047,46952,560224.089636,22140.058007,21298.347248,0,1.00,100,99d1c7fab316,3492,12
javascript,bytes,message,100,74,sia,2.3.0,284730,133155,15859,417885,3512.099182,7510.044685,2393.002860,0,1.00,100,99d1c7fab316,3493,13
javascript,bytes,message,100,74,@msgpack/msgpack,3.1.3,63558,55925,12031,119483,15733.660593,17881.090747,8369.391462,0,1.00,100,99d1c7fab316,3494,14
javascript,bytes,message,100,74,protobuf-es,2.12.1,213039,140892,4841,353931,4693.976220,7097.635068,2825.409472,0,1.00,100,99d1c7fab316,3495,15
javascript,bytes,message,100,74,flexbuffers,24.12.23,764614,509926,14566,1274540,1307.849451,1961.068861,784.596796,0,1.00,100,99d1c7fab316,3496,16
javascript,bytes,message,100,74,protobufjs,7.6.5,58674,89033,5047,147707,17043.324130,11231.790460,6770.159843,0,1.00,100,99d1c7fab316,3497,17
javascript,bytes,message,100,74,devalue,5.8.1,293055,112472,18552,405527,3412.328744,8891.101785,2465.927053,0,1.00,100,99d1c7fab316,3498,18
javascript,bytes,message,100,74,msgpackr,1.12.1,44951,80273,12231,125224,22246.446130,12457.488819,7985.689644,0,1.00,100,99d1c7fab316,3499,19
javascript,bytes,message,100,75,cbor-x,1.6.4,35297,45244,5206,80541,28331.019633,22102.378216,12416.036553,0,1.00,100,99d1c7fab316,3500,0
javascript,bytes,message,100,75,google-protobuf,3.21.4,1230,48036,5047,49266,813008.130081,20817.720043,20297.974262,0,1.00,100,99d1c7fab316,3501,1
javascript,bytes,message,100,75,v8-serializer,v8-13.6.233.17-node.48,42822,52414,12955,95236,23352.482369,19078.872057,10500.231005,0,1.00,100,99d1c7fab316,3502,2
javascript,bytes,message,100,75,cbor,9.0.2,462095,603811,12030,1065906,2164.057174,1656.147371,938.169032,0,1.00,100,99d1c7fab316,3503,3
javascript,bytes,message,100,75,JSON.stringify,node-24.15.0,54107,90442,16546,144549,18481.896982,11056.809889,6918.069305,0,1.00,100,99d1c7fab316,3504,4
javascript,bytes,message,100,75,avsc,5.7.9,126084,82923,4051,209007,7931.220456,12059.380389,4784.528748,0,1.00,100,99d1c7fab316,3505,5
javascript,bytes,message,100,75,simdjson-parse+JSON.stringify,0.9.2,32910,159376,16546,192286,30385.900942,6274.470435,5200.586626,0,1.00,100,99d1c7fab316,3506,6
javascript,bytes,message,100,75,bebop,3.2.3,50410,85452,15859,135862,19837.333862,11702.476244,7360.409828,0,1.00,100,99d1c7fab316,3507,7
javascript,bytes,message,100,75,devalue,5.8.1,331080,89799,18552,420879,3020.418026,11135.981470,2375.979795,0,1.00,100,99d1c7fab316,3508,8
javascript,bytes,message,100,75,bson,6.10.4,81281,91834,14057,173115,12302.998241,10889.213145,5776.506946,0,1.00,100,99d1c7fab316,3509,9
javascript,bytes,message,100,75,msgpackr,1.12.1,37824,68357,12231,106181,26438.240271,14629.079685,9417.880788,0,1.00,100,99d1c7fab316,3510,10
javascript,bytes,message,100,75,json-pack-msgpack,18.28.0,41120,38537,12660,79657,24319.066148,25949.087890,12553.824523,0,1.00,100,99d1c7fab316,3511,11
javascript,bytes,message,100,75,protobuf-es,2.12.1,213456,150300,4841,363756,4684.806236,6653.359947,2749.095548,0,1.00,100,99d1c7fab316,3512,12
javascript,bytes,message,100,75,@msgpack/msgpack,3.1.3,66284,71268,12031,137552,15086.597067,14031.542908,7269.977899,0,1.00,100,99d1c7fab316,3513,13
javascript,bytes,message,100,75,flatbuffers,24.12.23,185217,82099,10404,267316,5399.072439,12180.416327,3740.890931,0,1.00,100,99d1c7fab316,3514,14
javascript,bytes,message,100,75,flexbuffers,24.12.23,735661,509806,14566,1245467,1359.321753,1961.530465,802.911679,0,1.00,100,99d1c7fab316,3515,15
javascript,bytes,message,100,75,sia,2.3.0,260194,135378,15859,395572,3843.286163,7386.724579,2527.984792,0,1.00,100,99d1c7fab316,3516,16
javascript,bytes,message,100,75,fast-json-stringify,6.4.0,64568,47900,16546,112468,15487.548011,20876.826722,8891.418003,0,1.00,100,99d1c7fab316,3517,17
javascript,bytes,message,100,75,protobufjs,7.6.5,51827,68219,5047,120046,19294.962085,14658.672804,8330.140113,0,1.00,100,99d1c7fab316,3518,18
javascript,bytes,message,100,75,bser,2.1.1,140743,144245,14248,284988,7105.149102,6932.649312,3508.919674,0,1.00,100,99d1c7fab316,3519,19
javascript,bytes,message,100,76,bson,6.10.4,81705,87473,14057,169178,12239.153051,11432.099048,5910.934046,0,1.00,100,99d1c7fab316,3520,0
javascript,bytes,message,100,76,protobuf-es,2.12.1,201335,134579,4841,335914,4966.846301,7430.579808,2976.952434,0,1.00,100,99d1c7fab316,3521,1
javascript,bytes,message,100,76,JSON.stringify,node-24.15.0,43035,43470,16546,86505,23236.900198,23004.370830,11560.025432,0,1.00,100,99d1c7fab316,3522,2
javascript,bytes,message,100,76,bebop,3.2.3,44918,88576,15859,133494,22262.789973,11289.739884,7490.973377,0,1.00,100,99d1c7fab316,3523,3
javascript,bytes,message,100,76,sia,2.3.0,263111,132943,15859,396054,3800.677281,7522.020716,2524.908220,0,1.00,100,99d1c7fab316,3524,4
javascript,bytes,message,100,76,msgpackr,1.12.1,37278,66798,12231,104076,26825.473470,14970.508099,9608.363119,0,1.00,100,99d1c7fab316,3525,5
javascript,bytes,message,100,76,simdjson-parse+JSON.stringify,0.9.2,36568,150700,16546,187268,27346.313717,6635.700066,5339.940620,0,1.00,100,99d1c7fab316,3526,6
javascript,bytes,message,100,76,fast-json-stringify,6.4.0,55487,40104,16546,95591,18022.239443,24935.168562,10461.235890,0,1.00,100,99d1c7fab316,3527,7
javascript,bytes,message,100,76,protobufjs,7.6.5,47280,57035,5047,104315,21150.592217,17533.093714,9586.349039,0,1.00,100,99d1c7fab316,3528,8
javascript,bytes,message,100,76,v8-serializer,v8-13.6.233.17-node.48,34976,49053,12955,84029,28591.033852,20386.112980,11900.653346,0,1.00,100,99d1c7fab316,3529,9
javascript,bytes,message,100,76,json-pack-msgpack,18.28.0,38272,38279,12660,76551,26128.762542,26123.984430,13063.186634,0,1.00,100,99d1c7fab316,3530,10
javascript,bytes,message,100,76,@msgpack/msgpack,3.1.3,63631,54566,12031,118197,15715.610316,18326.430378,8460.451619,0,1.00,100,99d1c7fab316,3531,11
javascript,bytes,message,100,76,cbor-x,1.6.4,30305,36530,5206,66835,32997.855139,27374.760471,14962.220394,0,1.00,100,99d1c7fab316,3532,12
javascript,bytes,message,100,76,devalue,5.8.1,222260,78463,18552,300723,4499.235130,12744.860635,3325.319314,0,1.00,100,99d1c7fab316,3533,13
javascript,bytes,message,100,76,avsc,5.7.9,125496,85122,4051,210618,7968.381462,11747.844271,4747.932275,0,1.00,100,99d1c7fab316,3534,14
javascript,bytes,message,100,76,flatbuffers,24.12.23,743893,79460,10404,823353,1344.279352,12584.948402,1214.545887,0,1.00,100,99d1c7fab316,3535,15
javascript,bytes,message,100,76,google-protobuf,3.21.4,1190,43912,5047,45102,840336.134454,22772.818364,22171.965766,0,1.00,100,99d1c7fab316,3536,16
javascript,bytes,message,100,76,bser,2.1.1,242543,152317,14248,394860,4122.980255,6565.255356,2532.543180,0,1.00,100,99d1c7fab316,3537,17
javascript,bytes,message,100,76,flexbuffers,24.12.23,744638,528944,14566,1273582,1342.934419,1890.559303,785.186977,0,1.00,100,99d1c7fab316,3538,18
javascript,bytes,message,100,76,cbor,9.0.2,452874,593433,12030,1046307,2208.119698,1685.110198,955.742435,0,1.00,100,99d1c7fab316,3539,19
javascript,bytes,message,100,77,protobuf-es,2.12.1,276063,154735,4841,430798,3622.361562,6462.661970,2321.273544,0,1.00,100,99d1c7fab316,3540,0
javascript,bytes,message,100,77,simdjson-parse+JSON.stringify,0.9.2,57529,202462,16546,259991,17382.537503,4939.198467,3846.286987,0,1.00,100,99d1c7fab316,3541,1
javascript,bytes,message,100,77,sia,2.3.0,305816,137597,15859,443413,3269.940095,7267.600311,2255.233834,0,1.00,100,99d1c7fab316,3542,2
javascript,bytes,message,100,77,avsc,5.7.9,168244,101919,4051,270163,5943.748365,9811.713223,3701.469113,0,1.00,100,99d1c7fab316,3543,3
javascript,bytes,message,100,77,bser,2.1.1,151390,149526,14248,300916,6605.456107,6687.800115,3323.186537,0,1.00,100,99d1c7fab316,3544,4
javascript,bytes,message,100,77,bebop,3.2.3,52673,90241,15859,142914,18985.058759,11081.437484,6997.215108,0,1.00,100,99d1c7fab316,3545,5
javascript,bytes,message,100,77,msgpackr,1.12.1,71333,71992,12231,143325,14018.757097,13890.432270,6977.149834,0,1.00,100,99d1c7fab316,3546,6
javascript,bytes,message,100,77,bson,6.10.4,92864,96160,14057,189024,10768.435562,10399.334443,5290.333503,0,1.00,100,99d1c7fab316,3547,7
javascript,bytes,message,100,77,fast-json-stringify,6.4.0,83843,58018,16546,141861,11927.054137,17236.030198,7049.153749,0,1.00,100,99d1c7fab316,3548,8
javascript,bytes,message,100,77,v8-serializer,v8-13.6.233.17-node.48,44378,54677,12955,99055,22533.687863,18289.225817,10095.401545,0,1.00,100,99d1c7fab316,3549,9
javascript,bytes,message,100,77,JSON.stringify,node-24.15.0,40762,38665,16546,79427,24532.652961,25863.183758,12590.177144,0,1.00,100,99d1c7fab316,3550,10
javascript,bytes,message,100,77,google-protobuf,3.21.4,1132,48342,5047,49474,883392.226148,20685.945968,20212.636941,0,1.00,100,99d1c7fab316,3551,11
javascript,bytes,message,100,77,flexbuffers,24.12.23,835932,556480,14566,1392412,1196.269553,1797.009776,718.178240,0,1.00,100,99d1c7fab316,3552,12
javascript,bytes,message,100,77,json-pack-msgpack,18.28.0,42591,46819,12660,89410,23479.138785,21358.850040,11184.431272,0,1.00,100,99d1c7fab316,3553,13
javascript,bytes,message,100,77,cbor-x,1.6.4,49503,60966,5206,110469,20200.795911,16402.585047,9052.313319,0,1.00,100,99d1c7fab316,3554,14
javascript,bytes,message,100,77,devalue,5.8.1,295050,111076,18552,406126,3389.256058,9002.844899,2462.290028,0,1.00,100,99d1c7fab316,3555,15
javascript,bytes,message,100,77,cbor,9.0.2,519880,570711,12030,1090591,1923.520812,1752.200326,916.934029,0,1.00,100,99d1c7fab316,3556,16
javascript,bytes,message,100,77,flatbuffers,24.12.23,212553,114138,10404,326691,4704.708943,8761.324011,3060.996477,0,1.00,100,99d1c7fab316,3557,17
javascript,bytes,message,100,77,protobufjs,7.6.5,54518,78472,5047,132990,18342.565758,12743.398919,7519.362358,0,1.00,100,99d1c7fab316,3558,18
javascript,bytes,message,100,77,@msgpack/msgpack,3.1.3,118279,87875,12031,206154,8454.586190,11379.800853,4850.742649,0,1.00,100,99d1c7fab316,3559,19
javascript,bytes,message,100,78,google-protobuf,3.21.4,1906,74811,5047,76717,524658.971668,13367.018219,13034.920552,0,1.00,100,99d1c7fab316,3560,0
javascript,bytes,message,100,78,flexbuffers,24.12.23,1477804,517157,14566,1994961,676.679722,1933.648776,501.262932,0,1.00,100,99d1c7fab316,3561,1
javascript,bytes,message,100,78,devalue,5.8.1,294710,104788,18552,399498,3393.166163,9543.077452,2503.141443,0,1.00,100,99d1c7fab316,3562,2
javascript,bytes,message,100,78,flatbuffers,24.12.23,188662,83257,10404,271919,5300.484464,12011.002078,3677.565746,0,1.00,100,99d1c7fab316,3563,3
javascript,bytes,message,100,78,bson,6.10.4,87951,104025,14057,191976,11369.967368,9613.073780,5208.984456,0,1.00,100,99d1c7fab316,3564,4
javascript,bytes,message,100,78,protobufjs,7.6.5,66451,84653,5047,151104,15048.682488,11812.930434,6617.958492,0,1.00,100,99d1c7fab316,3565,5
javascript,bytes,message,100,78,avsc,5.7.9,171795,122129,4051,293924,5820.891178,8188.063441,3402.240035,0,1.00,100,99d1c7fab316,3566,6
javascript,bytes,message,100,78,bebop,3.2.3,49950,91956,15859,141906,20020.020020,10874.766193,7046.918383,0,1.00,100,99d1c7fab316,3567,7
javascript,bytes,message,100,78,protobuf-es,2.12.1,223412,207560,4841,430972,4476.035307,4817.883985,2320.336356,0,1.00,100,99d1c7fab316,3568,8
javascript,bytes,message,100,78,cbor,9.0.2,489251,917383,12030,1406634,2043.940636,1090.057261,710.916983,0,1.00,100,99d1c7fab316,3569,9
javascript,bytes,message,100,78,@msgpack/msgpack,3.1.3,155794,57054,12031,212848,6418.732429,17527.254881,4698.188379,0,1.00,100,99d1c7fab316,3570,10
javascript,bytes,message,100,78,v8-serializer,v8-13.6.233.17-node.48,88175,55570,12955,143745,11341.083073,17995.321216,6956.763714,0,1.00,100,99d1c7fab316,3571,11
javascript,bytes,message,100,78,json-pack-msgpack,18.28.0,41098,40608,12660,81706,24332.084286,24625.689519,12239.003256,0,1.00,100,99d1c7fab316,3572,12
javascript,bytes,message,100,78,sia,2.3.0,308233,135737,15859,443970,3244.298956,7367.188018,2252.404442,0,1.00,100,99d1c7fab316,3573,13
javascript,bytes,message,100,78,msgpackr,1.12.1,53348,78754,12231,132102,18744.845168,12697.767732,7569.908101,0,1.00,100,99d1c7fab316,3574,14
javascript,bytes,message,100,78,simdjson-parse+JSON.stringify,0.9.2,44204,155962,16546,200166,22622.387114,6411.818263,4995.853442,0,1.00,100,99d1c7fab316,3575,15
javascript,bytes,message,100,78,JSON.stringify,node-24.15.0,33501,54445,16546,87946,29849.855228,18367.159519,11370.613786,0,1.00,100,99d1c7fab316,3576,16
javascript,bytes,message,100,78,fast-json-stringify,6.4.0,70163,36335,16546,106498,14252.526260,27521.673318,9389.847697,0,1.00,100,99d1c7fab316,3577,17
javascript,bytes,message,100,78,bser,2.1.1,190247,143278,14248,333525,5256.324673,6979.438574,2998.275991,0,1.00,100,99d1c7fab316,3578,18
javascript,bytes,message,100,78,cbor-x,1.6.4,31274,72225,5206,103499,31975.442860,13845.621322,9661.929101,0,1.00,100,99d1c7fab316,3579,19
javascript,bytes,message,100,79,cbor-x,1.6.4,28710,23573,5206,52283,34831.069314,42421.414330,19126.675975,0,1.00,100,99d1c7fab316,3580,0
javascript,bytes,message,100,79,google-protobuf,3.21.4,1298,46494,5047,47792,770416.024653,21508.151589,20924.004017,0,1.00,100,99d1c7fab316,3581,1
javascript,bytes,message,100,79,json-pack-msgpack,18.28.0,46510,39565,12660,86075,21500.752526,25274.864148,11617.775196,0,1.00,100,99d1c7fab316,3582,2
javascript,bytes,message,100,79,sia,2.3.0,263779,143276,15859,407055,3791.052358,6979.536000,2456.670475,0,1.00,100,99d1c7fab316,3583,3
javascript,bytes,message,100,79,v8-serializer,v8-13.6.233.17-node.48,39215,61346,12955,100561,25500.446258,16300.981319,9944.212965,0,1.00,100,99d1c7fab316,3584,4
javascript,bytes,message,100,79,protobuf-es,2.12.1,235658,157357,4841,393015,4243.437524,6354.976264,2544.432146,0,1.00,100,99d1c7fab316,3585,5
javascript,bytes,message,100,79,protobufjs,7.6.5,66943,90069,5047,157012,14938.081652,11102.599118,6368.939954,0,1.00,100,99d1c7fab316,3586,6
javascript,bytes,message,100,79,bson,6.10.4,94804,142313,14057,237117,10548.078140,7026.764948,4217.327311,0,1.00,100,99d1c7fab316,3587,7
javascript,bytes,message,100,79,bebop,3.2.3,59478,116928,15859,176406,16812.939238,8552.271483,5668.741426,0,1.00,100,99d1c7fab316,3588,8
javascript,bytes,message,100,79,fast-json-stringify,6.4.0,114584,69511,16546,184095,8727.221951,14386.212254,5431.978055,0,1.00,100,99d1c7fab316,3589,9
javascript,bytes,message,100,79,simdjson-parse+JSON.stringify,0.9.2,57429,211913,16546,269342,17412.805377,4718.917669,3712.751817,0,1.00,100,99d1c7fab316,3590,10
javascript,bytes,message,100,79,JSON.stringify,node-24.15.0,39486,49012,16546,88498,25325.431799,20403.166571,11299.690388,0,1.00,100,99d1c7fab316,3591,11
javascript,bytes,message,100,79,flatbuffers,24.12.23,244651,85218,10404,329869,4087.455191,11734.610059,3031.506446,0,1.00,100,99d1c7fab316,3592,12
javascript,bytes,message,100,79,flexbuffers,24.12.23,848017,552034,14566,1400051,1179.221643,1811.482626,714.259695,0,1.00,100,99d1c7fab316,3593,13
javascript,bytes,message,100,79,avsc,5.7.9,146138,99304,4051,245442,6842.847172,10070.087811,4074.282315,0,1.00,100,99d1c7fab316,3594,14
javascript,bytes,message,100,79,msgpackr,1.12.1,38976,70294,12231,109270,25656.814450,14225.965232,9151.642720,0,1.00,100,99d1c7fab316,3595,15
javascript,bytes,message,100,79,bser,2.1.1,138573,132172,14248,270745,7216.413010,7565.898980,3693.512346,0,1.00,100,99d1c7fab316,3596,16
javascript,bytes,message,100,79,cbor,9.0.2,444431,566122,12030,1010553,2250.068065,1766.403708,989.557203,0,1.00,100,99d1c7fab316,3597,17
javascript,bytes,message,100,79,@msgpack/msgpack,3.1.3,67358,61041,12031,128399,14846.046498,16382.431480,7788.222650,0,1.00,100,99d1c7fab316,3598,18
javascript,bytes,message,100,79,devalue,5.8.1,269204,90448,18552,359652,3714.655057,11056.076420,2780.465561,0,1.00,100,99d1c7fab316,3599,19
javascript,bytes,message,100,80,bser,2.1.1,137731,140068,14248,277799,7260.529583,7139.389439,3599.724981,0,1.00,100,99d1c7fab316,3600,0
javascript,bytes,message,100,80,msgpackr,1.12.1,41475,94141,12231,135616,24110.910187,10622.364326,7373.761208,0,1.00,100,99d1c7fab316,3601,1
javascript,bytes,message,100,80,avsc,5.7.9,139717,96782,4051,236499,7157.325164,10332.499845,4228.347689,0,1.00,100,99d1c7fab316,3602,2
javascript,bytes,message,100,80,flexbuffers,24.12.23,743767,490850,14566,1234617,1344.507084,2037.282265,809.967788,0,1.00,100,99d1c7fab316,3603,3
javascript,bytes,message,100,80,cbor-x,1.6.4,31489,37436,5206,68925,31757.121535,26712.255583,14508.523758,0,1.00,100,99d1c7fab316,3604,4
javascript,bytes,message,100,80,devalue,5.8.1,226824,76126,18552,302950,4408.704546,13136.116439,3300.874732,0,1.00,100,99d1c7fab316,3605,5
javascript,bytes,message,100,80,protobuf-es,2.12.1,207631,138782,4841,346413,4816.236496,7205.545388,2886.727692,0,1.00,100,99d1c7fab316,3606,6
javascript,bytes,message,100,80,bson,6.10.4,77591,95047,14057,172638,12888.092691,10521.110608,5792.467475,0,1.00,100,99d1c7fab316,3607,7
javascript,bytes,message,100,80,bebop,3.2.3,45703,84960,15859,130663,21880.401724,11770.244821,7653.275985,0,1.00,100,99d1c7fab316,3608,8
javascript,bytes,message,100,80,google-protobuf,3.21.4,861,43777,5047,44638,1161440.185830,22843.045435,22402.437385,0,1.00,100,99d1c7fab316,3609,9
javascript,bytes,message,100,80,protobufjs,7.6.5,54548,70968,5047,125516,18332.477818,14090.857851,7967.111763,0,1.00,100,99d1c7fab316,3610,10
javascript,bytes,message,100,80,cbor,9.0.2,447225,560709,12030,1007934,2236.010956,1783.456303,992.128453,0,1.00,100,99d1c7fab316,3611,11
javascript,bytes,message,100,80,simdjson-parse+JSON.stringify,0.9.2,48973,161374,16546,210347,20419.414780,6196.785108,4754.049261,0,1.00,100,99d1c7fab316,3612,12
javascript,bytes,message,100,80,flatbuffers,24.12.23,176509,78752,10404,255261,5665.433491,12698.090207,3917.558891,0,1.00,100,99d1c7fab316,3613,13
javascript,bytes,message,100,80,fast-json-stringify,6.4.0,75587,46488,16546,122075,13229.788191,21510.927551,8191.685439,0,1.00,100,99d1c7fab316,3614,14
javascript,bytes,message,100,80,@msgpack/msgpack,3.1.3,61553,55573,12031,117126,16246.161844,17994.349774,8537.813978,0,1.00,100,99d1c7fab316,3615,15
javascript,bytes,message,100,80,JSON.stringify,node-24.15.0,36893,36558,16546,73451,27105.412951,27353.793971,13614.518523,0,1.00,100,99d1c7fab316,3616,16
javascript,bytes,message,100,80,json-pack-msgpack,18.28.0,40125,41771,12660,81896,24922.118380,23940.054105,12210.608577,0,1.00,100,99d1c7fab316,3617,17
javascript,bytes,message,100,80,v8-serializer,v8-13.6.233.17-node.48,41321,52486,12955,93807,24200.769584,19052.699768,10660.185274,0,1.00,100,99d1c7fab316,3618,18
javascript,bytes,message,100,80,sia,2.3.0,249063,138211,15859,387274,4015.048401,7235.314121,2582.151138,0,1.00,100,99d1c7fab316,3619,19
javascript,bytes,message,100,81,fast-json-stringify,6.4.0,62265,42252,16546,104517,16060.387055,23667.518697,9567.821503,0,1.00,100,99d1c7fab316,3620,0
javascript,bytes,message,100,81,protobufjs,7.6.5,420825,64335,5047,485160,2376.284679,15543.638766,2061.175695,0,1.00,100,99d1c7fab316,3621,1
javascript,bytes,message,100,81,cbor,9.0.2,682612,603322,12030,1285934,1464.961061,1657.489699,777.644887,0,1.00,100,99d1c7fab316,3622,2
javascript,bytes,message,100,81,v8-serializer,v8-13.6.233.17-node.48,46404,53291,12955,99695,21549.866391,18764.894635,10030.593310,0,1.00,100,99d1c7fab316,3623,3
javascript,bytes,message,100,81,flexbuffers,24.12.23,786371,507047,14566,1293418,1271.664393,1972.203760,773.145263,0,1.00,100,99d1c7fab316,3624,4
javascript,bytes,message,100,81,JSON.stringify,node-24.15.0,47783,50253,16546,98036,20927.945085,19899.309494,10200.334571,0,1.00,100,99d1c7fab316,3625,5
javascript,bytes,message,100,81,devalue,5.8.1,238736,78030,18552,316766,4188.727297,12815.583750,3156.904466,0,1.00,100,99d1c7fab316,3626,6
javascript,bytes,message,100,81,@msgpack/msgpack,3.1.3,66839,56595,12031,123434,14961.324975,17669.405425,8101.495536,0,1.00,100,99d1c7fab316,3627,7
javascript,bytes,message,100,81,msgpackr,1.12.1,39100,73483,12231,112583,25575.447570,13608.589742,8882.335699,0,1.00,100,99d1c7fab316,3628,8
javascript,bytes,message,100,81,bson,6.10.4,79066,89934,14057,169000,12647.661447,11119.265239,5917.159763,0,1.00,100,99d1c7fab316,3629,9
javascript,bytes,message,100,81,json-pack-msgpack,18.28.0,41620,41679,12660,83299,24026.910139,23992.898102,12004.946038,0,1.00,100,99d1c7fab316,3630,10
javascript,bytes,message,100,81,google-protobuf,3.21.4,826,46645,5047,47471,1210653.753027,21438.525029,21065.492617,0,1.00,100,99d1c7fab316,3631,11
javascript,bytes,message,100,81,sia,2.3.0,277867,146321,15859,424188,3598.844051,6834.288995,2357.445284,0,1.00,100,99d1c7fab316,3632,12
javascript,bytes,message,100,81,bser,2.1.1,150566,139624,14248,290190,6641.605675,7162.092477,3446.018126,0,1.00,100,99d1c7fab316,3633,13
javascript,bytes,message,100,81,protobuf-es,2.12.1,240265,149270,4841,389535,4162.071047,6699.269780,2567.163413,0,1.00,100,99d1c7fab316,3634,14
javascript,bytes,message,100,81,bebop,3.2.3,49394,89176,15859,138570,20245.373932,11213.779492,7216.569243,0,1.00,100,99d1c7fab316,3635,15
javascript,bytes,message,100,81,avsc,5.7.9,152540,100047,4051,252587,6555.657532,9995.302208,3959.031938,0,1.00,100,99d1c7fab316,3636,16
javascript,bytes,message,100,81,cbor-x,1.6.4,33892,48049,5206,81941,29505.488021,20812.087661,12203.902808,0,1.00,100,99d1c7fab316,3637,17
javascript,bytes,message,100,81,simdjson-parse+JSON.stringify,0.9.2,44051,180822,16546,224873,22700.960251,5530.300517,4446.954503,0,1.00,100,99d1c7fab316,3638,18
javascript,bytes,message,100,81,flatbuffers,24.12.23,203360,86672,10404,290032,4917.387884,11537.751523,3447.895405,0,1.00,100,99d1c7fab316,3639,19
javascript,bytes,message,100,82,avsc,5.7.9,143635,95690,4051,239325,6962.091412,10450.412791,4178.418469,0,1.00,100,99d1c7fab316,3640,0
javascript,bytes,message,100,82,cbor,9.0.2,472366,615045,12030,1087411,2117.002494,1625.897292,919.615490,0,1.00,100,99d1c7fab316,3641,1
javascript,bytes,message,100,82,msgpackr,1.12.1,40266,72724,12231,112990,24834.848259,13750.618778,8850.340738,0,1.00,100,99d1c7fab316,3642,2
javascript,bytes,message,100,82,bser,2.1.1,150109,140105,14248,290214,6661.825740,7137.504015,3445.733149,0,1.00,100,99d1c7fab316,3643,3
javascript,bytes,message,100,82,bson,6.10.4,87170,99827,14057,186997,11471.836641,10017.329981,5347.679375,0,1.00,100,99d1c7fab316,3644,4
javascript,bytes,message,100,82,@msgpack/msgpack,3.1.3,72397,64953,12031,137350,13812.727047,15395.747694,7280.669822,0,1.00,100,99d1c7fab316,3645,5
javascript,bytes,message,100,82,cbor-x,1.6.4,35307,53277,5206,88584,28322.995440,18769.825628,11288.720311,0,1.00,100,99d1c7fab316,3646,6
javascript,bytes,message,100,82,v8-serializer,v8-13.6.233.17-node.48,54167,60583,12955,114750,18461.424853,16506.280640,8714.596950,0,1.00,100,99d1c7fab316,3647,7
javascript,bytes,message,100,82,fast-json-stringify,6.4.0,110632,70964,16546,181596,9038.976065,14091.652105,5506.729223,0,1.00,100,99d1c7fab316,3648,8
javascript,bytes,message,100,82,sia,2.3.0,292600,157709,15859,450309,3417.634997,6340.792219,2220.697343,0,1.00,100,99d1c7fab316,3649,9
javascript,bytes,message,100,82,google-protobuf,3.21.4,1825,53218,5047,55043,547945.205479,18790.634748,18167.614411,0,1.00,100,99d1c7fab316,3650,10
javascript,bytes,message,100,82,bebop,3.2.3,53899,95508,15859,149407,18553.219911,10470.327093,6693.126828,0,1.00,100,99d1c7fab316,3651,11
javascript,bytes,message,100,82,flatbuffers,24.12.23,196659,84394,10404,281053,5084.943989,11849.183591,3558.047770,0,1.00,100,99d1c7fab316,3652,12
javascript,bytes,message,100,82,JSON.stringify,node-24.15.0,51686,54936,16546,106622,19347.598963,18202.999854,9378.927426,0,1.00,100,99d1c7fab316,3653,13
javascript,bytes,message,100,82,json-pack-msgpack,18.28.0,48020,43270,12660,91290,20824.656393,23110.700254,10954.102311,0,1.00,100,99d1c7fab316,3654,14
javascript,bytes,message,100,82,protobuf-es,2.12.1,225667,153551,4841,379218,4431.308078,6512.494220,2637.005627,0,1.00,100,99d1c7fab316,3655,15
javascript,bytes,message,100,82,protobufjs,7.6.5,56601,81746,5047,138347,17667.532376,12233.014459,7228.201551,0,1.00,100,99d1c7fab316,3656,16
javascript,bytes,message,100,82,devalue,5.8.1,303590,91593,18552,395183,3293.916137,10917.864902,2530.473224,0,1.00,100,99d1c7fab316,3657,17
javascript,bytes,message,100,82,simdjson-parse+JSON.stringify,0.9.2,44289,176187,16546,220476,22578.969947,5675.787657,4535.641068,0,1.00,100,99d1c7fab316,3658,18
javascript,bytes,message,100,82,flexbuffers,24.12.23,820917,593687,14566,1414604,1218.149947,1684.389249,706.911616,0,1.00,100,99d1c7fab316,3659,19
javascript,bytes,message,100,83,cbor,9.0.2,446894,585726,12030,1032620,2237.667098,1707.282928,968.410451,0,1.00,100,99d1c7fab316,3660,0
javascript,bytes,message,100,83,JSON.stringify,node-24.15.0,46710,53228,16546,99938,21408.691929,18787.104531,10006.203846,0,1.00,100,99d1c7fab316,3661,1
javascript,bytes,message,100,83,protobufjs,7.6.5,53074,128669,5047,181743,18841.617364,7771.879785,5502.275191,0,1.00,100,99d1c7fab316,3662,2
javascript,bytes,message,100,83,simdjson-parse+JSON.stringify,0.9.2,41601,157922,16546,199523,24037.883705,6332.239967,5011.953509,0,1.00,100,99d1c7fab316,3663,3
javascript,bytes,message,100,83,msgpackr,1.12.1,50121,529598,12231,579719,19951.716845,1888.224653,1724.973651,0,1.00,100,99d1c7fab316,3664,4
javascript,bytes,message,100,83,@msgpack/msgpack,3.1.3,362194,69237,12031,431431,2760.951313,14443.144561,2317.867747,0,1.00,100,99d1c7fab316,3665,5
javascript,bytes,message,100,83,flexbuffers,24.12.23,913909,541507,14566,1455416,1094.200845,1846.698196,687.088777,0,1.00,100,99d1c7fab316,3666,6
javascript,bytes,message,100,83,json-pack-msgpack,18.28.0,47027,43803,12660,90830,21264.380037,22829.486565,11009.578333,0,1.00,100,99d1c7fab316,3667,7
javascript,bytes,message,100,83,sia,2.3.0,287506,153347,15859,440853,3478.188281,6521.157897,2268.329806,0,1.00,100,99d1c7fab316,3668,8
javascript,bytes,message,100,83,fast-json-stringify,6.4.0,79615,53937,16546,133552,12560.447152,18540.148692,7487.720139,0,1.00,100,99d1c7fab316,3669,9
javascript,bytes,message,100,83,v8-serializer,v8-13.6.233.17-node.48,41517,57561,12955,99078,24086.518775,17372.873995,10093.057995,0,1.00,100,99d1c7fab316,3670,10
javascript,bytes,message,100,83,protobuf-es,2.12.1,238801,196171,4841,434972,4187.587154,5097.593426,2298.998556,0,1.00,100,99d1c7fab316,3671,11
javascript,bytes,message,100,83,cbor-x,1.6.4,41673,51459,5206,93132,23996.352554,19432.946618,10737.447923,0,1.00,100,99d1c7fab316,3672,12
javascript,bytes,message,100,83,devalue,5.8.1,273425,91366,18552,364791,3657.310048,10944.990478,2741.295701,0,1.00,100,99d1c7fab316,3673,13
javascript,bytes,message,100,83,bson,6.10.4,88021,110220,14057,198241,11360.925234,9072.763564,5044.365192,0,1.00,100,99d1c7fab316,3674,14
javascript,bytes,message,100,83,bebop,3.2.3,52693,96488,15859,149181,18977.852846,10363.983086,6703.266502,0,1.00,100,99d1c7fab316,3675,15
javascript,bytes,message,100,83,bser,2.1.1,161596,192068,14248,353664,6188.271987,5206.489368,2827.542526,0,1.00,100,99d1c7fab316,3676,16
javascript,bytes,message,100,83,flatbuffers,24.12.23,250894,121204,10404,372098,3985.746969,8250.552787,2687.464055,0,1.00,100,99d1c7fab316,3677,17
javascript,bytes,message,100,83,google-protobuf,3.21.4,2195,65774,5047,67969,455580.865604,15203.575881,14712.589563,0,1.00,100,99d1c7fab316,3678,18
javascript,bytes,message,100,83,avsc,5.7.9,186464,115277,4051,301741,5362.965505,8674.757324,3314.100503,0,1.00,100,99d1c7fab316,3679,19
javascript,bytes,message,100,84,sia,2.3.0,315856,163962,15859,479818,3165.999696,6098.974153,2084.123564,0,1.00,100,99d1c7fab316,3680,0
javascript,bytes,message,100,84,protobufjs,7.6.5,86222,108290,5047,194512,11597.968036,9234.463016,5141.070988,0,1.00,100,99d1c7fab316,3681,1
javascript,bytes,message,100,84,msgpackr,1.12.1,47841,106587,12231,154428,20902.573107,9382.007187,6475.509623,0,1.00,100,99d1c7fab316,3682,2
javascript,bytes,message,100,84,devalue,5.8.1,403954,108403,18552,512357,2475.529392,9224.836951,1951.764102,0,1.00,100,99d1c7fab316,3683,3
javascript,bytes,message,100,84,bebop,3.2.3,55894,98646,15859,154540,17891.007979,10137.258480,6470.816617,0,1.00,100,99d1c7fab316,3684,4
javascript,bytes,message,100,84,cbor-x,1.6.4,41171,59587,5206,100758,24288.941245,16782.184033,9924.770242,0,1.00,100,99d1c7fab316,3685,5
javascript,bytes,message,100,84,simdjson-parse+JSON.stringify,0.9.2,52966,191157,16546,244123,18880.036250,5231.302019,4096.295720,0,1.00,100,99d1c7fab316,3686,6
javascript,bytes,message,100,84,flatbuffers,24.12.23,225210,97920,10404,323130,4440.300164,10212.418301,3094.729675,0,1.00,100,99d1c7fab316,3687,7
javascript,bytes,message,100,84,flexbuffers,24.12.23,980038,847991,14566,1828029,1020.368598,1179.257799,547.037273,0,1.00,100,99d1c7fab316,3688,8
javascript,bytes,message,100,84,json-pack-msgpack,18.28.0,55390,44809,12660,100199,18053.800325,22316.945257,9980.139522,0,1.00,100,99d1c7fab316,3689,9
javascript,bytes,message,100,84,@msgpack/msgpack,3.1.3,83196,63819,12031,147015,12019.808645,15669.314781,6802.027004,0,1.00,100,99d1c7fab316,3690,10
javascript,bytes,message,100,84,bser,2.1.1,163546,209391,14248,372937,6114.487667,4775.754450,2681.418041,0,1.00,100,99d1c7fab316,3691,11
javascript,bytes,message,100,84,avsc,5.7.9,277319,162141,4051,439460,3605.955596,6167.471522,2275.519956,0,1.00,100,99d1c7fab316,3692,12
javascript,bytes,message,100,84,google-protobuf,3.21.4,1702,48047,5047,49749,587544.065805,20812.953983,20100.906551,0,1.00,100,99d1c7fab316,3693,13
javascript,bytes,message,100,84,fast-json-stringify,6.4.0,92615,46636,16546,139251,10797.387032,21442.662321,7181.276975,0,1.00,100,99d1c7fab316,3694,14
javascript,bytes,message,100,84,JSON.stringify,node-24.15.0,40071,39911,16546,79982,24955.703626,25055.749042,12502.813133,0,1.00,100,99d1c7fab316,3695,15
javascript,bytes,message,100,84,cbor,9.0.2,771871,683951,12030,1455822,1295.553273,1462.093045,686.897162,0,1.00,100,99d1c7fab316,3696,16
javascript,bytes,message,100,84,v8-serializer,v8-13.6.233.17-node.48,51857,68641,12955,120498,19283.799680,14568.552323,8298.892928,0,1.00,100,99d1c7fab316,3697,17
javascript,bytes,message,100,84,protobuf-es,2.12.1,438634,172173,4841,610807,2279.805031,5808.111609,1637.178356,0,1.00,100,99d1c7fab316,3698,18
javascript,bytes,message,100,84,bson,6.10.4,96948,110027,14057,206975,10314.807938,9088.678234,4831.501389,0,1.00,100,99d1c7fab316,3699,19
javascript,bytes,message,100,85,fast-json-stringify,6.4.0,106323,144640,16546,250963,9405.302710,6913.716814,3984.651124,0,1.00,100,99d1c7fab316,3700,0
javascript,bytes,message,100,85,bebop,3.2.3,91761,182747,15859,274508,10897.876004,5472.046053,3642.881082,0,1.00,100,99d1c7fab316,3701,1
javascript,bytes,message,100,85,cbor-x,1.6.4,64944,62600,5206,127544,15397.881252,15974.440895,7840.431537,0,1.00,100,99d1c7fab316,3702,2
javascript,bytes,message,100,85,bson,6.10.4,91177,98685,14057,189862,10967.678252,10133.252267,5266.983388,0,1.00,100,99d1c7fab316,3703,3
javascript,bytes,message,100,85,devalue,5.8.1,298350,98802,18552,397152,3351.768058,10121.252606,2517.927645,0,1.00,100,99d1c7fab316,3704,4
javascript,bytes,message,100,85,msgpackr,1.12.1,42118,87676,12231,129794,23742.817798,11405.629819,7704.516388,0,1.00,100,99d1c7fab316,3705,5
javascript,bytes,message,100,85,cbor,9.0.2,730516,659481,12030,1389997,1368.895411,1516.343913,719.426013,0,1.00,100,99d1c7fab316,3706,6
javascript,bytes,message,100,85,JSON.stringify,node-24.15.0,57513,59511,16546,117024,17387.373290,16803.616138,8545.255674,0,1.00,100,99d1c7fab316,3707,7
javascript,bytes,message,100,85,avsc,5.7.9,142416,99421,4051,241837,7021.682957,10058.237193,4135.016561,0,1.00,100,99d1c7fab316,3708,8
javascript,bytes,message,100,85,v8-serializer,v8-13.6.233.17-node.48,65714,107344,12955,173058,15217.457467,9315.844388,5778.409551,0,1.00,100,99d1c7fab316,3709,9
javascript,bytes,message,100,85,sia,2.3.0,413700,156270,15859,569970,2417.210539,6399.180905,1754.478306,0,1.00,100,99d1c7fab316,3710,10
javascript,bytes,message,100,85,json-pack-msgpack,18.28.0,48738,49148,12660,97886,20517.871066,20346.707903,10215.965511,0,1.00,100,99d1c7fab316,3711,11
javascript,bytes,message,100,85,flatbuffers,24.12.23,197133,90048,10404,287181,5072.717404,11105.188344,3482.124514,0,1.00,100,99d1c7fab316,3712,12
javascript,bytes,message,100,85,flexbuffers,24.12.23,1997631,611241,14566,2608872,500.592952,1636.015909,383.307422,0,1.00,100,99d1c7fab316,3713,13
javascript,bytes,message,100,85,protobufjs,7.6.5,60982,81779,5047,142761,16398.281460,12228.078113,7004.714173,0,1.00,100,99d1c7fab316,3714,14
javascript,bytes,message,100,85,protobuf-es,2.12.1,248500,154585,4841,403085,4024.144869,6468.932950,2480.866319,0,1.00,100,99d1c7fab316,3715,15
javascript,bytes,message,100,85,bser,2.1.1,163115,149682,14248,312797,6130.644024,6680.830026,3196.961608,0,1.00,100,99d1c7fab316,3716,16
javascript,bytes,message,100,85,google-protobuf,3.21.4,1483,50138,5047,51621,674308.833446,19944.951933,19371.961024,0,1.00,100,99d1c7fab316,3717,17
javascript,bytes,message,100,85,simdjson-parse+JSON.stringify,0.9.2,53428,186433,16546,239861,18716.777720,5363.857257,4169.081260,0,1.00,100,99d1c7fab316,3718,18
javascript,bytes,message,100,85,@msgpack/msgpack,3.1.3,70836,65243,12031,136079,14117.115591,15327.314808,7348.672462,0,1.00,100,99d1c7fab316,3719,19
javascript,bytes,message,100,86,fast-json-stringify,6.4.0,95449,75537,16546,170986,10476.799128,13238.545349,5848.432035,0,1.00,100,99d1c7fab316,3720,0
javascript,bytes,message,100,86,cbor-x,1.6.4,37053,47703,5206,84756,26988.368013,20963.042157,11798.574732,0,1.00,100,99d1c7fab316,3721,1
javascript,bytes,message,100,86,msgpackr,1.12.1,44176,74770,12231,118946,22636.725824,13374.348001,8407.176366,0,1.00,100,99d1c7fab316,3722,2
javascript,bytes,message,100,86,protobufjs,7.6.5,66865,81747,5047,148612,14955.507366,12232.864815,6728.931715,0,1.00,100,99d1c7fab316,3723,3
javascript,bytes,message,100,86,devalue,5.8.1,345016,137276,18552,482292,2898.416305,7284.594539,2073.432692,0,1.00,100,99d1c7fab316,3724,4
javascript,bytes,message,100,86,json-pack-msgpack,18.28.0,49651,42479,12660,92130,20140.581257,23541.043810,10854.227722,0,1.00,100,99d1c7fab316,3725,5
javascript,bytes,message,100,86,bebop,3.2.3,53861,89091,15859,142952,18566.309575,11224.478342,6995.355084,0,1.00,100,99d1c7fab316,3726,6
javascript,bytes,message,100,86,protobuf-es,2.12.1,270199,158308,4841,428507,3700.975947,6316.800162,2333.684164,0,1.00,100,99d1c7fab316,3727,7
javascript,bytes,message,100,86,bser,2.1.1,155223,153496,14248,308719,6442.344240,6514.827748,3239.191627,0,1.00,100,99d1c7fab316,3728,8
javascript,bytes,message,100,86,google-protobuf,3.21.4,1899,53981,5047,55880,526592.943655,18525.036587,17895.490336,0,1.00,100,99d1c7fab316,3729,9
javascript,bytes,message,100,86,cbor,9.0.2,484465,568533,12030,1052998,2064.132600,1758.912851,949.669420,0,1.00,100,99d1c7fab316,3730,10
javascript,bytes,message,100,86,flatbuffers,24.12.23,226277,80388,10404,306665,4419.362109,12439.667612,3260.887287,0,1.00,100,99d1c7fab316,3731,11
javascript,bytes,message,100,86,v8-serializer,v8-13.6.233.17-node.48,43163,53171,12955,96334,23167.991103,18807.244551,10380.551000,0,1.00,100,99d1c7fab316,3732,12
javascript,bytes,message,100,86,bson,6.10.4,83281,91276,14057,174557,12007.540736,10955.782462,5728.787731,0,1.00,100,99d1c7fab316,3733,13
javascript,bytes,message,100,86,@msgpack/msgpack,3.1.3,68410,59217,12031,127627,14617.745944,16887.042572,7835.332649,0,1.00,100,99d1c7fab316,3734,14
javascript,bytes,message,100,86,avsc,5.7.9,154376,128101,4051,282477,6477.690833,7806.340310,3540.111230,0,1.00,100,99d1c7fab316,3735,15
javascript,bytes,message,100,86,flexbuffers,24.12.23,819228,519920,14566,1339148,1220.661403,1923.372827,746.743452,0,1.00,100,99d1c7fab316,3736,16
javascript,bytes,message,100,86,simdjson-parse+JSON.stringify,0.9.2,45426,205822,16546,251248,22013.824682,4858.567111,3980.131185,0,1.00,100,99d1c7fab316,3737,17
javascript,bytes,message,100,86,sia,2.3.0,272369,138174,15859,410543,3671.489780,7237.251581,2435.798443,0,1.00,100,99d1c7fab316,3738,18
javascript,bytes,message,100,86,JSON.stringify,node-24.15.0,37348,54149,16546,91497,26775.195459,18467.561728,10929.320087,0,1.00,100,99d1c7fab316,3739,19
javascript,bytes,message,100,87,protobufjs,7.6.5,54550,79972,5047,134522,18331.805683,12504.376532,7433.728312,0,1.00,100,99d1c7fab316,3740,0
javascript,bytes,message,100,87,protobuf-es,2.12.1,224617,146460,4841,371077,4452.022777,6827.802813,2694.858480,0,1.00,100,99d1c7fab316,3741,1
javascript,bytes,message,100,87,json-pack-msgpack,18.28.0,41093,41256,12660,82349,24335.044898,24238.898584,12143.438293,0,1.00,100,99d1c7fab316,3742,2
javascript,bytes,message,100,87,simdjson-parse+JSON.stringify,0.9.2,39137,172331,16546,211468,25551.268620,5802.786498,4728.847864,0,1.00,100,99d1c7fab316,3743,3
javascript,bytes,message,100,87,fast-json-stringify,6.4.0,80478,55130,16546,135608,12425.756107,18138.944313,7374.196213,0,1.00,100,99d1c7fab316,3744,4
javascript,bytes,message,100,87,flatbuffers,24.12.23,180080,77708,10404,257788,5553.087517,12868.687909,3879.156516,0,1.00,100,99d1c7fab316,3745,5
javascript,bytes,message,100,87,google-protobuf,3.21.4,1663,53165,5047,54828,601322.910403,18809.367065,18238.856059,0,1.00,100,99d1c7fab316,3746,6
javascript,bytes,message,100,87,bser,2.1.1,145079,143051,14248,288130,6892.796339,6990.513873,3470.655607,0,1.00,100,99d1c7fab316,3747,7
javascript,bytes,message,100,87,flexbuffers,24.12.23,838144,531300,14566,1369444,1193.112401,1882.175795,730.223361,0,1.00,100,99d1c7fab316,3748,8
javascript,bytes,message,100,87,v8-serializer,v8-13.6.233.17-node.48,65903,84807,12955,150710,15173.816063,11791.479477,6635.259770,0,1.00,100,99d1c7fab316,3749,9
javascript,bytes,message,100,87,cbor,9.0.2,478703,637977,12030,1116680,2088.977926,1567.454626,895.511695,0,1.00,100,99d1c7fab316,3750,10
javascript,bytes,message,100,87,avsc,5.7.9,163584,102169,4051,265753,6113.067293,9787.704685,3762.892611,0,1.00,100,99d1c7fab316,3751,11
javascript,bytes,message,100,87,cbor-x,1.6.4,37226,48543,5206,85769,26862.945253,20600.292524,11659.224195,0,1.00,100,99d1c7fab316,3752,12
javascript,bytes,message,100,87,@msgpack/msgpack,3.1.3,64895,58127,12031,123022,15409.507666,17203.709120,8128.627400,0,1.00,100,99d1c7fab316,3753,13
javascript,bytes,message,100,87,sia,2.3.0,267270,174129,15859,441399,3741.534778,5742.868793,2265.523936,0,1.00,100,99d1c7fab316,3754,14
javascript,bytes,message,100,87,msgpackr,1.12.1,40311,73221,12231,113532,24807.124606,13657.284112,8808.089349,0,1.00,100,99d1c7fab316,3755,15
javascript,bytes,message,100,87,bebop,3.2.3,49832,87503,15859,137335,20067.426553,11428.179605,7281.465031,0,1.00,100,99d1c7fab316,3756,16
javascript,bytes,message,100,87,devalue,5.8.1,828223,139236,18552,967459,1207.404286,7182.050619,1033.635534,0,1.00,100,99d1c7fab316,3757,17
javascript,bytes,message,100,87,bson,6.10.4,143537,98506,14057,242043,6966.844786,10151.665888,4131.497296,0,1.00,100,99d1c7fab316,3758,18
javascript,bytes,message,100,87,JSON.stringify,node-24.15.0,155741,52625,16546,208366,6420.916778,19002.375297,4799.247478,0,1.00,100,99d1c7fab316,3759,19
javascript,bytes,message,100,88,sia,2.3.0,308005,172480,15859,480485,3246.700541,5797.773655,2081.230423,0,1.00,100,99d1c7fab316,3760,0
javascript,bytes,message,100,88,bson,6.10.4,75823,90046,14057,165869,13188.610316,11105.435000,6028.854096,0,1.00,100,99d1c7fab316,3761,1
javascript,bytes,message,100,88,protobuf-es,2.12.1,232027,157304,4841,389331,4309.843251,6357.117429,2568.508544,0,1.00,100,99d1c7fab316,3762,2
javascript,bytes,message,100,88,json-pack-msgpack,18.28.0,43332,43112,12660,86444,23077.633158,23195.398033,11568.182870,0,1.00,100,99d1c7fab316,3763,3
javascript,bytes,message,100,88,avsc,5.7.9,149113,93411,4051,242524,6706.323392,10705.377311,4123.303261,0,1.00,100,99d1c7fab316,3764,4
javascript,bytes,message,100,88,msgpackr,1.12.1,37220,71903,12231,109123,26867.275658,13907.625551,9163.970932,0,1.00,100,99d1c7fab316,3765,5
javascript,bytes,message,100,88,protobufjs,7.6.5,56608,74361,5047,130969,17665.347654,13447.909522,7635.394635,0,1.00,100,99d1c7fab316,3766,6
javascript,bytes,message,100,88,bser,2.1.1,145505,148241,14248,293746,6872.616061,6745.772087,3404.301676,0,1.00,100,99d1c7fab316,3767,7
javascript,bytes,message,100,88,bebop,3.2.3,49612,85951,15859,135563,20156.413771,11634.535957,7376.644070,0,1.00,100,99d1c7fab316,3768,8
javascript,bytes,message,100,88,cbor-x,1.6.4,32076,48754,5206,80830,31175.957102,20511.137548,12371.644192,0,1.00,100,99d1c7fab316,3769,9
javascript,bytes,message,100,88,fast-json-stringify,6.4.0,94572,49808,16546,144380,10573.954236,20077.096049,6926.167059,0,1.00,100,99d1c7fab316,3770,10
javascript,bytes,message,100,88,google-protobuf,3.21.4,1334,52187,5047,53521,749625.187406,19161.860233,18684.254778,0,1.00,100,99d1c7fab316,3771,11
javascript,bytes,message,100,88,flatbuffers,24.12.23,209009,85481,10404,294490,4784.482965,11698.506101,3395.701042,0,1.00,100,99d1c7fab316,3772,12
javascript,bytes,message,100,88,flexbuffers,24.12.23,795965,529581,14566,1325546,1256.336648,1888.285267,754.406109,0,1.00,100,99d1c7fab316,3773,13
javascript,bytes,message,100,88,devalue,5.8.1,275003,90935,18552,365938,3636.323967,10996.865893,2732.703354,0,1.00,100,99d1c7fab316,3774,14
javascript,bytes,message,100,88,@msgpack/msgpack,3.1.3,66097,56528,12031,122625,15129.279695,17690.348146,8154.943935,0,1.00,100,99d1c7fab316,3775,15
javascript,bytes,message,100,88,cbor,9.0.2,445456,558819,12030,1004275,2244.890629,1789.488188,995.743198,0,1.00,100,99d1c7fab316,3776,16
javascript,bytes,message,100,88,v8-serializer,v8-13.6.233.17-node.48,41160,53932,12955,95092,24295.432459,18541.867537,10516.131746,0,1.00,100,99d1c7fab316,3777,17
javascript,bytes,message,100,88,simdjson-parse+JSON.stringify,0.9.2,48576,167929,16546,216505,20586.297760,5954.897606,4618.830974,0,1.00,100,99d1c7fab316,3778,18
javascript,bytes,message,100,88,JSON.stringify,node-24.15.0,34440,42995,16546,77435,29036.004646,23258.518432,12914.056951,0,1.00,100,99d1c7fab316,3779,19
javascript,bytes,message,100,89,avsc,5.7.9,126909,89058,4051,215967,7879.661805,11228.637517,4630.337042,0,1.00,100,99d1c7fab316,3780,0
javascript,bytes,message,100,89,devalue,5.8.1,238553,73124,18552,311677,4191.940575,13675.400689,3208.449773,0,1.00,100,99d1c7fab316,3781,1
javascript,bytes,message,100,89,protobuf-es,2.12.1,219894,141476,4841,361370,4547.645684,7068.336679,2767.246866,0,1.00,100,99d1c7fab316,3782,2
javascript,bytes,message,100,89,msgpackr,1.12.1,40903,68141,12231,109044,24448.084493,14675.452371,9170.610029,0,1.00,100,99d1c7fab316,3783,3
javascript,bytes,message,100,89,flatbuffers,24.12.23,175507,79736,10404,255243,5697.778436,12541.386576,3917.835161,0,1.00,100,99d1c7fab316,3784,4
javascript,bytes,message,100,89,google-protobuf,3.21.4,820,44612,5047,45432,1219512.195122,22415.493589,22010.917415,0,1.00,100,99d1c7fab316,3785,5
javascript,bytes,message,100,89,bser,2.1.1,149097,142980,14248,292077,6707.043066,6993.985173,3423.754695,0,1.00,100,99d1c7fab316,3786,6
javascript,bytes,message,100,89,@msgpack/msgpack,3.1.3,63987,56355,12031,120342,15628.174473,17744.654423,8309.650828,0,1.00,100,99d1c7fab316,3787,7
javascript,bytes,message,100,89,bebop,3.2.3,48286,91559,15859,139845,20709.936628,10921.919200,7150.774071,0,1.00,100,99d1c7fab316,3788,8
javascript,bytes,message,100,89,protobufjs,7.6.5,53032,65875,5047,118907,18856.539448,15180.265655,8409.933814,0,1.00,100,99d1c7fab316,3789,9
javascript,bytes,message,100,89,cbor,9.0.2,429223,566011,12030,995234,2329.791274,1766.750116,1004.788824,0,1.00,100,99d1c7fab316,3790,10
javascript,bytes,message,100,89,fast-json-stringify,6.4.0,71615,46177,16546,117792,13963.555121,21655.802672,8489.540886,0,1.00,100,99d1c7fab316,3791,11
javascript,bytes,message,100,89,v8-serializer,v8-13.6.233.17-node.48,37294,51575,12955,88869,26813.964713,19389.238972,11252.517751,0,1.00,100,99d1c7fab316,3792,12
javascript,bytes,message,100,89,sia,2.3.0,274748,140012,15859,414760,3639.698924,7142.244950,2411.032886,0,1.00,100,99d1c7fab316,3793,13
javascript,bytes,message,100,89,simdjson-parse+JSON.stringify,0.9.2,42780,165260,16546,208040,23375.409070,6051.071040,4806.767929,0,1.00,100,99d1c7fab316,3794,14
javascript,bytes,message,100,89,json-pack-msgpack,18.28.0,62010,40690,12660,102700,16126.431221,24576.062915,9737.098345,0,1.00,100,99d1c7fab316,3795,15
javascript,bytes,message,100,89,flexbuffers,24.12.23,786887,567210,14566,1354097,1270.830500,1763.015462,738.499531,0,1.00,100,99d1c7fab316,3796,16
javascript,bytes,message,100,89,JSON.stringify,node-24.15.0,44262,49390,16546,93652,22592.743211,20247.013565,10677.828557,0,1.00,100,99d1c7fab316,3797,17
javascript,bytes,message,100,89,bson,6.10.4,90880,110948,14057,201828,11003.521127,9013.231424,4954.713915,0,1.00,100,99d1c7fab316,3798,18
javascript,bytes,message,100,89,cbor-x,1.6.4,38410,53330,5206,91740,26034.886748,18751.171948,10900.370613,0,1.00,100,99d1c7fab316,3799,19
javascript,bytes,message,100,90,simdjson-parse+JSON.stringify,0.9.2,38658,195251,16546,233909,25867.866936,5121.612693,4275.166838,0,1.00,100,99d1c7fab316,3800,0
javascript,bytes,message,100,90,bser,2.1.1,157944,143033,14248,300977,6331.357950,6991.393594,3322.513016,0,1.00,100,99d1c7fab316,3801,1
javascript,bytes,message,100,90,msgpackr,1.12.1,40083,80680,12231,120763,24948.232418,12394.645513,8280.681997,0,1.00,100,99d1c7fab316,3802,2
javascript,bytes,message,100,90,bson,6.10.4,83476,102284,14057,185760,11979.491111,9776.700168,5383.290267,0,1.00,100,99d1c7fab316,3803,3
javascript,bytes,message,100,90,devalue,5.8.1,291848,93016,18552,384864,3426.441161,10750.838565,2598.320446,0,1.00,100,99d1c7fab316,3804,4
javascript,bytes,message,100,90,bebop,3.2.3,51453,94977,15859,146430,19435.212718,10528.864883,6829.201666,0,1.00,100,99d1c7fab316,3805,5
javascript,bytes,message,100,90,@msgpack/msgpack,3.1.3,68371,64070,12031,132441,14626.084158,15607.928828,7550.531935,0,1.00,100,99d1c7fab316,3806,6
javascript,bytes,message,100,90,protobuf-es,2.12.1,1007806,158561,4841,1166367,992.254462,6306.721073,857.363077,0,1.00,100,99d1c7fab316,3807,7
javascript,bytes,message,100,90,cbor-x,1.6.4,33586,42788,5206,76374,29774.310725,23371.038609,13093.461126,0,1.00,100,99d1c7fab316,3808,8
javascript,bytes,message,100,90,flatbuffers,24.12.23,271786,91495,10404,363281,3679.365383,10929.558992,2752.690066,0,1.00,100,99d1c7fab316,3809,9
javascript,bytes,message,100,90,protobufjs,7.6.5,55719,73416,5047,129135,17947.199340,13621.009044,7743.833972,0,1.00,100,99d1c7fab316,3810,10
javascript,bytes,message,100,90,flexbuffers,24.12.23,805669,508584,14566,1314253,1241.204515,1966.243531,760.888505,0,1.00,100,99d1c7fab316,3811,11
javascript,bytes,message,100,90,google-protobuf,3.21.4,1183,44650,5047,45833,845308.537616,22396.416573,21818.340497,0,1.00,100,99d1c7fab316,3812,12
javascript,bytes,message,100,90,avsc,5.7.9,151364,94922,4051,246286,6606.590735,10534.965551,4060.320116,0,1.00,100,99d1c7fab316,3813,13
javascript,bytes,message,100,90,json-pack-msgpack,18.28.0,40444,39710,12660,80154,24725.546435,25182.573659,12475.983731,0,1.00,100,99d1c7fab316,3814,14
javascript,bytes,message,100,90,cbor,9.0.2,447146,562914,12030,1010060,2236.406006,1776.470296,990.040196,0,1.00,100,99d1c7fab316,3815,15
javascript,bytes,message,100,90,v8-serializer,v8-13.6.233.17-node.48,45989,57196,12955,103185,21744.330166,17483.740122,9691.331104,0,1.00,100,99d1c7fab316,3816,16
javascript,bytes,message,100,90,JSON.stringify,node-24.15.0,45015,53031,16546,98046,22214.817283,18856.895024,10199.294209,0,1.00,100,99d1c7fab316,3817,17
javascript,bytes,message,100,90,fast-json-stringify,6.4.0,95891,41349,16546,137240,10428.507368,24184.381726,7286.505392,0,1.00,100,99d1c7fab316,3818,18
javascript,bytes,message,100,90,sia,2.3.0,281636,143711,15859,425347,3550.682441,6958.409586,2351.021636,0,1.00,100,99d1c7fab316,3819,19
javascript,bytes,message,100,91,json-pack-msgpack,18.28.0,42367,51026,12660,93393,23603.276135,19597.852075,10707.440600,0,1.00,100,99d1c7fab316,3820,0
javascript,bytes,message,100,91,cbor-x,1.6.4,35660,44047,5206,79707,28042.624790,22703.021772,12545.949540,0,1.00,100,99d1c7fab316,3821,1
javascript,bytes,message,100,91,@msgpack/msgpack,3.1.3,67930,61599,12031,129529,14721.036361,16234.029773,7720.278856,0,1.00,100,99d1c7fab316,3822,2
javascript,bytes,message,100,91,cbor,9.0.2,440322,589644,12030,1029966,2271.065266,1695.938566,970.905836,0,1.00,100,99d1c7fab316,3823,3
javascript,bytes,message,100,91,fast-json-stringify,6.4.0,83211,57849,16546,141060,12017.641898,17286.383516,7089.181908,0,1.00,100,99d1c7fab316,3824,4
javascript,bytes,message,100,91,protobufjs,7.6.5,58344,68703,5047,127047,17139.723022,14555.405150,7871.102820,0,1.00,100,99d1c7fab316,3825,5
javascript,bytes,message,100,91,protobuf-es,2.12.1,229957,161032,4841,390989,4348.639093,6209.945849,2557.616710,0,1.00,100,99d1c7fab316,3826,6
javascript,bytes,message,100,91,google-protobuf,3.21.4,1538,48900,5047,50438,650195.058518,20449.897751,19826.321424,0,1.00,100,99d1c7fab316,3827,7
javascript,bytes,message,100,91,msgpackr,1.12.1,41585,84275,12231,125860,24047.132379,11865.915159,7945.336088,0,1.00,100,99d1c7fab316,3828,8
javascript,bytes,message,100,91,flexbuffers,24.12.23,873674,552350,14566,1426024,1144.591690,1810.446275,701.250470,0,1.00,100,99d1c7fab316,3829,9
javascript,bytes,message,100,91,bser,2.1.1,169254,150458,14248,319712,5908.279863,6646.373074,3127.815034,0,1.00,100,99d1c7fab316,3830,10
javascript,bytes,message,100,91,simdjson-parse+JSON.stringify,0.9.2,55989,189282,16546,245271,17860.651199,5283.122537,4077.122856,0,1.00,100,99d1c7fab316,3831,11
javascript,bytes,message,100,91,bebop,3.2.3,52672,90636,15859,143308,18985.419198,11033.143563,6977.977503,0,1.00,100,99d1c7fab316,3832,12
javascript,bytes,message,100,91,v8-serializer,v8-13.6.233.17-node.48,46224,57698,12955,103922,21633.783316,17331.623280,9622.601567,0,1.00,100,99d1c7fab316,3833,13
javascript,bytes,message,100,91,avsc,5.7.9,156553,100701,4051,257254,6387.613141,9930.387980,3887.208751,0,1.00,100,99d1c7fab316,3834,14
javascript,bytes,message,100,91,sia,2.3.0,281527,146300,15859,427827,3552.057174,6835.269993,2337.393386,0,1.00,100,99d1c7fab316,3835,15
javascript,bytes,message,100,91,bson,6.10.4,96899,100127,14057,197026,10320.023942,9987.316109,5075.472273,0,1.00,100,99d1c7fab316,3836,16
javascript,bytes,message,100,91,flatbuffers,24.12.23,186952,83295,10404,270247,5348.966580,12005.522540,3700.318597,0,1.00,100,99d1c7fab316,3837,17
javascript,bytes,message,100,91,JSON.stringify,node-24.15.0,40618,48600,16546,89218,24619.626766,20576.131687,11208.500527,0,1.00,100,99d1c7fab316,3838,18
javascript,bytes,message,100,91,devalue,5.8.1,267375,82339,18552,349714,3740.065451,12144.913103,2859.479460,0,1.00,100,99d1c7fab316,3839,19
javascript,bytes,message,100,92,fast-json-stringify,6.4.0,59059,39566,16546,98625,16932.220322,25274.225345,10139.416984,0,1.00,100,99d1c7fab316,3840,0
javascript,bytes,message,100,92,sia,2.3.0,270672,146831,15859,417503,3694.508483,6810.550905,2395.192370,0,1.00,100,99d1c7fab316,3841,1
javascript,bytes,message,100,92,bson,6.10.4,74660,91565,14057,166225,13394.053040,10921.203517,6015.942247,0,1.00,100,99d1c7fab316,3842,2
javascript,bytes,message,100,92,v8-serializer,v8-13.6.233.17-node.48,34653,76143,12955,110796,28857.530373,13133.183615,9025.596592,0,1.00,100,99d1c7fab316,3843,3
javascript,bytes,message,100,92,msgpackr,1.12.1,43554,70734,12231,114288,22960.003674,14137.472785,8749.825003,0,1.00,100,99d1c7fab316,3844,4
javascript,bytes,message,100,92,simdjson-parse+JSON.stringify,0.9.2,38716,168024,16546,206740,25829.114578,5951.530734,4836.993325,0,1.00,100,99d1c7fab316,3845,5
javascript,bytes,message,100,92,JSON.stringify,node-24.15.0,34547,43059,16546,77606,28946.073465,23223.948536,12885.601629,0,1.00,100,99d1c7fab316,3846,6
javascript,bytes,message,100,92,cbor,9.0.2,450679,595141,12030,1045820,2218.874188,1680.274086,956.187489,0,1.00,100,99d1c7fab316,3847,7
javascript,bytes,message,100,92,devalue,5.8.1,241727,80416,18552,322143,4136.898236,12435.336251,3104.211484,0,1.00,100,99d1c7fab316,3848,8
javascript,bytes,message,100,92,protobufjs,7.6.5,610485,77194,5047,687679,1638.041885,12954.374692,1454.166842,0,1.00,100,99d1c7fab316,3849,9
javascript,bytes,message,100,92,json-pack-msgpack,18.28.0,44255,42299,12660,86554,22596.316800,23641.220833,11553.481064,0,1.00,100,99d1c7fab316,3850,10
javascript,bytes,message,100,92,@msgpack/msgpack,3.1.3,161170,60873,12031,222043,6204.628653,16427.644440,4503.632179,0,1.00,100,99d1c7fab316,3851,11
javascript,bytes,message,100,92,protobuf-es,2.12.1,258706,149646,4841,408352,3865.391603,6682.437219,2448.867644,0,1.00,100,99d1c7fab316,3852,12
javascript,bytes,message,100,92,bser,2.1.1,154604,145839,14248,300443,6468.137952,6856.876419,3328.418369,0,1.00,100,99d1c7fab316,3853,13
javascript,bytes,message,100,92,cbor-x,1.6.4,31772,38664,5206,70436,31474.254060,25863.852679,14197.285479,0,1.00,100,99d1c7fab316,3854,14
javascript,bytes,message,100,92,google-protobuf,3.21.4,1040,45616,5047,46656,961538.461538,21922.132585,21433.470508,0,1.00,100,99d1c7fab316,3855,15
javascript,bytes,message,100,92,bebop,3.2.3,47865,88848,15859,136713,20892.092343,11255.177382,7314.593345,0,1.00,100,99d1c7fab316,3856,16
javascript,bytes,message,100,92,flatbuffers,24.12.23,182782,79218,10404,262000,5470.998238,12623.393673,3816.793893,0,1.00,100,99d1c7fab316,3857,17
javascript,bytes,message,100,92,flexbuffers,24.12.23,807203,564544,14566,1371747,1238.845743,1771.341118,728.997403,0,1.00,100,99d1c7fab316,3858,18
javascript,bytes,message,100,92,avsc,5.7.9,138198,91623,4051,229821,7235.994732,10914.290080,4351.212465,0,1.00,100,99d1c7fab316,3859,19
javascript,bytes,message,100,93,flatbuffers,24.12.23,175302,79021,10404,254323,5704.441478,12654.863897,3932.007722,0,1.00,100,99d1c7fab316,3860,0
javascript,bytes,message,100,93,json-pack-msgpack,18.28.0,41030,41601,12660,82631,24372.410431,24037.883705,12101.995619,0,1.00,100,99d1c7fab316,3861,1
javascript,bytes,message,100,93,protobufjs,7.6.5,50401,64013,5047,114414,19840.876173,15621.826816,8740.189138,0,1.00,100,99d1c7fab316,3862,2
javascript,bytes,message,100,93,devalue,5.8.1,238170,92843,18552,331013,4198.681614,10770.871256,3021.029386,0,1.00,100,99d1c7fab316,3863,3
javascript,bytes,message,100,93,cbor-x,1.6.4,31441,36221,5206,67662,31805.604147,27608.293531,14779.344388,0,1.00,100,99d1c7fab316,3864,4
javascript,bytes,message,100,93,bson,6.10.4,79412,91259,14057,170671,12592.555281,10957.823338,5859.226231,0,1.00,100,99d1c7fab316,3865,5
javascript,bytes,message,100,93,bser,2.1.1,146461,139833,14248,286294,6827.756194,7151.387727,3492.912880,0,1.00,100,99d1c7fab316,3866,6
javascript,bytes,message,100,93,fast-json-stringify,6.4.0,61927,47753,16546,109680,16148.045279,20941.092706,9117.432531,0,1.00,100,99d1c7fab316,3867,7
javascript,bytes,message,100,93,bebop,3.2.3,50647,90780,15859,141427,19744.506091,11015.642212,7070.785635,0,1.00,100,99d1c7fab316,3868,8
javascript,bytes,message,100,93,avsc,5.7.9,136977,92388,4051,229365,7300.495704,10823.916526,4359.863100,0,1.00,100,99d1c7fab316,3869,9
javascript,bytes,message,100,93,JSON.stringify,node-24.15.0,36396,36475,16546,72871,27475.546763,27416.038382,13722.880158,0,1.00,100,99d1c7fab316,3870,10
javascript,bytes,message,100,93,protobuf-es,2.12.1,237864,174006,4841,411870,4204.083005,5746.928267,2427.950567,0,1.00,100,99d1c7fab316,3871,11
javascript,bytes,message,100,93,cbor,9.0.2,496087,596503,12030,1092590,2015.775459,1676.437503,915.256409,0,1.00,100,99d1c7fab316,3872,12
javascript,bytes,message,100,93,simdjson-parse+JSON.stringify,0.9.2,46126,179021,16546,225147,21679.746781,5585.936845,4441.542637,0,1.00,100,99d1c7fab316,3873,13
javascript,bytes,message,100,93,sia,2.3.0,287181,145409,15859,432590,3482.124514,6877.153409,2311.657690,0,1.00,100,99d1c7fab316,3874,14
javascript,bytes,message,100,93,google-protobuf,3.21.4,1467,59832,5047,61299,681663.258350,16713.464367,16313.479828,0,1.00,100,99d1c7fab316,3875,15
javascript,bytes,message,100,93,msgpackr,1.12.1,40693,72248,12231,112941,24574.251100,13841.213598,8854.180501,0,1.00,100,99d1c7fab316,3876,16
javascript,bytes,message,100,93,@msgpack/msgpack,3.1.3,66039,62040,12031,128079,15142.567271,16118.633140,7807.681197,0,1.00,100,99d1c7fab316,3877,17
javascript,bytes,message,100,93,flexbuffers,24.12.23,787091,513501,14566,1300592,1270.501124,1947.415877,768.880633,0,1.00,100,99d1c7fab316,3878,18
javascript,bytes,message,100,93,v8-serializer,v8-13.6.233.17-node.48,41954,54819,12955,96773,23835.629499,18241.850453,10333.460779,0,1.00,100,99d1c7fab316,3879,19
javascript,bytes,message,100,94,flatbuffers,24.12.23,187801,80878,10404,268679,5324.785278,12364.301788,3721.913510,0,1.00,100,99d1c7fab316,3880,0
javascript,bytes,message,100,94,flexbuffers,24.12.23,786830,530109,14566,1316939,1270.922563,1886.404494,759.336613,0,1.00,100,99d1c7fab316,3881,1
javascript,bytes,message,100,94,msgpackr,1.12.1,39761,70253,12231,110014,25150.272880,14234.267576,9089.752213,0,1.00,100,99d1c7fab316,3882,2
javascript,bytes,message,100,94,v8-serializer,v8-13.6.233.17-node.48,32401,50709,12955,83110,30863.244962,19720.365221,12032.246420,0,1.00,100,99d1c7fab316,3883,3
javascript,bytes,message,100,94,avsc,5.7.9,148039,105481,4051,253520,6754.976729,9480.380353,3944.461975,0,1.00,100,99d1c7fab316,3884,4
javascript,bytes,message,100,94,google-protobuf,3.21.4,1107,52759,5047,53866,903342.366757,18954.112095,18564.586195,0,1.00,100,99d1c7fab316,3885,5
javascript,bytes,message,100,94,bson,6.10.4,83248,93598,14057,176846,12012.300596,10683.988974,5654.637368,0,1.00,100,99d1c7fab316,3886,6
javascript,bytes,message,100,94,protobuf-es,2.12.1,219089,148406,4841,367495,4564.355125,6738.272038,2721.125457,0,1.00,100,99d1c7fab316,3887,7
javascript,bytes,message,100,94,simdjson-parse+JSON.stringify,0.9.2,41351,161200,16546,202551,24183.212014,6203.473945,4937.028205,0,1.00,100,99d1c7fab316,3888,8
javascript,bytes,message,100,94,sia,2.3.0,272343,141200,15859,413543,3671.840290,7082.152975,2418.128224,0,1.00,100,99d1c7fab316,3889,9
javascript,bytes,message,100,94,cbor,9.0.2,450287,1083560,12030,1533847,2220.805842,922.883827,651.955508,0,1.00,100,99d1c7fab316,3890,10
javascript,bytes,message,100,94,protobufjs,7.6.5,132138,89580,5047,221718,7567.845737,11163.206073,4510.233720,0,1.00,100,99d1c7fab316,3891,11
javascript,bytes,message,100,94,bebop,3.2.3,141268,92739,15859,234007,7078.743948,10782.949999,4273.376437,0,1.00,100,99d1c7fab316,3892,12
javascript,bytes,message,100,94,fast-json-stringify,6.4.0,170887,67777,16546,238664,5851.820209,14754.267672,4189.990950,0,1.00,100,99d1c7fab316,3893,13
javascript,bytes,message,100,94,JSON.stringify,node-24.15.0,52238,43400,16546,95638,19143.152494,23041.474654,10456.094858,0,1.00,100,99d1c7fab316,3894,14
javascript,bytes,message,100,94,@msgpack/msgpack,3.1.3,69067,64045,12031,133112,14478.694601,15614.021391,7512.470701,0,1.00,100,99d1c7fab316,3895,15
javascript,bytes,message,100,94,json-pack-msgpack,18.28.0,72740,44190,12660,116930,13747.594171,22629.554198,8552.125203,0,1.00,100,99d1c7fab316,3896,16
javascript,bytes,message,100,94,devalue,5.8.1,274510,90347,18552,364857,3642.854541,11068.436141,2740.799820,0,1.00,100,99d1c7fab316,3897,17
javascript,bytes,message,100,94,cbor-x,1.6.4,36462,49152,5206,85614,27425.813175,20345.052083,11680.332656,0,1.00,100,99d1c7fab316,3898,18
javascript,bytes,message,100,94,bser,2.1.1,167285,156818,14248,324103,5977.822279,6376.818988,3085.438888,0,1.00,100,99d1c7fab316,3899,19
javascript,bytes,message,100,95,fast-json-stringify,6.4.0,63981,52097,16546,116078,15629.640049,19194.963242,8614.896880,0,1.00,100,99d1c7fab316,3900,0
javascript,bytes,message,100,95,protobufjs,7.6.5,56683,61211,5047,117894,17641.973784,16336.932904,8482.195871,0,1.00,100,99d1c7fab316,3901,1
javascript,bytes,message,100,95,google-protobuf,3.21.4,1328,60613,5047,61941,753012.048193,16498.110966,16144.395473,0,1.00,100,99d1c7fab316,3902,2
javascript,bytes,message,100,95,json-pack-msgpack,18.28.0,39711,38555,12660,78266,25181.939513,25936.973155,12776.940178,0,1.00,100,99d1c7fab316,3903,3
javascript,bytes,message,100,95,JSON.stringify,node-24.15.0,43612,63603,16546,107215,22929.468953,15722.528812,9327.053118,0,1.00,100,99d1c7fab316,3904,4
javascript,bytes,message,100,95,msgpackr,1.12.1,42157,74670,12231,116827,23720.853002,13392.259274,8559.665146,0,1.00,100,99d1c7fab316,3905,5
javascript,bytes,message,100,95,avsc,5.7.9,133031,93983,4051,227014,7517.044899,10640.222168,4405.014669,0,1.00,100,99d1c7fab316,3906,6
javascript,bytes,message,100,95,simdjson-parse+JSON.stringify,0.9.2,36482,190931,16546,227413,27410.777918,5237.494173,4397.285995,0,1.00,100,99d1c7fab316,3907,7
javascript,bytes,message,100,95,bser,2.1.1,142713,138080,14248,280793,7007.070134,7242.178447,3561.342341,0,1.00,100,99d1c7fab316,3908,8
javascript,bytes,message,100,95,sia,2.3.0,309176,150371,15859,459547,3234.403705,6650.218460,2176.055986,0,1.00,100,99d1c7fab316,3909,9
javascript,bytes,message,100,95,flatbuffers,24.12.23,182669,82136,10404,264805,5474.382626,12174.929385,3776.363739,0,1.00,100,99d1c7fab316,3910,10
javascript,bytes,message,100,95,@msgpack/msgpack,3.1.3,62793,56759,12031,119552,15925.341997,17618.351275,8364.561028,0,1.00,100,99d1c7fab316,3911,11
javascript,bytes,message,100,95,protobuf-es,2.12.1,222815,167650,4841,390465,4488.028185,5964.807635,2561.049006,0,1.00,100,99d1c7fab316,3912,12
javascript,bytes,message,100,95,devalue,5.8.1,244668,84078,18552,328746,4087.171187,11893.717738,3041.862106,0,1.00,100,99d1c7fab316,3913,13
javascript,bytes,message,100,95,bson,6.10.4,80752,92061,14057,172813,12383.594214,10862.362998,5786.601702,0,1.00,100,99d1c7fab316,3914,14
javascript,bytes,message,100,95,flexbuffers,24.12.23,823453,525357,14566,1348810,1214.398393,1903.467547,741.394266,0,1.00,100,99d1c7fab316,3915,15
javascript,bytes,message,100,95,cbor,9.0.2,450564,593913,12030,1044477,2219.440523,1683.748293,957.416966,0,1.00,100,99d1c7fab316,3916,16
javascript,bytes,message,100,95,v8-serializer,v8-13.6.233.17-node.48,42655,55675,12955,98330,23443.910444,17961.383026,10169.836266,0,1.00,100,99d1c7fab316,3917,17
javascript,bytes,message,100,95,bebop,3.2.3,50550,91713,15859,142263,19782.393670,10903.579645,7029.234587,0,1.00,100,99d1c7fab316,3918,18
javascript,bytes,message,100,95,cbor-x,1.6.4,32527,36962,5206,69489,30743.689858,27054.813051,14390.766884,0,1.00,100,99d1c7fab316,3919,19
javascript,bytes,message,100,96,sia,2.3.0,280301,148017,15859,428318,3567.593409,6755.980732,2334.713928,0,1.00,100,99d1c7fab316,3920,0
javascript,bytes,message,100,96,@msgpack/msgpack,3.1.3,65597,61454,12031,127051,15244.599601,16272.333778,7870.855011,0,1.00,100,99d1c7fab316,3921,1
javascript,bytes,message,100,96,cbor,9.0.2,438780,593866,12030,1032646,2279.046447,1683.881549,968.386068,0,1.00,100,99d1c7fab316,3922,2
javascript,bytes,message,100,96,devalue,5.8.1,248741,86039,18552,334780,4020.245959,11622.636246,2987.036263,0,1.00,100,99d1c7fab316,3923,3
javascript,bytes,message,100,96,bson,6.10.4,79735,93542,14057,173277,12541.543864,10690.385068,5771.106379,0,1.00,100,99d1c7fab316,3924,4
javascript,bytes,message,100,96,google-protobuf,3.21.4,942,47310,5047,48252,1061571.125265,21137.180300,20724.529553,0,1.00,100,99d1c7fab316,3925,5
javascript,bytes,message,100,96,cbor-x,1.6.4,28133,30751,5206,58884,35545.444851,32519.267666,16982.541947,0,1.00,100,99d1c7fab316,3926,6
javascript,bytes,message,100,96,protobufjs,7.6.5,55565,65448,5047,121013,17996.940520,15279.305708,8263.574988,0,1.00,100,99d1c7fab316,3927,7
javascript,bytes,message,100,96,v8-serializer,v8-13.6.233.17-node.48,36505,53403,12955,89908,27393.507739,18725.539764,11122.480758,0,1.00,100,99d1c7fab316,3928,8
javascript,bytes,message,100,96,bebop,3.2.3,47652,92111,15859,139763,20985.478049,10856.466654,7154.969484,0,1.00,100,99d1c7fab316,3929,9
javascript,bytes,message,100,96,avsc,5.7.9,146260,103079,4051,249339,6837.139341,9701.297063,4010.604037,0,1.00,100,99d1c7fab316,3930,10
javascript,bytes,message,100,96,fast-json-stringify,6.4.0,54888,42570,16546,97458,18218.918525,23490.721165,10260.830306,0,1.00,100,99d1c7fab316,3931,11
javascript,bytes,message,100,96,protobuf-es,2.12.1,237532,152224,4841,389756,4209.959079,6569.266344,2565.707776,0,1.00,100,99d1c7fab316,3932,12
javascript,bytes,message,100,96,bser,2.1.1,152252,143189,14248,295441,6568.058219,6983.776687,3384.770563,0,1.00,100,99d1c7fab316,3933,13
javascript,bytes,message,100,96,flexbuffers,24.12.23,775900,517599,14566,1293499,1288.825880,1931.997550,773.096848,0,1.00,100,99d1c7fab316,3934,14
javascript,bytes,message,100,96,json-pack-msgpack,18.28.0,41069,41224,12660,82293,24349.265870,24257.713953,12151.701846,0,1.00,100,99d1c7fab316,3935,15
javascript,bytes,message,100,96,flatbuffers,24.12.23,180523,83020,10404,263543,5539.460346,12045.290291,3794.447206,0,1.00,100,99d1c7fab316,3936,16
javascript,bytes,message,100,96,JSON.stringify,node-24.15.0,43176,45185,16546,88361,23161.015379,22131.238243,11317.210081,0,1.00,100,99d1c7fab316,3937,17
javascript,bytes,message,100,96,simdjson-parse+JSON.stringify,0.9.2,35184,165257,16546,200441,28422.010005,6051.180888,4988.999257,0,1.00,100,99d1c7fab316,3938,18
javascript,bytes,message,100,96,msgpackr,1.12.1,39072,70175,12231,109247,25593.775594,14250.089063,9153.569434,0,1.00,100,99d1c7fab316,3939,19
javascript,bytes,message,100,97,cbor-x,1.6.4,29463,30035,5206,59498,33940.874996,33294.489762,16807.287640,0,1.00,100,99d1c7fab316,3940,0
javascript,bytes,message,100,97,JSON.stringify,node-24.15.0,37464,42372,16546,79836,26692.291266,23600.490890,12525.677639,0,1.00,100,99d1c7fab316,3941,1
javascript,bytes,message,100,97,flexbuffers,24.12.23,1471695,524112,14566,1995807,679.488617,1907.989132,501.050452,0,1.00,100,99d1c7fab316,3942,2
javascript,bytes,message,100,97,fast-json-stringify,6.4.0,79896,48260,16546,128156,12516.271152,20721.094074,7802.990106,0,1.00,100,99d1c7fab316,3943,3
javascript,bytes,message,100,97,v8-serializer,v8-13.6.233.17-node.48,35838,52263,12955,88101,27903.342820,19133.995370,11350.608960,0,1.00,100,99d1c7fab316,3944,4
javascript,bytes,message,100,97,protobufjs,7.6.5,54167,65098,5047,119265,18461.424853,15361.455037,8384.689557,0,1.00,100,99d1c7fab316,3945,5
javascript,bytes,message,100,97,bebop,3.2.3,48329,100426,15859,148755,20691.510273,9957.580706,6722.463110,0,1.00,100,99d1c7fab316,3946,6
javascript,bytes,message,100,97,bson,6.10.4,80714,97327,14057,178041,12389.424387,10274.641158,5616.683798,0,1.00,100,99d1c7fab316,3947,7
javascript,bytes,message,100,97,devalue,5.8.1,244308,84476,18552,328784,4093.193837,11837.681708,3041.510536,0,1.00,100,99d1c7fab316,3948,8
javascript,bytes,message,100,97,msgpackr,1.12.1,39737,73001,12231,112738,25165.462919,13698.442487,8870.123650,0,1.00,100,99d1c7fab316,3949,9
javascript,bytes,message,100,97,flatbuffers,24.12.23,184121,82556,10404,266677,5431.210997,12112.989970,3749.854693,0,1.00,100,99d1c7fab316,3950,10
javascript,bytes,message,100,97,sia,2.3.0,309727,147701,15859,457428,3228.649746,6770.434865,2186.136397,0,1.00,100,99d1c7fab316,3951,11
javascript,bytes,message,100,97,cbor,9.0.2,466628,603994,12030,1070622,2143.034709,1655.645586,934.036476,0,1.00,100,99d1c7fab316,3952,12
javascript,bytes,message,100,97,google-protobuf,3.21.4,1201,49040,5047,50241,832639.467111,20391.517129,19904.062419,0,1.00,100,99d1c7fab316,3953,13
javascript,bytes,message,100,97,@msgpack/msgpack,3.1.3,67110,58171,12031,125281,14900.908955,17190.696395,7982.056337,0,1.00,100,99d1c7fab316,3954,14
javascript,bytes,message,100,97,avsc,5.7.9,146341,97607,4051,243948,6833.354972,10245.166843,4099.234263,0,1.00,100,99d1c7fab316,3955,15
javascript,bytes,message,100,97,simdjson-parse+JSON.stringify,0.9.2,38429,165049,16546,203478,26022.014624,6058.806779,4914.536215,0,1.00,100,99d1c7fab316,3956,16
javascript,bytes,message,100,97,bser,2.1.1,149880,148810,14248,298690,6672.004270,6719.978496,3347.952727,0,1.00,100,99d1c7fab316,3957,17
javascript,bytes,message,100,97,protobuf-es,2.12.1,234298,153132,4841,387430,4268.068870,6530.313716,2581.111427,0,1.00,100,99d1c7fab316,3958,18
javascript,bytes,message,100,97,json-pack-msgpack,18.28.0,41213,41699,12660,82912,24264.188484,23981.390441,12060.980316,0,1.00,100,99d1c7fab316,3959,19
javascript,bytes,message,100,98,cbor-x,1.6.4,30212,34389,5206,64601,33099.430690,29079.065980,15479.636538,0,1.00,100,99d1c7fab316,3960,0
javascript,bytes,message,100,98,simdjson-parse+JSON.stringify,0.9.2,45095,178056,16546,223151,22175.407473,5616.210630,4481.270530,0,1.00,100,99d1c7fab316,3961,1
javascript,bytes,message,100,98,flatbuffers,24.12.23,184866,84716,10404,269582,5409.323510,11804.145616,3709.446476,0,1.00,100,99d1c7fab316,3962,2
javascript,bytes,message,100,98,sia,2.3.0,291547,175336,15859,466883,3429.978700,5703.335310,2141.864236,0,1.00,100,99d1c7fab316,3963,3
javascript,bytes,message,100,98,v8-serializer,v8-13.6.233.17-node.48,34537,65627,12955,100164,28954.454643,15237.630853,9983.626852,0,1.00,100,99d1c7fab316,3964,4
javascript,bytes,message,100,98,json-pack-msgpack,18.28.0,44860,58447,12660,103307,22291.573785,17109.518025,9679.886165,0,1.00,100,99d1c7fab316,3965,5
javascript,bytes,message,100,98,msgpackr,1.12.1,41885,70427,12231,112312,23874.895547,14199.099777,8903.768075,0,1.00,100,99d1c7fab316,3966,6
javascript,bytes,message,100,98,bser,2.1.1,150735,141483,14248,292218,6634.159286,7067.986967,3422.102677,0,1.00,100,99d1c7fab316,3967,7
javascript,bytes,message,100,98,@msgpack/msgpack,3.1.3,65617,59900,12031,125517,15239.953061,16694.490818,7967.048288,0,1.00,100,99d1c7fab316,3968,8
javascript,bytes,message,100,98,fast-json-stringify,6.4.0,67151,68643,16546,135794,14891.810993,14568.127850,7364.095615,0,1.00,100,99d1c7fab316,3969,9
javascript,bytes,message,100,98,flexbuffers,24.12.23,795141,538084,14566,1333225,1257.638582,1858.445893,750.060942,0,1.00,100,99d1c7fab316,3970,10
javascript,bytes,message,100,98,protobuf-es,2.12.1,220878,147988,4841,368866,4527.386159,6757.304646,2711.011587,0,1.00,100,99d1c7fab316,3971,11
javascript,bytes,message,100,98,JSON.stringify,node-24.15.0,47342,44996,16546,92338,21122.892991,22224.197706,10829.777556,0,1.00,100,99d1c7fab316,3972,12
javascript,bytes,message,100,98,bebop,3.2.3,49370,89217,15859,138587,20255.215718,11208.626159,7215.684011,0,1.00,100,99d1c7fab316,3973,13
javascript,bytes,message,100,98,devalue,5.8.1,257810,80721,18552,338531,3878.825492,12388.349996,2953.939226,0,1.00,100,99d1c7fab316,3974,14
javascript,bytes,message,100,98,bson,6.10.4,82721,92685,14057,175406,12088.828713,10789.232346,5701.059257,0,1.00,100,99d1c7fab316,3975,15
javascript,bytes,message,100,98,cbor,9.0.2,451790,589689,12030,1041479,2213.417738,1695.809147,960.172985,0,1.00,100,99d1c7fab316,3976,16
javascript,bytes,message,100,98,google-protobuf,3.21.4,1543,46308,5047,47851,648088.139987,21594.540900,20898.204844,0,1.00,100,99d1c7fab316,3977,17
javascript,bytes,message,100,98,protobufjs,7.6.5,56402,69778,5047,126180,17729.867735,14331.164550,7925.186242,0,1.00,100,99d1c7fab316,3978,18
javascript,bytes,message,100,98,avsc,5.7.9,144918,101645,4051,246563,6900.454050,9838.162231,4055.758569,0,1.00,100,99d1c7fab316,3979,19
javascript,bytes,message,100,99,google-protobuf,3.21.4,1159,42685,5047,43844,862812.769629,23427.433525,22808.137944,0,1.00,100,99d1c7fab316,3980,0
javascript,bytes,message,100,99,cbor-x,1.6.4,33471,40692,5206,74163,29876.609602,24574.855008,13483.812683,0,1.00,100,99d1c7fab316,3981,1
javascript,bytes,message,100,99,bser,2.1.1,147843,195777,14248,343620,6763.932009,5107.852301,2910.191491,0,1.00,100,99d1c7fab316,3982,2
javascript,bytes,message,100,99,JSON.stringify,node-24.15.0,42816,58995,16546,101811,23355.754858,16950.589033,9822.121382,0,1.00,100,99d1c7fab316,3983,3
javascript,bytes,message,100,99,json-pack-msgpack,18.28.0,54384,81694,12660,136078,18387.761106,12240.801038,7348.726466,0,1.00,100,99d1c7fab316,3984,4
javascript,bytes,message,100,99,protobuf-es,2.12.1,234193,158438,4841,392631,4269.982450,6311.617163,2546.920646,0,1.00,100,99d1c7fab316,3985,5
javascript,bytes,message,100,99,msgpackr,1.12.1,39632,71504,12231,111136,25232.135648,13985.231595,8997.984451,0,1.00,100,99d1c7fab316,3986,6
javascript,bytes,message,100,99,devalue,5.8.1,255459,83890,18552,339349,3914.522487,11920.371916,2946.818762,0,1.00,100,99d1c7fab316,3987,7
javascript,bytes,message,100,99,flexbuffers,24.12.23,874799,990346,14566,1865145,1143.119734,1009.748108,536.151345,0,1.00,100,99d1c7fab316,3988,8
javascript,bytes,message,100,99,protobufjs,7.6.5,110066,76712,5047,186778,9085.457816,13035.770153,5353.949609,0,1.00,100,99d1c7fab316,3989,9
javascript,bytes,message,100,99,fast-json-stringify,6.4.0,78053,66586,16546,144639,12811.807362,15018.171988,6913.764614,0,1.00,100,99d1c7fab316,3990,10
javascript,bytes,message,100,99,avsc,5.7.9,143245,100234,4051,243479,6981.046459,9976.654628,4107.130389,0,1.00,100,99d1c7fab316,3991,11
javascript,bytes,message,100,99,flatbuffers,24.12.23,344512,89948,10404,434460,2902.656511,11117.534576,2301.707867,0,1.00,100,99d1c7fab316,3992,12
javascript,bytes,message,100,99,bson,6.10.4,87257,105573,14057,192830,11460.398593,9472.118818,5185.915055,0,1.00,100,99d1c7fab316,3993,13
javascript,bytes,message,100,99,sia,2.3.0,288268,141343,15859,429611,3468.994130,7074.987796,2327.687140,0,1.00,100,99d1c7fab316,3994,14
javascript,bytes,message,100,99,cbor,9.0.2,471272,628575,12030,1099847,2121.916855,1590.900052,909.217373,0,1.00,100,99d1c7fab316,3995,15
javascript,bytes,message,100,99,simdjson-parse+JSON.stringify,0.9.2,47837,161942,16546,209779,20904.320923,6175.050327,4766.921379,0,1.00,100,99d1c7fab316,3996,16
javascript,bytes,message,100,99,@msgpack/msgpack,3.1.3,64065,59993,12031,124058,15609.146960,16668.611338,8060.745780,0,1.00,100,99d1c7fab316,3997,17
javascript,bytes,message,100,99,v8-serializer,v8-13.6.233.17-node.48,39065,52242,12955,91307,25598.361705,19141.686765,10952.062821,0,1.00,100,99d1c7fab316,3998,18
javascript,bytes,message,100,99,bebop,3.2.3,47183,87257,15859,134440,21194.074137,11460.398593,7438.262422,0,1.00,100,99d1c7fab316,3999,19
