Language,StringOrStream,TestDataName,Repetitions,RepetitionIndex,SerializerName,SerializerVersion,TimeSer,TimeDeser,Size,TimeSerAndDeser,OpPerSecSer,OpPerSecDeser,OpPerSecSerAndDeser,MemoryPeakBytes,FidelityScore,DataTypeInstanceCount,TypeConfigHash,SizeGzip,SizeZstd,NativeKind,StreamMode,RunOrder,SchedulePosition
python,bytes,message,100,0,msgpack,1.2.1,3877,5279,124,9156,257931.390250,189429.816253,109217.999126,521,1.00,1,99d1c7fab316,124,121,dict,,0,0
python,bytes,message,100,0,rapidjson,1.23,7527,13344,168,20871,132855.055135,74940.047962,47913.372622,1492,1.00,1,99d1c7fab316,138,134,dict,,1,1
python,bytes,message,100,0,serpyco-rs,1.21.0,4745,10050,168,14795,210748.155954,99502.487562,67590.402163,5466,1.00,1,99d1c7fab316,138,134,dataclass,,2,2
python,bytes,message,100,0,pydantic,2.13.4,11937,21471,168,33408,83773.142331,46574.449257,29932.950192,2329,1.00,1,99d1c7fab316,138,134,model,,3,3
python,bytes,message,100,0,msgspec-msgpack,0.21.1,1867,2705,52,4572,535618.639529,369685.767098,218722.659668,312,1.00,1,99d1c7fab316,72,61,struct,,4,4
python,bytes,message,100,0,avro,1.12.2,15079,18361,44,33440,66317.395053,54463.264528,29904.306220,1808,1.00,1,99d1c7fab316,64,53,dict,,5,5
python,bytes,message,100,0,dill,0.4.1,85735,21330,202,107065,11663.847903,46882.325363,9340.120488,10948,1.00,1,99d1c7fab316,194,193,dataclass,,6,6
python,bytes,message,100,0,json,python-3.14.0,13985,13742,168,27727,71505.184126,72769.611410,36065.928517,2329,1.00,1,99d1c7fab316,138,134,dict,,7,7
python,bytes,message,100,0,cbor2,6.1.3,13876,11718,124,25594,72066.878063,85338.795016,39071.657420,908,1.00,1,99d1c7fab316,122,123,dict,,8,8
python,bytes,message,100,0,flatbuffers,25.12.19,52379,17260,104,69639,19091.620688,57937.427578,14359.769669,1162,1.00,1,99d1c7fab316,102,107,dataclass,,9,9
python,bytes,message,100,0,protobuf,7.35.1,6177,6264,50,12441,161890.885543,159642.401022,80379.390724,187,1.00,1,99d1c7fab316,71,59,message,,10,10
python,bytes,message,100,0,orjson,3.11.9,3171,4031,168,7202,315357.931252,248077.400149,138850.319356,5466,1.00,1,99d1c7fab316,138,134,dict,,11,11
python,bytes,message,100,0,mashumaro,3.22,4079,8077,168,12156,245158.126992,123808.344682,82263.902600,5466,1.00,1,99d1c7fab316,138,134,dataclass,,12,12
python,bytes,message,100,0,msgspec,0.21.1,2956,3133,80,6089,338294.993234,319182.891797,164230.579734,351,1.00,1,99d1c7fab316,97,89,struct,,13,13
python,bytes,message,100,0,pickle,python-3.14.0,10538,6747,202,17285,94894.666920,148214.021046,57853.630315,4969,1.00,1,99d1c7fab316,194,193,dataclass,,14,14
python,bytes,message,100,0,cloudpickle,3.1.2,24728,4762,202,29490,40439.987059,209995.800084,33909.799932,8946,1.00,1,99d1c7fab316,194,193,dataclass,,15,15
python,bytes,message,100,1,orjson,3.11.9,2820,2049,168,4869,354609.929078,488042.947779,205380.981721,5466,1.00,1,99d1c7fab316,138,134,dict,,16,0
python,bytes,message,100,1,flatbuffers,25.12.19,42391,10531,104,52922,23589.912953,94957.743804,18895.733343,1162,1.00,1,99d1c7fab316,102,107,dataclass,,17,1
python,bytes,message,100,1,cloudpickle,3.1.2,12728,4281,202,17009,78566.939032,233590.282644,58792.404021,8946,1.00,1,99d1c7fab316,194,193,dataclass,,18,2
python,bytes,message,100,1,msgpack,1.2.1,3022,4250,124,7272,330906.684315,235294.117647,137513.751375,521,1.00,1,99d1c7fab316,124,121,dict,,19,3
python,bytes,message,100,1,json,python-3.14.0,13715,9701,168,23416,72912.869121,103082.156479,42705.842159,2329,1.00,1,99d1c7fab316,138,134,dict,,20,4
python,bytes,message,100,1,avro,1.12.2,12670,7224,44,19894,78926.598264,138427.464009,50266.411984,1808,1.00,1,99d1c7fab316,64,53,dict,,21,5
python,bytes,message,100,1,protobuf,7.35.1,3060,2825,50,5885,326797.385621,353982.300885,169923.534410,187,1.00,1,99d1c7fab316,71,59,message,,22,6
python,bytes,message,100,1,mashumaro,3.22,1968,3913,168,5881,508130.081301,255558.395093,170039.108995,5466,1.00,1,99d1c7fab316,138,134,dataclass,,23,7
python,bytes,message,100,1,rapidjson,1.23,5496,5623,168,11119,181950.509461,177841.010137,89936.145337,1492,1.00,1,99d1c7fab316,138,134,dict,,24,8
python,bytes,message,100,1,pydantic,2.13.4,9714,14247,168,23961,102944.204241,70190.215484,41734.485205,2329,1.00,1,99d1c7fab316,138,134,model,,25,9
python,bytes,message,100,1,pickle,python-3.14.0,5029,4139,202,9168,198846.689203,241604.252235,109075.043630,4969,1.00,1,99d1c7fab316,194,193,dataclass,,26,10
python,bytes,message,100,1,dill,0.4.1,66601,10698,202,77299,15014.789568,93475.415966,12936.777966,10948,1.00,1,99d1c7fab316,194,193,dataclass,,27,11
python,bytes,message,100,1,msgspec,0.21.1,1987,1891,80,3878,503271.263211,528820.729773,257864.878804,351,1.00,1,99d1c7fab316,97,89,struct,,28,12
python,bytes,message,100,1,serpyco-rs,1.21.0,3020,3373,168,6393,331125.827815,296471.983398,156421.085562,5466,1.00,1,99d1c7fab316,138,134,dataclass,,29,13
python,bytes,message,100,1,msgspec-msgpack,0.21.1,899,1083,52,1982,1112347.052280,923361.034164,504540.867810,312,1.00,1,99d1c7fab316,72,61,struct,,30,14
python,bytes,message,100,1,cbor2,6.1.3,10212,6749,124,16961,97924.010967,148170.099274,58958.787807,908,1.00,1,99d1c7fab316,122,123,dict,,31,15
python,bytes,message,100,2,dill,0.4.1,49685,7830,202,57515,20126.798833,127713.920817,17386.768669,10948,1.00,1,99d1c7fab316,194,193,dataclass,,32,0
python,bytes,message,100,2,pydantic,2.13.4,6122,11194,168,17316,163345.311990,89333.571556,57750.057750,2329,1.00,1,99d1c7fab316,138,134,model,,33,1
python,bytes,message,100,2,rapidjson,1.23,4064,3991,168,8055,246062.992126,250563.768479,124146.492862,1492,1.00,1,99d1c7fab316,138,134,dict,,34,2
python,bytes,message,100,2,cbor2,6.1.3,5733,3199,124,8932,174428.745857,312597.686777,111957.008509,908,1.00,1,99d1c7fab316,122,123,dict,,35,3
python,bytes,message,100,2,msgspec-msgpack,0.21.1,876,882,52,1758,1141552.511416,1133786.848073,568828.213879,312,1.00,1,99d1c7fab316,72,61,struct,,36,4
python,bytes,message,100,2,serpyco-rs,1.21.0,1887,2919,168,4806,529941.706412,342583.076396,208073.241781,5466,1.00,1,99d1c7fab316,138,134,dataclass,,37,5
python,bytes,message,100,2,json,python-3.14.0,9296,4604,168,13900,107573.149742,217202.432667,71942.446043,2329,1.00,1,99d1c7fab316,138,134,dict,,38,6
python,bytes,message,100,2,mashumaro,3.22,1659,2816,168,4475,602772.754671,355113.636364,223463.687151,5466,1.00,1,99d1c7fab316,138,134,dataclass,,39,7
python,bytes,message,100,2,pickle,python-3.14.0,4728,3421,202,8149,211505.922166,292312.189418,122714.443490,4969,1.00,1,99d1c7fab316,194,193,dataclass,,40,8
python,bytes,message,100,2,protobuf,7.35.1,2019,1920,50,3939,495294.700347,520833.333333,253871.541000,187,1.00,1,99d1c7fab316,71,59,message,,41,9
python,bytes,message,100,2,msgpack,1.2.1,2241,3173,124,5414,446229.361892,315159.155373,184706.316956,521,1.00,1,99d1c7fab316,124,121,dict,,42,10
python,bytes,message,100,2,cloudpickle,3.1.2,15272,2960,202,18232,65479.308539,337837.837838,54848.617815,8946,1.00,1,99d1c7fab316,194,193,dataclass,,43,11
python,bytes,message,100,2,flatbuffers,25.12.19,29456,7794,104,37250,33948.940793,128303.823454,26845.637584,1162,1.00,1,99d1c7fab316,102,107,dataclass,,44,12
python,bytes,message,100,2,orjson,3.11.9,837,1307,168,2144,1194743.130227,765110.941086,466417.910448,5466,1.00,1,99d1c7fab316,138,134,dict,,45,13
python,bytes,message,100,2,msgspec,0.21.1,1284,1430,80,2714,778816.199377,699300.699301,368459.837878,351,1.00,1,99d1c7fab316,97,89,struct,,46,14
python,bytes,message,100,2,avro,1.12.2,9204,5876,44,15080,108648.413733,170183.798502,66312.997347,1808,1.00,1,99d1c7fab316,64,53,dict,,47,15
python,bytes,message,100,3,cloudpickle,3.1.2,10521,3082,202,13603,95047.999240,324464.633355,73513.195619,8946,1.00,1,99d1c7fab316,194,193,dataclass,,48,0
python,bytes,message,100,3,msgspec-msgpack,0.21.1,833,781,52,1614,1200480.192077,1280409.731114,619578.686493,312,1.00,1,99d1c7fab316,72,61,struct,,49,1
python,bytes,message,100,3,serpyco-rs,1.21.0,1603,2282,168,3885,623830.318153,438212.094654,257400.257400,5466,1.00,1,99d1c7fab316,138,134,dataclass,,50,2
python,bytes,message,100,3,pydantic,2.13.4,5307,9817,168,15124,188430.374976,101864.113273,66120.074054,2329,1.00,1,99d1c7fab316,138,134,model,,51,3
python,bytes,message,100,3,mashumaro,3.22,1420,2568,168,3988,704225.352113,389408.099688,250752.256770,5466,1.00,1,99d1c7fab316,138,134,dataclass,,52,4
python,bytes,message,100,3,msgspec,0.21.1,912,978,80,1890,1096491.228070,1022494.887526,529100.529101,351,1.00,1,99d1c7fab316,97,89,struct,,53,5
python,bytes,message,100,3,msgpack,1.2.1,1712,2357,124,4069,584112.149533,424268.137463,245760.629147,521,1.00,1,99d1c7fab316,124,121,dict,,54,6
python,bytes,message,100,3,dill,0.4.1,54706,8981,202,63687,18279.530582,111346.175259,15701.791574,10948,1.00,1,99d1c7fab316,194,193,dataclass,,55,7
python,bytes,message,100,3,flatbuffers,25.12.19,26364,7660,104,34024,37930.511303,130548.302872,29391.018105,1162,1.00,1,99d1c7fab316,102,107,dataclass,,56,8
python,bytes,message,100,3,orjson,3.11.9,925,1379,168,2304,1081081.081081,725163.161711,434027.777778,5466,1.00,1,99d1c7fab316,138,134,dict,,57,9
python,bytes,message,100,3,pickle,python-3.14.0,5085,3291,202,8376,196656.833825,303859.009420,119388.729704,4969,1.00,1,99d1c7fab316,194,193,dataclass,,58,10
python,bytes,message,100,3,json,python-3.14.0,8529,5264,168,13793,117247.039512,189969.604863,72500.543754,2329,1.00,1,99d1c7fab316,138,134,dict,,59,11
python,bytes,message,100,3,avro,1.12.2,8161,4962,44,13123,122534.003186,201531.640468,76202.087937,1808,1.00,1,99d1c7fab316,64,53,dict,,60,12
python,bytes,message,100,3,rapidjson,1.23,4070,4247,168,8317,245700.245700,235460.324935,120235.661897,1492,1.00,1,99d1c7fab316,138,134,dict,,61,13
python,bytes,message,100,3,cbor2,6.1.3,7433,3841,124,11274,134535.180950,260348.867482,88699.662941,908,1.00,1,99d1c7fab316,122,123,dict,,62,14
python,bytes,message,100,3,protobuf,7.35.1,1746,2326,50,4072,572737.686140,429922.613929,245579.567780,187,1.00,1,99d1c7fab316,71,59,message,,63,15
python,bytes,message,100,4,rapidjson,1.23,2738,2909,168,5647,365230.094960,343760.742523,177085.177971,1492,1.00,1,99d1c7fab316,138,134,dict,,64,0
python,bytes,message,100,4,cloudpickle,3.1.2,14494,3531,202,18025,68994.066510,283205.890683,55478.502080,8946,1.00,1,99d1c7fab316,194,193,dataclass,,65,1
python,bytes,message,100,4,mashumaro,3.22,1539,2944,168,4483,649772.579597,339673.913043,223064.911889,5466,1.00,1,99d1c7fab316,138,134,dataclass,,66,2
python,bytes,message,100,4,avro,1.12.2,6588,4095,44,10683,151791.135398,244200.244200,93606.664795,1808,1.00,1,99d1c7fab316,64,53,dict,,67,3
python,bytes,message,100,4,msgspec,0.21.1,1205,1159,80,2364,829875.518672,862812.769629,423011.844332,351,1.00,1,99d1c7fab316,97,89,struct,,68,4
python,bytes,message,100,4,serpyco-rs,1.21.0,1735,2095,168,3830,576368.876081,477326.968974,261096.605744,5466,1.00,1,99d1c7fab316,138,134,dataclass,,69,5
python,bytes,message,100,4,orjson,3.11.9,523,568,168,1091,1912045.889101,1760563.380282,916590.284143,5466,1.00,1,99d1c7fab316,138,134,dict,,70,6
python,bytes,message,100,4,cbor2,6.1.3,4840,2996,124,7836,206611.570248,333778.371162,127616.130679,908,1.00,1,99d1c7fab316,122,123,dict,,71,7
python,bytes,message,100,4,pickle,python-3.14.0,4497,2940,202,7437,222370.469202,340136.054422,134462.821030,4969,1.00,1,99d1c7fab316,194,193,dataclass,,72,8
python,bytes,message,100,4,dill,0.4.1,49670,7569,202,57239,20132.876988,132117.849121,17470.605706,10948,1.00,1,99d1c7fab316,194,193,dataclass,,73,9
python,bytes,message,100,4,pydantic,2.13.4,5682,10808,168,16490,175994.368180,92524.056255,60642.813827,2329,1.00,1,99d1c7fab316,138,134,model,,74,10
python,bytes,message,100,4,flatbuffers,25.12.19,26302,7475,104,33777,38019.922439,133779.264214,29605.944874,1162,1.00,1,99d1c7fab316,102,107,dataclass,,75,11
python,bytes,message,100,4,json,python-3.14.0,7973,4580,168,12553,125423.303650,218340.611354,79662.232136,2329,1.00,1,99d1c7fab316,138,134,dict,,76,12
python,bytes,message,100,4,msgpack,1.2.1,1965,2822,124,4787,508905.852417,354358.610914,208899.101734,521,1.00,1,99d1c7fab316,124,121,dict,,77,13
python,bytes,message,100,4,msgspec-msgpack,0.21.1,1115,1227,52,2342,896860.986547,814995.925020,426985.482494,312,1.00,1,99d1c7fab316,72,61,struct,,78,14
python,bytes,message,100,4,protobuf,7.35.1,1683,1866,50,3549,594177.064765,535905.680600,281769.512539,187,1.00,1,99d1c7fab316,71,59,message,,79,15
python,bytes,message,100,5,mashumaro,3.22,1591,3806,168,5397,628535.512256,262743.037310,185288.123031,5466,1.00,1,99d1c7fab316,138,134,dataclass,,80,0
python,bytes,message,100,5,serpyco-rs,1.21.0,1672,1921,168,3593,598086.124402,520562.207184,278318.953521,5466,1.00,1,99d1c7fab316,138,134,dataclass,,81,1
python,bytes,message,100,5,protobuf,7.35.1,889,1084,50,1973,1124859.392576,922509.225092,506842.372022,187,1.00,1,99d1c7fab316,71,59,message,,82,2
python,bytes,message,100,5,orjson,3.11.9,602,745,168,1347,1661129.568106,1342281.879195,742390.497402,5466,1.00,1,99d1c7fab316,138,134,dict,,83,3
python,bytes,message,100,5,cloudpickle,3.1.2,14738,4064,202,18802,67851.811643,246062.992126,53185.831295,8946,1.00,1,99d1c7fab316,194,193,dataclass,,84,4
python,bytes,message,100,5,rapidjson,1.23,3762,3516,168,7278,265816.055290,284414.106940,137400.384721,1492,1.00,1,99d1c7fab316,138,134,dict,,85,5
python,bytes,message,100,5,pickle,python-3.14.0,3638,2079,202,5717,274876.305662,481000.481000,174916.914466,4969,1.00,1,99d1c7fab316,194,193,dataclass,,86,6
python,bytes,message,100,5,msgpack,1.2.1,1529,2072,124,3601,654022.236756,482625.482625,277700.638711,521,1.00,1,99d1c7fab316,124,121,dict,,87,7
python,bytes,message,100,5,flatbuffers,25.12.19,23848,6744,104,30592,41932.237504,148279.952550,32688.284519,1162,1.00,1,99d1c7fab316,102,107,dataclass,,88,8
python,bytes,message,100,5,json,python-3.14.0,6972,4826,168,11798,143430.866322,207210.940738,84760.128835,2329,1.00,1,99d1c7fab316,138,134,dict,,89,9
python,bytes,message,100,5,pydantic,2.13.4,4911,6920,168,11831,203624.516392,144508.670520,84523.708900,2329,1.00,1,99d1c7fab316,138,134,model,,90,10
python,bytes,message,100,5,cbor2,6.1.3,6746,3320,124,10066,148235.991699,301204.819277,99344.327439,908,1.00,1,99d1c7fab316,122,123,dict,,91,11
python,bytes,message,100,5,msgspec-msgpack,0.21.1,944,1056,52,2000,1059322.033898,946969.696970,500000.000000,312,1.00,1,99d1c7fab316,72,61,struct,,92,12
python,bytes,message,100,5,dill,0.4.1,51644,8893,202,60537,19363.333592,112447.992803,16518.823199,10948,1.00,1,99d1c7fab316,194,193,dataclass,,93,13
python,bytes,message,100,5,avro,1.12.2,8882,5609,44,14491,112587.255123,178284.899269,69008.350010,1808,1.00,1,99d1c7fab316,64,53,dict,,94,14
python,bytes,message,100,5,msgspec,0.21.1,1288,1222,80,2510,776397.515528,818330.605565,398406.374502,351,1.00,1,99d1c7fab316,97,89,struct,,95,15
python,bytes,message,100,6,rapidjson,1.23,3684,4511,168,8195,271444.082519,221680.336954,122025.625381,1492,1.00,1,99d1c7fab316,138,134,dict,,96,0
python,bytes,message,100,6,protobuf,7.35.1,1603,1640,50,3243,623830.318153,609756.097561,308356.460068,187,1.00,1,99d1c7fab316,71,59,message,,97,1
python,bytes,message,100,6,serpyco-rs,1.21.0,2317,3560,168,5877,431592.576608,280898.876404,170154.840905,5466,1.00,1,99d1c7fab316,138,134,dataclass,,98,2
python,bytes,message,100,6,json,python-3.14.0,8425,6611,168,15036,118694.362018,151263.046438,66507.049747,2329,1.00,1,99d1c7fab316,138,134,dict,,99,3
python,bytes,message,100,6,cbor2,6.1.3,6301,2973,124,9274,158704.967465,336360.578540,107828.337287,908,1.00,1,99d1c7fab316,122,123,dict,,100,4
python,bytes,message,100,6,pydantic,2.13.4,5601,8253,168,13854,178539.546510,121168.060099,72181.319475,2329,1.00,1,99d1c7fab316,138,134,model,,101,5
python,bytes,message,100,6,msgpack,1.2.1,2001,2930,124,4931,499750.124938,341296.928328,202798.620969,521,1.00,1,99d1c7fab316,124,121,dict,,102,6
python,bytes,message,100,6,msgspec-msgpack,0.21.1,887,883,52,1770,1127395.715896,1132502.831257,564971.751412,312,1.00,1,99d1c7fab316,72,61,struct,,103,7
python,bytes,message,100,6,dill,0.4.1,50596,8272,202,58868,19764.408254,120889.748549,16987.157709,10948,1.00,1,99d1c7fab316,194,193,dataclass,,104,8
python,bytes,message,100,6,cloudpickle,3.1.2,15339,3142,202,18481,65193.298129,318268.618714,54109.626102,8946,1.00,1,99d1c7fab316,194,193,dataclass,,105,9
python,bytes,message,100,6,orjson,3.11.9,920,1603,168,2523,1086956.521739,623830.318153,396353.547364,5466,1.00,1,99d1c7fab316,138,134,dict,,106,10
python,bytes,message,100,6,mashumaro,3.22,1443,2614,168,4057,693000.693001,382555.470543,246487.552379,5466,1.00,1,99d1c7fab316,138,134,dataclass,,107,11
python,bytes,message,100,6,pickle,python-3.14.0,3923,2230,202,6153,254906.958960,448430.493274,162522.346823,4969,1.00,1,99d1c7fab316,194,193,dataclass,,108,12
python,bytes,message,100,6,avro,1.12.2,8733,4958,44,13691,114508.187335,201694.231545,73040.683661,1808,1.00,1,99d1c7fab316,64,53,dict,,109,13
python,bytes,message,100,6,msgspec,0.21.1,1187,1190,80,2377,842459.983151,840336.134454,420698.359276,351,1.00,1,99d1c7fab316,97,89,struct,,110,14
python,bytes,message,100,6,flatbuffers,25.12.19,29317,7903,104,37220,34109.902105,126534.227509,26867.275658,1162,1.00,1,99d1c7fab316,102,107,dataclass,,111,15
python,bytes,message,100,7,pydantic,2.13.4,4657,9519,168,14176,214730.513206,105053.051791,70541.760722,2329,1.00,1,99d1c7fab316,138,134,model,,112,0
python,bytes,message,100,7,json,python-3.14.0,7453,3446,168,10899,134174.158057,290191.526407,91751.536838,2329,1.00,1,99d1c7fab316,138,134,dict,,113,1
python,bytes,message,100,7,orjson,3.11.9,710,1272,168,1982,1408450.704225,786163.522013,504540.867810,5466,1.00,1,99d1c7fab316,138,134,dict,,114,2
python,bytes,message,100,7,rapidjson,1.23,3595,3913,168,7508,278164.116829,255558.395093,133191.262653,1492,1.00,1,99d1c7fab316,138,134,dict,,115,3
python,bytes,message,100,7,dill,0.4.1,46798,7863,202,54661,21368.434548,127177.921913,18294.579316,10948,1.00,1,99d1c7fab316,194,193,dataclass,,116,4
python,bytes,message,100,7,cloudpickle,3.1.2,12720,2819,202,15539,78616.352201,354735.721887,64354.205547,8946,1.00,1,99d1c7fab316,194,193,dataclass,,117,5
python,bytes,message,100,7,avro,1.12.2,6747,4220,44,10967,148214.021046,236966.824645,91182.638826,1808,1.00,1,99d1c7fab316,64,53,dict,,118,6
python,bytes,message,100,7,protobuf,7.35.1,1575,1701,50,3276,634920.634921,587889.476778,305250.305250,187,1.00,1,99d1c7fab316,71,59,message,,119,7
python,bytes,message,100,7,serpyco-rs,1.21.0,1956,2601,168,4557,511247.443763,384467.512495,219442.615756,5466,1.00,1,99d1c7fab316,138,134,dataclass,,120,8
python,bytes,message,100,7,flatbuffers,25.12.19,25057,6938,104,31995,39909.007463,144133.756126,31254.883576,1162,1.00,1,99d1c7fab316,102,107,dataclass,,121,9
python,bytes,message,100,7,msgpack,1.2.1,1827,2646,124,4473,547345.374932,377928.949358,223563.603845,521,1.00,1,99d1c7fab316,124,121,dict,,122,10
python,bytes,message,100,7,cbor2,6.1.3,7197,3061,124,10258,138946.783382,326690.623979,97484.889842,908,1.00,1,99d1c7fab316,122,123,dict,,123,11
python,bytes,message,100,7,msgspec-msgpack,0.21.1,974,915,52,1889,1026694.045175,1092896.174863,529380.624669,312,1.00,1,99d1c7fab316,72,61,struct,,124,12
python,bytes,message,100,7,pickle,python-3.14.0,4721,3176,202,7897,211819.529761,314861.460957,126630.365962,4969,1.00,1,99d1c7fab316,194,193,dataclass,,125,13
python,bytes,message,100,7,msgspec,0.21.1,1006,1143,80,2149,994035.785288,874890.638670,465332.712890,351,1.00,1,99d1c7fab316,97,89,struct,,126,14
python,bytes,message,100,7,mashumaro,3.22,1414,3228,168,4642,707213.578501,309789.343247,215424.386040,5466,1.00,1,99d1c7fab316,138,134,dataclass,,127,15
python,bytes,message,100,8,pickle,python-3.14.0,3368,2696,202,6064,296912.114014,370919.881306,164907.651715,4969,1.00,1,99d1c7fab316,194,193,dataclass,,128,0
python,bytes,message,100,8,msgspec-msgpack,0.21.1,600,609,52,1209,1666666.666667,1642036.124795,827129.859388,312,1.00,1,99d1c7fab316,72,61,struct,,129,1
python,bytes,message,100,8,json,python-3.14.0,8143,5949,168,14092,122804.863073,168095.478232,70962.248084,2329,1.00,1,99d1c7fab316,138,134,dict,,130,2
python,bytes,message,100,8,cbor2,6.1.3,4624,2571,124,7195,216262.975779,388953.714508,138985.406532,908,1.00,1,99d1c7fab316,122,123,dict,,131,3
python,bytes,message,100,8,dill,0.4.1,49568,7994,202,57562,20174.306004,125093.820365,17372.572183,10948,1.00,1,99d1c7fab316,194,193,dataclass,,132,4
python,bytes,message,100,8,serpyco-rs,1.21.0,1754,2343,168,4097,570125.427594,426803.243705,244081.034904,5466,1.00,1,99d1c7fab316,138,134,dataclass,,133,5
python,bytes,message,100,8,mashumaro,3.22,1122,2244,168,3366,891265.597148,445632.798574,297088.532383,5466,1.00,1,99d1c7fab316,138,134,dataclass,,134,6
python,bytes,message,100,8,msgpack,1.2.1,1773,2339,124,4112,564015.792442,427533.133818,243190.661479,521,1.00,1,99d1c7fab316,124,121,dict,,135,7
python,bytes,message,100,8,rapidjson,1.23,4081,4116,168,8197,245037.980887,242954.324587,121995.852141,1492,1.00,1,99d1c7fab316,138,134,dict,,136,8
python,bytes,message,100,8,orjson,3.11.9,508,899,168,1407,1968503.937008,1112347.052280,710732.054016,5466,1.00,1,99d1c7fab316,138,134,dict,,137,9
python,bytes,message,100,8,avro,1.12.2,8503,4927,44,13430,117605.550982,202963.263649,74460.163812,1808,1.00,1,99d1c7fab316,64,53,dict,,138,10
python,bytes,message,100,8,protobuf,7.35.1,1583,1592,50,3175,631711.939356,628140.703518,314960.629921,187,1.00,1,99d1c7fab316,71,59,message,,139,11
python,bytes,message,100,8,flatbuffers,25.12.19,28394,7536,104,35930,35218.708178,132696.390658,27831.895352,1162,1.00,1,99d1c7fab316,102,107,dataclass,,140,12
python,bytes,message,100,8,cloudpickle,3.1.2,14504,3526,202,18030,68946.497518,283607.487238,55463.117027,8946,1.00,1,99d1c7fab316,194,193,dataclass,,141,13
python,bytes,message,100,8,msgspec,0.21.1,1341,1221,80,2562,745712.155108,819000.819001,390320.062451,351,1.00,1,99d1c7fab316,97,89,struct,,142,14
python,bytes,message,100,8,pydantic,2.13.4,6336,11567,168,17903,157828.282828,86452.839976,55856.560353,2329,1.00,1,99d1c7fab316,138,134,model,,143,15
python,bytes,message,100,9,msgspec-msgpack,0.21.1,900,754,52,1654,1111111.111111,1326259.946950,604594.921403,312,1.00,1,99d1c7fab316,72,61,struct,,144,0
python,bytes,message,100,9,cloudpickle,3.1.2,10669,3026,202,13695,93729.496673,330469.266358,73019.350128,8946,1.00,1,99d1c7fab316,194,193,dataclass,,145,1
python,bytes,message,100,9,dill,0.4.1,50130,7056,202,57186,19948.134849,141723.356009,17486.797468,10948,1.00,1,99d1c7fab316,194,193,dataclass,,146,2
python,bytes,message,100,9,flatbuffers,25.12.19,26461,6802,104,33263,37791.466687,147015.583652,30063.433845,1162,1.00,1,99d1c7fab316,102,107,dataclass,,147,3
python,bytes,message,100,9,msgpack,1.2.1,1758,2519,124,4277,568828.213879,396982.929734,233808.744447,521,1.00,1,99d1c7fab316,124,121,dict,,148,4
python,bytes,message,100,9,mashumaro,3.22,1508,2759,168,4267,663129.973475,362450.163103,234356.690884,5466,1.00,1,99d1c7fab316,138,134,dataclass,,149,5
python,bytes,message,100,9,pickle,python-3.14.0,3949,2654,202,6603,253228.665485,376789.751319,151446.312282,4969,1.00,1,99d1c7fab316,194,193,dataclass,,150,6
python,bytes,message,100,9,msgspec,0.21.1,1068,1032,80,2100,936329.588015,968992.248062,476190.476190,351,1.00,1,99d1c7fab316,97,89,struct,,151,7
python,bytes,message,100,9,cbor2,6.1.3,6392,3144,124,9536,156445.556946,318066.157761,104865.771812,908,1.00,1,99d1c7fab316,122,123,dict,,152,8
python,bytes,message,100,9,serpyco-rs,1.21.0,1960,1967,168,3927,510204.081633,508388.408744,254647.313471,5466,1.00,1,99d1c7fab316,138,134,dataclass,,153,9
python,bytes,message,100,9,rapidjson,1.23,3614,3875,168,7489,276701.715551,258064.516129,133529.176125,1492,1.00,1,99d1c7fab316,138,134,dict,,154,10
python,bytes,message,100,9,pydantic,2.13.4,4760,8951,168,13711,210084.033613,111719.360965,72934.140471,2329,1.00,1,99d1c7fab316,138,134,model,,155,11
python,bytes,message,100,9,avro,1.12.2,7699,4649,44,12348,129886.998311,215100.021510,80984.774862,1808,1.00,1,99d1c7fab316,64,53,dict,,156,12
python,bytes,message,100,9,json,python-3.14.0,7654,3974,168,11628,130650.640188,251635.631605,85999.312006,2329,1.00,1,99d1c7fab316,138,134,dict,,157,13
python,bytes,message,100,9,protobuf,7.35.1,1611,1677,50,3288,620732.464308,596302.921884,304136.253041,187,1.00,1,99d1c7fab316,71,59,message,,158,14
python,bytes,message,100,9,orjson,3.11.9,701,1146,168,1847,1426533.523538,872600.349040,541418.516513,5466,1.00,1,99d1c7fab316,138,134,dict,,159,15
python,bytes,message,100,10,mashumaro,3.22,1080,2184,168,3264,925925.925926,457875.457875,306372.549020,5466,1.00,1,99d1c7fab316,138,134,dataclass,,160,0
python,bytes,message,100,10,avro,1.12.2,6045,3543,44,9588,165425.971878,282246.683601,104297.037964,1808,1.00,1,99d1c7fab316,64,53,dict,,161,1
python,bytes,message,100,10,pydantic,2.13.4,3831,7560,168,11391,261028.452101,132275.132275,87788.605039,2329,1.00,1,99d1c7fab316,138,134,model,,162,2
python,bytes,message,100,10,protobuf,7.35.1,1040,1115,50,2155,961538.461538,896860.986547,464037.122970,187,1.00,1,99d1c7fab316,71,59,message,,163,3
python,bytes,message,100,10,cbor2,6.1.3,5699,2868,124,8567,175469.380593,348675.034868,116726.975604,908,1.00,1,99d1c7fab316,122,123,dict,,164,4
python,bytes,message,100,10,pickle,python-3.14.0,4595,3369,202,7964,217627.856366,296823.983378,125565.042692,4969,1.00,1,99d1c7fab316,194,193,dataclass,,165,5
python,bytes,message,100,10,json,python-3.14.0,6450,3640,168,10090,155038.759690,274725.274725,99108.027750,2329,1.00,1,99d1c7fab316,138,134,dict,,166,6
python,bytes,message,100,10,cloudpickle,3.1.2,11701,2407,202,14108,85462.780959,415454.923141,70881.769209,8946,1.00,1,99d1c7fab316,194,193,dataclass,,167,7
python,bytes,message,100,10,rapidjson,1.23,3364,3343,168,6707,297265.160523,299132.515704,149097.957358,1492,1.00,1,99d1c7fab316,138,134,dict,,168,8
python,bytes,message,100,10,msgspec-msgpack,0.21.1,1019,920,52,1939,981354.268891,1086956.521739,515729.757607,312,1.00,1,99d1c7fab316,72,61,struct,,169,9
python,bytes,message,100,10,flatbuffers,25.12.19,26476,7550,104,34026,37770.055900,132450.331126,29389.290543,1162,1.00,1,99d1c7fab316,102,107,dataclass,,170,10
python,bytes,message,100,10,dill,0.4.1,49700,8574,202,58274,20120.724346,116631.677164,17160.311631,10948,1.00,1,99d1c7fab316,194,193,dataclass,,171,11
python,bytes,message,100,10,serpyco-rs,1.21.0,2016,2890,168,4906,496031.746032,346020.761246,203832.042397,5466,1.00,1,99d1c7fab316,138,134,dataclass,,172,12
python,bytes,message,100,10,msgpack,1.2.1,2037,2542,124,4579,490918.016691,393391.030685,218388.294387,521,1.00,1,99d1c7fab316,124,121,dict,,173,13
python,bytes,message,100,10,msgspec,0.21.1,1220,1238,80,2458,819672.131148,807754.442649,406834.825061,351,1.00,1,99d1c7fab316,97,89,struct,,174,14
python,bytes,message,100,10,orjson,3.11.9,730,760,168,1490,1369863.013699,1315789.473684,671140.939597,5466,1.00,1,99d1c7fab316,138,134,dict,,175,15
python,bytes,message,100,11,avro,1.12.2,7436,4713,44,12149,134480.903712,212179.079143,82311.301342,1808,1.00,1,99d1c7fab316,64,53,dict,,176,0
python,bytes,message,100,11,serpyco-rs,1.21.0,1216,1603,168,2819,822368.421053,623830.318153,354735.721887,5466,1.00,1,99d1c7fab316,138,134,dataclass,,177,1
python,bytes,message,100,11,pydantic,2.13.4,4992,9999,168,14991,200320.512821,100010.001000,66706.690681,2329,1.00,1,99d1c7fab316,138,134,model,,178,2
python,bytes,message,100,11,cloudpickle,3.1.2,13281,4095,202,17376,75295.534975,244200.244200,57550.644567,8946,1.00,1,99d1c7fab316,194,193,dataclass,,179,3
python,bytes,message,100,11,protobuf,7.35.1,1509,1680,50,3189,662690.523526,595238.095238,313577.924114,187,1.00,1,99d1c7fab316,71,59,message,,180,4
python,bytes,message,100,11,cbor2,6.1.3,6421,3196,124,9617,155738.981467,312891.113892,103982.530935,908,1.00,1,99d1c7fab316,122,123,dict,,181,5
python,bytes,message,100,11,orjson,3.11.9,877,1072,168,1949,1140250.855188,932835.820896,513083.632632,5466,1.00,1,99d1c7fab316,138,134,dict,,182,6
python,bytes,message,100,11,msgpack,1.2.1,1654,1992,124,3646,604594.921403,502008.032129,274273.176083,521,1.00,1,99d1c7fab316,124,121,dict,,183,7
python,bytes,message,100,11,msgspec,0.21.1,1129,1056,80,2185,885739.592560,946969.696970,457665.903890,351,1.00,1,99d1c7fab316,97,89,struct,,184,8
python,bytes,message,100,11,rapidjson,1.23,3264,3589,168,6853,306372.549020,278629.144609,145921.494236,1492,1.00,1,99d1c7fab316,138,134,dict,,185,9
python,bytes,message,100,11,mashumaro,3.22,1324,2638,168,3962,755287.009063,379075.056861,252397.778900,5466,1.00,1,99d1c7fab316,138,134,dataclass,,186,10
python,bytes,message,100,11,flatbuffers,25.12.19,29405,6788,104,36193,34007.821799,147318.797879,27629.652143,1162,1.00,1,99d1c7fab316,102,107,dataclass,,187,11
python,bytes,message,100,11,msgspec-msgpack,0.21.1,839,868,52,1707,1191895.113230,1152073.732719,585823.081429,312,1.00,1,99d1c7fab316,72,61,struct,,188,12
python,bytes,message,100,11,json,python-3.14.0,8175,5295,168,13470,122324.159021,188857.412653,74239.049740,2329,1.00,1,99d1c7fab316,138,134,dict,,189,13
python,bytes,message,100,11,pickle,python-3.14.0,5355,3681,202,9036,186741.363212,271665.308340,110668.437362,4969,1.00,1,99d1c7fab316,194,193,dataclass,,190,14
python,bytes,message,100,11,dill,0.4.1,47940,7336,202,55276,20859.407593,136314.067612,18091.034084,10948,1.00,1,99d1c7fab316,194,193,dataclass,,191,15
python,bytes,message,100,12,rapidjson,1.23,2833,3230,168,6063,352982.703848,309597.523220,164934.850734,1492,1.00,1,99d1c7fab316,138,134,dict,,192,0
python,bytes,message,100,12,cbor2,6.1.3,5694,3108,124,8802,175623.463295,321750.321750,113610.543058,908,1.00,1,99d1c7fab316,122,123,dict,,193,1
python,bytes,message,100,12,msgspec-msgpack,0.21.1,703,633,52,1336,1422475.106686,1579778.830964,748502.994012,312,1.00,1,99d1c7fab316,72,61,struct,,194,2
python,bytes,message,100,12,protobuf,7.35.1,1442,1518,50,2960,693481.276006,658761.528327,337837.837838,187,1.00,1,99d1c7fab316,71,59,message,,195,3
python,bytes,message,100,12,msgpack,1.2.1,1765,2143,124,3908,566572.237960,466635.557629,255885.363357,521,1.00,1,99d1c7fab316,124,121,dict,,196,4
python,bytes,message,100,12,json,python-3.14.0,7118,5281,168,12399,140488.901377,189358.076122,80651.665457,2329,1.00,1,99d1c7fab316,138,134,dict,,197,5
python,bytes,message,100,12,serpyco-rs,1.21.0,1749,2335,168,4084,571755.288736,428265.524625,244857.982370,5466,1.00,1,99d1c7fab316,138,134,dataclass,,198,6
python,bytes,message,100,12,flatbuffers,25.12.19,23888,6716,104,30604,41862.022773,148898.153663,32675.467259,1162,1.00,1,99d1c7fab316,102,107,dataclass,,199,7
python,bytes,message,100,12,cloudpickle,3.1.2,12800,3338,202,16138,78125.000000,299580.587178,61965.547156,8946,1.00,1,99d1c7fab316,194,193,dataclass,,200,8
python,bytes,message,100,12,pickle,python-3.14.0,3708,2144,202,5852,269687.162891,466417.910448,170881.749829,4969,1.00,1,99d1c7fab316,194,193,dataclass,,201,9
python,bytes,message,100,12,msgspec,0.21.1,1094,1052,80,2146,914076.782450,950570.342205,465983.224604,351,1.00,1,99d1c7fab316,97,89,struct,,202,10
python,bytes,message,100,12,dill,0.4.1,44252,6681,202,50933,22597.848685,149678.191887,19633.636346,10948,1.00,1,99d1c7fab316,194,193,dataclass,,203,11
python,bytes,message,100,12,pydantic,2.13.4,5167,9700,168,14867,193535.900910,103092.783505,67263.065851,2329,1.00,1,99d1c7fab316,138,134,model,,204,12
python,bytes,message,100,12,mashumaro,3.22,1418,2910,168,4328,705218.617772,343642.611684,231053.604436,5466,1.00,1,99d1c7fab316,138,134,dataclass,,205,13
python,bytes,message,100,12,orjson,3.11.9,511,712,168,1223,1956947.162427,1404494.382022,817661.488144,5466,1.00,1,99d1c7fab316,138,134,dict,,206,14
python,bytes,message,100,12,avro,1.12.2,8283,5126,44,13409,120729.204395,195083.886071,74576.776792,1808,1.00,1,99d1c7fab316,64,53,dict,,207,15
python,bytes,message,100,13,orjson,3.11.9,422,716,168,1138,2369668.246445,1396648.044693,878734.622144,5466,1.00,1,99d1c7fab316,138,134,dict,,208,0
python,bytes,message,100,13,flatbuffers,25.12.19,23974,6503,104,30477,41711.854509,153775.180686,32811.628441,1162,1.00,1,99d1c7fab316,102,107,dataclass,,209,1
python,bytes,message,100,13,dill,0.4.1,44432,7044,202,51476,22506.301764,141964.792731,19426.528868,10948,1.00,1,99d1c7fab316,194,193,dataclass,,210,2
python,bytes,message,100,13,json,python-3.14.0,7324,5066,168,12390,136537.411251,197394.393999,80710.250202,2329,1.00,1,99d1c7fab316,138,134,dict,,211,3
python,bytes,message,100,13,mashumaro,3.22,1259,2737,168,3996,794281.175536,365363.536719,250250.250250,5466,1.00,1,99d1c7fab316,138,134,dataclass,,212,4
python,bytes,message,100,13,rapidjson,1.23,3408,3339,168,6747,293427.230047,299490.865529,148214.021046,1492,1.00,1,99d1c7fab316,138,134,dict,,213,5
python,bytes,message,100,13,serpyco-rs,1.21.0,1595,2038,168,3633,626959.247649,490677.134446,275254.610515,5466,1.00,1,99d1c7fab316,138,134,dataclass,,214,6
python,bytes,message,100,13,msgspec-msgpack,0.21.1,987,869,52,1856,1013171.225937,1150747.986191,538793.103448,312,1.00,1,99d1c7fab316,72,61,struct,,215,7
python,bytes,message,100,13,avro,1.12.2,7641,4485,44,12126,130872.922392,222965.440357,82467.425367,1808,1.00,1,99d1c7fab316,64,53,dict,,216,8
python,bytes,message,100,13,cloudpickle,3.1.2,14296,3632,202,17928,69949.636262,275330.396476,55778.670237,8946,1.00,1,99d1c7fab316,194,193,dataclass,,217,9
python,bytes,message,100,13,pydantic,2.13.4,4677,9013,168,13690,213812.272824,110950.848774,73046.018992,2329,1.00,1,99d1c7fab316,138,134,model,,218,10
python,bytes,message,100,13,cbor2,6.1.3,6580,3529,124,10109,151975.683891,283366.392746,98921.752893,908,1.00,1,99d1c7fab316,122,123,dict,,219,11
python,bytes,message,100,13,msgspec,0.21.1,1224,1255,80,2479,816993.464052,796812.749004,403388.463090,351,1.00,1,99d1c7fab316,97,89,struct,,220,12
python,bytes,message,100,13,pickle,python-3.14.0,4539,2873,202,7412,220312.844239,348068.221371,134916.351862,4969,1.00,1,99d1c7fab316,194,193,dataclass,,221,13
python,bytes,message,100,13,msgpack,1.2.1,2044,2577,124,4621,489236.790607,388048.117967,216403.375893,521,1.00,1,99d1c7fab316,124,121,dict,,222,14
python,bytes,message,100,13,protobuf,7.35.1,1707,1778,50,3485,585823.081429,562429.696288,286944.045911,187,1.00,1,99d1c7fab316,71,59,message,,223,15
python,bytes,message,100,14,pickle,python-3.14.0,3511,2694,202,6205,284819.139846,371195.248701,161160.354553,4969,1.00,1,99d1c7fab316,194,193,dataclass,,224,0
python,bytes,message,100,14,mashumaro,3.22,1396,2767,168,4163,716332.378223,361402.240694,240211.386020,5466,1.00,1,99d1c7fab316,138,134,dataclass,,225,1
python,bytes,message,100,14,protobuf,7.35.1,752,892,50,1644,1329787.234043,1121076.233184,608272.506083,187,1.00,1,99d1c7fab316,71,59,message,,226,2
python,bytes,message,100,14,flatbuffers,25.12.19,28676,7327,104,36003,34872.367136,136481.506756,27775.463156,1162,1.00,1,99d1c7fab316,102,107,dataclass,,227,3
python,bytes,message,100,14,msgspec,0.21.1,875,1087,80,1962,1142857.142857,919963.201472,509683.995923,351,1.00,1,99d1c7fab316,97,89,struct,,228,4
python,bytes,message,100,14,serpyco-rs,1.21.0,1663,1983,168,3646,601322.910403,504286.434695,274273.176083,5466,1.00,1,99d1c7fab316,138,134,dataclass,,229,5
python,bytes,message,100,14,rapidjson,1.23,3664,3694,168,7358,272925.764192,270709.258257,135906.496331,1492,1.00,1,99d1c7fab316,138,134,dict,,230,6
python,bytes,message,100,14,json,python-3.14.0,7320,4708,168,12028,136612.021858,212404.418012,83139.341536,2329,1.00,1,99d1c7fab316,138,134,dict,,231,7
python,bytes,message,100,14,msgspec-msgpack,0.21.1,846,940,52,1786,1182033.096927,1063829.787234,559910.414334,312,1.00,1,99d1c7fab316,72,61,struct,,232,8
python,bytes,message,100,14,cbor2,6.1.3,5559,3137,124,8696,179888.469149,318775.900542,114995.400184,908,1.00,1,99d1c7fab316,122,123,dict,,233,9
python,bytes,message,100,14,msgpack,1.2.1,1776,2288,124,4064,563063.063063,437062.937063,246062.992126,521,1.00,1,99d1c7fab316,124,121,dict,,234,10
python,bytes,message,100,14,cloudpickle,3.1.2,13241,3231,202,16472,75522.996753,309501.702259,60709.082079,8946,1.00,1,99d1c7fab316,194,193,dataclass,,235,11
python,bytes,message,100,14,orjson,3.11.9,655,1036,168,1691,1526717.557252,965250.965251,591366.055588,5466,1.00,1,99d1c7fab316,138,134,dict,,236,12
python,bytes,message,100,14,avro,1.12.2,7857,4566,44,12423,127275.041364,219010.074463,80495.854463,1808,1.00,1,99d1c7fab316,64,53,dict,,237,13
python,bytes,message,100,14,dill,0.4.1,52253,7319,202,59572,19137.657168,136630.687252,16786.409723,10948,1.00,1,99d1c7fab316,194,193,dataclass,,238,14
python,bytes,message,100,14,pydantic,2.13.4,4879,8799,168,13678,204960.032794,113649.278327,73110.103816,2329,1.00,1,99d1c7fab316,138,134,model,,239,15
python,bytes,message,100,15,msgspec,0.21.1,1089,1042,80,2131,918273.645546,959692.898273,469263.256687,351,1.00,1,99d1c7fab316,97,89,struct,,240,0
python,bytes,message,100,15,pydantic,2.13.4,2729,6289,168,9018,366434.591425,159007.791382,110889.332446,2329,1.00,1,99d1c7fab316,138,134,model,,241,1
python,bytes,message,100,15,rapidjson,1.23,3467,3146,168,6613,288433.804442,317863.954228,151217.299259,1492,1.00,1,99d1c7fab316,138,134,dict,,242,2
python,bytes,message,100,15,avro,1.12.2,6797,4085,44,10882,147123.731058,244798.041616,91894.872266,1808,1.00,1,99d1c7fab316,64,53,dict,,243,3
python,bytes,message,100,15,mashumaro,3.22,1291,2872,168,4163,774593.338497,348189.415042,240211.386020,5466,1.00,1,99d1c7fab316,138,134,dataclass,,244,4
python,bytes,message,100,15,dill,0.4.1,55727,7374,202,63101,17944.622894,135611.608354,15847.609388,10948,1.00,1,99d1c7fab316,194,193,dataclass,,245,5
python,bytes,message,100,15,cbor2,6.1.3,6188,3363,124,9551,161603.102780,297353.553375,104701.078421,908,1.00,1,99d1c7fab316,122,123,dict,,246,6
python,bytes,message,100,15,protobuf,7.35.1,1691,1679,50,3370,591366.055588,595592.614652,296735.905045,187,1.00,1,99d1c7fab316,71,59,message,,247,7
python,bytes,message,100,15,msgpack,1.2.1,1768,2419,124,4187,565610.859729,413393.964448,238834.487700,521,1.00,1,99d1c7fab316,124,121,dict,,248,8
python,bytes,message,100,15,cloudpickle,3.1.2,13326,3495,202,16821,75041.272700,286123.032904,59449.497652,8946,1.00,1,99d1c7fab316,194,193,dataclass,,249,9
python,bytes,message,100,15,msgspec-msgpack,0.21.1,1019,933,52,1952,981354.268891,1071811.361200,512295.081967,312,1.00,1,99d1c7fab316,72,61,struct,,250,10
python,bytes,message,100,15,pickle,python-3.14.0,3765,2431,202,6196,265604.249668,411353.352530,161394.448031,4969,1.00,1,99d1c7fab316,194,193,dataclass,,251,11
python,bytes,message,100,15,json,python-3.14.0,7451,4774,168,12225,134210.173131,209467.951403,81799.591002,2329,1.00,1,99d1c7fab316,138,134,dict,,252,12
python,bytes,message,100,15,flatbuffers,25.12.19,28360,7737,104,36097,35260.930889,129249.062944,27703.133224,1162,1.00,1,99d1c7fab316,102,107,dataclass,,253,13
python,bytes,message,100,15,serpyco-rs,1.21.0,1947,2780,168,4727,513610.683102,359712.230216,211550.666385,5466,1.00,1,99d1c7fab316,138,134,dataclass,,254,14
python,bytes,message,100,15,orjson,3.11.9,610,951,168,1561,1639344.262295,1051524.710831,640614.990391,5466,1.00,1,99d1c7fab316,138,134,dict,,255,15
python,bytes,message,100,16,msgspec,0.21.1,1150,1197,80,2347,869565.217391,835421.888053,426075.841500,351,1.00,1,99d1c7fab316,97,89,struct,,256,0
python,bytes,message,100,16,pydantic,2.13.4,4778,9045,168,13823,209292.591042,110558.319514,72343.196122,2329,1.00,1,99d1c7fab316,138,134,model,,257,1
python,bytes,message,100,16,orjson,3.11.9,535,875,168,1410,1869158.878505,1142857.142857,709219.858156,5466,1.00,1,99d1c7fab316,138,134,dict,,258,2
python,bytes,message,100,16,json,python-3.14.0,6513,3347,168,9860,153539.075695,298775.022408,101419.878296,2329,1.00,1,99d1c7fab316,138,134,dict,,259,3
python,bytes,message,100,16,msgspec-msgpack,0.21.1,596,741,52,1337,1677852.348993,1349527.665317,747943.156320,312,1.00,1,99d1c7fab316,72,61,struct,,260,4
python,bytes,message,100,16,cbor2,6.1.3,5933,3104,124,9037,168548.794876,322164.948454,110656.191214,908,1.00,1,99d1c7fab316,122,123,dict,,261,5
python,bytes,message,100,16,flatbuffers,25.12.19,24241,6480,104,30721,41252.423580,154320.987654,32551.023730,1162,1.00,1,99d1c7fab316,102,107,dataclass,,262,6
python,bytes,message,100,16,rapidjson,1.23,3767,3932,168,7699,265463.233342,254323.499491,129886.998311,1492,1.00,1,99d1c7fab316,138,134,dict,,263,7
python,bytes,message,100,16,mashumaro,3.22,1177,2630,168,3807,849617.672048,380228.136882,262674.021539,5466,1.00,1,99d1c7fab316,138,134,dataclass,,264,8
python,bytes,message,100,16,cloudpickle,3.1.2,14217,4262,202,18479,70338.327355,234631.628344,54115.482440,8946,1.00,1,99d1c7fab316,194,193,dataclass,,265,9
python,bytes,message,100,16,avro,1.12.2,8269,5133,44,13402,120933.607450,194817.845315,74615.728996,1808,1.00,1,99d1c7fab316,64,53,dict,,266,10
python,bytes,message,100,16,serpyco-rs,1.21.0,1485,1893,168,3378,673400.673401,528262.017961,296033.155713,5466,1.00,1,99d1c7fab316,138,134,dataclass,,267,11
python,bytes,message,100,16,protobuf,7.35.1,1567,1647,50,3214,638162.093172,607164.541591,311138.767890,187,1.00,1,99d1c7fab316,71,59,message,,268,12
python,bytes,message,100,16,msgpack,1.2.1,1930,2582,124,4512,518134.715026,387296.669249,221631.205674,521,1.00,1,99d1c7fab316,124,121,dict,,269,13
python,bytes,message,100,16,pickle,python-3.14.0,4672,3039,202,7711,214041.095890,329055.610398,129684.865776,4969,1.00,1,99d1c7fab316,194,193,dataclass,,270,14
python,bytes,message,100,16,dill,0.4.1,53337,7637,202,60974,18748.711026,130941.469163,16400.432971,10948,1.00,1,99d1c7fab316,194,193,dataclass,,271,15
python,bytes,message,100,17,msgpack,1.2.1,1334,1662,124,2996,749625.187406,601684.717208,333778.371162,521,1.00,1,99d1c7fab316,124,121,dict,,272,0
python,bytes,message,100,17,dill,0.4.1,40665,5870,202,46535,24591.171769,170357.751278,21489.201676,10948,1.00,1,99d1c7fab316,194,193,dataclass,,273,1
python,bytes,message,100,17,flatbuffers,25.12.19,24627,6508,104,31135,40605.839120,153657.037492,32118.194957,1162,1.00,1,99d1c7fab316,102,107,dataclass,,274,2
python,bytes,message,100,17,cloudpickle,3.1.2,12015,2988,202,15003,83229.296712,334672.021419,66653.335999,8946,1.00,1,99d1c7fab316,194,193,dataclass,,275,3
python,bytes,message,100,17,pickle,python-3.14.0,3395,1968,202,5363,294550.810015,508130.081301,186462.800671,4969,1.00,1,99d1c7fab316,194,193,dataclass,,276,4
python,bytes,message,100,17,cbor2,6.1.3,5968,3298,124,9266,167560.321716,303214.069133,107921.433197,908,1.00,1,99d1c7fab316,122,123,dict,,277,5
python,bytes,message,100,17,rapidjson,1.23,3687,3892,168,7579,271223.216707,256937.307297,131943.528170,1492,1.00,1,99d1c7fab316,138,134,dict,,278,6
python,bytes,message,100,17,avro,1.12.2,7859,4520,44,12379,127242.651737,221238.938053,80781.969464,1808,1.00,1,99d1c7fab316,64,53,dict,,279,7
python,bytes,message,100,17,protobuf,7.35.1,1513,1570,50,3083,660938.532716,636942.675159,324359.390204,187,1.00,1,99d1c7fab316,71,59,message,,280,8
python,bytes,message,100,17,msgspec-msgpack,0.21.1,1079,950,52,2029,926784.059314,1052631.578947,492853.622474,312,1.00,1,99d1c7fab316,72,61,struct,,281,9
python,bytes,message,100,17,pydantic,2.13.4,4913,11093,168,16006,203541.624262,90146.939511,62476.571286,2329,1.00,1,99d1c7fab316,138,134,model,,282,10
python,bytes,message,100,17,serpyco-rs,1.21.0,1954,2747,168,4701,511770.726714,364033.491081,212720.697724,5466,1.00,1,99d1c7fab316,138,134,dataclass,,283,11
python,bytes,message,100,17,msgspec,0.21.1,1158,1285,80,2443,863557.858377,778210.116732,409332.787556,351,1.00,1,99d1c7fab316,97,89,struct,,284,12
python,bytes,message,100,17,orjson,3.11.9,678,986,168,1664,1474926.253687,1014198.782961,600961.538462,5466,1.00,1,99d1c7fab316,138,134,dict,,285,13
python,bytes,message,100,17,mashumaro,3.22,1423,2574,168,3997,702740.688686,388500.388500,250187.640731,5466,1.00,1,99d1c7fab316,138,134,dataclass,,286,14
python,bytes,message,100,17,json,python-3.14.0,7570,4413,168,11983,132100.396301,226603.217766,83451.556372,2329,1.00,1,99d1c7fab316,138,134,dict,,287,15
python,bytes,message,100,18,pickle,python-3.14.0,5277,3982,202,9259,189501.610764,251130.085384,108003.024085,4969,1.00,1,99d1c7fab316,194,193,dataclass,,288,0
python,bytes,message,100,18,dill,0.4.1,50651,7883,202,58534,19742.946832,126855.258150,17084.087881,10948,1.00,1,99d1c7fab316,194,193,dataclass,,289,1
python,bytes,message,100,18,rapidjson,1.23,3324,3578,168,6902,300842.358604,279485.746227,144885.540423,1492,1.00,1,99d1c7fab316,138,134,dict,,290,2
python,bytes,message,100,18,cloudpickle,3.1.2,12598,2732,202,15330,79377.678997,366032.210835,65231.572081,8946,1.00,1,99d1c7fab316,194,193,dataclass,,291,3
python,bytes,message,100,18,msgpack,1.2.1,1912,2489,124,4401,523012.552301,401767.778224,227221.086117,521,1.00,1,99d1c7fab316,124,121,dict,,292,4
python,bytes,message,100,18,flatbuffers,25.12.19,27654,7395,104,35049,36161.134013,135226.504395,28531.484493,1162,1.00,1,99d1c7fab316,102,107,dataclass,,293,5
python,bytes,message,100,18,msgspec-msgpack,0.21.1,811,889,52,1700,1233045.622688,1124859.392576,588235.294118,312,1.00,1,99d1c7fab316,72,61,struct,,294,6
python,bytes,message,100,18,pydantic,2.13.4,4204,8890,168,13094,237868.696480,112485.939258,76370.856881,2329,1.00,1,99d1c7fab316,138,134,model,,295,7
python,bytes,message,100,18,avro,1.12.2,8086,4772,44,12858,123670.541677,209555.741827,77772.592938,1808,1.00,1,99d1c7fab316,64,53,dict,,296,8
python,bytes,message,100,18,cbor2,6.1.3,6657,3478,124,10135,150217.815833,287521.564117,98667.982240,908,1.00,1,99d1c7fab316,122,123,dict,,297,9
python,bytes,message,100,18,protobuf,7.35.1,1705,1645,50,3350,586510.263930,607902.735562,298507.462687,187,1.00,1,99d1c7fab316,71,59,message,,298,10
python,bytes,message,100,18,mashumaro,3.22,1850,3407,168,5257,540540.540541,293513.354858,190222.560396,5466,1.00,1,99d1c7fab316,138,134,dataclass,,299,11
python,bytes,message,100,18,json,python-3.14.0,7677,4305,168,11982,130259.215840,232288.037166,83458.521115,2329,1.00,1,99d1c7fab316,138,134,dict,,300,12
python,bytes,message,100,18,msgspec,0.21.1,1166,1148,80,2314,857632.933105,871080.139373,432152.117545,351,1.00,1,99d1c7fab316,97,89,struct,,301,13
python,bytes,message,100,18,orjson,3.11.9,654,969,168,1623,1529051.987768,1031991.744066,616142.945163,5466,1.00,1,99d1c7fab316,138,134,dict,,302,14
python,bytes,message,100,18,serpyco-rs,1.21.0,1524,1648,168,3172,656167.979003,606796.116505,315258.511980,5466,1.00,1,99d1c7fab316,138,134,dataclass,,303,15
python,bytes,message,100,19,serpyco-rs,1.21.0,1047,1238,168,2285,955109.837631,807754.442649,437636.761488,5466,1.00,1,99d1c7fab316,138,134,dataclass,,304,0
python,bytes,message,100,19,protobuf,7.35.1,1158,1167,50,2325,863557.858377,856898.029135,430107.526882,187,1.00,1,99d1c7fab316,71,59,message,,305,1
python,bytes,message,100,19,rapidjson,1.23,3366,3510,168,6876,297088.532383,284900.284900,145433.391507,1492,1.00,1,99d1c7fab316,138,134,dict,,306,2
python,bytes,message,100,19,mashumaro,3.22,1098,2043,168,3141,910746.812386,489476.260401,318369.945877,5466,1.00,1,99d1c7fab316,138,134,dataclass,,307,3
python,bytes,message,100,19,flatbuffers,25.12.19,25315,6920,104,32235,39502.271381,144508.670520,31022.180859,1162,1.00,1,99d1c7fab316,102,107,dataclass,,308,4
python,bytes,message,100,19,cbor2,6.1.3,5224,3002,124,8226,191424.196018,333111.259161,121565.767080,908,1.00,1,99d1c7fab316,122,123,dict,,309,5
python,bytes,message,100,19,cloudpickle,3.1.2,14126,3953,202,18079,70791.448393,252972.426006,55312.793849,8946,1.00,1,99d1c7fab316,194,193,dataclass,,310,6
python,bytes,message,100,19,json,python-3.14.0,6417,4229,168,10646,155836.060464,236462.520690,93931.993237,2329,1.00,1,99d1c7fab316,138,134,dict,,311,7
python,bytes,message,100,19,msgspec-msgpack,0.21.1,799,878,52,1677,1251564.455569,1138952.164009,596302.921884,312,1.00,1,99d1c7fab316,72,61,struct,,312,8
python,bytes,message,100,19,pickle,python-3.14.0,3577,2375,202,5952,279563.880347,421052.631579,168010.752688,4969,1.00,1,99d1c7fab316,194,193,dataclass,,313,9
python,bytes,message,100,19,pydantic,2.13.4,4333,6949,168,11282,230786.983614,143905.597928,88636.766531,2329,1.00,1,99d1c7fab316,138,134,model,,314,10
python,bytes,message,100,19,avro,1.12.2,7536,4572,44,12108,132696.390658,218722.659668,82590.023125,1808,1.00,1,99d1c7fab316,64,53,dict,,315,11
python,bytes,message,100,19,msgpack,1.2.1,1816,2432,124,4248,550660.792952,411184.210526,235404.896422,521,1.00,1,99d1c7fab316,124,121,dict,,316,12
python,bytes,message,100,19,orjson,3.11.9,697,1114,168,1811,1434720.229555,897666.068223,552181.115406,5466,1.00,1,99d1c7fab316,138,134,dict,,317,13
python,bytes,message,100,19,dill,0.4.1,49825,7392,202,57217,20070.245861,135281.385281,17477.323173,10948,1.00,1,99d1c7fab316,194,193,dataclass,,318,14
python,bytes,message,100,19,msgspec,0.21.1,1162,1191,80,2353,860585.197935,839630.562552,424989.375266,351,1.00,1,99d1c7fab316,97,89,struct,,319,15
python,bytes,message,100,20,pydantic,2.13.4,3527,7681,168,11208,283527.076836,130191.381331,89221.984297,2329,1.00,1,99d1c7fab316,138,134,model,,320,0
python,bytes,message,100,20,msgpack,1.2.1,1484,1900,124,3384,673854.447439,526315.789474,295508.274232,521,1.00,1,99d1c7fab316,124,121,dict,,321,1
python,bytes,message,100,20,orjson,3.11.9,692,1093,168,1785,1445086.705202,914913.083257,560224.089636,5466,1.00,1,99d1c7fab316,138,134,dict,,322,2
python,bytes,message,100,20,json,python-3.14.0,6510,3291,168,9801,153609.831029,303859.009420,102030.405061,2329,1.00,1,99d1c7fab316,138,134,dict,,323,3
python,bytes,message,100,20,dill,0.4.1,43660,7072,202,50732,22904.260192,141402.714932,19711.424742,10948,1.00,1,99d1c7fab316,194,193,dataclass,,324,4
python,bytes,message,100,20,msgspec-msgpack,0.21.1,751,822,52,1573,1331557.922770,1216545.012165,635727.908455,312,1.00,1,99d1c7fab316,72,61,struct,,325,5
python,bytes,message,100,20,serpyco-rs,1.21.0,1568,1899,168,3467,637755.102041,526592.943655,288433.804442,5466,1.00,1,99d1c7fab316,138,134,dataclass,,326,6
python,bytes,message,100,20,flatbuffers,25.12.19,25337,7039,104,32376,39467.971741,142065.634323,30887.076847,1162,1.00,1,99d1c7fab316,102,107,dataclass,,327,7
python,bytes,message,100,20,protobuf,7.35.1,1623,1509,50,3132,616142.945163,662690.523526,319284.802043,187,1.00,1,99d1c7fab316,71,59,message,,328,8
python,bytes,message,100,20,pickle,python-3.14.0,3983,3244,202,7227,251067.034898,308261.405672,138370.001384,4969,1.00,1,99d1c7fab316,194,193,dataclass,,329,9
python,bytes,message,100,20,msgspec,0.21.1,1054,1131,80,2185,948766.603416,884173.297966,457665.903890,351,1.00,1,99d1c7fab316,97,89,struct,,330,10
python,bytes,message,100,20,rapidjson,1.23,3629,3760,168,7389,275558.004960,265957.446809,135336.310732,1492,1.00,1,99d1c7fab316,138,134,dict,,331,11
python,bytes,message,100,20,cloudpickle,3.1.2,12382,2680,202,15062,80762.397028,373134.328358,66392.245386,8946,1.00,1,99d1c7fab316,194,193,dataclass,,332,12
python,bytes,message,100,20,cbor2,6.1.3,6361,3336,124,9697,157207.986166,299760.191847,103124.677735,908,1.00,1,99d1c7fab316,122,123,dict,,333,13
python,bytes,message,100,20,avro,1.12.2,11452,4965,44,16417,87320.991966,201409.869084,60912.468782,1808,1.00,1,99d1c7fab316,64,53,dict,,334,14
python,bytes,message,100,20,mashumaro,3.22,1986,3187,168,5173,503524.672709,313774.709758,193311.424705,5466,1.00,1,99d1c7fab316,138,134,dataclass,,335,15
python,bytes,message,100,21,cbor2,6.1.3,4084,2309,124,6393,244857.982370,433087.916847,156421.085562,908,1.00,1,99d1c7fab316,122,123,dict,,336,0
python,bytes,message,100,21,flatbuffers,25.12.19,25718,7005,104,32723,38883.272416,142755.174875,30559.545274,1162,1.00,1,99d1c7fab316,102,107,dataclass,,337,1
python,bytes,message,100,21,rapidjson,1.23,3276,3527,168,6803,305250.305250,283527.076836,146993.973247,1492,1.00,1,99d1c7fab316,138,134,dict,,338,2
python,bytes,message,100,21,cloudpickle,3.1.2,11260,3101,202,14361,88809.946714,322476.620445,69633.033911,8946,1.00,1,99d1c7fab316,194,193,dataclass,,339,3
python,bytes,message,100,21,msgpack,1.2.1,1988,2242,124,4230,503018.108652,446030.330062,236406.619385,521,1.00,1,99d1c7fab316,124,121,dict,,340,4
python,bytes,message,100,21,dill,0.4.1,50516,7380,202,57896,19795.708290,135501.355014,17272.350421,10948,1.00,1,99d1c7fab316,194,193,dataclass,,341,5
python,bytes,message,100,21,mashumaro,3.22,1357,2767,168,4124,736919.675755,361402.240694,242483.026188,5466,1.00,1,99d1c7fab316,138,134,dataclass,,342,6
python,bytes,message,100,21,json,python-3.14.0,7880,5876,168,13756,126903.553299,170183.798502,72695.551032,2329,1.00,1,99d1c7fab316,138,134,dict,,343,7
python,bytes,message,100,21,pickle,python-3.14.0,3957,2542,202,6499,252716.704574,393391.030685,153869.826127,4969,1.00,1,99d1c7fab316,194,193,dataclass,,344,8
python,bytes,message,100,21,msgspec-msgpack,0.21.1,1001,893,52,1894,999000.999001,1119820.828667,527983.104541,312,1.00,1,99d1c7fab316,72,61,struct,,345,9
python,bytes,message,100,21,protobuf,7.35.1,1649,1618,50,3267,606428.138266,618046.971570,306091.215182,187,1.00,1,99d1c7fab316,71,59,message,,346,10
python,bytes,message,100,21,pydantic,2.13.4,5258,9293,168,14551,190186.382655,107607.876897,68723.799052,2329,1.00,1,99d1c7fab316,138,134,model,,347,11
python,bytes,message,100,21,orjson,3.11.9,797,1217,168,2014,1254705.144291,821692.686935,496524.329692,5466,1.00,1,99d1c7fab316,138,134,dict,,348,12
python,bytes,message,100,21,msgspec,0.21.1,1287,1252,80,2539,777000.777001,798722.044728,393855.848759,351,1.00,1,99d1c7fab316,97,89,struct,,349,13
python,bytes,message,100,21,avro,1.12.2,7958,4593,44,12551,125659.713496,217722.621380,79674.926301,1808,1.00,1,99d1c7fab316,64,53,dict,,350,14
python,bytes,message,100,21,serpyco-rs,1.21.0,1789,2001,168,3790,558971.492454,499750.124938,263852.242744,5466,1.00,1,99d1c7fab316,138,134,dataclass,,351,15
python,bytes,message,100,22,mashumaro,3.22,1241,2185,168,3426,805801.772764,457665.903890,291885.580852,5466,1.00,1,99d1c7fab316,138,134,dataclass,,352,0
python,bytes,message,100,22,msgpack,1.2.1,1860,2157,124,4017,537634.408602,463606.861382,248941.996515,521,1.00,1,99d1c7fab316,124,121,dict,,353,1
python,bytes,message,100,22,rapidjson,1.23,3343,3516,168,6859,299132.515704,284414.106940,145793.847500,1492,1.00,1,99d1c7fab316,138,134,dict,,354,2
python,bytes,message,100,22,pydantic,2.13.4,3510,7520,168,11030,284900.284900,132978.723404,90661.831369,2329,1.00,1,99d1c7fab316,138,134,model,,355,3
python,bytes,message,100,22,msgspec-msgpack,0.21.1,582,802,52,1384,1718213.058419,1246882.793017,722543.352601,312,1.00,1,99d1c7fab316,72,61,struct,,356,4
python,bytes,message,100,22,msgspec,0.21.1,758,780,80,1538,1319261.213720,1282051.282051,650195.058518,351,1.00,1,99d1c7fab316,97,89,struct,,357,5
python,bytes,message,100,22,dill,0.4.1,48927,7786,202,56713,20438.612627,128435.653737,17632.641546,10948,1.00,1,99d1c7fab316,194,193,dataclass,,358,6
python,bytes,message,100,22,protobuf,7.35.1,1531,1550,50,3081,653167.864141,645161.290323,324569.944823,187,1.00,1,99d1c7fab316,71,59,message,,359,7
python,bytes,message,100,22,orjson,3.11.9,701,1025,168,1726,1426533.523538,975609.756098,579374.275782,5466,1.00,1,99d1c7fab316,138,134,dict,,360,8
python,bytes,message,100,22,json,python-3.14.0,7227,4515,168,11742,138370.001384,221483.942414,85164.367229,2329,1.00,1,99d1c7fab316,138,134,dict,,361,9
python,bytes,message,100,22,pickle,python-3.14.0,4173,2735,202,6908,239635.753654,365630.712980,144759.698900,4969,1.00,1,99d1c7fab316,194,193,dataclass,,362,10
python,bytes,message,100,22,serpyco-rs,1.21.0,1525,1937,168,3462,655737.704918,516262.261229,288850.375505,5466,1.00,1,99d1c7fab316,138,134,dataclass,,363,11
python,bytes,message,100,22,cloudpickle,3.1.2,11061,8508,202,19569,90407.738902,117536.436295,51101.231540,8946,1.00,1,99d1c7fab316,194,193,dataclass,,364,12
python,bytes,message,100,22,flatbuffers,25.12.19,26683,6890,104,33573,37477.045310,145137.880987,29785.839812,1162,1.00,1,99d1c7fab316,102,107,dataclass,,365,13
python,bytes,message,100,22,avro,1.12.2,7363,4617,44,11980,135814.206166,216590.859866,83472.454090,1808,1.00,1,99d1c7fab316,64,53,dict,,366,14
python,bytes,message,100,22,cbor2,6.1.3,6272,3174,124,9446,159438.775510,315059.861374,105864.916367,908,1.00,1,99d1c7fab316,122,123,dict,,367,15
python,bytes,message,100,23,flatbuffers,25.12.19,21753,5873,104,27626,45970.670712,170270.730461,36197.784696,1162,1.00,1,99d1c7fab316,102,107,dataclass,,368,0
python,bytes,message,100,23,orjson,3.11.9,960,1047,168,2007,1041666.666667,955109.837631,498256.103637,5466,1.00,1,99d1c7fab316,138,134,dict,,369,1
python,bytes,message,100,23,msgspec,0.21.1,1092,1065,80,2157,915750.915751,938967.136150,463606.861382,351,1.00,1,99d1c7fab316,97,89,struct,,370,2
python,bytes,message,100,23,avro,1.12.2,5163,3188,44,8351,193685.841565,313676.286073,119746.138187,1808,1.00,1,99d1c7fab316,64,53,dict,,371,3
python,bytes,message,100,23,pydantic,2.13.4,4391,8869,168,13260,227738.556138,112752.283234,75414.781297,2329,1.00,1,99d1c7fab316,138,134,model,,372,4
python,bytes,message,100,23,pickle,python-3.14.0,3673,2999,202,6672,272257.010618,333444.481494,149880.095923,4969,1.00,1,99d1c7fab316,194,193,dataclass,,373,5
python,bytes,message,100,23,json,python-3.14.0,6987,3412,168,10399,143122.942608,293083.235639,96163.092605,2329,1.00,1,99d1c7fab316,138,134,dict,,374,6
python,bytes,message,100,23,mashumaro,3.22,1172,2575,168,3747,853242.320819,388349.514563,266880.170803,5466,1.00,1,99d1c7fab316,138,134,dataclass,,375,7
python,bytes,message,100,23,dill,0.4.1,47187,7012,202,54199,21192.277534,142612.664005,18450.524917,10948,1.00,1,99d1c7fab316,194,193,dataclass,,376,8
python,bytes,message,100,23,cbor2,6.1.3,5087,3039,124,8126,196579.516414,329055.610398,123061.777012,908,1.00,1,99d1c7fab316,122,123,dict,,377,9
python,bytes,message,100,23,msgspec-msgpack,0.21.1,920,899,52,1819,1086956.521739,1112347.052280,549752.611325,312,1.00,1,99d1c7fab316,72,61,struct,,378,10
python,bytes,message,100,23,serpyco-rs,1.21.0,1759,2017,168,3776,568504.832291,495785.820526,264830.508475,5466,1.00,1,99d1c7fab316,138,134,dataclass,,379,11
python,bytes,message,100,23,protobuf,7.35.1,1681,1694,50,3375,594883.997620,590318.772137,296296.296296,187,1.00,1,99d1c7fab316,71,59,message,,380,12
python,bytes,message,100,23,rapidjson,1.23,3695,3905,168,7600,270635.994587,256081.946223,131578.947368,1492,1.00,1,99d1c7fab316,138,134,dict,,381,13
python,bytes,message,100,23,cloudpickle,3.1.2,12194,3344,202,15538,82007.544694,299043.062201,64358.347278,8946,1.00,1,99d1c7fab316,194,193,dataclass,,382,14
python,bytes,message,100,23,msgpack,1.2.1,2073,2430,124,4503,482392.667631,411522.633745,222074.172774,521,1.00,1,99d1c7fab316,124,121,dict,,383,15
python,bytes,message,100,24,msgspec,0.21.1,1145,1117,80,2262,873362.445415,895255.147717,442086.648983,351,1.00,1,99d1c7fab316,97,89,struct,,384,0
python,bytes,message,100,24,rapidjson,1.23,2699,2880,168,5579,370507.595406,347222.222222,179243.592042,1492,1.00,1,99d1c7fab316,138,134,dict,,385,1
python,bytes,message,100,24,json,python-3.14.0,7103,5123,168,12226,140785.583556,195198.126098,81792.900376,2329,1.00,1,99d1c7fab316,138,134,dict,,386,2
python,bytes,message,100,24,pickle,python-3.14.0,3723,2729,202,6452,268600.590921,366434.591425,154990.700558,4969,1.00,1,99d1c7fab316,194,193,dataclass,,387,3
python,bytes,message,100,24,pydantic,2.13.4,4906,7788,168,12694,203832.042397,128402.670776,78777.375138,2329,1.00,1,99d1c7fab316,138,134,model,,388,4
python,bytes,message,100,24,avro,1.12.2,7789,4727,44,12516,128386.185646,211550.666385,79897.730904,1808,1.00,1,99d1c7fab316,64,53,dict,,389,5
python,bytes,message,100,24,msgpack,1.2.1,1488,1713,124,3201,672043.010753,583771.161705,312402.374258,521,1.00,1,99d1c7fab316,124,121,dict,,390,6
python,bytes,message,100,24,dill,0.4.1,51266,7955,202,59221,19506.105411,125707.102451,16885.901960,10948,1.00,1,99d1c7fab316,194,193,dataclass,,391,7
python,bytes,message,100,24,msgspec-msgpack,0.21.1,768,943,52,1711,1302083.333333,1060445.387063,584453.535944,312,1.00,1,99d1c7fab316,72,61,struct,,392,8
python,bytes,message,100,24,cloudpickle,3.1.2,11195,6012,202,17207,89325.591782,166333.998669,58115.883071,8946,1.00,1,99d1c7fab316,194,193,dataclass,,393,9
python,bytes,message,100,24,protobuf,7.35.1,1613,1647,50,3260,619962.802232,607164.541591,306748.466258,187,1.00,1,99d1c7fab316,71,59,message,,394,10
python,bytes,message,100,24,orjson,3.11.9,1136,1817,168,2953,880281.690141,550357.732526,338638.672536,5466,1.00,1,99d1c7fab316,138,134,dict,,395,11
python,bytes,message,100,24,cbor2,6.1.3,6506,3630,124,10136,153704.272979,275482.093664,98658.247830,908,1.00,1,99d1c7fab316,122,123,dict,,396,12
python,bytes,message,100,24,flatbuffers,25.12.19,29096,7480,104,36576,34368.985428,133689.839572,27340.332458,1162,1.00,1,99d1c7fab316,102,107,dataclass,,397,13
python,bytes,message,100,24,mashumaro,3.22,1727,3009,168,4736,579038.795599,332336.324360,211148.648649,5466,1.00,1,99d1c7fab316,138,134,dataclass,,398,14
python,bytes,message,100,24,serpyco-rs,1.21.0,1816,1874,168,3690,550660.792952,533617.929562,271002.710027,5466,1.00,1,99d1c7fab316,138,134,dataclass,,399,15
python,bytes,message,100,25,cloudpickle,3.1.2,10999,3602,202,14601,90917.356123,277623.542476,68488.459695,8946,1.00,1,99d1c7fab316,194,193,dataclass,,400,0
python,bytes,message,100,25,msgpack,1.2.1,1690,2098,124,3788,591715.976331,476644.423260,263991.552270,521,1.00,1,99d1c7fab316,124,121,dict,,401,1
python,bytes,message,100,25,msgspec,0.21.1,1224,1216,80,2440,816993.464052,822368.421053,409836.065574,351,1.00,1,99d1c7fab316,97,89,struct,,402,2
python,bytes,message,100,25,pydantic,2.13.4,4599,10121,168,14720,217438.573603,98804.465962,67934.782609,2329,1.00,1,99d1c7fab316,138,134,model,,403,3
python,bytes,message,100,25,avro,1.12.2,7859,4596,44,12455,127242.651737,217580.504787,80289.040546,1808,1.00,1,99d1c7fab316,64,53,dict,,404,4
python,bytes,message,100,25,orjson,3.11.9,694,1040,168,1734,1440922.190202,961538.461538,576701.268743,5466,1.00,1,99d1c7fab316,138,134,dict,,405,5
python,bytes,message,100,25,mashumaro,3.22,1175,2220,168,3395,851063.829787,450450.450450,294550.810015,5466,1.00,1,99d1c7fab316,138,134,dataclass,,406,6
python,bytes,message,100,25,protobuf,7.35.1,1500,1562,50,3062,666666.666667,640204.865557,326583.932071,187,1.00,1,99d1c7fab316,71,59,message,,407,7
python,bytes,message,100,25,rapidjson,1.23,3606,3456,168,7062,277315.585136,289351.851852,141602.945341,1492,1.00,1,99d1c7fab316,138,134,dict,,408,8
python,bytes,message,100,25,dill,0.4.1,49727,8274,202,58001,20109.799505,120860.526952,17241.082050,10948,1.00,1,99d1c7fab316,194,193,dataclass,,409,9
python,bytes,message,100,25,msgspec-msgpack,0.21.1,840,888,52,1728,1190476.190476,1126126.126126,578703.703704,312,1.00,1,99d1c7fab316,72,61,struct,,410,10
python,bytes,message,100,25,pickle,python-3.14.0,3765,2724,202,6489,265604.249668,367107.195301,154106.950223,4969,1.00,1,99d1c7fab316,194,193,dataclass,,411,11
python,bytes,message,100,25,json,python-3.14.0,7343,4710,168,12053,136184.120931,212314.225053,82966.896208,2329,1.00,1,99d1c7fab316,138,134,dict,,412,12
python,bytes,message,100,25,flatbuffers,25.12.19,27332,7202,104,34534,36587.150593,138850.319356,28956.969943,1162,1.00,1,99d1c7fab316,102,107,dataclass,,413,13
python,bytes,message,100,25,cbor2,6.1.3,6558,3297,124,9855,152485.513876,303306.035790,101471.334348,908,1.00,1,99d1c7fab316,122,123,dict,,414,14
python,bytes,message,100,25,serpyco-rs,1.21.0,1915,2403,168,4318,522193.211488,416146.483562,231588.698472,5466,1.00,1,99d1c7fab316,138,134,dataclass,,415,15
python,bytes,message,100,26,json,python-3.14.0,6083,3872,168,9955,164392.569456,258264.462810,100452.034154,2329,1.00,1,99d1c7fab316,138,134,dict,,416,0
python,bytes,message,100,26,msgspec,0.21.1,1031,1156,80,2187,969932.104753,865051.903114,457247.370828,351,1.00,1,99d1c7fab316,97,89,struct,,417,1
python,bytes,message,100,26,rapidjson,1.23,2829,2796,168,5625,353481.795688,357653.791130,177777.777778,1492,1.00,1,99d1c7fab316,138,134,dict,,418,2
python,bytes,message,100,26,avro,1.12.2,7177,4126,44,11303,139333.983559,242365.487155,88472.087057,1808,1.00,1,99d1c7fab316,64,53,dict,,419,3
python,bytes,message,100,26,dill,0.4.1,45291,7325,202,52616,22079.441832,136518.771331,19005.625665,10948,1.00,1,99d1c7fab316,194,193,dataclass,,420,4
python,bytes,message,100,26,pydantic,2.13.4,4342,7765,168,12107,230308.613542,128783.000644,82596.844801,2329,1.00,1,99d1c7fab316,138,134,model,,421,5
python,bytes,message,100,26,cloudpickle,3.1.2,14759,2877,202,17636,67755.267972,347584.289190,56702.200045,8946,1.00,1,99d1c7fab316,194,193,dataclass,,422,6
python,bytes,message,100,26,serpyco-rs,1.21.0,1714,2285,168,3999,583430.571762,437636.761488,250062.515629,5466,1.00,1,99d1c7fab316,138,134,dataclass,,423,7
python,bytes,message,100,26,flatbuffers,25.12.19,25366,6831,104,32197,39422.849484,146391.450739,31058.794298,1162,1.00,1,99d1c7fab316,102,107,dataclass,,424,8
python,bytes,message,100,26,pickle,python-3.14.0,3472,2746,202,6218,288018.433180,364166.059723,160823.415889,4969,1.00,1,99d1c7fab316,194,193,dataclass,,425,9
python,bytes,message,100,26,orjson,3.11.9,609,1067,168,1676,1642036.124795,937207.122774,596658.711217,5466,1.00,1,99d1c7fab316,138,134,dict,,426,10
python,bytes,message,100,26,msgspec-msgpack,0.21.1,900,923,52,1823,1111111.111111,1083423.618635,548546.352167,312,1.00,1,99d1c7fab316,72,61,struct,,427,11
python,bytes,message,100,26,cbor2,6.1.3,6205,3038,124,9243,161160.354553,329163.923634,108189.981608,908,1.00,1,99d1c7fab316,122,123,dict,,428,12
python,bytes,message,100,26,protobuf,7.35.1,1593,1701,50,3294,627746.390458,587889.476778,303582.270795,187,1.00,1,99d1c7fab316,71,59,message,,429,13
python,bytes,message,100,26,mashumaro,3.22,1520,2652,168,4172,657894.736842,377073.906486,239693.192713,5466,1.00,1,99d1c7fab316,138,134,dataclass,,430,14
python,bytes,message,100,26,msgpack,1.2.1,1904,2451,124,4355,525210.084034,407996.736026,229621.125144,521,1.00,1,99d1c7fab316,124,121,dict,,431,15
python,bytes,message,100,27,avro,1.12.2,7524,4796,44,12320,132908.027645,208507.089241,81168.831169,1808,1.00,1,99d1c7fab316,64,53,dict,,432,0
python,bytes,message,100,27,msgpack,1.2.1,1170,1543,124,2713,854700.854701,648088.139987,368595.650571,521,1.00,1,99d1c7fab316,124,121,dict,,433,1
python,bytes,message,100,27,flatbuffers,25.12.19,24249,6530,104,30779,41238.813972,153139.356815,32489.684525,1162,1.00,1,99d1c7fab316,102,107,dataclass,,434,2
python,bytes,message,100,27,msgspec,0.21.1,1210,1232,80,2442,826446.280992,811688.311688,409500.409500,351,1.00,1,99d1c7fab316,97,89,struct,,435,3
python,bytes,message,100,27,json,python-3.14.0,7915,5902,168,13817,126342.387871,169434.090139,72374.610986,2329,1.00,1,99d1c7fab316,138,134,dict,,436,4
python,bytes,message,100,27,mashumaro,3.22,1106,2309,168,3415,904159.132007,433087.916847,292825.768668,5466,1.00,1,99d1c7fab316,138,134,dataclass,,437,5
python,bytes,message,100,27,rapidjson,1.23,3560,3807,168,7367,280898.876404,262674.021539,135740.464232,1492,1.00,1,99d1c7fab316,138,134,dict,,438,6
python,bytes,message,100,27,cbor2,6.1.3,5099,2912,124,8011,196116.885664,343406.593407,124828.361004,908,1.00,1,99d1c7fab316,122,123,dict,,439,7
python,bytes,message,100,27,cloudpickle,3.1.2,14215,4166,202,18381,70348.223707,240038.406145,54404.004135,8946,1.00,1,99d1c7fab316,194,193,dataclass,,440,8
python,bytes,message,100,27,orjson,3.11.9,620,806,168,1426,1612903.225806,1240694.789082,701262.272090,5466,1.00,1,99d1c7fab316,138,134,dict,,441,9
python,bytes,message,100,27,protobuf,7.35.1,1258,1425,50,2683,794912.559618,701754.385965,372717.107715,187,1.00,1,99d1c7fab316,71,59,message,,442,10
python,bytes,message,100,27,dill,0.4.1,50826,8044,202,58870,19674.969504,124316.260567,16986.580601,10948,1.00,1,99d1c7fab316,194,193,dataclass,,443,11
python,bytes,message,100,27,pickle,python-3.14.0,4529,2700,202,7229,220799.293442,370370.370370,138331.719463,4969,1.00,1,99d1c7fab316,194,193,dataclass,,444,12
python,bytes,message,100,27,msgspec-msgpack,0.21.1,949,919,52,1868,1053740.779768,1088139.281828,535331.905782,312,1.00,1,99d1c7fab316,72,61,struct,,445,13
python,bytes,message,100,27,pydantic,2.13.4,5307,10158,168,15465,188430.374976,98444.575704,64662.140317,2329,1.00,1,99d1c7fab316,138,134,model,,446,14
python,bytes,message,100,27,serpyco-rs,1.21.0,2092,2271,168,4363,478011.472275,440334.654337,229200.091680,5466,1.00,1,99d1c7fab316,138,134,dataclass,,447,15
python,bytes,message,100,28,dill,0.4.1,44175,7130,202,51305,22637.238257,140252.454418,19491.277653,10948,1.00,1,99d1c7fab316,194,193,dataclass,,448,0
python,bytes,message,100,28,serpyco-rs,1.21.0,1264,1861,168,3125,791139.240506,537345.513165,320000.000000,5466,1.00,1,99d1c7fab316,138,134,dataclass,,449,1
python,bytes,message,100,28,orjson,3.11.9,514,687,168,1201,1945525.291829,1455604.075691,832639.467111,5466,1.00,1,99d1c7fab316,138,134,dict,,450,2
python,bytes,message,100,28,flatbuffers,25.12.19,25516,10525,104,36041,39191.095783,95011.876485,27746.177964,1162,1.00,1,99d1c7fab316,102,107,dataclass,,451,3
python,bytes,message,100,28,msgspec-msgpack,0.21.1,832,815,52,1647,1201923.076923,1226993.865031,607164.541591,312,1.00,1,99d1c7fab316,72,61,struct,,452,4
python,bytes,message,100,28,pydantic,2.13.4,4071,9225,168,13296,245639.891918,108401.084011,75210.589651,2329,1.00,1,99d1c7fab316,138,134,model,,453,5
python,bytes,message,100,28,cloudpickle,3.1.2,12598,3453,202,16051,79377.678997,289603.243556,62301.414242,8946,1.00,1,99d1c7fab316,194,193,dataclass,,454,6
python,bytes,message,100,28,pickle,python-3.14.0,3232,2068,202,5300,309405.940594,483558.994197,188679.245283,4969,1.00,1,99d1c7fab316,194,193,dataclass,,455,7
python,bytes,message,100,28,msgpack,1.2.1,1711,2232,124,3943,584453.535944,448028.673835,253613.999493,521,1.00,1,99d1c7fab316,124,121,dict,,456,8
python,bytes,message,100,28,protobuf,7.35.1,1430,1518,50,2948,699300.699301,658761.528327,339213.025780,187,1.00,1,99d1c7fab316,71,59,message,,457,9
python,bytes,message,100,28,msgspec,0.21.1,1168,1245,80,2413,856164.383562,803212.851406,414421.881475,351,1.00,1,99d1c7fab316,97,89,struct,,458,10
python,bytes,message,100,28,json,python-3.14.0,7650,4880,168,12530,130718.954248,204918.032787,79808.459697,2329,1.00,1,99d1c7fab316,138,134,dict,,459,11
python,bytes,message,100,28,avro,1.12.2,7753,4991,44,12744,128982.329421,200360.649169,78468.298807,1808,1.00,1,99d1c7fab316,64,53,dict,,460,12
python,bytes,message,100,28,rapidjson,1.23,3459,3765,168,7224,289100.896213,265604.249668,138427.464009,1492,1.00,1,99d1c7fab316,138,134,dict,,461,13
python,bytes,message,100,28,cbor2,6.1.3,6121,3171,124,9292,163371.998040,315357.931252,107619.457598,908,1.00,1,99d1c7fab316,122,123,dict,,462,14
python,bytes,message,100,28,mashumaro,3.22,1646,2910,168,4556,607533.414338,343642.611684,219490.781387,5466,1.00,1,99d1c7fab316,138,134,dataclass,,463,15
python,bytes,message,100,29,cloudpickle,3.1.2,11801,3188,202,14989,84738.581476,313676.286073,66715.591434,8946,1.00,1,99d1c7fab316,194,193,dataclass,,464,0
python,bytes,message,100,29,avro,1.12.2,5686,3287,44,8973,175870.559268,304228.780043,111445.447453,1808,1.00,1,99d1c7fab316,64,53,dict,,465,1
python,bytes,message,100,29,pickle,python-3.14.0,3120,2367,202,5487,320512.820513,422475.707647,182248.952069,4969,1.00,1,99d1c7fab316,194,193,dataclass,,466,2
python,bytes,message,100,29,rapidjson,1.23,2825,2747,168,5572,353982.300885,364033.491081,179468.772434,1492,1.00,1,99d1c7fab316,138,134,dict,,467,3
python,bytes,message,100,29,orjson,3.11.9,656,889,168,1545,1524390.243902,1124859.392576,647249.190939,5466,1.00,1,99d1c7fab316,138,134,dict,,468,4
python,bytes,message,100,29,json,python-3.14.0,6037,4227,168,10264,165645.188007,236574.402650,97427.903352,2329,1.00,1,99d1c7fab316,138,134,dict,,469,5
python,bytes,message,100,29,flatbuffers,25.12.19,25958,6831,104,32789,38523.769166,146391.450739,30498.032877,1162,1.00,1,99d1c7fab316,102,107,dataclass,,470,6
python,bytes,message,100,29,msgspec,0.21.1,1023,1152,80,2175,977517.106549,868055.555556,459770.114943,351,1.00,1,99d1c7fab316,97,89,struct,,471,7
python,bytes,message,100,29,msgspec-msgpack,0.21.1,756,774,52,1530,1322751.322751,1291989.664083,653594.771242,312,1.00,1,99d1c7fab316,72,61,struct,,472,8
python,bytes,message,100,29,protobuf,7.35.1,1285,1412,50,2697,778210.116732,708215.297450,370782.350760,187,1.00,1,99d1c7fab316,71,59,message,,473,9
python,bytes,message,100,29,cbor2,6.1.3,5411,2869,124,8280,184808.722972,348553.502963,120772.946860,908,1.00,1,99d1c7fab316,122,123,dict,,474,10
python,bytes,message,100,29,serpyco-rs,1.21.0,1966,2260,168,4226,508646.998983,442477.876106,236630.383341,5466,1.00,1,99d1c7fab316,138,134,dataclass,,475,11
python,bytes,message,100,29,dill,0.4.1,51895,8459,202,60354,19269.679160,118217.283367,16568.910097,10948,1.00,1,99d1c7fab316,194,193,dataclass,,476,12
python,bytes,message,100,29,pydantic,2.13.4,5116,9561,168,14677,195465.207193,104591.569919,68133.814812,2329,1.00,1,99d1c7fab316,138,134,model,,477,13
python,bytes,message,100,29,mashumaro,3.22,1578,2916,168,4494,633713.561470,342935.528121,222518.914108,5466,1.00,1,99d1c7fab316,138,134,dataclass,,478,14
python,bytes,message,100,29,msgpack,1.2.1,1872,2516,124,4388,534188.034188,397456.279809,227894.257065,521,1.00,1,99d1c7fab316,124,121,dict,,479,15
python,bytes,message,100,30,json,python-3.14.0,7587,3948,168,11535,131804.402267,253292.806484,86692.674469,2329,1.00,1,99d1c7fab316,138,134,dict,,480,0
python,bytes,message,100,30,msgspec,0.21.1,944,1030,80,1974,1059322.033898,970873.786408,506585.612969,351,1.00,1,99d1c7fab316,97,89,struct,,481,1
python,bytes,message,100,30,orjson,3.11.9,717,987,168,1704,1394700.139470,1013171.225937,586854.460094,5466,1.00,1,99d1c7fab316,138,134,dict,,482,2
python,bytes,message,100,30,protobuf,7.35.1,4645,1398,50,6043,215285.252960,715307.582260,165480.721496,187,1.00,1,99d1c7fab316,71,59,message,,483,3
python,bytes,message,100,30,rapidjson,1.23,3725,3969,168,7694,268456.375839,251952.632905,129971.406291,1492,1.00,1,99d1c7fab316,138,134,dict,,484,4
python,bytes,message,100,30,flatbuffers,25.12.19,24297,6866,104,31163,41157.344528,145645.208273,32089.336713,1162,1.00,1,99d1c7fab316,102,107,dataclass,,485,5
python,bytes,message,100,30,serpyco-rs,1.21.0,1688,2156,168,3844,592417.061611,463821.892393,260145.681582,5466,1.00,1,99d1c7fab316,138,134,dataclass,,486,6
python,bytes,message,100,30,avro,1.12.2,9192,5002,44,14194,108790.252393,199920.031987,70452.303790,1808,1.00,1,99d1c7fab316,64,53,dict,,487,7
python,bytes,message,100,30,msgpack,1.2.1,1650,2071,124,3721,606060.606061,482858.522453,268744.961032,521,1.00,1,99d1c7fab316,124,121,dict,,488,8
python,bytes,message,100,30,cbor2,6.1.3,6221,3226,124,9447,160745.860794,309981.401116,105853.710173,908,1.00,1,99d1c7fab316,122,123,dict,,489,9
python,bytes,message,100,30,pydantic,2.13.4,4677,8927,168,13604,213812.272824,112019.715470,73507.791826,2329,1.00,1,99d1c7fab316,138,134,model,,490,10
python,bytes,message,100,30,mashumaro,3.22,1302,2805,168,4107,768049.155146,356506.238859,243486.729973,5466,1.00,1,99d1c7fab316,138,134,dataclass,,491,11
python,bytes,message,100,30,cloudpickle,3.1.2,16623,4685,202,21308,60157.612946,213447.171825,46930.730242,8946,1.00,1,99d1c7fab316,194,193,dataclass,,492,12
python,bytes,message,100,30,pickle,python-3.14.0,4139,2332,202,6471,241604.252235,428816.466552,154535.620461,4969,1.00,1,99d1c7fab316,194,193,dataclass,,493,13
python,bytes,message,100,30,msgspec-msgpack,0.21.1,971,861,52,1832,1029866.117405,1161440.185830,545851.528384,312,1.00,1,99d1c7fab316,72,61,struct,,494,14
python,bytes,message,100,30,dill,0.4.1,49671,7626,202,57297,20132.471664,131130.343562,17452.920746,10948,1.00,1,99d1c7fab316,194,193,dataclass,,495,15
python,bytes,message,100,31,msgpack,1.2.1,1568,2047,124,3615,637755.102041,488519.785051,276625.172891,521,1.00,1,99d1c7fab316,124,121,dict,,496,0
python,bytes,message,100,31,rapidjson,1.23,3398,3604,168,7002,294290.759270,277469.478357,142816.338189,1492,1.00,1,99d1c7fab316,138,134,dict,,497,1
python,bytes,message,100,31,cbor2,6.1.3,17281,2709,124,19990,57867.021584,369139.904024,50025.012506,908,1.00,1,99d1c7fab316,122,123,dict,,498,2
python,bytes,message,100,31,cloudpickle,3.1.2,12235,3186,202,15421,81732.733960,313873.195229,64846.637702,8946,1.00,1,99d1c7fab316,194,193,dataclass,,499,3
python,bytes,message,100,31,msgspec,0.21.1,1139,1127,80,2266,877963.125549,887311.446318,441306.266549,351,1.00,1,99d1c7fab316,97,89,struct,,500,4
python,bytes,message,100,31,avro,1.12.2,8160,4466,44,12626,122549.019608,223914.017017,79201.647394,1808,1.00,1,99d1c7fab316,64,53,dict,,501,5
python,bytes,message,100,31,flatbuffers,25.12.19,25249,6911,104,32160,39605.528932,144696.860078,31094.527363,1162,1.00,1,99d1c7fab316,102,107,dataclass,,502,6
python,bytes,message,100,31,mashumaro,3.22,1641,2939,168,4580,609384.521633,340251.786322,218340.611354,5466,1.00,1,99d1c7fab316,138,134,dataclass,,503,7
python,bytes,message,100,31,protobuf,7.35.1,1609,1509,50,3118,621504.039776,662690.523526,320718.409237,187,1.00,1,99d1c7fab316,71,59,message,,504,8
python,bytes,message,100,31,pydantic,2.13.4,4880,9920,168,14800,204918.032787,100806.451613,67567.567568,2329,1.00,1,99d1c7fab316,138,134,model,,505,9
python,bytes,message,100,31,serpyco-rs,1.21.0,1778,2089,168,3867,562429.696288,478697.941599,258598.396690,5466,1.00,1,99d1c7fab316,138,134,dataclass,,506,10
python,bytes,message,100,31,orjson,3.11.9,670,749,168,1419,1492537.313433,1335113.484646,704721.634954,5466,1.00,1,99d1c7fab316,138,134,dict,,507,11
python,bytes,message,100,31,json,python-3.14.0,8048,3906,168,11954,124254.473161,256016.385049,83654.007027,2329,1.00,1,99d1c7fab316,138,134,dict,,508,12
python,bytes,message,100,31,pickle,python-3.14.0,5177,4206,202,9383,193162.062971,237755.587256,106575.722051,4969,1.00,1,99d1c7fab316,194,193,dataclass,,509,13
python,bytes,message,100,31,msgspec-msgpack,0.21.1,877,841,52,1718,1140250.855188,1189060.642093,582072.176950,312,1.00,1,99d1c7fab316,72,61,struct,,510,14
python,bytes,message,100,31,dill,0.4.1,48875,7164,202,56039,20460.358056,139586.823004,17844.715288,10948,1.00,1,99d1c7fab316,194,193,dataclass,,511,15
python,bytes,message,100,32,mashumaro,3.22,1267,2548,168,3815,789265.982636,392464.678179,262123.197903,5466,1.00,1,99d1c7fab316,138,134,dataclass,,512,0
python,bytes,message,100,32,serpyco-rs,1.21.0,1333,1638,168,2971,750187.546887,610500.610501,336587.007742,5466,1.00,1,99d1c7fab316,138,134,dataclass,,513,1
python,bytes,message,100,32,msgpack,1.2.1,1896,2295,124,4191,527426.160338,435729.847495,238606.537819,521,1.00,1,99d1c7fab316,124,121,dict,,514,2
python,bytes,message,100,32,pydantic,2.13.4,4097,9263,168,13360,244081.034904,107956.385620,74850.299401,2329,1.00,1,99d1c7fab316,138,134,model,,515,3
python,bytes,message,100,32,pickle,python-3.14.0,4624,2905,202,7529,216262.975779,344234.079174,132819.763581,4969,1.00,1,99d1c7fab316,194,193,dataclass,,516,4
python,bytes,message,100,32,dill,0.4.1,43557,6754,202,50311,22958.422297,148060.408647,19876.368985,10948,1.00,1,99d1c7fab316,194,193,dataclass,,517,5
python,bytes,message,100,32,avro,1.12.2,7982,5036,44,13018,125281.884240,198570.293884,76816.715317,1808,1.00,1,99d1c7fab316,64,53,dict,,518,6
python,bytes,message,100,32,rapidjson,1.23,4360,4528,168,8888,229357.798165,220848.056537,112511.251125,1492,1.00,1,99d1c7fab316,138,134,dict,,519,7
python,bytes,message,100,32,cloudpickle,3.1.2,14166,3470,202,17636,70591.557250,288184.438040,56702.200045,8946,1.00,1,99d1c7fab316,194,193,dataclass,,520,8
python,bytes,message,100,32,orjson,3.11.9,919,1273,168,2192,1088139.281828,785545.954438,456204.379562,5466,1.00,1,99d1c7fab316,138,134,dict,,521,9
python,bytes,message,100,32,msgspec,0.21.1,1339,1572,80,2911,746825.989544,636132.315522,343524.562006,351,1.00,1,99d1c7fab316,97,89,struct,,522,10
python,bytes,message,100,32,msgspec-msgpack,0.21.1,1021,832,52,1853,979431.929481,1201923.076923,539665.407447,312,1.00,1,99d1c7fab316,72,61,struct,,523,11
python,bytes,message,100,32,flatbuffers,25.12.19,28502,7225,104,35727,35085.257175,138408.304498,27990.035547,1162,1.00,1,99d1c7fab316,102,107,dataclass,,524,12
python,bytes,message,100,32,json,python-3.14.0,7840,5342,168,13182,127551.020408,187195.806814,75861.022607,2329,1.00,1,99d1c7fab316,138,134,dict,,525,13
python,bytes,message,100,32,protobuf,7.35.1,1895,1878,50,3773,527704.485488,532481.363152,265041.081368,187,1.00,1,99d1c7fab316,71,59,message,,526,14
python,bytes,message,100,32,cbor2,6.1.3,7540,3895,124,11435,132625.994695,256739.409499,87450.808920,908,1.00,1,99d1c7fab316,122,123,dict,,527,15
python,bytes,message,100,33,flatbuffers,25.12.19,23253,6203,104,29456,43005.203630,161212.316621,33948.940793,1162,1.00,1,99d1c7fab316,102,107,dataclass,,528,0
python,bytes,message,100,33,mashumaro,3.22,1573,3095,168,4668,635727.908455,323101.777060,214224.507284,5466,1.00,1,99d1c7fab316,138,134,dataclass,,529,1
python,bytes,message,100,33,rapidjson,1.23,3084,3308,168,6392,324254.215305,302297.460701,156445.556946,1492,1.00,1,99d1c7fab316,138,134,dict,,530,2
python,bytes,message,100,33,avro,1.12.2,7494,4207,44,11701,133440.085402,237699.072974,85462.780959,1808,1.00,1,99d1c7fab316,64,53,dict,,531,3
python,bytes,message,100,33,protobuf,7.35.1,972,1190,50,2162,1028806.584362,840336.134454,462534.690102,187,1.00,1,99d1c7fab316,71,59,message,,532,4
python,bytes,message,100,33,dill,0.4.1,53414,8775,202,62189,18721.683454,113960.113960,16080.014150,10948,1.00,1,99d1c7fab316,194,193,dataclass,,533,5
python,bytes,message,100,33,pickle,python-3.14.0,4764,2979,202,7743,209907.640638,335683.115139,129148.908692,4969,1.00,1,99d1c7fab316,194,193,dataclass,,534,6
python,bytes,message,100,33,json,python-3.14.0,7011,5293,168,12304,142633.005277,188928.773852,81274.382315,2329,1.00,1,99d1c7fab316,138,134,dict,,535,7
python,bytes,message,100,33,orjson,3.11.9,871,1225,168,2096,1148105.625718,816326.530612,477099.236641,5466,1.00,1,99d1c7fab316,138,134,dict,,536,8
python,bytes,message,100,33,cbor2,6.1.3,6088,3203,124,9291,164257.555848,312207.305651,107631.040792,908,1.00,1,99d1c7fab316,122,123,dict,,537,9
python,bytes,message,100,33,pydantic,2.13.4,5843,9502,168,15345,171144.959781,105241.001894,65167.807103,2329,1.00,1,99d1c7fab316,138,134,model,,538,10
python,bytes,message,100,33,msgspec-msgpack,0.21.1,896,1014,52,1910,1116071.428571,986193.293886,523560.209424,312,1.00,1,99d1c7fab316,72,61,struct,,539,11
python,bytes,message,100,33,msgspec,0.21.1,952,1518,80,2470,1050420.168067,658761.528327,404858.299595,351,1.00,1,99d1c7fab316,97,89,struct,,540,12
python,bytes,message,100,33,serpyco-rs,1.21.0,1864,2184,168,4048,536480.686695,457875.457875,247035.573123,5466,1.00,1,99d1c7fab316,138,134,dataclass,,541,13
python,bytes,message,100,33,cloudpickle,3.1.2,14396,3610,202,18006,69463.739928,277008.310249,55537.043208,8946,1.00,1,99d1c7fab316,194,193,dataclass,,542,14
python,bytes,message,100,33,msgpack,1.2.1,2144,2539,124,4683,466417.910448,393855.848759,213538.330130,521,1.00,1,99d1c7fab316,124,121,dict,,543,15
python,bytes,message,100,34,flatbuffers,25.12.19,26395,7146,104,33541,37885.963251,139938.427092,29814.257178,1162,1.00,1,99d1c7fab316,102,107,dataclass,,544,0
python,bytes,message,100,34,json,python-3.14.0,6952,4045,168,10997,143843.498274,247218.788628,90933.891061,2329,1.00,1,99d1c7fab316,138,134,dict,,545,1
python,bytes,message,100,34,serpyco-rs,1.21.0,1305,1971,168,3276,766283.524904,507356.671740,305250.305250,5466,1.00,1,99d1c7fab316,138,134,dataclass,,546,2
python,bytes,message,100,34,msgspec-msgpack,0.21.1,7549,608,52,8157,132467.876540,1644736.842105,122594.090965,312,1.00,1,99d1c7fab316,72,61,struct,,547,3
python,bytes,message,100,34,msgspec,0.21.1,737,789,80,1526,1356852.103121,1267427.122940,655307.994758,351,1.00,1,99d1c7fab316,97,89,struct,,548,4
python,bytes,message,100,34,orjson,3.11.9,665,917,168,1582,1503759.398496,1090512.540894,632111.251580,5466,1.00,1,99d1c7fab316,138,134,dict,,549,5
python,bytes,message,100,34,cloudpickle,3.1.2,10632,3055,202,13687,94055.680963,327332.242226,73062.029663,8946,1.00,1,99d1c7fab316,194,193,dataclass,,550,6
python,bytes,message,100,34,protobuf,7.35.1,1614,1591,50,3205,619578.686493,628535.512256,312012.480499,187,1.00,1,99d1c7fab316,71,59,message,,551,7
python,bytes,message,100,34,mashumaro,3.22,1138,2628,168,3766,878734.622144,380517.503805,265533.722783,5466,1.00,1,99d1c7fab316,138,134,dataclass,,552,8
python,bytes,message,100,34,pickle,python-3.14.0,4070,2509,202,6579,245700.245700,398565.165405,151998.784010,4969,1.00,1,99d1c7fab316,194,193,dataclass,,553,9
python,bytes,message,100,34,pydantic,2.13.4,4586,8074,168,12660,218054.949847,123854.347288,78988.941548,2329,1.00,1,99d1c7fab316,138,134,model,,554,10
python,bytes,message,100,34,avro,1.12.2,7770,4723,44,12493,128700.128700,211729.832733,80044.825102,1808,1.00,1,99d1c7fab316,64,53,dict,,555,11
python,bytes,message,100,34,dill,0.4.1,50120,8159,202,58279,19952.114924,122564.039711,17158.839376,10948,1.00,1,99d1c7fab316,194,193,dataclass,,556,12
python,bytes,message,100,34,cbor2,6.1.3,6371,3028,124,9399,156961.230576,330250.990753,106394.297266,908,1.00,1,99d1c7fab316,122,123,dict,,557,13
python,bytes,message,100,34,msgpack,1.2.1,1764,2425,124,4189,566893.424036,412371.134021,238720.458343,521,1.00,1,99d1c7fab316,124,121,dict,,558,14
python,bytes,message,100,34,rapidjson,1.23,3908,3847,168,7755,255885.363357,259942.812581,128949.065119,1492,1.00,1,99d1c7fab316,138,134,dict,,559,15
python,bytes,message,100,35,serpyco-rs,1.21.0,1619,2038,168,3657,617665.225448,490677.134446,273448.181570,5466,1.00,1,99d1c7fab316,138,134,dataclass,,560,0
python,bytes,message,100,35,mashumaro,3.22,1198,2461,168,3659,834724.540902,406338.886631,273298.715496,5466,1.00,1,99d1c7fab316,138,134,dataclass,,561,1
python,bytes,message,100,35,msgspec,0.21.1,1097,1176,80,2273,911577.028259,850340.136054,439947.206335,351,1.00,1,99d1c7fab316,97,89,struct,,562,2
python,bytes,message,100,35,dill,0.4.1,44166,7358,202,51524,22641.851198,135906.496331,19408.431022,10948,1.00,1,99d1c7fab316,194,193,dataclass,,563,3
python,bytes,message,100,35,orjson,3.11.9,667,1008,168,1675,1499250.374813,992063.492063,597014.925373,5466,1.00,1,99d1c7fab316,138,134,dict,,564,4
python,bytes,message,100,35,msgspec-msgpack,0.21.1,829,735,52,1564,1206272.617612,1360544.217687,639386.189258,312,1.00,1,99d1c7fab316,72,61,struct,,565,5
python,bytes,message,100,35,pydantic,2.13.4,4843,9654,168,14497,206483.584555,103584.006629,68979.788922,2329,1.00,1,99d1c7fab316,138,134,model,,566,6
python,bytes,message,100,35,pickle,python-3.14.0,4900,3513,202,8413,204081.632653,284656.988329,118863.663378,4969,1.00,1,99d1c7fab316,194,193,dataclass,,567,7
python,bytes,message,100,35,protobuf,7.35.1,1549,1765,50,3314,645577.792124,566572.237960,301750.150875,187,1.00,1,99d1c7fab316,71,59,message,,568,8
python,bytes,message,100,35,rapidjson,1.23,3621,3693,168,7314,276166.804750,270782.561603,136724.090785,1492,1.00,1,99d1c7fab316,138,134,dict,,569,9
python,bytes,message,100,35,msgpack,1.2.1,1752,2350,124,4102,570776.255708,425531.914894,243783.520234,521,1.00,1,99d1c7fab316,124,121,dict,,570,10
python,bytes,message,100,35,cbor2,6.1.3,6122,3064,124,9186,163345.311990,326370.757180,108861.310690,908,1.00,1,99d1c7fab316,122,123,dict,,571,11
python,bytes,message,100,35,json,python-3.14.0,7850,4692,168,12542,127388.535032,213128.729753,79732.100144,2329,1.00,1,99d1c7fab316,138,134,dict,,572,12
python,bytes,message,100,35,flatbuffers,25.12.19,27791,7535,104,35326,35982.872153,132714.001327,28307.761988,1162,1.00,1,99d1c7fab316,102,107,dataclass,,573,13
python,bytes,message,100,35,cloudpickle,3.1.2,14237,3519,202,17756,70239.516752,284171.639670,56318.990764,8946,1.00,1,99d1c7fab316,194,193,dataclass,,574,14
python,bytes,message,100,35,avro,1.12.2,8422,5127,44,13549,118736.642128,195045.835771,73806.184958,1808,1.00,1,99d1c7fab316,64,53,dict,,575,15
python,bytes,message,100,36,pickle,python-3.14.0,3725,2612,202,6337,268456.375839,382848.392037,157803.376992,4969,1.00,1,99d1c7fab316,194,193,dataclass,,576,0
python,bytes,message,100,36,cloudpickle,3.1.2,8742,2086,202,10828,114390.299703,479386.385427,92353.158478,8946,1.00,1,99d1c7fab316,194,193,dataclass,,577,1
python,bytes,message,100,36,orjson,3.11.9,964,1480,168,2444,1037344.398340,675675.675676,409165.302782,5466,1.00,1,99d1c7fab316,138,134,dict,,578,2
python,bytes,message,100,36,protobuf,7.35.1,1127,1391,50,2518,887311.446318,718907.260963,397140.587768,187,1.00,1,99d1c7fab316,71,59,message,,579,3
python,bytes,message,100,36,avro,1.12.2,5727,3401,44,9128,174611.489436,294031.167304,109553.023663,1808,1.00,1,99d1c7fab316,64,53,dict,,580,4
python,bytes,message,100,36,flatbuffers,25.12.19,23525,6554,104,30079,42507.970244,152578.577968,33245.786097,1162,1.00,1,99d1c7fab316,102,107,dataclass,,581,5
python,bytes,message,100,36,pydantic,2.13.4,4565,8434,168,12999,219058.050383,118567.702158,76928.994538,2329,1.00,1,99d1c7fab316,138,134,model,,582,6
python,bytes,message,100,36,rapidjson,1.23,3433,3309,168,6742,291290.416545,302206.104563,148323.939484,1492,1.00,1,99d1c7fab316,138,134,dict,,583,7
python,bytes,message,100,36,json,python-3.14.0,6993,3440,168,10433,143000.143000,290697.674419,95849.707658,2329,1.00,1,99d1c7fab316,138,134,dict,,584,8
python,bytes,message,100,36,msgspec-msgpack,0.21.1,1030,914,52,1944,970873.786408,1094091.903720,514403.292181,312,1.00,1,99d1c7fab316,72,61,struct,,585,9
python,bytes,message,100,36,msgpack,1.2.1,1728,2310,124,4038,578703.703704,432900.432900,247647.350173,521,1.00,1,99d1c7fab316,124,121,dict,,586,10
python,bytes,message,100,36,dill,0.4.1,49351,7291,202,56642,20263.013921,137155.397065,17654.743830,10948,1.00,1,99d1c7fab316,194,193,dataclass,,587,11
python,bytes,message,100,36,mashumaro,3.22,1614,3394,168,5008,619578.686493,294637.595757,199680.511182,5466,1.00,1,99d1c7fab316,138,134,dataclass,,588,12
python,bytes,message,100,36,cbor2,6.1.3,6477,3241,124,9718,154392.465648,308546.744832,102901.831653,908,1.00,1,99d1c7fab316,122,123,dict,,589,13
python,bytes,message,100,36,msgspec,0.21.1,1284,1350,80,2634,778816.199377,740740.740741,379650.721336,351,1.00,1,99d1c7fab316,97,89,struct,,590,14
python,bytes,message,100,36,serpyco-rs,1.21.0,1937,2059,168,3996,516262.261229,485672.656629,250250.250250,5466,1.00,1,99d1c7fab316,138,134,dataclass,,591,15
python,bytes,message,100,37,msgspec,0.21.1,658,754,80,1412,1519756.838906,1326259.946950,708215.297450,351,1.00,1,99d1c7fab316,97,89,struct,,592,0
python,bytes,message,100,37,pydantic,2.13.4,4100,7912,168,12012,243902.439024,126390.293225,83250.083250,2329,1.00,1,99d1c7fab316,138,134,model,,593,1
python,bytes,message,100,37,avro,1.12.2,7026,4085,44,11111,142328.494165,244798.041616,90000.900009,1808,1.00,1,99d1c7fab316,64,53,dict,,594,2
python,bytes,message,100,37,protobuf,7.35.1,1301,1480,50,2781,768639.508071,675675.675676,359582.883855,187,1.00,1,99d1c7fab316,71,59,message,,595,3
python,bytes,message,100,37,dill,0.4.1,46026,7014,202,53040,21726.850041,142571.998859,18853.695324,10948,1.00,1,99d1c7fab316,194,193,dataclass,,596,4
python,bytes,message,100,37,json,python-3.14.0,11285,4325,168,15610,88613.203367,231213.872832,64061.499039,2329,1.00,1,99d1c7fab316,138,134,dict,,597,5
python,bytes,message,100,37,msgspec-msgpack,0.21.1,822,902,52,1724,1216545.012165,1108647.450111,580046.403712,312,1.00,1,99d1c7fab316,72,61,struct,,598,6
python,bytes,message,100,37,rapidjson,1.23,3304,3504,168,6808,302663.438257,285388.127854,146886.016451,1492,1.00,1,99d1c7fab316,138,134,dict,,599,7
python,bytes,message,100,37,mashumaro,3.22,1383,2871,168,4254,723065.798988,348310.693138,235072.872591,5466,1.00,1,99d1c7fab316,138,134,dataclass,,600,8
python,bytes,message,100,37,msgpack,1.2.1,1786,2286,124,4072,559910.414334,437445.319335,245579.567780,521,1.00,1,99d1c7fab316,124,121,dict,,601,9
python,bytes,message,100,37,flatbuffers,25.12.19,26170,7044,104,33214,38211.692778,141964.792731,30107.785873,1162,1.00,1,99d1c7fab316,102,107,dataclass,,602,10
python,bytes,message,100,37,cbor2,6.1.3,6144,3075,124,9219,162760.416667,325203.252033,108471.634668,908,1.00,1,99d1c7fab316,122,123,dict,,603,11
python,bytes,message,100,37,pickle,python-3.14.0,4746,3366,202,8112,210703.750527,297088.532383,123274.161736,4969,1.00,1,99d1c7fab316,194,193,dataclass,,604,12
python,bytes,message,100,37,cloudpickle,3.1.2,11295,2395,202,13690,88534.749889,417536.534447,73046.018992,8946,1.00,1,99d1c7fab316,194,193,dataclass,,605,13
python,bytes,message,100,37,serpyco-rs,1.21.0,1821,2128,168,3949,549148.819330,469924.812030,253228.665485,5466,1.00,1,99d1c7fab316,138,134,dataclass,,606,14
python,bytes,message,100,37,orjson,3.11.9,635,720,168,1355,1574803.149606,1388888.888889,738007.380074,5466,1.00,1,99d1c7fab316,138,134,dict,,607,15
python,bytes,message,100,38,msgspec,0.21.1,1061,1136,80,2197,942507.068803,880281.690141,455166.135640,351,1.00,1,99d1c7fab316,97,89,struct,,608,0
python,bytes,message,100,38,orjson,3.11.9,522,832,168,1354,1915708.812261,1201923.076923,738552.437223,5466,1.00,1,99d1c7fab316,138,134,dict,,609,1
python,bytes,message,100,38,flatbuffers,25.12.19,22488,6379,104,28867,44468.160797,156764.383132,34641.632314,1162,1.00,1,99d1c7fab316,102,107,dataclass,,610,2
python,bytes,message,100,38,cloudpickle,3.1.2,9003,2942,202,11945,111074.086416,339904.826649,83717.036417,8946,1.00,1,99d1c7fab316,194,193,dataclass,,611,3
python,bytes,message,100,38,avro,1.12.2,7513,4313,44,11826,133102.622122,231857.175980,84559.445290,1808,1.00,1,99d1c7fab316,64,53,dict,,612,4
python,bytes,message,100,38,mashumaro,3.22,1229,2634,168,3863,813669.650122,379650.721336,258866.166192,5466,1.00,1,99d1c7fab316,138,134,dataclass,,613,5
python,bytes,message,100,38,serpyco-rs,1.21.0,1211,1658,168,2869,825763.831544,603136.308806,348553.502963,5466,1.00,1,99d1c7fab316,138,134,dataclass,,614,6
python,bytes,message,100,38,pickle,python-3.14.0,3462,2466,202,5928,288850.375505,405515.004055,168690.958165,4969,1.00,1,99d1c7fab316,194,193,dataclass,,615,7
python,bytes,message,100,38,pydantic,2.13.4,4954,9871,168,14825,201857.085184,101306.858474,67453.625632,2329,1.00,1,99d1c7fab316,138,134,model,,616,8
python,bytes,message,100,38,json,python-3.14.0,7614,3456,168,11070,131337.010770,289351.851852,90334.236676,2329,1.00,1,99d1c7fab316,138,134,dict,,617,9
python,bytes,message,100,38,cbor2,6.1.3,5871,3060,124,8931,170328.734458,326797.385621,111969.544284,908,1.00,1,99d1c7fab316,122,123,dict,,618,10
python,bytes,message,100,38,msgpack,1.2.1,1733,2433,124,4166,577034.045009,411015.207563,240038.406145,521,1.00,1,99d1c7fab316,124,121,dict,,619,11
python,bytes,message,100,38,msgspec-msgpack,0.21.1,867,871,52,1738,1153402.537486,1148105.625718,575373.993096,312,1.00,1,99d1c7fab316,72,61,struct,,620,12
python,bytes,message,100,38,protobuf,7.35.1,1526,1565,50,3091,655307.994758,638977.635783,323519.896474,187,1.00,1,99d1c7fab316,71,59,message,,621,13
python,bytes,message,100,38,dill,0.4.1,53238,8353,202,61591,18783.575641,119717.466778,16236.138397,10948,1.00,1,99d1c7fab316,194,193,dataclass,,622,14
python,bytes,message,100,38,rapidjson,1.23,3763,3817,168,7580,265745.415892,261985.852764,131926.121372,1492,1.00,1,99d1c7fab316,138,134,dict,,623,15
python,bytes,message,100,39,json,python-3.14.0,6460,4276,168,10736,154798.761610,233863.423761,93144.560358,2329,1.00,1,99d1c7fab316,138,134,dict,,624,0
python,bytes,message,100,39,dill,0.4.1,41356,6254,202,47610,24180.288229,159897.665494,21003.990758,10948,1.00,1,99d1c7fab316,194,193,dataclass,,625,1
python,bytes,message,100,39,pickle,python-3.14.0,3752,2627,202,6379,266524.520256,380662.352493,156764.383132,4969,1.00,1,99d1c7fab316,194,193,dataclass,,626,2
python,bytes,message,100,39,cbor2,6.1.3,5135,3112,124,8247,194741.966894,321336.760925,121256.214381,908,1.00,1,99d1c7fab316,122,123,dict,,627,3
python,bytes,message,100,39,flatbuffers,25.12.19,27610,7428,104,35038,36218.761318,134625.740442,28540.441806,1162,1.00,1,99d1c7fab316,102,107,dataclass,,628,4
python,bytes,message,100,39,cloudpickle,3.1.2,11502,2930,202,14432,86941.401495,341296.928328,69290.465632,8946,1.00,1,99d1c7fab316,194,193,dataclass,,629,5
python,bytes,message,100,39,orjson,3.11.9,1044,1556,168,2600,957854.406130,642673.521851,384615.384615,5466,1.00,1,99d1c7fab316,138,134,dict,,630,6
python,bytes,message,100,39,msgspec,0.21.1,1374,1334,80,2708,727802.037846,749625.187406,369276.218612,351,1.00,1,99d1c7fab316,97,89,struct,,631,7
python,bytes,message,100,39,protobuf,7.35.1,1457,1475,50,2932,686341.798216,677966.101695,341064.120055,187,1.00,1,99d1c7fab316,71,59,message,,632,8
python,bytes,message,100,39,msgspec-msgpack,0.21.1,837,871,52,1708,1194743.130227,1148105.625718,585480.093677,312,1.00,1,99d1c7fab316,72,61,struct,,633,9
python,bytes,message,100,39,avro,1.12.2,7542,4795,44,12337,132590.824715,208550.573514,81056.983059,1808,1.00,1,99d1c7fab316,64,53,dict,,634,10
python,bytes,message,100,39,msgpack,1.2.1,1797,2352,124,4149,556483.027268,425170.068027,241021.932996,521,1.00,1,99d1c7fab316,124,121,dict,,635,11
python,bytes,message,100,39,mashumaro,3.22,1458,2836,168,4294,685871.056241,352609.308886,232883.092687,5466,1.00,1,99d1c7fab316,138,134,dataclass,,636,12
python,bytes,message,100,39,pydantic,2.13.4,4755,9089,168,13844,210304.942166,110023.104852,72233.458538,2329,1.00,1,99d1c7fab316,138,134,model,,637,13
python,bytes,message,100,39,serpyco-rs,1.21.0,1712,1867,168,3579,584112.149533,535618.639529,279407.655770,5466,1.00,1,99d1c7fab316,138,134,dataclass,,638,14
python,bytes,message,100,39,rapidjson,1.23,3734,3769,168,7503,267809.319764,265322.366676,133280.021325,1492,1.00,1,99d1c7fab316,138,134,dict,,639,15
python,bytes,message,100,40,pydantic,2.13.4,3034,6252,168,9286,329597.890574,159948.816379,107688.994185,2329,1.00,1,99d1c7fab316,138,134,model,,640,0
python,bytes,message,100,40,protobuf,7.35.1,1122,1337,50,2459,891265.597148,747943.156320,406669.377796,187,1.00,1,99d1c7fab316,71,59,message,,641,1
python,bytes,message,100,40,msgspec,0.21.1,1004,1069,80,2073,996015.936255,935453.695042,482392.667631,351,1.00,1,99d1c7fab316,97,89,struct,,642,2
python,bytes,message,100,40,dill,0.4.1,46483,7661,202,54144,21513.241400,130531.262237,18469.267139,10948,1.00,1,99d1c7fab316,194,193,dataclass,,643,3
python,bytes,message,100,40,pickle,python-3.14.0,3831,2521,202,6352,261028.452101,396667.988893,157430.730479,4969,1.00,1,99d1c7fab316,194,193,dataclass,,644,4
python,bytes,message,100,40,orjson,3.11.9,660,1163,168,1823,1515151.515152,859845.227859,548546.352167,5466,1.00,1,99d1c7fab316,138,134,dict,,645,5
python,bytes,message,100,40,msgspec-msgpack,0.21.1,845,858,52,1703,1183431.952663,1165501.165501,587199.060482,312,1.00,1,99d1c7fab316,72,61,struct,,646,6
python,bytes,message,100,40,cbor2,6.1.3,5924,3264,124,9188,168804.861580,306372.549020,108837.614279,908,1.00,1,99d1c7fab316,122,123,dict,,647,7
python,bytes,message,100,40,mashumaro,3.22,1400,2525,168,3925,714285.714286,396039.603960,254777.070064,5466,1.00,1,99d1c7fab316,138,134,dataclass,,648,8
python,bytes,message,100,40,serpyco-rs,1.21.0,1267,1559,168,2826,789265.982636,641436.818473,353857.041755,5466,1.00,1,99d1c7fab316,138,134,dataclass,,649,9
python,bytes,message,100,40,flatbuffers,25.12.19,26887,7098,104,33985,37192.695355,140884.756269,29424.746212,1162,1.00,1,99d1c7fab316,102,107,dataclass,,650,10
python,bytes,message,100,40,rapidjson,1.23,3332,3560,168,6892,300120.048019,280898.876404,145095.763204,1492,1.00,1,99d1c7fab316,138,134,dict,,651,11
python,bytes,message,100,40,cloudpickle,3.1.2,12590,3337,202,15927,79428.117554,299670.362601,62786.463239,8946,1.00,1,99d1c7fab316,194,193,dataclass,,652,12
python,bytes,message,100,40,json,python-3.14.0,7584,5077,168,12661,131856.540084,196966.712626,78982.702788,2329,1.00,1,99d1c7fab316,138,134,dict,,653,13
python,bytes,message,100,40,msgpack,1.2.1,1819,2416,124,4235,549752.611325,413907.284768,236127.508855,521,1.00,1,99d1c7fab316,124,121,dict,,654,14
python,bytes,message,100,40,avro,1.12.2,7891,4605,44,12496,126726.650615,217155.266015,80025.608195,1808,1.00,1,99d1c7fab316,64,53,dict,,655,15
python,bytes,message,100,41,avro,1.12.2,3850,2543,44,6393,259740.259740,393236.335037,156421.085562,1808,1.00,1,99d1c7fab316,64,53,dict,,656,0
python,bytes,message,100,41,flatbuffers,25.12.19,24459,6222,104,30681,40884.745901,160720.025715,32593.461752,1162,1.00,1,99d1c7fab316,102,107,dataclass,,657,1
python,bytes,message,100,41,rapidjson,1.23,2739,7060,168,9799,365096.750639,141643.059490,102051.229717,1492,1.00,1,99d1c7fab316,138,134,dict,,658,2
python,bytes,message,100,41,msgspec,0.21.1,1286,1300,80,2586,777604.976672,769230.769231,386697.602475,351,1.00,1,99d1c7fab316,97,89,struct,,659,3
python,bytes,message,100,41,protobuf,7.35.1,1581,1636,50,3217,632511.068944,611246.943765,310848.616724,187,1.00,1,99d1c7fab316,71,59,message,,660,4
python,bytes,message,100,41,msgpack,1.2.1,1445,2008,124,3453,692041.522491,498007.968127,289603.243556,521,1.00,1,99d1c7fab316,124,121,dict,,661,5
python,bytes,message,100,41,json,python-3.14.0,6173,4532,168,10705,161995.788110,220653.133274,93414.292387,2329,1.00,1,99d1c7fab316,138,134,dict,,662,6
python,bytes,message,100,41,pickle,python-3.14.0,4701,3470,202,8171,212720.697724,288184.438040,122384.041121,4969,1.00,1,99d1c7fab316,194,193,dataclass,,663,7
python,bytes,message,100,41,msgspec-msgpack,0.21.1,783,830,52,1613,1277139.208174,1204819.277108,619962.802232,312,1.00,1,99d1c7fab316,72,61,struct,,664,8
python,bytes,message,100,41,cbor2,6.1.3,6241,3243,124,9484,160230.732254,308356.460068,105440.742303,908,1.00,1,99d1c7fab316,122,123,dict,,665,9
python,bytes,message,100,41,orjson,3.11.9,1213,1723,168,2936,824402.308326,580383.052815,340599.455041,5466,1.00,1,99d1c7fab316,138,134,dict,,666,10
python,bytes,message,100,41,cloudpickle,3.1.2,11208,2624,202,13832,89221.984297,381097.560976,72296.124928,8946,1.00,1,99d1c7fab316,194,193,dataclass,,667,11
python,bytes,message,100,41,pydantic,2.13.4,5356,8824,168,14180,186706.497386,113327.289211,70521.861777,2329,1.00,1,99d1c7fab316,138,134,model,,668,12
python,bytes,message,100,41,serpyco-rs,1.21.0,1718,2221,168,3939,582072.176950,450247.636200,253871.541000,5466,1.00,1,99d1c7fab316,138,134,dataclass,,669,13
python,bytes,message,100,41,mashumaro,3.22,1300,2602,168,3902,769230.769231,384319.754035,256278.831369,5466,1.00,1,99d1c7fab316,138,134,dataclass,,670,14
python,bytes,message,100,41,dill,0.4.1,52708,7978,202,60686,18972.452000,125344.697919,16478.265168,10948,1.00,1,99d1c7fab316,194,193,dataclass,,671,15
python,bytes,message,100,42,cbor2,6.1.3,5125,2849,124,7974,195121.951220,351000.351000,125407.574618,908,1.00,1,99d1c7fab316,122,123,dict,,672,0
python,bytes,message,100,42,protobuf,7.35.1,1478,1548,50,3026,676589.986468,645994.832041,330469.266358,187,1.00,1,99d1c7fab316,71,59,message,,673,1
python,bytes,message,100,42,pickle,python-3.14.0,4198,3001,202,7199,238208.670796,333222.259247,138908.181692,4969,1.00,1,99d1c7fab316,194,193,dataclass,,674,2
python,bytes,message,100,42,json,python-3.14.0,6564,4332,168,10896,152346.130408,230840.258541,91776.798825,2329,1.00,1,99d1c7fab316,138,134,dict,,675,3
python,bytes,message,100,42,serpyco-rs,1.21.0,1512,2148,168,3660,661375.661376,465549.348231,273224.043716,5466,1.00,1,99d1c7fab316,138,134,dataclass,,676,4
python,bytes,message,100,42,msgspec-msgpack,0.21.1,989,846,52,1835,1011122.345804,1182033.096927,544959.128065,312,1.00,1,99d1c7fab316,72,61,struct,,677,5
python,bytes,message,100,42,mashumaro,3.22,1222,2302,168,3524,818330.605565,434404.865334,283768.444949,5466,1.00,1,99d1c7fab316,138,134,dataclass,,678,6
python,bytes,message,100,42,msgspec,0.21.1,1018,1146,80,2164,982318.271120,872600.349040,462107.208872,351,1.00,1,99d1c7fab316,97,89,struct,,679,7
python,bytes,message,100,42,pydantic,2.13.4,4446,7966,168,12412,224921.277553,125533.517449,80567.193039,2329,1.00,1,99d1c7fab316,138,134,model,,680,8
python,bytes,message,100,42,dill,0.4.1,47648,7311,202,54959,20987.239758,136780.194228,18195.382012,10948,1.00,1,99d1c7fab316,194,193,dataclass,,681,9
python,bytes,message,100,42,flatbuffers,25.12.19,25450,6483,104,31933,39292.730845,154249.575814,31315.566968,1162,1.00,1,99d1c7fab316,102,107,dataclass,,682,10
python,bytes,message,100,42,orjson,3.11.9,664,1073,168,1737,1506024.096386,931966.449208,575705.238918,5466,1.00,1,99d1c7fab316,138,134,dict,,683,11
python,bytes,message,100,42,msgpack,1.2.1,1794,2233,124,4027,557413.600892,447828.034035,248323.814254,521,1.00,1,99d1c7fab316,124,121,dict,,684,12
python,bytes,message,100,42,cloudpickle,3.1.2,11063,2671,202,13734,90391.394739,374391.613628,72811.999418,8946,1.00,1,99d1c7fab316,194,193,dataclass,,685,13
python,bytes,message,100,42,rapidjson,1.23,3593,3488,168,7081,278318.953521,286697.247706,141222.991103,1492,1.00,1,99d1c7fab316,138,134,dict,,686,14
python,bytes,message,100,42,avro,1.12.2,7614,4647,44,12261,131337.010770,215192.597375,81559.416035,1808,1.00,1,99d1c7fab316,64,53,dict,,687,15
python,bytes,message,100,43,msgpack,1.2.1,1244,1492,124,2736,803858.520900,670241.286863,365497.076023,521,1.00,1,99d1c7fab316,124,121,dict,,688,0
python,bytes,message,100,43,cloudpickle,3.1.2,8586,2620,202,11206,116468.669928,381679.389313,89237.908263,8946,1.00,1,99d1c7fab316,194,193,dataclass,,689,1
python,bytes,message,100,43,protobuf,7.35.1,1469,1570,50,3039,680735.194010,636942.675159,329055.610398,187,1.00,1,99d1c7fab316,71,59,message,,690,2
python,bytes,message,100,43,flatbuffers,25.12.19,23427,6449,104,29876,42685.789901,155062.800434,33471.682956,1162,1.00,1,99d1c7fab316,102,107,dataclass,,691,3
python,bytes,message,100,43,orjson,3.11.9,806,1208,168,2014,1240694.789082,827814.569536,496524.329692,5466,1.00,1,99d1c7fab316,138,134,dict,,692,4
python,bytes,message,100,43,dill,0.4.1,46430,7379,202,53809,21537.798837,135519.718119,18584.251705,10948,1.00,1,99d1c7fab316,194,193,dataclass,,693,5
python,bytes,message,100,43,msgspec-msgpack,0.21.1,1004,909,52,1913,996015.936255,1100110.011001,522739.153163,312,1.00,1,99d1c7fab316,72,61,struct,,694,6
python,bytes,message,100,43,rapidjson,1.23,3016,3240,168,6256,331564.986737,308641.975309,159846.547315,1492,1.00,1,99d1c7fab316,138,134,dict,,695,7
python,bytes,message,100,43,serpyco-rs,1.21.0,1747,1989,168,3736,572409.845449,502765.208648,267665.952891,5466,1.00,1,99d1c7fab316,138,134,dataclass,,696,8
python,bytes,message,100,43,pickle,python-3.14.0,3637,2981,202,6618,274951.883420,335457.900034,151103.052282,4969,1.00,1,99d1c7fab316,194,193,dataclass,,697,9
python,bytes,message,100,43,pydantic,2.13.4,4689,8622,168,13311,213265.088505,115982.370680,75125.835775,2329,1.00,1,99d1c7fab316,138,134,model,,698,10
python,bytes,message,100,43,json,python-3.14.0,6788,2994,168,9782,147318.797879,334001.336005,102228.583112,2329,1.00,1,99d1c7fab316,138,134,dict,,699,11
python,bytes,message,100,43,mashumaro,3.22,1309,2577,168,3886,763941.940413,388048.117967,257334.019557,5466,1.00,1,99d1c7fab316,138,134,dataclass,,700,12
python,bytes,message,100,43,msgspec,0.21.1,1131,1255,80,2386,884173.297966,796812.749004,419111.483655,351,1.00,1,99d1c7fab316,97,89,struct,,701,13
python,bytes,message,100,43,cbor2,6.1.3,6509,3233,124,9742,153633.430635,309310.238169,102648.326832,908,1.00,1,99d1c7fab316,122,123,dict,,702,14
python,bytes,message,100,43,avro,1.12.2,7333,4520,44,11853,136369.834992,221238.938053,84366.826964,1808,1.00,1,99d1c7fab316,64,53,dict,,703,15
python,bytes,message,100,44,avro,1.12.2,4465,2832,44,7297,223964.165733,353107.344633,137042.620255,1808,1.00,1,99d1c7fab316,64,53,dict,,704,0
python,bytes,message,100,44,mashumaro,3.22,1349,2176,168,3525,741289.844329,459558.823529,283687.943262,5466,1.00,1,99d1c7fab316,138,134,dataclass,,705,1
python,bytes,message,100,44,pickle,python-3.14.0,3648,2840,202,6488,274122.807018,352112.676056,154130.702836,4969,1.00,1,99d1c7fab316,194,193,dataclass,,706,2
python,bytes,message,100,44,cloudpickle,3.1.2,10235,2033,202,12268,97703.957010,491883.915396,81512.879035,8946,1.00,1,99d1c7fab316,194,193,dataclass,,707,3
python,bytes,message,100,44,dill,0.4.1,48854,6796,202,55650,20469.152986,147145.379635,17969.451932,10948,1.00,1,99d1c7fab316,194,193,dataclass,,708,4
python,bytes,message,100,44,protobuf,7.35.1,1560,1604,50,3164,641025.641026,623441.396509,316055.625790,187,1.00,1,99d1c7fab316,71,59,message,,709,5
python,bytes,message,100,44,orjson,3.11.9,929,1314,168,2243,1076426.264801,761035.007610,445831.475702,5466,1.00,1,99d1c7fab316,138,134,dict,,710,6
python,bytes,message,100,44,flatbuffers,25.12.19,28300,7659,104,35959,35335.689046,130565.347957,27809.449651,1162,1.00,1,99d1c7fab316,102,107,dataclass,,711,7
python,bytes,message,100,44,serpyco-rs,1.21.0,1814,2122,168,3936,551267.916207,471253.534402,254065.040650,5466,1.00,1,99d1c7fab316,138,134,dataclass,,712,8
python,bytes,message,100,44,msgspec,0.21.1,1217,1246,80,2463,821692.686935,802568.218299,406008.932197,351,1.00,1,99d1c7fab316,97,89,struct,,713,9
python,bytes,message,100,44,rapidjson,1.23,3837,4046,168,7883,260620.276257,247157.686604,126855.258150,1492,1.00,1,99d1c7fab316,138,134,dict,,714,10
python,bytes,message,100,44,json,python-3.14.0,7559,5691,168,13250,132292.631300,175716.042875,75471.698113,2329,1.00,1,99d1c7fab316,138,134,dict,,715,11
python,bytes,message,100,44,msgpack,1.2.1,2100,2565,124,4665,476190.476190,389863.547758,214362.272240,521,1.00,1,99d1c7fab316,124,121,dict,,716,12
python,bytes,message,100,44,cbor2,6.1.3,6016,3184,124,9200,166223.404255,314070.351759,108695.652174,908,1.00,1,99d1c7fab316,122,123,dict,,717,13
python,bytes,message,100,44,pydantic,2.13.4,4917,8285,168,13202,203376.042302,120700.060350,75746.099076,2329,1.00,1,99d1c7fab316,138,134,model,,718,14
python,bytes,message,100,44,msgspec-msgpack,0.21.1,929,1056,52,1985,1076426.264801,946969.696970,503778.337531,312,1.00,1,99d1c7fab316,72,61,struct,,719,15
python,bytes,message,100,45,serpyco-rs,1.21.0,1524,2129,168,3653,656167.979003,469704.086426,273747.604708,5466,1.00,1,99d1c7fab316,138,134,dataclass,,720,0
python,bytes,message,100,45,msgspec,0.21.1,910,877,80,1787,1098901.098901,1140250.855188,559597.090095,351,1.00,1,99d1c7fab316,97,89,struct,,721,1
python,bytes,message,100,45,msgpack,1.2.1,1413,1880,124,3293,707714.083510,531914.893617,303674.460978,521,1.00,1,99d1c7fab316,124,121,dict,,722,2
python,bytes,message,100,45,avro,1.12.2,8384,5015,44,13399,119274.809160,199401.794616,74632.435256,1808,1.00,1,99d1c7fab316,64,53,dict,,723,3
python,bytes,message,100,45,pydantic,2.13.4,3538,7902,168,11440,282645.562465,126550.240445,87412.587413,2329,1.00,1,99d1c7fab316,138,134,model,,724,4
python,bytes,message,100,45,pickle,python-3.14.0,4734,3747,202,8481,211237.853823,266880.170803,117910.623747,4969,1.00,1,99d1c7fab316,194,193,dataclass,,725,5
python,bytes,message,100,45,rapidjson,1.23,3458,3342,168,6800,289184.499711,299222.022741,147058.823529,1492,1.00,1,99d1c7fab316,138,134,dict,,726,6
python,bytes,message,100,45,mashumaro,3.22,1593,3219,168,4812,627746.390458,310655.483069,207813.798836,5466,1.00,1,99d1c7fab316,138,134,dataclass,,727,7
python,bytes,message,100,45,flatbuffers,25.12.19,25872,7059,104,32931,38651.824366,141663.125089,30366.523944,1162,1.00,1,99d1c7fab316,102,107,dataclass,,728,8
python,bytes,message,100,45,msgspec-msgpack,0.21.1,709,704,52,1413,1410437.235543,1420454.545455,707714.083510,312,1.00,1,99d1c7fab316,72,61,struct,,729,9
python,bytes,message,100,45,protobuf,7.35.1,1469,1621,50,3090,680735.194010,616903.146206,323624.595469,187,1.00,1,99d1c7fab316,71,59,message,,730,10
python,bytes,message,100,45,json,python-3.14.0,7505,4518,168,12023,133244.503664,221336.874723,83173.916660,2329,1.00,1,99d1c7fab316,138,134,dict,,731,11
python,bytes,message,100,45,cbor2,6.1.3,6100,3372,124,9472,163934.426230,296559.905101,105574.324324,908,1.00,1,99d1c7fab316,122,123,dict,,732,12
python,bytes,message,100,45,orjson,3.11.9,840,1050,168,1890,1190476.190476,952380.952381,529100.529101,5466,1.00,1,99d1c7fab316,138,134,dict,,733,13
python,bytes,message,100,45,cloudpickle,3.1.2,12060,3202,202,15262,82918.739635,312304.809494,65522.212030,8946,1.00,1,99d1c7fab316,194,193,dataclass,,734,14
python,bytes,message,100,45,dill,0.4.1,48766,7378,202,56144,20506.090309,135538.086202,17811.342263,10948,1.00,1,99d1c7fab316,194,193,dataclass,,735,15
python,bytes,message,100,46,pydantic,2.13.4,4333,8783,168,13116,230786.983614,113856.313333,76242.756938,2329,1.00,1,99d1c7fab316,138,134,model,,736,0
python,bytes,message,100,46,pickle,python-3.14.0,3680,2607,202,6287,271739.130435,383582.662064,159058.374423,4969,1.00,1,99d1c7fab316,194,193,dataclass,,737,1
python,bytes,message,100,46,msgspec-msgpack,0.21.1,916,770,52,1686,1091703.056769,1298701.298701,593119.810202,312,1.00,1,99d1c7fab316,72,61,struct,,738,2
python,bytes,message,100,46,flatbuffers,25.12.19,25702,6881,104,32583,38907.478017,145327.713995,30690.851057,1162,1.00,1,99d1c7fab316,102,107,dataclass,,739,3
python,bytes,message,100,46,orjson,3.11.9,704,1269,168,1973,1420454.545455,788022.064618,506842.372022,5466,1.00,1,99d1c7fab316,138,134,dict,,740,4
python,bytes,message,100,46,cbor2,6.1.3,5218,2859,124,8077,191644.308164,349772.647779,123808.344682,908,1.00,1,99d1c7fab316,122,123,dict,,741,5
python,bytes,message,100,46,rapidjson,1.23,3401,3602,168,7003,294031.167304,277623.542476,142795.944595,1492,1.00,1,99d1c7fab316,138,134,dict,,742,6
python,bytes,message,100,46,mashumaro,3.22,1203,2766,168,3969,831255.195345,361532.899494,251952.632905,5466,1.00,1,99d1c7fab316,138,134,dataclass,,743,7
python,bytes,message,100,46,dill,0.4.1,45148,6907,202,52055,22149.375388,144780.657304,19210.450485,10948,1.00,1,99d1c7fab316,194,193,dataclass,,744,8
python,bytes,message,100,46,protobuf,7.35.1,1529,1592,50,3121,654022.236756,628140.703518,320410.124960,187,1.00,1,99d1c7fab316,71,59,message,,745,9
python,bytes,message,100,46,serpyco-rs,1.21.0,1695,2007,168,3702,589970.501475,498256.103637,270124.257158,5466,1.00,1,99d1c7fab316,138,134,dataclass,,746,10
python,bytes,message,100,46,msgspec,0.21.1,1137,1123,80,2260,879507.475814,890471.950134,442477.876106,351,1.00,1,99d1c7fab316,97,89,struct,,747,11
python,bytes,message,100,46,json,python-3.14.0,7345,4702,168,12047,136147.038802,212675.457252,83008.217814,2329,1.00,1,99d1c7fab316,138,134,dict,,748,12
python,bytes,message,100,46,avro,1.12.2,8289,5387,44,13676,120641.814453,185632.077223,73120.795554,1808,1.00,1,99d1c7fab316,64,53,dict,,749,13
python,bytes,message,100,46,cloudpickle,3.1.2,11853,2956,202,14809,84366.826964,338294.993234,67526.504153,8946,1.00,1,99d1c7fab316,194,193,dataclass,,750,14
python,bytes,message,100,46,msgpack,1.2.1,1944,2401,124,4345,514403.292181,416493.127863,230149.597238,521,1.00,1,99d1c7fab316,124,121,dict,,751,15
python,bytes,message,100,47,dill,0.4.1,43952,6568,202,50520,22752.093193,152253.349574,19794.140934,10948,1.00,1,99d1c7fab316,194,193,dataclass,,752,0
python,bytes,message,100,47,mashumaro,3.22,1271,2972,168,4243,786782.061369,336473.755047,235682.300259,5466,1.00,1,99d1c7fab316,138,134,dataclass,,753,1
python,bytes,message,100,47,json,python-3.14.0,6474,4224,168,10698,154464.009886,236742.424242,93475.415966,2329,1.00,1,99d1c7fab316,138,134,dict,,754,2
python,bytes,message,100,47,pickle,python-3.14.0,3458,2552,202,6010,289184.499711,391849.529781,166389.351082,4969,1.00,1,99d1c7fab316,194,193,dataclass,,755,3
python,bytes,message,100,47,protobuf,7.35.1,1298,1439,50,2737,770416.024653,694927.032662,365363.536719,187,1.00,1,99d1c7fab316,71,59,message,,756,4
python,bytes,message,100,47,msgpack,1.2.1,1586,1955,124,3541,630517.023960,511508.951407,282406.099972,521,1.00,1,99d1c7fab316,124,121,dict,,757,5
python,bytes,message,100,47,msgspec-msgpack,0.21.1,932,913,52,1845,1072961.373391,1095290.251917,542005.420054,312,1.00,1,99d1c7fab316,72,61,struct,,758,6
python,bytes,message,100,47,rapidjson,1.23,3634,3743,168,7377,275178.866263,267165.375367,135556.459265,1492,1.00,1,99d1c7fab316,138,134,dict,,759,7
python,bytes,message,100,47,avro,1.12.2,7724,4704,44,12428,129466.597618,212585.034014,80463.469585,1808,1.00,1,99d1c7fab316,64,53,dict,,760,8
python,bytes,message,100,47,orjson,3.11.9,824,1270,168,2094,1213592.233010,787401.574803,477554.918816,5466,1.00,1,99d1c7fab316,138,134,dict,,761,9
python,bytes,message,100,47,pydantic,2.13.4,5197,9293,168,14490,192418.703098,107607.876897,69013.112491,2329,1.00,1,99d1c7fab316,138,134,model,,762,10
python,bytes,message,100,47,msgspec,0.21.1,1206,1214,80,2420,829187.396352,823723.228995,413223.140496,351,1.00,1,99d1c7fab316,97,89,struct,,763,11
python,bytes,message,100,47,cbor2,6.1.3,6514,3750,124,10264,153515.505066,266666.666667,97427.903352,908,1.00,1,99d1c7fab316,122,123,dict,,764,12
python,bytes,message,100,47,serpyco-rs,1.21.0,2053,2451,168,4504,487092.060399,407996.736026,222024.866785,5466,1.00,1,99d1c7fab316,138,134,dataclass,,765,13
python,bytes,message,100,47,cloudpickle,3.1.2,14414,4142,202,18556,69376.994589,241429.261226,53890.924768,8946,1.00,1,99d1c7fab316,194,193,dataclass,,766,14
python,bytes,message,100,47,flatbuffers,25.12.19,28238,7701,104,35939,35413.272895,129853.265810,27824.925568,1162,1.00,1,99d1c7fab316,102,107,dataclass,,767,15
python,bytes,message,100,48,rapidjson,1.23,3237,3160,168,6397,308928.019771,316455.696203,156323.276536,1492,1.00,1,99d1c7fab316,138,134,dict,,768,0
python,bytes,message,100,48,cbor2,6.1.3,4476,2465,124,6941,223413.762288,405679.513185,144071.459444,908,1.00,1,99d1c7fab316,122,123,dict,,769,1
python,bytes,message,100,48,cloudpickle,3.1.2,10702,3250,202,13952,93440.478415,307692.307692,71674.311927,8946,1.00,1,99d1c7fab316,194,193,dataclass,,770,2
python,bytes,message,100,48,pydantic,2.13.4,4044,8506,168,12550,247279.920870,117564.072419,79681.274900,2329,1.00,1,99d1c7fab316,138,134,model,,771,3
python,bytes,message,100,48,pickle,python-3.14.0,3670,2703,202,6373,272479.564033,369959.304477,156911.972383,4969,1.00,1,99d1c7fab316,194,193,dataclass,,772,4
python,bytes,message,100,48,msgpack,1.2.1,1619,1968,124,3587,617665.225448,508130.081301,278784.499582,521,1.00,1,99d1c7fab316,124,121,dict,,773,5
python,bytes,message,100,48,dill,0.4.1,52092,7701,202,59793,19196.805652,129853.265810,16724.365728,10948,1.00,1,99d1c7fab316,194,193,dataclass,,774,6
python,bytes,message,100,48,orjson,3.11.9,811,1491,168,2302,1233045.622688,670690.811536,434404.865334,5466,1.00,1,99d1c7fab316,138,134,dict,,775,7
python,bytes,message,100,48,serpyco-rs,1.21.0,1425,1673,168,3098,701754.385965,597728.631201,322788.896062,5466,1.00,1,99d1c7fab316,138,134,dataclass,,776,8
python,bytes,message,100,48,json,python-3.14.0,8012,4697,168,12709,124812.780829,212901.852246,78684.396884,2329,1.00,1,99d1c7fab316,138,134,dict,,777,9
python,bytes,message,100,48,mashumaro,3.22,1369,2687,168,4056,730460.189920,372162.262747,246548.323471,5466,1.00,1,99d1c7fab316,138,134,dataclass,,778,10
python,bytes,message,100,48,protobuf,7.35.1,1863,1789,50,3652,536768.652711,558971.492454,273822.562979,187,1.00,1,99d1c7fab316,71,59,message,,779,11
python,bytes,message,100,48,avro,1.12.2,8053,4963,44,13016,124177.325220,201491.033649,76828.518746,1808,1.00,1,99d1c7fab316,64,53,dict,,780,12
python,bytes,message,100,48,msgspec-msgpack,0.21.1,1078,968,52,2046,927643.784787,1033057.851240,488758.553275,312,1.00,1,99d1c7fab316,72,61,struct,,781,13
python,bytes,message,100,48,flatbuffers,25.12.19,26872,7665,104,34537,37213.456386,130463.144162,28954.454643,1162,1.00,1,99d1c7fab316,102,107,dataclass,,782,14
python,bytes,message,100,48,msgspec,0.21.1,1371,1286,80,2657,729394.602480,777604.976672,376364.320662,351,1.00,1,99d1c7fab316,97,89,struct,,783,15
python,bytes,message,100,49,cbor2,6.1.3,6372,3237,124,9609,156936.597615,308928.019771,104069.101884,908,1.00,1,99d1c7fab316,122,123,dict,,784,0
python,bytes,message,100,49,avro,1.12.2,5751,3480,44,9231,173882.802991,287356.321839,108330.625068,1808,1.00,1,99d1c7fab316,64,53,dict,,785,1
python,bytes,message,100,49,msgspec,0.21.1,647,698,80,1345,1545595.054096,1432664.756447,743494.423792,351,1.00,1,99d1c7fab316,97,89,struct,,786,2
python,bytes,message,100,49,json,python-3.14.0,6692,4716,168,11408,149432.157800,212044.105174,87657.784011,2329,1.00,1,99d1c7fab316,138,134,dict,,787,3
python,bytes,message,100,49,mashumaro,3.22,1159,2616,168,3775,862812.769629,382262.996942,264900.662252,5466,1.00,1,99d1c7fab316,138,134,dataclass,,788,4
python,bytes,message,100,49,pydantic,2.13.4,4579,7340,168,11919,218388.294387,136239.782016,83899.656011,2329,1.00,1,99d1c7fab316,138,134,model,,789,5
python,bytes,message,100,49,rapidjson,1.23,3258,3367,168,6625,306936.771025,297000.297000,150943.396226,1492,1.00,1,99d1c7fab316,138,134,dict,,790,6
python,bytes,message,100,49,msgpack,1.2.1,1660,2217,124,3877,602409.638554,451059.990979,257931.390250,521,1.00,1,99d1c7fab316,124,121,dict,,791,7
python,bytes,message,100,49,serpyco-rs,1.21.0,1455,1819,168,3274,687285.223368,549752.611325,305436.774588,5466,1.00,1,99d1c7fab316,138,134,dataclass,,792,8
python,bytes,message,100,49,orjson,3.11.9,550,718,168,1268,1818181.818182,1392757.660167,788643.533123,5466,1.00,1,99d1c7fab316,138,134,dict,,793,9
python,bytes,message,100,49,dill,0.4.1,51084,8462,202,59546,19575.600971,118175.372252,16793.739294,10948,1.00,1,99d1c7fab316,194,193,dataclass,,794,10
python,bytes,message,100,49,cloudpickle,3.1.2,11487,2914,202,14401,87054.931662,343170.899108,69439.622248,8946,1.00,1,99d1c7fab316,194,193,dataclass,,795,11
python,bytes,message,100,49,pickle,python-3.14.0,3348,2166,202,5514,298685.782557,461680.517082,181356.546971,4969,1.00,1,99d1c7fab316,194,193,dataclass,,796,12
python,bytes,message,100,49,flatbuffers,25.12.19,25498,7026,104,32524,39218.762256,142328.494165,30746.525643,1162,1.00,1,99d1c7fab316,102,107,dataclass,,797,13
python,bytes,message,100,49,protobuf,7.35.1,1695,1675,50,3370,589970.501475,597014.925373,296735.905045,187,1.00,1,99d1c7fab316,71,59,message,,798,14
python,bytes,message,100,49,msgspec-msgpack,0.21.1,1026,1025,52,2051,974658.869396,975609.756098,487567.040468,312,1.00,1,99d1c7fab316,72,61,struct,,799,15
python,bytes,message,100,50,pickle,python-3.14.0,3522,2764,202,6286,283929.585463,361794.500724,159083.678015,4969,1.00,1,99d1c7fab316,194,193,dataclass,,800,0
python,bytes,message,100,50,cbor2,6.1.3,5686,2930,124,8616,175870.559268,341296.928328,116063.138347,908,1.00,1,99d1c7fab316,122,123,dict,,801,1
python,bytes,message,100,50,msgspec,0.21.1,952,1002,80,1954,1050420.168067,998003.992016,511770.726714,351,1.00,1,99d1c7fab316,97,89,struct,,802,2
python,bytes,message,100,50,msgpack,1.2.1,1671,1938,124,3609,598444.045482,515995.872033,277085.065115,521,1.00,1,99d1c7fab316,124,121,dict,,803,3
python,bytes,message,100,50,mashumaro,3.22,1661,2996,168,4657,602046.959663,333778.371162,214730.513206,5466,1.00,1,99d1c7fab316,138,134,dataclass,,804,4
python,bytes,message,100,50,orjson,3.11.9,572,697,168,1269,1748251.748252,1434720.229555,788022.064618,5466,1.00,1,99d1c7fab316,138,134,dict,,805,5
python,bytes,message,100,50,rapidjson,1.23,3282,3333,168,6615,304692.260817,300030.003000,151171.579743,1492,1.00,1,99d1c7fab316,138,134,dict,,806,6
python,bytes,message,100,50,cloudpickle,3.1.2,11034,2788,202,13822,90628.965017,358680.057389,72348.430039,8946,1.00,1,99d1c7fab316,194,193,dataclass,,807,7
python,bytes,message,100,50,msgspec-msgpack,0.21.1,759,751,52,1510,1317523.056653,1331557.922770,662251.655629,312,1.00,1,99d1c7fab316,72,61,struct,,808,8
python,bytes,message,100,50,dill,0.4.1,48356,7322,202,55678,20679.956986,136574.706364,17960.415245,10948,1.00,1,99d1c7fab316,194,193,dataclass,,809,9
python,bytes,message,100,50,protobuf,7.35.1,1419,1410,50,2829,704721.634954,709219.858156,353481.795688,187,1.00,1,99d1c7fab316,71,59,message,,810,10
python,bytes,message,100,50,pydantic,2.13.4,4560,10158,168,14718,219298.245614,98444.575704,67944.014132,2329,1.00,1,99d1c7fab316,138,134,model,,811,11
python,bytes,message,100,50,flatbuffers,25.12.19,26999,7671,104,34670,37038.408830,130361.100248,28843.380444,1162,1.00,1,99d1c7fab316,102,107,dataclass,,812,12
python,bytes,message,100,50,serpyco-rs,1.21.0,1902,2574,168,4476,525762.355415,388500.388500,223413.762288,5466,1.00,1,99d1c7fab316,138,134,dataclass,,813,13
python,bytes,message,100,50,avro,1.12.2,13232,5735,44,18967,75574.365175,174367.916303,52723.150735,1808,1.00,1,99d1c7fab316,64,53,dict,,814,14
python,bytes,message,100,50,json,python-3.14.0,8490,4693,168,13183,117785.630153,213083.315576,75855.268148,2329,1.00,1,99d1c7fab316,138,134,dict,,815,15
python,bytes,message,100,51,msgspec,0.21.1,1697,1304,80,3001,589275.191514,766871.165644,333222.259247,351,1.00,1,99d1c7fab316,97,89,struct,,816,0
python,bytes,message,100,51,mashumaro,3.22,1462,2953,168,4415,683994.528044,338638.672536,226500.566251,5466,1.00,1,99d1c7fab316,138,134,dataclass,,817,1
python,bytes,message,100,51,rapidjson,1.23,3891,3791,168,7682,257003.341043,263782.643102,130174.433741,1492,1.00,1,99d1c7fab316,138,134,dict,,818,2
python,bytes,message,100,51,flatbuffers,25.12.19,23334,6091,104,29425,42855.918402,164176.654080,33984.706882,1162,1.00,1,99d1c7fab316,102,107,dataclass,,819,3
python,bytes,message,100,51,pickle,python-3.14.0,5834,4661,202,10495,171408.981831,214546.234714,95283.468318,4969,1.00,1,99d1c7fab316,194,193,dataclass,,820,4
python,bytes,message,100,51,cbor2,6.1.3,6732,3547,124,10279,148544.266191,281928.390189,97285.728184,908,1.00,1,99d1c7fab316,122,123,dict,,821,5
python,bytes,message,100,51,avro,1.12.2,6518,4078,44,10596,153421.294876,245218.244237,94375.235938,1808,1.00,1,99d1c7fab316,64,53,dict,,822,6
python,bytes,message,100,51,serpyco-rs,1.21.0,1602,2086,168,3688,624219.725343,479386.385427,271149.674620,5466,1.00,1,99d1c7fab316,138,134,dataclass,,823,7
python,bytes,message,100,51,msgpack,1.2.1,2024,2584,124,4608,494071.146245,386996.904025,217013.888889,521,1.00,1,99d1c7fab316,124,121,dict,,824,8
python,bytes,message,100,51,pydantic,2.13.4,4692,8354,168,13046,213128.729753,119703.136222,76651.847310,2329,1.00,1,99d1c7fab316,138,134,model,,825,9
python,bytes,message,100,51,msgspec-msgpack,0.21.1,1476,1335,52,2811,677506.775068,749063.670412,355745.286375,312,1.00,1,99d1c7fab316,72,61,struct,,826,10
python,bytes,message,100,51,json,python-3.14.0,7144,3564,168,10708,139977.603583,280583.613917,93388.121031,2329,1.00,1,99d1c7fab316,138,134,dict,,827,11
python,bytes,message,100,51,protobuf,7.35.1,1802,1614,50,3416,554938.956715,619578.686493,292740.046838,187,1.00,1,99d1c7fab316,71,59,message,,828,12
python,bytes,message,100,51,cloudpickle,3.1.2,15061,3928,202,18989,66396.653609,254582.484725,52662.067513,8946,1.00,1,99d1c7fab316,194,193,dataclass,,829,13
python,bytes,message,100,51,dill,0.4.1,54051,7886,202,61937,18501.045309,126806.999746,16145.438106,10948,1.00,1,99d1c7fab316,194,193,dataclass,,830,14
python,bytes,message,100,51,orjson,3.11.9,794,1238,168,2032,1259445.843829,807754.442649,492125.984252,5466,1.00,1,99d1c7fab316,138,134,dict,,831,15
python,bytes,message,100,52,json,python-3.14.0,6288,4112,168,10400,159033.078880,243190.661479,96153.846154,2329,1.00,1,99d1c7fab316,138,134,dict,,832,0
python,bytes,message,100,52,serpyco-rs,1.21.0,1357,1853,168,3210,736919.675755,539665.407447,311526.479751,5466,1.00,1,99d1c7fab316,138,134,dataclass,,833,1
python,bytes,message,100,52,dill,0.4.1,47079,6692,202,53771,21240.892967,149432.157800,18597.385208,10948,1.00,1,99d1c7fab316,194,193,dataclass,,834,2
python,bytes,message,100,52,rapidjson,1.23,3710,3537,168,7247,269541.778976,282725.473565,137988.133021,1492,1.00,1,99d1c7fab316,138,134,dict,,835,3
python,bytes,message,100,52,flatbuffers,25.12.19,25565,7000,104,32565,39115.978877,142857.142857,30707.815139,1162,1.00,1,99d1c7fab316,102,107,dataclass,,836,4
python,bytes,message,100,52,mashumaro,3.22,1345,2691,168,4036,743494.423792,371609.067261,247770.069376,5466,1.00,1,99d1c7fab316,138,134,dataclass,,837,5
python,bytes,message,100,52,msgspec,0.21.1,1265,1207,80,2472,790513.833992,828500.414250,404530.744337,351,1.00,1,99d1c7fab316,97,89,struct,,838,6
python,bytes,message,100,52,pickle,python-3.14.0,5015,3430,202,8445,199401.794616,291545.189504,118413.262285,4969,1.00,1,99d1c7fab316,194,193,dataclass,,839,7
python,bytes,message,100,52,msgspec-msgpack,0.21.1,1092,993,52,2085,915750.915751,1007049.345418,479616.306954,312,1.00,1,99d1c7fab316,72,61,struct,,840,8
python,bytes,message,100,52,avro,1.12.2,7437,4659,44,12096,134462.821030,214638.334407,82671.957672,1808,1.00,1,99d1c7fab316,64,53,dict,,841,9
python,bytes,message,100,52,protobuf,7.35.1,1608,1476,50,3084,621890.547264,677506.775068,324254.215305,187,1.00,1,99d1c7fab316,71,59,message,,842,10
python,bytes,message,100,52,cbor2,6.1.3,6734,3661,124,10395,148500.148500,273149.412729,96200.096200,908,1.00,1,99d1c7fab316,122,123,dict,,843,11
python,bytes,message,100,52,orjson,3.11.9,924,1038,168,1962,1082251.082251,963391.136802,509683.995923,5466,1.00,1,99d1c7fab316,138,134,dict,,844,12
python,bytes,message,100,52,msgpack,1.2.1,2066,2521,124,4587,484027.105518,396667.988893,218007.412252,521,1.00,1,99d1c7fab316,124,121,dict,,845,13
python,bytes,message,100,52,cloudpickle,3.1.2,13754,3203,202,16957,72706.121855,312207.305651,58972.695642,8946,1.00,1,99d1c7fab316,194,193,dataclass,,846,14
python,bytes,message,100,52,pydantic,2.13.4,4548,8950,168,13498,219876.868953,111731.843575,74085.049637,2329,1.00,1,99d1c7fab316,138,134,model,,847,15
python,bytes,message,100,53,orjson,3.11.9,598,1025,168,1623,1672240.802676,975609.756098,616142.945163,5466,1.00,1,99d1c7fab316,138,134,dict,,848,0
python,bytes,message,100,53,rapidjson,1.23,3396,3581,168,6977,294464.075383,279251.605697,143328.077970,1492,1.00,1,99d1c7fab316,138,134,dict,,849,1
python,bytes,message,100,53,msgspec-msgpack,0.21.1,818,1012,52,1830,1222493.887531,988142.292490,546448.087432,312,1.00,1,99d1c7fab316,72,61,struct,,850,2
python,bytes,message,100,53,json,python-3.14.0,7158,3609,168,10767,139703.827885,277085.065115,92876.381536,2329,1.00,1,99d1c7fab316,138,134,dict,,851,3
python,bytes,message,100,53,serpyco-rs,1.21.0,1538,2032,168,3570,650195.058518,492125.984252,280112.044818,5466,1.00,1,99d1c7fab316,138,134,dataclass,,852,4
python,bytes,message,100,53,mashumaro,3.22,1185,2278,168,3463,843881.856540,438981.562774,288766.965059,5466,1.00,1,99d1c7fab316,138,134,dataclass,,853,5
python,bytes,message,100,53,dill,0.4.1,50777,7607,202,58384,19693.955925,131457.867753,17127.980269,10948,1.00,1,99d1c7fab316,194,193,dataclass,,854,6
python,bytes,message,100,53,flatbuffers,25.12.19,25004,6845,104,31849,39993.601024,146092.037984,31398.160068,1162,1.00,1,99d1c7fab316,102,107,dataclass,,855,7
python,bytes,message,100,53,pickle,python-3.14.0,4232,2883,202,7115,236294.896030,346860.908776,140548.137737,4969,1.00,1,99d1c7fab316,194,193,dataclass,,856,8
python,bytes,message,100,53,pydantic,2.13.4,3999,7752,168,11751,250062.515629,128998.968008,85099.140499,2329,1.00,1,99d1c7fab316,138,134,model,,857,9
python,bytes,message,100,53,msgpack,1.2.1,1902,2153,124,4055,525762.355415,464468.183929,246609.124538,521,1.00,1,99d1c7fab316,124,121,dict,,858,10
python,bytes,message,100,53,cbor2,6.1.3,6246,3373,124,9619,160102.465578,296471.983398,103960.910698,908,1.00,1,99d1c7fab316,122,123,dict,,859,11
python,bytes,message,100,53,msgspec,0.21.1,1124,1184,80,2308,889679.715302,844594.594595,433275.563258,351,1.00,1,99d1c7fab316,97,89,struct,,860,12
python,bytes,message,100,53,avro,1.12.2,7405,4657,44,12062,135043.889264,214730.513206,82904.990880,1808,1.00,1,99d1c7fab316,64,53,dict,,861,13
python,bytes,message,100,53,protobuf,7.35.1,1479,1560,50,3039,676132.521974,641025.641026,329055.610398,187,1.00,1,99d1c7fab316,71,59,message,,862,14
python,bytes,message,100,53,cloudpickle,3.1.2,13752,3281,202,17033,72716.695753,304785.126486,58709.563788,8946,1.00,1,99d1c7fab316,194,193,dataclass,,863,15
python,bytes,message,100,54,msgspec-msgpack,0.21.1,749,979,52,1728,1335113.484646,1021450.459653,578703.703704,312,1.00,1,99d1c7fab316,72,61,struct,,864,0
python,bytes,message,100,54,msgspec,0.21.1,982,865,80,1847,1018329.938900,1156069.364162,541418.516513,351,1.00,1,99d1c7fab316,97,89,struct,,865,1
python,bytes,message,100,54,orjson,3.11.9,1122,1627,168,2749,891265.597148,614628.149969,363768.643143,5466,1.00,1,99d1c7fab316,138,134,dict,,866,2
python,bytes,message,100,54,serpyco-rs,1.21.0,1592,1864,168,3456,628140.703518,536480.686695,289351.851852,5466,1.00,1,99d1c7fab316,138,134,dataclass,,867,3
python,bytes,message,100,54,cbor2,6.1.3,5310,2980,124,8290,188323.917137,335570.469799,120627.261761,908,1.00,1,99d1c7fab316,122,123,dict,,868,4
python,bytes,message,100,54,protobuf,7.35.1,1206,1226,50,2432,829187.396352,815660.685155,411184.210526,187,1.00,1,99d1c7fab316,71,59,message,,869,5
python,bytes,message,100,54,flatbuffers,25.12.19,26254,7033,104,33287,38089.433991,142186.833499,30041.758044,1162,1.00,1,99d1c7fab316,102,107,dataclass,,870,6
python,bytes,message,100,54,avro,1.12.2,7242,4456,44,11698,138083.402375,224416.517056,85484.698239,1808,1.00,1,99d1c7fab316,64,53,dict,,871,7
python,bytes,message,100,54,pydantic,2.13.4,4764,10187,168,14951,209907.640638,98164.327084,66885.158183,2329,1.00,1,99d1c7fab316,138,134,model,,872,8
python,bytes,message,100,54,pickle,python-3.14.0,4616,3833,202,8449,216637.781629,260892.251500,118357.202036,4969,1.00,1,99d1c7fab316,194,193,dataclass,,873,9
python,bytes,message,100,54,rapidjson,1.23,3954,4018,168,7972,252908.447142,248880.039821,125439.036628,1492,1.00,1,99d1c7fab316,138,134,dict,,874,10
python,bytes,message,100,54,msgpack,1.2.1,1871,2395,124,4266,534473.543560,417536.534447,234411.626817,521,1.00,1,99d1c7fab316,124,121,dict,,875,11
python,bytes,message,100,54,dill,0.4.1,52300,7909,202,60209,19120.458891,126438.234922,16608.812636,10948,1.00,1,99d1c7fab316,194,193,dataclass,,876,12
python,bytes,message,100,54,mashumaro,3.22,1589,3463,168,5052,629326.620516,288766.965059,197941.409343,5466,1.00,1,99d1c7fab316,138,134,dataclass,,877,13
python,bytes,message,100,54,json,python-3.14.0,8159,4962,168,13121,122564.039711,201531.640468,76213.703224,2329,1.00,1,99d1c7fab316,138,134,dict,,878,14
python,bytes,message,100,54,cloudpickle,3.1.2,12776,2826,202,15602,78271.759549,353857.041755,64094.346879,8946,1.00,1,99d1c7fab316,194,193,dataclass,,879,15
python,bytes,message,100,55,pickle,python-3.14.0,3002,2214,202,5216,333111.259161,451671.183379,191717.791411,4969,1.00,1,99d1c7fab316,194,193,dataclass,,880,0
python,bytes,message,100,55,json,python-3.14.0,5316,3996,168,9312,188111.361926,250250.250250,107388.316151,2329,1.00,1,99d1c7fab316,138,134,dict,,881,1
python,bytes,message,100,55,protobuf,7.35.1,1475,1424,50,2899,677966.101695,702247.191011,344946.533287,187,1.00,1,99d1c7fab316,71,59,message,,882,2
python,bytes,message,100,55,avro,1.12.2,7115,4109,44,11224,140548.137737,243368.216111,89094.796864,1808,1.00,1,99d1c7fab316,64,53,dict,,883,3
python,bytes,message,100,55,rapidjson,1.23,3193,3418,168,6611,313185.092390,292568.753657,151263.046438,1492,1.00,1,99d1c7fab316,138,134,dict,,884,4
python,bytes,message,100,55,pydantic,2.13.4,4489,7710,168,12199,222766.763199,129701.686122,81973.932290,2329,1.00,1,99d1c7fab316,138,134,model,,885,5
python,bytes,message,100,55,flatbuffers,25.12.19,26926,7677,104,34603,37138.824928,130259.215840,28899.228391,1162,1.00,1,99d1c7fab316,102,107,dataclass,,886,6
python,bytes,message,100,55,msgspec,0.21.1,1257,1232,80,2489,795544.948290,811688.311688,401767.778224,351,1.00,1,99d1c7fab316,97,89,struct,,887,7
python,bytes,message,100,55,msgspec-msgpack,0.21.1,812,1005,52,1817,1231527.093596,995024.875622,550357.732526,312,1.00,1,99d1c7fab316,72,61,struct,,888,8
python,bytes,message,100,55,mashumaro,3.22,1693,3386,168,5079,590667.454223,295333.727112,196889.151408,5466,1.00,1,99d1c7fab316,138,134,dataclass,,889,9
python,bytes,message,100,55,dill,0.4.1,55601,8115,202,63716,17985.288034,123228.589033,15694.644987,10948,1.00,1,99d1c7fab316,194,193,dataclass,,890,10
python,bytes,message,100,55,cloudpickle,3.1.2,12367,2611,202,14978,80860.354168,382995.021065,66764.588062,8946,1.00,1,99d1c7fab316,194,193,dataclass,,891,11
python,bytes,message,100,55,orjson,3.11.9,800,1071,168,1871,1250000.000000,933706.816060,534473.543560,5466,1.00,1,99d1c7fab316,138,134,dict,,892,12
python,bytes,message,100,55,serpyco-rs,1.21.0,1564,1760,168,3324,639386.189258,568181.818182,300842.358604,5466,1.00,1,99d1c7fab316,138,134,dataclass,,893,13
python,bytes,message,100,55,msgpack,1.2.1,1873,2419,124,4292,533902.829685,413393.964448,232991.612302,521,1.00,1,99d1c7fab316,124,121,dict,,894,14
python,bytes,message,100,55,cbor2,6.1.3,6419,3532,124,9951,155787.505842,283125.707814,100492.412823,908,1.00,1,99d1c7fab316,122,123,dict,,895,15
python,bytes,message,100,56,orjson,3.11.9,783,937,168,1720,1277139.208174,1067235.859125,581395.348837,5466,1.00,1,99d1c7fab316,138,134,dict,,896,0
python,bytes,message,100,56,protobuf,7.35.1,1647,1740,50,3387,607164.541591,574712.643678,295246.530853,187,1.00,1,99d1c7fab316,71,59,message,,897,1
python,bytes,message,100,56,serpyco-rs,1.21.0,1233,1726,168,2959,811030.008110,579374.275782,337952.010814,5466,1.00,1,99d1c7fab316,138,134,dataclass,,898,2
python,bytes,message,100,56,pickle,python-3.14.0,4130,3065,202,7195,242130.750605,326264.274062,138985.406532,4969,1.00,1,99d1c7fab316,194,193,dataclass,,899,3
python,bytes,message,100,56,json,python-3.14.0,7292,4824,168,12116,137136.588042,207296.849088,82535.490261,2329,1.00,1,99d1c7fab316,138,134,dict,,900,4
python,bytes,message,100,56,mashumaro,3.22,1244,2372,168,3616,803858.520900,421585.160202,276548.672566,5466,1.00,1,99d1c7fab316,138,134,dataclass,,901,5
python,bytes,message,100,56,cloudpickle,3.1.2,10402,2376,202,12778,96135.358585,420875.420875,78259.508530,8946,1.00,1,99d1c7fab316,194,193,dataclass,,902,6
python,bytes,message,100,56,pydantic,2.13.4,4487,7875,168,12362,222866.057499,126984.126984,80893.059376,2329,1.00,1,99d1c7fab316,138,134,model,,903,7
python,bytes,message,100,56,rapidjson,1.23,3430,3526,168,6956,291545.189504,283607.487238,143760.782059,1492,1.00,1,99d1c7fab316,138,134,dict,,904,8
python,bytes,message,100,56,flatbuffers,25.12.19,26181,6878,104,33059,38195.638058,145391.102065,30248.948849,1162,1.00,1,99d1c7fab316,102,107,dataclass,,905,9
python,bytes,message,100,56,cbor2,6.1.3,4979,2971,124,7950,200843.542880,336587.007742,125786.163522,908,1.00,1,99d1c7fab316,122,123,dict,,906,10
python,bytes,message,100,56,msgpack,1.2.1,1646,2187,124,3833,607533.414338,457247.370828,260892.251500,521,1.00,1,99d1c7fab316,124,121,dict,,907,11
python,bytes,message,100,56,msgspec-msgpack,0.21.1,1093,1043,52,2136,914913.083257,958772.770853,468164.794007,312,1.00,1,99d1c7fab316,72,61,struct,,908,12
python,bytes,message,100,56,msgspec,0.21.1,930,991,80,1921,1075268.817204,1009081.735621,520562.207184,351,1.00,1,99d1c7fab316,97,89,struct,,909,13
python,bytes,message,100,56,avro,1.12.2,7761,4925,44,12686,128849.375081,203045.685279,78827.053445,1808,1.00,1,99d1c7fab316,64,53,dict,,910,14
python,bytes,message,100,56,dill,0.4.1,49285,7945,202,57230,20290.149133,125865.324103,17473.353136,10948,1.00,1,99d1c7fab316,194,193,dataclass,,911,15
python,bytes,message,100,57,cbor2,6.1.3,4581,2643,124,7224,218292.949138,378357.926599,138427.464009,908,1.00,1,99d1c7fab316,122,123,dict,,912,0
python,bytes,message,100,57,dill,0.4.1,41044,6760,202,47804,24364.097067,147928.994083,20918.751569,10948,1.00,1,99d1c7fab316,194,193,dataclass,,913,1
python,bytes,message,100,57,msgpack,1.2.1,1475,1964,124,3439,677966.101695,509164.969450,290782.204129,521,1.00,1,99d1c7fab316,124,121,dict,,914,2
python,bytes,message,100,57,mashumaro,3.22,1663,3253,168,4916,601322.910403,307408.545958,203417.412531,5466,1.00,1,99d1c7fab316,138,134,dataclass,,915,3
python,bytes,message,100,57,cloudpickle,3.1.2,12743,2936,202,15679,78474.456564,340599.455041,63779.577779,8946,1.00,1,99d1c7fab316,194,193,dataclass,,916,4
python,bytes,message,100,57,pickle,python-3.14.0,3311,2235,202,5546,302023.557838,447427.293065,180310.133429,4969,1.00,1,99d1c7fab316,194,193,dataclass,,917,5
python,bytes,message,100,57,protobuf,7.35.1,1725,1768,50,3493,579710.144928,565610.859729,286286.859433,187,1.00,1,99d1c7fab316,71,59,message,,918,6
python,bytes,message,100,57,pydantic,2.13.4,5501,12040,168,17541,181785.129976,83056.478405,57009.292515,2329,1.00,1,99d1c7fab316,138,134,model,,919,7
python,bytes,message,100,57,orjson,3.11.9,842,1243,168,2085,1187648.456057,804505.229284,479616.306954,5466,1.00,1,99d1c7fab316,138,134,dict,,920,8
python,bytes,message,100,57,rapidjson,1.23,3852,3786,168,7638,259605.399792,264131.008980,130924.325740,1492,1.00,1,99d1c7fab316,138,134,dict,,921,9
python,bytes,message,100,57,avro,1.12.2,8148,4659,44,12807,122729.504173,214638.334407,78082.298743,1808,1.00,1,99d1c7fab316,64,53,dict,,922,10
python,bytes,message,100,57,serpyco-rs,1.21.0,1715,2324,168,4039,583090.379009,430292.598967,247586.036148,5466,1.00,1,99d1c7fab316,138,134,dataclass,,923,11
python,bytes,message,100,57,flatbuffers,25.12.19,28348,7563,104,35911,35275.857203,132222.662964,27846.620813,1162,1.00,1,99d1c7fab316,102,107,dataclass,,924,12
python,bytes,message,100,57,msgspec,0.21.1,1360,1216,80,2576,735294.117647,822368.421053,388198.757764,351,1.00,1,99d1c7fab316,97,89,struct,,925,13
python,bytes,message,100,57,msgspec-msgpack,0.21.1,933,941,52,1874,1071811.361200,1062699.256111,533617.929562,312,1.00,1,99d1c7fab316,72,61,struct,,926,14
python,bytes,message,100,57,json,python-3.14.0,8487,5409,168,13896,117827.265229,184877.056757,71963.154865,2329,1.00,1,99d1c7fab316,138,134,dict,,927,15
python,bytes,message,100,58,pydantic,2.13.4,4065,7109,168,11174,246002.460025,140666.760445,89493.466977,2329,1.00,1,99d1c7fab316,138,134,model,,928,0
python,bytes,message,100,58,msgspec,0.21.1,646,780,80,1426,1547987.616099,1282051.282051,701262.272090,351,1.00,1,99d1c7fab316,97,89,struct,,929,1
python,bytes,message,100,58,protobuf,7.35.1,1290,1445,50,2735,775193.798450,692041.522491,365630.712980,187,1.00,1,99d1c7fab316,71,59,message,,930,2
python,bytes,message,100,58,flatbuffers,25.12.19,24846,6548,104,31394,40247.927232,152718.387294,31853.220361,1162,1.00,1,99d1c7fab316,102,107,dataclass,,931,3
python,bytes,message,100,58,msgpack,1.2.1,1898,2578,124,4476,526870.389884,387897.595035,223413.762288,521,1.00,1,99d1c7fab316,124,121,dict,,932,4
python,bytes,message,100,58,orjson,3.11.9,724,1129,168,1853,1381215.469613,885739.592560,539665.407447,5466,1.00,1,99d1c7fab316,138,134,dict,,933,5
python,bytes,message,100,58,serpyco-rs,1.21.0,1348,1605,168,2953,741839.762611,623052.959502,338638.672536,5466,1.00,1,99d1c7fab316,138,134,dataclass,,934,6
python,bytes,message,100,58,cloudpickle,3.1.2,13420,3780,202,17200,74515.648286,264550.264550,58139.534884,8946,1.00,1,99d1c7fab316,194,193,dataclass,,935,7
python,bytes,message,100,58,cbor2,6.1.3,5794,3181,124,8975,172592.336900,314366.551399,111420.612813,908,1.00,1,99d1c7fab316,122,123,dict,,936,8
python,bytes,message,100,58,dill,0.4.1,47359,7191,202,54550,21115.310712,139062.717285,18331.805683,10948,1.00,1,99d1c7fab316,194,193,dataclass,,937,9
python,bytes,message,100,58,avro,1.12.2,7669,4817,44,12486,130395.097144,207598.090098,80089.700465,1808,1.00,1,99d1c7fab316,64,53,dict,,938,10
python,bytes,message,100,58,msgspec-msgpack,0.21.1,1142,981,52,2123,875656.742557,1019367.991845,471031.559114,312,1.00,1,99d1c7fab316,72,61,struct,,939,11
python,bytes,message,100,58,json,python-3.14.0,7635,5422,168,13057,130975.769483,184433.788270,76587.271196,2329,1.00,1,99d1c7fab316,138,134,dict,,940,12
python,bytes,message,100,58,pickle,python-3.14.0,4187,3004,202,7191,238834.487700,332889.480692,139062.717285,4969,1.00,1,99d1c7fab316,194,193,dataclass,,941,13
python,bytes,message,100,58,mashumaro,3.22,1359,2890,168,4249,735835.172921,346020.761246,235349.493999,5466,1.00,1,99d1c7fab316,138,134,dataclass,,942,14
python,bytes,message,100,58,rapidjson,1.23,3651,3807,168,7458,273897.562312,262674.021539,134084.204881,1492,1.00,1,99d1c7fab316,138,134,dict,,943,15
python,bytes,message,100,59,orjson,3.11.9,550,954,168,1504,1818181.818182,1048218.029350,664893.617021,5466,1.00,1,99d1c7fab316,138,134,dict,,944,0
python,bytes,message,100,59,msgpack,1.2.1,1649,2127,124,3776,606428.138266,470145.745181,264830.508475,521,1.00,1,99d1c7fab316,124,121,dict,,945,1
python,bytes,message,100,59,avro,1.12.2,6498,3612,44,10110,153893.505694,276854.928018,98911.968348,1808,1.00,1,99d1c7fab316,64,53,dict,,946,2
python,bytes,message,100,59,msgspec,0.21.1,904,936,80,1840,1106194.690265,1068376.068376,543478.260870,351,1.00,1,99d1c7fab316,97,89,struct,,947,3
python,bytes,message,100,59,rapidjson,1.23,2441,2287,168,4728,409668.168783,437254.044600,211505.922166,1492,1.00,1,99d1c7fab316,138,134,dict,,948,4
python,bytes,message,100,59,cloudpickle,3.1.2,11801,2758,202,14559,84738.581476,362581.580856,68686.036129,8946,1.00,1,99d1c7fab316,194,193,dataclass,,949,5
python,bytes,message,100,59,msgspec-msgpack,0.21.1,799,730,52,1529,1251564.455569,1369863.013699,654022.236756,312,1.00,1,99d1c7fab316,72,61,struct,,950,6
python,bytes,message,100,59,pydantic,2.13.4,4603,8717,168,13320,217249.619813,114718.366410,75075.075075,2329,1.00,1,99d1c7fab316,138,134,model,,951,7
python,bytes,message,100,59,flatbuffers,25.12.19,25661,7180,104,32841,38969.642648,139275.766017,30449.742700,1162,1.00,1,99d1c7fab316,102,107,dataclass,,952,8
python,bytes,message,100,59,cbor2,6.1.3,5771,3146,124,8917,173280.194074,317863.954228,112145.340361,908,1.00,1,99d1c7fab316,122,123,dict,,953,9
python,bytes,message,100,59,protobuf,7.35.1,1690,1526,50,3216,591715.976331,655307.994758,310945.273632,187,1.00,1,99d1c7fab316,71,59,message,,954,10
python,bytes,message,100,59,serpyco-rs,1.21.0,2012,2382,168,4394,497017.892644,419815.281276,227583.067820,5466,1.00,1,99d1c7fab316,138,134,dataclass,,955,11
python,bytes,message,100,59,pickle,python-3.14.0,4595,3230,202,7825,217627.856366,309597.523220,127795.527157,4969,1.00,1,99d1c7fab316,194,193,dataclass,,956,12
python,bytes,message,100,59,json,python-3.14.0,7610,4709,168,12319,131406.044678,212359.311956,81175.420083,2329,1.00,1,99d1c7fab316,138,134,dict,,957,13
python,bytes,message,100,59,mashumaro,3.22,1205,2374,168,3579,829875.518672,421229.991575,279407.655770,5466,1.00,1,99d1c7fab316,138,134,dataclass,,958,14
python,bytes,message,100,59,dill,0.4.1,48005,7392,202,55397,20831.163420,135281.385281,18051.519035,10948,1.00,1,99d1c7fab316,194,193,dataclass,,959,15
python,bytes,message,100,60,orjson,3.11.9,780,1070,168,1850,1282051.282051,934579.439252,540540.540541,5466,1.00,1,99d1c7fab316,138,134,dict,,960,0
python,bytes,message,100,60,rapidjson,1.23,3411,3743,168,7154,293169.158605,267165.375367,139781.940173,1492,1.00,1,99d1c7fab316,138,134,dict,,961,1
python,bytes,message,100,60,flatbuffers,25.12.19,25802,7661,104,33463,38756.685528,130531.262237,29883.752204,1162,1.00,1,99d1c7fab316,102,107,dataclass,,962,2
python,bytes,message,100,60,pydantic,2.13.4,4812,10192,168,15004,207813.798836,98116.169545,66648.893628,2329,1.00,1,99d1c7fab316,138,134,model,,963,3
python,bytes,message,100,60,dill,0.4.1,45685,6991,202,52676,21889.022655,143041.052782,18983.977523,10948,1.00,1,99d1c7fab316,194,193,dataclass,,964,4
python,bytes,message,100,60,msgpack,1.2.1,2004,2508,124,4512,499001.996008,398724.082935,221631.205674,521,1.00,1,99d1c7fab316,124,121,dict,,965,5
python,bytes,message,100,60,msgspec-msgpack,0.21.1,995,1052,52,2047,1005025.125628,950570.342205,488519.785051,312,1.00,1,99d1c7fab316,72,61,struct,,966,6
python,bytes,message,100,60,serpyco-rs,1.21.0,1802,2405,168,4207,554938.956715,415800.415800,237699.072974,5466,1.00,1,99d1c7fab316,138,134,dataclass,,967,7
python,bytes,message,100,60,avro,1.12.2,8314,4901,44,13215,120279.047390,204039.991838,75671.585320,1808,1.00,1,99d1c7fab316,64,53,dict,,968,8
python,bytes,message,100,60,cbor2,6.1.3,6047,3328,124,9375,165371.258475,300480.769231,106666.666667,908,1.00,1,99d1c7fab316,122,123,dict,,969,9
python,bytes,message,100,60,pickle,python-3.14.0,5319,3492,202,8811,188005.264147,286368.843070,113494.495517,4969,1.00,1,99d1c7fab316,194,193,dataclass,,970,10
python,bytes,message,100,60,cloudpickle,3.1.2,12754,2322,202,15076,78406.774345,430663.221361,66330.591669,8946,1.00,1,99d1c7fab316,194,193,dataclass,,971,11
python,bytes,message,100,60,msgspec,0.21.1,1180,1205,80,2385,847457.627119,829875.518672,419287.211740,351,1.00,1,99d1c7fab316,97,89,struct,,972,12
python,bytes,message,100,60,protobuf,7.35.1,1706,1740,50,3446,586166.471278,574712.643678,290191.526407,187,1.00,1,99d1c7fab316,71,59,message,,973,13
python,bytes,message,100,60,json,python-3.14.0,8097,5442,168,13539,123502.531802,183755.972069,73860.698722,2329,1.00,1,99d1c7fab316,138,134,dict,,974,14
python,bytes,message,100,60,mashumaro,3.22,1439,3271,168,4710,694927.032662,305716.906145,212314.225053,5466,1.00,1,99d1c7fab316,138,134,dataclass,,975,15
python,bytes,message,100,61,cbor2,6.1.3,4714,2794,124,7508,212134.068731,357909.806729,133191.262653,908,1.00,1,99d1c7fab316,122,123,dict,,976,0
python,bytes,message,100,61,serpyco-rs,1.21.0,1619,1851,168,3470,617665.225448,540248.514317,288184.438040,5466,1.00,1,99d1c7fab316,138,134,dataclass,,977,1
python,bytes,message,100,61,msgspec-msgpack,0.21.1,916,810,52,1726,1091703.056769,1234567.901235,579374.275782,312,1.00,1,99d1c7fab316,72,61,struct,,978,2
python,bytes,message,100,61,msgspec,0.21.1,818,817,80,1635,1222493.887531,1223990.208078,611620.795107,351,1.00,1,99d1c7fab316,97,89,struct,,979,3
python,bytes,message,100,61,msgpack,1.2.1,1608,2291,124,3899,621890.547264,436490.615452,256476.019492,521,1.00,1,99d1c7fab316,124,121,dict,,980,4
python,bytes,message,100,61,orjson,3.11.9,606,763,168,1369,1650165.016502,1310615.989515,730460.189920,5466,1.00,1,99d1c7fab316,138,134,dict,,981,5
python,bytes,message,100,61,mashumaro,3.22,968,1875,168,2843,1033057.851240,533333.333333,351741.118537,5466,1.00,1,99d1c7fab316,138,134,dataclass,,982,6
python,bytes,message,100,61,pickle,python-3.14.0,4555,3122,202,7677,219538.968167,320307.495195,130259.215840,4969,1.00,1,99d1c7fab316,194,193,dataclass,,983,7
python,bytes,message,100,61,dill,0.4.1,46937,6374,202,53311,21305.153717,156887.354879,18757.854852,10948,1.00,1,99d1c7fab316,194,193,dataclass,,984,8
python,bytes,message,100,61,flatbuffers,25.12.19,26288,6945,104,33233,38040.170420,143988.480922,30090.572624,1162,1.00,1,99d1c7fab316,102,107,dataclass,,985,9
python,bytes,message,100,61,rapidjson,1.23,3744,3866,168,7610,267094.017094,258665.287118,131406.044678,1492,1.00,1,99d1c7fab316,138,134,dict,,986,10
python,bytes,message,100,61,protobuf,7.35.1,1433,1509,50,2942,697836.706211,662690.523526,339904.826649,187,1.00,1,99d1c7fab316,71,59,message,,987,11
python,bytes,message,100,61,pydantic,2.13.4,5209,10204,168,15413,191975.427145,98000.784006,64880.295854,2329,1.00,1,99d1c7fab316,138,134,model,,988,12
python,bytes,message,100,61,avro,1.12.2,8176,4964,44,13140,122309.197652,201450.443191,76103.500761,1808,1.00,1,99d1c7fab316,64,53,dict,,989,13
python,bytes,message,100,61,json,python-3.14.0,7506,3875,168,11381,133226.751932,258064.516129,87865.741148,2329,1.00,1,99d1c7fab316,138,134,dict,,990,14
python,bytes,message,100,61,cloudpickle,3.1.2,13246,3192,202,16438,75494.488902,313283.208020,60834.651417,8946,1.00,1,99d1c7fab316,194,193,dataclass,,991,15
python,bytes,message,100,62,msgspec,0.21.1,1196,1164,80,2360,836120.401338,859106.529210,423728.813559,351,1.00,1,99d1c7fab316,97,89,struct,,992,0
python,bytes,message,100,62,json,python-3.14.0,5486,3502,168,8988,182282.172803,285551.113649,111259.457054,2329,1.00,1,99d1c7fab316,138,134,dict,,993,1
python,bytes,message,100,62,dill,0.4.1,45074,6311,202,51385,22185.739007,158453.493900,19460.932179,10948,1.00,1,99d1c7fab316,194,193,dataclass,,994,2
python,bytes,message,100,62,rapidjson,1.23,3092,3234,168,6326,323415.265201,309214.594929,158077.774265,1492,1.00,1,99d1c7fab316,138,134,dict,,995,3
python,bytes,message,100,62,cloudpickle,3.1.2,10021,2793,202,12814,99790.440076,358037.952023,78039.644139,8946,1.00,1,99d1c7fab316,194,193,dataclass,,996,4
python,bytes,message,100,62,msgpack,1.2.1,1890,2354,124,4244,529100.529101,424808.836024,235626.767201,521,1.00,1,99d1c7fab316,124,121,dict,,997,5
python,bytes,message,100,62,pydantic,2.13.4,4222,8106,168,12328,236854.571293,123365.408340,81116.158339,2329,1.00,1,99d1c7fab316,138,134,model,,998,6
python,bytes,message,100,62,msgspec-msgpack,0.21.1,1132,1063,52,2195,883392.226148,940733.772342,455580.865604,312,1.00,1,99d1c7fab316,72,61,struct,,999,7
python,bytes,message,100,62,flatbuffers,25.12.19,26898,7295,104,34193,37177.485315,137080.191912,29245.752055,1162,1.00,1,99d1c7fab316,102,107,dataclass,,1000,8
python,bytes,message,100,62,pickle,python-3.14.0,4422,3622,202,8044,226142.017187,276090.557703,124316.260567,4969,1.00,1,99d1c7fab316,194,193,dataclass,,1001,9
python,bytes,message,100,62,mashumaro,3.22,1537,3570,168,5107,650618.087183,280112.044818,195809.672998,5466,1.00,1,99d1c7fab316,138,134,dataclass,,1002,10
python,bytes,message,100,62,avro,1.12.2,7973,4820,44,12793,125423.303650,207468.879668,78167.747987,1808,1.00,1,99d1c7fab316,64,53,dict,,1003,11
python,bytes,message,100,62,orjson,3.11.9,672,862,168,1534,1488095.238095,1160092.807425,651890.482399,5466,1.00,1,99d1c7fab316,138,134,dict,,1004,12
python,bytes,message,100,62,protobuf,7.35.1,1507,1639,50,3146,663570.006636,610128.126907,317863.954228,187,1.00,1,99d1c7fab316,71,59,message,,1005,13
python,bytes,message,100,62,serpyco-rs,1.21.0,1684,1951,168,3635,593824.228029,512557.662737,275103.163686,5466,1.00,1,99d1c7fab316,138,134,dataclass,,1006,14
python,bytes,message,100,62,cbor2,6.1.3,6612,3641,124,10253,151240.169389,274649.821478,97532.429533,908,1.00,1,99d1c7fab316,122,123,dict,,1007,15
python,bytes,message,100,63,avro,1.12.2,6101,3732,44,9833,163907.556138,267952.840300,101698.362656,1808,1.00,1,99d1c7fab316,64,53,dict,,1008,0
python,bytes,message,100,63,msgpack,1.2.1,1753,2372,124,4125,570450.656018,421585.160202,242424.242424,521,1.00,1,99d1c7fab316,124,121,dict,,1009,1
python,bytes,message,100,63,cloudpickle,3.1.2,13385,3636,202,17021,74710.496825,275027.502750,58750.954703,8946,1.00,1,99d1c7fab316,194,193,dataclass,,1010,2
python,bytes,message,100,63,serpyco-rs,1.21.0,1431,1783,168,3214,698812.019567,560852.495794,311138.767890,5466,1.00,1,99d1c7fab316,138,134,dataclass,,1011,3
python,bytes,message,100,63,msgspec-msgpack,0.21.1,1023,1033,52,2056,977517.106549,968054.211036,486381.322957,312,1.00,1,99d1c7fab316,72,61,struct,,1012,4
python,bytes,message,100,63,orjson,3.11.9,639,661,168,1300,1564945.226917,1512859.304085,769230.769231,5466,1.00,1,99d1c7fab316,138,134,dict,,1013,5
python,bytes,message,100,63,mashumaro,3.22,1067,2154,168,3221,937207.122774,464252.553389,310462.589258,5466,1.00,1,99d1c7fab316,138,134,dataclass,,1014,6
python,bytes,message,100,63,cbor2,6.1.3,4367,2703,124,7070,228990.153423,369959.304477,141442.715700,908,1.00,1,99d1c7fab316,122,123,dict,,1015,7
python,bytes,message,100,63,protobuf,7.35.1,1285,1370,50,2655,778210.116732,729927.007299,376647.834275,187,1.00,1,99d1c7fab316,71,59,message,,1016,8
python,bytes,message,100,63,flatbuffers,25.12.19,25427,6860,104,32287,39328.273096,145772.594752,30972.217921,1162,1.00,1,99d1c7fab316,102,107,dataclass,,1017,9
python,bytes,message,100,63,rapidjson,1.23,4148,4319,168,8467,241080.038573,231535.077564,118105.586394,1492,1.00,1,99d1c7fab316,138,134,dict,,1018,10
python,bytes,message,100,63,json,python-3.14.0,8084,4776,168,12860,123701.138050,209380.234506,77760.497667,2329,1.00,1,99d1c7fab316,138,134,dict,,1019,11
python,bytes,message,100,63,pickle,python-3.14.0,4698,3659,202,8357,212856.534696,273298.715496,119660.165131,4969,1.00,1,99d1c7fab316,194,193,dataclass,,1020,12
python,bytes,message,100,63,pydantic,2.13.4,4746,7120,168,11866,210703.750527,140449.438202,84274.397438,2329,1.00,1,99d1c7fab316,138,134,model,,1021,13
python,bytes,message,100,63,msgspec,0.21.1,1207,1278,80,2485,828500.414250,782472.613459,402414.486922,351,1.00,1,99d1c7fab316,97,89,struct,,1022,14
python,bytes,message,100,63,dill,0.4.1,53165,8106,202,61271,18809.367065,123365.408340,16320.934863,10948,1.00,1,99d1c7fab316,194,193,dataclass,,1023,15
python,bytes,message,100,64,rapidjson,1.23,3106,3322,168,6428,321957.501610,301023.479831,155569.383945,1492,1.00,1,99d1c7fab316,138,134,dict,,1024,0
python,bytes,message,100,64,protobuf,7.35.1,1288,1431,50,2719,776397.515528,698812.019567,367782.272894,187,1.00,1,99d1c7fab316,71,59,message,,1025,1
python,bytes,message,100,64,avro,1.12.2,7530,4609,44,12139,132802.124834,216966.804079,82379.108658,1808,1.00,1,99d1c7fab316,64,53,dict,,1026,2
python,bytes,message,100,64,pickle,python-3.14.0,4353,3063,202,7416,229726.625316,326477.309827,134843.581446,4969,1.00,1,99d1c7fab316,194,193,dataclass,,1027,3
python,bytes,message,100,64,cloudpickle,3.1.2,11562,2109,202,13671,86490.226604,474158.368895,73147.538585,8946,1.00,1,99d1c7fab316,194,193,dataclass,,1028,4
python,bytes,message,100,64,orjson,3.11.9,890,1451,168,2341,1123595.505618,689179.875948,427167.876976,5466,1.00,1,99d1c7fab316,138,134,dict,,1029,5
python,bytes,message,100,64,msgspec,0.21.1,1038,1132,80,2170,963391.136802,883392.226148,460829.493088,351,1.00,1,99d1c7fab316,97,89,struct,,1030,6
python,bytes,message,100,64,dill,0.4.1,47558,6780,202,54338,21026.956558,147492.625369,18403.327322,10948,1.00,1,99d1c7fab316,194,193,dataclass,,1031,7
python,bytes,message,100,64,flatbuffers,25.12.19,25260,6977,104,32237,39588.281869,143328.077970,31020.256227,1162,1.00,1,99d1c7fab316,102,107,dataclass,,1032,8
python,bytes,message,100,64,serpyco-rs,1.21.0,1655,2221,168,3876,604229.607251,450247.636200,257997.936017,5466,1.00,1,99d1c7fab316,138,134,dataclass,,1033,9
python,bytes,message,100,64,json,python-3.14.0,7957,4920,168,12877,125675.505844,203252.032520,77657.839559,2329,1.00,1,99d1c7fab316,138,134,dict,,1034,10
python,bytes,message,100,64,cbor2,6.1.3,6244,3402,124,9646,160153.747598,293944.738389,103669.914991,908,1.00,1,99d1c7fab316,122,123,dict,,1035,11
python,bytes,message,100,64,pydantic,2.13.4,4630,7976,168,12606,215982.721382,125376.128385,79327.304458,2329,1.00,1,99d1c7fab316,138,134,model,,1036,12
python,bytes,message,100,64,msgspec-msgpack,0.21.1,1119,1082,52,2201,893655.049151,924214.417745,454338.936847,312,1.00,1,99d1c7fab316,72,61,struct,,1037,13
python,bytes,message,100,64,msgpack,1.2.1,2053,2331,124,4384,487092.060399,429000.429000,228102.189781,521,1.00,1,99d1c7fab316,124,121,dict,,1038,14
python,bytes,message,100,64,mashumaro,3.22,1329,2826,168,4155,752445.447705,353857.041755,240673.886883,5466,1.00,1,99d1c7fab316,138,134,dataclass,,1039,15
python,bytes,message,100,65,cloudpickle,3.1.2,13698,3729,202,17427,73003.358154,268168.409761,57382.222987,8946,1.00,1,99d1c7fab316,194,193,dataclass,,1040,0
python,bytes,message,100,65,msgpack,1.2.1,1392,1701,124,3093,718390.804598,587889.476778,323310.701584,521,1.00,1,99d1c7fab316,124,121,dict,,1041,1
python,bytes,message,100,65,pickle,python-3.14.0,3650,2278,202,5928,273972.602740,438981.562774,168690.958165,4969,1.00,1,99d1c7fab316,194,193,dataclass,,1042,2
python,bytes,message,100,65,msgspec-msgpack,0.21.1,615,716,52,1331,1626016.260163,1396648.044693,751314.800902,312,1.00,1,99d1c7fab316,72,61,struct,,1043,3
python,bytes,message,100,65,serpyco-rs,1.21.0,1593,2262,168,3855,627746.390458,442086.648983,259403.372244,5466,1.00,1,99d1c7fab316,138,134,dataclass,,1044,4
python,bytes,message,100,65,protobuf,7.35.1,1683,1664,50,3347,594177.064765,600961.538462,298775.022408,187,1.00,1,99d1c7fab316,71,59,message,,1045,5
python,bytes,message,100,65,avro,1.12.2,8290,5224,44,13514,120627.261761,191424.196018,73997.336096,1808,1.00,1,99d1c7fab316,64,53,dict,,1046,6
python,bytes,message,100,65,rapidjson,1.23,3990,4514,168,8504,250626.566416,221533.008418,117591.721543,1492,1.00,1,99d1c7fab316,138,134,dict,,1047,7
python,bytes,message,100,65,orjson,3.11.9,738,1159,168,1897,1355013.550136,862812.769629,527148.128624,5466,1.00,1,99d1c7fab316,138,134,dict,,1048,8
python,bytes,message,100,65,pydantic,2.13.4,4599,9320,168,13919,217438.573603,107296.137339,71844.241684,2329,1.00,1,99d1c7fab316,138,134,model,,1049,9
python,bytes,message,100,65,json,python-3.14.0,7657,3434,168,11091,130599.451482,291205.591147,90163.195384,2329,1.00,1,99d1c7fab316,138,134,dict,,1050,10
python,bytes,message,100,65,flatbuffers,25.12.19,28591,7430,104,36021,34976.041412,134589.502019,27761.583521,1162,1.00,1,99d1c7fab316,102,107,dataclass,,1051,11
python,bytes,message,100,65,msgspec,0.21.1,1257,1237,80,2494,795544.948290,808407.437348,400962.309543,351,1.00,1,99d1c7fab316,97,89,struct,,1052,12
python,bytes,message,100,65,mashumaro,3.22,1303,2857,168,4160,767459.708365,350017.500875,240384.615385,5466,1.00,1,99d1c7fab316,138,134,dataclass,,1053,13
python,bytes,message,100,65,cbor2,6.1.3,6436,3504,124,9940,155376.009944,285388.127854,100603.621730,908,1.00,1,99d1c7fab316,122,123,dict,,1054,14
python,bytes,message,100,65,dill,0.4.1,54910,8840,202,63750,18211.619013,113122.171946,15686.274510,10948,1.00,1,99d1c7fab316,194,193,dataclass,,1055,15
python,bytes,message,100,66,pickle,python-3.14.0,4291,2853,202,7144,233045.910044,350508.236944,139977.603583,4969,1.00,1,99d1c7fab316,194,193,dataclass,,1056,0
python,bytes,message,100,66,cbor2,6.1.3,4603,2828,124,7431,217249.619813,353606.789250,134571.390122,908,1.00,1,99d1c7fab316,122,123,dict,,1057,1
python,bytes,message,100,66,msgspec,0.21.1,806,930,80,1736,1240694.789082,1075268.817204,576036.866359,351,1.00,1,99d1c7fab316,97,89,struct,,1058,2
python,bytes,message,100,66,flatbuffers,25.12.19,24259,6695,104,30954,41221.814584,149365.197909,32306.002455,1162,1.00,1,99d1c7fab316,102,107,dataclass,,1059,3
python,bytes,message,100,66,cloudpickle,3.1.2,11903,2895,202,14798,84012.433840,345423.143351,67576.699554,8946,1.00,1,99d1c7fab316,194,193,dataclass,,1060,4
python,bytes,message,100,66,avro,1.12.2,7839,4651,44,12490,127567.291746,215007.525263,80064.051241,1808,1.00,1,99d1c7fab316,64,53,dict,,1061,5
python,bytes,message,100,66,serpyco-rs,1.21.0,1735,2274,168,4009,576368.876081,439753.737907,249438.762784,5466,1.00,1,99d1c7fab316,138,134,dataclass,,1062,6
python,bytes,message,100,66,msgspec-msgpack,0.21.1,842,956,52,1798,1187648.456057,1046025.104603,556173.526140,312,1.00,1,99d1c7fab316,72,61,struct,,1063,7
python,bytes,message,100,66,json,python-3.14.0,7660,5316,168,12976,130548.302872,188111.361926,77065.351418,2329,1.00,1,99d1c7fab316,138,134,dict,,1064,8
python,bytes,message,100,66,rapidjson,1.23,3392,3514,168,6906,294811.320755,284575.981787,144801.621778,1492,1.00,1,99d1c7fab316,138,134,dict,,1065,9
python,bytes,message,100,66,orjson,3.11.9,610,936,168,1546,1639344.262295,1068376.068376,646830.530401,5466,1.00,1,99d1c7fab316,138,134,dict,,1066,10
python,bytes,message,100,66,dill,0.4.1,49854,11547,202,61401,20058.571027,86602.580757,16286.379701,10948,1.00,1,99d1c7fab316,194,193,dataclass,,1067,11
python,bytes,message,100,66,mashumaro,3.22,1364,2744,168,4108,733137.829912,364431.486880,243427.458617,5466,1.00,1,99d1c7fab316,138,134,dataclass,,1068,12
python,bytes,message,100,66,msgpack,1.2.1,1788,2429,124,4217,559284.116331,411692.054343,237135.404316,521,1.00,1,99d1c7fab316,124,121,dict,,1069,13
python,bytes,message,100,66,pydantic,2.13.4,5134,9573,168,14707,194779.898714,104460.461715,67994.832393,2329,1.00,1,99d1c7fab316,138,134,model,,1070,14
python,bytes,message,100,66,protobuf,7.35.1,1741,1744,50,3485,574382.538771,573394.495413,286944.045911,187,1.00,1,99d1c7fab316,71,59,message,,1071,15
python,bytes,message,100,67,orjson,3.11.9,800,1056,168,1856,1250000.000000,946969.696970,538793.103448,5466,1.00,1,99d1c7fab316,138,134,dict,,1072,0
python,bytes,message,100,67,msgspec,0.21.1,1100,1140,80,2240,909090.909091,877192.982456,446428.571429,351,1.00,1,99d1c7fab316,97,89,struct,,1073,1
python,bytes,message,100,67,mashumaro,3.22,1119,2233,168,3352,893655.049151,447828.034035,298329.355609,5466,1.00,1,99d1c7fab316,138,134,dataclass,,1074,2
python,bytes,message,100,67,dill,0.4.1,47979,7714,202,55693,20842.451906,129634.430905,17955.577900,10948,1.00,1,99d1c7fab316,194,193,dataclass,,1075,3
python,bytes,message,100,67,protobuf,7.35.1,983,1206,50,2189,1017293.997965,829187.396352,456829.602558,187,1.00,1,99d1c7fab316,71,59,message,,1076,4
python,bytes,message,100,67,msgspec-msgpack,0.21.1,841,908,52,1749,1189060.642093,1101321.585903,571755.288736,312,1.00,1,99d1c7fab316,72,61,struct,,1077,5
python,bytes,message,100,67,cloudpickle,3.1.2,12441,3103,202,15544,80379.390724,322268.772156,64333.504889,8946,1.00,1,99d1c7fab316,194,193,dataclass,,1078,6
python,bytes,message,100,67,flatbuffers,25.12.19,26904,7027,104,33931,37169.194172,142308.239647,29471.574666,1162,1.00,1,99d1c7fab316,102,107,dataclass,,1079,7
python,bytes,message,100,67,pydantic,2.13.4,4370,8883,168,13253,228832.951945,112574.580660,75454.614050,2329,1.00,1,99d1c7fab316,138,134,model,,1080,8
python,bytes,message,100,67,avro,1.12.2,8485,5120,44,13605,117855.038303,195312.500000,73502.388828,1808,1.00,1,99d1c7fab316,64,53,dict,,1081,9
python,bytes,message,100,67,pickle,python-3.14.0,4810,3798,202,8608,207900.207900,263296.471827,116171.003717,4969,1.00,1,99d1c7fab316,194,193,dataclass,,1082,10
python,bytes,message,100,67,rapidjson,1.23,4158,3995,168,8153,240500.240500,250312.891114,122654.237704,1492,1.00,1,99d1c7fab316,138,134,dict,,1083,11
python,bytes,message,100,67,serpyco-rs,1.21.0,2065,2691,168,4756,484261.501211,371609.067261,210260.723297,5466,1.00,1,99d1c7fab316,138,134,dataclass,,1084,12
python,bytes,message,100,67,json,python-3.14.0,8005,4859,168,12864,124921.923798,205803.663305,77736.318408,2329,1.00,1,99d1c7fab316,138,134,dict,,1085,13
python,bytes,message,100,67,cbor2,6.1.3,7402,4383,124,11785,135098.621994,228154.232261,84853.627493,908,1.00,1,99d1c7fab316,122,123,dict,,1086,14
python,bytes,message,100,67,msgpack,1.2.1,2003,2570,124,4573,499251.123315,389105.058366,218674.830527,521,1.00,1,99d1c7fab316,124,121,dict,,1087,15
python,bytes,message,100,68,protobuf,7.35.1,1425,1525,50,2950,701754.385965,655737.704918,338983.050847,187,1.00,1,99d1c7fab316,71,59,message,,1088,0
python,bytes,message,100,68,flatbuffers,25.12.19,27678,7510,104,35188,36129.778163,133155.792277,28418.779129,1162,1.00,1,99d1c7fab316,102,107,dataclass,,1089,1
python,bytes,message,100,68,rapidjson,1.23,3133,3541,168,6674,319182.891797,282406.099972,149835.181301,1492,1.00,1,99d1c7fab316,138,134,dict,,1090,2
python,bytes,message,100,68,json,python-3.14.0,6256,4163,168,10419,159846.547315,240211.386020,95978.500816,2329,1.00,1,99d1c7fab316,138,134,dict,,1091,3
python,bytes,message,100,68,msgspec,0.21.1,1246,1212,80,2458,802568.218299,825082.508251,406834.825061,351,1.00,1,99d1c7fab316,97,89,struct,,1092,4
python,bytes,message,100,68,cloudpickle,3.1.2,13861,3569,202,17430,72144.866893,280190.529560,57372.346529,8946,1.00,1,99d1c7fab316,194,193,dataclass,,1093,5
python,bytes,message,100,68,avro,1.12.2,7158,4435,44,11593,139703.827885,225479.143179,86258.949366,1808,1.00,1,99d1c7fab316,64,53,dict,,1094,6
python,bytes,message,100,68,msgpack,1.2.1,1551,6239,124,7790,644745.325596,160282.096490,128369.704750,521,1.00,1,99d1c7fab316,124,121,dict,,1095,7
python,bytes,message,100,68,cbor2,6.1.3,5788,2978,124,8766,172771.250864,335795.836132,114077.116131,908,1.00,1,99d1c7fab316,122,123,dict,,1096,8
python,bytes,message,100,68,msgspec-msgpack,0.21.1,998,980,52,1978,1002004.008016,1020408.163265,505561.172902,312,1.00,1,99d1c7fab316,72,61,struct,,1097,9
python,bytes,message,100,68,pickle,python-3.14.0,4152,3005,202,7157,240847.784200,332778.702163,139723.347771,4969,1.00,1,99d1c7fab316,194,193,dataclass,,1098,10
python,bytes,message,100,68,serpyco-rs,1.21.0,2083,2588,168,4671,480076.812290,386398.763524,214086.919289,5466,1.00,1,99d1c7fab316,138,134,dataclass,,1099,11
python,bytes,message,100,68,pydantic,2.13.4,5181,8601,168,13782,193012.931866,116265.550517,72558.409520,2329,1.00,1,99d1c7fab316,138,134,model,,1100,12
python,bytes,message,100,68,mashumaro,3.22,1484,2895,168,4379,673854.447439,345423.143351,228362.639872,5466,1.00,1,99d1c7fab316,138,134,dataclass,,1101,13
python,bytes,message,100,68,dill,0.4.1,55489,8263,202,63752,18021.589865,121021.420791,15685.782407,10948,1.00,1,99d1c7fab316,194,193,dataclass,,1102,14
python,bytes,message,100,68,orjson,3.11.9,892,927,168,1819,1121076.233184,1078748.651564,549752.611325,5466,1.00,1,99d1c7fab316,138,134,dict,,1103,15
python,bytes,message,100,69,serpyco-rs,1.21.0,1515,1761,168,3276,660066.006601,567859.170926,305250.305250,5466,1.00,1,99d1c7fab316,138,134,dataclass,,1104,0
python,bytes,message,100,69,flatbuffers,25.12.19,27066,7185,104,34251,36946.722826,139178.844816,29196.227847,1162,1.00,1,99d1c7fab316,102,107,dataclass,,1105,1
python,bytes,message,100,69,mashumaro,3.22,1207,2566,168,3773,828500.414250,389711.613406,265041.081368,5466,1.00,1,99d1c7fab316,138,134,dataclass,,1106,2
python,bytes,message,100,69,dill,0.4.1,46105,7009,202,53114,21689.621516,142673.705236,18827.427797,10948,1.00,1,99d1c7fab316,194,193,dataclass,,1107,3
python,bytes,message,100,69,msgspec-msgpack,0.21.1,973,949,52,1922,1027749.229188,1053740.779768,520291.363163,312,1.00,1,99d1c7fab316,72,61,struct,,1108,4
python,bytes,message,100,69,rapidjson,1.23,3853,3987,168,7840,259538.022320,250815.149235,127551.020408,1492,1.00,1,99d1c7fab316,138,134,dict,,1109,5
python,bytes,message,100,69,cloudpickle,3.1.2,13342,3124,202,16466,74951.281667,320102.432778,60731.203692,8946,1.00,1,99d1c7fab316,194,193,dataclass,,1110,6
python,bytes,message,100,69,cbor2,6.1.3,6127,3157,124,9284,163212.012404,316756.414317,107712.193020,908,1.00,1,99d1c7fab316,122,123,dict,,1111,7
python,bytes,message,100,69,msgpack,1.2.1,1838,2323,124,4161,544069.640914,430477.830392,240326.844509,521,1.00,1,99d1c7fab316,124,121,dict,,1112,8
python,bytes,message,100,69,orjson,3.11.9,1014,1193,168,2207,986193.293886,838222.967309,453103.760761,5466,1.00,1,99d1c7fab316,138,134,dict,,1113,9
python,bytes,message,100,69,msgspec,0.21.1,1231,1099,80,2330,812347.684809,909918.107370,429184.549356,351,1.00,1,99d1c7fab316,97,89,struct,,1114,10
python,bytes,message,100,69,avro,1.12.2,10068,5290,44,15358,99324.592769,189035.916824,65112.644876,1808,1.00,1,99d1c7fab316,64,53,dict,,1115,11
python,bytes,message,100,69,protobuf,7.35.1,2030,2198,50,4228,492610.837438,454959.053685,236518.448439,187,1.00,1,99d1c7fab316,71,59,message,,1116,12
python,bytes,message,100,69,pydantic,2.13.4,6299,10191,168,16490,158755.357993,98125.797272,60642.813827,2329,1.00,1,99d1c7fab316,138,134,model,,1117,13
python,bytes,message,100,69,pickle,python-3.14.0,4016,3489,202,7505,249003.984064,286615.075953,133244.503664,4969,1.00,1,99d1c7fab316,194,193,dataclass,,1118,14
python,bytes,message,100,69,json,python-3.14.0,8211,3421,168,11632,121787.845573,292312.189418,85969.738652,2329,1.00,1,99d1c7fab316,138,134,dict,,1119,15
python,bytes,message,100,70,flatbuffers,25.12.19,26671,7500,104,34171,37493.907240,133333.333333,29264.581078,1162,1.00,1,99d1c7fab316,102,107,dataclass,,1120,0
python,bytes,message,100,70,pydantic,2.13.4,3635,6234,168,9869,275103.163686,160410.651267,101327.388793,2329,1.00,1,99d1c7fab316,138,134,model,,1121,1
python,bytes,message,100,70,rapidjson,1.23,3374,3172,168,6546,296384.113811,315258.511980,152765.047357,1492,1.00,1,99d1c7fab316,138,134,dict,,1122,2
python,bytes,message,100,70,mashumaro,3.22,1364,3040,168,4404,733137.829912,328947.368421,227066.303361,5466,1.00,1,99d1c7fab316,138,134,dataclass,,1123,3
python,bytes,message,100,70,avro,1.12.2,8023,4619,44,12642,124641.655241,216497.077289,79101.408005,1808,1.00,1,99d1c7fab316,64,53,dict,,1124,4
python,bytes,message,100,70,pickle,python-3.14.0,4936,4048,202,8984,202593.192869,247035.573123,111308.993767,4969,1.00,1,99d1c7fab316,194,193,dataclass,,1125,5
python,bytes,message,100,70,msgspec,0.21.1,1274,1162,80,2436,784929.356358,860585.197935,410509.031199,351,1.00,1,99d1c7fab316,97,89,struct,,1126,6
python,bytes,message,100,70,dill,0.4.1,54295,8385,202,62680,18417.902201,119260.584377,15954.052329,10948,1.00,1,99d1c7fab316,194,193,dataclass,,1127,7
python,bytes,message,100,70,msgspec-msgpack,0.21.1,1055,1017,52,2072,947867.298578,983284.169125,482625.482625,312,1.00,1,99d1c7fab316,72,61,struct,,1128,8
python,bytes,message,100,70,msgpack,1.2.1,1871,2547,124,4418,534473.543560,392618.767177,226346.763241,521,1.00,1,99d1c7fab316,124,121,dict,,1129,9
python,bytes,message,100,70,json,python-3.14.0,8381,5960,168,14341,119317.503878,167785.234899,69730.144341,2329,1.00,1,99d1c7fab316,138,134,dict,,1130,10
python,bytes,message,100,70,cloudpickle,3.1.2,14281,3123,202,17404,70023.107626,320204.931156,57458.055619,8946,1.00,1,99d1c7fab316,194,193,dataclass,,1131,11
python,bytes,message,100,70,serpyco-rs,1.21.0,2001,2595,168,4596,499750.124938,385356.454721,217580.504787,5466,1.00,1,99d1c7fab316,138,134,dataclass,,1132,12
python,bytes,message,100,70,orjson,3.11.9,661,761,168,1422,1512859.304085,1314060.446781,703234.880450,5466,1.00,1,99d1c7fab316,138,134,dict,,1133,13
python,bytes,message,100,70,cbor2,6.1.3,6866,3775,124,10641,145645.208273,264900.662252,93976.130063,908,1.00,1,99d1c7fab316,122,123,dict,,1134,14
python,bytes,message,100,70,protobuf,7.35.1,1921,1819,50,3740,520562.207184,549752.611325,267379.679144,187,1.00,1,99d1c7fab316,71,59,message,,1135,15
python,bytes,message,100,71,flatbuffers,25.12.19,29617,8105,104,37722,33764.392072,123380.629241,26509.729071,1162,1.00,1,99d1c7fab316,102,107,dataclass,,1136,0
python,bytes,message,100,71,msgspec,0.21.1,1081,979,80,2060,925069.380204,1021450.459653,485436.893204,351,1.00,1,99d1c7fab316,97,89,struct,,1137,1
python,bytes,message,100,71,cbor2,6.1.3,4936,2777,124,7713,202593.192869,360100.828232,129651.238169,908,1.00,1,99d1c7fab316,122,123,dict,,1138,2
python,bytes,message,100,71,dill,0.4.1,50804,7736,202,58540,19683.489489,129265.770424,17082.336864,10948,1.00,1,99d1c7fab316,194,193,dataclass,,1139,3
python,bytes,message,100,71,protobuf,7.35.1,1258,1345,50,2603,794912.559618,743494.423792,384172.109105,187,1.00,1,99d1c7fab316,71,59,message,,1140,4
python,bytes,message,100,71,mashumaro,3.22,1447,2879,168,4326,691085.003455,347342.827371,231160.425335,5466,1.00,1,99d1c7fab316,138,134,dataclass,,1141,5
python,bytes,message,100,71,serpyco-rs,1.21.0,1413,1830,168,3243,707714.083510,546448.087432,308356.460068,5466,1.00,1,99d1c7fab316,138,134,dataclass,,1142,6
python,bytes,message,100,71,avro,1.12.2,7847,4502,44,12349,127437.237161,222123.500666,80978.216860,1808,1.00,1,99d1c7fab316,64,53,dict,,1143,7
python,bytes,message,100,71,pydantic,2.13.4,6080,11583,168,17663,164473.684211,86333.419667,56615.523977,2329,1.00,1,99d1c7fab316,138,134,model,,1144,8
python,bytes,message,100,71,orjson,3.11.9,600,867,168,1467,1666666.666667,1153402.537486,681663.258350,5466,1.00,1,99d1c7fab316,138,134,dict,,1145,9
python,bytes,message,100,71,pickle,python-3.14.0,4159,3222,202,7381,240442.414042,310366.232154,135482.996884,4969,1.00,1,99d1c7fab316,194,193,dataclass,,1146,10
python,bytes,message,100,71,json,python-3.14.0,8011,4185,168,12196,124828.361004,238948.626045,81994.096425,2329,1.00,1,99d1c7fab316,138,134,dict,,1147,11
python,bytes,message,100,71,cloudpickle,3.1.2,12143,2573,202,14716,82351.972330,388651.379712,67953.248165,8946,1.00,1,99d1c7fab316,194,193,dataclass,,1148,12
python,bytes,message,100,71,rapidjson,1.23,4246,4189,168,8435,235515.779557,238720.458343,118553.645525,1492,1.00,1,99d1c7fab316,138,134,dict,,1149,13
python,bytes,message,100,71,msgpack,1.2.1,1773,2495,124,4268,564015.792442,400801.603206,234301.780694,521,1.00,1,99d1c7fab316,124,121,dict,,1150,14
python,bytes,message,100,71,msgspec-msgpack,0.21.1,1147,1032,52,2179,871839.581517,968992.248062,458926.112896,312,1.00,1,99d1c7fab316,72,61,struct,,1151,15
python,bytes,message,100,72,msgspec,0.21.1,1012,912,80,1924,988142.292490,1096491.228070,519750.519751,351,1.00,1,99d1c7fab316,97,89,struct,,1152,0
python,bytes,message,100,72,serpyco-rs,1.21.0,1589,2046,168,3635,629326.620516,488758.553275,275103.163686,5466,1.00,1,99d1c7fab316,138,134,dataclass,,1153,1
python,bytes,message,100,72,cloudpickle,3.1.2,9830,2740,202,12570,101729.399797,364963.503650,79554.494829,8946,1.00,1,99d1c7fab316,194,193,dataclass,,1154,2
python,bytes,message,100,72,pickle,python-3.14.0,2750,1743,202,4493,363636.363636,573723.465290,222568.439795,4969,1.00,1,99d1c7fab316,194,193,dataclass,,1155,3
python,bytes,message,100,72,orjson,3.11.9,586,776,168,1362,1706484.641638,1288659.793814,734214.390602,5466,1.00,1,99d1c7fab316,138,134,dict,,1156,4
python,bytes,message,100,72,avro,1.12.2,6970,4127,44,11097,143472.022956,242306.760359,90114.445346,1808,1.00,1,99d1c7fab316,64,53,dict,,1157,5
python,bytes,message,100,72,json,python-3.14.0,6317,4591,168,10908,158302.991927,217817.468961,91675.834250,2329,1.00,1,99d1c7fab316,138,134,dict,,1158,6
python,bytes,message,100,72,msgspec-msgpack,0.21.1,707,759,52,1466,1414427.157001,1317523.056653,682128.240109,312,1.00,1,99d1c7fab316,72,61,struct,,1159,7
python,bytes,message,100,72,rapidjson,1.23,2855,3143,168,5998,350262.697023,318167.356029,166722.240747,1492,1.00,1,99d1c7fab316,138,134,dict,,1160,8
python,bytes,message,100,72,cbor2,6.1.3,6334,3188,124,9522,157878.118093,313676.286073,105019.953791,908,1.00,1,99d1c7fab316,122,123,dict,,1161,9
python,bytes,message,100,72,protobuf,7.35.1,1466,1602,50,3068,682128.240109,624219.725343,325945.241199,187,1.00,1,99d1c7fab316,71,59,message,,1162,10
python,bytes,message,100,72,mashumaro,3.22,1464,2605,168,4069,683060.109290,383877.159309,245760.629147,5466,1.00,1,99d1c7fab316,138,134,dataclass,,1163,11
python,bytes,message,100,72,flatbuffers,25.12.19,27887,7028,104,34915,35859.002403,142287.990894,28640.985250,1162,1.00,1,99d1c7fab316,102,107,dataclass,,1164,12
python,bytes,message,100,72,dill,0.4.1,51336,8733,202,60069,19479.507558,114508.187335,16647.522016,10948,1.00,1,99d1c7fab316,194,193,dataclass,,1165,13
python,bytes,message,100,72,msgpack,1.2.1,1990,2404,124,4394,502512.562814,415973.377704,227583.067820,521,1.00,1,99d1c7fab316,124,121,dict,,1166,14
python,bytes,message,100,72,pydantic,2.13.4,5286,10846,168,16132,189178.963299,92199.889360,61988.594099,2329,1.00,1,99d1c7fab316,138,134,model,,1167,15
python,bytes,message,100,73,pickle,python-3.14.0,4694,3576,202,8270,213037.920750,279642.058166,120918.984281,4969,1.00,1,99d1c7fab316,194,193,dataclass,,1168,0
python,bytes,message,100,73,flatbuffers,25.12.19,25042,6634,104,31676,39932.912707,150738.619234,31569.642632,1162,1.00,1,99d1c7fab316,102,107,dataclass,,1169,1
python,bytes,message,100,73,msgpack,1.2.1,1386,1770,124,3156,721500.721501,564971.751412,316856.780735,521,1.00,1,99d1c7fab316,124,121,dict,,1170,2
python,bytes,message,100,73,msgspec-msgpack,0.21.1,944,916,52,1860,1059322.033898,1091703.056769,537634.408602,312,1.00,1,99d1c7fab316,72,61,struct,,1171,3
python,bytes,message,100,73,orjson,3.11.9,1068,1557,168,2625,936329.588015,642260.757868,380952.380952,5466,1.00,1,99d1c7fab316,138,134,dict,,1172,4
python,bytes,message,100,73,protobuf,7.35.1,1374,1552,50,2926,727802.037846,644329.896907,341763.499658,187,1.00,1,99d1c7fab316,71,59,message,,1173,5
python,bytes,message,100,73,avro,1.12.2,8192,4775,44,12967,122070.312500,209424.083770,77118.840133,1808,1.00,1,99d1c7fab316,64,53,dict,,1174,6
python,bytes,message,100,73,cbor2,6.1.3,6548,3501,124,10049,152718.387294,285632.676378,99512.389292,908,1.00,1,99d1c7fab316,122,123,dict,,1175,7
python,bytes,message,100,73,serpyco-rs,1.21.0,2151,2423,168,4574,464900.046490,412711.514651,218627.022300,5466,1.00,1,99d1c7fab316,138,134,dataclass,,1176,8
python,bytes,message,100,73,rapidjson,1.23,3890,4034,168,7924,257069.408740,247892.910263,126198.889450,1492,1.00,1,99d1c7fab316,138,134,dict,,1177,9
python,bytes,message,100,73,mashumaro,3.22,1265,2661,168,3926,790513.833992,375798.571965,254712.175242,5466,1.00,1,99d1c7fab316,138,134,dataclass,,1178,10
python,bytes,message,100,73,msgspec,0.21.1,1063,1179,80,2242,940733.772342,848176.420696,446030.330062,351,1.00,1,99d1c7fab316,97,89,struct,,1179,11
python,bytes,message,100,73,dill,0.4.1,49308,8090,202,57398,20280.684676,123609.394314,17422.209833,10948,1.00,1,99d1c7fab316,194,193,dataclass,,1180,12
python,bytes,message,100,73,pydantic,2.13.4,4916,10087,168,15003,203417.412531,99137.503718,66653.335999,2329,1.00,1,99d1c7fab316,138,134,model,,1181,13
python,bytes,message,100,73,cloudpickle,3.1.2,14835,3582,202,18417,67408.156387,279173.646008,54297.659771,8946,1.00,1,99d1c7fab316,194,193,dataclass,,1182,14
python,bytes,message,100,73,json,python-3.14.0,8206,4321,168,12527,121862.052157,231427.910206,79827.572444,2329,1.00,1,99d1c7fab316,138,134,dict,,1183,15
python,bytes,message,100,74,serpyco-rs,1.21.0,1672,2301,168,3973,598086.124402,434593.654933,251698.968034,5466,1.00,1,99d1c7fab316,138,134,dataclass,,1184,0
python,bytes,message,100,74,dill,0.4.1,44337,7174,202,51511,22554.525566,139392.249791,19413.329192,10948,1.00,1,99d1c7fab316,194,193,dataclass,,1185,1
python,bytes,message,100,74,mashumaro,3.22,1392,2597,168,3989,718390.804598,385059.684251,250689.395839,5466,1.00,1,99d1c7fab316,138,134,dataclass,,1186,2
python,bytes,message,100,74,json,python-3.14.0,6215,4175,168,10390,160901.045857,239520.958084,96246.390760,2329,1.00,1,99d1c7fab316,138,134,dict,,1187,3
python,bytes,message,100,74,orjson,3.11.9,598,810,168,1408,1672240.802676,1234567.901235,710227.272727,5466,1.00,1,99d1c7fab316,138,134,dict,,1188,4
python,bytes,message,100,74,flatbuffers,25.12.19,25826,6692,104,32518,38720.669093,149432.157800,30752.198782,1162,1.00,1,99d1c7fab316,102,107,dataclass,,1189,5
python,bytes,message,100,74,protobuf,7.35.1,1492,1690,50,3182,670241.286863,591715.976331,314267.756128,187,1.00,1,99d1c7fab316,71,59,message,,1190,6
python,bytes,message,100,74,msgpack,1.2.1,1778,2342,124,4120,562429.696288,426985.482494,242718.446602,521,1.00,1,99d1c7fab316,124,121,dict,,1191,7
python,bytes,message,100,74,msgspec-msgpack,0.21.1,1124,1025,52,2149,889679.715302,975609.756098,465332.712890,312,1.00,1,99d1c7fab316,72,61,struct,,1192,8
python,bytes,message,100,74,pydantic,2.13.4,4346,8429,168,12775,230096.640589,118638.035354,78277.886497,2329,1.00,1,99d1c7fab316,138,134,model,,1193,9
python,bytes,message,100,74,pickle,python-3.14.0,4803,3410,202,8213,208203.206329,293255.131965,121758.188238,4969,1.00,1,99d1c7fab316,194,193,dataclass,,1194,10
python,bytes,message,100,74,msgspec,0.21.1,1032,1118,80,2150,968992.248062,894454.382826,465116.279070,351,1.00,1,99d1c7fab316,97,89,struct,,1195,11
python,bytes,message,100,74,cbor2,6.1.3,6426,3361,124,9787,155617.802677,297530.496876,102176.356391,908,1.00,1,99d1c7fab316,122,123,dict,,1196,12
python,bytes,message,100,74,rapidjson,1.23,3749,3859,168,7608,266737.796746,259134.490801,131440.588854,1492,1.00,1,99d1c7fab316,138,134,dict,,1197,13
python,bytes,message,100,74,avro,1.12.2,8604,5035,44,13639,116225.011623,198609.731877,73319.158296,1808,1.00,1,99d1c7fab316,64,53,dict,,1198,14
python,bytes,message,100,74,cloudpickle,3.1.2,13056,3090,202,16146,76593.137255,323624.595469,61934.844544,8946,1.00,1,99d1c7fab316,194,193,dataclass,,1199,15
python,bytes,message,100,75,serpyco-rs,1.21.0,1787,2278,168,4065,559597.090095,438981.562774,246002.460025,5466,1.00,1,99d1c7fab316,138,134,dataclass,,1200,0
python,bytes,message,100,75,avro,1.12.2,5248,3278,44,8526,190548.780488,305064.063453,117288.294628,1808,1.00,1,99d1c7fab316,64,53,dict,,1201,1
python,bytes,message,100,75,msgspec-msgpack,0.21.1,906,876,52,1782,1103752.759382,1141552.511416,561167.227834,312,1.00,1,99d1c7fab316,72,61,struct,,1202,2
python,bytes,message,100,75,pydantic,2.13.4,3820,7603,168,11423,261780.104712,131527.028804,87542.677055,2329,1.00,1,99d1c7fab316,138,134,model,,1203,3
python,bytes,message,100,75,cbor2,6.1.3,5063,3047,124,8110,197511.356903,328191.663932,123304.562269,908,1.00,1,99d1c7fab316,122,123,dict,,1204,4
python,bytes,message,100,75,cloudpickle,3.1.2,10996,3219,202,14215,90942.160786,310655.483069,70348.223707,8946,1.00,1,99d1c7fab316,194,193,dataclass,,1205,5
python,bytes,message,100,75,orjson,3.11.9,788,1387,168,2175,1269035.532995,720980.533526,459770.114943,5466,1.00,1,99d1c7fab316,138,134,dict,,1206,6
python,bytes,message,100,75,msgspec,0.21.1,994,1036,80,2030,1006036.217304,965250.965251,492610.837438,351,1.00,1,99d1c7fab316,97,89,struct,,1207,7
python,bytes,message,100,75,mashumaro,3.22,1261,2653,168,3914,793021.411578,376931.775349,255493.101686,5466,1.00,1,99d1c7fab316,138,134,dataclass,,1208,8
python,bytes,message,100,75,dill,0.4.1,50086,7619,202,57705,19965.659066,131250.820318,17329.520839,10948,1.00,1,99d1c7fab316,194,193,dataclass,,1209,9
python,bytes,message,100,75,json,python-3.14.0,8259,5950,168,14209,121080.033902,168067.226891,70377.929481,2329,1.00,1,99d1c7fab316,138,134,dict,,1210,10
python,bytes,message,100,75,protobuf,7.35.1,1596,1854,50,3450,626566.416040,539374.325782,289855.072464,187,1.00,1,99d1c7fab316,71,59,message,,1211,11
python,bytes,message,100,75,pickle,python-3.14.0,4411,3035,202,7446,226705.962367,329489.291598,134300.295461,4969,1.00,1,99d1c7fab316,194,193,dataclass,,1212,12
python,bytes,message,100,75,rapidjson,1.23,3845,4080,168,7925,260078.023407,245098.039216,126182.965300,1492,1.00,1,99d1c7fab316,138,134,dict,,1213,13
python,bytes,message,100,75,flatbuffers,25.12.19,29209,7946,104,37155,34236.023144,125849.484017,26914.278024,1162,1.00,1,99d1c7fab316,102,107,dataclass,,1214,14
python,bytes,message,100,75,msgpack,1.2.1,2071,2572,124,4643,482858.522453,388802.488336,215377.988370,521,1.00,1,99d1c7fab316,124,121,dict,,1215,15
python,bytes,message,100,76,cbor2,6.1.3,5831,3230,124,9061,171497.170297,309597.523220,110363.094581,908,1.00,1,99d1c7fab316,122,123,dict,,1216,0
python,bytes,message,100,76,dill,0.4.1,46642,7249,202,53891,21439.903949,137950.062078,18555.974096,10948,1.00,1,99d1c7fab316,194,193,dataclass,,1217,1
python,bytes,message,100,76,cloudpickle,3.1.2,11722,2665,202,14387,85309.674117,375234.521576,69507.193995,8946,1.00,1,99d1c7fab316,194,193,dataclass,,1218,2
python,bytes,message,100,76,protobuf,7.35.1,1205,1404,50,2609,829875.518672,712250.712251,383288.616328,187,1.00,1,99d1c7fab316,71,59,message,,1219,3
python,bytes,message,100,76,avro,1.12.2,8337,4997,44,13334,119947.223222,200120.072043,74996.250187,1808,1.00,1,99d1c7fab316,64,53,dict,,1220,4
python,bytes,message,100,76,flatbuffers,25.12.19,25011,6781,104,31792,39982.407741,147470.874502,31454.453951,1162,1.00,1,99d1c7fab316,102,107,dataclass,,1221,5
python,bytes,message,100,76,serpyco-rs,1.21.0,2066,2759,168,4825,484027.105518,362450.163103,207253.886010,5466,1.00,1,99d1c7fab316,138,134,dataclass,,1222,6
python,bytes,message,100,76,msgspec,0.21.1,1073,1128,80,2201,931966.449208,886524.822695,454338.936847,351,1.00,1,99d1c7fab316,97,89,struct,,1223,7
python,bytes,message,100,76,rapidjson,1.23,3511,3958,168,7469,284819.139846,252652.854977,133886.731825,1492,1.00,1,99d1c7fab316,138,134,dict,,1224,8
python,bytes,message,100,76,msgpack,1.2.1,1803,2209,124,4012,554631.170272,452693.526483,249252.243270,521,1.00,1,99d1c7fab316,124,121,dict,,1225,9
python,bytes,message,100,76,json,python-3.14.0,7629,5660,168,13289,131078.778346,176678.445230,75250.206938,2329,1.00,1,99d1c7fab316,138,134,dict,,1226,10
python,bytes,message,100,76,pydantic,2.13.4,5382,8044,168,13426,185804.533631,124316.260567,74482.347684,2329,1.00,1,99d1c7fab316,138,134,model,,1227,11
python,bytes,message,100,76,msgspec-msgpack,0.21.1,1163,1069,52,2232,859845.227859,935453.695042,448028.673835,312,1.00,1,99d1c7fab316,72,61,struct,,1228,12
python,bytes,message,100,76,mashumaro,3.22,1462,3152,168,4614,683994.528044,317258.883249,216731.686173,5466,1.00,1,99d1c7fab316,138,134,dataclass,,1229,13
python,bytes,message,100,76,pickle,python-3.14.0,4583,3315,202,7898,218197.687105,301659.125189,126614.332742,4969,1.00,1,99d1c7fab316,194,193,dataclass,,1230,14
python,bytes,message,100,76,orjson,3.11.9,628,838,168,1466,1592356.687898,1193317.422434,682128.240109,5466,1.00,1,99d1c7fab316,138,134,dict,,1231,15
python,bytes,message,100,77,protobuf,7.35.1,1359,1592,50,2951,735835.172921,628140.703518,338868.180278,187,1.00,1,99d1c7fab316,71,59,message,,1232,0
python,bytes,message,100,77,json,python-3.14.0,6515,4245,168,10760,153491.941673,235571.260306,92936.802974,2329,1.00,1,99d1c7fab316,138,134,dict,,1233,1
python,bytes,message,100,77,mashumaro,3.22,1022,2135,168,3157,978473.581213,468384.074941,316756.414317,5466,1.00,1,99d1c7fab316,138,134,dataclass,,1234,2
python,bytes,message,100,77,flatbuffers,25.12.19,25505,7112,104,32617,39207.998432,140607.424072,30658.858877,1162,1.00,1,99d1c7fab316,102,107,dataclass,,1235,3
python,bytes,message,100,77,msgspec,0.21.1,962,1018,80,1980,1039501.039501,982318.271120,505050.505051,351,1.00,1,99d1c7fab316,97,89,struct,,1236,4
python,bytes,message,100,77,avro,1.12.2,7663,4696,44,12359,130497.194310,212947.189097,80912.695202,1808,1.00,1,99d1c7fab316,64,53,dict,,1237,5
python,bytes,message,100,77,pickle,python-3.14.0,4047,3297,202,7344,247096.614776,303306.035790,136165.577342,4969,1.00,1,99d1c7fab316,194,193,dataclass,,1238,6
python,bytes,message,100,77,pydantic,2.13.4,4317,8252,168,12569,231642.344221,121182.743577,79560.824250,2329,1.00,1,99d1c7fab316,138,134,model,,1239,7
python,bytes,message,100,77,msgpack,1.2.1,1823,2350,124,4173,548546.352167,425531.914894,239635.753654,521,1.00,1,99d1c7fab316,124,121,dict,,1240,8
python,bytes,message,100,77,cbor2,6.1.3,6188,3535,124,9723,161603.102780,282885.431400,102848.914944,908,1.00,1,99d1c7fab316,122,123,dict,,1241,9
python,bytes,message,100,77,dill,0.4.1,48582,7317,202,55899,20583.755300,136668.033347,17889.407682,10948,1.00,1,99d1c7fab316,194,193,dataclass,,1242,10
python,bytes,message,100,77,cloudpickle,3.1.2,11645,2435,202,14080,85873.765565,410677.618070,71022.727273,8946,1.00,1,99d1c7fab316,194,193,dataclass,,1243,11
python,bytes,message,100,77,serpyco-rs,1.21.0,1970,2482,168,4452,507614.213198,402900.886382,224618.149146,5466,1.00,1,99d1c7fab316,138,134,dataclass,,1244,12
python,bytes,message,100,77,orjson,3.11.9,563,679,168,1242,1776198.934281,1472754.050074,805152.979066,5466,1.00,1,99d1c7fab316,138,134,dict,,1245,13
python,bytes,message,100,77,rapidjson,1.23,3658,3930,168,7588,273373.428103,254452.926209,131787.032156,1492,1.00,1,99d1c7fab316,138,134,dict,,1246,14
python,bytes,message,100,77,msgspec-msgpack,0.21.1,1081,1024,52,2105,925069.380204,976562.500000,475059.382423,312,1.00,1,99d1c7fab316,72,61,struct,,1247,15
python,bytes,message,100,78,cbor2,6.1.3,4857,2838,124,7695,205888.408483,352360.817477,129954.515919,908,1.00,1,99d1c7fab316,122,123,dict,,1248,0
python,bytes,message,100,78,rapidjson,1.23,2240,2614,168,4854,446428.571429,382555.470543,206015.657190,1492,1.00,1,99d1c7fab316,138,134,dict,,1249,1
python,bytes,message,100,78,pydantic,2.13.4,4017,8590,168,12607,248941.996515,116414.435390,79321.012136,2329,1.00,1,99d1c7fab316,138,134,model,,1250,2
python,bytes,message,100,78,pickle,python-3.14.0,3467,3033,202,6500,288433.804442,329706.561161,153846.153846,4969,1.00,1,99d1c7fab316,194,193,dataclass,,1251,3
python,bytes,message,100,78,json,python-3.14.0,6833,3403,168,10236,146348.602371,293858.360270,97694.411880,2329,1.00,1,99d1c7fab316,138,134,dict,,1252,4
python,bytes,message,100,78,avro,1.12.2,7476,4705,44,12181,133761.369716,212539.851222,82095.066087,1808,1.00,1,99d1c7fab316,64,53,dict,,1253,5
python,bytes,message,100,78,protobuf,7.35.1,1556,1589,50,3145,642673.521851,629326.620516,317965.023847,187,1.00,1,99d1c7fab316,71,59,message,,1254,6
python,bytes,message,100,78,dill,0.4.1,49186,7569,202,56755,20330.988493,132117.849121,17619.592987,10948,1.00,1,99d1c7fab316,194,193,dataclass,,1255,7
python,bytes,message,100,78,orjson,3.11.9,937,1586,168,2523,1067235.859125,630517.023960,396353.547364,5466,1.00,1,99d1c7fab316,138,134,dict,,1256,8
python,bytes,message,100,78,msgspec-msgpack,0.21.1,950,961,52,1911,1052631.578947,1040582.726327,523286.237572,312,1.00,1,99d1c7fab316,72,61,struct,,1257,9
python,bytes,message,100,78,serpyco-rs,1.21.0,1655,1992,168,3647,604229.607251,502008.032129,274197.970935,5466,1.00,1,99d1c7fab316,138,134,dataclass,,1258,10
python,bytes,message,100,78,msgspec,0.21.1,1005,1083,80,2088,995024.875622,923361.034164,478927.203065,351,1.00,1,99d1c7fab316,97,89,struct,,1259,11
python,bytes,message,100,78,msgpack,1.2.1,1905,2499,124,4404,524934.383202,400160.064026,227066.303361,521,1.00,1,99d1c7fab316,124,121,dict,,1260,12
python,bytes,message,100,78,cloudpickle,3.1.2,13469,3049,202,16518,74244.561586,327976.385700,60540.016951,8946,1.00,1,99d1c7fab316,194,193,dataclass,,1261,13
python,bytes,message,100,78,mashumaro,3.22,1495,2737,168,4232,668896.321070,365363.536719,236294.896030,5466,1.00,1,99d1c7fab316,138,134,dataclass,,1262,14
python,bytes,message,100,78,flatbuffers,25.12.19,27099,7675,104,34774,36901.730691,130293.159609,28757.117387,1162,1.00,1,99d1c7fab316,102,107,dataclass,,1263,15
python,bytes,message,100,79,cbor2,6.1.3,6446,3310,124,9756,155134.967422,302114.803625,102501.025010,908,1.00,1,99d1c7fab316,122,123,dict,,1264,0
python,bytes,message,100,79,msgspec,0.21.1,842,900,80,1742,1187648.456057,1111111.111111,574052.812859,351,1.00,1,99d1c7fab316,97,89,struct,,1265,1
python,bytes,message,100,79,pickle,python-3.14.0,4720,3018,202,7738,211864.406780,331345.261763,129232.359783,4969,1.00,1,99d1c7fab316,194,193,dataclass,,1266,2
python,bytes,message,100,79,rapidjson,1.23,3839,4311,168,8150,260484.501172,231964.741359,122699.386503,1492,1.00,1,99d1c7fab316,138,134,dict,,1267,3
python,bytes,message,100,79,dill,0.4.1,48775,7117,202,55892,20502.306509,140508.641281,17891.648179,10948,1.00,1,99d1c7fab316,194,193,dataclass,,1268,4
python,bytes,message,100,79,msgpack,1.2.1,1764,2199,124,3963,566893.424036,454752.160073,252334.090336,521,1.00,1,99d1c7fab316,124,121,dict,,1269,5
python,bytes,message,100,79,pydantic,2.13.4,5619,11362,168,16981,177967.609895,88012.673825,58889.346917,2329,1.00,1,99d1c7fab316,138,134,model,,1270,6
python,bytes,message,100,79,msgspec-msgpack,0.21.1,1053,985,52,2038,949667.616334,1015228.426396,490677.134446,312,1.00,1,99d1c7fab316,72,61,struct,,1271,7
python,bytes,message,100,79,mashumaro,3.22,1467,3096,168,4563,681663.258350,322997.416021,219154.065308,5466,1.00,1,99d1c7fab316,138,134,dataclass,,1272,8
python,bytes,message,100,79,cloudpickle,3.1.2,12291,3029,202,15320,81360.344968,330141.961043,65274.151436,8946,1.00,1,99d1c7fab316,194,193,dataclass,,1273,9
python,bytes,message,100,79,avro,1.12.2,8503,4992,44,13495,117605.550982,200320.512821,74101.519081,1808,1.00,1,99d1c7fab316,64,53,dict,,1274,10
python,bytes,message,100,79,json,python-3.14.0,8370,4775,168,13145,119474.313023,209424.083770,76074.553062,2329,1.00,1,99d1c7fab316,138,134,dict,,1275,11
python,bytes,message,100,79,serpyco-rs,1.21.0,1595,2070,168,3665,626959.247649,483091.787440,272851.296044,5466,1.00,1,99d1c7fab316,138,134,dataclass,,1276,12
python,bytes,message,100,79,flatbuffers,25.12.19,26009,7033,104,33042,38448.229459,142186.833499,30264.511833,1162,1.00,1,99d1c7fab316,102,107,dataclass,,1277,13
python,bytes,message,100,79,orjson,3.11.9,652,977,168,1629,1533742.331288,1023541.453429,613873.542050,5466,1.00,1,99d1c7fab316,138,134,dict,,1278,14
python,bytes,message,100,79,protobuf,7.35.1,1725,1825,50,3550,579710.144928,547945.205479,281690.140845,187,1.00,1,99d1c7fab316,71,59,message,,1279,15
python,bytes,message,100,80,cbor2,6.1.3,6130,3352,124,9482,163132.137031,298329.355609,105462.982493,908,1.00,1,99d1c7fab316,122,123,dict,,1280,0
python,bytes,message,100,80,pydantic,2.13.4,4502,9170,168,13672,222123.500666,109051.254089,73142.188414,2329,1.00,1,99d1c7fab316,138,134,model,,1281,1
python,bytes,message,100,80,cloudpickle,3.1.2,12300,3600,202,15900,81300.813008,277777.777778,62893.081761,8946,1.00,1,99d1c7fab316,194,193,dataclass,,1282,2
python,bytes,message,100,80,rapidjson,1.23,4012,3828,168,7840,249252.243270,261233.019854,127551.020408,1492,1.00,1,99d1c7fab316,138,134,dict,,1283,3
python,bytes,message,100,80,json,python-3.14.0,7075,4011,168,11086,141342.756184,249314.385440,90203.860725,2329,1.00,1,99d1c7fab316,138,134,dict,,1284,4
python,bytes,message,100,80,avro,1.12.2,7563,4707,44,12270,132222.662964,212449.543233,81499.592502,1808,1.00,1,99d1c7fab316,64,53,dict,,1285,5
python,bytes,message,100,80,serpyco-rs,1.21.0,1720,2349,168,4069,581395.348837,425713.069391,245760.629147,5466,1.00,1,99d1c7fab316,138,134,dataclass,,1286,6
python,bytes,message,100,80,msgspec-msgpack,0.21.1,1190,1050,52,2240,840336.134454,952380.952381,446428.571429,312,1.00,1,99d1c7fab316,72,61,struct,,1287,7
python,bytes,message,100,80,mashumaro,3.22,1217,2467,168,3684,821692.686935,405350.628293,271444.082519,5466,1.00,1,99d1c7fab316,138,134,dataclass,,1288,8
python,bytes,message,100,80,msgspec,0.21.1,1020,1052,80,2072,980392.156863,950570.342205,482625.482625,351,1.00,1,99d1c7fab316,97,89,struct,,1289,9
python,bytes,message,100,80,msgpack,1.2.1,1753,3371,124,5124,570450.656018,296647.878968,195160.031226,521,1.00,1,99d1c7fab316,124,121,dict,,1290,10
python,bytes,message,100,80,pickle,python-3.14.0,4418,2780,202,7198,226346.763241,359712.230216,138927.479856,4969,1.00,1,99d1c7fab316,194,193,dataclass,,1291,11
python,bytes,message,100,80,protobuf,7.35.1,1388,1498,50,2886,720461.095101,667556.742323,346500.346500,187,1.00,1,99d1c7fab316,71,59,message,,1292,12
python,bytes,message,100,80,orjson,3.11.9,558,789,168,1347,1792114.695341,1267427.122940,742390.497402,5466,1.00,1,99d1c7fab316,138,134,dict,,1293,13
python,bytes,message,100,80,dill,0.4.1,46764,6898,202,53662,21383.970576,144969.556393,18635.160821,10948,1.00,1,99d1c7fab316,194,193,dataclass,,1294,14
python,bytes,message,100,80,flatbuffers,25.12.19,24421,6646,104,31067,40948.364113,150466.445983,32188.495832,1162,1.00,1,99d1c7fab316,102,107,dataclass,,1295,15
python,bytes,message,100,81,avro,1.12.2,7018,4301,44,11319,142490.738102,232504.068821,88347.027123,1808,1.00,1,99d1c7fab316,64,53,dict,,1296,0
python,bytes,message,100,81,serpyco-rs,1.21.0,1510,2079,168,3589,662251.655629,481000.481000,278629.144609,5466,1.00,1,99d1c7fab316,138,134,dataclass,,1297,1
python,bytes,message,100,81,pydantic,2.13.4,4699,9447,168,14146,212811.236433,105853.710173,70691.361516,2329,1.00,1,99d1c7fab316,138,134,model,,1298,2
python,bytes,message,100,81,json,python-3.14.0,7253,3526,168,10779,137873.983179,283607.487238,92772.984507,2329,1.00,1,99d1c7fab316,138,134,dict,,1299,3
python,bytes,message,100,81,msgspec-msgpack,0.21.1,925,1018,52,1943,1081081.081081,982318.271120,514668.039115,312,1.00,1,99d1c7fab316,72,61,struct,,1300,4
python,bytes,message,100,81,rapidjson,1.23,3381,3444,168,6825,295770.482106,290360.046458,146520.146520,1492,1.00,1,99d1c7fab316,138,134,dict,,1301,5
python,bytes,message,100,81,pickle,python-3.14.0,4551,3158,202,7709,219731.927049,316656.111463,129718.510831,4969,1.00,1,99d1c7fab316,194,193,dataclass,,1302,6
python,bytes,message,100,81,cloudpickle,3.1.2,11207,2053,202,13260,89229.945570,487092.060399,75414.781297,8946,1.00,1,99d1c7fab316,194,193,dataclass,,1303,7
python,bytes,message,100,81,msgspec,0.21.1,934,1065,80,1999,1070663.811563,938967.136150,500250.125063,351,1.00,1,99d1c7fab316,97,89,struct,,1304,8
python,bytes,message,100,81,dill,0.4.1,44604,6798,202,51402,22419.513945,147102.088850,19454.495934,10948,1.00,1,99d1c7fab316,194,193,dataclass,,1305,9
python,bytes,message,100,81,cbor2,6.1.3,6429,3404,124,9833,155545.185876,293772.032902,101698.362656,908,1.00,1,99d1c7fab316,122,123,dict,,1306,10
python,bytes,message,100,81,mashumaro,3.22,1677,3113,168,4790,596302.921884,321233.536781,208768.267223,5466,1.00,1,99d1c7fab316,138,134,dataclass,,1307,11
python,bytes,message,100,81,orjson,3.11.9,609,754,168,1363,1642036.124795,1326259.946950,733675.715334,5466,1.00,1,99d1c7fab316,138,134,dict,,1308,12
python,bytes,message,100,81,protobuf,7.35.1,1594,1612,50,3206,627352.572146,620347.394541,311915.159077,187,1.00,1,99d1c7fab316,71,59,message,,1309,13
python,bytes,message,100,81,flatbuffers,25.12.19,27949,7116,104,35065,35779.455437,140528.386734,28518.465707,1162,1.00,1,99d1c7fab316,102,107,dataclass,,1310,14
python,bytes,message,100,81,msgpack,1.2.1,2071,2658,124,4729,482858.522453,376222.723853,211461.196870,521,1.00,1,99d1c7fab316,124,121,dict,,1311,15
python,bytes,message,100,82,rapidjson,1.23,3698,3967,168,7665,270416.441320,252079.657172,130463.144162,1492,1.00,1,99d1c7fab316,138,134,dict,,1312,0
python,bytes,message,100,82,msgspec,0.21.1,1017,1094,80,2111,983284.169125,914076.782450,473709.142586,351,1.00,1,99d1c7fab316,97,89,struct,,1313,1
python,bytes,message,100,82,dill,0.4.1,45133,7568,202,52701,22156.736756,132135.306554,18974.972012,10948,1.00,1,99d1c7fab316,194,193,dataclass,,1314,2
python,bytes,message,100,82,avro,1.12.2,8374,4825,44,13199,119417.243850,207253.886010,75763.315403,1808,1.00,1,99d1c7fab316,64,53,dict,,1315,3
python,bytes,message,100,82,mashumaro,3.22,1289,2724,168,4013,775795.190070,367107.195301,249190.132071,5466,1.00,1,99d1c7fab316,138,134,dataclass,,1316,4
python,bytes,message,100,82,cloudpickle,3.1.2,13630,3233,202,16863,73367.571533,309310.238169,59301.429164,8946,1.00,1,99d1c7fab316,194,193,dataclass,,1317,5
python,bytes,message,100,82,serpyco-rs,1.21.0,1727,2028,168,3755,579038.795599,493096.646943,266311.584554,5466,1.00,1,99d1c7fab316,138,134,dataclass,,1318,6
python,bytes,message,100,82,pydantic,2.13.4,5356,11136,168,16492,186706.497386,89798.850575,60635.459617,2329,1.00,1,99d1c7fab316,138,134,model,,1319,7
python,bytes,message,100,82,cbor2,6.1.3,5820,3118,124,8938,171821.305842,320718.409237,111881.852763,908,1.00,1,99d1c7fab316,122,123,dict,,1320,8
python,bytes,message,100,82,protobuf,7.35.1,1377,1530,50,2907,726216.412491,653594.771242,343997.248022,187,1.00,1,99d1c7fab316,71,59,message,,1321,9
python,bytes,message,100,82,pickle,python-3.14.0,4966,2973,202,7939,201369.311317,336360.578540,125960.448419,4969,1.00,1,99d1c7fab316,194,193,dataclass,,1322,10
python,bytes,message,100,82,msgpack,1.2.1,1694,2273,124,3967,590318.772137,439947.206335,252079.657172,521,1.00,1,99d1c7fab316,124,121,dict,,1323,11
python,bytes,message,100,82,json,python-3.14.0,8189,4653,168,12842,122115.032360,214915.108532,77869.490734,2329,1.00,1,99d1c7fab316,138,134,dict,,1324,12
python,bytes,message,100,82,orjson,3.11.9,651,1114,168,1765,1536098.310292,897666.068223,566572.237960,5466,1.00,1,99d1c7fab316,138,134,dict,,1325,13
python,bytes,message,100,82,flatbuffers,25.12.19,26492,6910,104,33402,37747.244451,144717.800289,29938.327046,1162,1.00,1,99d1c7fab316,102,107,dataclass,,1326,14
python,bytes,message,100,82,msgspec-msgpack,0.21.1,1012,1083,52,2095,988142.292490,923361.034164,477326.968974,312,1.00,1,99d1c7fab316,72,61,struct,,1327,15
python,bytes,message,100,83,pickle,python-3.14.0,3716,2819,202,6535,269106.566200,354735.721887,153022.188217,4969,1.00,1,99d1c7fab316,194,193,dataclass,,1328,0
python,bytes,message,100,83,mashumaro,3.22,1136,2425,168,3561,880281.690141,412371.134021,280819.994384,5466,1.00,1,99d1c7fab316,138,134,dataclass,,1329,1
python,bytes,message,100,83,serpyco-rs,1.21.0,1513,1678,168,3191,660938.532716,595947.556615,313381.385146,5466,1.00,1,99d1c7fab316,138,134,dataclass,,1330,2
python,bytes,message,100,83,cbor2,6.1.3,4988,2978,124,7966,200481.154771,335795.836132,125533.517449,908,1.00,1,99d1c7fab316,122,123,dict,,1331,3
python,bytes,message,100,83,avro,1.12.2,7838,4492,44,12330,127583.567237,222617.987533,81103.000811,1808,1.00,1,99d1c7fab316,64,53,dict,,1332,4
python,bytes,message,100,83,flatbuffers,25.12.19,21762,6120,104,27882,45951.658855,163398.692810,35865.432896,1162,1.00,1,99d1c7fab316,102,107,dataclass,,1333,5
python,bytes,message,100,83,rapidjson,1.23,3593,3905,168,7498,278318.953521,256081.946223,133368.898373,1492,1.00,1,99d1c7fab316,138,134,dict,,1334,6
python,bytes,message,100,83,msgspec-msgpack,0.21.1,699,782,52,1481,1430615.164521,1278772.378517,675219.446320,312,1.00,1,99d1c7fab316,72,61,struct,,1335,7
python,bytes,message,100,83,json,python-3.14.0,11850,5714,168,17564,84388.185654,175008.750438,56934.639034,2329,1.00,1,99d1c7fab316,138,134,dict,,1336,8
python,bytes,message,100,83,msgpack,1.2.1,1601,2187,124,3788,624609.618988,457247.370828,263991.552270,521,1.00,1,99d1c7fab316,124,121,dict,,1337,9
python,bytes,message,100,83,cloudpickle,3.1.2,14376,3097,202,17473,69560.378408,322893.122376,57231.156642,8946,1.00,1,99d1c7fab316,194,193,dataclass,,1338,10
python,bytes,message,100,83,msgspec,0.21.1,1083,1145,80,2228,923361.034164,873362.445415,448833.034111,351,1.00,1,99d1c7fab316,97,89,struct,,1339,11
python,bytes,message,100,83,pydantic,2.13.4,5422,8238,168,13660,184433.788270,121388.686574,73206.442167,2329,1.00,1,99d1c7fab316,138,134,model,,1340,12
python,bytes,message,100,83,orjson,3.11.9,766,1199,168,1965,1305483.028721,834028.356964,508905.852417,5466,1.00,1,99d1c7fab316,138,134,dict,,1341,13
python,bytes,message,100,83,dill,0.4.1,50170,8153,202,58323,19932.230417,122654.237704,17145.894416,10948,1.00,1,99d1c7fab316,194,193,dataclass,,1342,14
python,bytes,message,100,83,protobuf,7.35.1,1597,1647,50,3244,626174.076393,607164.541591,308261.405672,187,1.00,1,99d1c7fab316,71,59,message,,1343,15
python,bytes,message,100,84,msgpack,1.2.1,1506,2099,124,3605,664010.624170,476417.341591,277392.510402,521,1.00,1,99d1c7fab316,124,121,dict,,1344,0
python,bytes,message,100,84,pydantic,2.13.4,3748,8234,168,11982,266808.964781,121447.656060,83458.521115,2329,1.00,1,99d1c7fab316,138,134,model,,1345,1
python,bytes,message,100,84,avro,1.12.2,7657,4487,44,12144,130599.451482,222866.057499,82345.191041,1808,1.00,1,99d1c7fab316,64,53,dict,,1346,2
python,bytes,message,100,84,serpyco-rs,1.21.0,1660,2069,168,3729,602409.638554,483325.277912,268168.409761,5466,1.00,1,99d1c7fab316,138,134,dataclass,,1347,3
python,bytes,message,100,84,json,python-3.14.0,7191,3742,168,10933,139062.717285,267236.771780,91466.203238,2329,1.00,1,99d1c7fab316,138,134,dict,,1348,4
python,bytes,message,100,84,dill,0.4.1,43635,6538,202,50173,22917.382835,152951.973080,19931.038606,10948,1.00,1,99d1c7fab316,194,193,dataclass,,1349,5
python,bytes,message,100,84,orjson,3.11.9,645,977,168,1622,1550387.596899,1023541.453429,616522.811344,5466,1.00,1,99d1c7fab316,138,134,dict,,1350,6
python,bytes,message,100,84,mashumaro,3.22,1138,2137,168,3275,878734.622144,467945.718297,305343.511450,5466,1.00,1,99d1c7fab316,138,134,dataclass,,1351,7
python,bytes,message,100,84,cloudpickle,3.1.2,12047,2814,202,14861,83008.217814,355366.027008,67290.222731,8946,1.00,1,99d1c7fab316,194,193,dataclass,,1352,8
python,bytes,message,100,84,pickle,python-3.14.0,3323,1849,202,5172,300932.891965,540832.882639,193348.801237,4969,1.00,1,99d1c7fab316,194,193,dataclass,,1353,9
python,bytes,message,100,84,flatbuffers,25.12.19,24531,11030,104,35561,40764.746647,90661.831369,28120.694019,1162,1.00,1,99d1c7fab316,102,107,dataclass,,1354,10
python,bytes,message,100,84,cbor2,6.1.3,6156,3363,124,9519,162443.144899,297353.553375,105053.051791,908,1.00,1,99d1c7fab316,122,123,dict,,1355,11
python,bytes,message,100,84,msgspec-msgpack,0.21.1,1166,1108,52,2274,857632.933105,902527.075812,439753.737907,312,1.00,1,99d1c7fab316,72,61,struct,,1356,12
python,bytes,message,100,84,msgspec,0.21.1,959,1107,80,2066,1042752.867570,903342.366757,484027.105518,351,1.00,1,99d1c7fab316,97,89,struct,,1357,13
python,bytes,message,100,84,protobuf,7.35.1,1552,1568,50,3120,644329.896907,637755.102041,320512.820513,187,1.00,1,99d1c7fab316,71,59,message,,1358,14
python,bytes,message,100,84,rapidjson,1.23,4063,4478,168,8541,246123.554024,223313.979455,117082.308863,1492,1.00,1,99d1c7fab316,138,134,dict,,1359,15
python,bytes,message,100,85,flatbuffers,25.12.19,23865,6187,104,30052,41902.367484,161629.222563,33275.655530,1162,1.00,1,99d1c7fab316,102,107,dataclass,,1360,0
python,bytes,message,100,85,json,python-3.14.0,7555,5698,168,13253,132362.673726,175500.175500,75454.614050,2329,1.00,1,99d1c7fab316,138,134,dict,,1361,1
python,bytes,message,100,85,avro,1.12.2,8324,4793,44,13117,120134.550697,208637.596495,76236.944423,1808,1.00,1,99d1c7fab316,64,53,dict,,1362,2
python,bytes,message,100,85,rapidjson,1.23,2757,2957,168,5714,362713.093943,338180.588434,175008.750438,1492,1.00,1,99d1c7fab316,138,134,dict,,1363,3
python,bytes,message,100,85,mashumaro,3.22,1495,3476,168,4971,668896.321070,287686.996548,201166.767250,5466,1.00,1,99d1c7fab316,138,134,dataclass,,1364,4
python,bytes,message,100,85,orjson,3.11.9,581,823,168,1404,1721170.395869,1215066.828676,712250.712251,5466,1.00,1,99d1c7fab316,138,134,dict,,1365,5
python,bytes,message,100,85,cloudpickle,3.1.2,12818,3735,202,16553,78015.290997,267737.617135,60412.009908,8946,1.00,1,99d1c7fab316,194,193,dataclass,,1366,6
python,bytes,message,100,85,pydantic,2.13.4,5427,9386,168,14813,184263.865856,106541.657788,67508.269763,2329,1.00,1,99d1c7fab316,138,134,model,,1367,7
python,bytes,message,100,85,msgspec-msgpack,0.21.1,966,990,52,1956,1035196.687371,1010101.010101,511247.443763,312,1.00,1,99d1c7fab316,72,61,struct,,1368,8
python,bytes,message,100,85,msgspec,0.21.1,849,963,80,1812,1177856.301531,1038421.599169,551876.379691,351,1.00,1,99d1c7fab316,97,89,struct,,1369,9
python,bytes,message,100,85,dill,0.4.1,53252,7688,202,60940,18778.637422,130072.840791,16409.583197,10948,1.00,1,99d1c7fab316,194,193,dataclass,,1370,10
python,bytes,message,100,85,msgpack,1.2.1,2057,2474,124,4531,486144.871172,404203.718674,220701.831825,521,1.00,1,99d1c7fab316,124,121,dict,,1371,11
python,bytes,message,100,85,protobuf,7.35.1,1450,1560,50,3010,689655.172414,641025.641026,332225.913621,187,1.00,1,99d1c7fab316,71,59,message,,1372,12
python,bytes,message,100,85,cbor2,6.1.3,5937,3302,124,9239,168435.236652,302846.759540,108236.822167,908,1.00,1,99d1c7fab316,122,123,dict,,1373,13
python,bytes,message,100,85,serpyco-rs,1.21.0,2172,2598,168,4770,460405.156538,384911.470362,209643.605870,5466,1.00,1,99d1c7fab316,138,134,dataclass,,1374,14
python,bytes,message,100,85,pickle,python-3.14.0,4091,3029,202,7120,244439.012466,330141.961043,140449.438202,4969,1.00,1,99d1c7fab316,194,193,dataclass,,1375,15
python,bytes,message,100,86,msgspec,0.21.1,933,878,80,1811,1071811.361200,1138952.164009,552181.115406,351,1.00,1,99d1c7fab316,97,89,struct,,1376,0
python,bytes,message,100,86,mashumaro,3.22,1215,2510,168,3725,823045.267490,398406.374502,268456.375839,5466,1.00,1,99d1c7fab316,138,134,dataclass,,1377,1
python,bytes,message,100,86,serpyco-rs,1.21.0,1300,1486,168,2786,769230.769231,672947.510094,358937.544867,5466,1.00,1,99d1c7fab316,138,134,dataclass,,1378,2
python,bytes,message,100,86,rapidjson,1.23,3191,3367,168,6558,313381.385146,297000.297000,152485.513876,1492,1.00,1,99d1c7fab316,138,134,dict,,1379,3
python,bytes,message,100,86,pydantic,2.13.4,4594,8858,168,13452,217675.228559,112892.300745,74338.388344,2329,1.00,1,99d1c7fab316,138,134,model,,1380,4
python,bytes,message,100,86,cbor2,6.1.3,4140,2460,124,6600,241545.893720,406504.065041,151515.151515,908,1.00,1,99d1c7fab316,122,123,dict,,1381,5
python,bytes,message,100,86,flatbuffers,25.12.19,24445,6774,104,31219,40908.161178,147623.265427,32031.775521,1162,1.00,1,99d1c7fab316,102,107,dataclass,,1382,6
python,bytes,message,100,86,cloudpickle,3.1.2,12109,3060,202,15169,82583.202577,326797.385621,65923.923792,8946,1.00,1,99d1c7fab316,194,193,dataclass,,1383,7
python,bytes,message,100,86,dill,0.4.1,51766,7089,202,58855,19317.698876,141063.619692,16990.909863,10948,1.00,1,99d1c7fab316,194,193,dataclass,,1384,8
python,bytes,message,100,86,msgspec-msgpack,0.21.1,1061,997,52,2058,942507.068803,1003009.027081,485908.649174,312,1.00,1,99d1c7fab316,72,61,struct,,1385,9
python,bytes,message,100,86,protobuf,7.35.1,1454,1509,50,2963,687757.909216,662690.523526,337495.781303,187,1.00,1,99d1c7fab316,71,59,message,,1386,10
python,bytes,message,100,86,orjson,3.11.9,850,1480,168,2330,1176470.588235,675675.675676,429184.549356,5466,1.00,1,99d1c7fab316,138,134,dict,,1387,11
python,bytes,message,100,86,avro,1.12.2,8185,5026,44,13211,122174.709835,198965.380024,75694.497010,1808,1.00,1,99d1c7fab316,64,53,dict,,1388,12
python,bytes,message,100,86,pickle,python-3.14.0,3857,2663,202,6520,259268.861810,375516.334961,153374.233129,4969,1.00,1,99d1c7fab316,194,193,dataclass,,1389,13
python,bytes,message,100,86,msgpack,1.2.1,1968,2465,124,4433,508130.081301,405679.513185,225580.870742,521,1.00,1,99d1c7fab316,124,121,dict,,1390,14
python,bytes,message,100,86,json,python-3.14.0,7843,5193,168,13036,127502.231289,192566.917004,76710.647438,2329,1.00,1,99d1c7fab316,138,134,dict,,1391,15
python,bytes,message,100,87,cbor2,6.1.3,5487,2855,124,8342,182248.952069,350262.697023,119875.329657,908,1.00,1,99d1c7fab316,122,123,dict,,1392,0
python,bytes,message,100,87,cloudpickle,3.1.2,11676,2720,202,14396,85645.769099,367647.058824,69463.739928,8946,1.00,1,99d1c7fab316,194,193,dataclass,,1393,1
python,bytes,message,100,87,pydantic,2.13.4,4743,9079,168,13822,210837.022981,110144.289019,72348.430039,2329,1.00,1,99d1c7fab316,138,134,model,,1394,2
python,bytes,message,100,87,dill,0.4.1,49310,6807,202,56117,20279.862097,146907.595123,17819.911970,10948,1.00,1,99d1c7fab316,194,193,dataclass,,1395,3
python,bytes,message,100,87,orjson,3.11.9,748,1384,168,2132,1336898.395722,722543.352601,469043.151970,5466,1.00,1,99d1c7fab316,138,134,dict,,1396,4
python,bytes,message,100,87,msgspec,0.21.1,1141,1060,80,2201,876424.189308,943396.226415,454338.936847,351,1.00,1,99d1c7fab316,97,89,struct,,1397,5
python,bytes,message,100,87,msgspec-msgpack,0.21.1,775,880,52,1655,1290322.580645,1136363.636364,604229.607251,312,1.00,1,99d1c7fab316,72,61,struct,,1398,6
python,bytes,message,100,87,json,python-3.14.0,6904,4305,168,11209,144843.568946,232288.037166,89214.024445,2329,1.00,1,99d1c7fab316,138,134,dict,,1399,7
python,bytes,message,100,87,serpyco-rs,1.21.0,1615,1984,168,3599,619195.046440,504032.258065,277854.959711,5466,1.00,1,99d1c7fab316,138,134,dataclass,,1400,8
python,bytes,message,100,87,msgpack,1.2.1,1715,2231,124,3946,583090.379009,448229.493501,253421.186011,521,1.00,1,99d1c7fab316,124,121,dict,,1401,9
python,bytes,message,100,87,rapidjson,1.23,3353,3395,168,6748,298240.381748,294550.810015,148192.056906,1492,1.00,1,99d1c7fab316,138,134,dict,,1402,10
python,bytes,message,100,87,protobuf,7.35.1,1376,1563,50,2939,726744.186047,639795.265515,340251.786322,187,1.00,1,99d1c7fab316,71,59,message,,1403,11
python,bytes,message,100,87,flatbuffers,25.12.19,24109,6593,104,30702,41478.286117,151676.020021,32571.168002,1162,1.00,1,99d1c7fab316,102,107,dataclass,,1404,12
python,bytes,message,100,87,mashumaro,3.22,1179,2553,168,3732,848176.420696,391696.043870,267952.840300,5466,1.00,1,99d1c7fab316,138,134,dataclass,,1405,13
python,bytes,message,100,87,avro,1.12.2,7930,4777,44,12707,126103.404792,209336.403601,78696.781302,1808,1.00,1,99d1c7fab316,64,53,dict,,1406,14
python,bytes,message,100,87,pickle,python-3.14.0,4771,3478,202,8249,209599.664641,287521.564117,121226.815372,4969,1.00,1,99d1c7fab316,194,193,dataclass,,1407,15
python,bytes,message,100,88,mashumaro,3.22,1106,2108,168,3214,904159.132007,474383.301708,311138.767890,5466,1.00,1,99d1c7fab316,138,134,dataclass,,1408,0
python,bytes,message,100,88,json,python-3.14.0,6754,4981,168,11735,148060.408647,200762.899016,85215.168300,2329,1.00,1,99d1c7fab316,138,134,dict,,1409,1
python,bytes,message,100,88,dill,0.4.1,48483,7240,202,55723,20625.786358,138121.546961,17945.911024,10948,1.00,1,99d1c7fab316,194,193,dataclass,,1410,2
python,bytes,message,100,88,msgspec,0.21.1,1112,1082,80,2194,899280.575540,924214.417745,455788.514129,351,1.00,1,99d1c7fab316,97,89,struct,,1411,3
python,bytes,message,100,88,orjson,3.11.9,630,910,168,1540,1587301.587302,1098901.098901,649350.649351,5466,1.00,1,99d1c7fab316,138,134,dict,,1412,4
python,bytes,message,100,88,serpyco-rs,1.21.0,1505,1673,168,3178,664451.827243,597728.631201,314663.310258,5466,1.00,1,99d1c7fab316,138,134,dataclass,,1413,5
python,bytes,message,100,88,pickle,python-3.14.0,3743,2638,202,6381,267165.375367,379075.056861,156715.248394,4969,1.00,1,99d1c7fab316,194,193,dataclass,,1414,6
python,bytes,message,100,88,flatbuffers,25.12.19,26117,7152,104,33269,38289.236896,139821.029083,30058.011963,1162,1.00,1,99d1c7fab316,102,107,dataclass,,1415,7
python,bytes,message,100,88,cbor2,6.1.3,6285,3354,124,9639,159108.989658,298151.460942,103745.201784,908,1.00,1,99d1c7fab316,122,123,dict,,1416,8
python,bytes,message,100,88,avro,1.12.2,7076,4289,44,11365,141322.781232,233154.581488,87989.441267,1808,1.00,1,99d1c7fab316,64,53,dict,,1417,9
python,bytes,message,100,88,cloudpickle,3.1.2,13334,2785,202,16119,74996.250187,359066.427289,62038.588002,8946,1.00,1,99d1c7fab316,194,193,dataclass,,1418,10
python,bytes,message,100,88,msgspec-msgpack,0.21.1,1125,975,52,2100,888888.888889,1025641.025641,476190.476190,312,1.00,1,99d1c7fab316,72,61,struct,,1419,11
python,bytes,message,100,88,msgpack,1.2.1,1948,2442,124,4390,513347.022587,409500.409500,227790.432802,521,1.00,1,99d1c7fab316,124,121,dict,,1420,12
python,bytes,message,100,88,rapidjson,1.23,3969,4277,168,8246,251952.632905,233808.744447,121270.919234,1492,1.00,1,99d1c7fab316,138,134,dict,,1421,13
python,bytes,message,100,88,pydantic,2.13.4,5314,9644,168,14958,188182.160331,103691.414351,66853.857468,2329,1.00,1,99d1c7fab316,138,134,model,,1422,14
python,bytes,message,100,88,protobuf,7.35.1,1716,1655,50,3371,582750.582751,604229.607251,296647.878968,187,1.00,1,99d1c7fab316,71,59,message,,1423,15
python,bytes,message,100,89,rapidjson,1.23,2759,2852,168,5611,362450.163103,350631.136045,178221.350918,1492,1.00,1,99d1c7fab316,138,134,dict,,1424,0
python,bytes,message,100,89,msgspec-msgpack,0.21.1,665,718,52,1383,1503759.398496,1392757.660167,723065.798988,312,1.00,1,99d1c7fab316,72,61,struct,,1425,1
python,bytes,message,100,89,pydantic,2.13.4,3332,6864,168,10196,300120.048019,145687.645688,98077.677521,2329,1.00,1,99d1c7fab316,138,134,model,,1426,2
python,bytes,message,100,89,cloudpickle,3.1.2,12164,3178,202,15342,82209.799408,314663.310258,65180.550124,8946,1.00,1,99d1c7fab316,194,193,dataclass,,1427,3
python,bytes,message,100,89,dill,0.4.1,47559,6888,202,54447,21026.514435,145180.023229,18366.484838,10948,1.00,1,99d1c7fab316,194,193,dataclass,,1428,4
python,bytes,message,100,89,avro,1.12.2,7148,4222,44,11370,139899.272524,236854.571293,87950.747581,1808,1.00,1,99d1c7fab316,64,53,dict,,1429,5
python,bytes,message,100,89,protobuf,7.35.1,1232,1318,50,2550,811688.311688,758725.341426,392156.862745,187,1.00,1,99d1c7fab316,71,59,message,,1430,6
python,bytes,message,100,89,cbor2,6.1.3,5954,3153,124,9107,167954.316426,317158.261973,109805.644010,908,1.00,1,99d1c7fab316,122,123,dict,,1431,7
python,bytes,message,100,89,msgpack,1.2.1,1700,2234,124,3934,588235.294118,447627.573859,254194.204372,521,1.00,1,99d1c7fab316,124,121,dict,,1432,8
python,bytes,message,100,89,serpyco-rs,1.21.0,2077,2939,168,5016,481463.649494,340251.786322,199362.041467,5466,1.00,1,99d1c7fab316,138,134,dataclass,,1433,9
python,bytes,message,100,89,json,python-3.14.0,7325,4844,168,12169,136518.771331,206440.957886,82176.021037,2329,1.00,1,99d1c7fab316,138,134,dict,,1434,10
python,bytes,message,100,89,mashumaro,3.22,1158,2432,168,3590,863557.858377,411184.210526,278551.532033,5466,1.00,1,99d1c7fab316,138,134,dataclass,,1435,11
python,bytes,message,100,89,msgspec,0.21.1,1156,1106,80,2262,865051.903114,904159.132007,442086.648983,351,1.00,1,99d1c7fab316,97,89,struct,,1436,12
python,bytes,message,100,89,orjson,3.11.9,547,719,168,1266,1828153.564899,1390820.584145,789889.415482,5466,1.00,1,99d1c7fab316,138,134,dict,,1437,13
python,bytes,message,100,89,pickle,python-3.14.0,3885,2682,202,6567,257400.257400,372856.077554,152276.534186,4969,1.00,1,99d1c7fab316,194,193,dataclass,,1438,14
python,bytes,message,100,89,flatbuffers,25.12.19,26533,7410,104,33943,37688.915690,134952.766532,29461.155467,1162,1.00,1,99d1c7fab316,102,107,dataclass,,1439,15
python,bytes,message,100,90,msgpack,1.2.1,1370,1789,124,3159,729927.007299,558971.492454,316555.872111,521,1.00,1,99d1c7fab316,124,121,dict,,1440,0
python,bytes,message,100,90,serpyco-rs,1.21.0,1253,1657,168,2910,798084.596967,603500.301750,343642.611684,5466,1.00,1,99d1c7fab316,138,134,dataclass,,1441,1
python,bytes,message,100,90,cloudpickle,3.1.2,11594,2571,202,14165,86251.509401,388953.714508,70596.540770,8946,1.00,1,99d1c7fab316,194,193,dataclass,,1442,2
python,bytes,message,100,90,msgspec,0.21.1,818,962,80,1780,1222493.887531,1039501.039501,561797.752809,351,1.00,1,99d1c7fab316,97,89,struct,,1443,3
python,bytes,message,100,90,mashumaro,3.22,1105,2026,168,3131,904977.375566,493583.415597,319386.777387,5466,1.00,1,99d1c7fab316,138,134,dataclass,,1444,4
python,bytes,message,100,90,dill,0.4.1,52163,7302,202,59465,19170.676533,136948.781156,16816.614815,10948,1.00,1,99d1c7fab316,194,193,dataclass,,1445,5
python,bytes,message,100,90,pickle,python-3.14.0,3546,2168,202,5714,282007.896221,461254.612546,175008.750438,4969,1.00,1,99d1c7fab316,194,193,dataclass,,1446,6
python,bytes,message,100,90,flatbuffers,25.12.19,23265,6489,104,29754,42983.021706,154106.950223,33608.926531,1162,1.00,1,99d1c7fab316,102,107,dataclass,,1447,7
python,bytes,message,100,90,avro,1.12.2,7670,4628,44,12298,130378.096480,216076.058773,81314.034802,1808,1.00,1,99d1c7fab316,64,53,dict,,1448,8
python,bytes,message,100,90,msgspec-msgpack,0.21.1,1026,983,52,2009,974658.869396,1017293.997965,497760.079642,312,1.00,1,99d1c7fab316,72,61,struct,,1449,9
python,bytes,message,100,90,rapidjson,1.23,3962,4053,168,8015,252397.778900,246730.816679,124766.063631,1492,1.00,1,99d1c7fab316,138,134,dict,,1450,10
python,bytes,message,100,90,cbor2,6.1.3,6036,3170,124,9206,165672.630881,315457.413249,108624.809907,908,1.00,1,99d1c7fab316,122,123,dict,,1451,11
python,bytes,message,100,90,json,python-3.14.0,6687,4956,168,11643,149543.891132,201775.625504,85888.516705,2329,1.00,1,99d1c7fab316,138,134,dict,,1452,12
python,bytes,message,100,90,orjson,3.11.9,688,1253,168,1941,1453488.372093,798084.596967,515198.351365,5466,1.00,1,99d1c7fab316,138,134,dict,,1453,13
python,bytes,message,100,90,protobuf,7.35.1,1624,1586,50,3210,615763.546798,630517.023960,311526.479751,187,1.00,1,99d1c7fab316,71,59,message,,1454,14
python,bytes,message,100,90,pydantic,2.13.4,5745,9222,168,14967,174064.403829,108436.347864,66813.656711,2329,1.00,1,99d1c7fab316,138,134,model,,1455,15
python,bytes,message,100,91,msgspec-msgpack,0.21.1,690,900,52,1590,1449275.362319,1111111.111111,628930.817610,312,1.00,1,99d1c7fab316,72,61,struct,,1456,0
python,bytes,message,100,91,msgpack,1.2.1,1896,2607,124,4503,527426.160338,383582.662064,222074.172774,521,1.00,1,99d1c7fab316,124,121,dict,,1457,1
python,bytes,message,100,91,mashumaro,3.22,1416,2824,168,4240,706214.689266,354107.648725,235849.056604,5466,1.00,1,99d1c7fab316,138,134,dataclass,,1458,2
python,bytes,message,100,91,cloudpickle,3.1.2,14727,4094,202,18821,67902.492021,244259.892526,53132.139631,8946,1.00,1,99d1c7fab316,194,193,dataclass,,1459,3
python,bytes,message,100,91,cbor2,6.1.3,5637,2889,124,8526,177399.325883,346140.533056,117288.294628,908,1.00,1,99d1c7fab316,122,123,dict,,1460,4
python,bytes,message,100,91,pydantic,2.13.4,3416,7856,168,11272,292740.046838,127291.242363,88715.400994,2329,1.00,1,99d1c7fab316,138,134,model,,1461,5
python,bytes,message,100,91,pickle,python-3.14.0,4496,2728,202,7224,222419.928826,366568.914956,138427.464009,4969,1.00,1,99d1c7fab316,194,193,dataclass,,1462,6
python,bytes,message,100,91,avro,1.12.2,7680,4699,44,12379,130208.333333,212811.236433,80781.969464,1808,1.00,1,99d1c7fab316,64,53,dict,,1463,7
python,bytes,message,100,91,serpyco-rs,1.21.0,1873,2360,168,4233,533902.829685,423728.813559,236239.073943,5466,1.00,1,99d1c7fab316,138,134,dataclass,,1464,8
python,bytes,message,100,91,dill,0.4.1,54447,7844,202,62291,18366.484838,127485.976543,16053.683518,10948,1.00,1,99d1c7fab316,194,193,dataclass,,1465,9
python,bytes,message,100,91,json,python-3.14.0,7824,4374,168,12198,127811.860941,228623.685414,81980.652566,2329,1.00,1,99d1c7fab316,138,134,dict,,1466,10
python,bytes,message,100,91,flatbuffers,25.12.19,28634,7285,104,35919,34923.517497,137268.359643,27840.418720,1162,1.00,1,99d1c7fab316,102,107,dataclass,,1467,11
python,bytes,message,100,91,protobuf,7.35.1,1651,1762,50,3413,605693.519079,567536.889898,292997.363024,187,1.00,1,99d1c7fab316,71,59,message,,1468,12
python,bytes,message,100,91,orjson,3.11.9,874,1311,168,2185,1144164.759725,762776.506484,457665.903890,5466,1.00,1,99d1c7fab316,138,134,dict,,1469,13
python,bytes,message,100,91,rapidjson,1.23,4012,4202,168,8214,249252.243270,237981.913375,121743.364987,1492,1.00,1,99d1c7fab316,138,134,dict,,1470,14
python,bytes,message,100,91,msgspec,0.21.1,2042,1899,80,3941,489715.964740,526592.943655,253742.704897,351,1.00,1,99d1c7fab316,97,89,struct,,1471,15
python,bytes,message,100,92,rapidjson,1.23,2236,2078,168,4314,447227.191413,481231.953802,231803.430691,1492,1.00,1,99d1c7fab316,138,134,dict,,1472,0
python,bytes,message,100,92,cbor2,6.1.3,5889,2934,124,8823,169808.116828,340831.629175,113340.133741,908,1.00,1,99d1c7fab316,122,123,dict,,1473,1
python,bytes,message,100,92,dill,0.4.1,49593,8168,202,57761,20164.136068,122428.991185,17312.719655,10948,1.00,1,99d1c7fab316,194,193,dataclass,,1474,2
python,bytes,message,100,92,msgspec-msgpack,0.21.1,1082,967,52,2049,924214.417745,1034126.163392,488042.947779,312,1.00,1,99d1c7fab316,72,61,struct,,1475,3
python,bytes,message,100,92,serpyco-rs,1.21.0,1698,2389,168,4087,588928.150766,418585.182085,244678.248104,5466,1.00,1,99d1c7fab316,138,134,dataclass,,1476,4
python,bytes,message,100,92,cloudpickle,3.1.2,13046,3163,202,16209,76651.847310,316155.548530,61694.120550,8946,1.00,1,99d1c7fab316,194,193,dataclass,,1477,5
python,bytes,message,100,92,orjson,3.11.9,580,818,168,1398,1724137.931034,1222493.887531,715307.582260,5466,1.00,1,99d1c7fab316,138,134,dict,,1478,6
python,bytes,message,100,92,avro,1.12.2,7811,4640,44,12451,128024.580719,215517.241379,80314.834150,1808,1.00,1,99d1c7fab316,64,53,dict,,1479,7
python,bytes,message,100,92,pydantic,2.13.4,4745,9863,168,14608,210748.155954,101389.029707,68455.640745,2329,1.00,1,99d1c7fab316,138,134,model,,1480,8
python,bytes,message,100,92,json,python-3.14.0,7585,3317,168,10902,131839.156229,301477.238468,91726.288754,2329,1.00,1,99d1c7fab316,138,134,dict,,1481,9
python,bytes,message,100,92,pickle,python-3.14.0,4008,2704,202,6712,249500.998004,369822.485207,148986.889154,4969,1.00,1,99d1c7fab316,194,193,dataclass,,1482,10
python,bytes,message,100,92,msgpack,1.2.1,1913,2580,124,4493,522739.153163,387596.899225,222568.439795,521,1.00,1,99d1c7fab316,124,121,dict,,1483,11
python,bytes,message,100,92,msgspec,0.21.1,1040,1121,80,2161,961538.461538,892060.660125,462748.727441,351,1.00,1,99d1c7fab316,97,89,struct,,1484,12
python,bytes,message,100,92,mashumaro,3.22,1267,2671,168,3938,789265.982636,374391.613628,253936.008126,5466,1.00,1,99d1c7fab316,138,134,dataclass,,1485,13
python,bytes,message,100,92,protobuf,7.35.1,1633,1557,50,3190,612369.871402,642260.757868,313479.623824,187,1.00,1,99d1c7fab316,71,59,message,,1486,14
python,bytes,message,100,92,flatbuffers,25.12.19,27278,7221,104,34499,36659.579148,138484.974380,28986.347430,1162,1.00,1,99d1c7fab316,102,107,dataclass,,1487,15
python,bytes,message,100,93,msgpack,1.2.1,1359,1978,124,3337,735835.172921,505561.172902,299670.362601,521,1.00,1,99d1c7fab316,124,121,dict,,1488,0
python,bytes,message,100,93,cbor2,6.1.3,6868,3046,124,9914,145602.795574,328299.409061,100867.460157,908,1.00,1,99d1c7fab316,122,123,dict,,1489,1
python,bytes,message,100,93,msgspec-msgpack,0.21.1,1150,957,52,2107,869565.217391,1044932.079415,474608.448030,312,1.00,1,99d1c7fab316,72,61,struct,,1490,2
python,bytes,message,100,93,json,python-3.14.0,6762,4479,168,11241,147885.241053,223264.121456,88960.056934,2329,1.00,1,99d1c7fab316,138,134,dict,,1491,3
python,bytes,message,100,93,rapidjson,1.23,3645,3569,168,7214,274348.422497,280190.529560,138619.351261,1492,1.00,1,99d1c7fab316,138,134,dict,,1492,4
python,bytes,message,100,93,pickle,python-3.14.0,4028,2918,202,6946,248262.164846,342700.479781,143967.751224,4969,1.00,1,99d1c7fab316,194,193,dataclass,,1493,5
python,bytes,message,100,93,pydantic,2.13.4,3830,7194,168,11024,261096.605744,139004.726161,90711.175617,2329,1.00,1,99d1c7fab316,138,134,model,,1494,6
python,bytes,message,100,93,cloudpickle,3.1.2,12194,2640,202,14834,82007.544694,378787.878788,67412.700553,8946,1.00,1,99d1c7fab316,194,193,dataclass,,1495,7
python,bytes,message,100,93,dill,0.4.1,50440,7559,202,57999,19825.535289,132292.631300,17241.676581,10948,1.00,1,99d1c7fab316,194,193,dataclass,,1496,8
python,bytes,message,100,93,mashumaro,3.22,1424,2843,168,4267,702247.191011,351741.118537,234356.690884,5466,1.00,1,99d1c7fab316,138,134,dataclass,,1497,9
python,bytes,message,100,93,orjson,3.11.9,531,685,168,1216,1883239.171375,1459854.014599,822368.421053,5466,1.00,1,99d1c7fab316,138,134,dict,,1498,10
python,bytes,message,100,93,serpyco-rs,1.21.0,1456,1737,168,3193,686813.186813,575705.238918,313185.092390,5466,1.00,1,99d1c7fab316,138,134,dataclass,,1499,11
python,bytes,message,100,93,msgspec,0.21.1,1074,1101,80,2175,931098.696462,908265.213442,459770.114943,351,1.00,1,99d1c7fab316,97,89,struct,,1500,12
python,bytes,message,100,93,protobuf,7.35.1,1447,1601,50,3048,691085.003455,624609.618988,328083.989501,187,1.00,1,99d1c7fab316,71,59,message,,1501,13
python,bytes,message,100,93,avro,1.12.2,7896,4835,44,12731,126646.403242,206825.232678,78548.425104,1808,1.00,1,99d1c7fab316,64,53,dict,,1502,14
python,bytes,message,100,93,flatbuffers,25.12.19,31947,7358,104,39305,31301.843679,135906.496331,25442.055718,1162,1.00,1,99d1c7fab316,102,107,dataclass,,1503,15
python,bytes,message,100,94,msgspec-msgpack,0.21.1,967,1073,52,2040,1034126.163392,931966.449208,490196.078431,312,1.00,1,99d1c7fab316,72,61,struct,,1504,0
python,bytes,message,100,94,msgspec,0.21.1,829,983,80,1812,1206272.617612,1017293.997965,551876.379691,351,1.00,1,99d1c7fab316,97,89,struct,,1505,1
python,bytes,message,100,94,orjson,3.11.9,681,1190,168,1871,1468428.781204,840336.134454,534473.543560,5466,1.00,1,99d1c7fab316,138,134,dict,,1506,2
python,bytes,message,100,94,avro,1.12.2,6440,3821,44,10261,155279.503106,261711.593824,97456.388266,1808,1.00,1,99d1c7fab316,64,53,dict,,1507,3
python,bytes,message,100,94,serpyco-rs,1.21.0,1427,1901,168,3328,700770.847933,526038.926881,300480.769231,5466,1.00,1,99d1c7fab316,138,134,dataclass,,1508,4
python,bytes,message,100,94,dill,0.4.1,49486,8954,202,58440,20207.735521,111681.929864,17111.567420,10948,1.00,1,99d1c7fab316,194,193,dataclass,,1509,5
python,bytes,message,100,94,rapidjson,1.23,4005,4113,168,8118,249687.890137,243131.534160,123183.050012,1492,1.00,1,99d1c7fab316,138,134,dict,,1510,6
python,bytes,message,100,94,protobuf,7.35.1,1514,1565,50,3079,660501.981506,638977.635783,324780.772978,187,1.00,1,99d1c7fab316,71,59,message,,1511,7
python,bytes,message,100,94,pickle,python-3.14.0,5100,3294,202,8394,196078.431373,303582.270795,119132.713843,4969,1.00,1,99d1c7fab316,194,193,dataclass,,1512,8
python,bytes,message,100,94,flatbuffers,25.12.19,26712,6719,104,33431,37436.358191,148831.671380,29912.356795,1162,1.00,1,99d1c7fab316,102,107,dataclass,,1513,9
python,bytes,message,100,94,pydantic,2.13.4,5253,11279,168,16532,190367.409100,88660.342229,60488.749093,2329,1.00,1,99d1c7fab316,138,134,model,,1514,10
python,bytes,message,100,94,cloudpickle,3.1.2,13273,3299,202,16572,75340.917652,303122.158230,60342.746802,8946,1.00,1,99d1c7fab316,194,193,dataclass,,1515,11
python,bytes,message,100,94,json,python-3.14.0,8088,4090,168,12178,123639.960435,244498.777506,82115.289867,2329,1.00,1,99d1c7fab316,138,134,dict,,1516,12
python,bytes,message,100,94,mashumaro,3.22,1509,3199,168,4708,662690.523526,312597.686777,212404.418012,5466,1.00,1,99d1c7fab316,138,134,dataclass,,1517,13
python,bytes,message,100,94,msgpack,1.2.1,1997,2681,124,4678,500751.126690,372995.151063,213766.566909,521,1.00,1,99d1c7fab316,124,121,dict,,1518,14
python,bytes,message,100,94,cbor2,6.1.3,7130,3250,124,10380,140252.454418,307692.307692,96339.113680,908,1.00,1,99d1c7fab316,122,123,dict,,1519,15
python,bytes,message,100,95,pickle,python-3.14.0,3852,2616,202,6468,259605.399792,382262.996942,154607.297464,4969,1.00,1,99d1c7fab316,194,193,dataclass,,1520,0
python,bytes,message,100,95,rapidjson,1.23,3191,3470,168,6661,313381.385146,288184.438040,150127.608467,1492,1.00,1,99d1c7fab316,138,134,dict,,1521,1
python,bytes,message,100,95,flatbuffers,25.12.19,24182,6367,104,30549,41353.072533,157059.839799,32734.295722,1162,1.00,1,99d1c7fab316,102,107,dataclass,,1522,2
python,bytes,message,100,95,pydantic,2.13.4,4188,7959,168,12147,238777.459408,125643.925116,82324.853873,2329,1.00,1,99d1c7fab316,138,134,model,,1523,3
python,bytes,message,100,95,serpyco-rs,1.21.0,1827,2306,168,4133,547345.374932,433651.344319,241954.996371,5466,1.00,1,99d1c7fab316,138,134,dataclass,,1524,4
python,bytes,message,100,95,orjson,3.11.9,623,726,168,1349,1605136.436597,1377410.468320,741289.844329,5466,1.00,1,99d1c7fab316,138,134,dict,,1525,5
python,bytes,message,100,95,cbor2,6.1.3,4753,2806,124,7559,210393.435725,356379.187455,132292.631300,908,1.00,1,99d1c7fab316,122,123,dict,,1526,6
python,bytes,message,100,95,msgspec,0.21.1,1153,1155,80,2308,867302.688638,865800.865801,433275.563258,351,1.00,1,99d1c7fab316,97,89,struct,,1527,7
python,bytes,message,100,95,protobuf,7.35.1,1544,1670,50,3214,647668.393782,598802.395210,311138.767890,187,1.00,1,99d1c7fab316,71,59,message,,1528,8
python,bytes,message,100,95,msgspec-msgpack,0.21.1,905,907,52,1812,1104972.375691,1102535.832415,551876.379691,312,1.00,1,99d1c7fab316,72,61,struct,,1529,9
python,bytes,message,100,95,mashumaro,3.22,1524,2592,168,4116,656167.979003,385802.469136,242954.324587,5466,1.00,1,99d1c7fab316,138,134,dataclass,,1530,10
python,bytes,message,100,95,cloudpickle,3.1.2,13519,3412,202,16931,73969.968193,293083.235639,59063.256748,8946,1.00,1,99d1c7fab316,194,193,dataclass,,1531,11
python,bytes,message,100,95,json,python-3.14.0,7587,4422,168,12009,131804.402267,226142.017187,83270.880173,2329,1.00,1,99d1c7fab316,138,134,dict,,1532,12
python,bytes,message,100,95,msgpack,1.2.1,1787,7389,124,9176,559597.090095,135336.310732,108979.947690,521,1.00,1,99d1c7fab316,124,121,dict,,1533,13
python,bytes,message,100,95,avro,1.12.2,7846,4729,44,12575,127453.479480,211461.196870,79522.862823,1808,1.00,1,99d1c7fab316,64,53,dict,,1534,14
python,bytes,message,100,95,dill,0.4.1,51199,7831,202,59030,19531.631477,127697.612055,16940.538709,10948,1.00,1,99d1c7fab316,194,193,dataclass,,1535,15
python,bytes,message,100,96,msgspec,0.21.1,1066,982,80,2048,938086.303940,1018329.938900,488281.250000,351,1.00,1,99d1c7fab316,97,89,struct,,1536,0
python,bytes,message,100,96,json,python-3.14.0,6747,4604,168,11351,148214.021046,217202.432667,88097.964937,2329,1.00,1,99d1c7fab316,138,134,dict,,1537,1
python,bytes,message,100,96,avro,1.12.2,5889,3682,44,9571,169808.116828,271591.526344,104482.290252,1808,1.00,1,99d1c7fab316,64,53,dict,,1538,2
python,bytes,message,100,96,cbor2,6.1.3,5925,3140,124,9065,168776.371308,318471.337580,110314.396029,908,1.00,1,99d1c7fab316,122,123,dict,,1539,3
python,bytes,message,100,96,pickle,python-3.14.0,4385,3151,202,7536,228050.171038,317359.568391,132696.390658,4969,1.00,1,99d1c7fab316,194,193,dataclass,,1540,4
python,bytes,message,100,96,rapidjson,1.23,3536,3475,168,7011,282805.429864,287769.784173,142633.005277,1492,1.00,1,99d1c7fab316,138,134,dict,,1541,5
python,bytes,message,100,96,pydantic,2.13.4,4643,7891,168,12534,215377.988370,126726.650615,79782.990266,2329,1.00,1,99d1c7fab316,138,134,model,,1542,6
python,bytes,message,100,96,msgpack,1.2.1,1697,2389,124,4086,589275.191514,418585.182085,244738.130201,521,1.00,1,99d1c7fab316,124,121,dict,,1543,7
python,bytes,message,100,96,flatbuffers,25.12.19,25116,7005,104,32121,39815.257207,142755.174875,31132.281062,1162,1.00,1,99d1c7fab316,102,107,dataclass,,1544,8
python,bytes,message,100,96,dill,0.4.1,46178,7376,202,53554,21655.333709,135574.837310,18672.741532,10948,1.00,1,99d1c7fab316,194,193,dataclass,,1545,9
python,bytes,message,100,96,protobuf,7.35.1,1648,1661,50,3309,606796.116505,602046.959663,302206.104563,187,1.00,1,99d1c7fab316,71,59,message,,1546,10
python,bytes,message,100,96,msgspec-msgpack,0.21.1,1063,929,52,1992,940733.772342,1076426.264801,502008.032129,312,1.00,1,99d1c7fab316,72,61,struct,,1547,11
python,bytes,message,100,96,serpyco-rs,1.21.0,1988,2463,168,4451,503018.108652,406008.932197,224668.613795,5466,1.00,1,99d1c7fab316,138,134,dataclass,,1548,12
python,bytes,message,100,96,cloudpickle,3.1.2,12680,2923,202,15603,78864.353312,342114.266165,64090.239057,8946,1.00,1,99d1c7fab316,194,193,dataclass,,1549,13
python,bytes,message,100,96,mashumaro,3.22,1271,2530,168,3801,786782.061369,395256.916996,263088.660879,5466,1.00,1,99d1c7fab316,138,134,dataclass,,1550,14
python,bytes,message,100,96,orjson,3.11.9,531,687,168,1218,1883239.171375,1455604.075691,821018.062397,5466,1.00,1,99d1c7fab316,138,134,dict,,1551,15
python,bytes,message,100,97,json,python-3.14.0,7148,4656,168,11804,139899.272524,214776.632302,84717.045069,2329,1.00,1,99d1c7fab316,138,134,dict,,1552,0
python,bytes,message,100,97,flatbuffers,25.12.19,24895,6758,104,31653,40168.708576,147972.773010,31592.582062,1162,1.00,1,99d1c7fab316,102,107,dataclass,,1553,1
python,bytes,message,100,97,msgspec-msgpack,0.21.1,732,894,52,1626,1366120.218579,1118568.232662,615006.150062,312,1.00,1,99d1c7fab316,72,61,struct,,1554,2
python,bytes,message,100,97,pydantic,2.13.4,4206,7479,168,11685,237755.587256,133707.714935,85579.803166,2329,1.00,1,99d1c7fab316,138,134,model,,1555,3
python,bytes,message,100,97,orjson,3.11.9,599,939,168,1538,1669449.081803,1064962.726305,650195.058518,5466,1.00,1,99d1c7fab316,138,134,dict,,1556,4
python,bytes,message,100,97,cloudpickle,3.1.2,11866,3567,202,15433,84274.397438,280347.631063,64796.215901,8946,1.00,1,99d1c7fab316,194,193,dataclass,,1557,5
python,bytes,message,100,97,rapidjson,1.23,3420,3625,168,7045,292397.660819,275862.068966,141944.641590,1492,1.00,1,99d1c7fab316,138,134,dict,,1558,6
python,bytes,message,100,97,mashumaro,3.22,1188,2356,168,3544,841750.841751,424448.217317,282167.042889,5466,1.00,1,99d1c7fab316,138,134,dataclass,,1559,7
python,bytes,message,100,97,serpyco-rs,1.21.0,1298,1590,168,2888,770416.024653,628930.817610,346260.387812,5466,1.00,1,99d1c7fab316,138,134,dataclass,,1560,8
python,bytes,message,100,97,msgpack,1.2.1,1791,2381,124,4172,558347.292016,419991.600168,239693.192713,521,1.00,1,99d1c7fab316,124,121,dict,,1561,9
python,bytes,message,100,97,protobuf,7.35.1,1345,1504,50,2849,743494.423792,664893.617021,351000.351000,187,1.00,1,99d1c7fab316,71,59,message,,1562,10
python,bytes,message,100,97,cbor2,6.1.3,6657,3580,124,10237,150217.815833,279329.608939,97684.868614,908,1.00,1,99d1c7fab316,122,123,dict,,1563,11
python,bytes,message,100,97,msgspec,0.21.1,1129,1266,80,2395,885739.592560,789889.415482,417536.534447,351,1.00,1,99d1c7fab316,97,89,struct,,1564,12
python,bytes,message,100,97,pickle,python-3.14.0,4768,3138,202,7906,209731.543624,318674.314850,126486.213003,4969,1.00,1,99d1c7fab316,194,193,dataclass,,1565,13
python,bytes,message,100,97,avro,1.12.2,8340,5004,44,13344,119904.076739,199840.127898,74940.047962,1808,1.00,1,99d1c7fab316,64,53,dict,,1566,14
python,bytes,message,100,97,dill,0.4.1,51237,7973,202,59210,19517.145813,125423.303650,16889.039014,10948,1.00,1,99d1c7fab316,194,193,dataclass,,1567,15
python,bytes,message,100,98,cbor2,6.1.3,4888,2728,124,7616,204582.651391,366568.914956,131302.521008,908,1.00,1,99d1c7fab316,122,123,dict,,1568,0
python,bytes,message,100,98,protobuf,7.35.1,1295,1510,50,2805,772200.772201,662251.655629,356506.238859,187,1.00,1,99d1c7fab316,71,59,message,,1569,1
python,bytes,message,100,98,mashumaro,3.22,1591,2796,168,4387,628535.512256,357653.791130,227946.204696,5466,1.00,1,99d1c7fab316,138,134,dataclass,,1570,2
python,bytes,message,100,98,msgspec,0.21.1,860,1040,80,1900,1162790.697674,961538.461538,526315.789474,351,1.00,1,99d1c7fab316,97,89,struct,,1571,3
python,bytes,message,100,98,pickle,python-3.14.0,3980,2972,202,6952,251256.281407,336473.755047,143843.498274,4969,1.00,1,99d1c7fab316,194,193,dataclass,,1572,4
python,bytes,message,100,98,rapidjson,1.23,3524,3593,168,7117,283768.444949,278318.953521,140508.641281,1492,1.00,1,99d1c7fab316,138,134,dict,,1573,5
python,bytes,message,100,98,avro,1.12.2,7054,4165,44,11219,141763.538418,240096.038415,89134.503966,1808,1.00,1,99d1c7fab316,64,53,dict,,1574,6
python,bytes,message,100,98,orjson,3.11.9,626,850,168,1476,1597444.089457,1176470.588235,677506.775068,5466,1.00,1,99d1c7fab316,138,134,dict,,1575,7
python,bytes,message,100,98,dill,0.4.1,46391,7106,202,53497,21555.905240,140726.146918,18692.636970,10948,1.00,1,99d1c7fab316,194,193,dataclass,,1576,8
python,bytes,message,100,98,pydantic,2.13.4,5274,10906,168,16180,189609.404626,91692.646250,61804.697157,2329,1.00,1,99d1c7fab316,138,134,model,,1577,9
python,bytes,message,100,98,json,python-3.14.0,8414,3955,168,12369,118849.536487,252844.500632,80847.279489,2329,1.00,1,99d1c7fab316,138,134,dict,,1578,10
python,bytes,message,100,98,flatbuffers,25.12.19,29521,7711,104,37232,33874.191254,129684.865776,26858.616244,1162,1.00,1,99d1c7fab316,102,107,dataclass,,1579,11
python,bytes,message,100,98,msgpack,1.2.1,1951,2470,124,4421,512557.662737,404858.299595,226193.168966,521,1.00,1,99d1c7fab316,124,121,dict,,1580,12
python,bytes,message,100,98,serpyco-rs,1.21.0,1848,2252,168,4100,541125.541126,444049.733570,243902.439024,5466,1.00,1,99d1c7fab316,138,134,dataclass,,1581,13
python,bytes,message,100,98,cloudpickle,3.1.2,12480,2968,202,15448,80128.205128,336927.223720,64733.298809,8946,1.00,1,99d1c7fab316,194,193,dataclass,,1582,14
python,bytes,message,100,98,msgspec-msgpack,0.21.1,1264,1112,52,2376,791139.240506,899280.575540,420875.420875,312,1.00,1,99d1c7fab316,72,61,struct,,1583,15
python,bytes,message,100,99,serpyco-rs,1.21.0,1144,1605,168,2749,874125.874126,623052.959502,363768.643143,5466,1.00,1,99d1c7fab316,138,134,dataclass,,1584,0
python,bytes,message,100,99,protobuf,7.35.1,1440,1576,50,3016,694444.444444,634517.766497,331564.986737,187,1.00,1,99d1c7fab316,71,59,message,,1585,1
python,bytes,message,100,99,msgspec,0.21.1,984,953,80,1937,1016260.162602,1049317.943337,516262.261229,351,1.00,1,99d1c7fab316,97,89,struct,,1586,2
python,bytes,message,100,99,rapidjson,1.23,3451,3703,168,7154,289771.080846,270051.309749,139781.940173,1492,1.00,1,99d1c7fab316,138,134,dict,,1587,3
python,bytes,message,100,99,orjson,3.11.9,591,996,168,1587,1692047.377327,1004016.064257,630119.722747,5466,1.00,1,99d1c7fab316,138,134,dict,,1588,4
python,bytes,message,100,99,cbor2,6.1.3,6150,3114,124,9264,162601.626016,321130.378934,107944.732297,908,1.00,1,99d1c7fab316,122,123,dict,,1589,5
python,bytes,message,100,99,mashumaro,3.22,1357,2374,168,3731,736919.675755,421229.991575,268024.658269,5466,1.00,1,99d1c7fab316,138,134,dataclass,,1590,6
python,bytes,message,100,99,dill,0.4.1,52636,7978,202,60614,18998.404134,125344.697919,16497.838783,10948,1.00,1,99d1c7fab316,194,193,dataclass,,1591,7
python,bytes,message,100,99,pickle,python-3.14.0,4281,2831,202,7112,233590.282644,353232.073472,140607.424072,4969,1.00,1,99d1c7fab316,194,193,dataclass,,1592,8
python,bytes,message,100,99,avro,1.12.2,8449,5091,44,13540,118357.202036,196425.063838,73855.243722,1808,1.00,1,99d1c7fab316,64,53,dict,,1593,9
python,bytes,message,100,99,flatbuffers,25.12.19,28218,7778,104,35996,35438.372670,128567.755207,27780.864541,1162,1.00,1,99d1c7fab316,102,107,dataclass,,1594,10
python,bytes,message,100,99,pydantic,2.13.4,5143,11698,168,16841,194439.043360,85484.698239,59378.896740,2329,1.00,1,99d1c7fab316,138,134,model,,1595,11
python,bytes,message,100,99,msgpack,1.2.1,2197,3230,124,5427,455166.135640,309597.523220,184263.865856,521,1.00,1,99d1c7fab316,124,121,dict,,1596,12
python,bytes,message,100,99,cloudpickle,3.1.2,16693,3657,202,20350,59905.349548,273448.181570,49140.049140,8946,1.00,1,99d1c7fab316,194,193,dataclass,,1597,13
python,bytes,message,100,99,msgspec-msgpack,0.21.1,1284,1145,52,2429,778816.199377,873362.445415,411692.054343,312,1.00,1,99d1c7fab316,72,61,struct,,1598,14
python,bytes,message,100,99,json,python-3.14.0,9098,5398,168,14496,109914.266872,185253.797703,68984.547461,2329,1.00,1,99d1c7fab316,138,134,dict,,1599,15
python,stream,message,100,0,msgspec,0.21.1,4849,2836,80,7685,206228.088266,352609.308886,130123.617437,351,1.00,1,99d1c7fab316,97,89,struct,native,1600,0
python,stream,message,100,0,serpyco-rs,1.21.0,3279,4625,168,7904,304971.027752,216216.216216,126518.218623,5466,1.00,1,99d1c7fab316,138,134,dataclass,adapted,1601,1
python,stream,message,100,0,cbor2,6.1.3,9271,4946,124,14217,107863.229425,202183.582693,70338.327355,908,1.00,1,99d1c7fab316,122,123,dict,adapted,1602,2
python,stream,message,100,0,cloudpickle,3.1.2,14084,5842,202,19926,71002.556092,171174.255392,50185.687042,8946,1.00,1,99d1c7fab316,194,193,dataclass,native,1603,3
python,stream,message,100,0,msgspec-msgpack,0.21.1,3215,2089,52,5304,311041.990669,478697.941599,188536.953243,312,1.00,1,99d1c7fab316,72,61,struct,native,1604,4
python,stream,message,100,0,rapidjson,1.23,4697,5352,168,10049,212901.852246,186846.038864,99512.389292,1492,1.00,1,99d1c7fab316,138,134,dict,adapted,1605,5
python,stream,message,100,0,orjson,3.11.9,1416,1999,168,3415,706214.689266,500250.125063,292825.768668,5466,1.00,1,99d1c7fab316,138,134,dict,adapted,1606,6
python,stream,message,100,0,pickle,python-3.14.0,5899,4122,202,10021,169520.257671,242600.679282,99790.440076,4969,1.00,1,99d1c7fab316,194,193,dataclass,native,1607,7
python,stream,message,100,0,pydantic,2.13.4,6096,10729,168,16825,164041.994751,93205.331345,59435.364042,2329,1.00,1,99d1c7fab316,138,134,model,adapted,1608,8
python,stream,message,100,0,msgpack,1.2.1,2740,4501,124,7241,364963.503650,222172.850478,138102.472034,521,1.00,1,99d1c7fab316,124,121,dict,native,1609,9
python,stream,message,100,0,protobuf,7.35.1,2695,2440,50,5135,371057.513915,409836.065574,194741.966894,187,1.00,1,99d1c7fab316,71,59,message,adapted,1610,10
python,stream,message,100,0,avro,1.12.2,10007,5715,44,15722,99930.048966,174978.127734,63605.139295,1808,1.00,1,99d1c7fab316,64,53,dict,adapted,1611,11
python,stream,message,100,0,mashumaro,3.22,2326,3887,168,6213,429922.613929,257267.815796,160952.840818,5466,1.00,1,99d1c7fab316,138,134,dataclass,adapted,1612,12
python,stream,message,100,0,dill,0.4.1,56574,8559,202,65133,17675.964224,116836.078981,15353.200375,10948,1.00,1,99d1c7fab316,194,193,dataclass,native,1613,13
python,stream,message,100,0,json,python-3.14.0,8884,5741,168,14625,112561.909050,174185.681937,68376.068376,2329,1.00,1,99d1c7fab316,138,134,dict,adapted,1614,14
python,stream,message,100,0,flatbuffers,25.12.19,30531,8530,104,39061,32753.594707,117233.294256,25600.983078,1162,1.00,1,99d1c7fab316,102,107,dataclass,adapted,1615,15
python,stream,message,100,1,orjson,3.11.9,1736,2200,168,3936,576036.866359,454545.454545,254065.040650,5466,1.00,1,99d1c7fab316,138,134,dict,adapted,1616,0
python,stream,message,100,1,flatbuffers,25.12.19,23997,6989,104,30986,41671.875651,143081.985978,32272.639256,1162,1.00,1,99d1c7fab316,102,107,dataclass,adapted,1617,1
python,stream,message,100,1,rapidjson,1.23,3994,4524,168,8518,250375.563345,221043.324492,117398.450340,1492,1.00,1,99d1c7fab316,138,134,dict,adapted,1618,2
python,stream,message,100,1,dill,0.4.1,48660,8045,202,56705,20550.760378,124300.807955,17635.129177,10948,1.00,1,99d1c7fab316,194,193,dataclass,native,1619,3
python,stream,message,100,1,msgpack,1.2.1,2877,3958,124,6835,347584.289190,252652.854977,146305.779078,521,1.00,1,99d1c7fab316,124,121,dict,native,1620,4
python,stream,message,100,1,json,python-3.14.0,7519,5358,168,12877,132996.409097,186636.804778,77657.839559,2329,1.00,1,99d1c7fab316,138,134,dict,adapted,1621,5
python,stream,message,100,1,pickle,python-3.14.0,5640,3851,202,9491,177304.964539,259672.812257,105362.975450,4969,1.00,1,99d1c7fab316,194,193,dataclass,native,1622,6
python,stream,message,100,1,mashumaro,3.22,1801,3591,168,5392,555247.084953,278473.962684,185459.940653,5466,1.00,1,99d1c7fab316,138,134,dataclass,adapted,1623,7
python,stream,message,100,1,msgspec-msgpack,0.21.1,1589,1805,52,3394,629326.620516,554016.620499,294637.595757,312,1.00,1,99d1c7fab316,72,61,struct,native,1624,8
python,stream,message,100,1,msgspec,0.21.1,1776,1659,80,3435,563063.063063,602772.754671,291120.815138,351,1.00,1,99d1c7fab316,97,89,struct,native,1625,9
python,stream,message,100,1,serpyco-rs,1.21.0,2356,2683,168,5039,424448.217317,372717.107715,198452.073824,5466,1.00,1,99d1c7fab316,138,134,dataclass,adapted,1626,10
python,stream,message,100,1,cloudpickle,3.1.2,12557,3366,202,15923,79636.855937,297088.532383,62802.235760,8946,1.00,1,99d1c7fab316,194,193,dataclass,native,1627,11
python,stream,message,100,1,cbor2,6.1.3,8274,4014,124,12288,120860.526952,249128.051819,81380.208333,908,1.00,1,99d1c7fab316,122,123,dict,adapted,1628,12
python,stream,message,100,1,avro,1.12.2,8809,5348,44,14157,113520.263367,186985.789080,70636.434273,1808,1.00,1,99d1c7fab316,64,53,dict,adapted,1629,13
python,stream,message,100,1,pydantic,2.13.4,5961,9861,168,15822,167757.087737,101409.593348,63203.134875,2329,1.00,1,99d1c7fab316,138,134,model,adapted,1630,14
python,stream,message,100,1,protobuf,7.35.1,2354,2131,50,4485,424808.836024,469263.256687,222965.440357,187,1.00,1,99d1c7fab316,71,59,message,adapted,1631,15
python,stream,message,100,2,pydantic,2.13.4,3745,8526,168,12271,267022.696929,117288.294628,81492.950860,2329,1.00,1,99d1c7fab316,138,134,model,adapted,1632,0
python,stream,message,100,2,cloudpickle,3.1.2,11856,5019,202,16875,84345.479082,199242.877067,59259.259259,8946,1.00,1,99d1c7fab316,194,193,dataclass,native,1633,1
python,stream,message,100,2,cbor2,6.1.3,6101,3300,124,9401,163907.556138,303030.303030,106371.662589,908,1.00,1,99d1c7fab316,122,123,dict,adapted,1634,2
python,stream,message,100,2,rapidjson,1.23,3962,4336,168,8298,252397.778900,230627.306273,120510.966498,1492,1.00,1,99d1c7fab316,138,134,dict,adapted,1635,3
python,stream,message,100,2,msgspec,0.21.1,2012,2067,80,4079,497017.892644,483792.936623,245158.126992,351,1.00,1,99d1c7fab316,97,89,struct,native,1636,4
python,stream,message,100,2,msgpack,1.2.1,2092,3443,124,5535,478011.472275,290444.379901,180668.473351,521,1.00,1,99d1c7fab316,124,121,dict,native,1637,5
python,stream,message,100,2,dill,0.4.1,52322,7796,202,60118,19112.419250,128270.908158,16633.953225,10948,1.00,1,99d1c7fab316,194,193,dataclass,native,1638,6
python,stream,message,100,2,json,python-3.14.0,8795,5294,168,14089,113700.966458,188893.086513,70977.358223,2329,1.00,1,99d1c7fab316,138,134,dict,adapted,1639,7
python,stream,message,100,2,serpyco-rs,1.21.0,2536,3414,168,5950,394321.766562,292911.540715,168067.226891,5466,1.00,1,99d1c7fab316,138,134,dataclass,adapted,1640,8
python,stream,message,100,2,flatbuffers,25.12.19,29499,8174,104,37673,33899.454219,122339.124052,26544.209381,1162,1.00,1,99d1c7fab316,102,107,dataclass,adapted,1641,9
python,stream,message,100,2,orjson,3.11.9,1088,1563,168,2651,919117.647059,639795.265515,377216.144851,5466,1.00,1,99d1c7fab316,138,134,dict,adapted,1642,10
python,stream,message,100,2,protobuf,7.35.1,1888,1953,50,3841,529661.016949,512032.770097,260348.867482,187,1.00,1,99d1c7fab316,71,59,message,adapted,1643,11
python,stream,message,100,2,msgspec-msgpack,0.21.1,1453,1600,52,3053,688231.245699,625000.000000,327546.675401,312,1.00,1,99d1c7fab316,72,61,struct,native,1644,12
python,stream,message,100,2,pickle,python-3.14.0,5890,5259,202,11149,169779.286927,190150.218673,89694.142972,4969,1.00,1,99d1c7fab316,194,193,dataclass,native,1645,13
python,stream,message,100,2,avro,1.12.2,8943,5620,44,14563,111819.300011,177935.943060,68667.170226,1808,1.00,1,99d1c7fab316,64,53,dict,adapted,1646,14
python,stream,message,100,2,mashumaro,3.22,1684,3329,168,5013,593824.228029,300390.507660,199481.348494,5466,1.00,1,99d1c7fab316,138,134,dataclass,adapted,1647,15
python,stream,message,100,3,rapidjson,1.23,3859,4048,168,7907,259134.490801,247035.573123,126470.216264,1492,1.00,1,99d1c7fab316,138,134,dict,adapted,1648,0
python,stream,message,100,3,avro,1.12.2,5406,3268,44,8674,184979.652238,305997.552020,115287.064791,1808,1.00,1,99d1c7fab316,64,53,dict,adapted,1649,1
python,stream,message,100,3,msgspec,0.21.1,1691,1930,80,3621,591366.055588,518134.715026,276166.804750,351,1.00,1,99d1c7fab316,97,89,struct,native,1650,2
python,stream,message,100,3,cloudpickle,3.1.2,12459,3823,202,16282,80263.263504,261574.679571,61417.516276,8946,1.00,1,99d1c7fab316,194,193,dataclass,native,1651,3
python,stream,message,100,3,dill,0.4.1,48776,6791,202,55567,20501.886174,147253.718156,17996.292764,10948,1.00,1,99d1c7fab316,194,193,dataclass,native,1652,4
python,stream,message,100,3,pydantic,2.13.4,5729,9636,168,15365,174550.532379,103777.501038,65082.980801,2329,1.00,1,99d1c7fab316,138,134,model,adapted,1653,5
python,stream,message,100,3,serpyco-rs,1.21.0,2267,2791,168,5058,441111.601235,358294.518094,197706.603401,5466,1.00,1,99d1c7fab316,138,134,dataclass,adapted,1654,6
python,stream,message,100,3,cbor2,6.1.3,7209,3538,124,10747,138715.494521,282645.562465,93049.223039,908,1.00,1,99d1c7fab316,122,123,dict,adapted,1655,7
python,stream,message,100,3,protobuf,7.35.1,1922,2041,50,3963,520291.363163,489955.903969,252334.090336,187,1.00,1,99d1c7fab316,71,59,message,adapted,1656,8
python,stream,message,100,3,pickle,python-3.14.0,5370,3876,202,9246,186219.739292,257997.936017,108154.877785,4969,1.00,1,99d1c7fab316,194,193,dataclass,native,1657,9
python,stream,message,100,3,msgspec-msgpack,0.21.1,1453,1586,52,3039,688231.245699,630517.023960,329055.610398,312,1.00,1,99d1c7fab316,72,61,struct,native,1658,10
python,stream,message,100,3,msgpack,1.2.1,2065,3346,124,5411,484261.501211,298864.315601,184808.722972,521,1.00,1,99d1c7fab316,124,121,dict,native,1659,11
python,stream,message,100,3,json,python-3.14.0,8376,5131,168,13507,119388.729704,194893.782888,74035.685200,2329,1.00,1,99d1c7fab316,138,134,dict,adapted,1660,12
python,stream,message,100,3,orjson,3.11.9,1097,1598,168,2695,911577.028259,625782.227785,371057.513915,5466,1.00,1,99d1c7fab316,138,134,dict,adapted,1661,13
python,stream,message,100,3,flatbuffers,25.12.19,28576,8080,104,36656,34994.400896,123762.376238,27280.663466,1162,1.00,1,99d1c7fab316,102,107,dataclass,adapted,1662,14
python,stream,message,100,3,mashumaro,3.22,1454,2877,168,4331,687757.909216,347584.289190,230893.558070,5466,1.00,1,99d1c7fab316,138,134,dataclass,adapted,1663,15
python,stream,message,100,4,avro,1.12.2,7738,5022,44,12760,129232.359783,199123.855038,78369.905956,1808,1.00,1,99d1c7fab316,64,53,dict,adapted,1664,0
python,stream,message,100,4,msgpack,1.2.1,1667,2543,124,4210,599880.023995,393236.335037,237529.691211,521,1.00,1,99d1c7fab316,124,121,dict,native,1665,1
python,stream,message,100,4,json,python-3.14.0,6829,4689,168,11518,146434.324206,213265.088505,86820.628581,2329,1.00,1,99d1c7fab316,138,134,dict,adapted,1666,2
python,stream,message,100,4,dill,0.4.1,47954,7185,202,55139,20853.317763,139178.844816,18135.983605,10948,1.00,1,99d1c7fab316,194,193,dataclass,native,1667,3
python,stream,message,100,4,pydantic,2.13.4,5102,8281,168,13383,196001.568013,120758.362517,74721.661810,2329,1.00,1,99d1c7fab316,138,134,model,adapted,1668,4
python,stream,message,100,4,orjson,3.11.9,1034,1392,168,2426,967117.988395,718390.804598,412201.154163,5466,1.00,1,99d1c7fab316,138,134,dict,adapted,1669,5
python,stream,message,100,4,cloudpickle,3.1.2,11598,3398,202,14996,86221.762373,294290.759270,66684.449186,8946,1.00,1,99d1c7fab316,194,193,dataclass,native,1670,6
python,stream,message,100,4,pickle,python-3.14.0,3265,2369,202,5634,306278.713629,422119.037569,177493.787717,4969,1.00,1,99d1c7fab316,194,193,dataclass,native,1671,7
python,stream,message,100,4,msgspec-msgpack,0.21.1,1347,1554,52,2901,742390.497402,643500.643501,344708.721131,312,1.00,1,99d1c7fab316,72,61,struct,native,1672,8
python,stream,message,100,4,msgspec,0.21.1,1611,1747,80,3358,620732.464308,572409.845449,297796.307326,351,1.00,1,99d1c7fab316,97,89,struct,native,1673,9
python,stream,message,100,4,flatbuffers,25.12.19,26296,7515,104,33811,38028.597505,133067.198935,29576.173435,1162,1.00,1,99d1c7fab316,102,107,dataclass,adapted,1674,10
python,stream,message,100,4,serpyco-rs,1.21.0,2040,2432,168,4472,490196.078431,411184.210526,223613.595707,5466,1.00,1,99d1c7fab316,138,134,dataclass,adapted,1675,11
python,stream,message,100,4,cbor2,6.1.3,6814,3574,124,10388,146756.677429,279798.545048,96264.921063,908,1.00,1,99d1c7fab316,122,123,dict,adapted,1676,12
python,stream,message,100,4,mashumaro,3.22,1611,2837,168,4448,620732.464308,352485.019387,224820.143885,5466,1.00,1,99d1c7fab316,138,134,dataclass,adapted,1677,13
python,stream,message,100,4,rapidjson,1.23,3946,3990,168,7936,253421.186011,250626.566416,126008.064516,1492,1.00,1,99d1c7fab316,138,134,dict,adapted,1678,14
python,stream,message,100,4,protobuf,7.35.1,1919,1812,50,3731,521104.742053,551876.379691,268024.658269,187,1.00,1,99d1c7fab316,71,59,message,adapted,1679,15
python,stream,message,100,5,mashumaro,3.22,1467,2854,168,4321,681663.258350,350385.423966,231427.910206,5466,1.00,1,99d1c7fab316,138,134,dataclass,adapted,1680,0
python,stream,message,100,5,orjson,3.11.9,727,1044,168,1771,1375515.818432,957854.406130,564652.738566,5466,1.00,1,99d1c7fab316,138,134,dict,adapted,1681,1
python,stream,message,100,5,cloudpickle,3.1.2,11823,4292,202,16115,84580.901632,232991.612302,62053.986969,8946,1.00,1,99d1c7fab316,194,193,dataclass,native,1682,2
python,stream,message,100,5,serpyco-rs,1.21.0,1719,1842,168,3561,581733.566027,542888.165038,280819.994384,5466,1.00,1,99d1c7fab316,138,134,dataclass,adapted,1683,3
python,stream,message,100,5,avro,1.12.2,8301,5418,44,13719,120467.413565,184569.952012,72891.610176,1808,1.00,1,99d1c7fab316,64,53,dict,adapted,1684,4
python,stream,message,100,5,msgspec-msgpack,0.21.1,1471,1517,52,2988,679809.653297,659195.781147,334672.021419,312,1.00,1,99d1c7fab316,72,61,struct,native,1685,5
python,stream,message,100,5,cbor2,6.1.3,6107,3285,124,9392,163746.520386,304414.003044,106473.594549,908,1.00,1,99d1c7fab316,122,123,dict,adapted,1686,6
python,stream,message,100,5,msgspec,0.21.1,1440,1611,80,3051,694444.444444,620732.464308,327761.389708,351,1.00,1,99d1c7fab316,97,89,struct,native,1687,7
python,stream,message,100,5,rapidjson,1.23,3500,3980,168,7480,285714.285714,251256.281407,133689.839572,1492,1.00,1,99d1c7fab316,138,134,dict,adapted,1688,8
python,stream,message,100,5,pickle,python-3.14.0,4225,3225,202,7450,236686.390533,310077.519380,134228.187919,4969,1.00,1,99d1c7fab316,194,193,dataclass,native,1689,9
python,stream,message,100,5,dill,0.4.1,52809,7369,202,60178,18936.166184,135703.623287,16617.368474,10948,1.00,1,99d1c7fab316,194,193,dataclass,native,1690,10
python,stream,message,100,5,flatbuffers,25.12.19,28257,7956,104,36213,35389.461019,125691.302162,27614.392621,1162,1.00,1,99d1c7fab316,102,107,dataclass,adapted,1691,11
python,stream,message,100,5,pydantic,2.13.4,5620,11638,168,17258,177935.943060,85925.416738,57944.141847,2329,1.00,1,99d1c7fab316,138,134,model,adapted,1692,12
python,stream,message,100,5,protobuf,7.35.1,1898,2048,50,3946,526870.389884,488281.250000,253421.186011,187,1.00,1,99d1c7fab316,71,59,message,adapted,1693,13
python,stream,message,100,5,json,python-3.14.0,8527,4992,168,13519,117274.539697,200320.512821,73969.968193,2329,1.00,1,99d1c7fab316,138,134,dict,adapted,1694,14
python,stream,message,100,5,msgpack,1.2.1,2156,3827,124,5983,463821.892393,261301.280376,167140.230654,521,1.00,1,99d1c7fab316,124,121,dict,native,1695,15
python,stream,message,100,6,json,python-3.14.0,5077,3940,168,9017,196966.712626,253807.106599,110901.630254,2329,1.00,1,99d1c7fab316,138,134,dict,adapted,1696,0
python,stream,message,100,6,msgpack,1.2.1,1227,2034,124,3261,814995.925020,491642.084562,306654.400491,521,1.00,1,99d1c7fab316,124,121,dict,native,1697,1
python,stream,message,100,6,serpyco-rs,1.21.0,2052,2732,168,4784,487329.434698,366032.210835,209030.100334,5466,1.00,1,99d1c7fab316,138,134,dataclass,adapted,1698,2
python,stream,message,100,6,rapidjson,1.23,3481,3551,168,7032,287273.771905,281610.813855,142207.053470,1492,1.00,1,99d1c7fab316,138,134,dict,adapted,1699,3
python,stream,message,100,6,flatbuffers,25.12.19,25831,7208,104,33039,38713.174093,138734.739179,30267.259905,1162,1.00,1,99d1c7fab316,102,107,dataclass,adapted,1700,4
python,stream,message,100,6,cbor2,6.1.3,6603,3525,124,10128,151446.312282,283687.943262,98736.176935,908,1.00,1,99d1c7fab316,122,123,dict,adapted,1701,5
python,stream,message,100,6,pickle,python-3.14.0,5707,4261,202,9968,175223.409848,234686.693264,100321.027287,4969,1.00,1,99d1c7fab316,194,193,dataclass,native,1702,6
python,stream,message,100,6,pydantic,2.13.4,5014,8526,168,13540,199441.563622,117288.294628,73855.243722,2329,1.00,1,99d1c7fab316,138,134,model,adapted,1703,7
python,stream,message,100,6,avro,1.12.2,8134,4947,44,13081,122940.742562,202142.712755,76446.754835,1808,1.00,1,99d1c7fab316,64,53,dict,adapted,1704,8
python,stream,message,100,6,orjson,3.11.9,1129,1561,168,2690,885739.592560,640614.990391,371747.211896,5466,1.00,1,99d1c7fab316,138,134,dict,adapted,1705,9
python,stream,message,100,6,protobuf,7.35.1,1755,1801,50,3556,569800.569801,555247.084953,281214.848144,187,1.00,1,99d1c7fab316,71,59,message,adapted,1706,10
python,stream,message,100,6,mashumaro,3.22,1423,2698,168,4121,702740.688686,370644.922165,242659.548653,5466,1.00,1,99d1c7fab316,138,134,dataclass,adapted,1707,11
python,stream,message,100,6,dill,0.4.1,50652,7694,202,58346,19742.557056,129971.406291,17139.135502,10948,1.00,1,99d1c7fab316,194,193,dataclass,native,1708,12
python,stream,message,100,6,cloudpickle,3.1.2,11119,3035,202,14154,89936.145337,329489.291598,70651.405963,8946,1.00,1,99d1c7fab316,194,193,dataclass,native,1709,13
python,stream,message,100,6,msgspec-msgpack,0.21.1,1442,1610,52,3052,693481.276006,621118.012422,327653.997379,312,1.00,1,99d1c7fab316,72,61,struct,native,1710,14
python,stream,message,100,6,msgspec,0.21.1,1642,1554,80,3196,609013.398295,643500.643501,312891.113892,351,1.00,1,99d1c7fab316,97,89,struct,native,1711,15
python,stream,message,100,7,msgspec,0.21.1,787,903,80,1690,1270648.030496,1107419.712071,591715.976331,351,1.00,1,99d1c7fab316,97,89,struct,native,1712,0
python,stream,message,100,7,json,python-3.14.0,7759,4908,168,12667,128882.587962,203748.981255,78945.290913,2329,1.00,1,99d1c7fab316,138,134,dict,adapted,1713,1
python,stream,message,100,7,cbor2,6.1.3,6569,3428,124,9997,152230.172020,291715.285881,100030.009003,908,1.00,1,99d1c7fab316,122,123,dict,adapted,1714,2
python,stream,message,100,7,protobuf,7.35.1,1539,1660,50,3199,649772.579597,602409.638554,312597.686777,187,1.00,1,99d1c7fab316,71,59,message,adapted,1715,3
python,stream,message,100,7,msgspec-msgpack,0.21.1,950,1146,52,2096,1052631.578947,872600.349040,477099.236641,312,1.00,1,99d1c7fab316,72,61,struct,native,1716,4
python,stream,message,100,7,mashumaro,3.22,1673,2808,168,4481,597728.631201,356125.356125,223164.472216,5466,1.00,1,99d1c7fab316,138,134,dataclass,adapted,1717,5
python,stream,message,100,7,dill,0.4.1,47271,8070,202,55341,21154.619111,123915.737299,18069.785512,10948,1.00,1,99d1c7fab316,194,193,dataclass,native,1718,6
python,stream,message,100,7,flatbuffers,25.12.19,27929,8157,104,36086,35805.077160,122594.090965,27711.577897,1162,1.00,1,99d1c7fab316,102,107,dataclass,adapted,1719,7
python,stream,message,100,7,pydantic,2.13.4,5502,10466,168,15968,181752.090149,95547.487101,62625.250501,2329,1.00,1,99d1c7fab316,138,134,model,adapted,1720,8
python,stream,message,100,7,avro,1.12.2,8149,5153,44,13302,122714.443490,194061.711624,75176.665163,1808,1.00,1,99d1c7fab316,64,53,dict,adapted,1721,9
python,stream,message,100,7,rapidjson,1.23,4002,4274,168,8276,249875.062469,233972.859148,120831.319478,1492,1.00,1,99d1c7fab316,138,134,dict,adapted,1722,10
python,stream,message,100,7,msgpack,1.2.1,6395,3457,124,9852,156372.165754,289268.151577,101502.233049,521,1.00,1,99d1c7fab316,124,121,dict,native,1723,11
python,stream,message,100,7,pickle,python-3.14.0,5805,4649,202,10454,172265.288544,215100.021510,95657.164722,4969,1.00,1,99d1c7fab316,194,193,dataclass,native,1724,12
python,stream,message,100,7,serpyco-rs,1.21.0,2225,3364,168,5589,449438.202247,297265.160523,178922.884237,5466,1.00,1,99d1c7fab316,138,134,dataclass,adapted,1725,13
python,stream,message,100,7,orjson,3.11.9,878,1076,168,1954,1138952.164009,929368.029740,511770.726714,5466,1.00,1,99d1c7fab316,138,134,dict,adapted,1726,14
python,stream,message,100,7,cloudpickle,3.1.2,11678,3184,202,14862,85631.101216,314070.351759,67285.695061,8946,1.00,1,99d1c7fab316,194,193,dataclass,native,1727,15
python,stream,message,100,8,mashumaro,3.22,1555,2921,168,4476,643086.816720,342348.510784,223413.762288,5466,1.00,1,99d1c7fab316,138,134,dataclass,adapted,1728,0
python,stream,message,100,8,json,python-3.14.0,8312,5102,168,13414,120307.988450,196001.568013,74548.978679,2329,1.00,1,99d1c7fab316,138,134,dict,adapted,1729,1
python,stream,message,100,8,cloudpickle,3.1.2,8685,3093,202,11778,115141.047784,323310.701584,84904.058414,8946,1.00,1,99d1c7fab316,194,193,dataclass,native,1730,2
python,stream,message,100,8,rapidjson,1.23,3138,3590,168,6728,318674.314850,278551.532033,148632.580262,1492,1.00,1,99d1c7fab316,138,134,dict,adapted,1731,3
python,stream,message,100,8,serpyco-rs,1.21.0,1472,1871,168,3343,679347.826087,534473.543560,299132.515704,5466,1.00,1,99d1c7fab316,138,134,dataclass,adapted,1732,4
python,stream,message,100,8,pickle,python-3.14.0,3453,2674,202,6127,289603.243556,373971.578160,163212.012404,4969,1.00,1,99d1c7fab316,194,193,dataclass,native,1733,5
python,stream,message,100,8,msgspec,0.21.1,2175,2064,80,4239,459770.114943,484496.124031,235904.694503,351,1.00,1,99d1c7fab316,97,89,struct,native,1734,6
python,stream,message,100,8,protobuf,7.35.1,1963,2023,50,3986,509424.350484,494315.373208,250878.073256,187,1.00,1,99d1c7fab316,71,59,message,adapted,1735,7
python,stream,message,100,8,flatbuffers,25.12.19,25914,7572,104,33486,38589.179594,132065.504490,29863.226423,1162,1.00,1,99d1c7fab316,102,107,dataclass,adapted,1736,8
python,stream,message,100,8,cbor2,6.1.3,7557,3836,124,11393,132327.643245,260688.216893,87773.194067,908,1.00,1,99d1c7fab316,122,123,dict,adapted,1737,9
python,stream,message,100,8,msgspec-msgpack,0.21.1,1275,1491,52,2766,784313.725490,670690.811536,361532.899494,312,1.00,1,99d1c7fab316,72,61,struct,native,1738,10
python,stream,message,100,8,avro,1.12.2,8038,4774,44,12812,124409.056979,209467.951403,78051.826413,1808,1.00,1,99d1c7fab316,64,53,dict,adapted,1739,11
python,stream,message,100,8,orjson,3.11.9,1205,1342,168,2547,829875.518672,745156.482861,392618.767177,5466,1.00,1,99d1c7fab316,138,134,dict,adapted,1740,12
python,stream,message,100,8,dill,0.4.1,49460,7316,202,56776,20218.358269,136686.714051,17613.075948,10948,1.00,1,99d1c7fab316,194,193,dataclass,native,1741,13
python,stream,message,100,8,pydantic,2.13.4,5364,10419,168,15783,186428.038777,95978.500816,63359.310651,2329,1.00,1,99d1c7fab316,138,134,model,adapted,1742,14
python,stream,message,100,8,msgpack,1.2.1,2093,3126,124,5219,477783.086479,319897.632758,191607.587660,521,1.00,1,99d1c7fab316,124,121,dict,native,1743,15
python,stream,message,100,9,dill,0.4.1,41882,6660,202,48542,23876.605702,150150.150150,20600.716905,10948,1.00,1,99d1c7fab316,194,193,dataclass,native,1744,0
python,stream,message,100,9,msgspec,0.21.1,1838,1835,80,3673,544069.640914,544959.128065,272257.010618,351,1.00,1,99d1c7fab316,97,89,struct,native,1745,1
python,stream,message,100,9,msgspec-msgpack,0.21.1,1020,1228,52,2248,980392.156863,814332.247557,444839.857651,312,1.00,1,99d1c7fab316,72,61,struct,native,1746,2
python,stream,message,100,9,pickle,python-3.14.0,4443,3060,202,7503,225073.148773,326797.385621,133280.021325,4969,1.00,1,99d1c7fab316,194,193,dataclass,native,1747,3
python,stream,message,100,9,cbor2,6.1.3,6379,3322,124,9701,156764.383132,301023.479831,103082.156479,908,1.00,1,99d1c7fab316,122,123,dict,adapted,1748,4
python,stream,message,100,9,msgpack,1.2.1,1559,2307,124,3866,641436.818473,433463.372345,258665.287118,521,1.00,1,99d1c7fab316,124,121,dict,native,1749,5
python,stream,message,100,9,serpyco-rs,1.21.0,2052,2512,168,4564,487329.434698,398089.171975,219106.047327,5466,1.00,1,99d1c7fab316,138,134,dataclass,adapted,1750,6
python,stream,message,100,9,avro,1.12.2,7247,4543,44,11790,137988.133021,220118.864187,84817.642070,1808,1.00,1,99d1c7fab316,64,53,dict,adapted,1751,7
python,stream,message,100,9,protobuf,7.35.1,1817,1816,50,3633,550357.732526,550660.792952,275254.610515,187,1.00,1,99d1c7fab316,71,59,message,adapted,1752,8
python,stream,message,100,9,pydantic,2.13.4,4795,9875,168,14670,208550.573514,101265.822785,68166.325835,2329,1.00,1,99d1c7fab316,138,134,model,adapted,1753,9
python,stream,message,100,9,flatbuffers,25.12.19,28396,7824,104,36220,35216.227638,127811.860941,27609.055770,1162,1.00,1,99d1c7fab316,102,107,dataclass,adapted,1754,10
python,stream,message,100,9,json,python-3.14.0,8490,4707,168,13197,117785.630153,212449.543233,75774.797302,2329,1.00,1,99d1c7fab316,138,134,dict,adapted,1755,11
python,stream,message,100,9,rapidjson,1.23,3746,4183,168,7929,266951.414842,239062.873536,126119.308866,1492,1.00,1,99d1c7fab316,138,134,dict,adapted,1756,12
python,stream,message,100,9,cloudpickle,3.1.2,13587,5043,202,18630,73599.764481,198294.665873,53676.865271,8946,1.00,1,99d1c7fab316,194,193,dataclass,native,1757,13
python,stream,message,100,9,mashumaro,3.22,1826,3730,168,5556,547645.125958,268096.514745,179985.601152,5466,1.00,1,99d1c7fab316,138,134,dataclass,adapted,1758,14
python,stream,message,100,9,orjson,3.11.9,847,944,168,1791,1180637.544274,1059322.033898,558347.292016,5466,1.00,1,99d1c7fab316,138,134,dict,adapted,1759,15
python,stream,message,100,10,pydantic,2.13.4,4088,7639,168,11727,244618.395303,130907.186805,85273.300929,2329,1.00,1,99d1c7fab316,138,134,model,adapted,1760,0
python,stream,message,100,10,msgspec,0.21.1,2064,2206,80,4270,484496.124031,453309.156845,234192.037471,351,1.00,1,99d1c7fab316,97,89,struct,native,1761,1
python,stream,message,100,10,json,python-3.14.0,6690,3651,168,10341,149476.831091,273897.562312,96702.446572,2329,1.00,1,99d1c7fab316,138,134,dict,adapted,1762,2
python,stream,message,100,10,serpyco-rs,1.21.0,1979,2400,168,4379,505305.709955,416666.666667,228362.639872,5466,1.00,1,99d1c7fab316,138,134,dataclass,adapted,1763,3
python,stream,message,100,10,rapidjson,1.23,2881,3100,168,5981,347101.700798,322580.645161,167196.121050,1492,1.00,1,99d1c7fab316,138,134,dict,adapted,1764,4
python,stream,message,100,10,dill,0.4.1,52738,8216,202,60954,18961.659524,121713.729309,16405.814221,10948,1.00,1,99d1c7fab316,194,193,dataclass,native,1765,5
python,stream,message,100,10,pickle,python-3.14.0,4746,3266,202,8012,210703.750527,306184.935701,124812.780829,4969,1.00,1,99d1c7fab316,194,193,dataclass,native,1766,6
python,stream,message,100,10,flatbuffers,25.12.19,26343,7625,104,33968,37960.748586,131147.540984,29439.472445,1162,1.00,1,99d1c7fab316,102,107,dataclass,adapted,1767,7
python,stream,message,100,10,protobuf,7.35.1,1977,2005,50,3982,505816.894284,498753.117207,251130.085384,187,1.00,1,99d1c7fab316,71,59,message,adapted,1768,8
python,stream,message,100,10,mashumaro,3.22,1781,3275,168,5056,561482.313307,305343.511450,197784.810127,5466,1.00,1,99d1c7fab316,138,134,dataclass,adapted,1769,9
python,stream,message,100,10,cloudpickle,3.1.2,11746,3679,202,15425,85135.365231,271812.992661,64829.821718,8946,1.00,1,99d1c7fab316,194,193,dataclass,native,1770,10
python,stream,message,100,10,orjson,3.11.9,884,1116,168,2000,1131221.719457,896057.347670,500000.000000,5466,1.00,1,99d1c7fab316,138,134,dict,adapted,1771,11
python,stream,message,100,10,msgspec-msgpack,0.21.1,1317,1576,52,2893,759301.442673,634517.766497,345661.942620,312,1.00,1,99d1c7fab316,72,61,struct,native,1772,12
python,stream,message,100,10,cbor2,6.1.3,7811,4010,124,11821,128024.580719,249376.558603,84595.211911,908,1.00,1,99d1c7fab316,122,123,dict,adapted,1773,13
python,stream,message,100,10,avro,1.12.2,9131,5335,44,14466,109517.029898,187441.424555,69127.609567,1808,1.00,1,99d1c7fab316,64,53,dict,adapted,1774,14
python,stream,message,100,10,msgpack,1.2.1,2317,3454,124,5771,431592.576608,289519.397800,173280.194074,521,1.00,1,99d1c7fab316,124,121,dict,native,1775,15
python,stream,message,100,11,protobuf,7.35.1,1519,1630,50,3149,658327.847268,613496.932515,317561.130518,187,1.00,1,99d1c7fab316,71,59,message,adapted,1776,0
python,stream,message,100,11,json,python-3.14.0,7439,5507,168,12946,134426.670251,181587.071001,77243.936351,2329,1.00,1,99d1c7fab316,138,134,dict,adapted,1777,1
python,stream,message,100,11,msgspec-msgpack,0.21.1,1125,1311,52,2436,888888.888889,762776.506484,410509.031199,312,1.00,1,99d1c7fab316,72,61,struct,native,1778,2
python,stream,message,100,11,pickle,python-3.14.0,4617,4074,202,8691,216590.859866,245459.008346,115061.557933,4969,1.00,1,99d1c7fab316,194,193,dataclass,native,1779,3
python,stream,message,100,11,mashumaro,3.22,1508,2967,168,4475,663129.973475,337040.781935,223463.687151,5466,1.00,1,99d1c7fab316,138,134,dataclass,adapted,1780,4
python,stream,message,100,11,dill,0.4.1,50192,7174,202,57366,19923.493784,139392.249791,17431.928320,10948,1.00,1,99d1c7fab316,194,193,dataclass,native,1781,5
python,stream,message,100,11,rapidjson,1.23,3721,4175,168,7896,268744.961032,239520.958084,126646.403242,1492,1.00,1,99d1c7fab316,138,134,dict,adapted,1782,6
python,stream,message,100,11,avro,1.12.2,7807,4722,44,12529,128090.175484,211774.671749,79814.829595,1808,1.00,1,99d1c7fab316,64,53,dict,adapted,1783,7
python,stream,message,100,11,orjson,3.11.9,1004,1239,168,2243,996015.936255,807102.502018,445831.475702,5466,1.00,1,99d1c7fab316,138,134,dict,adapted,1784,8
python,stream,message,100,11,cloudpickle,3.1.2,11548,3356,202,14904,86595.081399,297973.778308,67096.081589,8946,1.00,1,99d1c7fab316,194,193,dataclass,native,1785,9
python,stream,message,100,11,cbor2,6.1.3,6835,3584,124,10419,146305.779078,279017.857143,95978.500816,908,1.00,1,99d1c7fab316,122,123,dict,adapted,1786,10
python,stream,message,100,11,msgspec,0.21.1,1857,1878,80,3735,538502.961766,532481.363152,267737.617135,351,1.00,1,99d1c7fab316,97,89,struct,native,1787,11
python,stream,message,100,11,msgpack,1.2.1,2048,3087,124,5135,488281.250000,323939.099449,194741.966894,521,1.00,1,99d1c7fab316,124,121,dict,native,1788,12
python,stream,message,100,11,serpyco-rs,1.21.0,2240,2456,168,4696,446428.571429,407166.123779,212947.189097,5466,1.00,1,99d1c7fab316,138,134,dataclass,adapted,1789,13
python,stream,message,100,11,pydantic,2.13.4,5075,9235,168,14310,197044.334975,108283.703303,69881.201957,2329,1.00,1,99d1c7fab316,138,134,model,adapted,1790,14
python,stream,message,100,11,flatbuffers,25.12.19,27138,7953,104,35091,36848.699241,125738.714950,28497.335499,1162,1.00,1,99d1c7fab316,102,107,dataclass,adapted,1791,15
python,stream,message,100,12,mashumaro,3.22,1457,3060,168,4517,686341.798216,326797.385621,221385.875581,5466,1.00,1,99d1c7fab316,138,134,dataclass,adapted,1792,0
python,stream,message,100,12,msgspec-msgpack,0.21.1,1264,1478,52,2742,791139.240506,676589.986468,364697.301240,312,1.00,1,99d1c7fab316,72,61,struct,native,1793,1
python,stream,message,100,12,serpyco-rs,1.21.0,1730,2035,168,3765,578034.682081,491400.491400,265604.249668,5466,1.00,1,99d1c7fab316,138,134,dataclass,adapted,1794,2
python,stream,message,100,12,cloudpickle,3.1.2,11721,4288,202,16009,85316.952478,233208.955224,62464.863514,8946,1.00,1,99d1c7fab316,194,193,dataclass,native,1795,3
python,stream,message,100,12,pickle,python-3.14.0,3550,2673,202,6223,281690.140845,374111.485223,160694.198939,4969,1.00,1,99d1c7fab316,194,193,dataclass,native,1796,4
python,stream,message,100,12,msgspec,0.21.1,1512,1649,80,3161,661375.661376,606428.138266,316355.583676,351,1.00,1,99d1c7fab316,97,89,struct,native,1797,5
python,stream,message,100,12,pydantic,2.13.4,4322,8963,168,13285,231374.363720,111569.786902,75272.864132,2329,1.00,1,99d1c7fab316,138,134,model,adapted,1798,6
python,stream,message,100,12,dill,0.4.1,51390,6931,202,58321,19459.038723,144279.324773,17146.482399,10948,1.00,1,99d1c7fab316,194,193,dataclass,native,1799,7
python,stream,message,100,12,protobuf,7.35.1,2097,2001,50,4098,476871.721507,499750.124938,244021.473890,187,1.00,1,99d1c7fab316,71,59,message,adapted,1800,8
python,stream,message,100,12,rapidjson,1.23,4181,4479,168,8660,239177.230328,223264.121456,115473.441109,1492,1.00,1,99d1c7fab316,138,134,dict,adapted,1801,9
python,stream,message,100,12,cbor2,6.1.3,7010,3568,124,10578,142653.352354,280269.058296,94535.829079,908,1.00,1,99d1c7fab316,122,123,dict,adapted,1802,10
python,stream,message,100,12,json,python-3.14.0,8128,5338,168,13466,123031.496063,187336.080929,74261.102035,2329,1.00,1,99d1c7fab316,138,134,dict,adapted,1803,11
python,stream,message,100,12,avro,1.12.2,8399,5046,44,13445,119061.793071,198176.773682,74377.091856,1808,1.00,1,99d1c7fab316,64,53,dict,adapted,1804,12
python,stream,message,100,12,msgpack,1.2.1,2056,3347,124,5403,486381.322957,298775.022408,185082.361651,521,1.00,1,99d1c7fab316,124,121,dict,native,1805,13
python,stream,message,100,12,flatbuffers,25.12.19,28723,8022,104,36745,34815.304808,124657.192720,27214.587019,1162,1.00,1,99d1c7fab316,102,107,dataclass,adapted,1806,14
python,stream,message,100,12,orjson,3.11.9,1271,1681,168,2952,786782.061369,594883.997620,338753.387534,5466,1.00,1,99d1c7fab316,138,134,dict,adapted,1807,15
python,stream,message,100,13,json,python-3.14.0,7035,4754,168,11789,142146.410803,210349.179638,84824.836712,2329,1.00,1,99d1c7fab316,138,134,dict,adapted,1808,0
python,stream,message,100,13,pydantic,2.13.4,4963,7079,168,12042,201491.033649,141262.890239,83042.683940,2329,1.00,1,99d1c7fab316,138,134,model,adapted,1809,1
python,stream,message,100,13,msgpack,1.2.1,1608,2816,124,4424,621890.547264,355113.636364,226039.783002,521,1.00,1,99d1c7fab316,124,121,dict,native,1810,2
python,stream,message,100,13,cbor2,6.1.3,7624,3091,124,10715,131164.742917,323519.896474,93327.111526,908,1.00,1,99d1c7fab316,122,123,dict,adapted,1811,3
python,stream,message,100,13,dill,0.4.1,49767,8004,202,57771,20093.636345,124937.531234,17309.722871,10948,1.00,1,99d1c7fab316,194,193,dataclass,native,1812,4
python,stream,message,100,13,rapidjson,1.23,3666,4175,168,7841,272776.868522,239520.958084,127534.753220,1492,1.00,1,99d1c7fab316,138,134,dict,adapted,1813,5
python,stream,message,100,13,orjson,3.11.9,941,1502,168,2443,1062699.256111,665778.961385,409332.787556,5466,1.00,1,99d1c7fab316,138,134,dict,adapted,1814,6
python,stream,message,100,13,flatbuffers,25.12.19,26431,7343,104,33774,37834.361167,136184.120931,29608.574643,1162,1.00,1,99d1c7fab316,102,107,dataclass,adapted,1815,7
python,stream,message,100,13,avro,1.12.2,7920,4759,44,12679,126262.626263,210128.178189,78870.573389,1808,1.00,1,99d1c7fab316,64,53,dict,adapted,1816,8
python,stream,message,100,13,msgspec,0.21.1,1788,2057,80,3845,559284.116331,486144.871172,260078.023407,351,1.00,1,99d1c7fab316,97,89,struct,native,1817,9
python,stream,message,100,13,cloudpickle,3.1.2,11990,3693,202,15683,83402.835696,270782.561603,63763.310591,8946,1.00,1,99d1c7fab316,194,193,dataclass,native,1818,10
python,stream,message,100,13,pickle,python-3.14.0,3551,2665,202,6216,281610.813855,375234.521576,160875.160875,4969,1.00,1,99d1c7fab316,194,193,dataclass,native,1819,11
python,stream,message,100,13,msgspec-msgpack,0.21.1,1011,1281,52,2292,989119.683482,780640.124902,436300.174520,312,1.00,1,99d1c7fab316,72,61,struct,native,1820,12
python,stream,message,100,13,protobuf,7.35.1,1948,2013,50,3961,513347.022587,496770.988574,252461.499621,187,1.00,1,99d1c7fab316,71,59,message,adapted,1821,13
python,stream,message,100,13,mashumaro,3.22,1585,3066,168,4651,630914.826498,326157.860404,215007.525263,5466,1.00,1,99d1c7fab316,138,134,dataclass,adapted,1822,14
python,stream,message,100,13,serpyco-rs,1.21.0,1826,2180,168,4006,547645.125958,458715.596330,249625.561658,5466,1.00,1,99d1c7fab316,138,134,dataclass,adapted,1823,15
python,stream,message,100,14,pickle,python-3.14.0,3841,3173,202,7014,260348.867482,315159.155373,142571.998859,4969,1.00,1,99d1c7fab316,194,193,dataclass,native,1824,0
python,stream,message,100,14,msgpack,1.2.1,2159,2965,124,5124,463177.396943,337268.128162,195160.031226,521,1.00,1,99d1c7fab316,124,121,dict,native,1825,1
python,stream,message,100,14,cbor2,6.1.3,6256,3585,124,9841,159846.547315,278940.027894,101615.689462,908,1.00,1,99d1c7fab316,122,123,dict,adapted,1826,2
python,stream,message,100,14,orjson,3.11.9,1033,1244,168,2277,968054.211036,803858.520900,439174.352218,5466,1.00,1,99d1c7fab316,138,134,dict,adapted,1827,3
python,stream,message,100,14,rapidjson,1.23,3687,4169,168,7856,271223.216707,239865.675222,127291.242363,1492,1.00,1,99d1c7fab316,138,134,dict,adapted,1828,4
python,stream,message,100,14,pydantic,2.13.4,4854,9533,168,14387,206015.657190,104898.772684,69507.193995,2329,1.00,1,99d1c7fab316,138,134,model,adapted,1829,5
python,stream,message,100,14,avro,1.12.2,7797,4488,44,12285,128254.456842,222816.399287,81400.081400,1808,1.00,1,99d1c7fab316,64,53,dict,adapted,1830,6
python,stream,message,100,14,cloudpickle,3.1.2,10343,3454,202,13797,96683.747462,289519.397800,72479.524534,8946,1.00,1,99d1c7fab316,194,193,dataclass,native,1831,7
python,stream,message,100,14,serpyco-rs,1.21.0,1804,2019,168,3823,554323.725055,495294.700347,261574.679571,5466,1.00,1,99d1c7fab316,138,134,dataclass,adapted,1832,8
python,stream,message,100,14,dill,0.4.1,49029,7310,202,56339,20396.092109,136798.905609,17749.693818,10948,1.00,1,99d1c7fab316,194,193,dataclass,native,1833,9
python,stream,message,100,14,json,python-3.14.0,8269,5765,168,14034,120933.607450,173460.537728,71255.522303,2329,1.00,1,99d1c7fab316,138,134,dict,adapted,1834,10
python,stream,message,100,14,msgspec-msgpack,0.21.1,1554,1499,52,3053,643500.643501,667111.407605,327546.675401,312,1.00,1,99d1c7fab316,72,61,struct,native,1835,11
python,stream,message,100,14,msgspec,0.21.1,1446,1491,80,2937,691562.932227,670690.811536,340483.486551,351,1.00,1,99d1c7fab316,97,89,struct,native,1836,12
python,stream,message,100,14,protobuf,7.35.1,1991,1959,50,3950,502260.170768,510464.522716,253164.556962,187,1.00,1,99d1c7fab316,71,59,message,adapted,1837,13
python,stream,message,100,14,flatbuffers,25.12.19,27991,8087,104,36078,35725.768997,123655.249165,27717.722712,1162,1.00,1,99d1c7fab316,102,107,dataclass,adapted,1838,14
python,stream,message,100,14,mashumaro,3.22,1677,3688,168,5365,596302.921884,271149.674620,186393.289842,5466,1.00,1,99d1c7fab316,138,134,dataclass,adapted,1839,15
python,stream,message,100,15,protobuf,7.35.1,1087,1319,50,2406,919963.201472,758150.113723,415627.597672,187,1.00,1,99d1c7fab316,71,59,message,adapted,1840,0
python,stream,message,100,15,msgpack,1.2.1,2170,3268,124,5438,460829.493088,305997.552020,183891.136447,521,1.00,1,99d1c7fab316,124,121,dict,native,1841,1
python,stream,message,100,15,mashumaro,3.22,1281,2379,168,3660,780640.124902,420344.682640,273224.043716,5466,1.00,1,99d1c7fab316,138,134,dataclass,adapted,1842,2
python,stream,message,100,15,pickle,python-3.14.0,5884,4417,202,10301,169952.413324,226398.007698,97077.953597,4969,1.00,1,99d1c7fab316,194,193,dataclass,native,1843,3
python,stream,message,100,15,flatbuffers,25.12.19,22999,6355,104,29354,43480.151311,157356.412274,34066.907406,1162,1.00,1,99d1c7fab316,102,107,dataclass,adapted,1844,4
python,stream,message,100,15,rapidjson,1.23,3880,4287,168,8167,257731.958763,233263.354327,122443.981878,1492,1.00,1,99d1c7fab316,138,134,dict,adapted,1845,5
python,stream,message,100,15,cbor2,6.1.3,7295,3812,124,11107,137080.191912,262329.485834,90033.312326,908,1.00,1,99d1c7fab316,122,123,dict,adapted,1846,6
python,stream,message,100,15,avro,1.12.2,8681,5147,44,13828,115194.102062,194287.934719,72317.037894,1808,1.00,1,99d1c7fab316,64,53,dict,adapted,1847,7
python,stream,message,100,15,orjson,3.11.9,1402,1440,168,2842,713266.761769,694444.444444,351864.883885,5466,1.00,1,99d1c7fab316,138,134,dict,adapted,1848,8
python,stream,message,100,15,cloudpickle,3.1.2,12554,3511,202,16065,79655.886570,284819.139846,62247.121071,8946,1.00,1,99d1c7fab316,194,193,dataclass,native,1849,9
python,stream,message,100,15,serpyco-rs,1.21.0,1998,2314,168,4312,500500.500501,432152.117545,231910.946197,5466,1.00,1,99d1c7fab316,138,134,dataclass,adapted,1850,10
python,stream,message,100,15,pydantic,2.13.4,5721,10524,168,16245,174794.616326,95020.904599,61557.402278,2329,1.00,1,99d1c7fab316,138,134,model,adapted,1851,11
python,stream,message,100,15,json,python-3.14.0,7729,4013,168,11742,129382.843835,249190.132071,85164.367229,2329,1.00,1,99d1c7fab316,138,134,dict,adapted,1852,12
python,stream,message,100,15,msgspec,0.21.1,1925,2217,80,4142,519480.519481,451059.990979,241429.261226,351,1.00,1,99d1c7fab316,97,89,struct,native,1853,13
python,stream,message,100,15,dill,0.4.1,48019,7030,202,55049,20825.090069,142247.510669,18165.634253,10948,1.00,1,99d1c7fab316,194,193,dataclass,native,1854,14
python,stream,message,100,15,msgspec-msgpack,0.21.1,1195,1408,52,2603,836820.083682,710227.272727,384172.109105,312,1.00,1,99d1c7fab316,72,61,struct,native,1855,15
python,stream,message,100,16,msgspec,0.21.1,1237,1201,80,2438,808407.437348,832639.467111,410172.272354,351,1.00,1,99d1c7fab316,97,89,struct,native,1856,0
python,stream,message,100,16,pydantic,2.13.4,4682,8822,168,13504,213583.938488,113352.981183,74052.132701,2329,1.00,1,99d1c7fab316,138,134,model,adapted,1857,1
python,stream,message,100,16,avro,1.12.2,8163,4990,44,13153,122503.981379,200400.801603,76028.282521,1808,1.00,1,99d1c7fab316,64,53,dict,adapted,1858,2
python,stream,message,100,16,json,python-3.14.0,7376,4005,168,11381,135574.837310,249687.890137,87865.741148,2329,1.00,1,99d1c7fab316,138,134,dict,adapted,1859,3
python,stream,message,100,16,cbor2,6.1.3,7155,3663,124,10818,139762.403913,273000.273000,92438.528379,908,1.00,1,99d1c7fab316,122,123,dict,adapted,1860,4
python,stream,message,100,16,protobuf,7.35.1,1989,1798,50,3787,502765.208648,556173.526140,264061.262213,187,1.00,1,99d1c7fab316,71,59,message,adapted,1861,5
python,stream,message,100,16,flatbuffers,25.12.19,29680,7158,104,36838,33692.722372,139703.827885,27145.881970,1162,1.00,1,99d1c7fab316,102,107,dataclass,adapted,1862,6
python,stream,message,100,16,mashumaro,3.22,1836,3490,168,5326,544662.309368,286532.951289,187758.167480,5466,1.00,1,99d1c7fab316,138,134,dataclass,adapted,1863,7
python,stream,message,100,16,dill,0.4.1,47146,7564,202,54710,21210.707165,132205.182443,18278.194114,10948,1.00,1,99d1c7fab316,194,193,dataclass,native,1864,8
python,stream,message,100,16,pickle,python-3.14.0,4996,3256,202,8252,200160.128102,307125.307125,121182.743577,4969,1.00,1,99d1c7fab316,194,193,dataclass,native,1865,9
python,stream,message,100,16,serpyco-rs,1.21.0,2087,2404,168,4491,479156.684236,415973.377704,222667.557337,5466,1.00,1,99d1c7fab316,138,134,dataclass,adapted,1866,10
python,stream,message,100,16,msgspec-msgpack,0.21.1,1254,1604,52,2858,797448.165869,623441.396509,349895.031491,312,1.00,1,99d1c7fab316,72,61,struct,native,1867,11
python,stream,message,100,16,orjson,3.11.9,767,889,168,1656,1303780.964798,1124859.392576,603864.734300,5466,1.00,1,99d1c7fab316,138,134,dict,adapted,1868,12
python,stream,message,100,16,msgpack,1.2.1,2233,3211,124,5444,447828.034035,311429.461227,183688.464364,521,1.00,1,99d1c7fab316,124,121,dict,native,1869,13
python,stream,message,100,16,rapidjson,1.23,3707,4510,168,8217,269759.913677,221729.490022,121698.916880,1492,1.00,1,99d1c7fab316,138,134,dict,adapted,1870,14
python,stream,message,100,16,cloudpickle,3.1.2,11553,3145,202,14698,86557.604086,317965.023847,68036.467547,8946,1.00,1,99d1c7fab316,194,193,dataclass,native,1871,15
python,stream,message,100,17,orjson,3.11.9,751,1082,168,1833,1331557.922770,924214.417745,545553.737043,5466,1.00,1,99d1c7fab316,138,134,dict,adapted,1872,0
python,stream,message,100,17,rapidjson,1.23,2490,2586,168,5076,401606.425703,386697.602475,197005.516154,1492,1.00,1,99d1c7fab316,138,134,dict,adapted,1873,1
python,stream,message,100,17,flatbuffers,25.12.19,24618,6727,104,31345,40620.684052,148654.675190,31903.014835,1162,1.00,1,99d1c7fab316,102,107,dataclass,adapted,1874,2
python,stream,message,100,17,pickle,python-3.14.0,3983,3647,202,7630,251067.034898,274197.970935,131061.598952,4969,1.00,1,99d1c7fab316,194,193,dataclass,native,1875,3
python,stream,message,100,17,avro,1.12.2,7906,5173,44,13079,126486.213003,193311.424705,76458.444835,1808,1.00,1,99d1c7fab316,64,53,dict,adapted,1876,4
python,stream,message,100,17,serpyco-rs,1.21.0,1761,2249,168,4010,567859.170926,444642.063139,249376.558603,5466,1.00,1,99d1c7fab316,138,134,dataclass,adapted,1877,5
python,stream,message,100,17,msgpack,1.2.1,1730,2666,124,4396,578034.682081,375093.773443,227479.526843,521,1.00,1,99d1c7fab316,124,121,dict,native,1878,6
python,stream,message,100,17,pydantic,2.13.4,5388,10240,168,15628,185597.624350,97656.250000,63987.714359,2329,1.00,1,99d1c7fab316,138,134,model,adapted,1879,7
python,stream,message,100,17,cbor2,6.1.3,7861,3950,124,11811,127210.278591,253164.556962,84666.836000,908,1.00,1,99d1c7fab316,122,123,dict,adapted,1880,8
python,stream,message,100,17,cloudpickle,3.1.2,11342,4030,202,15372,88167.871628,248138.957816,65053.343742,8946,1.00,1,99d1c7fab316,194,193,dataclass,native,1881,9
python,stream,message,100,17,dill,0.4.1,49911,7103,202,57014,20035.663481,140785.583556,17539.551689,10948,1.00,1,99d1c7fab316,194,193,dataclass,native,1882,10
python,stream,message,100,17,json,python-3.14.0,8733,5415,168,14148,114508.187335,184672.206833,70681.368391,2329,1.00,1,99d1c7fab316,138,134,dict,adapted,1883,11
python,stream,message,100,17,msgspec-msgpack,0.21.1,1432,1564,52,2996,698324.022346,639386.189258,333778.371162,312,1.00,1,99d1c7fab316,72,61,struct,native,1884,12
python,stream,message,100,17,mashumaro,3.22,1862,3622,168,5484,537056.928034,276090.557703,182348.650620,5466,1.00,1,99d1c7fab316,138,134,dataclass,adapted,1885,13
python,stream,message,100,17,msgspec,0.21.1,1710,1811,80,3521,584795.321637,552181.115406,284010.224368,351,1.00,1,99d1c7fab316,97,89,struct,native,1886,14
python,stream,message,100,17,protobuf,7.35.1,2012,1952,50,3964,497017.892644,512295.081967,252270.433905,187,1.00,1,99d1c7fab316,71,59,message,adapted,1887,15
python,stream,message,100,18,avro,1.12.2,7803,4968,44,12771,128155.837498,201288.244767,78302.403884,1808,1.00,1,99d1c7fab316,64,53,dict,adapted,1888,0
python,stream,message,100,18,pickle,python-3.14.0,4677,3706,202,8383,213812.272824,269832.703724,119289.037337,4969,1.00,1,99d1c7fab316,194,193,dataclass,native,1889,1
python,stream,message,100,18,rapidjson,1.23,3829,4255,168,8084,261164.794986,235017.626322,123701.138050,1492,1.00,1,99d1c7fab316,138,134,dict,adapted,1890,2
python,stream,message,100,18,msgpack,1.2.1,1739,2992,124,4731,575043.128235,334224.598930,211371.803001,521,1.00,1,99d1c7fab316,124,121,dict,native,1891,3
python,stream,message,100,18,mashumaro,3.22,2037,3001,168,5038,490918.016691,333222.259247,198491.464867,5466,1.00,1,99d1c7fab316,138,134,dataclass,adapted,1892,4
python,stream,message,100,18,dill,0.4.1,49748,7979,202,57727,20101.310605,125328.988595,17322.916486,10948,1.00,1,99d1c7fab316,194,193,dataclass,native,1893,5
python,stream,message,100,18,flatbuffers,25.12.19,30734,8361,104,39095,32537.255157,119602.918311,25578.718506,1162,1.00,1,99d1c7fab316,102,107,dataclass,adapted,1894,6
python,stream,message,100,18,msgspec-msgpack,0.21.1,1199,1607,52,2806,834028.356964,622277.535781,356379.187455,312,1.00,1,99d1c7fab316,72,61,struct,native,1895,7
python,stream,message,100,18,orjson,3.11.9,957,1473,168,2430,1044932.079415,678886.625933,411522.633745,5466,1.00,1,99d1c7fab316,138,134,dict,adapted,1896,8
python,stream,message,100,18,serpyco-rs,1.21.0,1843,2049,168,3892,542593.597396,488042.947779,256937.307297,5466,1.00,1,99d1c7fab316,138,134,dataclass,adapted,1897,9
python,stream,message,100,18,pydantic,2.13.4,5595,9907,168,15502,178731.009830,100938.730191,64507.805444,2329,1.00,1,99d1c7fab316,138,134,model,adapted,1898,10
python,stream,message,100,18,cbor2,6.1.3,7778,3869,124,11647,128567.755207,258464.719566,85859.019490,908,1.00,1,99d1c7fab316,122,123,dict,adapted,1899,11
python,stream,message,100,18,cloudpickle,3.1.2,11813,3784,202,15597,84652.501481,264270.613108,64114.893890,8946,1.00,1,99d1c7fab316,194,193,dataclass,native,1900,12
python,stream,message,100,18,protobuf,7.35.1,1917,1986,50,3903,521648.408972,503524.672709,256213.169357,187,1.00,1,99d1c7fab316,71,59,message,adapted,1901,13
python,stream,message,100,18,msgspec,0.21.1,1679,1908,80,3587,595592.614652,524109.014675,278784.499582,351,1.00,1,99d1c7fab316,97,89,struct,native,1902,14
python,stream,message,100,18,json,python-3.14.0,8323,5086,168,13409,120148.984741,196618.167519,74576.776792,2329,1.00,1,99d1c7fab316,138,134,dict,adapted,1903,15
python,stream,message,100,19,pickle,python-3.14.0,4426,3678,202,8104,225937.641211,271886.895052,123395.853899,4969,1.00,1,99d1c7fab316,194,193,dataclass,native,1904,0
python,stream,message,100,19,cbor2,6.1.3,5571,3063,124,8634,179500.987255,326477.309827,115821.172110,908,1.00,1,99d1c7fab316,122,123,dict,adapted,1905,1
python,stream,message,100,19,rapidjson,1.23,3524,3864,168,7388,283768.444949,258799.171843,135354.629128,1492,1.00,1,99d1c7fab316,138,134,dict,adapted,1906,2
python,stream,message,100,19,msgpack,1.2.1,1803,2842,124,4645,554631.170272,351864.883885,215285.252960,521,1.00,1,99d1c7fab316,124,121,dict,native,1907,3
python,stream,message,100,19,msgspec-msgpack,0.21.1,999,1432,52,2431,1001001.001001,698324.022346,411353.352530,312,1.00,1,99d1c7fab316,72,61,struct,native,1908,4
python,stream,message,100,19,cloudpickle,3.1.2,9303,3275,202,12578,107492.206815,305343.511450,79503.895691,8946,1.00,1,99d1c7fab316,194,193,dataclass,native,1909,5
python,stream,message,100,19,flatbuffers,25.12.19,27440,7838,104,35278,36443.148688,127583.567237,28346.278134,1162,1.00,1,99d1c7fab316,102,107,dataclass,adapted,1910,6
python,stream,message,100,19,protobuf,7.35.1,1461,1747,50,3208,684462.696783,572409.845449,311720.698254,187,1.00,1,99d1c7fab316,71,59,message,adapted,1911,7
python,stream,message,100,19,json,python-3.14.0,7649,5577,168,13226,130736.043927,179307.871616,75608.649630,2329,1.00,1,99d1c7fab316,138,134,dict,adapted,1912,8
python,stream,message,100,19,pydantic,2.13.4,5471,7643,168,13114,182781.941144,130838.675913,76254.384627,2329,1.00,1,99d1c7fab316,138,134,model,adapted,1913,9
python,stream,message,100,19,avro,1.12.2,8398,5029,44,13427,119075.970469,198846.689203,74476.800477,1808,1.00,1,99d1c7fab316,64,53,dict,adapted,1914,10
python,stream,message,100,19,orjson,3.11.9,1230,2003,168,3233,813008.130081,499251.123315,309310.238169,5466,1.00,1,99d1c7fab316,138,134,dict,adapted,1915,11
python,stream,message,100,19,dill,0.4.1,53153,9207,202,62360,18813.613531,108613.011839,16035.920462,10948,1.00,1,99d1c7fab316,194,193,dataclass,native,1916,12
python,stream,message,100,19,serpyco-rs,1.21.0,2309,2587,168,4896,433087.916847,386548.125242,204248.366013,5466,1.00,1,99d1c7fab316,138,134,dataclass,adapted,1917,13
python,stream,message,100,19,msgspec,0.21.1,1838,1889,80,3727,544069.640914,529380.624669,268312.315535,351,1.00,1,99d1c7fab316,97,89,struct,native,1918,14
python,stream,message,100,19,mashumaro,3.22,1605,2958,168,4563,623052.959502,338066.260987,219154.065308,5466,1.00,1,99d1c7fab316,138,134,dataclass,adapted,1919,15
python,stream,message,100,20,pydantic,2.13.4,4484,9006,168,13490,223015.165031,111037.086387,74128.984433,2329,1.00,1,99d1c7fab316,138,134,model,adapted,1920,0
python,stream,message,100,20,pickle,python-3.14.0,5702,4866,202,10568,175377.060680,205507.603781,94625.283876,4969,1.00,1,99d1c7fab316,194,193,dataclass,native,1921,1
python,stream,message,100,20,protobuf,7.35.1,1695,1903,50,3598,589970.501475,525486.074619,277932.184547,187,1.00,1,99d1c7fab316,71,59,message,adapted,1922,2
python,stream,message,100,20,msgspec-msgpack,0.21.1,1279,1495,52,2774,781860.828772,668896.321070,360490.266763,312,1.00,1,99d1c7fab316,72,61,struct,native,1923,3
python,stream,message,100,20,orjson,3.11.9,900,1403,168,2303,1111111.111111,712758.374911,434216.239687,5466,1.00,1,99d1c7fab316,138,134,dict,adapted,1924,4
python,stream,message,100,20,msgspec,0.21.1,1322,1316,80,2638,756429.652042,759878.419453,379075.056861,351,1.00,1,99d1c7fab316,97,89,struct,native,1925,5
python,stream,message,100,20,avro,1.12.2,7681,4786,44,12467,130191.381331,208942.749687,80211.759044,1808,1.00,1,99d1c7fab316,64,53,dict,adapted,1926,6
python,stream,message,100,20,mashumaro,3.22,1302,2606,168,3908,768049.155146,383729.854183,255885.363357,5466,1.00,1,99d1c7fab316,138,134,dataclass,adapted,1927,7
python,stream,message,100,20,serpyco-rs,1.21.0,1435,1845,168,3280,696864.111498,542005.420054,304878.048780,5466,1.00,1,99d1c7fab316,138,134,dataclass,adapted,1928,8
python,stream,message,100,20,cloudpickle,3.1.2,12983,4337,202,17320,77023.800354,230574.129583,57736.720554,8946,1.00,1,99d1c7fab316,194,193,dataclass,native,1929,9
python,stream,message,100,20,cbor2,6.1.3,7128,3892,124,11020,140291.806958,256937.307297,90744.101633,908,1.00,1,99d1c7fab316,122,123,dict,adapted,1930,10
python,stream,message,100,20,flatbuffers,25.12.19,29829,8159,104,37988,33524.422542,122564.039711,26324.102348,1162,1.00,1,99d1c7fab316,102,107,dataclass,adapted,1931,11
python,stream,message,100,20,msgpack,1.2.1,2150,3486,124,5636,465116.279070,286861.732645,177430.801987,521,1.00,1,99d1c7fab316,124,121,dict,native,1932,12
python,stream,message,100,20,dill,0.4.1,50814,7586,202,58400,19679.615854,131821.776958,17123.287671,10948,1.00,1,99d1c7fab316,194,193,dataclass,native,1933,13
python,stream,message,100,20,rapidjson,1.23,4441,4812,168,9253,225174.510245,207813.798836,108073.057387,1492,1.00,1,99d1c7fab316,138,134,dict,adapted,1934,14
python,stream,message,100,20,json,python-3.14.0,7743,5404,168,13147,129148.908692,185048.112509,76062.980148,2329,1.00,1,99d1c7fab316,138,134,dict,adapted,1935,15
python,stream,message,100,21,cbor2,6.1.3,5959,3570,124,9529,167813.391509,280112.044818,104942.806171,908,1.00,1,99d1c7fab316,122,123,dict,adapted,1936,0
python,stream,message,100,21,avro,1.12.2,8328,4814,44,13142,120076.849183,207727.461570,76091.919038,1808,1.00,1,99d1c7fab316,64,53,dict,adapted,1937,1
python,stream,message,100,21,msgpack,1.2.1,1972,3197,124,5169,507099.391481,312793.243666,193461.017605,521,1.00,1,99d1c7fab316,124,121,dict,native,1938,2
python,stream,message,100,21,cloudpickle,3.1.2,13070,3995,202,17065,76511.094109,250312.891114,58599.472605,8946,1.00,1,99d1c7fab316,194,193,dataclass,native,1939,3
python,stream,message,100,21,msgspec,0.21.1,1793,1949,80,3742,557724.484105,513083.632632,267236.771780,351,1.00,1,99d1c7fab316,97,89,struct,native,1940,4
python,stream,message,100,21,orjson,3.11.9,1106,1695,168,2801,904159.132007,589970.501475,357015.351660,5466,1.00,1,99d1c7fab316,138,134,dict,adapted,1941,5
python,stream,message,100,21,rapidjson,1.23,3276,3652,168,6928,305250.305250,273822.562979,144341.801386,1492,1.00,1,99d1c7fab316,138,134,dict,adapted,1942,6
python,stream,message,100,21,json,python-3.14.0,6140,4627,168,10767,162866.449511,216122.757726,92876.381536,2329,1.00,1,99d1c7fab316,138,134,dict,adapted,1943,7
python,stream,message,100,21,flatbuffers,25.12.19,27989,7600,104,35589,35728.321841,131578.947368,28098.569783,1162,1.00,1,99d1c7fab316,102,107,dataclass,adapted,1944,8
python,stream,message,100,21,pickle,python-3.14.0,4586,3646,202,8232,218054.949847,274273.176083,121477.162293,4969,1.00,1,99d1c7fab316,194,193,dataclass,native,1945,9
python,stream,message,100,21,mashumaro,3.22,1454,2886,168,4340,687757.909216,346500.346500,230414.746544,5466,1.00,1,99d1c7fab316,138,134,dataclass,adapted,1946,10
python,stream,message,100,21,pydantic,2.13.4,5449,8713,168,14162,183519.911910,114771.031792,70611.495551,2329,1.00,1,99d1c7fab316,138,134,model,adapted,1947,11
python,stream,message,100,21,msgspec-msgpack,0.21.1,1287,1571,52,2858,777000.777001,636537.237428,349895.031491,312,1.00,1,99d1c7fab316,72,61,struct,native,1948,12
python,stream,message,100,21,serpyco-rs,1.21.0,1966,2186,168,4152,508646.998983,457456.541629,240847.784200,5466,1.00,1,99d1c7fab316,138,134,dataclass,adapted,1949,13
python,stream,message,100,21,protobuf,7.35.1,1857,1917,50,3774,538502.961766,521648.408972,264970.853206,187,1.00,1,99d1c7fab316,71,59,message,adapted,1950,14
python,stream,message,100,21,dill,0.4.1,50528,7876,202,58404,19791.006966,126968.004063,17122.114924,10948,1.00,1,99d1c7fab316,194,193,dataclass,native,1951,15
python,stream,message,100,22,msgspec-msgpack,0.21.1,1012,1229,52,2241,988142.292490,813669.650122,446229.361892,312,1.00,1,99d1c7fab316,72,61,struct,native,1952,0
python,stream,message,100,22,cloudpickle,3.1.2,11182,3552,202,14734,89429.440172,281531.531532,67870.232116,8946,1.00,1,99d1c7fab316,194,193,dataclass,native,1953,1
python,stream,message,100,22,avro,1.12.2,7897,4772,44,12669,126630.365962,209555.741827,78932.828163,1808,1.00,1,99d1c7fab316,64,53,dict,adapted,1954,2
python,stream,message,100,22,dill,0.4.1,42597,6245,202,48842,23475.831631,160128.102482,20474.182056,10948,1.00,1,99d1c7fab316,194,193,dataclass,native,1955,3
python,stream,message,100,22,protobuf,7.35.1,1427,1677,50,3104,700770.847933,596302.921884,322164.948454,187,1.00,1,99d1c7fab316,71,59,message,adapted,1956,4
python,stream,message,100,22,serpyco-rs,1.21.0,2030,2550,168,4580,492610.837438,392156.862745,218340.611354,5466,1.00,1,99d1c7fab316,138,134,dataclass,adapted,1957,5
python,stream,message,100,22,json,python-3.14.0,8020,5905,168,13925,124688.279302,169348.010161,71813.285458,2329,1.00,1,99d1c7fab316,138,134,dict,adapted,1958,6
python,stream,message,100,22,msgspec,0.21.1,1701,1854,80,3555,587889.476778,539374.325782,281293.952180,351,1.00,1,99d1c7fab316,97,89,struct,native,1959,7
python,stream,message,100,22,orjson,3.11.9,873,1256,168,2129,1145475.372279,796178.343949,469704.086426,5466,1.00,1,99d1c7fab316,138,134,dict,adapted,1960,8
python,stream,message,100,22,flatbuffers,25.12.19,29387,8119,104,37506,34028.652125,123167.877817,26662.400683,1162,1.00,1,99d1c7fab316,102,107,dataclass,adapted,1961,9
python,stream,message,100,22,pickle,python-3.14.0,5643,4103,202,9746,177210.703526,243724.104314,102606.197414,4969,1.00,1,99d1c7fab316,194,193,dataclass,native,1962,10
python,stream,message,100,22,mashumaro,3.22,1540,3147,168,4687,649350.649351,317762.948840,213356.091316,5466,1.00,1,99d1c7fab316,138,134,dataclass,adapted,1963,11
python,stream,message,100,22,msgpack,1.2.1,2145,3424,124,5569,466200.466200,292056.074766,179565.451607,521,1.00,1,99d1c7fab316,124,121,dict,native,1964,12
python,stream,message,100,22,rapidjson,1.23,3965,4513,168,8478,252206.809584,221582.096167,117952.347252,1492,1.00,1,99d1c7fab316,138,134,dict,adapted,1965,13
python,stream,message,100,22,cbor2,6.1.3,7648,3842,124,11490,130753.138075,260281.103592,87032.201915,908,1.00,1,99d1c7fab316,122,123,dict,adapted,1966,14
python,stream,message,100,22,pydantic,2.13.4,5772,10495,168,16267,173250.173250,95283.468318,61474.150120,2329,1.00,1,99d1c7fab316,138,134,model,adapted,1967,15
python,stream,message,100,23,rapidjson,1.23,2928,4121,168,7049,341530.054645,242659.548653,141864.094198,1492,1.00,1,99d1c7fab316,138,134,dict,adapted,1968,0
python,stream,message,100,23,mashumaro,3.22,1335,2606,168,3941,749063.670412,383729.854183,253742.704897,5466,1.00,1,99d1c7fab316,138,134,dataclass,adapted,1969,1
python,stream,message,100,23,cbor2,6.1.3,4921,2735,124,7656,203210.729527,365630.712980,130616.509927,908,1.00,1,99d1c7fab316,122,123,dict,adapted,1970,2
python,stream,message,100,23,flatbuffers,25.12.19,26585,7247,104,33832,37615.196539,137988.133021,29557.815086,1162,1.00,1,99d1c7fab316,102,107,dataclass,adapted,1971,3
python,stream,message,100,23,pydantic,2.13.4,3975,12853,168,16828,251572.327044,77802.847584,59424.768243,2329,1.00,1,99d1c7fab316,138,134,model,adapted,1972,4
python,stream,message,100,23,cloudpickle,3.1.2,13748,4543,202,18291,72737.852779,220118.864187,54671.696463,8946,1.00,1,99d1c7fab316,194,193,dataclass,native,1973,5
python,stream,message,100,23,msgspec,0.21.1,1814,2026,80,3840,551267.916207,493583.415597,260416.666667,351,1.00,1,99d1c7fab316,97,89,struct,native,1974,6
python,stream,message,100,23,json,python-3.14.0,8003,4758,168,12761,124953.142572,210172.341320,78363.764595,2329,1.00,1,99d1c7fab316,138,134,dict,adapted,1975,7
python,stream,message,100,23,pickle,python-3.14.0,3949,3186,202,7135,253228.665485,313873.195229,140154.169587,4969,1.00,1,99d1c7fab316,194,193,dataclass,native,1976,8
python,stream,message,100,23,avro,1.12.2,8764,5412,44,14176,114103.149247,184774.575018,70541.760722,1808,1.00,1,99d1c7fab316,64,53,dict,adapted,1977,9
python,stream,message,100,23,serpyco-rs,1.21.0,2137,2534,168,4671,467945.718297,394632.991318,214086.919289,5466,1.00,1,99d1c7fab316,138,134,dataclass,adapted,1978,10
python,stream,message,100,23,protobuf,7.35.1,1659,1824,50,3483,602772.754671,548245.614035,287108.814241,187,1.00,1,99d1c7fab316,71,59,message,adapted,1979,11
python,stream,message,100,23,dill,0.4.1,53465,6926,202,60391,18703.824932,144383.482530,16558.758755,10948,1.00,1,99d1c7fab316,194,193,dataclass,native,1980,12
python,stream,message,100,23,orjson,3.11.9,1088,1231,168,2319,919117.647059,812347.684809,431220.353601,5466,1.00,1,99d1c7fab316,138,134,dict,adapted,1981,13
python,stream,message,100,23,msgpack,1.2.1,2003,3266,124,5269,499251.123315,306184.935701,189789.333839,521,1.00,1,99d1c7fab316,124,121,dict,native,1982,14
python,stream,message,100,23,msgspec-msgpack,0.21.1,1254,1505,52,2759,797448.165869,664451.827243,362450.163103,312,1.00,1,99d1c7fab316,72,61,struct,native,1983,15
python,stream,message,100,24,msgspec-msgpack,0.21.1,927,975,52,1902,1078748.651564,1025641.025641,525762.355415,312,1.00,1,99d1c7fab316,72,61,struct,native,1984,0
python,stream,message,100,24,flatbuffers,25.12.19,25596,7245,104,32841,39068.604469,138026.224983,30449.742700,1162,1.00,1,99d1c7fab316,102,107,dataclass,adapted,1985,1
python,stream,message,100,24,msgpack,1.2.1,1299,2393,124,3692,769822.940724,417885.499373,270855.904659,521,1.00,1,99d1c7fab316,124,121,dict,native,1986,2
python,stream,message,100,24,cbor2,6.1.3,6704,3370,124,10074,149164.677804,296735.905045,99265.435775,908,1.00,1,99d1c7fab316,122,123,dict,adapted,1987,3
python,stream,message,100,24,protobuf,7.35.1,1410,1648,50,3058,709219.858156,606796.116505,327011.118378,187,1.00,1,99d1c7fab316,71,59,message,adapted,1988,4
python,stream,message,100,24,mashumaro,3.22,1676,2928,168,4604,596658.711217,341530.054645,217202.432667,5466,1.00,1,99d1c7fab316,138,134,dataclass,adapted,1989,5
python,stream,message,100,24,pickle,python-3.14.0,5111,3858,202,8969,195656.427314,259201.658891,111495.149961,4969,1.00,1,99d1c7fab316,194,193,dataclass,native,1990,6
python,stream,message,100,24,orjson,3.11.9,652,937,168,1589,1533742.331288,1067235.859125,629326.620516,5466,1.00,1,99d1c7fab316,138,134,dict,adapted,1991,7
python,stream,message,100,24,rapidjson,1.23,3942,4100,168,8042,253678.335870,243902.439024,124347.177319,1492,1.00,1,99d1c7fab316,138,134,dict,adapted,1992,8
python,stream,message,100,24,avro,1.12.2,7951,5010,44,12961,125770.343353,199600.798403,77154.540545,1808,1.00,1,99d1c7fab316,64,53,dict,adapted,1993,9
python,stream,message,100,24,msgspec,0.21.1,1570,1949,80,3519,636942.675159,513083.632632,284171.639670,351,1.00,1,99d1c7fab316,97,89,struct,native,1994,10
python,stream,message,100,24,json,python-3.14.0,7762,5382,168,13144,128832.775058,185804.533631,76080.340840,2329,1.00,1,99d1c7fab316,138,134,dict,adapted,1995,11
python,stream,message,100,24,pydantic,2.13.4,5003,7238,168,12241,199880.071957,138159.712628,81692.672167,2329,1.00,1,99d1c7fab316,138,134,model,adapted,1996,12
python,stream,message,100,24,dill,0.4.1,50058,7586,202,57644,19976.826881,131821.776958,17347.859274,10948,1.00,1,99d1c7fab316,194,193,dataclass,native,1997,13
python,stream,message,100,24,cloudpickle,3.1.2,12052,3173,202,15225,82973.780285,315159.155373,65681.444992,8946,1.00,1,99d1c7fab316,194,193,dataclass,native,1998,14
python,stream,message,100,24,serpyco-rs,1.21.0,2185,2745,168,4930,457665.903890,364298.724954,202839.756592,5466,1.00,1,99d1c7fab316,138,134,dataclass,adapted,1999,15
python,stream,message,100,25,msgpack,1.2.1,2095,3189,124,5284,477326.968974,313577.924114,189250.567752,521,1.00,1,99d1c7fab316,124,121,dict,native,2000,0
python,stream,message,100,25,rapidjson,1.23,3950,4460,168,8410,253164.556962,224215.246637,118906.064209,1492,1.00,1,99d1c7fab316,138,134,dict,adapted,2001,1
python,stream,message,100,25,msgspec-msgpack,0.21.1,1355,1549,52,2904,738007.380074,645577.792124,344352.617080,312,1.00,1,99d1c7fab316,72,61,struct,native,2002,2
python,stream,message,100,25,serpyco-rs,1.21.0,1497,1945,168,3442,668002.672011,514138.817481,290528.762347,5466,1.00,1,99d1c7fab316,138,134,dataclass,adapted,2003,3
python,stream,message,100,25,msgspec,0.21.1,1371,1591,80,2962,729394.602480,628535.512256,337609.723160,351,1.00,1,99d1c7fab316,97,89,struct,native,2004,4
python,stream,message,100,25,cloudpickle,3.1.2,9783,3589,202,13372,102218.133497,278629.144609,74783.128926,8946,1.00,1,99d1c7fab316,194,193,dataclass,native,2005,5
python,stream,message,100,25,mashumaro,3.22,1655,2981,168,4636,604229.607251,335457.900034,215703.192407,5466,1.00,1,99d1c7fab316,138,134,dataclass,adapted,2006,6
python,stream,message,100,25,pydantic,2.13.4,4779,10098,168,14877,209248.796819,99029.510794,67217.853062,2329,1.00,1,99d1c7fab316,138,134,model,adapted,2007,7
python,stream,message,100,25,avro,1.12.2,8386,5097,44,13483,119246.362986,196193.839513,74167.470148,1808,1.00,1,99d1c7fab316,64,53,dict,adapted,2008,8
python,stream,message,100,25,dill,0.4.1,54471,6690,202,61161,18358.392539,149476.831091,16350.288583,10948,1.00,1,99d1c7fab316,194,193,dataclass,native,2009,9
python,stream,message,100,25,protobuf,7.35.1,2174,2071,50,4245,459981.600736,482858.522453,235571.260306,187,1.00,1,99d1c7fab316,71,59,message,adapted,2010,10
python,stream,message,100,25,orjson,3.11.9,1201,1708,168,2909,832639.467111,585480.093677,343760.742523,5466,1.00,1,99d1c7fab316,138,134,dict,adapted,2011,11
python,stream,message,100,25,json,python-3.14.0,9766,5860,168,15626,102396.067991,170648.464164,63995.904262,2329,1.00,1,99d1c7fab316,138,134,dict,adapted,2012,12
python,stream,message,100,25,cbor2,6.1.3,7507,4141,124,11648,133209.004929,241487.563390,85851.648352,908,1.00,1,99d1c7fab316,122,123,dict,adapted,2013,13
python,stream,message,100,25,pickle,python-3.14.0,5453,4297,202,9750,183385.292500,232720.502676,102564.102564,4969,1.00,1,99d1c7fab316,194,193,dataclass,native,2014,14
python,stream,message,100,25,flatbuffers,25.12.19,31757,8516,104,40273,31489.120509,117426.021606,24830.531622,1162,1.00,1,99d1c7fab316,102,107,dataclass,adapted,2015,15
python,stream,message,100,26,protobuf,7.35.1,1438,1579,50,3017,695410.292072,633312.222926,331455.087836,187,1.00,1,99d1c7fab316,71,59,message,adapted,2016,0
python,stream,message,100,26,pydantic,2.13.4,4944,9564,168,14508,202265.372168,104558.762024,68927.488282,2329,1.00,1,99d1c7fab316,138,134,model,adapted,2017,1
python,stream,message,100,26,mashumaro,3.22,1789,3329,168,5118,558971.492454,300390.507660,195388.823759,5466,1.00,1,99d1c7fab316,138,134,dataclass,adapted,2018,2
python,stream,message,100,26,msgspec,0.21.1,1801,1981,80,3782,555247.084953,504795.557799,264410.364886,351,1.00,1,99d1c7fab316,97,89,struct,native,2019,3
python,stream,message,100,26,flatbuffers,25.12.19,25670,7599,104,33269,38955.979743,131596.262666,30058.011963,1162,1.00,1,99d1c7fab316,102,107,dataclass,adapted,2020,4
python,stream,message,100,26,pickle,python-3.14.0,4537,4017,202,8554,220409.962530,248941.996515,116904.372224,4969,1.00,1,99d1c7fab316,194,193,dataclass,native,2021,5
python,stream,message,100,26,msgspec-msgpack,0.21.1,1116,1378,52,2494,896057.347670,725689.404935,400962.309543,312,1.00,1,99d1c7fab316,72,61,struct,native,2022,6
python,stream,message,100,26,msgpack,1.2.1,2208,3562,124,5770,452898.550725,280741.156654,173310.225303,521,1.00,1,99d1c7fab316,124,121,dict,native,2023,7
python,stream,message,100,26,orjson,3.11.9,889,1315,168,2204,1124859.392576,760456.273764,453720.508167,5466,1.00,1,99d1c7fab316,138,134,dict,adapted,2024,8
python,stream,message,100,26,rapidjson,1.23,4108,4313,168,8421,243427.458617,231857.175980,118750.742192,1492,1.00,1,99d1c7fab316,138,134,dict,adapted,2025,9
python,stream,message,100,26,serpyco-rs,1.21.0,1727,2113,168,3840,579038.795599,473260.766682,260416.666667,5466,1.00,1,99d1c7fab316,138,134,dataclass,adapted,2026,10
python,stream,message,100,26,cloudpickle,3.1.2,11474,3380,202,14854,87153.564581,295857.988166,67321.933486,8946,1.00,1,99d1c7fab316,194,193,dataclass,native,2027,11
python,stream,message,100,26,avro,1.12.2,13984,5149,44,19133,71510.297483,194212.468440,52265.718915,1808,1.00,1,99d1c7fab316,64,53,dict,adapted,2028,12
python,stream,message,100,26,json,python-3.14.0,8489,5449,168,13938,117799.505242,183519.911910,71746.305065,2329,1.00,1,99d1c7fab316,138,134,dict,adapted,2029,13
python,stream,message,100,26,cbor2,6.1.3,7010,3598,124,10608,142653.352354,277932.184547,94268.476621,908,1.00,1,99d1c7fab316,122,123,dict,adapted,2030,14
python,stream,message,100,26,dill,0.4.1,50734,7493,202,58227,19710.647692,133457.894034,17174.163189,10948,1.00,1,99d1c7fab316,194,193,dataclass,native,2031,15
python,stream,message,100,27,msgpack,1.2.1,1818,3229,124,5047,550055.005501,309693.403531,198137.507430,521,1.00,1,99d1c7fab316,124,121,dict,native,2032,0
python,stream,message,100,27,mashumaro,3.22,1692,3213,168,4905,591016.548463,311235.605353,203873.598369,5466,1.00,1,99d1c7fab316,138,134,dataclass,adapted,2033,1
python,stream,message,100,27,rapidjson,1.23,3705,3947,168,7652,269905.533063,253356.979985,130684.788291,1492,1.00,1,99d1c7fab316,138,134,dict,adapted,2034,2
python,stream,message,100,27,pydantic,2.13.4,4946,9116,168,14062,202183.582693,109697.235630,71113.639596,2329,1.00,1,99d1c7fab316,138,134,model,adapted,2035,3
python,stream,message,100,27,orjson,3.11.9,906,1338,168,2244,1103752.759382,747384.155456,445632.798574,5466,1.00,1,99d1c7fab316,138,134,dict,adapted,2036,4
python,stream,message,100,27,flatbuffers,25.12.19,28645,7741,104,36386,34910.106476,129182.276192,27483.097895,1162,1.00,1,99d1c7fab316,102,107,dataclass,adapted,2037,5
python,stream,message,100,27,cloudpickle,3.1.2,11628,3926,202,15554,85999.312006,254712.175242,64292.143500,8946,1.00,1,99d1c7fab316,194,193,dataclass,native,2038,6
python,stream,message,100,27,cbor2,6.1.3,6637,3654,124,10291,150670.483652,273672.687466,97172.286464,908,1.00,1,99d1c7fab316,122,123,dict,adapted,2039,7
python,stream,message,100,27,pickle,python-3.14.0,4016,3116,202,7132,249003.984064,320924.261874,140213.123948,4969,1.00,1,99d1c7fab316,194,193,dataclass,native,2040,8
python,stream,message,100,27,json,python-3.14.0,7704,5107,168,12811,129802.699896,195809.672998,78057.918976,2329,1.00,1,99d1c7fab316,138,134,dict,adapted,2041,9
python,stream,message,100,27,serpyco-rs,1.21.0,1774,2484,168,4258,563697.857948,402576.489533,234852.043213,5466,1.00,1,99d1c7fab316,138,134,dataclass,adapted,2042,10
python,stream,message,100,27,avro,1.12.2,8195,4871,44,13066,122025.625381,205296.653665,76534.517067,1808,1.00,1,99d1c7fab316,64,53,dict,adapted,2043,11
python,stream,message,100,27,protobuf,7.35.1,1809,1772,50,3581,552791.597568,564334.085779,279251.605697,187,1.00,1,99d1c7fab316,71,59,message,adapted,2044,12
python,stream,message,100,27,msgspec-msgpack,0.21.1,1317,1789,52,3106,759301.442673,558971.492454,321957.501610,312,1.00,1,99d1c7fab316,72,61,struct,native,2045,13
python,stream,message,100,27,dill,0.4.1,49698,7377,202,57075,20121.534066,135556.459265,17520.805957,10948,1.00,1,99d1c7fab316,194,193,dataclass,native,2046,14
python,stream,message,100,27,msgspec,0.21.1,1760,1910,80,3670,568181.818182,523560.209424,272479.564033,351,1.00,1,99d1c7fab316,97,89,struct,native,2047,15
python,stream,message,100,28,protobuf,7.35.1,1608,1605,50,3213,621890.547264,623052.959502,311235.605353,187,1.00,1,99d1c7fab316,71,59,message,adapted,2048,0
python,stream,message,100,28,rapidjson,1.23,3852,4242,168,8094,259605.399792,235737.859500,123548.307388,1492,1.00,1,99d1c7fab316,138,134,dict,adapted,2049,1
python,stream,message,100,28,avro,1.12.2,7829,4850,44,12679,127730.233746,206185.567010,78870.573389,1808,1.00,1,99d1c7fab316,64,53,dict,adapted,2050,2
python,stream,message,100,28,serpyco-rs,1.21.0,2023,2583,168,4606,494315.373208,387146.728610,217108.119844,5466,1.00,1,99d1c7fab316,138,134,dataclass,adapted,2051,3
python,stream,message,100,28,flatbuffers,25.12.19,28319,7953,104,36272,35311.981355,125738.714950,27569.475077,1162,1.00,1,99d1c7fab316,102,107,dataclass,adapted,2052,4
python,stream,message,100,28,mashumaro,3.22,1675,3231,168,4906,597014.925373,309501.702259,203832.042397,5466,1.00,1,99d1c7fab316,138,134,dataclass,adapted,2053,5
python,stream,message,100,28,cloudpickle,3.1.2,13494,5321,202,18815,74107.010523,187934.598760,53149.083178,8946,1.00,1,99d1c7fab316,194,193,dataclass,native,2054,6
python,stream,message,100,28,cbor2,6.1.3,7145,3800,124,10945,139958.012596,263157.894737,91365.920512,908,1.00,1,99d1c7fab316,122,123,dict,adapted,2055,7
python,stream,message,100,28,dill,0.4.1,53330,7739,202,61069,18751.171948,129215.660938,16374.920172,10948,1.00,1,99d1c7fab316,194,193,dataclass,native,2056,8
python,stream,message,100,28,msgspec,0.21.1,1935,2103,80,4038,516795.865633,475511.174513,247647.350173,351,1.00,1,99d1c7fab316,97,89,struct,native,2057,9
python,stream,message,100,28,pickle,python-3.14.0,5243,3417,202,8660,190730.497807,292654.375183,115473.441109,4969,1.00,1,99d1c7fab316,194,193,dataclass,native,2058,10
python,stream,message,100,28,orjson,3.11.9,1091,1374,168,2465,916590.284143,727802.037846,405679.513185,5466,1.00,1,99d1c7fab316,138,134,dict,adapted,2059,11
python,stream,message,100,28,msgpack,1.2.1,2234,3500,124,5734,447627.573859,285714.285714,174398.325776,521,1.00,1,99d1c7fab316,124,121,dict,native,2060,12
python,stream,message,100,28,json,python-3.14.0,8449,6682,168,15131,118357.202036,149655.791679,66089.485163,2329,1.00,1,99d1c7fab316,138,134,dict,adapted,2061,13
python,stream,message,100,28,msgspec-msgpack,0.21.1,1285,1455,52,2740,778210.116732,687285.223368,364963.503650,312,1.00,1,99d1c7fab316,72,61,struct,native,2062,14
python,stream,message,100,28,pydantic,2.13.4,5742,8304,168,14046,174155.346569,120423.892100,71194.646163,2329,1.00,1,99d1c7fab316,138,134,model,adapted,2063,15
python,stream,message,100,29,rapidjson,1.23,4663,4373,168,9036,214454.214025,228675.966156,110668.437362,1492,1.00,1,99d1c7fab316,138,134,dict,adapted,2064,0
python,stream,message,100,29,msgspec,0.21.1,1501,1539,80,3040,666222.518321,649772.579597,328947.368421,351,1.00,1,99d1c7fab316,97,89,struct,native,2065,1
python,stream,message,100,29,pydantic,2.13.4,3528,7468,168,10996,283446.712018,133904.659882,90942.160786,2329,1.00,1,99d1c7fab316,138,134,model,adapted,2066,2
python,stream,message,100,29,serpyco-rs,1.21.0,2120,2670,168,4790,471698.113208,374531.835206,208768.267223,5466,1.00,1,99d1c7fab316,138,134,dataclass,adapted,2067,3
python,stream,message,100,29,cbor2,6.1.3,6903,3619,124,10522,144864.551644,276319.425256,95038.965976,908,1.00,1,99d1c7fab316,122,123,dict,adapted,2068,4
python,stream,message,100,29,avro,1.12.2,8623,5146,44,13769,115968.920329,194325.689856,72626.915535,1808,1.00,1,99d1c7fab316,64,53,dict,adapted,2069,5
python,stream,message,100,29,mashumaro,3.22,2098,2953,168,5051,476644.423260,338638.672536,197980.597901,5466,1.00,1,99d1c7fab316,138,134,dataclass,adapted,2070,6
python,stream,message,100,29,pickle,python-3.14.0,5820,4914,202,10734,171821.305842,203500.203500,93161.915409,4969,1.00,1,99d1c7fab316,194,193,dataclass,native,2071,7
python,stream,message,100,29,dill,0.4.1,49273,7083,202,56356,20295.090618,141183.114500,17744.339556,10948,1.00,1,99d1c7fab316,194,193,dataclass,native,2072,8
python,stream,message,100,29,json,python-3.14.0,7695,4793,168,12488,129954.515919,208637.596495,80076.873799,2329,1.00,1,99d1c7fab316,138,134,dict,adapted,2073,9
python,stream,message,100,29,msgpack,1.2.1,1991,3337,124,5328,502260.170768,299670.362601,187687.687688,521,1.00,1,99d1c7fab316,124,121,dict,native,2074,10
python,stream,message,100,29,flatbuffers,25.12.19,27161,7602,104,34763,36817.495674,131544.330439,28766.216955,1162,1.00,1,99d1c7fab316,102,107,dataclass,adapted,2075,11
python,stream,message,100,29,cloudpickle,3.1.2,11595,3864,202,15459,86244.070720,258799.171843,64687.237208,8946,1.00,1,99d1c7fab316,194,193,dataclass,native,2076,12
python,stream,message,100,29,protobuf,7.35.1,1970,2175,50,4145,507614.213198,459770.114943,241254.523522,187,1.00,1,99d1c7fab316,71,59,message,adapted,2077,13
python,stream,message,100,29,orjson,3.11.9,1136,1367,168,2503,880281.690141,731528.895391,399520.575310,5466,1.00,1,99d1c7fab316,138,134,dict,adapted,2078,14
python,stream,message,100,29,msgspec-msgpack,0.21.1,1245,1669,52,2914,803212.851406,599161.174356,343170.899108,312,1.00,1,99d1c7fab316,72,61,struct,native,2079,15
python,stream,message,100,30,dill,0.4.1,51465,6934,202,58399,19430.681045,144216.902221,17123.580883,10948,1.00,1,99d1c7fab316,194,193,dataclass,native,2080,0
python,stream,message,100,30,pydantic,2.13.4,5225,9478,168,14703,191387.559809,105507.491032,68013.330613,2329,1.00,1,99d1c7fab316,138,134,model,adapted,2081,1
python,stream,message,100,30,msgpack,1.2.1,1958,3066,124,5024,510725.229826,326157.860404,199044.585987,521,1.00,1,99d1c7fab316,124,121,dict,native,2082,2
python,stream,message,100,30,cloudpickle,3.1.2,11291,3988,202,15279,88566.114605,250752.256770,65449.309510,8946,1.00,1,99d1c7fab316,194,193,dataclass,native,2083,3
python,stream,message,100,30,cbor2,6.1.3,6996,3581,124,10577,142938.822184,279251.605697,94544.766947,908,1.00,1,99d1c7fab316,122,123,dict,adapted,2084,4
python,stream,message,100,30,flatbuffers,25.12.19,27572,7709,104,35281,36268.678369,129718.510831,28343.867804,1162,1.00,1,99d1c7fab316,102,107,dataclass,adapted,2085,5
python,stream,message,100,30,rapidjson,1.23,4117,4377,168,8494,242895.312120,228466.986520,117730.162468,1492,1.00,1,99d1c7fab316,138,134,dict,adapted,2086,6
python,stream,message,100,30,serpyco-rs,1.21.0,1992,2952,168,4944,502008.032129,338753.387534,202265.372168,5466,1.00,1,99d1c7fab316,138,134,dataclass,adapted,2087,7
python,stream,message,100,30,avro,1.12.2,8464,5068,44,13532,118147.448015,197316.495659,73898.906296,1808,1.00,1,99d1c7fab316,64,53,dict,adapted,2088,8
python,stream,message,100,30,protobuf,7.35.1,1818,1833,50,3651,550055.005501,545553.737043,273897.562312,187,1.00,1,99d1c7fab316,71,59,message,adapted,2089,9
python,stream,message,100,30,pickle,python-3.14.0,5719,4768,202,10487,174855.744011,209731.543624,95356.155240,4969,1.00,1,99d1c7fab316,194,193,dataclass,native,2090,10
python,stream,message,100,30,orjson,3.11.9,1035,1304,168,2339,966183.574879,766871.165644,427533.133818,5466,1.00,1,99d1c7fab316,138,134,dict,adapted,2091,11
python,stream,message,100,30,msgspec,0.21.1,1952,2035,80,3987,512295.081967,491400.491400,250815.149235,351,1.00,1,99d1c7fab316,97,89,struct,native,2092,12
python,stream,message,100,30,msgspec-msgpack,0.21.1,1029,1269,52,2298,971817.298348,788022.064618,435161.009574,312,1.00,1,99d1c7fab316,72,61,struct,native,2093,13
python,stream,message,100,30,json,python-3.14.0,8530,6666,168,15196,117233.294256,150015.001500,65806.791261,2329,1.00,1,99d1c7fab316,138,134,dict,adapted,2094,14
python,stream,message,100,30,mashumaro,3.22,1551,3020,168,4571,644745.325596,331125.827815,218770.509735,5466,1.00,1,99d1c7fab316,138,134,dataclass,adapted,2095,15
python,stream,message,100,31,pydantic,2.13.4,5256,8582,168,13838,190258.751903,116522.955022,72264.778147,2329,1.00,1,99d1c7fab316,138,134,model,adapted,2096,0
python,stream,message,100,31,cbor2,6.1.3,7372,3593,124,10965,135648.399349,278318.953521,91199.270406,908,1.00,1,99d1c7fab316,122,123,dict,adapted,2097,1
python,stream,message,100,31,msgpack,1.2.1,2014,3345,124,5359,496524.329692,298953.662182,186601.977981,521,1.00,1,99d1c7fab316,124,121,dict,native,2098,2
python,stream,message,100,31,avro,1.12.2,7213,4435,44,11648,138638.569250,225479.143179,85851.648352,1808,1.00,1,99d1c7fab316,64,53,dict,adapted,2099,3
python,stream,message,100,31,cloudpickle,3.1.2,13485,4228,202,17713,74156.470152,236518.448439,56455.710495,8946,1.00,1,99d1c7fab316,194,193,dataclass,native,2100,4
python,stream,message,100,31,protobuf,7.35.1,1514,1664,50,3178,660501.981506,600961.538462,314663.310258,187,1.00,1,99d1c7fab316,71,59,message,adapted,2101,5
python,stream,message,100,31,msgspec,0.21.1,1590,1660,80,3250,628930.817610,602409.638554,307692.307692,351,1.00,1,99d1c7fab316,97,89,struct,native,2102,6
python,stream,message,100,31,dill,0.4.1,54329,8006,202,62335,18406.375969,124906.320260,16042.351809,10948,1.00,1,99d1c7fab316,194,193,dataclass,native,2103,7
python,stream,message,100,31,json,python-3.14.0,7744,5602,168,13346,129132.231405,178507.675830,74928.817623,2329,1.00,1,99d1c7fab316,138,134,dict,adapted,2104,8
python,stream,message,100,31,mashumaro,3.22,1673,3320,168,4993,597728.631201,301204.819277,200280.392550,5466,1.00,1,99d1c7fab316,138,134,dataclass,adapted,2105,9
python,stream,message,100,31,msgspec-msgpack,0.21.1,1184,1412,52,2596,844594.594595,708215.297450,385208.012327,312,1.00,1,99d1c7fab316,72,61,struct,native,2106,10
python,stream,message,100,31,pickle,python-3.14.0,4673,3540,202,8213,213995.292104,282485.875706,121758.188238,4969,1.00,1,99d1c7fab316,194,193,dataclass,native,2107,11
python,stream,message,100,31,serpyco-rs,1.21.0,1708,2318,168,4026,585480.093677,431406.384814,248385.494287,5466,1.00,1,99d1c7fab316,138,134,dataclass,adapted,2108,12
python,stream,message,100,31,flatbuffers,25.12.19,29746,8164,104,37910,33617.965441,122488.975992,26378.264310,1162,1.00,1,99d1c7fab316,102,107,dataclass,adapted,2109,13
python,stream,message,100,31,orjson,3.11.9,861,1214,168,2075,1161440.185830,823723.228995,481927.710843,5466,1.00,1,99d1c7fab316,138,134,dict,adapted,2110,14
python,stream,message,100,31,rapidjson,1.23,4097,4613,168,8710,244081.034904,216778.668979,114810.562572,1492,1.00,1,99d1c7fab316,138,134,dict,adapted,2111,15
python,stream,message,100,32,protobuf,7.35.1,1486,1642,50,3128,672947.510094,609013.398295,319693.094629,187,1.00,1,99d1c7fab316,71,59,message,adapted,2112,0
python,stream,message,100,32,msgspec-msgpack,0.21.1,1096,1365,52,2461,912408.759124,732600.732601,406338.886631,312,1.00,1,99d1c7fab316,72,61,struct,native,2113,1
python,stream,message,100,32,orjson,3.11.9,738,1245,168,1983,1355013.550136,803212.851406,504286.434695,5466,1.00,1,99d1c7fab316,138,134,dict,adapted,2114,2
python,stream,message,100,32,mashumaro,3.22,1231,2379,168,3610,812347.684809,420344.682640,277008.310249,5466,1.00,1,99d1c7fab316,138,134,dataclass,adapted,2115,3
python,stream,message,100,32,flatbuffers,25.12.19,23447,6787,104,30234,42649.379452,147340.503905,33075.345637,1162,1.00,1,99d1c7fab316,102,107,dataclass,adapted,2116,4
python,stream,message,100,32,dill,0.4.1,50477,7910,202,58387,19811.003031,126422.250316,17127.100211,10948,1.00,1,99d1c7fab316,194,193,dataclass,native,2117,5
python,stream,message,100,32,cloudpickle,3.1.2,11892,3332,202,15224,84090.144635,300120.048019,65685.759327,8946,1.00,1,99d1c7fab316,194,193,dataclass,native,2118,6
python,stream,message,100,32,pickle,python-3.14.0,3674,2222,202,5896,272182.906913,450045.004500,169606.512890,4969,1.00,1,99d1c7fab316,194,193,dataclass,native,2119,7
python,stream,message,100,32,msgspec,0.21.1,1681,1759,80,3440,594883.997620,568504.832291,290697.674419,351,1.00,1,99d1c7fab316,97,89,struct,native,2120,8
python,stream,message,100,32,msgpack,1.2.1,2035,3085,124,5120,491400.491400,324149.108590,195312.500000,521,1.00,1,99d1c7fab316,124,121,dict,native,2121,9
python,stream,message,100,32,avro,1.12.2,7895,5181,44,13076,126662.444585,193012.931866,76475.986540,1808,1.00,1,99d1c7fab316,64,53,dict,adapted,2122,10
python,stream,message,100,32,json,python-3.14.0,7882,5893,168,13775,126871.352449,169692.855931,72595.281307,2329,1.00,1,99d1c7fab316,138,134,dict,adapted,2123,11
python,stream,message,100,32,rapidjson,1.23,2990,3527,168,6517,334448.160535,283527.076836,153444.836581,1492,1.00,1,99d1c7fab316,138,134,dict,adapted,2124,12
python,stream,message,100,32,pydantic,2.13.4,5801,8816,168,14617,172384.071712,113430.127042,68413.491140,2329,1.00,1,99d1c7fab316,138,134,model,adapted,2125,13
python,stream,message,100,32,cbor2,6.1.3,14826,4961,124,19787,67449.075948,201572.263657,50538.232173,908,1.00,1,99d1c7fab316,122,123,dict,adapted,2126,14
python,stream,message,100,32,serpyco-rs,1.21.0,2355,2600,168,4955,424628.450106,384615.384615,201816.347124,5466,1.00,1,99d1c7fab316,138,134,dataclass,adapted,2127,15
python,stream,message,100,33,cloudpickle,3.1.2,11989,4434,202,16423,83409.792310,225529.995489,60890.214942,8946,1.00,1,99d1c7fab316,194,193,dataclass,native,2128,0
python,stream,message,100,33,serpyco-rs,1.21.0,1274,1801,168,3075,784929.356358,555247.084953,325203.252033,5466,1.00,1,99d1c7fab316,138,134,dataclass,adapted,2129,1
python,stream,message,100,33,rapidjson,1.23,3400,3000,168,6400,294117.647059,333333.333333,156250.000000,1492,1.00,1,99d1c7fab316,138,134,dict,adapted,2130,2
python,stream,message,100,33,dill,0.4.1,52136,7388,202,59524,19180.604573,135354.629128,16799.946240,10948,1.00,1,99d1c7fab316,194,193,dataclass,native,2131,3
python,stream,message,100,33,pickle,python-3.14.0,5248,2679,202,7927,190548.780488,373273.609556,126151.129053,4969,1.00,1,99d1c7fab316,194,193,dataclass,native,2132,4
python,stream,message,100,33,json,python-3.14.0,7020,5064,168,12084,142450.142450,197472.353870,82754.054949,2329,1.00,1,99d1c7fab316,138,134,dict,adapted,2133,5
python,stream,message,100,33,protobuf,7.35.1,1699,2005,50,3704,588581.518540,498753.117207,269978.401728,187,1.00,1,99d1c7fab316,71,59,message,adapted,2134,6
python,stream,message,100,33,cbor2,6.1.3,6629,3512,124,10141,150852.315583,284738.041002,98609.604575,908,1.00,1,99d1c7fab316,122,123,dict,adapted,2135,7
python,stream,message,100,33,mashumaro,3.22,1941,3340,168,5281,515198.351365,299401.197605,189358.076122,5466,1.00,1,99d1c7fab316,138,134,dataclass,adapted,2136,8
python,stream,message,100,33,orjson,3.11.9,879,932,168,1811,1137656.427759,1072961.373391,552181.115406,5466,1.00,1,99d1c7fab316,138,134,dict,adapted,2137,9
python,stream,message,100,33,avro,1.12.2,8282,5096,44,13378,120743.781695,196232.339089,74749.588877,1808,1.00,1,99d1c7fab316,64,53,dict,adapted,2138,10
python,stream,message,100,33,msgspec-msgpack,0.21.1,1323,1490,52,2813,755857.898715,671140.939597,355492.356914,312,1.00,1,99d1c7fab316,72,61,struct,native,2139,11
python,stream,message,100,33,msgspec,0.21.1,1684,1503,80,3187,593824.228029,665335.994677,313774.709758,351,1.00,1,99d1c7fab316,97,89,struct,native,2140,12
python,stream,message,100,33,pydantic,2.13.4,5628,9723,168,15351,177683.013504,102848.914944,65142.336004,2329,1.00,1,99d1c7fab316,138,134,model,adapted,2141,13
python,stream,message,100,33,flatbuffers,25.12.19,29930,8124,104,38054,33411.293017,123092.072871,26278.446418,1162,1.00,1,99d1c7fab316,102,107,dataclass,adapted,2142,14
python,stream,message,100,33,msgpack,1.2.1,2185,3952,124,6137,457665.903890,253036.437247,162946.064853,521,1.00,1,99d1c7fab316,124,121,dict,native,2143,15
python,stream,message,100,34,msgspec-msgpack,0.21.1,1038,1344,52,2382,963391.136802,744047.619048,419815.281276,312,1.00,1,99d1c7fab316,72,61,struct,native,2144,0
python,stream,message,100,34,json,python-3.14.0,8326,5879,168,14205,120105.693010,170096.955265,70397.747272,2329,1.00,1,99d1c7fab316,138,134,dict,adapted,2145,1
python,stream,message,100,34,cloudpickle,3.1.2,13453,4995,202,18448,74332.862559,200200.200200,54206.418040,8946,1.00,1,99d1c7fab316,194,193,dataclass,native,2146,2
python,stream,message,100,34,dill,0.4.1,53096,7835,202,60931,18833.810457,127632.418634,16412.007024,10948,1.00,1,99d1c7fab316,194,193,dataclass,native,2147,3
python,stream,message,100,34,flatbuffers,25.12.19,24553,6823,104,31376,40728.220584,146563.095413,31871.494136,1162,1.00,1,99d1c7fab316,102,107,dataclass,adapted,2148,4
python,stream,message,100,34,protobuf,7.35.1,2073,1883,50,3956,482392.667631,531067.445566,252780.586451,187,1.00,1,99d1c7fab316,71,59,message,adapted,2149,5
python,stream,message,100,34,pickle,python-3.14.0,5315,3925,202,9240,188146.754468,254777.070064,108225.108225,4969,1.00,1,99d1c7fab316,194,193,dataclass,native,2150,6
python,stream,message,100,34,rapidjson,1.23,4235,4846,168,9081,236127.508855,206355.757326,110120.030834,1492,1.00,1,99d1c7fab316,138,134,dict,adapted,2151,7
python,stream,message,100,34,avro,1.12.2,8704,4999,44,13703,114889.705882,200040.008002,72976.720426,1808,1.00,1,99d1c7fab316,64,53,dict,adapted,2152,8
python,stream,message,100,34,serpyco-rs,1.21.0,2521,3593,168,6114,396667.988893,278318.953521,163559.044815,5466,1.00,1,99d1c7fab316,138,134,dataclass,adapted,2153,9
python,stream,message,100,34,msgpack,1.2.1,1761,3040,124,4801,567859.170926,328947.368421,208289.939596,521,1.00,1,99d1c7fab316,124,121,dict,native,2154,10
python,stream,message,100,34,msgspec,0.21.1,1731,1877,80,3608,577700.751011,532765.050613,277161.862528,351,1.00,1,99d1c7fab316,97,89,struct,native,2155,11
python,stream,message,100,34,orjson,3.11.9,1022,1186,168,2208,978473.581213,843170.320405,452898.550725,5466,1.00,1,99d1c7fab316,138,134,dict,adapted,2156,12
python,stream,message,100,34,mashumaro,3.22,1331,2725,168,4056,751314.800902,366972.477064,246548.323471,5466,1.00,1,99d1c7fab316,138,134,dataclass,adapted,2157,13
python,stream,message,100,34,pydantic,2.13.4,5864,10255,168,16119,170532.060027,97513.408094,62038.588002,2329,1.00,1,99d1c7fab316,138,134,model,adapted,2158,14
python,stream,message,100,34,cbor2,6.1.3,8249,3962,124,12211,121226.815372,252397.778900,81893.374826,908,1.00,1,99d1c7fab316,122,123,dict,adapted,2159,15
python,stream,message,100,35,dill,0.4.1,51173,8229,202,59402,19541.555117,121521.448536,16834.450019,10948,1.00,1,99d1c7fab316,194,193,dataclass,native,2160,0
python,stream,message,100,35,serpyco-rs,1.21.0,2042,2632,168,4674,489715.964740,379939.209726,213949.507916,5466,1.00,1,99d1c7fab316,138,134,dataclass,adapted,2161,1
python,stream,message,100,35,avro,1.12.2,8301,4857,44,13158,120467.413565,205888.408483,75999.392005,1808,1.00,1,99d1c7fab316,64,53,dict,adapted,2162,2
python,stream,message,100,35,msgpack,1.2.1,1846,3061,124,4907,541711.809317,326690.623979,203790.503363,521,1.00,1,99d1c7fab316,124,121,dict,native,2163,3
python,stream,message,100,35,mashumaro,3.22,1531,2850,168,4381,653167.864141,350877.192982,228258.388496,5466,1.00,1,99d1c7fab316,138,134,dataclass,adapted,2164,4
python,stream,message,100,35,protobuf,7.35.1,1940,1913,50,3853,515463.917526,522739.153163,259538.022320,187,1.00,1,99d1c7fab316,71,59,message,adapted,2165,5
python,stream,message,100,35,msgspec,0.21.1,1760,1972,80,3732,568181.818182,507099.391481,267952.840300,351,1.00,1,99d1c7fab316,97,89,struct,native,2166,6
python,stream,message,100,35,cbor2,6.1.3,6903,3716,124,10619,144864.551644,269106.566200,94170.825878,908,1.00,1,99d1c7fab316,122,123,dict,adapted,2167,7
python,stream,message,100,35,orjson,3.11.9,1084,1180,168,2264,922509.225092,847457.627119,441696.113074,5466,1.00,1,99d1c7fab316,138,134,dict,adapted,2168,8
python,stream,message,100,35,pickle,python-3.14.0,5385,4447,202,9832,185701.021356,224870.699348,101708.706265,4969,1.00,1,99d1c7fab316,194,193,dataclass,native,2169,9
python,stream,message,100,35,pydantic,2.13.4,4900,10142,168,15042,204081.632653,98599.881680,66480.521207,2329,1.00,1,99d1c7fab316,138,134,model,adapted,2170,10
python,stream,message,100,35,flatbuffers,25.12.19,25875,7657,104,33532,38647.342995,130599.451482,29822.259334,1162,1.00,1,99d1c7fab316,102,107,dataclass,adapted,2171,11
python,stream,message,100,35,json,python-3.14.0,8686,4746,168,13432,115127.791849,210703.750527,74449.076831,2329,1.00,1,99d1c7fab316,138,134,dict,adapted,2172,12
python,stream,message,100,35,cloudpickle,3.1.2,12817,3786,202,16603,78021.377858,264131.008980,60230.078901,8946,1.00,1,99d1c7fab316,194,193,dataclass,native,2173,13
python,stream,message,100,35,msgspec-msgpack,0.21.1,1143,1492,52,2635,874890.638670,670241.286863,379506.641366,312,1.00,1,99d1c7fab316,72,61,struct,native,2174,14
python,stream,message,100,35,rapidjson,1.23,4272,4195,168,8467,234082.397004,238379.022646,118105.586394,1492,1.00,1,99d1c7fab316,138,134,dict,adapted,2175,15
python,stream,message,100,36,orjson,3.11.9,863,1366,168,2229,1158748.551564,732064.421669,448631.673396,5466,1.00,1,99d1c7fab316,138,134,dict,adapted,2176,0
python,stream,message,100,36,cbor2,6.1.3,6315,3424,124,9739,158353.127474,292056.074766,102679.946606,908,1.00,1,99d1c7fab316,122,123,dict,adapted,2177,1
python,stream,message,100,36,pydantic,2.13.4,4316,7870,168,12186,231696.014829,127064.803050,82061.381914,2329,1.00,1,99d1c7fab316,138,134,model,adapted,2178,2
python,stream,message,100,36,json,python-3.14.0,6211,3232,168,9443,161004.669135,309405.940594,105898.549190,2329,1.00,1,99d1c7fab316,138,134,dict,adapted,2179,3
python,stream,message,100,36,msgpack,1.2.1,1906,3203,124,5109,524658.971668,312207.305651,195733.020161,521,1.00,1,99d1c7fab316,124,121,dict,native,2180,4
python,stream,message,100,36,flatbuffers,25.12.19,24608,6749,104,31357,40637.191157,148170.099274,31890.805881,1162,1.00,1,99d1c7fab316,102,107,dataclass,adapted,2181,5
python,stream,message,100,36,mashumaro,3.22,1436,2850,168,4286,696378.830084,350877.192982,233317.778815,5466,1.00,1,99d1c7fab316,138,134,dataclass,adapted,2182,6
python,stream,message,100,36,pickle,python-3.14.0,4723,4036,202,8759,211729.832733,247770.069376,114168.284051,4969,1.00,1,99d1c7fab316,194,193,dataclass,native,2183,7
python,stream,message,100,36,avro,1.12.2,7990,4788,44,12778,125156.445557,208855.472013,78259.508530,1808,1.00,1,99d1c7fab316,64,53,dict,adapted,2184,8
python,stream,message,100,36,serpyco-rs,1.21.0,1815,2038,168,3853,550964.187328,490677.134446,259538.022320,5466,1.00,1,99d1c7fab316,138,134,dataclass,adapted,2185,9
python,stream,message,100,36,cloudpickle,3.1.2,10713,3372,202,14085,93344.534677,296559.905101,70997.515087,8946,1.00,1,99d1c7fab316,194,193,dataclass,native,2186,10
python,stream,message,100,36,protobuf,7.35.1,1595,1819,50,3414,626959.247649,549752.611325,292911.540715,187,1.00,1,99d1c7fab316,71,59,message,adapted,2187,11
python,stream,message,100,36,rapidjson,1.23,4059,4152,168,8211,246366.100025,240847.784200,121787.845573,1492,1.00,1,99d1c7fab316,138,134,dict,adapted,2188,12
python,stream,message,100,36,msgspec-msgpack,0.21.1,1321,1662,52,2983,757002.271007,601684.717208,335232.986926,312,1.00,1,99d1c7fab316,72,61,struct,native,2189,13
python,stream,message,100,36,msgspec,0.21.1,1508,1665,80,3173,663129.973475,600600.600601,315159.155373,351,1.00,1,99d1c7fab316,97,89,struct,native,2190,14
python,stream,message,100,36,dill,0.4.1,57897,8475,202,66372,17272.052093,117994.100295,15066.594347,10948,1.00,1,99d1c7fab316,194,193,dataclass,native,2191,15
python,stream,message,100,37,pydantic,2.13.4,5393,10998,168,16391,185425.551641,90925.622841,61009.090354,2329,1.00,1,99d1c7fab316,138,134,model,adapted,2192,0
python,stream,message,100,37,msgpack,1.2.1,2163,3394,124,5557,462320.850670,294637.595757,179953.212165,521,1.00,1,99d1c7fab316,124,121,dict,native,2193,1
python,stream,message,100,37,avro,1.12.2,7937,5010,44,12947,125992.188484,199600.798403,77237.970186,1808,1.00,1,99d1c7fab316,64,53,dict,adapted,2194,2
python,stream,message,100,37,flatbuffers,25.12.19,28831,8184,104,37015,34684.887794,122189.638319,27016.074564,1162,1.00,1,99d1c7fab316,102,107,dataclass,adapted,2195,3
python,stream,message,100,37,dill,0.4.1,46401,7808,202,54209,21551.259671,128073.770492,18447.121327,10948,1.00,1,99d1c7fab316,194,193,dataclass,native,2196,4
python,stream,message,100,37,rapidjson,1.23,3681,3890,168,7571,271665.308340,257069.408740,132082.948091,1492,1.00,1,99d1c7fab316,138,134,dict,adapted,2197,5
python,stream,message,100,37,cloudpickle,3.1.2,12384,3359,202,15743,80749.354005,297707.651087,63520.294734,8946,1.00,1,99d1c7fab316,194,193,dataclass,native,2198,6
python,stream,message,100,37,msgspec-msgpack,0.21.1,1227,1500,52,2727,814995.925020,666666.666667,366703.337000,312,1.00,1,99d1c7fab316,72,61,struct,native,2199,7
python,stream,message,100,37,json,python-3.14.0,8307,5783,168,14090,120380.402071,172920.629431,70972.320795,2329,1.00,1,99d1c7fab316,138,134,dict,adapted,2200,8
python,stream,message,100,37,orjson,3.11.9,1421,2010,168,3431,703729.767769,497512.437811,291460.215681,5466,1.00,1,99d1c7fab316,138,134,dict,adapted,2201,9
python,stream,message,100,37,cbor2,6.1.3,8059,3848,124,11907,124084.874054,259875.259875,83984.210968,908,1.00,1,99d1c7fab316,122,123,dict,adapted,2202,10
python,stream,message,100,37,serpyco-rs,1.21.0,2216,2523,168,4739,451263.537906,396353.547364,211014.982064,5466,1.00,1,99d1c7fab316,138,134,dataclass,adapted,2203,11
python,stream,message,100,37,protobuf,7.35.1,1961,1877,50,3838,509943.906170,532765.050613,260552.371027,187,1.00,1,99d1c7fab316,71,59,message,adapted,2204,12
python,stream,message,100,37,mashumaro,3.22,1686,3106,168,4792,593119.810202,321957.501610,208681.135225,5466,1.00,1,99d1c7fab316,138,134,dataclass,adapted,2205,13
python,stream,message,100,37,pickle,python-3.14.0,5263,4023,202,9286,190005.700171,248570.718369,107688.994185,4969,1.00,1,99d1c7fab316,194,193,dataclass,native,2206,14
python,stream,message,100,37,msgspec,0.21.1,1634,1870,80,3504,611995.104039,534759.358289,285388.127854,351,1.00,1,99d1c7fab316,97,89,struct,native,2207,15
python,stream,message,100,38,pickle,python-3.14.0,2868,3105,202,5973,348675.034868,322061.191626,167420.056923,4969,1.00,1,99d1c7fab316,194,193,dataclass,native,2208,0
python,stream,message,100,38,msgpack,1.2.1,2031,3248,124,5279,492368.291482,307881.773399,189429.816253,521,1.00,1,99d1c7fab316,124,121,dict,native,2209,1
python,stream,message,100,38,msgspec,0.21.1,979,1000,80,1979,1021450.459653,1000000.000000,505305.709955,351,1.00,1,99d1c7fab316,97,89,struct,native,2210,2
python,stream,message,100,38,serpyco-rs,1.21.0,1629,2066,168,3695,613873.542050,484027.105518,270635.994587,5466,1.00,1,99d1c7fab316,138,134,dataclass,adapted,2211,3
python,stream,message,100,38,flatbuffers,25.12.19,26366,7641,104,34007,37927.634074,130872.922392,29405.710589,1162,1.00,1,99d1c7fab316,102,107,dataclass,adapted,2212,4
python,stream,message,100,38,dill,0.4.1,47144,7067,202,54211,21211.606991,141502.759304,18446.440759,10948,1.00,1,99d1c7fab316,194,193,dataclass,native,2213,5
python,stream,message,100,38,cloudpickle,3.1.2,10554,3104,202,13658,94750.805382,322164.948454,73217.162103,8946,1.00,1,99d1c7fab316,194,193,dataclass,native,2214,6
python,stream,message,100,38,orjson,3.11.9,898,1432,168,2330,1113585.746102,698324.022346,429184.549356,5466,1.00,1,99d1c7fab316,138,134,dict,adapted,2215,7
python,stream,message,100,38,msgspec-msgpack,0.21.1,1276,1434,52,2710,783699.059561,697350.069735,369003.690037,312,1.00,1,99d1c7fab316,72,61,struct,native,2216,8
python,stream,message,100,38,mashumaro,3.22,1217,2513,168,3730,821692.686935,397930.760048,268096.514745,5466,1.00,1,99d1c7fab316,138,134,dataclass,adapted,2217,9
python,stream,message,100,38,avro,1.12.2,8281,5125,44,13406,120758.362517,195121.951220,74593.465612,1808,1.00,1,99d1c7fab316,64,53,dict,adapted,2218,10
python,stream,message,100,38,pydantic,2.13.4,5423,10486,168,15909,184399.778720,95365.248903,62857.502043,2329,1.00,1,99d1c7fab316,138,134,model,adapted,2219,11
python,stream,message,100,38,cbor2,6.1.3,7337,3669,124,11006,136295.488619,272553.829381,90859.531165,908,1.00,1,99d1c7fab316,122,123,dict,adapted,2220,12
python,stream,message,100,38,json,python-3.14.0,8457,4564,168,13021,118245.240629,219106.047327,76799.016973,2329,1.00,1,99d1c7fab316,138,134,dict,adapted,2221,13
python,stream,message,100,38,protobuf,7.35.1,1864,1806,50,3670,536480.686695,553709.856035,272479.564033,187,1.00,1,99d1c7fab316,71,59,message,adapted,2222,14
python,stream,message,100,38,rapidjson,1.23,3604,3822,168,7426,277469.478357,261643.118786,134661.998384,1492,1.00,1,99d1c7fab316,138,134,dict,adapted,2223,15
python,stream,message,100,39,avro,1.12.2,7201,4161,44,11362,138869.601444,240326.844509,88012.673825,1808,1.00,1,99d1c7fab316,64,53,dict,adapted,2224,0
python,stream,message,100,39,pickle,python-3.14.0,4955,4265,202,9220,201816.347124,234466.588511,108459.869848,4969,1.00,1,99d1c7fab316,194,193,dataclass,native,2225,1
python,stream,message,100,39,dill,0.4.1,46467,6238,202,52705,21520.649063,160307.790959,18973.531923,10948,1.00,1,99d1c7fab316,194,193,dataclass,native,2226,2
python,stream,message,100,39,msgspec-msgpack,0.21.1,1188,1432,52,2620,841750.841751,698324.022346,381679.389313,312,1.00,1,99d1c7fab316,72,61,struct,native,2227,3
python,stream,message,100,39,pydantic,2.13.4,4520,8706,168,13226,221238.938053,114863.312658,75608.649630,2329,1.00,1,99d1c7fab316,138,134,model,adapted,2228,4
python,stream,message,100,39,msgpack,1.2.1,1960,3139,124,5099,510204.081633,318572.793883,196116.885664,521,1.00,1,99d1c7fab316,124,121,dict,native,2229,5
python,stream,message,100,39,cbor2,6.1.3,6600,3612,124,10212,151515.151515,276854.928018,97924.010967,908,1.00,1,99d1c7fab316,122,123,dict,adapted,2230,6
python,stream,message,100,39,flatbuffers,25.12.19,27395,7912,104,35307,36503.011498,126390.293225,28322.995440,1162,1.00,1,99d1c7fab316,102,107,dataclass,adapted,2231,7
python,stream,message,100,39,cloudpickle,3.1.2,12647,4322,202,16969,79070.135210,231374.363720,58930.991809,8946,1.00,1,99d1c7fab316,194,193,dataclass,native,2232,8
python,stream,message,100,39,json,python-3.14.0,8272,5287,168,13559,120889.748549,189143.181388,73751.751604,2329,1.00,1,99d1c7fab316,138,134,dict,adapted,2233,9
python,stream,message,100,39,serpyco-rs,1.21.0,2303,3305,168,5608,434216.239687,302571.860817,178316.690442,5466,1.00,1,99d1c7fab316,138,134,dataclass,adapted,2234,10
python,stream,message,100,39,protobuf,7.35.1,1705,1754,50,3459,586510.263930,570125.427594,289100.896213,187,1.00,1,99d1c7fab316,71,59,message,adapted,2235,11
python,stream,message,100,39,rapidjson,1.23,3674,4114,168,7788,272182.906913,243072.435586,128402.670776,1492,1.00,1,99d1c7fab316,138,134,dict,adapted,2236,12
python,stream,message,100,39,msgspec,0.21.1,1858,2035,80,3893,538213.132400,491400.491400,256871.307475,351,1.00,1,99d1c7fab316,97,89,struct,native,2237,13
python,stream,message,100,39,orjson,3.11.9,1073,1521,168,2594,931966.449208,657462.195924,385505.011565,5466,1.00,1,99d1c7fab316,138,134,dict,adapted,2238,14
python,stream,message,100,39,mashumaro,3.22,1582,2776,168,4358,632111.251580,360230.547550,229463.056448,5466,1.00,1,99d1c7fab316,138,134,dataclass,adapted,2239,15
python,stream,message,100,40,msgspec-msgpack,0.21.1,1189,1344,52,2533,841042.893188,744047.619048,394788.787998,312,1.00,1,99d1c7fab316,72,61,struct,native,2240,0
python,stream,message,100,40,json,python-3.14.0,6337,4750,168,11087,157803.376992,210526.315789,90195.724723,2329,1.00,1,99d1c7fab316,138,134,dict,adapted,2241,1
python,stream,message,100,40,orjson,3.11.9,660,954,168,1614,1515151.515152,1048218.029350,619578.686493,5466,1.00,1,99d1c7fab316,138,134,dict,adapted,2242,2
python,stream,message,100,40,mashumaro,3.22,970,1951,168,2921,1030927.835052,512557.662737,342348.510784,5466,1.00,1,99d1c7fab316,138,134,dataclass,adapted,2243,3
python,stream,message,100,40,cloudpickle,3.1.2,10532,4117,202,14649,94948.727687,242895.312120,68264.045327,8946,1.00,1,99d1c7fab316,194,193,dataclass,native,2244,4
python,stream,message,100,40,pydantic,2.13.4,5157,7938,168,13095,193911.188676,125976.316453,76365.024819,2329,1.00,1,99d1c7fab316,138,134,model,adapted,2245,5
python,stream,message,100,40,msgpack,1.2.1,1918,2970,124,4888,521376.433785,336700.336700,204582.651391,521,1.00,1,99d1c7fab316,124,121,dict,native,2246,6
python,stream,message,100,40,serpyco-rs,1.21.0,1750,2134,168,3884,571428.571429,468603.561387,257466.529351,5466,1.00,1,99d1c7fab316,138,134,dataclass,adapted,2247,7
python,stream,message,100,40,rapidjson,1.23,3211,3299,168,6510,311429.461227,303122.158230,153609.831029,1492,1.00,1,99d1c7fab316,138,134,dict,adapted,2248,8
python,stream,message,100,40,pickle,python-3.14.0,4711,3912,202,8623,212269.157291,255623.721881,115968.920329,4969,1.00,1,99d1c7fab316,194,193,dataclass,native,2249,9
python,stream,message,100,40,dill,0.4.1,52788,6991,202,59779,18943.699326,143041.052782,16728.282507,10948,1.00,1,99d1c7fab316,194,193,dataclass,native,2250,10
python,stream,message,100,40,avro,1.12.2,8780,5472,44,14252,113895.216401,182748.538012,70165.590794,1808,1.00,1,99d1c7fab316,64,53,dict,adapted,2251,11
python,stream,message,100,40,cbor2,6.1.3,7022,3697,124,10719,142409.569923,270489.586151,93292.284728,908,1.00,1,99d1c7fab316,122,123,dict,adapted,2252,12
python,stream,message,100,40,msgspec,0.21.1,1629,1833,80,3462,613873.542050,545553.737043,288850.375505,351,1.00,1,99d1c7fab316,97,89,struct,native,2253,13
python,stream,message,100,40,protobuf,7.35.1,1864,1851,50,3715,536480.686695,540248.514317,269179.004038,187,1.00,1,99d1c7fab316,71,59,message,adapted,2254,14
python,stream,message,100,40,flatbuffers,25.12.19,26565,7969,104,34534,37643.515904,125486.259255,28956.969943,1162,1.00,1,99d1c7fab316,102,107,dataclass,adapted,2255,15
python,stream,message,100,41,msgpack,1.2.1,1948,2913,124,4861,513347.022587,343288.705802,205718.987863,521,1.00,1,99d1c7fab316,124,121,dict,native,2256,0
python,stream,message,100,41,protobuf,7.35.1,1020,1226,50,2246,980392.156863,815660.685155,445235.975067,187,1.00,1,99d1c7fab316,71,59,message,adapted,2257,1
python,stream,message,100,41,flatbuffers,25.12.19,22225,6286,104,28511,44994.375703,159083.678015,35074.181895,1162,1.00,1,99d1c7fab316,102,107,dataclass,adapted,2258,2
python,stream,message,100,41,dill,0.4.1,48353,7475,202,55828,20681.240047,133779.264214,17912.158773,10948,1.00,1,99d1c7fab316,194,193,dataclass,native,2259,3
python,stream,message,100,41,rapidjson,1.23,3329,3695,168,7024,300390.507660,270635.994587,142369.020501,1492,1.00,1,99d1c7fab316,138,134,dict,adapted,2260,4
python,stream,message,100,41,avro,1.12.2,7630,4903,44,12533,131061.598952,203956.761167,79789.356100,1808,1.00,1,99d1c7fab316,64,53,dict,adapted,2261,5
python,stream,message,100,41,cbor2,6.1.3,6511,3391,124,9902,153586.238673,294898.260100,100989.699051,908,1.00,1,99d1c7fab316,122,123,dict,adapted,2262,6
python,stream,message,100,41,msgspec,0.21.1,1551,1750,80,3301,644745.325596,571428.571429,302938.503484,351,1.00,1,99d1c7fab316,97,89,struct,native,2263,7
python,stream,message,100,41,pickle,python-3.14.0,5146,3769,202,8915,194325.689856,265322.366676,112170.499159,4969,1.00,1,99d1c7fab316,194,193,dataclass,native,2264,8
python,stream,message,100,41,msgspec-msgpack,0.21.1,1070,1375,52,2445,934579.439252,727272.727273,408997.955010,312,1.00,1,99d1c7fab316,72,61,struct,native,2265,9
python,stream,message,100,41,cloudpickle,3.1.2,10413,2590,202,13003,96033.803899,386100.386100,76905.329539,8946,1.00,1,99d1c7fab316,194,193,dataclass,native,2266,10
python,stream,message,100,41,mashumaro,3.22,1729,3316,168,5045,578368.999422,301568.154403,198216.055500,5466,1.00,1,99d1c7fab316,138,134,dataclass,adapted,2267,11
python,stream,message,100,41,orjson,3.11.9,699,869,168,1568,1430615.164521,1150747.986191,637755.102041,5466,1.00,1,99d1c7fab316,138,134,dict,adapted,2268,12
python,stream,message,100,41,serpyco-rs,1.21.0,1693,1741,168,3434,590667.454223,574382.538771,291205.591147,5466,1.00,1,99d1c7fab316,138,134,dataclass,adapted,2269,13
python,stream,message,100,41,pydantic,2.13.4,5123,10057,168,15180,195198.126098,99433.230586,65876.152833,2329,1.00,1,99d1c7fab316,138,134,model,adapted,2270,14
python,stream,message,100,41,json,python-3.14.0,7233,3858,168,11091,138255.219135,259201.658891,90163.195384,2329,1.00,1,99d1c7fab316,138,134,dict,adapted,2271,15
python,stream,message,100,42,dill,0.4.1,49988,29228,202,79216,20004.801152,34213.767620,12623.712381,10948,1.00,1,99d1c7fab316,194,193,dataclass,native,2272,0
python,stream,message,100,42,pickle,python-3.14.0,4981,3318,202,8299,200762.899016,301386.377336,120496.445355,4969,1.00,1,99d1c7fab316,194,193,dataclass,native,2273,1
python,stream,message,100,42,msgspec,0.21.1,1566,1871,80,3437,638569.604087,534473.543560,290951.411114,351,1.00,1,99d1c7fab316,97,89,struct,native,2274,2
python,stream,message,100,42,avro,1.12.2,8522,5278,44,13800,117343.346632,189465.706707,72463.768116,1808,1.00,1,99d1c7fab316,64,53,dict,adapted,2275,3
python,stream,message,100,42,flatbuffers,25.12.19,28293,8159,104,36452,35344.431485,122564.039711,27433.336991,1162,1.00,1,99d1c7fab316,102,107,dataclass,adapted,2276,4
python,stream,message,100,42,msgpack,1.2.1,2131,3545,124,5676,469263.256687,282087.447109,176180.408739,521,1.00,1,99d1c7fab316,124,121,dict,native,2277,5
python,stream,message,100,42,protobuf,7.35.1,1820,1872,50,3692,549450.549451,534188.034188,270855.904659,187,1.00,1,99d1c7fab316,71,59,message,adapted,2278,6
python,stream,message,100,42,msgspec-msgpack,0.21.1,1214,1473,52,2687,823723.228995,678886.625933,372162.262747,312,1.00,1,99d1c7fab316,72,61,struct,native,2279,7
python,stream,message,100,42,cloudpickle,3.1.2,12449,3721,202,16170,80327.737168,268744.961032,61842.918986,8946,1.00,1,99d1c7fab316,194,193,dataclass,native,2280,8
python,stream,message,100,42,serpyco-rs,1.21.0,2353,3003,168,5356,424989.375266,333000.333000,186706.497386,5466,1.00,1,99d1c7fab316,138,134,dataclass,adapted,2281,9
python,stream,message,100,42,json,python-3.14.0,8133,6432,168,14565,122955.858847,155472.636816,68657.741160,2329,1.00,1,99d1c7fab316,138,134,dict,adapted,2282,10
python,stream,message,100,42,orjson,3.11.9,901,1133,168,2034,1109877.913430,882612.533098,491642.084562,5466,1.00,1,99d1c7fab316,138,134,dict,adapted,2283,11
python,stream,message,100,42,rapidjson,1.23,3860,4136,168,7996,259067.357513,241779.497099,125062.531266,1492,1.00,1,99d1c7fab316,138,134,dict,adapted,2284,12
python,stream,message,100,42,cbor2,6.1.3,7369,3729,124,11098,135703.623287,268168.409761,90106.325464,908,1.00,1,99d1c7fab316,122,123,dict,adapted,2285,13
python,stream,message,100,42,mashumaro,3.22,1775,3107,168,4882,563380.281690,321853.878339,204834.084392,5466,1.00,1,99d1c7fab316,138,134,dataclass,adapted,2286,14
python,stream,message,100,42,pydantic,2.13.4,21917,8843,168,30760,45626.682484,113083.795092,32509.752926,2329,1.00,1,99d1c7fab316,138,134,model,adapted,2287,15
python,stream,message,100,43,orjson,3.11.9,756,1139,168,1895,1322751.322751,877963.125549,527704.485488,5466,1.00,1,99d1c7fab316,138,134,dict,adapted,2288,0
python,stream,message,100,43,cloudpickle,3.1.2,11437,4275,202,15712,87435.516307,233918.128655,63645.621181,8946,1.00,1,99d1c7fab316,194,193,dataclass,native,2289,1
python,stream,message,100,43,protobuf,7.35.1,1544,1739,50,3283,647668.393782,575043.128235,304599.451721,187,1.00,1,99d1c7fab316,71,59,message,adapted,2290,2
python,stream,message,100,43,avro,1.12.2,8054,4890,44,12944,124161.907127,204498.977505,77255.871446,1808,1.00,1,99d1c7fab316,64,53,dict,adapted,2291,3
python,stream,message,100,43,msgspec,0.21.1,1754,1934,80,3688,570125.427594,517063.081696,271149.674620,351,1.00,1,99d1c7fab316,97,89,struct,native,2292,4
python,stream,message,100,43,msgspec-msgpack,0.21.1,951,1170,52,2121,1051524.710831,854700.854701,471475.719000,312,1.00,1,99d1c7fab316,72,61,struct,native,2293,5
python,stream,message,100,43,cbor2,6.1.3,5885,3529,124,9414,169923.534410,283366.392746,106224.771617,908,1.00,1,99d1c7fab316,122,123,dict,adapted,2294,6
python,stream,message,100,43,msgpack,1.2.1,1973,3057,124,5030,506842.372022,327118.089630,198807.157058,521,1.00,1,99d1c7fab316,124,121,dict,native,2295,7
python,stream,message,100,43,pickle,python-3.14.0,4672,3446,202,8118,214041.095890,290191.526407,123183.050012,4969,1.00,1,99d1c7fab316,194,193,dataclass,native,2296,8
python,stream,message,100,43,dill,0.4.1,49486,6610,202,56096,20207.735521,151285.930408,17826.583001,10948,1.00,1,99d1c7fab316,194,193,dataclass,native,2297,9
python,stream,message,100,43,pydantic,2.13.4,4677,9811,168,14488,213812.272824,101926.409133,69022.639426,2329,1.00,1,99d1c7fab316,138,134,model,adapted,2298,10
python,stream,message,100,43,flatbuffers,25.12.19,26511,7729,104,34240,37720.191619,129382.843835,29205.607477,1162,1.00,1,99d1c7fab316,102,107,dataclass,adapted,2299,11
python,stream,message,100,43,mashumaro,3.22,1730,3495,168,5225,578034.682081,286123.032904,191387.559809,5466,1.00,1,99d1c7fab316,138,134,dataclass,adapted,2300,12
python,stream,message,100,43,serpyco-rs,1.21.0,1775,2101,168,3876,563380.281690,475963.826749,257997.936017,5466,1.00,1,99d1c7fab316,138,134,dataclass,adapted,2301,13
python,stream,message,100,43,rapidjson,1.23,3845,4014,168,7859,260078.023407,249128.051819,127242.651737,1492,1.00,1,99d1c7fab316,138,134,dict,adapted,2302,14
python,stream,message,100,43,json,python-3.14.0,7769,4761,168,12530,128716.694555,210039.907582,79808.459697,2329,1.00,1,99d1c7fab316,138,134,dict,adapted,2303,15
python,stream,message,100,44,msgspec-msgpack,0.21.1,1140,1526,52,2666,877192.982456,655307.994758,375093.773443,312,1.00,1,99d1c7fab316,72,61,struct,native,2304,0
python,stream,message,100,44,pydantic,2.13.4,4060,6932,168,10992,246305.418719,144258.511252,90975.254731,2329,1.00,1,99d1c7fab316,138,134,model,adapted,2305,1
python,stream,message,100,44,msgpack,1.2.1,1753,2923,124,4676,570450.656018,342114.266165,213857.998289,521,1.00,1,99d1c7fab316,124,121,dict,native,2306,2
python,stream,message,100,44,orjson,3.11.9,853,1275,168,2128,1172332.942556,784313.725490,469924.812030,5466,1.00,1,99d1c7fab316,138,134,dict,adapted,2307,3
python,stream,message,100,44,cbor2,6.1.3,6513,3463,124,9976,153539.075695,288766.965059,100240.577386,908,1.00,1,99d1c7fab316,122,123,dict,adapted,2308,4
python,stream,message,100,44,dill,0.4.1,47546,7320,202,54866,21032.263492,136612.021858,18226.223891,10948,1.00,1,99d1c7fab316,194,193,dataclass,native,2309,5
python,stream,message,100,44,json,python-3.14.0,6670,4625,168,11295,149925.037481,216216.216216,88534.749889,2329,1.00,1,99d1c7fab316,138,134,dict,adapted,2310,6
python,stream,message,100,44,flatbuffers,25.12.19,25164,7048,104,32212,39739.310126,141884.222474,31044.331305,1162,1.00,1,99d1c7fab316,102,107,dataclass,adapted,2311,7
python,stream,message,100,44,mashumaro,3.22,1455,2955,168,4410,687285.223368,338409.475465,226757.369615,5466,1.00,1,99d1c7fab316,138,134,dataclass,adapted,2312,8
python,stream,message,100,44,pickle,python-3.14.0,4531,3660,202,8191,220701.831825,273224.043716,122085.215480,4969,1.00,1,99d1c7fab316,194,193,dataclass,native,2313,9
python,stream,message,100,44,msgspec,0.21.1,1688,1840,80,3528,592417.061611,543478.260870,283446.712018,351,1.00,1,99d1c7fab316,97,89,struct,native,2314,10
python,stream,message,100,44,rapidjson,1.23,3294,3701,168,6995,303582.270795,270197.243988,142959.256612,1492,1.00,1,99d1c7fab316,138,134,dict,adapted,2315,11
python,stream,message,100,44,cloudpickle,3.1.2,10689,2773,202,13462,93554.121059,360620.266859,74283.167434,8946,1.00,1,99d1c7fab316,194,193,dataclass,native,2316,12
python,stream,message,100,44,serpyco-rs,1.21.0,1851,2138,168,3989,540248.514317,467726.847521,250689.395839,5466,1.00,1,99d1c7fab316,138,134,dataclass,adapted,2317,13
python,stream,message,100,44,avro,1.12.2,8073,5158,44,13231,123869.689087,193873.594416,75580.077092,1808,1.00,1,99d1c7fab316,64,53,dict,adapted,2318,14
python,stream,message,100,44,protobuf,7.35.1,1838,1826,50,3664,544069.640914,547645.125958,272925.764192,187,1.00,1,99d1c7fab316,71,59,message,adapted,2319,15
python,stream,message,100,45,msgspec-msgpack,0.21.1,1257,1506,52,2763,795544.948290,664010.624170,361925.443359,312,1.00,1,99d1c7fab316,72,61,struct,native,2320,0
python,stream,message,100,45,mashumaro,3.22,1742,3004,168,4746,574052.812859,332889.480692,210703.750527,5466,1.00,1,99d1c7fab316,138,134,dataclass,adapted,2321,1
python,stream,message,100,45,msgspec,0.21.1,1431,1478,80,2909,698812.019567,676589.986468,343760.742523,351,1.00,1,99d1c7fab316,97,89,struct,native,2322,2
python,stream,message,100,45,cloudpickle,3.1.2,10175,4235,202,14410,98280.098280,236127.508855,69396.252602,8946,1.00,1,99d1c7fab316,194,193,dataclass,native,2323,3
python,stream,message,100,45,orjson,3.11.9,816,1058,168,1874,1225490.196078,945179.584121,533617.929562,5466,1.00,1,99d1c7fab316,138,134,dict,adapted,2324,4
python,stream,message,100,45,json,python-3.14.0,7572,5475,168,13047,132065.504490,182648.401826,76645.972254,2329,1.00,1,99d1c7fab316,138,134,dict,adapted,2325,5
python,stream,message,100,45,msgpack,1.2.1,1923,3122,124,5045,520020.800832,320307.495195,198216.055500,521,1.00,1,99d1c7fab316,124,121,dict,native,2326,6
python,stream,message,100,45,pydantic,2.13.4,5229,8329,168,13558,191241.155097,120062.432465,73757.191326,2329,1.00,1,99d1c7fab316,138,134,model,adapted,2327,7
python,stream,message,100,45,avro,1.12.2,6883,4375,44,11258,145285.485980,228571.428571,88825.723930,1808,1.00,1,99d1c7fab316,64,53,dict,adapted,2328,8
python,stream,message,100,45,protobuf,7.35.1,1289,1497,50,2786,775795.190070,668002.672011,358937.544867,187,1.00,1,99d1c7fab316,71,59,message,adapted,2329,9
python,stream,message,100,45,serpyco-rs,1.21.0,2012,2231,168,4243,497017.892644,448229.493501,235682.300259,5466,1.00,1,99d1c7fab316,138,134,dataclass,adapted,2330,10
python,stream,message,100,45,flatbuffers,25.12.19,33896,8668,104,42564,29502.006136,115366.866636,23494.032516,1162,1.00,1,99d1c7fab316,102,107,dataclass,adapted,2331,11
python,stream,message,100,45,rapidjson,1.23,3966,4346,168,8312,252143.217347,230096.640589,120307.988450,1492,1.00,1,99d1c7fab316,138,134,dict,adapted,2332,12
python,stream,message,100,45,dill,0.4.1,53432,8490,202,61922,18715.376553,117785.630153,16149.349181,10948,1.00,1,99d1c7fab316,194,193,dataclass,native,2333,13
python,stream,message,100,45,cbor2,6.1.3,7219,4103,124,11322,138523.341183,243724.104314,88323.617735,908,1.00,1,99d1c7fab316,122,123,dict,adapted,2334,14
python,stream,message,100,45,pickle,python-3.14.0,5354,3693,202,9047,186776.242062,270782.561603,110533.878634,4969,1.00,1,99d1c7fab316,194,193,dataclass,native,2335,15
python,stream,message,100,46,rapidjson,1.23,3224,3314,168,6538,310173.697270,301750.150875,152951.973080,1492,1.00,1,99d1c7fab316,138,134,dict,adapted,2336,0
python,stream,message,100,46,json,python-3.14.0,7493,5426,168,12919,133457.894034,184297.825286,77405.371933,2329,1.00,1,99d1c7fab316,138,134,dict,adapted,2337,1
python,stream,message,100,46,pydantic,2.13.4,4800,7628,168,12428,208333.333333,131095.962244,80463.469585,2329,1.00,1,99d1c7fab316,138,134,model,adapted,2338,2
python,stream,message,100,46,cbor2,6.1.3,5510,2979,124,8489,181488.203267,335683.115139,117799.505242,908,1.00,1,99d1c7fab316,122,123,dict,adapted,2339,3
python,stream,message,100,46,mashumaro,3.22,1776,3211,168,4987,563063.063063,311429.461227,200521.355524,5466,1.00,1,99d1c7fab316,138,134,dataclass,adapted,2340,4
python,stream,message,100,46,cloudpickle,3.1.2,11439,3798,202,15237,87420.229041,263296.471827,65629.717136,8946,1.00,1,99d1c7fab316,194,193,dataclass,native,2341,5
python,stream,message,100,46,msgspec-msgpack,0.21.1,1385,1618,52,3003,722021.660650,618046.971570,333000.333000,312,1.00,1,99d1c7fab316,72,61,struct,native,2342,6
python,stream,message,100,46,serpyco-rs,1.21.0,1785,2103,168,3888,560224.089636,475511.174513,257201.646091,5466,1.00,1,99d1c7fab316,138,134,dataclass,adapted,2343,7
python,stream,message,100,46,pickle,python-3.14.0,3393,2720,202,6113,294724.432655,367647.058824,163585.800752,4969,1.00,1,99d1c7fab316,194,193,dataclass,native,2344,8
python,stream,message,100,46,dill,0.4.1,47868,6249,202,54117,20890.782987,160025.604097,18478.481808,10948,1.00,1,99d1c7fab316,194,193,dataclass,native,2345,9
python,stream,message,100,46,orjson,3.11.9,951,1232,168,2183,1051524.710831,811688.311688,458085.203848,5466,1.00,1,99d1c7fab316,138,134,dict,adapted,2346,10
python,stream,message,100,46,msgpack,1.2.1,2132,3252,124,5384,469043.151970,307503.075031,185735.512630,521,1.00,1,99d1c7fab316,124,121,dict,native,2347,11
python,stream,message,100,46,flatbuffers,25.12.19,28633,8143,104,36776,34924.737191,122804.863073,27191.646726,1162,1.00,1,99d1c7fab316,102,107,dataclass,adapted,2348,12
python,stream,message,100,46,msgspec,0.21.1,1795,1918,80,3713,557103.064067,521376.433785,269323.996768,351,1.00,1,99d1c7fab316,97,89,struct,native,2349,13
python,stream,message,100,46,avro,1.12.2,8174,5262,44,13436,122339.124052,190041.809198,74426.912772,1808,1.00,1,99d1c7fab316,64,53,dict,adapted,2350,14
python,stream,message,100,46,protobuf,7.35.1,2064,1815,50,3879,484496.124031,550964.187328,257798.401650,187,1.00,1,99d1c7fab316,71,59,message,adapted,2351,15
python,stream,message,100,47,orjson,3.11.9,1073,1328,168,2401,931966.449208,753012.048193,416493.127863,5466,1.00,1,99d1c7fab316,138,134,dict,adapted,2352,0
python,stream,message,100,47,msgpack,1.2.1,1844,2907,124,4751,542299.349241,343997.248022,210482.003789,521,1.00,1,99d1c7fab316,124,121,dict,native,2353,1
python,stream,message,100,47,mashumaro,3.22,1598,2849,168,4447,625782.227785,351000.351000,224870.699348,5466,1.00,1,99d1c7fab316,138,134,dataclass,adapted,2354,2
python,stream,message,100,47,serpyco-rs,1.21.0,1656,1995,168,3651,603864.734300,501253.132832,273897.562312,5466,1.00,1,99d1c7fab316,138,134,dataclass,adapted,2355,3
python,stream,message,100,47,dill,0.4.1,51643,8257,202,59900,19363.708537,121109.361754,16694.490818,10948,1.00,1,99d1c7fab316,194,193,dataclass,native,2356,4
python,stream,message,100,47,rapidjson,1.23,4408,4500,168,8908,226860.254083,222222.222222,112258.643916,1492,1.00,1,99d1c7fab316,138,134,dict,adapted,2357,5
python,stream,message,100,47,flatbuffers,25.12.19,28931,7935,104,36866,34564.999482,126023.944549,27125.264471,1162,1.00,1,99d1c7fab316,102,107,dataclass,adapted,2358,6
python,stream,message,100,47,cbor2,6.1.3,7245,3731,124,10976,138026.224983,268024.658269,91107.871720,908,1.00,1,99d1c7fab316,122,123,dict,adapted,2359,7
python,stream,message,100,47,protobuf,7.35.1,1642,1630,50,3272,609013.398295,613496.932515,305623.471883,187,1.00,1,99d1c7fab316,71,59,message,adapted,2360,8
python,stream,message,100,47,pickle,python-3.14.0,6345,4797,202,11142,157604.412924,208463.623098,89750.493628,4969,1.00,1,99d1c7fab316,194,193,dataclass,native,2361,9
python,stream,message,100,47,pydantic,2.13.4,5768,11758,168,17526,173370.319001,85048.477632,57058.085131,2329,1.00,1,99d1c7fab316,138,134,model,adapted,2362,10
python,stream,message,100,47,msgspec-msgpack,0.21.1,1574,1743,52,3317,635324.015248,573723.465290,301477.238468,312,1.00,1,99d1c7fab316,72,61,struct,native,2363,11
python,stream,message,100,47,avro,1.12.2,8686,5131,44,13817,115127.791849,194893.782888,72374.610986,1808,1.00,1,99d1c7fab316,64,53,dict,adapted,2364,12
python,stream,message,100,47,json,python-3.14.0,9202,4922,168,14124,108672.027820,203169.443316,70801.472671,2329,1.00,1,99d1c7fab316,138,134,dict,adapted,2365,13
python,stream,message,100,47,msgspec,0.21.1,1847,1941,80,3788,541418.516513,515198.351365,263991.552270,351,1.00,1,99d1c7fab316,97,89,struct,native,2366,14
python,stream,message,100,47,cloudpickle,3.1.2,14108,4365,202,18473,70881.769209,229095.074456,54133.059059,8946,1.00,1,99d1c7fab316,194,193,dataclass,native,2367,15
python,stream,message,100,48,msgpack,1.2.1,1963,3036,124,4999,509424.350484,329380.764163,200040.008002,521,1.00,1,99d1c7fab316,124,121,dict,native,2368,0
python,stream,message,100,48,dill,0.4.1,50534,7143,202,57677,19788.657142,139997.200056,17337.933665,10948,1.00,1,99d1c7fab316,194,193,dataclass,native,2369,1
python,stream,message,100,48,json,python-3.14.0,7352,5537,168,12889,136017.410229,180603.214737,77585.538056,2329,1.00,1,99d1c7fab316,138,134,dict,adapted,2370,2
python,stream,message,100,48,cbor2,6.1.3,7329,3900,124,11229,136444.262519,256410.256410,89055.125122,908,1.00,1,99d1c7fab316,122,123,dict,adapted,2371,3
python,stream,message,100,48,cloudpickle,3.1.2,11449,3793,202,15242,87343.872827,263643.553915,65608.187902,8946,1.00,1,99d1c7fab316,194,193,dataclass,native,2372,4
python,stream,message,100,48,mashumaro,3.22,1988,3953,168,5941,503018.108652,252972.426006,168321.831342,5466,1.00,1,99d1c7fab316,138,134,dataclass,adapted,2373,5
python,stream,message,100,48,pydantic,2.13.4,4945,8638,168,13583,202224.469161,115767.538782,73621.438563,2329,1.00,1,99d1c7fab316,138,134,model,adapted,2374,6
python,stream,message,100,48,flatbuffers,25.12.19,27784,7982,104,35766,35991.937806,125281.884240,27959.514623,1162,1.00,1,99d1c7fab316,102,107,dataclass,adapted,2375,7
python,stream,message,100,48,msgspec,0.21.1,1648,1995,80,3643,606796.116505,501253.132832,274499.039253,351,1.00,1,99d1c7fab316,97,89,struct,native,2376,8
python,stream,message,100,48,serpyco-rs,1.21.0,2144,2841,168,4985,466417.910448,351988.736360,200601.805416,5466,1.00,1,99d1c7fab316,138,134,dataclass,adapted,2377,9
python,stream,message,100,48,orjson,3.11.9,793,976,168,1769,1261034.047919,1024590.163934,565291.124929,5466,1.00,1,99d1c7fab316,138,134,dict,adapted,2378,10
python,stream,message,100,48,pickle,python-3.14.0,4892,4403,202,9295,204415.372036,227117.874177,107584.722969,4969,1.00,1,99d1c7fab316,194,193,dataclass,native,2379,11
python,stream,message,100,48,avro,1.12.2,8305,4877,44,13182,120409.391933,205044.084478,75861.022607,1808,1.00,1,99d1c7fab316,64,53,dict,adapted,2380,12
python,stream,message,100,48,msgspec-msgpack,0.21.1,1121,1500,52,2621,892060.660125,666666.666667,381533.765738,312,1.00,1,99d1c7fab316,72,61,struct,native,2381,13
python,stream,message,100,48,rapidjson,1.23,4746,4256,168,9002,210703.750527,234962.406015,111086.425239,1492,1.00,1,99d1c7fab316,138,134,dict,adapted,2382,14
python,stream,message,100,48,protobuf,7.35.1,1927,2014,50,3941,518941.359626,496524.329692,253742.704897,187,1.00,1,99d1c7fab316,71,59,message,adapted,2383,15
python,stream,message,100,49,msgpack,1.2.1,1909,3442,124,5351,523834.468308,290528.762347,186880.956830,521,1.00,1,99d1c7fab316,124,121,dict,native,2384,0
python,stream,message,100,49,dill,0.4.1,50596,7498,202,58094,19764.408254,133368.898373,17213.481599,10948,1.00,1,99d1c7fab316,194,193,dataclass,native,2385,1
python,stream,message,100,49,pydantic,2.13.4,5193,10724,168,15917,192566.917004,93248.787766,62825.909405,2329,1.00,1,99d1c7fab316,138,134,model,adapted,2386,2
python,stream,message,100,49,protobuf,7.35.1,1493,1526,50,3019,669792.364367,655307.994758,331235.508447,187,1.00,1,99d1c7fab316,71,59,message,adapted,2387,3
python,stream,message,100,49,orjson,3.11.9,1130,1816,168,2946,884955.752212,550660.792952,339443.312967,5466,1.00,1,99d1c7fab316,138,134,dict,adapted,2388,4
python,stream,message,100,49,msgspec-msgpack,0.21.1,1269,1558,52,2827,788022.064618,641848.523748,353731.871242,312,1.00,1,99d1c7fab316,72,61,struct,native,2389,5
python,stream,message,100,49,mashumaro,3.22,1792,2746,168,4538,558035.714286,364166.059723,220361.392684,5466,1.00,1,99d1c7fab316,138,134,dataclass,adapted,2390,6
python,stream,message,100,49,msgspec,0.21.1,1639,1604,80,3243,610128.126907,623441.396509,308356.460068,351,1.00,1,99d1c7fab316,97,89,struct,native,2391,7
python,stream,message,100,49,avro,1.12.2,7725,4934,44,12659,129449.838188,202675.314147,78995.181294,1808,1.00,1,99d1c7fab316,64,53,dict,adapted,2392,8
python,stream,message,100,49,pickle,python-3.14.0,5558,4847,202,10405,179920.834833,206313.183412,96107.640557,4969,1.00,1,99d1c7fab316,194,193,dataclass,native,2393,9
python,stream,message,100,49,rapidjson,1.23,3676,3964,168,7640,272034.820457,252270.433905,130890.052356,1492,1.00,1,99d1c7fab316,138,134,dict,adapted,2394,10
python,stream,message,100,49,flatbuffers,25.12.19,28333,8541,104,36874,35294.532877,117082.308863,27119.379509,1162,1.00,1,99d1c7fab316,102,107,dataclass,adapted,2395,11
python,stream,message,100,49,serpyco-rs,1.21.0,1974,2282,168,4256,506585.612969,438212.094654,234962.406015,5466,1.00,1,99d1c7fab316,138,134,dataclass,adapted,2396,12
python,stream,message,100,49,cbor2,6.1.3,8510,4074,124,12584,117508.813161,245459.008346,79465.988557,908,1.00,1,99d1c7fab316,122,123,dict,adapted,2397,13
python,stream,message,100,49,cloudpickle,3.1.2,12672,3563,202,16235,78914.141414,280662.363177,61595.318756,8946,1.00,1,99d1c7fab316,194,193,dataclass,native,2398,14
python,stream,message,100,49,json,python-3.14.0,8330,5892,168,14222,120048.019208,169721.656483,70313.598650,2329,1.00,1,99d1c7fab316,138,134,dict,adapted,2399,15
python,stream,message,100,50,cloudpickle,3.1.2,8152,3123,202,11275,122669.283611,320204.931156,88691.796009,8946,1.00,1,99d1c7fab316,194,193,dataclass,native,2400,0
python,stream,message,100,50,protobuf,7.35.1,1494,1664,50,3158,669344.042838,600961.538462,316656.111463,187,1.00,1,99d1c7fab316,71,59,message,adapted,2401,1
python,stream,message,100,50,avro,1.12.2,8601,4757,44,13358,116265.550517,210216.523019,74861.506214,1808,1.00,1,99d1c7fab316,64,53,dict,adapted,2402,2
python,stream,message,100,50,msgspec,0.21.1,1708,2350,80,4058,585480.093677,425531.914894,246426.811237,351,1.00,1,99d1c7fab316,97,89,struct,native,2403,3
python,stream,message,100,50,orjson,3.11.9,1425,1702,168,3127,701754.385965,587544.065805,319795.330988,5466,1.00,1,99d1c7fab316,138,134,dict,adapted,2404,4
python,stream,message,100,50,pickle,python-3.14.0,4514,3503,202,8017,221533.008418,285469.597488,124734.938256,4969,1.00,1,99d1c7fab316,194,193,dataclass,native,2405,5
python,stream,message,100,50,mashumaro,3.22,8383,3501,168,11884,119289.037337,285632.676378,84146.751935,5466,1.00,1,99d1c7fab316,138,134,dataclass,adapted,2406,6
python,stream,message,100,50,msgspec-msgpack,0.21.1,1071,1373,52,2444,933706.816060,728332.119446,409165.302782,312,1.00,1,99d1c7fab316,72,61,struct,native,2407,7
python,stream,message,100,50,json,python-3.14.0,7728,6740,168,14468,129399.585921,148367.952522,69118.053636,2329,1.00,1,99d1c7fab316,138,134,dict,adapted,2408,8
python,stream,message,100,50,rapidjson,1.23,3618,4473,168,8091,276395.798784,223563.603845,123594.116920,1492,1.00,1,99d1c7fab316,138,134,dict,adapted,2409,9
python,stream,message,100,50,flatbuffers,25.12.19,37039,8592,104,45631,26998.569076,116387.337058,21914.926256,1162,1.00,1,99d1c7fab316,102,107,dataclass,adapted,2410,10
python,stream,message,100,50,dill,0.4.1,61147,12502,202,73649,16354.032087,79987.202048,13577.916876,10948,1.00,1,99d1c7fab316,194,193,dataclass,native,2411,11
python,stream,message,100,50,msgpack,1.2.1,3062,4083,124,7145,326583.932071,244917.952486,139958.012596,521,1.00,1,99d1c7fab316,124,121,dict,native,2412,12
python,stream,message,100,50,serpyco-rs,1.21.0,13101,2802,168,15903,76330.051141,356887.937188,62881.217380,5466,1.00,1,99d1c7fab316,138,134,dataclass,adapted,2413,13
python,stream,message,100,50,cbor2,6.1.3,8195,4368,124,12563,122025.625381,228937.728938,79598.821937,908,1.00,1,99d1c7fab316,122,123,dict,adapted,2414,14
python,stream,message,100,50,pydantic,2.13.4,7089,11812,168,18901,141063.619692,84659.668134,52907.253584,2329,1.00,1,99d1c7fab316,138,134,model,adapted,2415,15
python,stream,message,100,51,rapidjson,1.23,6097,3737,168,9834,164015.089388,267594.327000,101688.021151,1492,1.00,1,99d1c7fab316,138,134,dict,adapted,2416,0
python,stream,message,100,51,pickle,python-3.14.0,4776,3849,202,8625,209380.234506,259807.742271,115942.028986,4969,1.00,1,99d1c7fab316,194,193,dataclass,native,2417,1
python,stream,message,100,51,dill,0.4.1,48340,6628,202,54968,20686.801820,150875.075438,18192.402853,10948,1.00,1,99d1c7fab316,194,193,dataclass,native,2418,2
python,stream,message,100,51,cloudpickle,3.1.2,10426,2824,202,13250,95914.061001,354107.648725,75471.698113,8946,1.00,1,99d1c7fab316,194,193,dataclass,native,2419,3
python,stream,message,100,51,flatbuffers,25.12.19,27171,7927,104,35098,36803.945383,126151.129053,28491.651946,1162,1.00,1,99d1c7fab316,102,107,dataclass,adapted,2420,4
python,stream,message,100,51,mashumaro,3.22,1586,3660,168,5246,630517.023960,273224.043716,190621.425848,5466,1.00,1,99d1c7fab316,138,134,dataclass,adapted,2421,5
python,stream,message,100,51,cbor2,6.1.3,6799,3483,124,10282,147080.453008,287108.814241,97257.342929,908,1.00,1,99d1c7fab316,122,123,dict,adapted,2422,6
python,stream,message,100,51,json,python-3.14.0,7811,5796,168,13607,128024.580719,172532.781228,73491.585213,2329,1.00,1,99d1c7fab316,138,134,dict,adapted,2423,7
python,stream,message,100,51,avro,1.12.2,9068,5663,44,14731,110277.900309,176584.849020,67884.054036,1808,1.00,1,99d1c7fab316,64,53,dict,adapted,2424,8
python,stream,message,100,51,serpyco-rs,1.21.0,2020,2399,168,4419,495049.504950,416840.350146,226295.541978,5466,1.00,1,99d1c7fab316,138,134,dataclass,adapted,2425,9
python,stream,message,100,51,msgspec,0.21.1,1873,2102,80,3975,533902.829685,475737.392959,251572.327044,351,1.00,1,99d1c7fab316,97,89,struct,native,2426,10
python,stream,message,100,51,pydantic,2.13.4,5771,9148,168,14919,173280.194074,109313.511150,67028.621221,2329,1.00,1,99d1c7fab316,138,134,model,adapted,2427,11
python,stream,message,100,51,msgpack,1.2.1,2153,3601,124,5754,464468.183929,277700.638711,173792.144595,521,1.00,1,99d1c7fab316,124,121,dict,native,2428,12
python,stream,message,100,51,msgspec-msgpack,0.21.1,1019,1394,52,2413,981354.268891,717360.114778,414421.881475,312,1.00,1,99d1c7fab316,72,61,struct,native,2429,13
python,stream,message,100,51,protobuf,7.35.1,1716,1956,50,3672,582750.582751,511247.443763,272331.154684,187,1.00,1,99d1c7fab316,71,59,message,adapted,2430,14
python,stream,message,100,51,orjson,3.11.9,914,1448,168,2362,1094091.903720,690607.734807,423370.025402,5466,1.00,1,99d1c7fab316,138,134,dict,adapted,2431,15
python,stream,message,100,52,json,python-3.14.0,7173,4391,168,11564,139411.682699,227738.556138,86475.268073,2329,1.00,1,99d1c7fab316,138,134,dict,adapted,2432,0
python,stream,message,100,52,cloudpickle,3.1.2,11466,4093,202,15559,87214.372929,244319.569998,64271.482743,8946,1.00,1,99d1c7fab316,194,193,dataclass,native,2433,1
python,stream,message,100,52,protobuf,7.35.1,1109,1361,50,2470,901713.255185,734753.857458,404858.299595,187,1.00,1,99d1c7fab316,71,59,message,adapted,2434,2
python,stream,message,100,52,mashumaro,3.22,1518,2879,168,4397,658761.528327,347342.827371,227427.791676,5466,1.00,1,99d1c7fab316,138,134,dataclass,adapted,2435,3
python,stream,message,100,52,cbor2,6.1.3,6708,3464,124,10172,149075.730471,288683.602771,98309.083759,908,1.00,1,99d1c7fab316,122,123,dict,adapted,2436,4
python,stream,message,100,52,msgspec,0.21.1,1528,1729,80,3257,654450.261780,578368.999422,307031.010132,351,1.00,1,99d1c7fab316,97,89,struct,native,2437,5
python,stream,message,100,52,dill,0.4.1,49743,7804,202,57547,20103.331122,128139.415684,17377.100457,10948,1.00,1,99d1c7fab316,194,193,dataclass,native,2438,6
python,stream,message,100,52,msgspec-msgpack,0.21.1,1198,1404,52,2602,834724.540902,712250.712251,384319.754035,312,1.00,1,99d1c7fab316,72,61,struct,native,2439,7
python,stream,message,100,52,msgpack,1.2.1,1999,3279,124,5278,500250.125063,304971.027752,189465.706707,521,1.00,1,99d1c7fab316,124,121,dict,native,2440,8
python,stream,message,100,52,orjson,3.11.9,958,1547,168,2505,1043841.336117,646412.411118,399201.596806,5466,1.00,1,99d1c7fab316,138,134,dict,adapted,2441,9
python,stream,message,100,52,pickle,python-3.14.0,4215,3536,202,7751,237247.924081,282805.429864,129015.610889,4969,1.00,1,99d1c7fab316,194,193,dataclass,native,2442,10
python,stream,message,100,52,serpyco-rs,1.21.0,1874,2062,168,3936,533617.929562,484966.052376,254065.040650,5466,1.00,1,99d1c7fab316,138,134,dataclass,adapted,2443,11
python,stream,message,100,52,avro,1.12.2,8014,4970,44,12984,124781.632144,201207.243461,77017.868145,1808,1.00,1,99d1c7fab316,64,53,dict,adapted,2444,12
python,stream,message,100,52,pydantic,2.13.4,5097,10389,168,15486,196193.839513,96255.655020,64574.454346,2329,1.00,1,99d1c7fab316,138,134,model,adapted,2445,13
python,stream,message,100,52,rapidjson,1.23,3975,4046,168,8021,251572.327044,247157.686604,124672.734073,1492,1.00,1,99d1c7fab316,138,134,dict,adapted,2446,14
python,stream,message,100,52,flatbuffers,25.12.19,29250,8192,104,37442,34188.034188,122070.312500,26707.975001,1162,1.00,1,99d1c7fab316,102,107,dataclass,adapted,2447,15
python,stream,message,100,53,msgspec-msgpack,0.21.1,1218,1486,52,2704,821018.062397,672947.510094,369822.485207,312,1.00,1,99d1c7fab316,72,61,struct,native,2448,0
python,stream,message,100,53,flatbuffers,25.12.19,23211,6024,104,29235,43083.020981,166002.656042,34205.575509,1162,1.00,1,99d1c7fab316,102,107,dataclass,adapted,2449,1
python,stream,message,100,53,msgspec,0.21.1,1971,1743,80,3714,507356.671740,573723.465290,269251.480883,351,1.00,1,99d1c7fab316,97,89,struct,native,2450,2
python,stream,message,100,53,protobuf,7.35.1,1716,2007,50,3723,582750.582751,498256.103637,268600.590921,187,1.00,1,99d1c7fab316,71,59,message,adapted,2451,3
python,stream,message,100,53,rapidjson,1.23,3601,5933,168,9534,277700.638711,168548.794876,104887.770086,1492,1.00,1,99d1c7fab316,138,134,dict,adapted,2452,4
python,stream,message,100,53,orjson,3.11.9,1031,1698,168,2729,969932.104753,588928.150766,366434.591425,5466,1.00,1,99d1c7fab316,138,134,dict,adapted,2453,5
python,stream,message,100,53,pydantic,2.13.4,4476,9285,168,13761,223413.762288,107700.592353,72669.137417,2329,1.00,1,99d1c7fab316,138,134,model,adapted,2454,6
python,stream,message,100,53,cbor2,6.1.3,7325,3869,124,11194,136518.771331,258464.719566,89333.571556,908,1.00,1,99d1c7fab316,122,123,dict,adapted,2455,7
python,stream,message,100,53,pickle,python-3.14.0,6297,5315,202,11612,158805.780530,188146.754468,86117.809163,4969,1.00,1,99d1c7fab316,194,193,dataclass,native,2456,8
python,stream,message,100,53,avro,1.12.2,8092,5144,44,13236,123578.843302,194401.244168,75551.526141,1808,1.00,1,99d1c7fab316,64,53,dict,adapted,2457,9
python,stream,message,100,53,mashumaro,3.22,1617,3428,168,5045,618429.189858,291715.285881,198216.055500,5466,1.00,1,99d1c7fab316,138,134,dataclass,adapted,2458,10
python,stream,message,100,53,msgpack,1.2.1,2165,3328,124,5493,461893.764434,300480.769231,182049.881668,521,1.00,1,99d1c7fab316,124,121,dict,native,2459,11
python,stream,message,100,53,serpyco-rs,1.21.0,1837,2024,168,3861,544365.813827,494071.146245,259000.259000,5466,1.00,1,99d1c7fab316,138,134,dataclass,adapted,2460,12
python,stream,message,100,53,dill,0.4.1,58726,8374,202,67100,17028.232810,119417.243850,14903.129657,10948,1.00,1,99d1c7fab316,194,193,dataclass,native,2461,13
python,stream,message,100,53,cloudpickle,3.1.2,12966,3458,202,16424,77124.787907,289184.499711,60886.507550,8946,1.00,1,99d1c7fab316,194,193,dataclass,native,2462,14
python,stream,message,100,53,json,python-3.14.0,8697,6234,168,14931,114982.177762,160410.651267,66974.750519,2329,1.00,1,99d1c7fab316,138,134,dict,adapted,2463,15
python,stream,message,100,54,cloudpickle,3.1.2,8418,3304,202,11722,118793.062485,302663.438257,85309.674117,8946,1.00,1,99d1c7fab316,194,193,dataclass,native,2464,0
python,stream,message,100,54,mashumaro,3.22,1660,3302,168,4962,602409.638554,302846.759540,201531.640468,5466,1.00,1,99d1c7fab316,138,134,dataclass,adapted,2465,1
python,stream,message,100,54,pickle,python-3.14.0,3888,3023,202,6911,257201.646091,330797.221303,144696.860078,4969,1.00,1,99d1c7fab316,194,193,dataclass,native,2466,2
python,stream,message,100,54,rapidjson,1.23,4022,4056,168,8078,248632.521134,246548.323471,123793.018074,1492,1.00,1,99d1c7fab316,138,134,dict,adapted,2467,3
python,stream,message,100,54,msgspec-msgpack,0.21.1,1588,1534,52,3122,629722.921914,651890.482399,320307.495195,312,1.00,1,99d1c7fab316,72,61,struct,native,2468,4
python,stream,message,100,54,orjson,3.11.9,719,1137,168,1856,1390820.584145,879507.475814,538793.103448,5466,1.00,1,99d1c7fab316,138,134,dict,adapted,2469,5
python,stream,message,100,54,dill,0.4.1,45916,6528,202,52444,21778.900601,153186.274510,19067.958203,10948,1.00,1,99d1c7fab316,194,193,dataclass,native,2470,6
python,stream,message,100,54,msgpack,1.2.1,1990,3229,124,5219,502512.562814,309693.403531,191607.587660,521,1.00,1,99d1c7fab316,124,121,dict,native,2471,7
python,stream,message,100,54,flatbuffers,25.12.19,26565,7398,104,33963,37643.515904,135171.668018,29443.806495,1162,1.00,1,99d1c7fab316,102,107,dataclass,adapted,2472,8
python,stream,message,100,54,pydantic,2.13.4,5638,9976,168,15614,177367.860944,100240.577386,64045.087742,2329,1.00,1,99d1c7fab316,138,134,model,adapted,2473,9
python,stream,message,100,54,serpyco-rs,1.21.0,1905,2470,168,4375,524934.383202,404858.299595,228571.428571,5466,1.00,1,99d1c7fab316,138,134,dataclass,adapted,2474,10
python,stream,message,100,54,cbor2,6.1.3,7539,3921,124,11460,132643.586683,255036.980362,87260.034904,908,1.00,1,99d1c7fab316,122,123,dict,adapted,2475,11
python,stream,message,100,54,json,python-3.14.0,7762,4800,168,12562,128832.775058,208333.333333,79605.158414,2329,1.00,1,99d1c7fab316,138,134,dict,adapted,2476,12
python,stream,message,100,54,msgspec,0.21.1,1670,1886,80,3556,598802.395210,530222.693531,281214.848144,351,1.00,1,99d1c7fab316,97,89,struct,native,2477,13
python,stream,message,100,54,avro,1.12.2,8455,5207,44,13662,118273.211118,192049.164586,73195.725370,1808,1.00,1,99d1c7fab316,64,53,dict,adapted,2478,14
python,stream,message,100,54,protobuf,7.35.1,2047,1951,50,3998,488519.785051,512557.662737,250125.062531,187,1.00,1,99d1c7fab316,71,59,message,adapted,2479,15
python,stream,message,100,55,mashumaro,3.22,1654,3019,168,4673,604594.921403,331235.508447,213995.292104,5466,1.00,1,99d1c7fab316,138,134,dataclass,adapted,2480,0
python,stream,message,100,55,dill,0.4.1,48717,7998,202,56715,20526.715520,125031.257814,17632.019748,10948,1.00,1,99d1c7fab316,194,193,dataclass,native,2481,1
python,stream,message,100,55,json,python-3.14.0,7375,5692,168,13067,135593.220339,175685.172171,76528.659983,2329,1.00,1,99d1c7fab316,138,134,dict,adapted,2482,2
python,stream,message,100,55,rapidjson,1.23,3537,4106,168,7643,282725.473565,243546.030200,130838.675913,1492,1.00,1,99d1c7fab316,138,134,dict,adapted,2483,3
python,stream,message,100,55,cloudpickle,3.1.2,12162,3860,202,16022,82223.318533,259067.357513,62414.180502,8946,1.00,1,99d1c7fab316,194,193,dataclass,native,2484,4
python,stream,message,100,55,orjson,3.11.9,1059,1355,168,2414,944287.063267,738007.380074,414250.207125,5466,1.00,1,99d1c7fab316,138,134,dict,adapted,2485,5
python,stream,message,100,55,cbor2,6.1.3,6768,3435,124,10203,147754.137116,291120.815138,98010.389101,908,1.00,1,99d1c7fab316,122,123,dict,adapted,2486,6
python,stream,message,100,55,protobuf,7.35.1,1611,1743,50,3354,620732.464308,573723.465290,298151.460942,187,1.00,1,99d1c7fab316,71,59,message,adapted,2487,7
python,stream,message,100,55,avro,1.12.2,8208,5171,44,13379,121832.358674,193386.192226,74744.001794,1808,1.00,1,99d1c7fab316,64,53,dict,adapted,2488,8
python,stream,message,100,55,pickle,python-3.14.0,5431,3948,202,9379,184128.153195,253292.806484,106621.174965,4969,1.00,1,99d1c7fab316,194,193,dataclass,native,2489,9
python,stream,message,100,55,pydantic,2.13.4,6173,9810,168,15983,161995.788110,101936.799185,62566.476882,2329,1.00,1,99d1c7fab316,138,134,model,adapted,2490,10
python,stream,message,100,55,msgspec-msgpack,0.21.1,1812,1757,52,3569,551876.379691,569151.963574,280190.529560,312,1.00,1,99d1c7fab316,72,61,struct,native,2491,11
python,stream,message,100,55,flatbuffers,25.12.19,29770,7812,104,37582,33590.863285,128008.192524,26608.482784,1162,1.00,1,99d1c7fab316,102,107,dataclass,adapted,2492,12
python,stream,message,100,55,msgspec,0.21.1,1506,1769,80,3275,664010.624170,565291.124929,305343.511450,351,1.00,1,99d1c7fab316,97,89,struct,native,2493,13
python,stream,message,100,55,serpyco-rs,1.21.0,2513,2927,168,5440,397930.760048,341646.737274,183823.529412,5466,1.00,1,99d1c7fab316,138,134,dataclass,adapted,2494,14
python,stream,message,100,55,msgpack,1.2.1,2418,3608,124,6026,413564.929694,277161.862528,165947.560571,521,1.00,1,99d1c7fab316,124,121,dict,native,2495,15
python,stream,message,100,56,rapidjson,1.23,4231,4385,168,8616,236350.744505,228050.171038,116063.138347,1492,1.00,1,99d1c7fab316,138,134,dict,adapted,2496,0
python,stream,message,100,56,msgspec,0.21.1,1133,2104,80,3237,882612.533098,475285.171103,308928.019771,351,1.00,1,99d1c7fab316,97,89,struct,native,2497,1
python,stream,message,100,56,mashumaro,3.22,1608,3177,168,4785,621890.547264,314762.354422,208986.415883,5466,1.00,1,99d1c7fab316,138,134,dataclass,adapted,2498,2
python,stream,message,100,56,protobuf,7.35.1,1688,1614,50,3302,592417.061611,619578.686493,302846.759540,187,1.00,1,99d1c7fab316,71,59,message,adapted,2499,3
python,stream,message,100,56,json,python-3.14.0,7767,5148,168,12915,128749.839063,194250.194250,77429.345722,2329,1.00,1,99d1c7fab316,138,134,dict,adapted,2500,4
python,stream,message,100,56,cbor2,6.1.3,7164,3825,124,10989,139586.823004,261437.908497,91000.091000,908,1.00,1,99d1c7fab316,122,123,dict,adapted,2501,5
python,stream,message,100,56,msgspec-msgpack,0.21.1,1231,1499,52,2730,812347.684809,667111.407605,366300.366300,312,1.00,1,99d1c7fab316,72,61,struct,native,2502,6
python,stream,message,100,56,orjson,3.11.9,995,1121,168,2116,1005025.125628,892060.660125,472589.792060,5466,1.00,1,99d1c7fab316,138,134,dict,adapted,2503,7
python,stream,message,100,56,flatbuffers,25.12.19,24774,7316,104,32090,40364.898684,136686.714051,31162.355874,1162,1.00,1,99d1c7fab316,102,107,dataclass,adapted,2504,8
python,stream,message,100,56,cloudpickle,3.1.2,12648,4432,202,17080,79063.883618,225631.768953,58548.009368,8946,1.00,1,99d1c7fab316,194,193,dataclass,native,2505,9
python,stream,message,100,56,pydantic,2.13.4,4918,8724,168,13642,203334.688898,114626.318203,73303.034746,2329,1.00,1,99d1c7fab316,138,134,model,adapted,2506,10
python,stream,message,100,56,msgpack,1.2.1,1854,2999,124,4853,539374.325782,333444.481494,206058.108387,521,1.00,1,99d1c7fab316,124,121,dict,native,2507,11
python,stream,message,100,56,pickle,python-3.14.0,4273,3392,202,7665,234027.615259,294811.320755,130463.144162,4969,1.00,1,99d1c7fab316,194,193,dataclass,native,2508,12
python,stream,message,100,56,avro,1.12.2,8014,4972,44,12986,124781.632144,201126.307321,77006.006469,1808,1.00,1,99d1c7fab316,64,53,dict,adapted,2509,13
python,stream,message,100,56,serpyco-rs,1.21.0,1910,2291,168,4201,523560.209424,436490.615452,238038.562247,5466,1.00,1,99d1c7fab316,138,134,dataclass,adapted,2510,14
python,stream,message,100,56,dill,0.4.1,48552,7132,202,55684,20596.473884,140213.123948,17958.479994,10948,1.00,1,99d1c7fab316,194,193,dataclass,native,2511,15
python,stream,message,100,57,cloudpickle,3.1.2,10439,3096,202,13535,95794.616343,322997.416021,73882.526782,8946,1.00,1,99d1c7fab316,194,193,dataclass,native,2512,0
python,stream,message,100,57,avro,1.12.2,6472,4156,44,10628,154511.742892,240615.976901,94091.080166,1808,1.00,1,99d1c7fab316,64,53,dict,adapted,2513,1
python,stream,message,100,57,pickle,python-3.14.0,3328,2820,202,6148,300480.769231,354609.929078,162654.521796,4969,1.00,1,99d1c7fab316,194,193,dataclass,native,2514,2
python,stream,message,100,57,cbor2,6.1.3,6470,3433,124,9903,154559.505410,291290.416545,100979.501161,908,1.00,1,99d1c7fab316,122,123,dict,adapted,2515,3
python,stream,message,100,57,json,python-3.14.0,7698,5619,168,13317,129903.871135,177967.609895,75091.987685,2329,1.00,1,99d1c7fab316,138,134,dict,adapted,2516,4
python,stream,message,100,57,orjson,3.11.9,1048,1382,168,2430,954198.473282,723589.001447,411522.633745,5466,1.00,1,99d1c7fab316,138,134,dict,adapted,2517,5
python,stream,message,100,57,protobuf,7.35.1,1745,1832,50,3577,573065.902579,545851.528384,279563.880347,187,1.00,1,99d1c7fab316,71,59,message,adapted,2518,6
python,stream,message,100,57,mashumaro,3.22,1585,2937,168,4522,630914.826498,340483.486551,221141.088014,5466,1.00,1,99d1c7fab316,138,134,dataclass,adapted,2519,7
python,stream,message,100,57,msgpack,1.2.1,1855,3158,124,5013,539083.557951,316656.111463,199481.348494,521,1.00,1,99d1c7fab316,124,121,dict,native,2520,8
python,stream,message,100,57,rapidjson,1.23,3725,3939,168,7664,268456.375839,253871.541000,130480.167015,1492,1.00,1,99d1c7fab316,138,134,dict,adapted,2521,9
python,stream,message,100,57,serpyco-rs,1.21.0,1732,1916,168,3648,577367.205543,521920.668058,274122.807018,5466,1.00,1,99d1c7fab316,138,134,dataclass,adapted,2522,10
python,stream,message,100,57,pydantic,2.13.4,5118,8999,168,14117,195388.823759,111123.458162,70836.580010,2329,1.00,1,99d1c7fab316,138,134,model,adapted,2523,11
python,stream,message,100,57,msgspec-msgpack,0.21.1,1505,1719,52,3224,664451.827243,581733.566027,310173.697270,312,1.00,1,99d1c7fab316,72,61,struct,native,2524,12
python,stream,message,100,57,msgspec,0.21.1,1416,1608,80,3024,706214.689266,621890.547264,330687.830688,351,1.00,1,99d1c7fab316,97,89,struct,native,2525,13
python,stream,message,100,57,flatbuffers,25.12.19,27743,7668,104,35411,36045.128501,130412.102243,28239.812488,1162,1.00,1,99d1c7fab316,102,107,dataclass,adapted,2526,14
python,stream,message,100,57,dill,0.4.1,49580,7695,202,57275,20169.423154,129954.515919,17459.624618,10948,1.00,1,99d1c7fab316,194,193,dataclass,native,2527,15
python,stream,message,100,58,msgpack,1.2.1,1676,2632,124,4308,596658.711217,379939.209726,232126.276695,521,1.00,1,99d1c7fab316,124,121,dict,native,2528,0
python,stream,message,100,58,pickle,python-3.14.0,4187,3112,202,7299,238834.487700,321336.760925,137005.069188,4969,1.00,1,99d1c7fab316,194,193,dataclass,native,2529,1
python,stream,message,100,58,protobuf,7.35.1,1541,1474,50,3015,648929.266710,678426.051560,331674.958541,187,1.00,1,99d1c7fab316,71,59,message,adapted,2530,2
python,stream,message,100,58,msgspec-msgpack,0.21.1,1411,1591,52,3002,708717.221828,628535.512256,333111.259161,312,1.00,1,99d1c7fab316,72,61,struct,native,2531,3
python,stream,message,100,58,rapidjson,1.23,3830,3679,168,7509,261096.605744,271812.992661,133173.525103,1492,1.00,1,99d1c7fab316,138,134,dict,adapted,2532,4
python,stream,message,100,58,cloudpickle,3.1.2,11777,3745,202,15522,84911.267725,267022.696929,64424.687540,8946,1.00,1,99d1c7fab316,194,193,dataclass,native,2533,5
python,stream,message,100,58,flatbuffers,25.12.19,26320,7372,104,33692,37993.920973,135648.399349,29680.636353,1162,1.00,1,99d1c7fab316,102,107,dataclass,adapted,2534,6
python,stream,message,100,58,mashumaro,3.22,1802,3383,168,5185,554938.956715,295595.625185,192864.030858,5466,1.00,1,99d1c7fab316,138,134,dataclass,adapted,2535,7
python,stream,message,100,58,msgspec,0.21.1,1420,1694,80,3114,704225.352113,590318.772137,321130.378934,351,1.00,1,99d1c7fab316,97,89,struct,native,2536,8
python,stream,message,100,58,cbor2,6.1.3,7135,3785,124,10920,140154.169587,264200.792602,91575.091575,908,1.00,1,99d1c7fab316,122,123,dict,adapted,2537,9
python,stream,message,100,58,avro,1.12.2,8427,5152,44,13579,118666.192002,194099.378882,73643.125414,1808,1.00,1,99d1c7fab316,64,53,dict,adapted,2538,10
python,stream,message,100,58,dill,0.4.1,50654,7510,202,58164,19741.777550,133155.792277,17192.765284,10948,1.00,1,99d1c7fab316,194,193,dataclass,native,2539,11
python,stream,message,100,58,serpyco-rs,1.21.0,2227,2634,168,4861,449034.575662,379650.721336,205718.987863,5466,1.00,1,99d1c7fab316,138,134,dataclass,adapted,2540,12
python,stream,message,100,58,orjson,3.11.9,787,991,168,1778,1270648.030496,1009081.735621,562429.696288,5466,1.00,1,99d1c7fab316,138,134,dict,adapted,2541,13
python,stream,message,100,58,json,python-3.14.0,8628,6541,168,15169,115901.715345,152881.822351,65923.923792,2329,1.00,1,99d1c7fab316,138,134,dict,adapted,2542,14
python,stream,message,100,58,pydantic,2.13.4,5559,7983,168,13542,179888.469149,125266.190655,73844.336139,2329,1.00,1,99d1c7fab316,138,134,model,adapted,2543,15
python,stream,message,100,59,cbor2,6.1.3,6651,3637,124,10288,150353.330326,274951.883420,97200.622084,908,1.00,1,99d1c7fab316,122,123,dict,adapted,2544,0
python,stream,message,100,59,pickle,python-3.14.0,5495,4550,202,10045,181983.621474,219780.219780,99552.015928,4969,1.00,1,99d1c7fab316,194,193,dataclass,native,2545,1
python,stream,message,100,59,serpyco-rs,1.21.0,1884,2315,168,4199,530785.562633,431965.442765,238151.940938,5466,1.00,1,99d1c7fab316,138,134,dataclass,adapted,2546,2
python,stream,message,100,59,pydantic,2.13.4,3655,7507,168,11162,273597.811218,133209.004929,89589.679269,2329,1.00,1,99d1c7fab316,138,134,model,adapted,2547,3
python,stream,message,100,59,rapidjson,1.23,3541,3674,168,7215,282406.099972,272182.906913,138600.138600,1492,1.00,1,99d1c7fab316,138,134,dict,adapted,2548,4
python,stream,message,100,59,orjson,3.11.9,866,1089,168,1955,1154734.411085,918273.645546,511508.951407,5466,1.00,1,99d1c7fab316,138,134,dict,adapted,2549,5
python,stream,message,100,59,cloudpickle,3.1.2,11299,3538,202,14837,88503.407381,282645.562465,67399.069893,8946,1.00,1,99d1c7fab316,194,193,dataclass,native,2550,6
python,stream,message,100,59,flatbuffers,25.12.19,25898,7336,104,33234,38613.020310,136314.067612,30089.667208,1162,1.00,1,99d1c7fab316,102,107,dataclass,adapted,2551,7
python,stream,message,100,59,msgpack,1.2.1,2532,4244,124,6776,394944.707741,235626.767201,147579.693034,521,1.00,1,99d1c7fab316,124,121,dict,native,2552,8
python,stream,message,100,59,msgspec,0.21.1,1774,1853,80,3627,563697.857948,539665.407447,275709.953129,351,1.00,1,99d1c7fab316,97,89,struct,native,2553,9
python,stream,message,100,59,protobuf,7.35.1,1997,2010,50,4007,500751.126690,497512.437811,249563.264287,187,1.00,1,99d1c7fab316,71,59,message,adapted,2554,10
python,stream,message,100,59,msgspec-msgpack,0.21.1,2408,1337,52,3745,415282.392027,747943.156320,267022.696929,312,1.00,1,99d1c7fab316,72,61,struct,native,2555,11
python,stream,message,100,59,mashumaro,3.22,1746,3072,168,4818,572737.686140,325520.833333,207555.002076,5466,1.00,1,99d1c7fab316,138,134,dataclass,adapted,2556,12
python,stream,message,100,59,dill,0.4.1,49539,7753,202,57292,20186.115989,128982.329421,17454.443901,10948,1.00,1,99d1c7fab316,194,193,dataclass,native,2557,13
python,stream,message,100,59,avro,1.12.2,8399,5181,44,13580,119061.793071,193012.931866,73637.702504,1808,1.00,1,99d1c7fab316,64,53,dict,adapted,2558,14
python,stream,message,100,59,json,python-3.14.0,8238,5216,168,13454,121388.686574,191717.791411,74327.337595,2329,1.00,1,99d1c7fab316,138,134,dict,adapted,2559,15
python,stream,message,100,60,protobuf,7.35.1,1305,1460,50,2765,766283.524904,684931.506849,361663.652803,187,1.00,1,99d1c7fab316,71,59,message,adapted,2560,0
python,stream,message,100,60,rapidjson,1.23,3481,3704,168,7185,287273.771905,269978.401728,139178.844816,1492,1.00,1,99d1c7fab316,138,134,dict,adapted,2561,1
python,stream,message,100,60,dill,0.4.1,44696,7008,202,51704,22373.366744,142694.063927,19340.863376,10948,1.00,1,99d1c7fab316,194,193,dataclass,native,2562,2
python,stream,message,100,60,cloudpickle,3.1.2,11009,3058,202,14067,90834.771551,327011.118378,71088.362835,8946,1.00,1,99d1c7fab316,194,193,dataclass,native,2563,3
python,stream,message,100,60,pydantic,2.13.4,4705,8457,168,13162,212539.851222,118245.240629,75976.295396,2329,1.00,1,99d1c7fab316,138,134,model,adapted,2564,4
python,stream,message,100,60,pickle,python-3.14.0,3685,2890,202,6575,271370.420624,346020.761246,152091.254753,4969,1.00,1,99d1c7fab316,194,193,dataclass,native,2565,5
python,stream,message,100,60,msgpack,1.2.1,2013,3299,124,5312,496770.988574,303122.158230,188253.012048,521,1.00,1,99d1c7fab316,124,121,dict,native,2566,6
python,stream,message,100,60,avro,1.12.2,7191,4706,44,11897,139062.717285,212494.687633,84054.803732,1808,1.00,1,99d1c7fab316,64,53,dict,adapted,2567,7
python,stream,message,100,60,mashumaro,3.22,1736,3364,168,5100,576036.866359,297265.160523,196078.431373,5466,1.00,1,99d1c7fab316,138,134,dataclass,adapted,2568,8
python,stream,message,100,60,serpyco-rs,1.21.0,1731,1938,168,3669,577700.751011,515995.872033,272553.829381,5466,1.00,1,99d1c7fab316,138,134,dataclass,adapted,2569,9
python,stream,message,100,60,json,python-3.14.0,7608,4843,168,12451,131440.588854,206483.584555,80314.834150,2329,1.00,1,99d1c7fab316,138,134,dict,adapted,2570,10
python,stream,message,100,60,msgspec-msgpack,0.21.1,1455,1687,52,3142,687285.223368,592768.227623,318268.618714,312,1.00,1,99d1c7fab316,72,61,struct,native,2571,11
python,stream,message,100,60,orjson,3.11.9,871,955,168,1826,1148105.625718,1047120.418848,547645.125958,5466,1.00,1,99d1c7fab316,138,134,dict,adapted,2572,12
python,stream,message,100,60,msgspec,0.21.1,1282,1503,80,2785,780031.201248,665335.994677,359066.427289,351,1.00,1,99d1c7fab316,97,89,struct,native,2573,13
python,stream,message,100,60,cbor2,6.1.3,7795,3863,124,11658,128287.363695,258866.166192,85778.006519,908,1.00,1,99d1c7fab316,122,123,dict,adapted,2574,14
python,stream,message,100,60,flatbuffers,25.12.19,28358,7940,104,36298,35263.417730,125944.584383,27549.727258,1162,1.00,1,99d1c7fab316,102,107,dataclass,adapted,2575,15
python,stream,message,100,61,json,python-3.14.0,5944,4650,168,10594,168236.877524,215053.763441,94393.052671,2329,1.00,1,99d1c7fab316,138,134,dict,adapted,2576,0
python,stream,message,100,61,msgpack,1.2.1,1819,3268,124,5087,549752.611325,305997.552020,196579.516414,521,1.00,1,99d1c7fab316,124,121,dict,native,2577,1
python,stream,message,100,61,pydantic,2.13.4,5111,7509,168,12620,195656.427314,133173.525103,79239.302694,2329,1.00,1,99d1c7fab316,138,134,model,adapted,2578,2
python,stream,message,100,61,msgspec,0.21.1,1351,1713,80,3064,740192.450037,583771.161705,326370.757180,351,1.00,1,99d1c7fab316,97,89,struct,native,2579,3
python,stream,message,100,61,avro,1.12.2,7733,4610,44,12343,129315.918790,216919.739696,81017.580815,1808,1.00,1,99d1c7fab316,64,53,dict,adapted,2580,4
python,stream,message,100,61,protobuf,7.35.1,1986,1839,50,3825,503524.672709,543773.790103,261437.908497,187,1.00,1,99d1c7fab316,71,59,message,adapted,2581,5
python,stream,message,100,61,pickle,python-3.14.0,6118,5625,202,11743,163452.108532,177777.777778,85157.114877,4969,1.00,1,99d1c7fab316,194,193,dataclass,native,2582,6
python,stream,message,100,61,serpyco-rs,1.21.0,1900,2425,168,4325,526315.789474,412371.134021,231213.872832,5466,1.00,1,99d1c7fab316,138,134,dataclass,adapted,2583,7
python,stream,message,100,61,rapidjson,1.23,4063,4230,168,8293,246123.554024,236406.619385,120583.624744,1492,1.00,1,99d1c7fab316,138,134,dict,adapted,2584,8
python,stream,message,100,61,dill,0.4.1,56098,8615,202,64713,17825.947449,116076.610563,15452.845642,10948,1.00,1,99d1c7fab316,194,193,dataclass,native,2585,9
python,stream,message,100,61,mashumaro,3.22,1817,3195,168,5012,550357.732526,312989.045383,199521.149242,5466,1.00,1,99d1c7fab316,138,134,dataclass,adapted,2586,10
python,stream,message,100,61,cloudpickle,3.1.2,12979,3743,202,16722,77047.538331,267165.375367,59801.459156,8946,1.00,1,99d1c7fab316,194,193,dataclass,native,2587,11
python,stream,message,100,61,orjson,3.11.9,868,1126,168,1994,1152073.732719,888099.467140,501504.513541,5466,1.00,1,99d1c7fab316,138,134,dict,adapted,2588,12
python,stream,message,100,61,msgspec-msgpack,0.21.1,1407,1555,52,2962,710732.054016,643086.816720,337609.723160,312,1.00,1,99d1c7fab316,72,61,struct,native,2589,13
python,stream,message,100,61,flatbuffers,25.12.19,26106,7454,104,33560,38305.370413,134156.157768,29797.377831,1162,1.00,1,99d1c7fab316,102,107,dataclass,adapted,2590,14
python,stream,message,100,61,cbor2,6.1.3,7003,3608,124,10611,142795.944595,277161.862528,94241.824522,908,1.00,1,99d1c7fab316,122,123,dict,adapted,2591,15
python,stream,message,100,62,cloudpickle,3.1.2,10041,3733,202,13774,99591.674136,267881.060809,72600.551764,8946,1.00,1,99d1c7fab316,194,193,dataclass,native,2592,0
python,stream,message,100,62,rapidjson,1.23,3660,3820,168,7480,273224.043716,261780.104712,133689.839572,1492,1.00,1,99d1c7fab316,138,134,dict,adapted,2593,1
python,stream,message,100,62,json,python-3.14.0,6841,5173,168,12014,146177.459436,193311.424705,83236.224405,2329,1.00,1,99d1c7fab316,138,134,dict,adapted,2594,2
python,stream,message,100,62,msgspec,0.21.1,1390,1619,80,3009,719424.460432,617665.225448,332336.324360,351,1.00,1,99d1c7fab316,97,89,struct,native,2595,3
python,stream,message,100,62,cbor2,6.1.3,4816,2777,124,7593,207641.196013,360100.828232,131700.250230,908,1.00,1,99d1c7fab316,122,123,dict,adapted,2596,4
python,stream,message,100,62,protobuf,7.35.1,1617,1807,50,3424,618429.189858,553403.431101,292056.074766,187,1.00,1,99d1c7fab316,71,59,message,adapted,2597,5
python,stream,message,100,62,mashumaro,3.22,1757,2822,168,4579,569151.963574,354358.610914,218388.294387,5466,1.00,1,99d1c7fab316,138,134,dataclass,adapted,2598,6
python,stream,message,100,62,pickle,python-3.14.0,4619,3660,202,8279,216497.077289,273224.043716,120787.534726,4969,1.00,1,99d1c7fab316,194,193,dataclass,native,2599,7
python,stream,message,100,62,serpyco-rs,1.21.0,1829,1977,168,3806,546746.856206,505816.894284,262743.037310,5466,1.00,1,99d1c7fab316,138,134,dataclass,adapted,2600,8
python,stream,message,100,62,avro,1.12.2,8113,4776,44,12889,123258.967090,209380.234506,77585.538056,1808,1.00,1,99d1c7fab316,64,53,dict,adapted,2601,9
python,stream,message,100,62,msgspec-msgpack,0.21.1,1268,1541,52,2809,788643.533123,648929.266710,355998.576006,312,1.00,1,99d1c7fab316,72,61,struct,native,2602,10
python,stream,message,100,62,dill,0.4.1,48731,6925,202,55656,20520.818370,144404.332130,17967.514733,10948,1.00,1,99d1c7fab316,194,193,dataclass,native,2603,11
python,stream,message,100,62,pydantic,2.13.4,5367,9080,168,14447,186323.830818,110132.158590,69218.522877,2329,1.00,1,99d1c7fab316,138,134,model,adapted,2604,12
python,stream,message,100,62,flatbuffers,25.12.19,24953,7173,104,32126,40075.341642,139411.682699,31127.435722,1162,1.00,1,99d1c7fab316,102,107,dataclass,adapted,2605,13
python,stream,message,100,62,orjson,3.11.9,921,1353,168,2274,1085776.330076,739098.300074,439753.737907,5466,1.00,1,99d1c7fab316,138,134,dict,adapted,2606,14
python,stream,message,100,62,msgpack,1.2.1,2012,3242,124,5254,497017.892644,308451.573103,190331.176247,521,1.00,1,99d1c7fab316,124,121,dict,native,2607,15
python,stream,message,100,63,cbor2,6.1.3,6321,3265,124,9586,158202.816010,306278.713629,104318.798247,908,1.00,1,99d1c7fab316,122,123,dict,adapted,2608,0
python,stream,message,100,63,json,python-3.14.0,6806,4634,168,11440,146929.180135,215796.288304,87412.587413,2329,1.00,1,99d1c7fab316,138,134,dict,adapted,2609,1
python,stream,message,100,63,rapidjson,1.23,3254,3649,168,6903,307314.074985,274047.684297,144864.551644,1492,1.00,1,99d1c7fab316,138,134,dict,adapted,2610,2
python,stream,message,100,63,msgspec,0.21.1,1402,1618,80,3020,713266.761769,618046.971570,331125.827815,351,1.00,1,99d1c7fab316,97,89,struct,native,2611,3
python,stream,message,100,63,avro,1.12.2,7466,4607,44,12073,133940.530405,217060.994139,82829.454154,1808,1.00,1,99d1c7fab316,64,53,dict,adapted,2612,4
python,stream,message,100,63,flatbuffers,25.12.19,23281,6729,104,30010,42953.481380,148610.491901,33322.225925,1162,1.00,1,99d1c7fab316,102,107,dataclass,adapted,2613,5
python,stream,message,100,63,orjson,3.11.9,857,1248,168,2105,1166861.143524,801282.051282,475059.382423,5466,1.00,1,99d1c7fab316,138,134,dict,adapted,2614,6
python,stream,message,100,63,protobuf,7.35.1,1864,1785,50,3649,536480.686695,560224.089636,274047.684297,187,1.00,1,99d1c7fab316,71,59,message,adapted,2615,7
python,stream,message,100,63,dill,0.4.1,48763,7827,202,56590,20507.351886,127762.872109,17670.966602,10948,1.00,1,99d1c7fab316,194,193,dataclass,native,2616,8
python,stream,message,100,63,cloudpickle,3.1.2,11689,3216,202,14905,85550.517581,310945.273632,67091.580007,8946,1.00,1,99d1c7fab316,194,193,dataclass,native,2617,9
python,stream,message,100,63,pydantic,2.13.4,5224,9986,168,15210,191424.196018,100140.196275,65746.219592,2329,1.00,1,99d1c7fab316,138,134,model,adapted,2618,10
python,stream,message,100,63,mashumaro,3.22,1932,3538,168,5470,517598.343685,282645.562465,182815.356490,5466,1.00,1,99d1c7fab316,138,134,dataclass,adapted,2619,11
python,stream,message,100,63,serpyco-rs,1.21.0,1877,2009,168,3886,532765.050613,497760.079642,257334.019557,5466,1.00,1,99d1c7fab316,138,134,dataclass,adapted,2620,12
python,stream,message,100,63,msgspec-msgpack,0.21.1,1417,1640,52,3057,705716.302047,609756.097561,327118.089630,312,1.00,1,99d1c7fab316,72,61,struct,native,2621,13
python,stream,message,100,63,pickle,python-3.14.0,4522,3511,202,8033,221141.088014,284819.139846,124486.493215,4969,1.00,1,99d1c7fab316,194,193,dataclass,native,2622,14
python,stream,message,100,63,msgpack,1.2.1,2080,3263,124,5343,480769.230769,306466.441925,187160.771102,521,1.00,1,99d1c7fab316,124,121,dict,native,2623,15
python,stream,message,100,64,msgpack,1.2.1,945,1726,124,2671,1058201.058201,579374.275782,374391.613628,521,1.00,1,99d1c7fab316,124,121,dict,native,2624,0
python,stream,message,100,64,mashumaro,3.22,1317,2223,168,3540,759301.442673,449842.555106,282485.875706,5466,1.00,1,99d1c7fab316,138,134,dataclass,adapted,2625,1
python,stream,message,100,64,rapidjson,1.23,3840,4026,168,7866,260416.666667,248385.494287,127129.417747,1492,1.00,1,99d1c7fab316,138,134,dict,adapted,2626,2
python,stream,message,100,64,cloudpickle,3.1.2,9905,3092,202,12997,100959.111560,323415.265201,76940.832500,8946,1.00,1,99d1c7fab316,194,193,dataclass,native,2627,3
python,stream,message,100,64,dill,0.4.1,48826,6112,202,54938,20480.891328,163612.565445,18202.337180,10948,1.00,1,99d1c7fab316,194,193,dataclass,native,2628,4
python,stream,message,100,64,flatbuffers,25.12.19,27721,7855,104,35576,36073.734714,127307.447486,28108.837418,1162,1.00,1,99d1c7fab316,102,107,dataclass,adapted,2629,5
python,stream,message,100,64,cbor2,6.1.3,7452,3821,124,11273,134192.163178,261711.593824,88707.531269,908,1.00,1,99d1c7fab316,122,123,dict,adapted,2630,6
python,stream,message,100,64,msgspec,0.21.1,1629,1844,80,3473,613873.542050,542299.349241,287935.502447,351,1.00,1,99d1c7fab316,97,89,struct,native,2631,7
python,stream,message,100,64,protobuf,7.35.1,1906,2011,50,3917,524658.971668,497265.042268,255297.421496,187,1.00,1,99d1c7fab316,71,59,message,adapted,2632,8
python,stream,message,100,64,pydantic,2.13.4,4857,10460,168,15317,205888.408483,95602.294455,65286.936084,2329,1.00,1,99d1c7fab316,138,134,model,adapted,2633,9
python,stream,message,100,64,msgspec-msgpack,0.21.1,1381,1464,52,2845,724112.961622,683060.109290,351493.848858,312,1.00,1,99d1c7fab316,72,61,struct,native,2634,10
python,stream,message,100,64,avro,1.12.2,8554,5410,44,13964,116904.372224,184842.883549,71612.718419,1808,1.00,1,99d1c7fab316,64,53,dict,adapted,2635,11
python,stream,message,100,64,json,python-3.14.0,8657,4349,168,13006,115513.457318,229937.916762,76887.590343,2329,1.00,1,99d1c7fab316,138,134,dict,adapted,2636,12
python,stream,message,100,64,pickle,python-3.14.0,4777,3788,202,8565,209336.403601,263991.552270,116754.232341,4969,1.00,1,99d1c7fab316,194,193,dataclass,native,2637,13
python,stream,message,100,64,serpyco-rs,1.21.0,2129,2897,168,5026,469704.086426,345184.673800,198965.380024,5466,1.00,1,99d1c7fab316,138,134,dataclass,adapted,2638,14
python,stream,message,100,64,orjson,3.11.9,701,746,168,1447,1426533.523538,1340482.573727,691085.003455,5466,1.00,1,99d1c7fab316,138,134,dict,adapted,2639,15
python,stream,message,100,65,json,python-3.14.0,5622,3974,168,9596,177872.643187,251635.631605,104210.087536,2329,1.00,1,99d1c7fab316,138,134,dict,adapted,2640,0
python,stream,message,100,65,mashumaro,3.22,1279,2688,168,3967,781860.828772,372023.809524,252079.657172,5466,1.00,1,99d1c7fab316,138,134,dataclass,adapted,2641,1
python,stream,message,100,65,dill,0.4.1,47585,6532,202,54117,21015.025743,153092.467851,18478.481808,10948,1.00,1,99d1c7fab316,194,193,dataclass,native,2642,2
python,stream,message,100,65,protobuf,7.35.1,1670,1819,50,3489,598802.395210,549752.611325,286615.075953,187,1.00,1,99d1c7fab316,71,59,message,adapted,2643,3
python,stream,message,100,65,rapidjson,1.23,3598,4184,168,7782,277932.184547,239005.736138,128501.670522,1492,1.00,1,99d1c7fab316,138,134,dict,adapted,2644,4
python,stream,message,100,65,msgspec-msgpack,0.21.1,1300,1353,52,2653,769230.769231,739098.300074,376931.775349,312,1.00,1,99d1c7fab316,72,61,struct,native,2645,5
python,stream,message,100,65,pickle,python-3.14.0,4209,3533,202,7742,237586.124970,283045.570337,129165.590287,4969,1.00,1,99d1c7fab316,194,193,dataclass,native,2646,6
python,stream,message,100,65,pydantic,2.13.4,4319,8113,168,12432,231535.077564,123258.967090,80437.580438,2329,1.00,1,99d1c7fab316,138,134,model,adapted,2647,7
python,stream,message,100,65,serpyco-rs,1.21.0,1694,2179,168,3873,590318.772137,458926.112896,258197.779499,5466,1.00,1,99d1c7fab316,138,134,dataclass,adapted,2648,8
python,stream,message,100,65,avro,1.12.2,7633,5007,44,12640,131010.087777,199720.391452,79113.924051,1808,1.00,1,99d1c7fab316,64,53,dict,adapted,2649,9
python,stream,message,100,65,orjson,3.11.9,777,1005,168,1782,1287001.287001,995024.875622,561167.227834,5466,1.00,1,99d1c7fab316,138,134,dict,adapted,2650,10
python,stream,message,100,65,flatbuffers,25.12.19,28010,7899,104,35909,35701.535166,126598.303583,27848.171768,1162,1.00,1,99d1c7fab316,102,107,dataclass,adapted,2651,11
python,stream,message,100,65,msgspec,0.21.1,1559,1829,80,3388,641436.818473,546746.856206,295159.386068,351,1.00,1,99d1c7fab316,97,89,struct,native,2652,12
python,stream,message,100,65,cloudpickle,3.1.2,10980,3449,202,14429,91074.681239,289939.112786,69304.872133,8946,1.00,1,99d1c7fab316,194,193,dataclass,native,2653,13
python,stream,message,100,65,msgpack,1.2.1,2093,3278,124,5371,477783.086479,305064.063453,186185.067958,521,1.00,1,99d1c7fab316,124,121,dict,native,2654,14
python,stream,message,100,65,cbor2,6.1.3,7543,3648,124,11191,132573.246719,274122.807018,89357.519435,908,1.00,1,99d1c7fab316,122,123,dict,adapted,2655,15
python,stream,message,100,66,pydantic,2.13.4,4196,8643,168,12839,238322.211630,115700.566933,77887.685957,2329,1.00,1,99d1c7fab316,138,134,model,adapted,2656,0
python,stream,message,100,66,pickle,python-3.14.0,4001,3691,202,7692,249937.515621,270929.287456,130005.200208,4969,1.00,1,99d1c7fab316,194,193,dataclass,native,2657,1
python,stream,message,100,66,json,python-3.14.0,7541,4349,168,11890,132608.407373,229937.916762,84104.289319,2329,1.00,1,99d1c7fab316,138,134,dict,adapted,2658,2
python,stream,message,100,66,rapidjson,1.23,3473,3841,168,7314,287935.502447,260348.867482,136724.090785,1492,1.00,1,99d1c7fab316,138,134,dict,adapted,2659,3
python,stream,message,100,66,cbor2,6.1.3,5216,2804,124,8020,191717.791411,356633.380884,124688.279302,908,1.00,1,99d1c7fab316,122,123,dict,adapted,2660,4
python,stream,message,100,66,dill,0.4.1,52284,7081,202,59365,19126.310152,141222.991103,16844.942306,10948,1.00,1,99d1c7fab316,194,193,dataclass,native,2661,5
python,stream,message,100,66,avro,1.12.2,8263,5081,44,13344,121021.420791,196811.651250,74940.047962,1808,1.00,1,99d1c7fab316,64,53,dict,adapted,2662,6
python,stream,message,100,66,cloudpickle,3.1.2,11022,3274,202,14296,90727.635638,305436.774588,69949.636262,8946,1.00,1,99d1c7fab316,194,193,dataclass,native,2663,7
python,stream,message,100,66,msgspec-msgpack,0.21.1,1711,1784,52,3495,584453.535944,560538.116592,286123.032904,312,1.00,1,99d1c7fab316,72,61,struct,native,2664,8
python,stream,message,100,66,orjson,3.11.9,1287,1886,168,3173,777000.777001,530222.693531,315159.155373,5466,1.00,1,99d1c7fab316,138,134,dict,adapted,2665,9
python,stream,message,100,66,serpyco-rs,1.21.0,1979,2098,168,4077,505305.709955,476644.423260,245278.390974,5466,1.00,1,99d1c7fab316,138,134,dataclass,adapted,2666,10
python,stream,message,100,66,flatbuffers,25.12.19,29355,7847,104,37202,34065.746892,127437.237161,26880.275254,1162,1.00,1,99d1c7fab316,102,107,dataclass,adapted,2667,11
python,stream,message,100,66,mashumaro,3.22,1494,3084,168,4578,669344.042838,324254.215305,218435.998253,5466,1.00,1,99d1c7fab316,138,134,dataclass,adapted,2668,12
python,stream,message,100,66,msgspec,0.21.1,1521,1815,80,3336,657462.195924,550964.187328,299760.191847,351,1.00,1,99d1c7fab316,97,89,struct,native,2669,13
python,stream,message,100,66,protobuf,7.35.1,1935,2052,50,3987,516795.865633,487329.434698,250815.149235,187,1.00,1,99d1c7fab316,71,59,message,adapted,2670,14
python,stream,message,100,66,msgpack,1.2.1,2080,3554,124,5634,480769.230769,281373.100732,177493.787717,521,1.00,1,99d1c7fab316,124,121,dict,native,2671,15
python,stream,message,100,67,flatbuffers,25.12.19,24881,9059,104,33940,40191.310639,110387.459985,29463.759576,1162,1.00,1,99d1c7fab316,102,107,dataclass,adapted,2672,0
python,stream,message,100,67,orjson,3.11.9,940,1338,168,2278,1063829.787234,747384.155456,438981.562774,5466,1.00,1,99d1c7fab316,138,134,dict,adapted,2673,1
python,stream,message,100,67,dill,0.4.1,50059,7388,202,57447,19976.427815,135354.629128,17407.349383,10948,1.00,1,99d1c7fab316,194,193,dataclass,native,2674,2
python,stream,message,100,67,cbor2,6.1.3,6664,3569,124,10233,150060.024010,280190.529560,97723.052868,908,1.00,1,99d1c7fab316,122,123,dict,adapted,2675,3
python,stream,message,100,67,msgspec-msgpack,0.21.1,1244,1508,52,2752,803858.520900,663129.973475,363372.093023,312,1.00,1,99d1c7fab316,72,61,struct,native,2676,4
python,stream,message,100,67,rapidjson,1.23,3802,4327,168,8129,263019.463440,231107.002542,123016.361176,1492,1.00,1,99d1c7fab316,138,134,dict,adapted,2677,5
python,stream,message,100,67,serpyco-rs,1.21.0,1886,2507,168,4393,530222.693531,398883.127244,227634.873663,5466,1.00,1,99d1c7fab316,138,134,dataclass,adapted,2678,6
python,stream,message,100,67,pydantic,2.13.4,5748,10561,168,16309,173973.556019,94688.003030,61315.837881,2329,1.00,1,99d1c7fab316,138,134,model,adapted,2679,7
python,stream,message,100,67,json,python-3.14.0,7573,3961,168,11534,132048.065496,252461.499621,86700.190740,2329,1.00,1,99d1c7fab316,138,134,dict,adapted,2680,8
python,stream,message,100,67,mashumaro,3.22,1504,3013,168,4517,664893.617021,331895.121142,221385.875581,5466,1.00,1,99d1c7fab316,138,134,dataclass,adapted,2681,9
python,stream,message,100,67,avro,1.12.2,10953,5445,44,16398,91299.187437,183654.729109,60983.046713,1808,1.00,1,99d1c7fab316,64,53,dict,adapted,2682,10
python,stream,message,100,67,msgpack,1.2.1,1959,3317,124,5276,510464.522716,301477.238468,189537.528431,521,1.00,1,99d1c7fab316,124,121,dict,native,2683,11
python,stream,message,100,67,cloudpickle,3.1.2,12475,3966,202,16441,80160.320641,252143.217347,60823.550879,8946,1.00,1,99d1c7fab316,194,193,dataclass,native,2684,12
python,stream,message,100,67,pickle,python-3.14.0,3629,2584,202,6213,275558.004960,386996.904025,160952.840818,4969,1.00,1,99d1c7fab316,194,193,dataclass,native,2685,13
python,stream,message,100,67,protobuf,7.35.1,1969,2049,50,4018,507872.016252,488042.947779,248880.039821,187,1.00,1,99d1c7fab316,71,59,message,adapted,2686,14
python,stream,message,100,67,msgspec,0.21.1,1730,1836,80,3566,578034.682081,544662.309368,280426.247897,351,1.00,1,99d1c7fab316,97,89,struct,native,2687,15
python,stream,message,100,68,protobuf,7.35.1,1129,1391,50,2520,885739.592560,718907.260963,396825.396825,187,1.00,1,99d1c7fab316,71,59,message,adapted,2688,0
python,stream,message,100,68,mashumaro,3.22,1613,2861,168,4474,619962.802232,349528.137015,223513.634332,5466,1.00,1,99d1c7fab316,138,134,dataclass,adapted,2689,1
python,stream,message,100,68,orjson,3.11.9,739,832,168,1571,1353179.972936,1201923.076923,636537.237428,5466,1.00,1,99d1c7fab316,138,134,dict,adapted,2690,2
python,stream,message,100,68,flatbuffers,25.12.19,26369,7786,104,34155,37923.319049,128435.653737,29278.290148,1162,1.00,1,99d1c7fab316,102,107,dataclass,adapted,2691,3
python,stream,message,100,68,dill,0.4.1,51404,8170,202,59574,19453.739009,122399.020808,16785.846175,10948,1.00,1,99d1c7fab316,194,193,dataclass,native,2692,4
python,stream,message,100,68,json,python-3.14.0,8187,6260,168,14447,122144.863808,159744.408946,69218.522877,2329,1.00,1,99d1c7fab316,138,134,dict,adapted,2693,5
python,stream,message,100,68,avro,1.12.2,8349,5128,44,13477,119774.823332,195007.800312,74200.489723,1808,1.00,1,99d1c7fab316,64,53,dict,adapted,2694,6
python,stream,message,100,68,pydantic,2.13.4,5622,8186,168,13808,177872.643187,122159.784999,72421.784473,2329,1.00,1,99d1c7fab316,138,134,model,adapted,2695,7
python,stream,message,100,68,cloudpickle,3.1.2,13214,4423,202,17637,75677.311942,226090.888537,56698.985088,8946,1.00,1,99d1c7fab316,194,193,dataclass,native,2696,8
python,stream,message,100,68,msgspec-msgpack,0.21.1,1623,1673,52,3296,616142.945163,597728.631201,303398.058252,312,1.00,1,99d1c7fab316,72,61,struct,native,2697,9
python,stream,message,100,68,pickle,python-3.14.0,4077,2978,202,7055,245278.390974,335795.836132,141743.444366,4969,1.00,1,99d1c7fab316,194,193,dataclass,native,2698,10
python,stream,message,100,68,msgspec,0.21.1,1412,1748,80,3160,708215.297450,572082.379863,316455.696203,351,1.00,1,99d1c7fab316,97,89,struct,native,2699,11
python,stream,message,100,68,msgpack,1.2.1,2183,3080,124,5263,458085.203848,324675.324675,190005.700171,521,1.00,1,99d1c7fab316,124,121,dict,native,2700,12
python,stream,message,100,68,cbor2,6.1.3,7608,4009,124,11617,131440.588854,249438.762784,86080.743738,908,1.00,1,99d1c7fab316,122,123,dict,adapted,2701,13
python,stream,message,100,68,rapidjson,1.23,4228,4901,168,9129,236518.448439,204039.991838,109541.023113,1492,1.00,1,99d1c7fab316,138,134,dict,adapted,2702,14
python,stream,message,100,68,serpyco-rs,1.21.0,2463,3154,168,5617,406008.932197,317057.704502,178030.977390,5466,1.00,1,99d1c7fab316,138,134,dataclass,adapted,2703,15
python,stream,message,100,69,rapidjson,1.23,2431,2479,168,4910,411353.352530,403388.463090,203665.987780,1492,1.00,1,99d1c7fab316,138,134,dict,adapted,2704,0
python,stream,message,100,69,avro,1.12.2,7361,4577,44,11938,135851.107187,218483.722963,83766.124979,1808,1.00,1,99d1c7fab316,64,53,dict,adapted,2705,1
python,stream,message,100,69,orjson,3.11.9,1021,1396,168,2417,979431.929481,716332.378223,413736.036409,5466,1.00,1,99d1c7fab316,138,134,dict,adapted,2706,2
python,stream,message,100,69,msgpack,1.2.1,1475,2652,124,4127,677966.101695,377073.906486,242306.760359,521,1.00,1,99d1c7fab316,124,121,dict,native,2707,3
python,stream,message,100,69,protobuf,7.35.1,1792,1902,50,3694,558035.714286,525762.355415,270709.258257,187,1.00,1,99d1c7fab316,71,59,message,adapted,2708,4
python,stream,message,100,69,mashumaro,3.22,1665,3245,168,4910,600600.600601,308166.409861,203665.987780,5466,1.00,1,99d1c7fab316,138,134,dataclass,adapted,2709,5
python,stream,message,100,69,pydantic,2.13.4,4824,12033,168,16857,207296.849088,83104.795147,59322.536632,2329,1.00,1,99d1c7fab316,138,134,model,adapted,2710,6
python,stream,message,100,69,pickle,python-3.14.0,5222,4527,202,9749,191497.510532,220896.841175,102574.623038,4969,1.00,1,99d1c7fab316,194,193,dataclass,native,2711,7
python,stream,message,100,69,msgspec,0.21.1,1569,1869,80,3438,637348.629700,535045.478866,290866.783013,351,1.00,1,99d1c7fab316,97,89,struct,native,2712,8
python,stream,message,100,69,flatbuffers,25.12.19,28556,8230,104,36786,35018.910212,121506.682868,27184.254880,1162,1.00,1,99d1c7fab316,102,107,dataclass,adapted,2713,9
python,stream,message,100,69,dill,0.4.1,52783,7754,202,60537,18945.493814,128965.695125,16518.823199,10948,1.00,1,99d1c7fab316,194,193,dataclass,native,2714,10
python,stream,message,100,69,cloudpickle,3.1.2,11679,3118,202,14797,85623.769158,320718.409237,67581.266473,8946,1.00,1,99d1c7fab316,194,193,dataclass,native,2715,11
python,stream,message,100,69,serpyco-rs,1.21.0,2343,2740,168,5083,426803.243705,364963.503650,196734.212079,5466,1.00,1,99d1c7fab316,138,134,dataclass,adapted,2716,12
python,stream,message,100,69,msgspec-msgpack,0.21.1,1306,1510,52,2816,765696.784074,662251.655629,355113.636364,312,1.00,1,99d1c7fab316,72,61,struct,native,2717,13
python,stream,message,100,69,cbor2,6.1.3,7233,3868,124,11101,138255.219135,258531.540848,90081.974597,908,1.00,1,99d1c7fab316,122,123,dict,adapted,2718,14
python,stream,message,100,69,json,python-3.14.0,8653,5566,168,14219,115566.855426,179662.234998,70328.433786,2329,1.00,1,99d1c7fab316,138,134,dict,adapted,2719,15
python,stream,message,100,70,msgspec-msgpack,0.21.1,5524,1536,52,7060,181028.240406,651041.666667,141643.059490,312,1.00,1,99d1c7fab316,72,61,struct,native,2720,0
python,stream,message,100,70,pickle,python-3.14.0,4402,3990,202,8392,227169.468423,250626.566416,119161.105815,4969,1.00,1,99d1c7fab316,194,193,dataclass,native,2721,1
python,stream,message,100,70,serpyco-rs,1.21.0,1569,2522,168,4091,637348.629700,396510.705789,244439.012466,5466,1.00,1,99d1c7fab316,138,134,dataclass,adapted,2722,2
python,stream,message,100,70,cloudpickle,3.1.2,24710,2975,202,27685,40469.445569,336134.453782,36120.642947,8946,1.00,1,99d1c7fab316,194,193,dataclass,native,2723,3
python,stream,message,100,70,msgspec,0.21.1,1311,1638,80,2949,762776.506484,610500.610501,339097.999322,351,1.00,1,99d1c7fab316,97,89,struct,native,2724,4
python,stream,message,100,70,cbor2,6.1.3,5487,3036,124,8523,182248.952069,329380.764163,117329.578787,908,1.00,1,99d1c7fab316,122,123,dict,adapted,2725,5
python,stream,message,100,70,avro,1.12.2,8053,4959,44,13012,124177.325220,201653.559185,76852.136489,1808,1.00,1,99d1c7fab316,64,53,dict,adapted,2726,6
python,stream,message,100,70,protobuf,7.35.1,2351,1945,50,4296,425350.914504,514138.817481,232774.674115,187,1.00,1,99d1c7fab316,71,59,message,adapted,2727,7
python,stream,message,100,70,rapidjson,1.23,4033,4283,168,8316,247954.376395,233481.204763,120250.120250,1492,1.00,1,99d1c7fab316,138,134,dict,adapted,2728,8
python,stream,message,100,70,json,python-3.14.0,6788,4607,168,11395,147318.797879,217060.994139,87757.788504,2329,1.00,1,99d1c7fab316,138,134,dict,adapted,2729,9
python,stream,message,100,70,pydantic,2.13.4,5085,7320,168,12405,196656.833825,136612.021858,80612.656187,2329,1.00,1,99d1c7fab316,138,134,model,adapted,2730,10
python,stream,message,100,70,mashumaro,3.22,1761,3320,168,5081,567859.170926,301204.819277,196811.651250,5466,1.00,1,99d1c7fab316,138,134,dataclass,adapted,2731,11
python,stream,message,100,70,msgpack,1.2.1,1973,3211,124,5184,506842.372022,311429.461227,192901.234568,521,1.00,1,99d1c7fab316,124,121,dict,native,2732,12
python,stream,message,100,70,flatbuffers,25.12.19,26223,7884,104,34107,38134.462113,126839.167935,29319.494532,1162,1.00,1,99d1c7fab316,102,107,dataclass,adapted,2733,13
python,stream,message,100,70,orjson,3.11.9,850,1323,168,2173,1176470.588235,755857.898715,460193.281178,5466,1.00,1,99d1c7fab316,138,134,dict,adapted,2734,14
python,stream,message,100,70,dill,0.4.1,50005,7785,202,57790,19998.000200,128452.151574,17304.031839,10948,1.00,1,99d1c7fab316,194,193,dataclass,native,2735,15
python,stream,message,100,71,pickle,python-3.14.0,5138,3802,202,8940,194628.260023,263019.463440,111856.823266,4969,1.00,1,99d1c7fab316,194,193,dataclass,native,2736,0
python,stream,message,100,71,serpyco-rs,1.21.0,2217,2638,168,4855,451059.990979,379075.056861,205973.223481,5466,1.00,1,99d1c7fab316,138,134,dataclass,adapted,2737,1
python,stream,message,100,71,msgspec-msgpack,0.21.1,1373,1515,52,2888,728332.119446,660066.006601,346260.387812,312,1.00,1,99d1c7fab316,72,61,struct,native,2738,2
python,stream,message,100,71,protobuf,7.35.1,1823,1897,50,3720,548546.352167,527148.128624,268817.204301,187,1.00,1,99d1c7fab316,71,59,message,adapted,2739,3
python,stream,message,100,71,msgpack,1.2.1,2012,3132,124,5144,497017.892644,319284.802043,194401.244168,521,1.00,1,99d1c7fab316,124,121,dict,native,2740,4
python,stream,message,100,71,rapidjson,1.23,4049,4464,168,8513,246974.561620,224014.336918,117467.402796,1492,1.00,1,99d1c7fab316,138,134,dict,adapted,2741,5
python,stream,message,100,71,flatbuffers,25.12.19,27797,7631,104,35428,35975.105227,131044.424060,28226.261714,1162,1.00,1,99d1c7fab316,102,107,dataclass,adapted,2742,6
python,stream,message,100,71,mashumaro,3.22,1599,3341,168,4940,625390.869293,299311.583358,202429.149798,5466,1.00,1,99d1c7fab316,138,134,dataclass,adapted,2743,7
python,stream,message,100,71,pydantic,2.13.4,5316,10827,168,16143,188111.361926,92361.688372,61946.354457,2329,1.00,1,99d1c7fab316,138,134,model,adapted,2744,8
python,stream,message,100,71,avro,1.12.2,8688,5364,44,14052,115101.289134,186428.038777,71164.247082,1808,1.00,1,99d1c7fab316,64,53,dict,adapted,2745,9
python,stream,message,100,71,orjson,3.11.9,961,1076,168,2037,1040582.726327,929368.029740,490918.016691,5466,1.00,1,99d1c7fab316,138,134,dict,adapted,2746,10
python,stream,message,100,71,cloudpickle,3.1.2,13141,4385,202,17526,76097.709459,228050.171038,57058.085131,8946,1.00,1,99d1c7fab316,194,193,dataclass,native,2747,11
python,stream,message,100,71,msgspec,0.21.1,1702,1922,80,3624,587544.065805,520291.363163,275938.189845,351,1.00,1,99d1c7fab316,97,89,struct,native,2748,12
python,stream,message,100,71,cbor2,6.1.3,7627,3939,124,11566,131113.150649,253871.541000,86460.314716,908,1.00,1,99d1c7fab316,122,123,dict,adapted,2749,13
python,stream,message,100,71,json,python-3.14.0,27226,5414,168,32640,36729.596709,184706.316956,30637.254902,2329,1.00,1,99d1c7fab316,138,134,dict,adapted,2750,14
python,stream,message,100,71,dill,0.4.1,53105,7739,202,60844,18830.618586,129215.660938,16435.474328,10948,1.00,1,99d1c7fab316,194,193,dataclass,native,2751,15
python,stream,message,100,72,cloudpickle,3.1.2,10613,3115,202,13728,94224.064826,321027.287319,72843.822844,8946,1.00,1,99d1c7fab316,194,193,dataclass,native,2752,0
python,stream,message,100,72,msgspec,0.21.1,1320,1616,80,2936,757575.757576,618811.881188,340599.455041,351,1.00,1,99d1c7fab316,97,89,struct,native,2753,1
python,stream,message,100,72,avro,1.12.2,7595,4684,44,12279,131665.569454,213492.741247,81439.856666,1808,1.00,1,99d1c7fab316,64,53,dict,adapted,2754,2
python,stream,message,100,72,json,python-3.14.0,7266,4943,168,12209,137627.305257,202306.291726,81906.790073,2329,1.00,1,99d1c7fab316,138,134,dict,adapted,2755,3
python,stream,message,100,72,mashumaro,3.22,1742,2978,168,4720,574052.812859,335795.836132,211864.406780,5466,1.00,1,99d1c7fab316,138,134,dataclass,adapted,2756,4
python,stream,message,100,72,orjson,3.11.9,633,938,168,1571,1579778.830964,1066098.081023,636537.237428,5466,1.00,1,99d1c7fab316,138,134,dict,adapted,2757,5
python,stream,message,100,72,msgspec-msgpack,0.21.1,1144,1499,52,2643,874125.874126,667111.407605,378357.926599,312,1.00,1,99d1c7fab316,72,61,struct,native,2758,6
python,stream,message,100,72,dill,0.4.1,45477,6556,202,52033,21989.137366,152532.031727,19218.572829,10948,1.00,1,99d1c7fab316,194,193,dataclass,native,2759,7
python,stream,message,100,72,protobuf,7.35.1,1935,1960,50,3895,516795.865633,510204.081633,256739.409499,187,1.00,1,99d1c7fab316,71,59,message,adapted,2760,8
python,stream,message,100,72,pickle,python-3.14.0,4373,3196,202,7569,228675.966156,312891.113892,132117.849121,4969,1.00,1,99d1c7fab316,194,193,dataclass,native,2761,9
python,stream,message,100,72,serpyco-rs,1.21.0,6489,2391,168,8880,154106.950223,418235.048097,112612.612613,5466,1.00,1,99d1c7fab316,138,134,dataclass,adapted,2762,10
python,stream,message,100,72,flatbuffers,25.12.19,48611,7943,104,56554,20571.475592,125897.016241,17682.215228,1162,1.00,1,99d1c7fab316,102,107,dataclass,adapted,2763,11
python,stream,message,100,72,pydantic,2.13.4,5062,9934,168,14996,197550.375346,100664.384941,66684.449186,2329,1.00,1,99d1c7fab316,138,134,model,adapted,2764,12
python,stream,message,100,72,msgpack,1.2.1,2167,3547,124,5714,461467.466544,281928.390189,175008.750438,521,1.00,1,99d1c7fab316,124,121,dict,native,2765,13
python,stream,message,100,72,cbor2,6.1.3,7218,3771,124,10989,138542.532557,265181.649430,91000.091000,908,1.00,1,99d1c7fab316,122,123,dict,adapted,2766,14
python,stream,message,100,72,rapidjson,1.23,4103,4435,168,8538,243724.104314,225479.143179,117123.448114,1492,1.00,1,99d1c7fab316,138,134,dict,adapted,2767,15
python,stream,message,100,73,cloudpickle,3.1.2,12117,4327,202,16444,82528.678716,231107.002542,60812.454391,8946,1.00,1,99d1c7fab316,194,193,dataclass,native,2768,0
python,stream,message,100,73,msgspec,0.21.1,1555,1917,80,3472,643086.816720,521648.408972,288018.433180,351,1.00,1,99d1c7fab316,97,89,struct,native,2769,1
python,stream,message,100,73,rapidjson,1.23,2944,3070,168,6014,339673.913043,325732.899023,166278.683073,1492,1.00,1,99d1c7fab316,138,134,dict,adapted,2770,2
python,stream,message,100,73,protobuf,7.35.1,1619,1726,50,3345,617665.225448,579374.275782,298953.662182,187,1.00,1,99d1c7fab316,71,59,message,adapted,2771,3
python,stream,message,100,73,pydantic,2.13.4,4276,8559,168,12835,233863.423761,116836.078981,77911.959486,2329,1.00,1,99d1c7fab316,138,134,model,adapted,2772,4
python,stream,message,100,73,msgpack,1.2.1,1647,2976,124,4623,607164.541591,336021.505376,216309.755570,521,1.00,1,99d1c7fab316,124,121,dict,native,2773,5
python,stream,message,100,73,dill,0.4.1,50264,6704,202,56968,19894.954640,149164.677804,17553.714366,10948,1.00,1,99d1c7fab316,194,193,dataclass,native,2774,6
python,stream,message,100,73,orjson,3.11.9,1276,1632,168,2908,783699.059561,612745.098039,343878.954608,5466,1.00,1,99d1c7fab316,138,134,dict,adapted,2775,7
python,stream,message,100,73,pickle,python-3.14.0,4296,3181,202,7477,232774.674115,314366.551399,133743.480005,4969,1.00,1,99d1c7fab316,194,193,dataclass,native,2776,8
python,stream,message,100,73,mashumaro,3.22,1818,3064,168,4882,550055.005501,326370.757180,204834.084392,5466,1.00,1,99d1c7fab316,138,134,dataclass,adapted,2777,9
python,stream,message,100,73,json,python-3.14.0,7689,5715,168,13404,130055.924047,174978.127734,74604.595643,2329,1.00,1,99d1c7fab316,138,134,dict,adapted,2778,10
python,stream,message,100,73,msgspec-msgpack,0.21.1,1272,1528,52,2800,786163.522013,654450.261780,357142.857143,312,1.00,1,99d1c7fab316,72,61,struct,native,2779,11
python,stream,message,100,73,cbor2,6.1.3,6912,3571,124,10483,144675.925926,280033.604032,95392.540303,908,1.00,1,99d1c7fab316,122,123,dict,adapted,2780,12
python,stream,message,100,73,serpyco-rs,1.21.0,2007,2126,168,4133,498256.103637,470366.886171,241954.996371,5466,1.00,1,99d1c7fab316,138,134,dataclass,adapted,2781,13
python,stream,message,100,73,flatbuffers,25.12.19,26470,7725,104,34195,37778.617303,129449.838188,29244.041527,1162,1.00,1,99d1c7fab316,102,107,dataclass,adapted,2782,14
python,stream,message,100,73,avro,1.12.2,8147,5195,44,13342,122744.568553,192492.781521,74951.281667,1808,1.00,1,99d1c7fab316,64,53,dict,adapted,2783,15
python,stream,message,100,74,rapidjson,1.23,3478,3523,168,7001,287521.564117,283848.992336,142836.737609,1492,1.00,1,99d1c7fab316,138,134,dict,adapted,2784,0
python,stream,message,100,74,json,python-3.14.0,6751,4456,168,11207,148126.203525,224416.517056,89229.945570,2329,1.00,1,99d1c7fab316,138,134,dict,adapted,2785,1
python,stream,message,100,74,pydantic,2.13.4,4676,7850,168,12526,213857.998289,127388.535032,79833.945394,2329,1.00,1,99d1c7fab316,138,134,model,adapted,2786,2
python,stream,message,100,74,msgspec-msgpack,0.21.1,1165,1463,52,2628,858369.098712,683526.999316,380517.503805,312,1.00,1,99d1c7fab316,72,61,struct,native,2787,3
python,stream,message,100,74,dill,0.4.1,53980,8222,202,62202,18525.379770,121624.908781,16076.653484,10948,1.00,1,99d1c7fab316,194,193,dataclass,native,2788,4
python,stream,message,100,74,mashumaro,3.22,2000,3665,168,5665,500000.000000,272851.296044,176522.506620,5466,1.00,1,99d1c7fab316,138,134,dataclass,adapted,2789,5
python,stream,message,100,74,pickle,python-3.14.0,5046,3498,202,8544,198176.773682,285877.644368,117041.198502,4969,1.00,1,99d1c7fab316,194,193,dataclass,native,2790,6
python,stream,message,100,74,msgpack,1.2.1,2092,3090,124,5182,478011.472275,323624.595469,192975.685064,521,1.00,1,99d1c7fab316,124,121,dict,native,2791,7
python,stream,message,100,74,cbor2,6.1.3,7053,3711,124,10764,141783.638168,269469.145783,92902.266815,908,1.00,1,99d1c7fab316,122,123,dict,adapted,2792,8
python,stream,message,100,74,avro,1.12.2,8183,5227,44,13410,122204.570451,191314.329443,74571.215511,1808,1.00,1,99d1c7fab316,64,53,dict,adapted,2793,9
python,stream,message,100,74,msgspec,0.21.1,1542,1936,80,3478,648508.430610,516528.925620,287521.564117,351,1.00,1,99d1c7fab316,97,89,struct,native,2794,10
python,stream,message,100,74,cloudpickle,3.1.2,12862,3734,202,16596,77748.406158,267809.319764,60255.483249,8946,1.00,1,99d1c7fab316,194,193,dataclass,native,2795,11
python,stream,message,100,74,orjson,3.11.9,1056,1339,168,2395,946969.696970,746825.989544,417536.534447,5466,1.00,1,99d1c7fab316,138,134,dict,adapted,2796,12
python,stream,message,100,74,serpyco-rs,1.21.0,1839,1984,168,3823,543773.790103,504032.258065,261574.679571,5466,1.00,1,99d1c7fab316,138,134,dataclass,adapted,2797,13
python,stream,message,100,74,protobuf,7.35.1,1972,1977,50,3949,507099.391481,505816.894284,253228.665485,187,1.00,1,99d1c7fab316,71,59,message,adapted,2798,14
python,stream,message,100,74,flatbuffers,25.12.19,28644,8049,104,36693,34911.325234,124239.035905,27253.154553,1162,1.00,1,99d1c7fab316,102,107,dataclass,adapted,2799,15
python,stream,message,100,75,msgspec,0.21.1,1241,1616,80,2857,805801.772764,618811.881188,350017.500875,351,1.00,1,99d1c7fab316,97,89,struct,native,2800,0
python,stream,message,100,75,rapidjson,1.23,4036,4532,168,8568,247770.069376,220653.133274,116713.352007,1492,1.00,1,99d1c7fab316,138,134,dict,adapted,2801,1
python,stream,message,100,75,dill,0.4.1,47677,7310,202,54987,20974.474065,136798.905609,18186.116718,10948,1.00,1,99d1c7fab316,194,193,dataclass,native,2802,2
python,stream,message,100,75,avro,1.12.2,7517,4862,44,12379,133031.794599,205676.676265,80781.969464,1808,1.00,1,99d1c7fab316,64,53,dict,adapted,2803,3
python,stream,message,100,75,pickle,python-3.14.0,4449,3148,202,7597,224769.611149,317662.007624,131630.906937,4969,1.00,1,99d1c7fab316,194,193,dataclass,native,2804,4
python,stream,message,100,75,cbor2,6.1.3,6912,3354,124,10266,144675.925926,298151.460942,97408.922657,908,1.00,1,99d1c7fab316,122,123,dict,adapted,2805,5
python,stream,message,100,75,pydantic,2.13.4,5043,10256,168,15299,198294.665873,97503.900156,65363.749265,2329,1.00,1,99d1c7fab316,138,134,model,adapted,2806,6
python,stream,message,100,75,flatbuffers,25.12.19,26304,7601,104,33905,38017.031630,131561.636627,29494.174900,1162,1.00,1,99d1c7fab316,102,107,dataclass,adapted,2807,7
python,stream,message,100,75,msgpack,1.2.1,1986,3013,124,4999,503524.672709,331895.121142,200040.008002,521,1.00,1,99d1c7fab316,124,121,dict,native,2808,8
python,stream,message,100,75,mashumaro,3.22,1667,3471,168,5138,599880.023995,288101.411697,194628.260023,5466,1.00,1,99d1c7fab316,138,134,dataclass,adapted,2809,9
python,stream,message,100,75,protobuf,7.35.1,1678,1767,50,3445,595947.556615,565930.956423,290275.761974,187,1.00,1,99d1c7fab316,71,59,message,adapted,2810,10
python,stream,message,100,75,json,python-3.14.0,8906,4850,168,13756,112283.853582,206185.567010,72695.551032,2329,1.00,1,99d1c7fab316,138,134,dict,adapted,2811,11
python,stream,message,100,75,orjson,3.11.9,909,1092,168,2001,1100110.011001,915750.915751,499750.124938,5466,1.00,1,99d1c7fab316,138,134,dict,adapted,2812,12
python,stream,message,100,75,cloudpickle,3.1.2,12097,4003,202,16100,82665.123584,249812.640520,62111.801242,8946,1.00,1,99d1c7fab316,194,193,dataclass,native,2813,13
python,stream,message,100,75,serpyco-rs,1.21.0,1807,2070,168,3877,553403.431101,483091.787440,257931.390250,5466,1.00,1,99d1c7fab316,138,134,dataclass,adapted,2814,14
python,stream,message,100,75,msgspec-msgpack,0.21.1,1363,1663,52,3026,733675.715334,601322.910403,330469.266358,312,1.00,1,99d1c7fab316,72,61,struct,native,2815,15
python,stream,message,100,76,mashumaro,3.22,1277,2446,168,3723,783085.356304,408830.744072,268600.590921,5466,1.00,1,99d1c7fab316,138,134,dataclass,adapted,2816,0
python,stream,message,100,76,rapidjson,1.23,3812,3768,168,7580,262329.485834,265392.781316,131926.121372,1492,1.00,1,99d1c7fab316,138,134,dict,adapted,2817,1
python,stream,message,100,76,protobuf,7.35.1,1342,1438,50,2780,745156.482861,695410.292072,359712.230216,187,1.00,1,99d1c7fab316,71,59,message,adapted,2818,2
python,stream,message,100,76,json,python-3.14.0,7007,4581,168,11588,142714.428429,218292.949138,86296.168450,2329,1.00,1,99d1c7fab316,138,134,dict,adapted,2819,3
python,stream,message,100,76,serpyco-rs,1.21.0,1343,1897,168,3240,744601.638124,527148.128624,308641.975309,5466,1.00,1,99d1c7fab316,138,134,dataclass,adapted,2820,4
python,stream,message,100,76,cloudpickle,3.1.2,10038,3596,202,13634,99621.438534,278086.763070,73346.046648,8946,1.00,1,99d1c7fab316,194,193,dataclass,native,2821,5
python,stream,message,100,76,pydantic,2.13.4,4630,7650,168,12280,215982.721382,130718.954248,81433.224756,2329,1.00,1,99d1c7fab316,138,134,model,adapted,2822,6
python,stream,message,100,76,dill,0.4.1,47706,6793,202,54499,20961.723892,147210.363610,18348.960531,10948,1.00,1,99d1c7fab316,194,193,dataclass,native,2823,7
python,stream,message,100,76,avro,1.12.2,8029,4851,44,12880,124548.511645,206143.063286,77639.751553,1808,1.00,1,99d1c7fab316,64,53,dict,adapted,2824,8
python,stream,message,100,76,flatbuffers,25.12.19,25818,7195,104,33013,38732.667131,138985.406532,30291.097446,1162,1.00,1,99d1c7fab316,102,107,dataclass,adapted,2825,9
python,stream,message,100,76,cbor2,6.1.3,6964,3672,124,10636,143595.634693,272331.154684,94020.308387,908,1.00,1,99d1c7fab316,122,123,dict,adapted,2826,10
python,stream,message,100,76,msgspec-msgpack,0.21.1,1269,1710,52,2979,788022.064618,584795.321637,335683.115139,312,1.00,1,99d1c7fab316,72,61,struct,native,2827,11
python,stream,message,100,76,pickle,python-3.14.0,4483,3621,202,8104,223064.911889,276166.804750,123395.853899,4969,1.00,1,99d1c7fab316,194,193,dataclass,native,2828,12
python,stream,message,100,76,msgpack,1.2.1,2095,3081,124,5176,477326.968974,324569.944823,193199.381762,521,1.00,1,99d1c7fab316,124,121,dict,native,2829,13
python,stream,message,100,76,orjson,3.11.9,1083,1426,168,2509,923361.034164,701262.272090,398565.165405,5466,1.00,1,99d1c7fab316,138,134,dict,adapted,2830,14
python,stream,message,100,76,msgspec,0.21.1,1409,1648,80,3057,709723.207949,606796.116505,327118.089630,351,1.00,1,99d1c7fab316,97,89,struct,native,2831,15
python,stream,message,100,77,dill,0.4.1,46914,7245,202,54159,21315.598755,138026.224983,18464.151849,10948,1.00,1,99d1c7fab316,194,193,dataclass,native,2832,0
python,stream,message,100,77,msgspec,0.21.1,1319,1180,80,2499,758150.113723,847457.627119,400160.064026,351,1.00,1,99d1c7fab316,97,89,struct,native,2833,1
python,stream,message,100,77,cbor2,6.1.3,5930,3004,124,8934,168634.064081,332889.480692,111931.945377,908,1.00,1,99d1c7fab316,122,123,dict,adapted,2834,2
python,stream,message,100,77,protobuf,7.35.1,1758,1805,50,3563,568828.213879,554016.620499,280662.363177,187,1.00,1,99d1c7fab316,71,59,message,adapted,2835,3
python,stream,message,100,77,json,python-3.14.0,8557,6600,168,15157,116863.386701,151515.151515,65976.116646,2329,1.00,1,99d1c7fab316,138,134,dict,adapted,2836,4
python,stream,message,100,77,flatbuffers,25.12.19,27324,7717,104,35041,36597.862685,129584.035247,28537.998345,1162,1.00,1,99d1c7fab316,102,107,dataclass,adapted,2837,5
python,stream,message,100,77,serpyco-rs,1.21.0,2061,2762,168,4823,485201.358564,362056.480811,207339.829981,5466,1.00,1,99d1c7fab316,138,134,dataclass,adapted,2838,6
python,stream,message,100,77,avro,1.12.2,8297,5008,44,13305,120525.491141,199680.511182,75159.714393,1808,1.00,1,99d1c7fab316,64,53,dict,adapted,2839,7
python,stream,message,100,77,msgpack,1.2.1,1981,3107,124,5088,504795.557799,321853.878339,196540.880503,521,1.00,1,99d1c7fab316,124,121,dict,native,2840,8
python,stream,message,100,77,msgspec-msgpack,0.21.1,1255,1410,52,2665,796812.749004,709219.858156,375234.521576,312,1.00,1,99d1c7fab316,72,61,struct,native,2841,9
python,stream,message,100,77,rapidjson,1.23,3663,4341,168,8004,273000.273000,230361.667818,124937.531234,1492,1.00,1,99d1c7fab316,138,134,dict,adapted,2842,10
python,stream,message,100,77,pickle,python-3.14.0,5758,4444,202,10202,173671.413685,225022.502250,98019.996079,4969,1.00,1,99d1c7fab316,194,193,dataclass,native,2843,11
python,stream,message,100,77,mashumaro,3.22,1638,3106,168,4744,610500.610501,321957.501610,210792.580101,5466,1.00,1,99d1c7fab316,138,134,dataclass,adapted,2844,12
python,stream,message,100,77,orjson,3.11.9,671,936,168,1607,1490312.965723,1068376.068376,622277.535781,5466,1.00,1,99d1c7fab316,138,134,dict,adapted,2845,13
python,stream,message,100,77,pydantic,2.13.4,5701,10057,168,15758,175407.823189,99433.230586,63459.829928,2329,1.00,1,99d1c7fab316,138,134,model,adapted,2846,14
python,stream,message,100,77,cloudpickle,3.1.2,13396,3976,202,17372,74649.149000,251509.054326,57563.895924,8946,1.00,1,99d1c7fab316,194,193,dataclass,native,2847,15
python,stream,message,100,78,json,python-3.14.0,8038,4581,168,12619,124409.056979,218292.949138,79245.582059,2329,1.00,1,99d1c7fab316,138,134,dict,adapted,2848,0
python,stream,message,100,78,dill,0.4.1,49774,7014,202,56788,20090.810463,142571.998859,17609.354089,10948,1.00,1,99d1c7fab316,194,193,dataclass,native,2849,1
python,stream,message,100,78,msgspec,0.21.1,1452,1595,80,3047,688705.234160,626959.247649,328191.663932,351,1.00,1,99d1c7fab316,97,89,struct,native,2850,2
python,stream,message,100,78,serpyco-rs,1.21.0,1908,2401,168,4309,524109.014675,416493.127863,232072.406591,5466,1.00,1,99d1c7fab316,138,134,dataclass,adapted,2851,3
python,stream,message,100,78,cloudpickle,3.1.2,10729,3249,202,13978,93205.331345,307787.011388,71540.992989,8946,1.00,1,99d1c7fab316,194,193,dataclass,native,2852,4
python,stream,message,100,78,mashumaro,3.22,1533,4412,168,5945,652315.720809,226654.578422,168208.578638,5466,1.00,1,99d1c7fab316,138,134,dataclass,adapted,2853,5
python,stream,message,100,78,pickle,python-3.14.0,3412,2563,202,5975,293083.235639,390167.772142,167364.016736,4969,1.00,1,99d1c7fab316,194,193,dataclass,native,2854,6
python,stream,message,100,78,msgpack,1.2.1,1967,3078,124,5045,508388.408744,324886.289799,198216.055500,521,1.00,1,99d1c7fab316,124,121,dict,native,2855,7
python,stream,message,100,78,pydantic,2.13.4,4543,8379,168,12922,220118.864187,119345.984008,77387.401331,2329,1.00,1,99d1c7fab316,138,134,model,adapted,2856,8
python,stream,message,100,78,msgspec-msgpack,0.21.1,1237,1356,52,2593,808407.437348,737463.126844,385653.682993,312,1.00,1,99d1c7fab316,72,61,struct,native,2857,9
python,stream,message,100,78,flatbuffers,25.12.19,26520,7707,104,34227,37707.390649,129752.173349,29216.700266,1162,1.00,1,99d1c7fab316,102,107,dataclass,adapted,2858,10
python,stream,message,100,78,rapidjson,1.23,3512,3972,168,7484,284738.041002,251762.336354,133618.385890,1492,1.00,1,99d1c7fab316,138,134,dict,adapted,2859,11
python,stream,message,100,78,protobuf,7.35.1,1810,1832,50,3642,552486.187845,545851.528384,274574.409665,187,1.00,1,99d1c7fab316,71,59,message,adapted,2860,12
python,stream,message,100,78,avro,1.12.2,8457,5090,44,13547,118245.240629,196463.654224,73817.081273,1808,1.00,1,99d1c7fab316,64,53,dict,adapted,2861,13
python,stream,message,100,78,cbor2,6.1.3,7185,3729,124,10914,139178.844816,268168.409761,91625.435221,908,1.00,1,99d1c7fab316,122,123,dict,adapted,2862,14
python,stream,message,100,78,orjson,3.11.9,1235,1288,168,2523,809716.599190,776397.515528,396353.547364,5466,1.00,1,99d1c7fab316,138,134,dict,adapted,2863,15
python,stream,message,100,79,msgspec-msgpack,0.21.1,1193,1376,52,2569,838222.967309,726744.186047,389256.520047,312,1.00,1,99d1c7fab316,72,61,struct,native,2864,0
python,stream,message,100,79,dill,0.4.1,46342,7595,202,53937,21578.697510,131665.569454,18540.148692,10948,1.00,1,99d1c7fab316,194,193,dataclass,native,2865,1
python,stream,message,100,79,protobuf,7.35.1,1413,1540,50,2953,707714.083510,649350.649351,338638.672536,187,1.00,1,99d1c7fab316,71,59,message,adapted,2866,2
python,stream,message,100,79,mashumaro,3.22,1760,3203,168,4963,568181.818182,312207.305651,201491.033649,5466,1.00,1,99d1c7fab316,138,134,dataclass,adapted,2867,3
python,stream,message,100,79,msgpack,1.2.1,2016,3116,124,5132,496031.746032,320924.261874,194855.806703,521,1.00,1,99d1c7fab316,124,121,dict,native,2868,4
python,stream,message,100,79,rapidjson,1.23,3674,3964,168,7638,272182.906913,252270.433905,130924.325740,1492,1.00,1,99d1c7fab316,138,134,dict,adapted,2869,5
python,stream,message,100,79,cbor2,6.1.3,5612,3038,124,8650,178189.593728,329163.923634,115606.936416,908,1.00,1,99d1c7fab316,122,123,dict,adapted,2870,6
python,stream,message,100,79,avro,1.12.2,8189,8469,44,16658,122115.032360,118077.695123,60031.216232,1808,1.00,1,99d1c7fab316,64,53,dict,adapted,2871,7
python,stream,message,100,79,serpyco-rs,1.21.0,2351,2361,168,4712,425350.914504,423549.343499,212224.108659,5466,1.00,1,99d1c7fab316,138,134,dataclass,adapted,2872,8
python,stream,message,100,79,flatbuffers,25.12.19,27890,7646,104,35536,35855.145213,130787.339786,28140.477262,1162,1.00,1,99d1c7fab316,102,107,dataclass,adapted,2873,9
python,stream,message,100,79,pickle,python-3.14.0,5961,4491,202,10452,167757.087737,222667.557337,95675.468810,4969,1.00,1,99d1c7fab316,194,193,dataclass,native,2874,10
python,stream,message,100,79,json,python-3.14.0,8577,6579,168,15156,116590.882593,151998.784010,65980.469781,2329,1.00,1,99d1c7fab316,138,134,dict,adapted,2875,11
python,stream,message,100,79,msgspec,0.21.1,1710,1984,80,3694,584795.321637,504032.258065,270709.258257,351,1.00,1,99d1c7fab316,97,89,struct,native,2876,12
python,stream,message,100,79,cloudpickle,3.1.2,12449,3596,202,16045,80327.737168,278086.763070,62324.711748,8946,1.00,1,99d1c7fab316,194,193,dataclass,native,2877,13
python,stream,message,100,79,orjson,3.11.9,974,1290,168,2264,1026694.045175,775193.798450,441696.113074,5466,1.00,1,99d1c7fab316,138,134,dict,adapted,2878,14
python,stream,message,100,79,pydantic,2.13.4,5634,9007,168,14641,177493.787717,111024.758521,68301.345537,2329,1.00,1,99d1c7fab316,138,134,model,adapted,2879,15
python,stream,message,100,80,orjson,3.11.9,792,1126,168,1918,1262626.262626,888099.467140,521376.433785,5466,1.00,1,99d1c7fab316,138,134,dict,adapted,2880,0
python,stream,message,100,80,dill,0.4.1,52192,6928,202,59120,19160.024525,144341.801386,16914.749662,10948,1.00,1,99d1c7fab316,194,193,dataclass,native,2881,1
python,stream,message,100,80,pydantic,2.13.4,3897,7686,168,11583,256607.646908,130106.687484,86333.419667,2329,1.00,1,99d1c7fab316,138,134,model,adapted,2882,2
python,stream,message,100,80,mashumaro,3.22,1559,3074,168,4633,641436.818473,325309.043591,215842.866393,5466,1.00,1,99d1c7fab316,138,134,dataclass,adapted,2883,3
python,stream,message,100,80,cbor2,6.1.3,6217,3242,124,9459,160849.284221,308451.573103,105719.420658,908,1.00,1,99d1c7fab316,122,123,dict,adapted,2884,4
python,stream,message,100,80,avro,1.12.2,8005,4576,44,12581,124921.923798,218531.468531,79484.937604,1808,1.00,1,99d1c7fab316,64,53,dict,adapted,2885,5
python,stream,message,100,80,flatbuffers,25.12.19,25541,7362,104,32903,39152.734819,135832.654170,30392.365438,1162,1.00,1,99d1c7fab316,102,107,dataclass,adapted,2886,6
python,stream,message,100,80,pickle,python-3.14.0,5157,3823,202,8980,193911.188676,261574.679571,111358.574610,4969,1.00,1,99d1c7fab316,194,193,dataclass,native,2887,7
python,stream,message,100,80,json,python-3.14.0,8277,4626,168,12903,120816.721034,216169.476870,77501.356274,2329,1.00,1,99d1c7fab316,138,134,dict,adapted,2888,8
python,stream,message,100,80,msgspec,0.21.1,1514,1778,80,3292,660501.981506,562429.696288,303766.707169,351,1.00,1,99d1c7fab316,97,89,struct,native,2889,9
python,stream,message,100,80,serpyco-rs,1.21.0,1907,2321,168,4228,524383.848977,430848.772081,236518.448439,5466,1.00,1,99d1c7fab316,138,134,dataclass,adapted,2890,10
python,stream,message,100,80,protobuf,7.35.1,1835,1795,50,3630,544959.128065,557103.064067,275482.093664,187,1.00,1,99d1c7fab316,71,59,message,adapted,2891,11
python,stream,message,100,80,msgpack,1.2.1,2096,3131,124,5227,477099.236641,319386.777387,191314.329443,521,1.00,1,99d1c7fab316,124,121,dict,native,2892,12
python,stream,message,100,80,rapidjson,1.23,3579,3967,168,7546,279407.655770,252079.657172,132520.540684,1492,1.00,1,99d1c7fab316,138,134,dict,adapted,2893,13
python,stream,message,100,80,msgspec-msgpack,0.21.1,1325,1500,52,2825,754716.981132,666666.666667,353982.300885,312,1.00,1,99d1c7fab316,72,61,struct,native,2894,14
python,stream,message,100,80,cloudpickle,3.1.2,12329,3564,202,15893,81109.579041,280583.613917,62920.782735,8946,1.00,1,99d1c7fab316,194,193,dataclass,native,2895,15
python,stream,message,100,81,protobuf,7.35.1,1204,1421,50,2625,830564.784053,703729.767769,380952.380952,187,1.00,1,99d1c7fab316,71,59,message,adapted,2896,0
python,stream,message,100,81,serpyco-rs,1.21.0,1644,2169,168,3813,608272.506083,461041.954818,262260.687123,5466,1.00,1,99d1c7fab316,138,134,dataclass,adapted,2897,1
python,stream,message,100,81,pickle,python-3.14.0,3815,3251,202,7066,262123.197903,307597.662258,141522.785168,4969,1.00,1,99d1c7fab316,194,193,dataclass,native,2898,2
python,stream,message,100,81,cbor2,6.1.3,6051,3147,124,9198,165261.940175,317762.948840,108719.286801,908,1.00,1,99d1c7fab316,122,123,dict,adapted,2899,3
python,stream,message,100,81,msgspec,0.21.1,1287,1593,80,2880,777000.777001,627746.390458,347222.222222,351,1.00,1,99d1c7fab316,97,89,struct,native,2900,4
python,stream,message,100,81,mashumaro,3.22,1760,2814,168,4574,568181.818182,355366.027008,218627.022300,5466,1.00,1,99d1c7fab316,138,134,dataclass,adapted,2901,5
python,stream,message,100,81,cloudpickle,3.1.2,9348,2930,202,12278,106974.753958,341296.928328,81446.489656,8946,1.00,1,99d1c7fab316,194,193,dataclass,native,2902,6
python,stream,message,100,81,json,python-3.14.0,7334,4800,168,12134,136351.240796,208333.333333,82413.054228,2329,1.00,1,99d1c7fab316,138,134,dict,adapted,2903,7
python,stream,message,100,81,pydantic,2.13.4,4773,7236,168,12009,209511.837419,138197.899392,83270.880173,2329,1.00,1,99d1c7fab316,138,134,model,adapted,2904,8
python,stream,message,100,81,rapidjson,1.23,3065,3618,168,6683,326264.274062,276395.798784,149633.398174,1492,1.00,1,99d1c7fab316,138,134,dict,adapted,2905,9
python,stream,message,100,81,dill,0.4.1,50266,9133,202,59399,19894.163053,109493.047192,16835.300258,10948,1.00,1,99d1c7fab316,194,193,dataclass,native,2906,10
python,stream,message,100,81,msgpack,1.2.1,2057,2836,124,4893,486144.871172,352609.308886,204373.594932,521,1.00,1,99d1c7fab316,124,121,dict,native,2907,11
python,stream,message,100,81,msgspec-msgpack,0.21.1,1313,1491,52,2804,761614.623001,670690.811536,356633.380884,312,1.00,1,99d1c7fab316,72,61,struct,native,2908,12
python,stream,message,100,81,orjson,3.11.9,1019,1243,168,2262,981354.268891,804505.229284,442086.648983,5466,1.00,1,99d1c7fab316,138,134,dict,adapted,2909,13
python,stream,message,100,81,avro,1.12.2,8272,4914,44,13186,120889.748549,203500.203500,75838.010011,1808,1.00,1,99d1c7fab316,64,53,dict,adapted,2910,14
python,stream,message,100,81,flatbuffers,25.12.19,27249,7843,104,35092,36698.594444,127502.231289,28496.523424,1162,1.00,1,99d1c7fab316,102,107,dataclass,adapted,2911,15
python,stream,message,100,82,orjson,3.11.9,804,1168,168,1972,1243781.094527,856164.383562,507099.391481,5466,1.00,1,99d1c7fab316,138,134,dict,adapted,2912,0
python,stream,message,100,82,rapidjson,1.23,3081,3210,168,6291,324569.944823,311526.479751,158957.240502,1492,1.00,1,99d1c7fab316,138,134,dict,adapted,2913,1
python,stream,message,100,82,mashumaro,3.22,1248,2529,168,3777,801282.051282,395413.206801,264760.391845,5466,1.00,1,99d1c7fab316,138,134,dataclass,adapted,2914,2
python,stream,message,100,82,msgpack,1.2.1,1410,2560,124,3970,709219.858156,390625.000000,251889.168766,521,1.00,1,99d1c7fab316,124,121,dict,native,2915,3
python,stream,message,100,82,cbor2,6.1.3,6047,3309,124,9356,165371.258475,302206.104563,106883.283454,908,1.00,1,99d1c7fab316,122,123,dict,adapted,2916,4
python,stream,message,100,82,cloudpickle,3.1.2,11435,3528,202,14963,87450.808920,283446.712018,66831.517744,8946,1.00,1,99d1c7fab316,194,193,dataclass,native,2917,5
python,stream,message,100,82,msgspec-msgpack,0.21.1,1308,1410,52,2718,764525.993884,709219.858156,367917.586461,312,1.00,1,99d1c7fab316,72,61,struct,native,2918,6
python,stream,message,100,82,protobuf,7.35.1,1633,1779,50,3412,612369.871402,562113.546936,293083.235639,187,1.00,1,99d1c7fab316,71,59,message,adapted,2919,7
python,stream,message,100,82,serpyco-rs,1.21.0,1804,2171,168,3975,554323.725055,460617.227084,251572.327044,5466,1.00,1,99d1c7fab316,138,134,dataclass,adapted,2920,8
python,stream,message,100,82,pydantic,2.13.4,4694,8786,168,13480,213037.920750,113817.436831,74183.976261,2329,1.00,1,99d1c7fab316,138,134,model,adapted,2921,9
python,stream,message,100,82,pickle,python-3.14.0,4305,3684,202,7989,232288.037166,271444.082519,125172.111654,4969,1.00,1,99d1c7fab316,194,193,dataclass,native,2922,10
python,stream,message,100,82,flatbuffers,25.12.19,25568,7335,104,32903,39111.389237,136332.651670,30392.365438,1162,1.00,1,99d1c7fab316,102,107,dataclass,adapted,2923,11
python,stream,message,100,82,json,python-3.14.0,7852,4384,168,12236,127356.087621,228102.189781,81726.054266,2329,1.00,1,99d1c7fab316,138,134,dict,adapted,2924,12
python,stream,message,100,82,avro,1.12.2,7803,4876,44,12679,128155.837498,205086.136177,78870.573389,1808,1.00,1,99d1c7fab316,64,53,dict,adapted,2925,13
python,stream,message,100,82,msgspec,0.21.1,1572,1786,80,3358,636132.315522,559910.414334,297796.307326,351,1.00,1,99d1c7fab316,97,89,struct,native,2926,14
python,stream,message,100,82,dill,0.4.1,51522,7972,202,59494,19409.184426,125439.036628,16808.417656,10948,1.00,1,99d1c7fab316,194,193,dataclass,native,2927,15
python,stream,message,100,83,rapidjson,1.23,4070,4428,168,8498,245700.245700,225835.591689,117674.746999,1492,1.00,1,99d1c7fab316,138,134,dict,adapted,2928,0
python,stream,message,100,83,serpyco-rs,1.21.0,2181,2919,168,5100,458505.272811,342583.076396,196078.431373,5466,1.00,1,99d1c7fab316,138,134,dataclass,adapted,2929,1
python,stream,message,100,83,msgpack,1.2.1,2125,3262,124,5387,470588.235294,306560.392397,185632.077223,521,1.00,1,99d1c7fab316,124,121,dict,native,2930,2
python,stream,message,100,83,pickle,python-3.14.0,5028,3643,202,8671,198886.237072,274499.039253,115326.951909,4969,1.00,1,99d1c7fab316,194,193,dataclass,native,2931,3
python,stream,message,100,83,cloudpickle,3.1.2,11092,2483,202,13575,90155.066715,402738.622634,73664.825046,8946,1.00,1,99d1c7fab316,194,193,dataclass,native,2932,4
python,stream,message,100,83,avro,1.12.2,7715,4764,44,12479,129617.627997,209907.640638,80134.626172,1808,1.00,1,99d1c7fab316,64,53,dict,adapted,2933,5
python,stream,message,100,83,cbor2,6.1.3,9579,3833,124,13412,104395.030797,260892.251500,74560.095437,908,1.00,1,99d1c7fab316,122,123,dict,adapted,2934,6
python,stream,message,100,83,json,python-3.14.0,7959,6196,168,14155,125643.925116,161394.448031,70646.414694,2329,1.00,1,99d1c7fab316,138,134,dict,adapted,2935,7
python,stream,message,100,83,flatbuffers,25.12.19,28785,8047,104,36832,34740.316137,124269.914254,27150.304083,1162,1.00,1,99d1c7fab316,102,107,dataclass,adapted,2936,8
python,stream,message,100,83,msgspec,0.21.1,1667,1886,80,3553,599880.023995,530222.693531,281452.293836,351,1.00,1,99d1c7fab316,97,89,struct,native,2937,9
python,stream,message,100,83,dill,0.4.1,50943,7380,202,58323,19629.782306,135501.355014,17145.894416,10948,1.00,1,99d1c7fab316,194,193,dataclass,native,2938,10
python,stream,message,100,83,msgspec-msgpack,0.21.1,1413,1580,52,2993,707714.083510,632911.392405,334112.930170,312,1.00,1,99d1c7fab316,72,61,struct,native,2939,11
python,stream,message,100,83,pydantic,2.13.4,5665,10059,168,15724,176522.506620,99413.460583,63597.049097,2329,1.00,1,99d1c7fab316,138,134,model,adapted,2940,12
python,stream,message,100,83,mashumaro,3.22,2018,3668,168,5686,495540.138751,272628.135224,175870.559268,5466,1.00,1,99d1c7fab316,138,134,dataclass,adapted,2941,13
python,stream,message,100,83,orjson,3.11.9,700,965,168,1665,1428571.428571,1036269.430052,600600.600601,5466,1.00,1,99d1c7fab316,138,134,dict,adapted,2942,14
python,stream,message,100,83,protobuf,7.35.1,2127,1956,50,4083,470145.745181,511247.443763,244917.952486,187,1.00,1,99d1c7fab316,71,59,message,adapted,2943,15
python,stream,message,100,84,flatbuffers,25.12.19,27389,7670,104,35059,36511.008069,130378.096480,28523.346359,1162,1.00,1,99d1c7fab316,102,107,dataclass,adapted,2944,0
python,stream,message,100,84,mashumaro,3.22,1446,2648,168,4094,691562.932227,377643.504532,244259.892526,5466,1.00,1,99d1c7fab316,138,134,dataclass,adapted,2945,1
python,stream,message,100,84,serpyco-rs,1.21.0,1675,1933,168,3608,597014.925373,517330.574237,277161.862528,5466,1.00,1,99d1c7fab316,138,134,dataclass,adapted,2946,2
python,stream,message,100,84,msgspec,0.21.1,1365,1781,80,3146,732600.732601,561482.313307,317863.954228,351,1.00,1,99d1c7fab316,97,89,struct,native,2947,3
python,stream,message,100,84,avro,1.12.2,8105,4975,44,13080,123380.629241,201005.025126,76452.599388,1808,1.00,1,99d1c7fab316,64,53,dict,adapted,2948,4
python,stream,message,100,84,protobuf,7.35.1,1331,1497,50,2828,751314.800902,668002.672011,353606.789250,187,1.00,1,99d1c7fab316,71,59,message,adapted,2949,5
python,stream,message,100,84,rapidjson,1.23,4094,4462,168,8556,244259.892526,224114.746750,116877.045348,1492,1.00,1,99d1c7fab316,138,134,dict,adapted,2950,6
python,stream,message,100,84,pickle,python-3.14.0,6029,4570,202,10599,165864.985901,218818.380744,94348.523446,4969,1.00,1,99d1c7fab316,194,193,dataclass,native,2951,7
python,stream,message,100,84,msgspec-msgpack,0.21.1,1342,1475,52,2817,745156.482861,677966.101695,354987.575435,312,1.00,1,99d1c7fab316,72,61,struct,native,2952,8
python,stream,message,100,84,msgpack,1.2.1,2144,3462,124,5606,466417.910448,288850.375505,178380.306814,521,1.00,1,99d1c7fab316,124,121,dict,native,2953,9
python,stream,message,100,84,pydantic,2.13.4,4904,10051,168,14955,203915.171289,99492.587802,66867.268472,2329,1.00,1,99d1c7fab316,138,134,model,adapted,2954,10
python,stream,message,100,84,cbor2,6.1.3,7620,3922,124,11542,131233.595801,254971.953085,86640.097037,908,1.00,1,99d1c7fab316,122,123,dict,adapted,2955,11
python,stream,message,100,84,orjson,3.11.9,1202,1603,168,2805,831946.755408,623830.318153,356506.238859,5466,1.00,1,99d1c7fab316,138,134,dict,adapted,2956,12
python,stream,message,100,84,dill,0.4.1,50365,7386,202,57751,19855.058076,135391.280802,17315.717477,10948,1.00,1,99d1c7fab316,194,193,dataclass,native,2957,13
python,stream,message,100,84,cloudpickle,3.1.2,11683,2909,202,14592,85594.453479,343760.742523,68530.701754,8946,1.00,1,99d1c7fab316,194,193,dataclass,native,2958,14
python,stream,message,100,84,json,python-3.14.0,8325,5049,168,13374,120120.120120,198059.021588,74771.945566,2329,1.00,1,99d1c7fab316,138,134,dict,adapted,2959,15
python,stream,message,100,85,cloudpickle,3.1.2,8726,2947,202,11673,114600.045840,339328.130302,85667.780348,8946,1.00,1,99d1c7fab316,194,193,dataclass,native,2960,0
python,stream,message,100,85,serpyco-rs,1.21.0,2028,2555,168,4583,493096.646943,391389.432485,218197.687105,5466,1.00,1,99d1c7fab316,138,134,dataclass,adapted,2961,1
python,stream,message,100,85,json,python-3.14.0,5527,3986,168,9513,180929.980098,250878.073256,105119.310417,2329,1.00,1,99d1c7fab316,138,134,dict,adapted,2962,2
python,stream,message,100,85,msgspec-msgpack,0.21.1,1367,1477,52,2844,731528.895391,677048.070413,351617.440225,312,1.00,1,99d1c7fab316,72,61,struct,native,2963,3
python,stream,message,100,85,rapidjson,1.23,3669,3798,168,7467,272553.829381,263296.471827,133922.592741,1492,1.00,1,99d1c7fab316,138,134,dict,adapted,2964,4
python,stream,message,100,85,flatbuffers,25.12.19,27300,7929,104,35229,36630.036630,126119.308866,28385.704959,1162,1.00,1,99d1c7fab316,102,107,dataclass,adapted,2965,5
python,stream,message,100,85,dill,0.4.1,46142,6653,202,52795,21672.229205,150308.131670,18941.187612,10948,1.00,1,99d1c7fab316,194,193,dataclass,native,2966,6
python,stream,message,100,85,msgpack,1.2.1,1986,3160,124,5146,503524.672709,316455.696203,194325.689856,521,1.00,1,99d1c7fab316,124,121,dict,native,2967,7
python,stream,message,100,85,pickle,python-3.14.0,4200,2961,202,7161,238095.238095,337723.741979,139645.300936,4969,1.00,1,99d1c7fab316,194,193,dataclass,native,2968,8
python,stream,message,100,85,protobuf,7.35.1,1947,1807,50,3754,513610.683102,553403.431101,266382.525306,187,1.00,1,99d1c7fab316,71,59,message,adapted,2969,9
python,stream,message,100,85,msgspec,0.21.1,1502,1767,80,3269,665778.961385,565930.956423,305903.946161,351,1.00,1,99d1c7fab316,97,89,struct,native,2970,10
python,stream,message,100,85,avro,1.12.2,8053,5213,44,13266,124177.325220,191828.122003,75380.672396,1808,1.00,1,99d1c7fab316,64,53,dict,adapted,2971,11
python,stream,message,100,85,pydantic,2.13.4,5455,10458,168,15913,183318.056829,95620.577548,62841.701753,2329,1.00,1,99d1c7fab316,138,134,model,adapted,2972,12
python,stream,message,100,85,cbor2,6.1.3,7486,3725,124,11211,133582.687684,268456.375839,89198.109000,908,1.00,1,99d1c7fab316,122,123,dict,adapted,2973,13
python,stream,message,100,85,mashumaro,3.22,2327,3872,168,6199,429737.859905,258264.462810,161316.341345,5466,1.00,1,99d1c7fab316,138,134,dataclass,adapted,2974,14
python,stream,message,100,85,orjson,3.11.9,748,914,168,1662,1336898.395722,1094091.903720,601684.717208,5466,1.00,1,99d1c7fab316,138,134,dict,adapted,2975,15
python,stream,message,100,86,orjson,3.11.9,540,752,168,1292,1851851.851852,1329787.234043,773993.808050,5466,1.00,1,99d1c7fab316,138,134,dict,adapted,2976,0
python,stream,message,100,86,cbor2,6.1.3,4246,2494,124,6740,235515.779557,400962.309543,148367.952522,908,1.00,1,99d1c7fab316,122,123,dict,adapted,2977,1
python,stream,message,100,86,msgspec,0.21.1,1423,1619,80,3042,702740.688686,617665.225448,328731.097962,351,1.00,1,99d1c7fab316,97,89,struct,native,2978,2
python,stream,message,100,86,mashumaro,3.22,1265,2359,168,3624,790513.833992,423908.435778,275938.189845,5466,1.00,1,99d1c7fab316,138,134,dataclass,adapted,2979,3
python,stream,message,100,86,pickle,python-3.14.0,5486,5004,202,10490,182282.172803,199840.127898,95328.884652,4969,1.00,1,99d1c7fab316,194,193,dataclass,native,2980,4
python,stream,message,100,86,pydantic,2.13.4,3920,8349,168,12269,255102.040816,119774.823332,81506.235227,2329,1.00,1,99d1c7fab316,138,134,model,adapted,2981,5
python,stream,message,100,86,cloudpickle,3.1.2,12339,8423,202,20762,81043.844720,118722.545411,48164.916675,8946,1.00,1,99d1c7fab316,194,193,dataclass,native,2982,6
python,stream,message,100,86,serpyco-rs,1.21.0,2194,2479,168,4673,455788.514129,403388.463090,213995.292104,5466,1.00,1,99d1c7fab316,138,134,dataclass,adapted,2983,7
python,stream,message,100,86,dill,0.4.1,53889,7826,202,61715,18556.662770,127779.197547,16203.516163,10948,1.00,1,99d1c7fab316,194,193,dataclass,native,2984,8
python,stream,message,100,86,rapidjson,1.23,4452,4477,168,8929,224618.149146,223363.859727,111994.624258,1492,1.00,1,99d1c7fab316,138,134,dict,adapted,2985,9
python,stream,message,100,86,avro,1.12.2,8854,5410,44,14264,112943.302462,184842.883549,70106.561974,1808,1.00,1,99d1c7fab316,64,53,dict,adapted,2986,10
python,stream,message,100,86,flatbuffers,25.12.19,29833,8253,104,38086,33519.927597,121168.060099,26256.367169,1162,1.00,1,99d1c7fab316,102,107,dataclass,adapted,2987,11
python,stream,message,100,86,protobuf,7.35.1,1997,2007,50,4004,500751.126690,498256.103637,249750.249750,187,1.00,1,99d1c7fab316,71,59,message,adapted,2988,12
python,stream,message,100,86,msgspec-msgpack,0.21.1,1635,1686,52,3321,611620.795107,593119.810202,301114.122252,312,1.00,1,99d1c7fab316,72,61,struct,native,2989,13
python,stream,message,100,86,msgpack,1.2.1,2301,3632,124,5933,434593.654933,275330.396476,168548.794876,521,1.00,1,99d1c7fab316,124,121,dict,native,2990,14
python,stream,message,100,86,json,python-3.14.0,8794,5652,168,14446,113713.895838,176928.520878,69223.314412,2329,1.00,1,99d1c7fab316,138,134,dict,adapted,2991,15
python,stream,message,100,87,json,python-3.14.0,5564,3584,168,9148,179726.815241,279017.857143,109313.511150,2329,1.00,1,99d1c7fab316,138,134,dict,adapted,2992,0
python,stream,message,100,87,mashumaro,3.22,1660,3137,168,4797,602409.638554,318775.900542,208463.623098,5466,1.00,1,99d1c7fab316,138,134,dataclass,adapted,2993,1
python,stream,message,100,87,serpyco-rs,1.21.0,1764,2201,168,3965,566893.424036,454338.936847,252206.809584,5466,1.00,1,99d1c7fab316,138,134,dataclass,adapted,2994,2
python,stream,message,100,87,msgspec,0.21.1,1391,1607,80,2998,718907.260963,622277.535781,333555.703803,351,1.00,1,99d1c7fab316,97,89,struct,native,2995,3
python,stream,message,100,87,avro,1.12.2,7491,4620,44,12111,133493.525564,216450.216450,82569.564858,1808,1.00,1,99d1c7fab316,64,53,dict,adapted,2996,4
python,stream,message,100,87,dill,0.4.1,50567,8235,202,58802,19775.743074,121432.908318,17006.224278,10948,1.00,1,99d1c7fab316,194,193,dataclass,native,2997,5
python,stream,message,100,87,flatbuffers,25.12.19,28031,7990,104,36021,35674.788627,125156.445557,27761.583521,1162,1.00,1,99d1c7fab316,102,107,dataclass,adapted,2998,6
python,stream,message,100,87,orjson,3.11.9,1025,1496,168,2521,975609.756098,668449.197861,396667.988893,5466,1.00,1,99d1c7fab316,138,134,dict,adapted,2999,7
python,stream,message,100,87,pydantic,2.13.4,5018,9004,168,14022,199282.582702,111061.750333,71316.502639,2329,1.00,1,99d1c7fab316,138,134,model,adapted,3000,8
python,stream,message,100,87,msgpack,1.2.1,2157,3282,124,5439,463606.861382,304692.260817,183857.326714,521,1.00,1,99d1c7fab316,124,121,dict,native,3001,9
python,stream,message,100,87,cbor2,6.1.3,6934,3948,124,10882,144216.902221,253292.806484,91894.872266,908,1.00,1,99d1c7fab316,122,123,dict,adapted,3002,10
python,stream,message,100,87,msgspec-msgpack,0.21.1,1503,1695,52,3198,665335.994677,589970.501475,312695.434647,312,1.00,1,99d1c7fab316,72,61,struct,native,3003,11
python,stream,message,100,87,pickle,python-3.14.0,5886,4267,202,10153,169894.665308,234356.690884,98493.056240,4969,1.00,1,99d1c7fab316,194,193,dataclass,native,3004,12
python,stream,message,100,87,protobuf,7.35.1,1849,1912,50,3761,540832.882639,523012.552301,265886.732252,187,1.00,1,99d1c7fab316,71,59,message,adapted,3005,13
python,stream,message,100,87,cloudpickle,3.1.2,12262,3638,202,15900,81552.764639,274876.305662,62893.081761,8946,1.00,1,99d1c7fab316,194,193,dataclass,native,3006,14
python,stream,message,100,87,rapidjson,1.23,4697,4341,168,9038,212901.852246,230361.667818,110643.947776,1492,1.00,1,99d1c7fab316,138,134,dict,adapted,3007,15
python,stream,message,100,88,cbor2,6.1.3,5574,3124,124,8698,179404.377467,320102.432778,114968.958381,908,1.00,1,99d1c7fab316,122,123,dict,adapted,3008,0
python,stream,message,100,88,avro,1.12.2,8636,5082,44,13718,115794.349236,196772.924046,72896.923750,1808,1.00,1,99d1c7fab316,64,53,dict,adapted,3009,1
python,stream,message,100,88,flatbuffers,25.12.19,27503,7860,104,35363,36359.669854,127226.463104,28278.143823,1162,1.00,1,99d1c7fab316,102,107,dataclass,adapted,3010,2
python,stream,message,100,88,serpyco-rs,1.21.0,2590,3088,168,5678,386100.386100,323834.196891,176118.351532,5466,1.00,1,99d1c7fab316,138,134,dataclass,adapted,3011,3
python,stream,message,100,88,protobuf,7.35.1,1580,1671,50,3251,632911.392405,598444.045482,307597.662258,187,1.00,1,99d1c7fab316,71,59,message,adapted,3012,4
python,stream,message,100,88,orjson,3.11.9,1056,1240,168,2296,946969.696970,806451.612903,435540.069686,5466,1.00,1,99d1c7fab316,138,134,dict,adapted,3013,5
python,stream,message,100,88,mashumaro,3.22,1460,2640,168,4100,684931.506849,378787.878788,243902.439024,5466,1.00,1,99d1c7fab316,138,134,dataclass,adapted,3014,6
python,stream,message,100,88,pickle,python-3.14.0,4623,4257,202,8880,216309.755570,234907.211651,112612.612613,4969,1.00,1,99d1c7fab316,194,193,dataclass,native,3015,7
python,stream,message,100,88,msgspec-msgpack,0.21.1,1588,1667,52,3255,629722.921914,599880.023995,307219.662058,312,1.00,1,99d1c7fab316,72,61,struct,native,3016,8
python,stream,message,100,88,cloudpickle,3.1.2,10601,2763,202,13364,94330.723517,361925.443359,74827.895840,8946,1.00,1,99d1c7fab316,194,193,dataclass,native,3017,9
python,stream,message,100,88,msgpack,1.2.1,1943,3172,124,5115,514668.039115,315258.511980,195503.421310,521,1.00,1,99d1c7fab316,124,121,dict,native,3018,10
python,stream,message,100,88,msgspec,0.21.1,1766,1842,80,3608,566251.415629,542888.165038,277161.862528,351,1.00,1,99d1c7fab316,97,89,struct,native,3019,11
python,stream,message,100,88,pydantic,2.13.4,5097,9687,168,14784,196193.839513,103231.134510,67640.692641,2329,1.00,1,99d1c7fab316,138,134,model,adapted,3020,12
python,stream,message,100,88,json,python-3.14.0,8394,3746,168,12140,119132.713843,266951.414842,82372.322900,2329,1.00,1,99d1c7fab316,138,134,dict,adapted,3021,13
python,stream,message,100,88,rapidjson,1.23,3809,3750,168,7559,262536.098714,266666.666667,132292.631300,1492,1.00,1,99d1c7fab316,138,134,dict,adapted,3022,14
python,stream,message,100,88,dill,0.4.1,53595,7956,202,61551,18658.456946,125691.302162,16246.689737,10948,1.00,1,99d1c7fab316,194,193,dataclass,native,3023,15
python,stream,message,100,89,orjson,3.11.9,1081,1620,168,2701,925069.380204,617283.950617,370233.246946,5466,1.00,1,99d1c7fab316,138,134,dict,adapted,3024,0
python,stream,message,100,89,pickle,python-3.14.0,4975,3736,202,8711,201005.025126,267665.952891,114797.382620,4969,1.00,1,99d1c7fab316,194,193,dataclass,native,3025,1
python,stream,message,100,89,msgpack,1.2.1,1760,2829,124,4589,568181.818182,353481.795688,217912.399216,521,1.00,1,99d1c7fab316,124,121,dict,native,3026,2
python,stream,message,100,89,cloudpickle,3.1.2,11168,2867,202,14035,89541.547278,348796.651552,71250.445315,8946,1.00,1,99d1c7fab316,194,193,dataclass,native,3027,3
python,stream,message,100,89,rapidjson,1.23,3675,3742,168,7417,272108.843537,267236.771780,134825.401106,1492,1.00,1,99d1c7fab316,138,134,dict,adapted,3028,4
python,stream,message,100,89,json,python-3.14.0,7330,5417,168,12747,136425.648022,184604.024368,78449.831333,2329,1.00,1,99d1c7fab316,138,134,dict,adapted,3029,5
python,stream,message,100,89,dill,0.4.1,45576,6511,202,52087,21941.372652,153586.238673,19198.648415,10948,1.00,1,99d1c7fab316,194,193,dataclass,native,3030,6
python,stream,message,100,89,mashumaro,3.22,1808,3249,168,5057,553097.345133,307787.011388,197745.699031,5466,1.00,1,99d1c7fab316,138,134,dataclass,adapted,3031,7
python,stream,message,100,89,flatbuffers,25.12.19,29337,8146,104,37483,34086.648260,122759.636631,26678.761038,1162,1.00,1,99d1c7fab316,102,107,dataclass,adapted,3032,8
python,stream,message,100,89,cbor2,6.1.3,7382,3886,124,11268,135464.643728,257334.019557,88746.893859,908,1.00,1,99d1c7fab316,122,123,dict,adapted,3033,9
python,stream,message,100,89,protobuf,7.35.1,1881,2003,50,3884,531632.110579,499251.123315,257466.529351,187,1.00,1,99d1c7fab316,71,59,message,adapted,3034,10
python,stream,message,100,89,msgspec,0.21.1,1889,2007,80,3896,529380.624669,498256.103637,256673.511294,351,1.00,1,99d1c7fab316,97,89,struct,native,3035,11
python,stream,message,100,89,avro,1.12.2,9837,5661,44,15498,101657.009251,176647.235471,64524.454768,1808,1.00,1,99d1c7fab316,64,53,dict,adapted,3036,12
python,stream,message,100,89,serpyco-rs,1.21.0,2707,2778,168,5485,369412.633912,359971.202304,182315.405652,5466,1.00,1,99d1c7fab316,138,134,dataclass,adapted,3037,13
python,stream,message,100,89,pydantic,2.13.4,5957,10914,168,16871,167869.733087,91625.435221,59273.309229,2329,1.00,1,99d1c7fab316,138,134,model,adapted,3038,14
python,stream,message,100,89,msgspec-msgpack,0.21.1,1500,1585,52,3085,666666.666667,630914.826498,324149.108590,312,1.00,1,99d1c7fab316,72,61,struct,native,3039,15
python,stream,message,100,90,rapidjson,1.23,3952,3966,168,7918,253036.437247,252143.217347,126294.518818,1492,1.00,1,99d1c7fab316,138,134,dict,adapted,3040,0
python,stream,message,100,90,protobuf,7.35.1,1504,1575,50,3079,664893.617021,634920.634921,324780.772978,187,1.00,1,99d1c7fab316,71,59,message,adapted,3041,1
python,stream,message,100,90,flatbuffers,25.12.19,27618,7530,104,35148,36208.269969,132802.124834,28451.120974,1162,1.00,1,99d1c7fab316,102,107,dataclass,adapted,3042,2
python,stream,message,100,90,msgpack,1.2.1,1941,3787,124,5728,515198.351365,264061.262213,174581.005587,521,1.00,1,99d1c7fab316,124,121,dict,native,3043,3
python,stream,message,100,90,serpyco-rs,1.21.0,1854,2490,168,4344,539374.325782,401606.425703,230202.578269,5466,1.00,1,99d1c7fab316,138,134,dataclass,adapted,3044,4
python,stream,message,100,90,cbor2,6.1.3,7676,3622,124,11298,130276.185513,276090.557703,88511.240928,908,1.00,1,99d1c7fab316,122,123,dict,adapted,3045,5
python,stream,message,100,90,dill,0.4.1,51757,8897,202,60654,19321.058021,112397.437338,16486.958816,10948,1.00,1,99d1c7fab316,194,193,dataclass,native,3046,6
python,stream,message,100,90,json,python-3.14.0,8228,6226,168,14454,121536.217793,160616.768391,69185.000692,2329,1.00,1,99d1c7fab316,138,134,dict,adapted,3047,7
python,stream,message,100,90,mashumaro,3.22,1723,3464,168,5187,580383.052815,288683.602771,192789.666474,5466,1.00,1,99d1c7fab316,138,134,dataclass,adapted,3048,8
python,stream,message,100,90,msgspec,0.21.1,1661,2287,80,3948,602046.959663,437254.044600,253292.806484,351,1.00,1,99d1c7fab316,97,89,struct,native,3049,9
python,stream,message,100,90,msgspec-msgpack,0.21.1,1210,1210,52,2420,826446.280992,826446.280992,413223.140496,312,1.00,1,99d1c7fab316,72,61,struct,native,3050,10
python,stream,message,100,90,pickle,python-3.14.0,5334,3622,202,8956,187476.565429,276090.557703,111656.989728,4969,1.00,1,99d1c7fab316,194,193,dataclass,native,3051,11
python,stream,message,100,90,orjson,3.11.9,842,1291,168,2133,1187648.456057,774593.338497,468823.253633,5466,1.00,1,99d1c7fab316,138,134,dict,adapted,3052,12
python,stream,message,100,90,cloudpickle,3.1.2,13034,3281,202,16315,76722.418291,304785.126486,61293.288385,8946,1.00,1,99d1c7fab316,194,193,dataclass,native,3053,13
python,stream,message,100,90,avro,1.12.2,9210,5539,44,14749,108577.633008,180538.003250,67801.206861,1808,1.00,1,99d1c7fab316,64,53,dict,adapted,3054,14
python,stream,message,100,90,pydantic,2.13.4,6047,9672,168,15719,165371.258475,103391.232423,63617.278453,2329,1.00,1,99d1c7fab316,138,134,model,adapted,3055,15
python,stream,message,100,91,cbor2,6.1.3,7254,3427,124,10681,137854.976565,291800.408521,93624.192491,908,1.00,1,99d1c7fab316,122,123,dict,adapted,3056,0
python,stream,message,100,91,mashumaro,3.22,1811,2775,168,4586,552181.115406,360360.360360,218054.949847,5466,1.00,1,99d1c7fab316,138,134,dataclass,adapted,3057,1
python,stream,message,100,91,json,python-3.14.0,7125,4154,168,11279,140350.877193,240731.824747,88660.342229,2329,1.00,1,99d1c7fab316,138,134,dict,adapted,3058,2
python,stream,message,100,91,dill,0.4.1,46485,7053,202,53538,21512.315801,141783.638168,18678.321940,10948,1.00,1,99d1c7fab316,194,193,dataclass,native,3059,3
python,stream,message,100,91,pydantic,2.13.4,4126,14786,168,18912,242365.487155,67631.543352,52876.480541,2329,1.00,1,99d1c7fab316,138,134,model,adapted,3060,4
python,stream,message,100,91,msgspec,0.21.1,1543,1944,80,3487,648088.139987,514403.292181,286779.466590,351,1.00,1,99d1c7fab316,97,89,struct,native,3061,5
python,stream,message,100,91,serpyco-rs,1.21.0,2172,2326,168,4498,460405.156538,429922.613929,222321.031570,5466,1.00,1,99d1c7fab316,138,134,dataclass,adapted,3062,6
python,stream,message,100,91,msgspec-msgpack,0.21.1,1199,1360,52,2559,834028.356964,735294.117647,390777.647519,312,1.00,1,99d1c7fab316,72,61,struct,native,3063,7
python,stream,message,100,91,pickle,python-3.14.0,4573,3571,202,8144,218674.830527,280033.604032,122789.783890,4969,1.00,1,99d1c7fab316,194,193,dataclass,native,3064,8
python,stream,message,100,91,protobuf,7.35.1,2166,2341,50,4507,461680.517082,427167.876976,221877.080098,187,1.00,1,99d1c7fab316,71,59,message,adapted,3065,9
python,stream,message,100,91,avro,1.12.2,8178,5632,44,13810,122279.285889,177556.818182,72411.296162,1808,1.00,1,99d1c7fab316,64,53,dict,adapted,3066,10
python,stream,message,100,91,orjson,3.11.9,1143,1475,168,2618,874890.638670,677966.101695,381970.970206,5466,1.00,1,99d1c7fab316,138,134,dict,adapted,3067,11
python,stream,message,100,91,flatbuffers,25.12.19,29424,8235,104,37659,33985.861881,121432.908318,26554.077379,1162,1.00,1,99d1c7fab316,102,107,dataclass,adapted,3068,12
python,stream,message,100,91,msgpack,1.2.1,2424,3770,124,6194,412541.254125,265251.989390,161446.561188,521,1.00,1,99d1c7fab316,124,121,dict,native,3069,13
python,stream,message,100,91,cloudpickle,3.1.2,13609,4986,202,18595,73480.784775,200561.572403,53777.897284,8946,1.00,1,99d1c7fab316,194,193,dataclass,native,3070,14
python,stream,message,100,91,rapidjson,1.23,5899,5088,168,10987,169520.257671,196540.880503,91016.656048,1492,1.00,1,99d1c7fab316,138,134,dict,adapted,3071,15
python,stream,message,100,92,msgpack,1.2.1,1351,2372,124,3723,740192.450037,421585.160202,268600.590921,521,1.00,1,99d1c7fab316,124,121,dict,native,3072,0
python,stream,message,100,92,avro,1.12.2,6726,4253,44,10979,148676.776687,235128.144839,91082.976592,1808,1.00,1,99d1c7fab316,64,53,dict,adapted,3073,1
python,stream,message,100,92,pickle,python-3.14.0,4693,3805,202,8498,213083.315576,262812.089356,117674.746999,4969,1.00,1,99d1c7fab316,194,193,dataclass,native,3074,2
python,stream,message,100,92,rapidjson,1.23,3002,2945,168,5947,333111.259161,339558.573854,168152.009417,1492,1.00,1,99d1c7fab316,138,134,dict,adapted,3075,3
python,stream,message,100,92,flatbuffers,25.12.19,24045,7047,104,31092,41588.687877,141904.356464,32162.614177,1162,1.00,1,99d1c7fab316,102,107,dataclass,adapted,3076,4
python,stream,message,100,92,mashumaro,3.22,1864,3343,168,5207,536480.686695,299132.515704,192049.164586,5466,1.00,1,99d1c7fab316,138,134,dataclass,adapted,3077,5
python,stream,message,100,92,msgspec-msgpack,0.21.1,1520,1744,52,3264,657894.736842,573394.495413,306372.549020,312,1.00,1,99d1c7fab316,72,61,struct,native,3078,6
python,stream,message,100,92,dill,0.4.1,54375,8273,202,62648,18390.804598,120875.135985,15962.201507,10948,1.00,1,99d1c7fab316,194,193,dataclass,native,3079,7
python,stream,message,100,92,serpyco-rs,1.21.0,2253,2512,168,4765,443852.640923,398089.171975,209863.588667,5466,1.00,1,99d1c7fab316,138,134,dataclass,adapted,3080,8
python,stream,message,100,92,msgspec,0.21.1,1737,2063,80,3800,575705.238918,484730.974309,263157.894737,351,1.00,1,99d1c7fab316,97,89,struct,native,3081,9
python,stream,message,100,92,cbor2,6.1.3,7879,4088,124,11967,126919.659855,244618.395303,83563.131946,908,1.00,1,99d1c7fab316,122,123,dict,adapted,3082,10
python,stream,message,100,92,cloudpickle,3.1.2,11689,3611,202,15300,85550.517581,276931.597895,65359.477124,8946,1.00,1,99d1c7fab316,194,193,dataclass,native,3083,11
python,stream,message,100,92,orjson,3.11.9,981,1385,168,2366,1019367.991845,722021.660650,422654.268808,5466,1.00,1,99d1c7fab316,138,134,dict,adapted,3084,12
python,stream,message,100,92,json,python-3.14.0,9672,7764,168,17436,103391.232423,128799.587841,57352.603808,2329,1.00,1,99d1c7fab316,138,134,dict,adapted,3085,13
python,stream,message,100,92,protobuf,7.35.1,1831,2108,50,3939,546149.645003,474383.301708,253871.541000,187,1.00,1,99d1c7fab316,71,59,message,adapted,3086,14
python,stream,message,100,92,pydantic,2.13.4,6285,10486,168,16771,159108.989658,95365.248903,59626.736629,2329,1.00,1,99d1c7fab316,138,134,model,adapted,3087,15
python,stream,message,100,93,msgspec-msgpack,0.21.1,1287,1748,52,3035,777000.777001,572082.379863,329489.291598,312,1.00,1,99d1c7fab316,72,61,struct,native,3088,0
python,stream,message,100,93,pickle,python-3.14.0,5023,4882,202,9905,199084.212622,204834.084392,100959.111560,4969,1.00,1,99d1c7fab316,194,193,dataclass,native,3089,1
python,stream,message,100,93,rapidjson,1.23,3724,3791,168,7515,268528.464017,263782.643102,133067.198935,1492,1.00,1,99d1c7fab316,138,134,dict,adapted,3090,2
python,stream,message,100,93,serpyco-rs,1.21.0,1970,2330,168,4300,507614.213198,429184.549356,232558.139535,5466,1.00,1,99d1c7fab316,138,134,dataclass,adapted,3091,3
python,stream,message,100,93,flatbuffers,25.12.19,26656,8084,104,34740,37515.006002,123701.138050,28785.261946,1162,1.00,1,99d1c7fab316,102,107,dataclass,adapted,3092,4
python,stream,message,100,93,mashumaro,3.22,1471,2967,168,4438,679809.653297,337040.781935,225326.723749,5466,1.00,1,99d1c7fab316,138,134,dataclass,adapted,3093,5
python,stream,message,100,93,msgpack,1.2.1,2007,3265,124,5272,498256.103637,306278.713629,189681.335357,521,1.00,1,99d1c7fab316,124,121,dict,native,3094,6
python,stream,message,100,93,cbor2,6.1.3,7224,3763,124,10987,138427.464009,265745.415892,91016.656048,908,1.00,1,99d1c7fab316,122,123,dict,adapted,3095,7
python,stream,message,100,93,msgspec,0.21.1,1615,1928,80,3543,619195.046440,518672.199170,282246.683601,351,1.00,1,99d1c7fab316,97,89,struct,native,3096,8
python,stream,message,100,93,orjson,3.11.9,1034,1198,168,2232,967117.988395,834724.540902,448028.673835,5466,1.00,1,99d1c7fab316,138,134,dict,adapted,3097,9
python,stream,message,100,93,avro,1.12.2,8225,4916,44,13141,121580.547112,203417.412531,76097.709459,1808,1.00,1,99d1c7fab316,64,53,dict,adapted,3098,10
python,stream,message,100,93,dill,0.4.1,53083,8055,202,61138,18838.422847,124146.492862,16356.439530,10948,1.00,1,99d1c7fab316,194,193,dataclass,native,3099,11
python,stream,message,100,93,json,python-3.14.0,8860,6143,168,15003,112866.817156,162786.911932,66653.335999,2329,1.00,1,99d1c7fab316,138,134,dict,adapted,3100,12
python,stream,message,100,93,protobuf,7.35.1,1861,1940,50,3801,537345.513165,515463.917526,263088.660879,187,1.00,1,99d1c7fab316,71,59,message,adapted,3101,13
python,stream,message,100,93,cloudpickle,3.1.2,12233,3965,202,16198,81746.096624,252206.809584,61736.016792,8946,1.00,1,99d1c7fab316,194,193,dataclass,native,3102,14
python,stream,message,100,93,pydantic,2.13.4,5481,9819,168,15300,182448.458311,101843.364905,65359.477124,2329,1.00,1,99d1c7fab316,138,134,model,adapted,3103,15
python,stream,message,100,94,msgpack,1.2.1,1823,3217,124,5040,548546.352167,310848.616724,198412.698413,521,1.00,1,99d1c7fab316,124,121,dict,native,3104,0
python,stream,message,100,94,dill,0.4.1,48877,7765,202,56642,20459.520838,128783.000644,17654.743830,10948,1.00,1,99d1c7fab316,194,193,dataclass,native,3105,1
python,stream,message,100,94,msgspec,0.21.1,1540,1770,80,3310,649350.649351,564971.751412,302114.803625,351,1.00,1,99d1c7fab316,97,89,struct,native,3106,2
python,stream,message,100,94,protobuf,7.35.1,1406,1576,50,2982,711237.553343,634517.766497,335345.405768,187,1.00,1,99d1c7fab316,71,59,message,adapted,3107,3
python,stream,message,100,94,msgspec-msgpack,0.21.1,1266,1221,52,2487,789889.415482,819000.819001,402090.872537,312,1.00,1,99d1c7fab316,72,61,struct,native,3108,4
python,stream,message,100,94,rapidjson,1.23,4076,4470,168,8546,245338.567223,223713.646532,117013.807629,1492,1.00,1,99d1c7fab316,138,134,dict,adapted,3109,5
python,stream,message,100,94,cbor2,6.1.3,7057,3651,124,10708,141703.273346,273897.562312,93388.121031,908,1.00,1,99d1c7fab316,122,123,dict,adapted,3110,6
python,stream,message,100,94,mashumaro,3.22,2359,3742,168,6101,423908.435778,267236.771780,163907.556138,5466,1.00,1,99d1c7fab316,138,134,dataclass,adapted,3111,7
python,stream,message,100,94,orjson,3.11.9,998,1105,168,2103,1002004.008016,904977.375566,475511.174513,5466,1.00,1,99d1c7fab316,138,134,dict,adapted,3112,8
python,stream,message,100,94,flatbuffers,25.12.19,29180,7956,104,37136,34270.047978,125691.302162,26928.048255,1162,1.00,1,99d1c7fab316,102,107,dataclass,adapted,3113,9
python,stream,message,100,94,avro,1.12.2,8432,5229,44,13661,118595.825427,191241.155097,73201.083376,1808,1.00,1,99d1c7fab316,64,53,dict,adapted,3114,10
python,stream,message,100,94,json,python-3.14.0,8432,6428,168,14860,118595.825427,155569.383945,67294.751009,2329,1.00,1,99d1c7fab316,138,134,dict,adapted,3115,11
python,stream,message,100,94,pydantic,2.13.4,5052,7787,168,12839,197941.409343,128419.160139,77887.685957,2329,1.00,1,99d1c7fab316,138,134,model,adapted,3116,12
python,stream,message,100,94,serpyco-rs,1.21.0,2087,2675,168,4762,479156.684236,373831.775701,209995.800084,5466,1.00,1,99d1c7fab316,138,134,dataclass,adapted,3117,13
python,stream,message,100,94,pickle,python-3.14.0,6125,4997,202,11122,163265.306122,200120.072043,89911.886351,4969,1.00,1,99d1c7fab316,194,193,dataclass,native,3118,14
python,stream,message,100,94,cloudpickle,3.1.2,11838,2996,202,14834,84473.728670,333778.371162,67412.700553,8946,1.00,1,99d1c7fab316,194,193,dataclass,native,3119,15
python,stream,message,100,95,dill,0.4.1,48187,6935,202,55122,20752.485110,144196.106705,18141.576866,10948,1.00,1,99d1c7fab316,194,193,dataclass,native,3120,0
python,stream,message,100,95,rapidjson,1.23,3771,3988,168,7759,265181.649430,250752.256770,128882.587962,1492,1.00,1,99d1c7fab316,138,134,dict,adapted,3121,1
python,stream,message,100,95,pickle,python-3.14.0,4033,2962,202,6995,247954.376395,337609.723160,142959.256612,4969,1.00,1,99d1c7fab316,194,193,dataclass,native,3122,2
python,stream,message,100,95,msgspec-msgpack,0.21.1,1522,1624,52,3146,657030.223390,615763.546798,317863.954228,312,1.00,1,99d1c7fab316,72,61,struct,native,3123,3
python,stream,message,100,95,msgspec,0.21.1,1362,1611,80,2973,734214.390602,620732.464308,336360.578540,351,1.00,1,99d1c7fab316,97,89,struct,native,3124,4
python,stream,message,100,95,msgpack,1.2.1,2002,3296,124,5298,499500.499500,303398.058252,188750.471876,521,1.00,1,99d1c7fab316,124,121,dict,native,3125,5
python,stream,message,100,95,cloudpickle,3.1.2,10032,3085,202,13117,99681.020734,324149.108590,76236.944423,8946,1.00,1,99d1c7fab316,194,193,dataclass,native,3126,6
python,stream,message,100,95,flatbuffers,25.12.19,26786,7680,104,34466,37332.935115,130208.333333,29014.100853,1162,1.00,1,99d1c7fab316,102,107,dataclass,adapted,3127,7
python,stream,message,100,95,pydantic,2.13.4,4697,9719,168,14416,212901.852246,102891.243955,69367.369589,2329,1.00,1,99d1c7fab316,138,134,model,adapted,3128,8
python,stream,message,100,95,cbor2,6.1.3,7136,3579,124,10715,140134.529148,279407.655770,93327.111526,908,1.00,1,99d1c7fab316,122,123,dict,adapted,3129,9
python,stream,message,100,95,json,python-3.14.0,7820,4405,168,12225,127877.237852,227014.755959,81799.591002,2329,1.00,1,99d1c7fab316,138,134,dict,adapted,3130,10
python,stream,message,100,95,protobuf,7.35.1,1709,1805,50,3514,585137.507314,554016.620499,284575.981787,187,1.00,1,99d1c7fab316,71,59,message,adapted,3131,11
python,stream,message,100,95,mashumaro,3.22,1907,3558,168,5465,524383.848977,281056.773468,182982.616651,5466,1.00,1,99d1c7fab316,138,134,dataclass,adapted,3132,12
python,stream,message,100,95,orjson,3.11.9,813,1114,168,1927,1230012.300123,897666.068223,518941.359626,5466,1.00,1,99d1c7fab316,138,134,dict,adapted,3133,13
python,stream,message,100,95,avro,1.12.2,8336,5302,44,13638,119961.612284,188608.072425,73324.534389,1808,1.00,1,99d1c7fab316,64,53,dict,adapted,3134,14
python,stream,message,100,95,serpyco-rs,1.21.0,1917,2088,168,4005,521648.408972,478927.203065,249687.890137,5466,1.00,1,99d1c7fab316,138,134,dataclass,adapted,3135,15
python,stream,message,100,96,mashumaro,3.22,1220,2132,168,3352,819672.131148,469043.151970,298329.355609,5466,1.00,1,99d1c7fab316,138,134,dataclass,adapted,3136,0
python,stream,message,100,96,avro,1.12.2,4852,3311,44,8163,206100.577082,302023.557838,122503.981379,1808,1.00,1,99d1c7fab316,64,53,dict,adapted,3137,1
python,stream,message,100,96,json,python-3.14.0,6390,4382,168,10772,156494.522692,228206.298494,92833.271444,2329,1.00,1,99d1c7fab316,138,134,dict,adapted,3138,2
python,stream,message,100,96,cbor2,6.1.3,5431,2963,124,8394,184128.153195,337495.781303,119132.713843,908,1.00,1,99d1c7fab316,122,123,dict,adapted,3139,3
python,stream,message,100,96,pydantic,2.13.4,4238,7064,168,11302,235960.358660,141562.853907,88479.915059,2329,1.00,1,99d1c7fab316,138,134,model,adapted,3140,4
python,stream,message,100,96,serpyco-rs,1.21.0,1568,1867,168,3435,637755.102041,535618.639529,291120.815138,5466,1.00,1,99d1c7fab316,138,134,dataclass,adapted,3141,5
python,stream,message,100,96,rapidjson,1.23,3505,3746,168,7251,285306.704708,266951.414842,137912.012136,1492,1.00,1,99d1c7fab316,138,134,dict,adapted,3142,6
python,stream,message,100,96,flatbuffers,25.12.19,26263,11536,104,37799,38076.381221,86685.159501,26455.726342,1162,1.00,1,99d1c7fab316,102,107,dataclass,adapted,3143,7
python,stream,message,100,96,protobuf,7.35.1,1584,1623,50,3207,631313.131313,616142.945163,311817.898347,187,1.00,1,99d1c7fab316,71,59,message,adapted,3144,8
python,stream,message,100,96,cloudpickle,3.1.2,11934,4842,202,16776,83794.201441,206526.228831,59608.965188,8946,1.00,1,99d1c7fab316,194,193,dataclass,native,3145,9
python,stream,message,100,96,msgspec-msgpack,0.21.1,1517,1766,52,3283,659195.781147,566251.415629,304599.451721,312,1.00,1,99d1c7fab316,72,61,struct,native,3146,10
python,stream,message,100,96,msgpack,1.2.1,1814,3140,124,4954,551267.916207,318471.337580,201857.085184,521,1.00,1,99d1c7fab316,124,121,dict,native,3147,11
python,stream,message,100,96,msgspec,0.21.1,1402,1707,80,3109,713266.761769,585823.081429,321646.831779,351,1.00,1,99d1c7fab316,97,89,struct,native,3148,12
python,stream,message,100,96,dill,0.4.1,49168,7430,202,56598,20338.431500,134589.502019,17668.468850,10948,1.00,1,99d1c7fab316,194,193,dataclass,native,3149,13
python,stream,message,100,96,orjson,3.11.9,1122,1713,168,2835,891265.597148,583771.161705,352733.686067,5466,1.00,1,99d1c7fab316,138,134,dict,adapted,3150,14
python,stream,message,100,96,pickle,python-3.14.0,4761,3327,202,8088,210039.907582,300571.085062,123639.960435,4969,1.00,1,99d1c7fab316,194,193,dataclass,native,3151,15
python,stream,message,100,97,pickle,python-3.14.0,3212,2410,202,5622,311332.503113,414937.759336,177872.643187,4969,1.00,1,99d1c7fab316,194,193,dataclass,native,3152,0
python,stream,message,100,97,serpyco-rs,1.21.0,1876,2160,168,4036,533049.040512,462962.962963,247770.069376,5466,1.00,1,99d1c7fab316,138,134,dataclass,adapted,3153,1
python,stream,message,100,97,avro,1.12.2,8318,5289,44,13607,120221.207021,189071.658158,73491.585213,1808,1.00,1,99d1c7fab316,64,53,dict,adapted,3154,2
python,stream,message,100,97,flatbuffers,25.12.19,28276,7617,104,35893,35365.681143,131285.282920,27860.585630,1162,1.00,1,99d1c7fab316,102,107,dataclass,adapted,3155,3
python,stream,message,100,97,json,python-3.14.0,8510,6512,168,15022,117508.813161,153562.653563,66569.032086,2329,1.00,1,99d1c7fab316,138,134,dict,adapted,3156,4
python,stream,message,100,97,cloudpickle,3.1.2,11588,3472,202,15060,86296.168450,288018.433180,66401.062417,8946,1.00,1,99d1c7fab316,194,193,dataclass,native,3157,5
python,stream,message,100,97,mashumaro,3.22,1539,3138,168,4677,649772.579597,318674.314850,213812.272824,5466,1.00,1,99d1c7fab316,138,134,dataclass,adapted,3158,6
python,stream,message,100,97,msgspec-msgpack,0.21.1,1402,1447,52,2849,713266.761769,691085.003455,351000.351000,312,1.00,1,99d1c7fab316,72,61,struct,native,3159,7
python,stream,message,100,97,protobuf,7.35.1,1779,1837,50,3616,562113.546936,544365.813827,276548.672566,187,1.00,1,99d1c7fab316,71,59,message,adapted,3160,8
python,stream,message,100,97,rapidjson,1.23,3806,4283,168,8089,262743.037310,233481.204763,123624.675485,1492,1.00,1,99d1c7fab316,138,134,dict,adapted,3161,9
python,stream,message,100,97,msgpack,1.2.1,1953,3197,124,5150,512032.770097,312793.243666,194174.757282,521,1.00,1,99d1c7fab316,124,121,dict,native,3162,10
python,stream,message,100,97,cbor2,6.1.3,7163,3743,124,10906,139606.310205,267165.375367,91692.646250,908,1.00,1,99d1c7fab316,122,123,dict,adapted,3163,11
python,stream,message,100,97,orjson,3.11.9,1023,1164,168,2187,977517.106549,859106.529210,457247.370828,5466,1.00,1,99d1c7fab316,138,134,dict,adapted,3164,12
python,stream,message,100,97,pydantic,2.13.4,5688,10071,168,15759,175808.720113,99295.005461,63455.803033,2329,1.00,1,99d1c7fab316,138,134,model,adapted,3165,13
python,stream,message,100,97,msgspec,0.21.1,1649,1855,80,3504,606428.138266,539083.557951,285388.127854,351,1.00,1,99d1c7fab316,97,89,struct,native,3166,14
python,stream,message,100,97,dill,0.4.1,49704,7283,202,56987,20119.105102,137306.055197,17547.861793,10948,1.00,1,99d1c7fab316,194,193,dataclass,native,3167,15
python,stream,message,100,98,dill,0.4.1,37294,5567,202,42861,26813.964713,179629.962278,23331.233522,10948,1.00,1,99d1c7fab316,194,193,dataclass,native,3168,0
python,stream,message,100,98,msgpack,1.2.1,1729,2749,124,4478,578368.999422,363768.643143,223313.979455,521,1.00,1,99d1c7fab316,124,121,dict,native,3169,1
python,stream,message,100,98,cbor2,6.1.3,12485,3338,124,15823,80096.115338,299580.587178,63199.140492,908,1.00,1,99d1c7fab316,122,123,dict,adapted,3170,2
python,stream,message,100,98,avro,1.12.2,8291,4966,44,13257,120612.712580,201369.311317,75431.847326,1808,1.00,1,99d1c7fab316,64,53,dict,adapted,3171,3
python,stream,message,100,98,mashumaro,3.22,1800,3143,168,4943,555555.555556,318167.356029,202306.291726,5466,1.00,1,99d1c7fab316,138,134,dataclass,adapted,3172,4
python,stream,message,100,98,serpyco-rs,1.21.0,1664,1950,168,3614,600961.538462,512820.512821,276701.715551,5466,1.00,1,99d1c7fab316,138,134,dataclass,adapted,3173,5
python,stream,message,100,98,msgspec,0.21.1,1461,1587,80,3048,684462.696783,630119.722747,328083.989501,351,1.00,1,99d1c7fab316,97,89,struct,native,3174,6
python,stream,message,100,98,orjson,3.11.9,773,868,168,1641,1293661.060802,1152073.732719,609384.521633,5466,1.00,1,99d1c7fab316,138,134,dict,adapted,3175,7
python,stream,message,100,98,rapidjson,1.23,3710,4061,168,7771,269541.778976,246244.767299,128683.567108,1492,1.00,1,99d1c7fab316,138,134,dict,adapted,3176,8
python,stream,message,100,98,pickle,python-3.14.0,4888,3890,202,8778,204582.651391,257069.408740,113921.166553,4969,1.00,1,99d1c7fab316,194,193,dataclass,native,3177,9
python,stream,message,100,98,pydantic,2.13.4,5018,9575,168,14593,199282.582702,104438.642298,68526.005619,2329,1.00,1,99d1c7fab316,138,134,model,adapted,3178,10
python,stream,message,100,98,msgspec-msgpack,0.21.1,1225,1548,52,2773,816326.530612,645994.832041,360620.266859,312,1.00,1,99d1c7fab316,72,61,struct,native,3179,11
python,stream,message,100,98,cloudpickle,3.1.2,11014,3335,202,14349,90793.535500,299850.074963,69691.267684,8946,1.00,1,99d1c7fab316,194,193,dataclass,native,3180,12
python,stream,message,100,98,flatbuffers,25.12.19,26710,7815,104,34525,37439.161363,127959.053103,28964.518465,1162,1.00,1,99d1c7fab316,102,107,dataclass,adapted,3181,13
python,stream,message,100,98,json,python-3.14.0,8201,4787,168,12988,121936.349226,208899.101734,76994.148445,2329,1.00,1,99d1c7fab316,138,134,dict,adapted,3182,14
python,stream,message,100,98,protobuf,7.35.1,1899,1952,50,3851,526592.943655,512295.081967,259672.812257,187,1.00,1,99d1c7fab316,71,59,message,adapted,3183,15
python,stream,message,100,99,json,python-3.14.0,6268,4171,168,10439,159540.523293,239750.659314,95794.616343,2329,1.00,1,99d1c7fab316,138,134,dict,adapted,3184,0
python,stream,message,100,99,flatbuffers,25.12.19,23289,6575,104,29864,42938.726437,152091.254753,33485.132601,1162,1.00,1,99d1c7fab316,102,107,dataclass,adapted,3185,1
python,stream,message,100,99,rapidjson,1.23,2949,3478,168,6427,339097.999322,287521.564117,155593.589544,1492,1.00,1,99d1c7fab316,138,134,dict,adapted,3186,2
python,stream,message,100,99,protobuf,7.35.1,1169,1326,50,2495,855431.993157,754147.812971,400801.603206,187,1.00,1,99d1c7fab316,71,59,message,adapted,3187,3
python,stream,message,100,99,msgpack,1.2.1,1879,3053,124,4932,532197.977648,327546.675401,202757.502028,521,1.00,1,99d1c7fab316,124,121,dict,native,3188,4
python,stream,message,100,99,pydantic,2.13.4,4074,8384,168,12458,245459.008346,119274.809160,80269.706213,2329,1.00,1,99d1c7fab316,138,134,model,adapted,3189,5
python,stream,message,100,99,mashumaro,3.22,1662,3333,168,4995,601684.717208,300030.003000,200200.200200,5466,1.00,1,99d1c7fab316,138,134,dataclass,adapted,3190,6
python,stream,message,100,99,orjson,3.11.9,718,805,168,1523,1392757.660167,1242236.024845,656598.818122,5466,1.00,1,99d1c7fab316,138,134,dict,adapted,3191,7
python,stream,message,100,99,cbor2,6.1.3,6784,3540,124,10324,147405.660377,282485.875706,96861.681519,908,1.00,1,99d1c7fab316,122,123,dict,adapted,3192,8
python,stream,message,100,99,msgspec-msgpack,0.21.1,1297,1608,52,2905,771010.023130,621890.547264,344234.079174,312,1.00,1,99d1c7fab316,72,61,struct,native,3193,9
python,stream,message,100,99,dill,0.4.1,46163,7395,202,53558,21662.370297,135226.504395,18671.346951,10948,1.00,1,99d1c7fab316,194,193,dataclass,native,3194,10
python,stream,message,100,99,avro,1.12.2,8298,5347,44,13645,120510.966498,187020.759304,73286.918285,1808,1.00,1,99d1c7fab316,64,53,dict,adapted,3195,11
python,stream,message,100,99,serpyco-rs,1.21.0,2060,2419,168,4479,485436.893204,413393.964448,223264.121456,5466,1.00,1,99d1c7fab316,138,134,dataclass,adapted,3196,12
python,stream,message,100,99,pickle,python-3.14.0,4780,3802,202,8582,209205.020921,263019.463440,116522.955022,4969,1.00,1,99d1c7fab316,194,193,dataclass,native,3197,13
python,stream,message,100,99,cloudpickle,3.1.2,11656,2567,202,14223,85792.724777,389559.797429,70308.654995,8946,1.00,1,99d1c7fab316,194,193,dataclass,native,3198,14
python,stream,message,100,99,msgspec,0.21.1,1672,1926,80,3598,598086.124402,519210.799585,277932.184547,351,1.00,1,99d1c7fab316,97,89,struct,native,3199,15
